"baseline_id","baseline_length_m","baseline_class","lst_stratum","lst_bin_id","lst_start","lst_end","beam_model","morphology","flux_jy","multiplicity","injection_mode","n_sat_visible","n_sat_ranked_visible","n_injected","selected_norad_ids","selected_peak_alts_deg","flag_fraction","pre_risk_score","metadata_beam_weighted_sat_exposure","metadata_null_mad_win_proxy","sat_peak_abs_jy_sum","sat_peak_abs_jy_max","sat_mean_abs_jy_sum","zero_coupling","seed","n_null","Z_PS_max","Z_PS_abs_integrated","PTE_global_max","PTE_global_absint","obs_max_bias","obs_abs_integrated","null_max_bias_p50","null_max_bias_p95","null_max_bias_p99","null_abs_integrated_p50","null_abs_integrated_p95","null_abs_integrated_p99","null_mad_win","Z_PS_bin_max","Z_PS_bin_p95","window_abs_bias_sum","window_signed_bias_sum","window_bg_abs_sum","relative_abs_bias","n_window_bins","kperp","kpar_min_window","kpar_max_window","tau_ns_min_window","tau_ns_max_window","null_global_stats_path","z_eff","X_mpc","Y_mpc_per_hz","nu_eff_hz","PS_gt_2","PS_gt_3","flag_exploratory","candidate_statistical","candidate_floor_1em08","candidate_floor_1em07","candidate_floor_1em06","candidate_floor_1em05","candidate_floor_1em04","metadata_n_sat_visible_center","metadata_n_sat_visible_any_bin","metadata_n_sat_visible_peak_bin","metadata_n_sat_peak_visible","metadata_beam_weighted_sat_exposure_center","metadata_beam_weighted_sat_exposure_bin_mean","metadata_max_sat_beam_response_center","metadata_max_sat_beam_response_bin","metadata_pre_risk_score_bin"
"0_1","14.60794900739243","short","quiet","17","2461041.6180555555","2461041.624878509","frozen_polybeam","smooth","30.0","single","coherent_ab","2","2","1","46168","83.229","0.1657111055107527","6.108540873789748e-10","0.0684687078802128","112086845.77031374","2.8244797714226975","2.8244797714226975","0.004177352526629006","False","20260622","100","0.5162555420652328","-0.3311188342224874","0.27722772277227725","0.6534653465346535","3905.6027009747922","106107.44900250586","3423.717138271779","5063.7114775765685","5135.587901112735","110101.25711061966","123458.59284942455","123625.49706451115","629.5861887857318","1.1871324523742628","1.0681934563781172","106107.44900250586","4667.374974256522","3315845847.160797","3.200011517222994e-05","1481","0.004558137949787341","-1.445965571882522","1.4440828042107998","-4095.9999999999995","4090.666666666666","C:\Users\kimeu\Downloads\starlink_pathB_wsl_package_v0_3_clean\starlink_pathB\outputs\coverage_null_global_stats\0_1_lst017_quiet_frozen_polybeam_smooth_S30_single.npz","9.10175923472585","9444.443085672718","1.7798436919007438e-05","140609741.2109375","False","False","False","False","False","False","False","False","False","0","2","2","2","0.0","0.0684687078802128","0.0","0.2805166207424566","6.108540873789748e-10"
"0_1","14.60794900739243","short","quiet","17","2461041.6180555555","2461041.624878509","frozen_polybeam","smooth","30.0","multi","coherent_ab","2","2","2","46168;47826","83.229;73.757","0.1657111055107527","6.108540873789748e-10","0.0684687078802128","112086845.77031374","2.888620790816975","2.8244797714226975","0.004794975418114177","False","20260639","100","0.21234554118490961","-0.8275099248701159","0.37623762376237624","0.7524752475247525","3906.5547252371907","106150.79494134543","3613.710041463375","5078.654956846684","5129.350426886082","114322.5456906902","123022.89462654734","124248.69881262108","930.1868646033108","1.0417452570659624","0.8512432219979505","106150.79494134543","4957.25870077255","3315845847.160797","3.201318753470924e-05","1481","0.004558137949787341","-1.445965571882522","1.4440828042107998","-4095.9999999999995","4090.666666666666","C:\Users\kimeu\Downloads\starlink_pathB_wsl_package_v0_3_clean\starlink_pathB\outputs\coverage_null_global_stats\0_1_lst017_quiet_frozen_polybeam_smooth_S30_multi.npz","9.10175923472585","9444.443085672718","1.7798436919007438e-05","140609741.2109375","False","False","False","False","False","False","False","False","False","0","2","2","2","0.0","0.0684687078802128","0.0","0.2805166207424566","6.108540873789748e-10"
"0_1","14.60794900739243","short","quiet","17","2461041.6180555555","2461041.624878509","frozen_polybeam","smooth","1000.0","single","coherent_ab","2","2","1","46168","83.229","0.1657111055107527","6.108540873789748e-10","0.0684687078802128","112086845.77031374","94.1493257140899","94.1493257140899","0.13924508422096682","False","20260656","100","1.1137332246773233","-1.2413034961662976","0.2871287128712871","0.801980198019802","129165.16162964329","3540021.470360944","95562.08319725096","168390.55199483075","169967.29753790886","3882823.047792634","4119703.430513669","4135508.8265733607","20350.44424501434","1.1060367490601704","1.0161064021658441","3540021.470360944","105227.6321368455","3315845847.160797","0.0010676073718541826","1481","0.004558137949787341","-1.445965571882522","1.4440828042107998","-4095.9999999999995","4090.666666666666","C:\Users\kimeu\Downloads\starlink_pathB_wsl_package_v0_3_clean\starlink_pathB\outputs\coverage_null_global_stats\0_1_lst017_quiet_frozen_polybeam_smooth_S1000_single.npz","9.10175923472585","9444.443085672718","1.7798436919007438e-05","140609741.2109375","False","False","False","False","False","False","False","False","False","0","2","2","2","0.0","0.0684687078802128","0.0","0.2805166207424566","6.108540873789748e-10"
"0_1","14.60794900739243","short","quiet","17","2461041.6180555555","2461041.624878509","frozen_polybeam","smooth","1000.0","multi","coherent_ab","2","2","2","46168;47826","83.229;73.757","0.1657111055107527","6.108540873789748e-10","0.0684687078802128","112086845.77031374","96.28735969389915","94.1493257140899","0.1598325139371392","False","20260673","100","0.26428435028665226","-0.43105509304272743","0.3564356435643564","0.7029702970297029","129209.69913754612","3541468.7136351606","117230.06342500262","169728.6129816741","170387.30500749976","3689805.200622945","4142196.380499398","4167404.466477437","30573.71191764623","1.1903935202283198","0.7385185273315267","3541468.7136351606","115028.82541061897","3315845847.160797","0.0010680438346274612","1481","0.004558137949787341","-1.445965571882522","1.4440828042107998","-4095.9999999999995","4090.666666666666","C:\Users\kimeu\Downloads\starlink_pathB_wsl_package_v0_3_clean\starlink_pathB\outputs\coverage_null_global_stats\0_1_lst017_quiet_frozen_polybeam_smooth_S1000_multi.npz","9.10175923472585","9444.443085672718","1.7798436919007438e-05","140609741.2109375","False","False","False","False","False","False","False","False","False","0","2","2","2","0.0","0.0684687078802128","0.0","0.2805166207424566","6.108540873789748e-10"
"0_1","14.60794900739243","short","quiet","17","2461041.6180555555","2461041.624878509","frozen_polybeam","lines","30.0","single","coherent_ab","2","2","1","46168","83.229","0.1657111055107527","6.108540873789748e-10","0.0684687078802128","112086845.77031374","2.824420787551837","2.824420787551837","0.004182013885319988","False","20260690","100","0.15932052726132406","-0.6062596580502161","0.3564356435643564","0.7029702970297029","3914.7478569075465","106119.01063501435","3672.674546489492","5099.600815933571","5138.248726843744","113072.84698354892","123269.06609256669","123646.05710672068","1024.8284624684602","0.9521758105148836","0.8334478664231371","106119.01063501435","4691.084040971762","3315845847.160797","3.20036019544995e-05","1481","0.004558137949787341","-1.445965571882522","1.4440828042107998","-4095.9999999999995","4090.666666666666","C:\Users\kimeu\Downloads\starlink_pathB_wsl_package_v0_3_clean\starlink_pathB\outputs\coverage_null_global_stats\0_1_lst017_quiet_frozen_polybeam_lines_S30_single.npz","9.10175923472585","9444.443085672718","1.7798436919007438e-05","140609741.2109375","False","False","False","False","False","False","False","False","False","0","2","2","2","0.0","0.0684687078802128","0.0","0.2805166207424566","6.108540873789748e-10"
"0_1","14.60794900739243","short","quiet","17","2461041.6180555555","2461041.624878509","frozen_polybeam","lines","30.0","multi","coherent_ab","2","2","2","46168;47826","83.229;73.757","0.1657111055107527","6.108540873789748e-10","0.0684687078802128","112086845.77031374","2.888561433693593","2.824420787551837","0.004800357383315165","False","20260707","100","1.1635612587160495","-0.5949934163722858","0.2376237623762376","0.7128712871287128","3915.847168147564","106156.88715551622","2881.986188955605","5068.583293316886","5170.533202950582","112619.36864475103","123074.77819024937","124689.75448920924","599.3063724189997","1.332188791697554","1.0864854212521147","106156.88715551622","4981.446321736812","3315845847.160797","3.201502483790475e-05","1481","0.004558137949787341","-1.445965571882522","1.4440828042107998","-4095.9999999999995","4090.666666666666","C:\Users\kimeu\Downloads\starlink_pathB_wsl_package_v0_3_clean\starlink_pathB\outputs\coverage_null_global_stats\0_1_lst017_quiet_frozen_polybeam_lines_S30_multi.npz","9.10175923472585","9444.443085672718","1.7798436919007438e-05","140609741.2109375","False","False","False","False","False","False","False","False","False","0","2","2","2","0.0","0.0684687078802128","0.0","0.2805166207424566","6.108540873789748e-10"
"0_1","14.60794900739243","short","quiet","17","2461041.6180555555","2461041.624878509","frozen_polybeam","lines","1000.0","single","coherent_ab","2","2","1","46168","83.229","0.1657111055107527","6.108540873789748e-10","0.0684687078802128","112086845.77031374","94.14735958506124","94.14735958506124","0.13940046284399965","False","20260724","100","1.1078121638436926","-0.7244652188586076","0.297029702970297","0.7623762376237624","129465.70407240838","3540476.1205887194","95023.37206525728","167339.39186028464","170459.58983565294","3794081.521546955","4112200.41177649","4135952.974246012","20970.192810526118","1.0574554275247359","0.9941697325863625","3540476.1205887194","106040.85742726599","3315845847.160797","0.0010677444862583895","1481","0.004558137949787341","-1.445965571882522","1.4440828042107998","-4095.9999999999995","4090.666666666666","C:\Users\kimeu\Downloads\starlink_pathB_wsl_package_v0_3_clean\starlink_pathB\outputs\coverage_null_global_stats\0_1_lst017_quiet_frozen_polybeam_lines_S1000_single.npz","9.10175923472585","9444.443085672718","1.7798436919007438e-05","140609741.2109375","False","False","False","False","False","False","False","False","False","0","2","2","2","0.0","0.0684687078802128","0.0","0.2805166207424566","6.108540873789748e-10"
"0_1","14.60794900739243","short","quiet","17","2461041.6180555555","2461041.624878509","frozen_polybeam","lines","1000.0","multi","coherent_ab","2","2","2","46168;47826","83.229;73.757","0.1657111055107527","6.108540873789748e-10","0.0684687078802128","112086845.77031374","96.28538112311978","94.14735958506124","0.16001191277717222","False","20260741","100","0.9350175267793205","-0.9153399132554831","0.33663366336633666","0.8118811881188119","129515.33029496297","3541821.5916759735","96392.8070324324","169936.6843236219","170769.66422412515","3854976.063286065","4137447.236257274","4168580.700160549","23893.494219385087","1.6330203484471209","1.2600412952732307","3541821.5916759735","115858.06208238952","3315845847.160797","0.0010681502563542479","1481","0.004558137949787341","-1.445965571882522","1.4440828042107998","-4095.9999999999995","4090.666666666666","C:\Users\kimeu\Downloads\starlink_pathB_wsl_package_v0_3_clean\starlink_pathB\outputs\coverage_null_global_stats\0_1_lst017_quiet_frozen_polybeam_lines_S1000_multi.npz","9.10175923472585","9444.443085672718","1.7798436919007438e-05","140609741.2109375","False","False","False","False","False","False","False","False","False","0","2","2","2","0.0","0.0684687078802128","0.0","0.2805166207424566","6.108540873789748e-10"
"0_1","14.60794900739243","short","quiet","17","2461041.6180555555","2461041.624878509","frozen_polybeam","khz_comb","30.0","single","coherent_ab","2","2","1","46168","83.229","0.1657111055107527","6.108540873789748e-10","0.0684687078802128","112086845.77031374","2.3244370170823023","2.3244370170823023","0.003657742744266182","False","20260758","100","0.9176757061627446","-0.6343025620598755","0.2871287128712871","0.6633663366336634","3593.728601772338","100564.26496678812","2757.7989766336977","4572.633513096347","4690.869908543154","106034.68815897204","113013.0738062316","113115.95319926948","614.4074687194079","0.8043834965555358","0.7768716049888928","100564.26496678812","5558.99225533158","3315845847.160797","3.0328389678578263e-05","1481","0.004558137949787341","-1.445965571882522","1.4440828042107998","-4095.9999999999995","4090.666666666666","C:\Users\kimeu\Downloads\starlink_pathB_wsl_package_v0_3_clean\starlink_pathB\outputs\coverage_null_global_stats\0_1_lst017_quiet_frozen_polybeam_khz_comb_S30_single.npz","9.10175923472585","9444.443085672718","1.7798436919007438e-05","140609741.2109375","False","False","False","False","False","False","False","False","False","0","2","2","2","0.0","0.0684687078802128","0.0","0.2805166207424566","6.108540873789748e-10"
"0_1","14.60794900739243","short","quiet","17","2461041.6180555555","2461041.624878509","frozen_polybeam","khz_comb","30.0","multi","coherent_ab","2","2","2","46168;47826","83.229;73.757","0.1657111055107527","6.108540873789748e-10","0.0684687078802128","112086845.77031374","2.3781679259508874","2.3244370170823023","0.004212212739178543","False","20260775","100","1.0043489759675481","-0.5642596558510379","0.19801980198019803","0.6633663366336634","3595.3004071563482","100750.25882150025","2738.6638270188123","4523.608406207338","4670.098022189513","105662.39866904366","113069.06304253577","113632.83954305018","575.2915285006166","1.687664609282436","1.3290177914969168","100750.25882150025","5789.88636104","3315845847.160797","3.0384482109675863e-05","1481","0.004558137949787341","-1.445965571882522","1.4440828042107998","-4095.9999999999995","4090.666666666666","C:\Users\kimeu\Downloads\starlink_pathB_wsl_package_v0_3_clean\starlink_pathB\outputs\coverage_null_global_stats\0_1_lst017_quiet_frozen_polybeam_khz_comb_S30_multi.npz","9.10175923472585","9444.443085672718","1.7798436919007438e-05","140609741.2109375","False","False","False","False","False","False","False","False","False","0","2","2","2","0.0","0.0684687078802128","0.0","0.2805166207424566","6.108540873789748e-10"
"0_1","14.60794900739243","short","quiet","17","2461041.6180555555","2461041.624878509","frozen_polybeam","khz_comb","1000.0","single","coherent_ab","2","2","1","46168","83.229","0.1657111055107527","6.108540873789748e-10","0.0684687078802128","112086845.77031374","77.48123390274343","77.48123390274343","0.12192475814220606","False","20260792","100","0.3599978357013885","-1.0128535940689318","0.32673267326732675","0.7425742574257426","119143.54395365342","3353048.5481664045","106505.95806011558","156022.67320301718","156219.52530387335","3591440.8467571894","3769638.181039495","3780408.5934272152","23677.73931383714","1.1306985230863797","1.0189422463125761","3353048.5481664045","155520.81908435258","3315845847.160797","0.0010112196714565191","1481","0.004558137949787341","-1.445965571882522","1.4440828042107998","-4095.9999999999995","4090.666666666666","C:\Users\kimeu\Downloads\starlink_pathB_wsl_package_v0_3_clean\starlink_pathB\outputs\coverage_null_global_stats\0_1_lst017_quiet_frozen_polybeam_khz_comb_S1000_single.npz","9.10175923472585","9444.443085672718","1.7798436919007438e-05","140609741.2109375","False","False","False","False","False","False","False","False","False","0","2","2","2","0.0","0.0684687078802128","0.0","0.2805166207424566","6.108540873789748e-10"
"0_1","14.60794900739243","short","quiet","17","2461041.6180555555","2461041.624878509","frozen_polybeam","khz_comb","1000.0","multi","coherent_ab","2","2","2","46168;47826","83.229;73.757","0.1657111055107527","6.108540873789748e-10","0.0684687078802128","112086845.77031374","79.27226419836293","77.48123390274343","0.14040709130595144","False","20260809","100","0.22214114613541946","-0.8384084288350635","0.33663366336633666","0.7227722772277227","119202.92184005305","3359352.78431677","109744.32046593726","154334.79081762582","155677.7350612022","3561824.887316626","3771250.7604861762","3800093.817131393","28719.30452958308","1.5040497796035632","1.045978655584525","3359352.78431677","163137.92683889545","3315845847.160797","0.0010131209167016089","1481","0.004558137949787341","-1.445965571882522","1.4440828042107998","-4095.9999999999995","4090.666666666666","C:\Users\kimeu\Downloads\starlink_pathB_wsl_package_v0_3_clean\starlink_pathB\outputs\coverage_null_global_stats\0_1_lst017_quiet_frozen_polybeam_khz_comb_S1000_multi.npz","9.10175923472585","9444.443085672718","1.7798436919007438e-05","140609741.2109375","False","False","False","False","False","False","False","False","False","0","2","2","2","0.0","0.0684687078802128","0.0","0.2805166207424566","6.108540873789748e-10"
"0_1","14.60794900739243","short","quiet","17","2461041.6180555555","2461041.624878509","full_polybeam","smooth","30.0","single","coherent_ab","2","2","1","46168","83.229","0.1657111055107527","6.108540873789748e-10","0.0684687078802128","112086845.77031374","5.976828421383456","5.976828421383456","0.00836050868081515","False","20260826","100","0.7146157204190521","-0.8901778620160096","0.22772277227722773","0.8118811881188119","4131.072886172682","118507.00774009284","3400.1898661218584","5159.933996975049","5238.114706555158","132493.14741402393","146034.26701121827","146307.0171286598","689.8446664363146","1.0094765778148045","0.9698510027663063","118507.00774009284","-285.63716620600644","3315845847.160797","3.573960105581049e-05","1481","0.004558137949787341","-1.445965571882522","1.4440828042107998","-4095.9999999999995","4090.666666666666","C:\Users\kimeu\Downloads\starlink_pathB_wsl_package_v0_3_clean\starlink_pathB\outputs\coverage_null_global_stats\0_1_lst017_quiet_full_polybeam_smooth_S30_single.npz","9.10175923472585","9444.443085672718","1.7798436919007438e-05","140609741.2109375","False","False","False","False","False","False","False","False","False","0","2","2","2","0.0","0.0684687078802128","0.0","0.2805166207424566","6.108540873789748e-10"
"0_1","14.60794900739243","short","quiet","17","2461041.6180555555","2461041.624878509","full_polybeam","smooth","30.0","multi","coherent_ab","2","2","2","46168;47826","83.229;73.757","0.1657111055107527","6.108540873789748e-10","0.0684687078802128","112086845.77031374","6.420282811534167","5.976828421383456","0.009700567473800697","False","20260843","100","0.6987004106902903","-0.6793504702740629","0.27722772277227725","0.7227722772277227","4075.7898876443505","118478.6652052085","3450.186065763235","5202.439580319449","5269.067124262452","131516.0154423914","146269.85751132155","146658.92772521698","603.9269341994077","0.9627608323158279","0.7594257307140314","118478.6652052085","-94.31248843164849","3315845847.160797","3.573105345251686e-05","1481","0.004558137949787341","-1.445965571882522","1.4440828042107998","-4095.9999999999995","4090.666666666666","C:\Users\kimeu\Downloads\starlink_pathB_wsl_package_v0_3_clean\starlink_pathB\outputs\coverage_null_global_stats\0_1_lst017_quiet_full_polybeam_smooth_S30_multi.npz","9.10175923472585","9444.443085672718","1.7798436919007438e-05","140609741.2109375","False","False","False","False","False","False","False","False","False","0","2","2","2","0.0","0.0684687078802128","0.0","0.2805166207424566","6.108540873789748e-10"
"0_1","14.60794900739243","short","quiet","17","2461041.6180555555","2461041.624878509","full_polybeam","smooth","1000.0","single","coherent_ab","2","2","1","46168","83.229","0.1657111055107527","6.108540873789748e-10","0.0684687078802128","112086845.77031374","199.22761404611526","199.22761404611526","0.27868362269383834","False","20260860","100","0.6208532949102248","-0.5495118244523685","0.25742574257425743","0.7524752475247525","126006.82268998772","4080135.7058661915","108203.4847900942","158798.6971629765","162482.82702095166","4357303.128942118","4941708.372547601","4984360.442081053","19341.424133142456","0.9989836414549699","0.8961822360490109","4080135.7058661915","-586743.8775614549","3315845847.160797","0.0012304961973307112","1481","0.004558137949787341","-1.445965571882522","1.4440828042107998","-4095.9999999999995","4090.666666666666","C:\Users\kimeu\Downloads\starlink_pathB_wsl_package_v0_3_clean\starlink_pathB\outputs\coverage_null_global_stats\0_1_lst017_quiet_full_polybeam_smooth_S1000_single.npz","9.10175923472585","9444.443085672718","1.7798436919007438e-05","140609741.2109375","False","False","False","False","False","False","False","False","False","0","2","2","2","0.0","0.0684687078802128","0.0","0.2805166207424566","6.108540873789748e-10"
"0_1","14.60794900739243","short","quiet","17","2461041.6180555555","2461041.624878509","full_polybeam","smooth","1000.0","multi","coherent_ab","2","2","2","46168;47826","83.229;73.757","0.1657111055107527","6.108540873789748e-10","0.0684687078802128","112086845.77031374","214.00942705113894","199.22761404611526","0.3233522491266899","False","20260877","100","0.3536158590472233","-0.6652540533082227","0.36633663366336633","0.7623762376237624","122084.63387766853","4099195.207310218","110015.76503336802","159988.1023488734","163786.23617893868","4444459.764502725","4952053.906082476","5015513.957117928","23020.292513884604","1.435516348437534","1.038223489023966","4099195.207310218","-672417.8661918014","3315845847.160797","0.0012362442032159504","1481","0.004558137949787341","-1.445965571882522","1.4440828042107998","-4095.9999999999995","4090.666666666666","C:\Users\kimeu\Downloads\starlink_pathB_wsl_package_v0_3_clean\starlink_pathB\outputs\coverage_null_global_stats\0_1_lst017_quiet_full_polybeam_smooth_S1000_multi.npz","9.10175923472585","9444.443085672718","1.7798436919007438e-05","140609741.2109375","False","False","False","False","False","False","False","False","False","0","2","2","2","0.0","0.0684687078802128","0.0","0.2805166207424566","6.108540873789748e-10"
"0_1","14.60794900739243","short","quiet","17","2461041.6180555555","2461041.624878509","full_polybeam","lines","30.0","single","coherent_ab","2","2","1","46168","83.229","0.1657111055107527","6.108540873789748e-10","0.0684687078802128","112086845.77031374","5.9765189666595875","5.9765189666595875","0.008367951732758014","False","20260894","100","0.780029431126881","-0.6194614024651318","0.1782178217821782","0.7425742574257426","4142.615942481905","118536.07430350447","3444.6019824296236","5125.849137556181","5237.231383930519","128096.19642115952","145460.25481334265","146211.86669331035","603.5720541477203","1.5727671521417834","1.3435593840589617","118536.07430350447","-251.565047121695","3315845847.160797","3.574836701320157e-05","1481","0.004558137949787341","-1.445965571882522","1.4440828042107998","-4095.9999999999995","4090.666666666666","C:\Users\kimeu\Downloads\starlink_pathB_wsl_package_v0_3_clean\starlink_pathB\outputs\coverage_null_global_stats\0_1_lst017_quiet_full_polybeam_lines_S30_single.npz","9.10175923472585","9444.443085672718","1.7798436919007438e-05","140609741.2109375","False","False","False","False","False","False","False","False","False","0","2","2","2","0.0","0.0684687078802128","0.0","0.2805166207424566","6.108540873789748e-10"
"0_1","14.60794900739243","short","quiet","17","2461041.6180555555","2461041.624878509","full_polybeam","lines","30.0","multi","coherent_ab","2","2","2","46168;47826","83.229;73.757","0.1657111055107527","6.108540873789748e-10","0.0684687078802128","112086845.77031374","6.419918968493362","5.9765189666595875","0.009709079969434976","False","20260911","100","0.533947386762936","-0.7974837281735923","0.31683168316831684","0.8217821782178217","4087.343015514314","118501.06573911355","3640.934620724991","5072.456488741562","5255.111021588967","130118.22583257832","145636.28168038448","146292.47713123556","563.9101242981851","1.401344494900842","0.7922684725956975","118501.06573911355","-60.239903645125196","3315845847.160797","3.573780905423587e-05","1481","0.004558137949787341","-1.445965571882522","1.4440828042107998","-4095.9999999999995","4090.666666666666","C:\Users\kimeu\Downloads\starlink_pathB_wsl_package_v0_3_clean\starlink_pathB\outputs\coverage_null_global_stats\0_1_lst017_quiet_full_polybeam_lines_S30_multi.npz","9.10175923472585","9444.443085672718","1.7798436919007438e-05","140609741.2109375","False","False","False","False","False","False","False","False","False","0","2","2","2","0.0","0.0684687078802128","0.0","0.2805166207424566","6.108540873789748e-10"
"0_1","14.60794900739243","short","quiet","17","2461041.6180555555","2461041.624878509","full_polybeam","lines","1000.0","single","coherent_ab","2","2","1","46168","83.229","0.1657111055107527","6.108540873789748e-10","0.0684687078802128","112086845.77031374","199.217298888653","199.217298888653","0.2789317244252672","False","20260928","100","0.7073287118784134","-0.8705167839517726","0.24752475247524752","0.7227722772277227","126360.89385901019","4079592.1808806704","107611.95894604549","161630.50959948488","162976.71893087245","4494201.81682203","4968178.610313937","4982632.039501902","17878.509858930483","0.9431918315329337","0.8800068898083241","4079592.1808806704","-585167.2036678258","3315845847.160797","0.0012303322798838292","1481","0.004558137949787341","-1.445965571882522","1.4440828042107998","-4095.9999999999995","4090.666666666666","C:\Users\kimeu\Downloads\starlink_pathB_wsl_package_v0_3_clean\starlink_pathB\outputs\coverage_null_global_stats\0_1_lst017_quiet_full_polybeam_lines_S1000_single.npz","9.10175923472585","9444.443085672718","1.7798436919007438e-05","140609741.2109375","False","False","False","False","False","False","False","False","False","0","2","2","2","0.0","0.0684687078802128","0.0","0.2805166207424566","6.108540873789748e-10"
"0_1","14.60794900739243","short","quiet","17","2461041.6180555555","2461041.624878509","full_polybeam","lines","1000.0","multi","coherent_ab","2","2","2","46168;47826","83.229;73.757","0.1657111055107527","6.108540873789748e-10","0.0684687078802128","112086845.77031374","213.99729894977884","199.217298888653","0.3236359989811659","False","20260945","100","0.4662811040768313","-0.8185985708215527","0.3564356435643564","0.7227722772277227","122436.95583447441","4099314.794123792","108198.78106000274","162366.68009228446","164362.62475998106","4494934.048219051","4984296.51249709","4997966.167473633","20595.98219449073","1.431704999190793","0.9706575972975782","4099314.794123792","-670760.7876598975","3315845847.160797","0.0012362802684671974","1481","0.004558137949787341","-1.445965571882522","1.4440828042107998","-4095.9999999999995","4090.666666666666","C:\Users\kimeu\Downloads\starlink_pathB_wsl_package_v0_3_clean\starlink_pathB\outputs\coverage_null_global_stats\0_1_lst017_quiet_full_polybeam_lines_S1000_multi.npz","9.10175923472585","9444.443085672718","1.7798436919007438e-05","140609741.2109375","False","False","False","False","False","False","False","False","False","0","2","2","2","0.0","0.0684687078802128","0.0","0.2805166207424566","6.108540873789748e-10"
"0_1","14.60794900739243","short","quiet","17","2461041.6180555555","2461041.624878509","full_polybeam","khz_comb","30.0","single","coherent_ab","2","2","1","46168","83.229","0.1657111055107527","6.108540873789748e-10","0.0684687078802128","112086845.77031374","4.918545416683262","4.918545416683262","0.0070419682240268604","False","20260962","100","0.6557346613888274","-0.6729052859405579","0.22772277227722773","0.7623762376237624","3662.857766993344","103263.50625874057","3081.511558530852","4492.132181424275","4615.287517554685","111567.17770880299","124941.35062358849","125550.28837785867","597.9745600670576","1.0170068637438765","0.9583157009741136","103263.50625874057","1182.7353678446634","3315845847.160797","3.114243273617809e-05","1481","0.004558137949787341","-1.445965571882522","1.4440828042107998","-4095.9999999999995","4090.666666666666","C:\Users\kimeu\Downloads\starlink_pathB_wsl_package_v0_3_clean\starlink_pathB\outputs\coverage_null_global_stats\0_1_lst017_quiet_full_polybeam_khz_comb_S30_single.npz","9.10175923472585","9444.443085672718","1.7798436919007438e-05","140609741.2109375","False","False","False","False","False","False","False","False","False","0","2","2","2","0.0","0.0684687078802128","0.0","0.2805166207424566","6.108540873789748e-10"
"0_1","14.60794900739243","short","quiet","17","2461041.6180555555","2461041.624878509","full_polybeam","khz_comb","30.0","multi","coherent_ab","2","2","2","46168;47826","83.229;73.757","0.1657111055107527","6.108540873789748e-10","0.0684687078802128","112086845.77031374","5.283453996233175","4.918545416683262","0.008189598231825109","False","20260979","100","0.7582125128798086","-0.6994559302924628","0.22772277227722773","0.8118811881188119","3617.028507769108","103297.52405595614","2972.978217482567","4508.971033485233","4639.027448447049","111793.07144313911","125440.0882405625","125797.74350293237","572.9343186207116","1.7317474892992302","1.2038684292751654","103297.52405595614","1334.619510985547","3315845847.160797","3.115269189742489e-05","1481","0.004558137949787341","-1.445965571882522","1.4440828042107998","-4095.9999999999995","4090.666666666666","C:\Users\kimeu\Downloads\starlink_pathB_wsl_package_v0_3_clean\starlink_pathB\outputs\coverage_null_global_stats\0_1_lst017_quiet_full_polybeam_khz_comb_S30_multi.npz","9.10175923472585","9444.443085672718","1.7798436919007438e-05","140609741.2109375","False","False","False","False","False","False","False","False","False","0","2","2","2","0.0","0.0684687078802128","0.0","0.2805166207424566","6.108540873789748e-10"
"0_1","14.60794900739243","short","quiet","17","2461041.6180555555","2461041.624878509","full_polybeam","khz_comb","1000.0","single","coherent_ab","2","2","1","46168","83.229","0.1657111055107527","6.108540873789748e-10","0.0684687078802128","112086845.77031374","163.9515138894421","163.9515138894421","0.23473227413422873","False","20260996","100","0.7114422568367336","-0.7850748324574652","0.27722772277227725","0.801980198019802","113893.18813539669","3506758.3253668183","93738.45693883859","144285.14560012295","145604.39188643039","3832086.1552802077","4230626.829333953","4253104.170690645","19107.917503040284","0.963714768660717","0.9162467302954622","3506758.3253668183","-349549.59962080885","3315845847.160797","0.001057575800265109","1481","0.004558137949787341","-1.445965571882522","1.4440828042107998","-4095.9999999999995","4090.666666666666","C:\Users\kimeu\Downloads\starlink_pathB_wsl_package_v0_3_clean\starlink_pathB\outputs\coverage_null_global_stats\0_1_lst017_quiet_full_polybeam_khz_comb_S1000_single.npz","9.10175923472585","9444.443085672718","1.7798436919007438e-05","140609741.2109375","False","False","False","False","False","False","False","False","False","0","2","2","2","0.0","0.0684687078802128","0.0","0.2805166207424566","6.108540873789748e-10"
"0_1","14.60794900739243","short","quiet","17","2461041.6180555555","2461041.624878509","full_polybeam","khz_comb","1000.0","multi","coherent_ab","2","2","2","46168;47826","83.229;73.757","0.1657111055107527","6.108540873789748e-10","0.0684687078802128","112086845.77031374","176.11513320777254","163.9515138894421","0.27298660772750366","False","20261013","100","0.4484727254666123","-0.7165399111666593","0.27722772277227725","0.7425742574257426","110893.60145087168","3520706.025612053","98174.58225423284","141833.4654020261","147556.4299863881","3791030.071316504","4201970.63611456","4269590.018347307","19129.05831410922","1.2416102278489345","0.8126938899141825","3520706.025612053","-407004.3192325713","3315845847.160797","0.0010617821780305825","1481","0.004558137949787341","-1.445965571882522","1.4440828042107998","-4095.9999999999995","4090.666666666666","C:\Users\kimeu\Downloads\starlink_pathB_wsl_package_v0_3_clean\starlink_pathB\outputs\coverage_null_global_stats\0_1_lst017_quiet_full_polybeam_khz_comb_S1000_multi.npz","9.10175923472585","9444.443085672718","1.7798436919007438e-05","140609741.2109375","False","False","False","False","False","False","False","False","False","0","2","2","2","0.0","0.0684687078802128","0.0","0.2805166207424566","6.108540873789748e-10"
"0_1","14.60794900739243","short","typical","44","2461041.8055555555","2461041.8123785085","frozen_polybeam","smooth","30.0","single","coherent_ab","3","3","1","46146","86.588","0.1653330813172043","2.560265055874456e-08","0.2419547912000571","9450380.56293815","7.3004219658282405","7.3004219658282405","0.016873666156317593","False","20261057","100","1.7835740315560389","0.9704221941355843","0.1188118811881188","0.15841584158415842","1752.7747608032078","34978.39882054759","1218.8344895385671","1797.983343390911","1817.1667048099778","34573.82818872246","35093.231754086584","35108.241063413414","201.91916495119222","1.0334389941969","0.9220485040139542","34978.39882054759","-43.36684181879059","63167455.77674818","0.0005537408209722937","1481","0.004558137949787341","-1.445965571882522","1.4440828042107998","-4095.9999999999995","4090.666666666666","C:\Users\kimeu\Downloads\starlink_pathB_wsl_package_v0_3_clean\starlink_pathB\outputs\coverage_null_global_stats\0_1_lst044_typical_frozen_polybeam_smooth_S30_single.npz","9.10175923472585","9444.443085672718","1.7798436919007438e-05","140609741.2109375","False","False","False","False","False","False","False","False","False","0","3","3","3","0.0","0.2419547912000571","0.0","0.7241364102878726","2.5602650558744558e-08"
"0_1","14.60794900739243","short","typical","44","2461041.8055555555","2461041.8123785085","frozen_polybeam","smooth","30.0","multi","coherent_ab","3","3","3","46146;46484;48165","86.588;71.230;70.052","0.1653330813172043","2.560265055874456e-08","0.2419547912000571","9450380.56293815","7.4318539232248755","7.3004219658282405","0.01840662340582412","False","20261074","100","1.331316776820369","-1.094696613085452","0.1485148514851485","0.9207920792079208","1691.8921166858636","32683.708804173068","1172.3670057528652","1778.890154878795","1867.065309530818","34823.589722655495","37264.134328382956","37720.81216236322","263.20924722158816","1.5727526158292149","1.1338449918169495","32683.708804173068","523.4091618905625","63167455.77674818","0.0005174137283554149","1481","0.004558137949787341","-1.445965571882522","1.4440828042107998","-4095.9999999999995","4090.666666666666","C:\Users\kimeu\Downloads\starlink_pathB_wsl_package_v0_3_clean\starlink_pathB\outputs\coverage_null_global_stats\0_1_lst044_typical_frozen_polybeam_smooth_S30_multi.npz","9.10175923472585","9444.443085672718","1.7798436919007438e-05","140609741.2109375","False","False","False","False","False","False","False","False","False","0","3","3","3","0.0","0.2419547912000571","0.0","0.7241364102878726","2.5602650558744558e-08"
"0_1","14.60794900739243","short","typical","44","2461041.8055555555","2461041.8123785085","frozen_polybeam","smooth","1000.0","single","coherent_ab","3","3","1","46146","86.588","0.1653330813172043","2.560265055874456e-08","0.2419547912000571","9450380.56293815","243.34739886094138","243.34739886094138","0.5624555385439198","False","20261091","100","-1.4964439520411854","-1.0402129647907257","0.9702970297029703","0.8514851485148515","9364.788995075505","4113668.2146098665","33251.29538575816","47116.712680079974","47829.29474223054","4285743.399638796","4417967.891743273","4420807.365724527","10766.342310861684","0.9193510263008756","0.8688238311317433","4113668.2146098665","-3852465.9759609145","63167455.77674818","0.06512322150742851","1481","0.004558137949787341","-1.445965571882522","1.4440828042107998","-4095.9999999999995","4090.666666666666","C:\Users\kimeu\Downloads\starlink_pathB_wsl_package_v0_3_clean\starlink_pathB\outputs\coverage_null_global_stats\0_1_lst044_typical_frozen_polybeam_smooth_S1000_single.npz","9.10175923472585","9444.443085672718","1.7798436919007438e-05","140609741.2109375","False","False","False","False","False","False","False","False","False","0","3","3","3","0.0","0.2419547912000571","0.0","0.7241364102878726","2.5602650558744558e-08"
"0_1","14.60794900739243","short","typical","44","2461041.8055555555","2461041.8123785085","frozen_polybeam","smooth","1000.0","multi","coherent_ab","3","3","3","46146;46484;48165","86.588;71.230;70.052","0.1653330813172043","2.560265055874456e-08","0.2419547912000571","9450380.56293815","247.72846410749588","243.34739886094138","0.6135541135274708","False","20261108","100","-1.8584697599723579","-1.7674631212552412","0.9702970297029703","0.9405940594059405","9201.621290410403","4077688.344808772","33855.42593792337","47392.10190871481","50703.68539727555","4299969.580526192","4414562.314896861","4424558.262000471","8947.556629027938","1.4558190427968534","1.1789907425592885","4077688.344808772","-3841044.881719338","63167455.77674818","0.06455362646265961","1481","0.004558137949787341","-1.445965571882522","1.4440828042107998","-4095.9999999999995","4090.666666666666","C:\Users\kimeu\Downloads\starlink_pathB_wsl_package_v0_3_clean\starlink_pathB\outputs\coverage_null_global_stats\0_1_lst044_typical_frozen_polybeam_smooth_S1000_multi.npz","9.10175923472585","9444.443085672718","1.7798436919007438e-05","140609741.2109375","False","False","False","False","False","False","False","False","False","0","3","3","3","0.0","0.2419547912000571","0.0","0.7241364102878726","2.5602650558744558e-08"
"0_1","14.60794900739243","short","typical","44","2461041.8055555555","2461041.8123785085","frozen_polybeam","lines","30.0","single","coherent_ab","3","3","1","46146","86.588","0.1653330813172043","2.560265055874456e-08","0.2419547912000571","9450380.56293815","7.30034048947344","7.30034048947344","0.016893034512456658","False","20261125","100","1.5577752661893336","0.7133978995340697","0.1188118811881188","0.19801980198019803","1755.8153834431432","34982.11105991483","1182.286051008501","1767.7896400308005","1825.7131042415415","34671.28400030166","35109.125708293","35153.027155833726","248.3286539542023","1.2121167398562975","1.0444507767782696","34982.11105991483","-34.656901795296335","63167455.77674818","0.00055379958919909","1481","0.004558137949787341","-1.445965571882522","1.4440828042107998","-4095.9999999999995","4090.666666666666","C:\Users\kimeu\Downloads\starlink_pathB_wsl_package_v0_3_clean\starlink_pathB\outputs\coverage_null_global_stats\0_1_lst044_typical_frozen_polybeam_lines_S30_single.npz","9.10175923472585","9444.443085672718","1.7798436919007438e-05","140609741.2109375","False","False","False","False","False","False","False","False","False","0","3","3","3","0.0","0.2419547912000571","0.0","0.7241364102878726","2.5602650558744558e-08"
"0_1","14.60794900739243","short","typical","44","2461041.8055555555","2461041.8123785085","frozen_polybeam","lines","30.0","multi","coherent_ab","3","3","3","46146;46484;48165","86.588;71.230;70.052","0.1653330813172043","2.560265055874456e-08","0.2419547912000571","9450380.56293815","7.431772488235053","7.30034048947344","0.018427801903660022","False","20261142","100","1.2861443232878558","-1.689139428652924","0.22772277227722773","0.9603960396039604","1694.9983290703967","32681.667504140736","1181.7439249403542","1837.7765578607793","1897.6905862800686","35133.651365287515","36617.83089072805","37291.744666772","269.1652457489399","1.3309352769676042","0.8175872227056094","32681.667504140736","534.6812924026326","63167455.77674818","0.0005173814126636203","1481","0.004558137949787341","-1.445965571882522","1.4440828042107998","-4095.9999999999995","4090.666666666666","C:\Users\kimeu\Downloads\starlink_pathB_wsl_package_v0_3_clean\starlink_pathB\outputs\coverage_null_global_stats\0_1_lst044_typical_frozen_polybeam_lines_S30_multi.npz","9.10175923472585","9444.443085672718","1.7798436919007438e-05","140609741.2109375","False","False","False","False","False","False","False","False","False","0","3","3","3","0.0","0.2419547912000571","0.0","0.7241364102878726","2.5602650558744558e-08"
"0_1","14.60794900739243","short","typical","44","2461041.8055555555","2461041.8123785085","frozen_polybeam","lines","1000.0","single","coherent_ab","3","3","1","46146","86.588","0.1653330813172043","2.560265055874456e-08","0.2419547912000571","9450380.56293815","243.344682982448","243.344682982448","0.5631011504152219","False","20261159","100","-1.3909594944650843","-0.998965426157496","0.9603960396039604","0.8910891089108911","9431.822789305123","4110417.4217424607","31661.47825320321","46011.72945949619","47511.6229633816","4284244.62771416","4416111.580731367","4418198.745796273","10779.39167632896","0.8195970442123082","0.7898316214171215","4110417.4217424607","-3849535.784297043","63167455.77674818","0.06507175841100596","1481","0.004558137949787341","-1.445965571882522","1.4440828042107998","-4095.9999999999995","4090.666666666666","C:\Users\kimeu\Downloads\starlink_pathB_wsl_package_v0_3_clean\starlink_pathB\outputs\coverage_null_global_stats\0_1_lst044_typical_frozen_polybeam_lines_S1000_single.npz","9.10175923472585","9444.443085672718","1.7798436919007438e-05","140609741.2109375","False","False","False","False","False","False","False","False","False","0","3","3","3","0.0","0.2419547912000571","0.0","0.7241364102878726","2.5602650558744558e-08"
"0_1","14.60794900739243","short","typical","44","2461041.8055555555","2461041.8123785085","frozen_polybeam","lines","1000.0","multi","coherent_ab","3","3","3","46146;46484;48165","86.588;71.230;70.052","0.1653330813172043","2.560265055874456e-08","0.2419547912000571","9450380.56293815","247.7257496078351","243.344682982448","0.6142600634553341","False","20261176","100","-2.0230322787999584","-1.3103744957328933","0.9702970297029703","0.9900990099009901","9276.888178347726","4074456.22159347","35942.69704406313","48266.940924208226","50938.515468795","4266867.656440312","4420913.1769681815","4438341.028787508","8890.536182923941","2.119354662447804","1.0883892243335567","4074456.22159347","-3838029.992819084","63167455.77674818","0.06450245892431952","1481","0.004558137949787341","-1.445965571882522","1.4440828042107998","-4095.9999999999995","4090.666666666666","C:\Users\kimeu\Downloads\starlink_pathB_wsl_package_v0_3_clean\starlink_pathB\outputs\coverage_null_global_stats\0_1_lst044_typical_frozen_polybeam_lines_S1000_multi.npz","9.10175923472585","9444.443085672718","1.7798436919007438e-05","140609741.2109375","False","False","False","False","False","False","False","False","False","0","3","3","3","0.0","0.2419547912000571","0.0","0.7241364102878726","2.5602650558744558e-08"
"0_1","14.60794900739243","short","typical","44","2461041.8055555555","2461041.8123785085","frozen_polybeam","khz_comb","30.0","single","coherent_ab","3","3","1","46146","86.588","0.1653330813172043","2.560265055874456e-08","0.2419547912000571","9450380.56293815","6.008021802496863","6.008021802496863","0.015002074405029972","False","20261193","100","1.844930471214637","1.0979233944421074","0.13861386138613863","0.04950495049504951","1717.492789070122","35299.299092610076","1177.918092777254","1769.8182214818894","1843.2522648856277","34734.29979684676","35280.86862354384","35374.76890990469","197.26388195937034","1.4364324582231083","1.2422157016318522","35299.299092610076","555.8160190626837","63167455.77674818","0.0005588209728973077","1481","0.004558137949787341","-1.445965571882522","1.4440828042107998","-4095.9999999999995","4090.666666666666","C:\Users\kimeu\Downloads\starlink_pathB_wsl_package_v0_3_clean\starlink_pathB\outputs\coverage_null_global_stats\0_1_lst044_typical_frozen_polybeam_khz_comb_S30_single.npz","9.10175923472585","9444.443085672718","1.7798436919007438e-05","140609741.2109375","False","False","False","False","False","False","False","False","False","0","3","3","3","0.0","0.2419547912000571","0.0","0.7241364102878726","2.5602650558744558e-08"
"0_1","14.60794900739243","short","typical","44","2461041.8055555555","2461041.8123785085","frozen_polybeam","khz_comb","30.0","multi","coherent_ab","3","3","3","46146;46484;48165","86.588;71.230;70.052","0.1653330813172043","2.560265055874456e-08","0.2419547912000571","9450380.56293815","6.138650493903988","6.008021802496863","0.016388592795826145","False","20261210","100","1.0933542856656413","-1.5569298281589101","0.2079207920792079","0.8910891089108911","1649.39686577674","32651.288906178503","1264.097978200065","1820.4587073686766","1839.1363111188823","34974.462096993884","37492.6546933176","37981.2104925751","237.6910601753043","1.6241746081222865","1.3467886140174643","32651.288906178503","988.3048565368969","63167455.77674818","0.0005169004909993126","1481","0.004558137949787341","-1.445965571882522","1.4440828042107998","-4095.9999999999995","4090.666666666666","C:\Users\kimeu\Downloads\starlink_pathB_wsl_package_v0_3_clean\starlink_pathB\outputs\coverage_null_global_stats\0_1_lst044_typical_frozen_polybeam_khz_comb_S30_multi.npz","9.10175923472585","9444.443085672718","1.7798436919007438e-05","140609741.2109375","False","False","False","False","False","False","False","False","False","0","3","3","3","0.0","0.2419547912000571","0.0","0.7241364102878726","2.5602650558744558e-08"
"0_1","14.60794900739243","short","typical","44","2461041.8055555555","2461041.8123785085","frozen_polybeam","khz_comb","1000.0","single","coherent_ab","3","3","1","46146","86.588","0.1653330813172043","2.560265055874456e-08","0.2419547912000571","9450380.56293815","200.26739341656213","200.26739341656213","0.5000691468343325","False","20261227","100","-1.5060050361223876","-0.9303990655387256","0.9702970297029703","0.9207920792079208","12190.352682345081","3307291.4644730445","35629.884953448316","52042.23379973846","52549.938339417175","3449151.6755215125","3633090.5277604074","3633717.793088134","10497.805481460411","1.0819395883917282","0.9312441240119355","3307291.4644730445","-3021710.1900699255","63167455.77674818","0.052357522141812336","1481","0.004558137949787341","-1.445965571882522","1.4440828042107998","-4095.9999999999995","4090.666666666666","C:\Users\kimeu\Downloads\starlink_pathB_wsl_package_v0_3_clean\starlink_pathB\outputs\coverage_null_global_stats\0_1_lst044_typical_frozen_polybeam_khz_comb_S1000_single.npz","9.10175923472585","9444.443085672718","1.7798436919007438e-05","140609741.2109375","False","False","False","False","False","False","False","False","False","0","3","3","3","0.0","0.2419547912000571","0.0","0.7241364102878726","2.5602650558744558e-08"
"0_1","14.60794900739243","short","typical","44","2461041.8055555555","2461041.8123785085","frozen_polybeam","khz_comb","1000.0","multi","coherent_ab","3","3","3","46146;46484;48165","86.588;71.230;70.052","0.1653330813172043","2.560265055874456e-08","0.2419547912000571","9450380.56293815","204.62168313013296","200.26739341656213","0.5462864265275382","False","20261244","100","-2.469363922599358","-1.630991230160118","1.0","1.0","10112.354588433518","3262606.295121694","38709.01516410452","55570.174156482586","57218.82203941321","3500984.0369196124","3635943.852783566","3662579.644634931","7810.992593540112","2.3967531193123515","1.7136630808670825","3262606.295121694","-3008114.4519909117","63167455.77674818","0.05165011405006838","1481","0.004558137949787341","-1.445965571882522","1.4440828042107998","-4095.9999999999995","4090.666666666666","C:\Users\kimeu\Downloads\starlink_pathB_wsl_package_v0_3_clean\starlink_pathB\outputs\coverage_null_global_stats\0_1_lst044_typical_frozen_polybeam_khz_comb_S1000_multi.npz","9.10175923472585","9444.443085672718","1.7798436919007438e-05","140609741.2109375","False","False","False","False","False","False","False","False","False","0","3","3","3","0.0","0.2419547912000571","0.0","0.7241364102878726","2.5602650558744558e-08"
"0_1","14.60794900739243","short","typical","44","2461041.8055555555","2461041.8123785085","full_polybeam","smooth","30.0","single","coherent_ab","3","3","1","46146","86.588","0.1653330813172043","2.560265055874456e-08","0.2419547912000571","9450380.56293815","10.174852697122326","10.174852697122326","0.02203289266175142","False","20261261","100","1.574373629236859","-0.3016113320330346","0.019801980198019802","0.6732673267326733","1709.0919177960604","35941.54579021779","1041.753362602205","1654.9039129039738","1708.6787585640932","36022.30755423292","36557.586122326735","36628.26230005405","285.9001704308903","1.0735566897294806","0.9945073658168823","35941.54579021779","-2516.72528147516","63167455.77674818","0.0005689883397749226","1481","0.004558137949787341","-1.445965571882522","1.4440828042107998","-4095.9999999999995","4090.666666666666","C:\Users\kimeu\Downloads\starlink_pathB_wsl_package_v0_3_clean\starlink_pathB\outputs\coverage_null_global_stats\0_1_lst044_typical_full_polybeam_smooth_S30_single.npz","9.10175923472585","9444.443085672718","1.7798436919007438e-05","140609741.2109375","False","False","True","False","False","False","False","False","False","0","3","3","3","0.0","0.2419547912000571","0.0","0.7241364102878726","2.5602650558744558e-08"
"0_1","14.60794900739243","short","typical","44","2461041.8055555555","2461041.8123785085","full_polybeam","smooth","30.0","multi","coherent_ab","3","3","3","46146;46484;48165","86.588;71.230;70.052","0.1653330813172043","2.560265055874456e-08","0.2419547912000571","9450380.56293815","10.523151647455972","10.174852697122326","0.02393340281497043","False","20261278","100","3.8972951635219166","-1.1519892313195552","0.009900990099009901","0.900990099009901","1740.7778410948813","34958.744223241934","947.1475295433775","1634.0871038837124","1706.6701531535061","36084.69480295656","37426.722199512355","37573.0898885911","137.3507238025777","2.3771303104360535","1.7058327481309883","34958.744223241934","-2685.74653975329","63167455.77674818","0.0005534296702845863","1481","0.004558137949787341","-1.445965571882522","1.4440828042107998","-4095.9999999999995","4090.666666666666","C:\Users\kimeu\Downloads\starlink_pathB_wsl_package_v0_3_clean\starlink_pathB\outputs\coverage_null_global_stats\0_1_lst044_typical_full_polybeam_smooth_S30_multi.npz","9.10175923472585","9444.443085672718","1.7798436919007438e-05","140609741.2109375","True","True","True","True","True","True","True","True","True","0","3","3","3","0.0","0.2419547912000571","0.0","0.7241364102878726","2.5602650558744558e-08"
"0_1","14.60794900739243","short","typical","44","2461041.8055555555","2461041.8123785085","full_polybeam","smooth","1000.0","single","coherent_ab","3","3","1","46146","86.588","0.1653330813172043","2.560265055874456e-08","0.2419547912000571","9450380.56293815","339.1617565707442","339.1617565707442","0.734429755391714","False","20261295","100","-0.8030202776992185","-1.1486665908309237","0.8217821782178217","0.8118811881188119","8076.7781882782","6659155.2841980085","16723.036487226374","25914.33325667336","26017.850340398927","6795968.238807095","6908450.646704108","6913313.274946884","7262.358733203437","1.2666859875127132","1.0433571952793221","6659155.2841980085","-6444737.724355586","63167455.77674818","0.10542066642249079","1481","0.004558137949787341","-1.445965571882522","1.4440828042107998","-4095.9999999999995","4090.666666666666","C:\Users\kimeu\Downloads\starlink_pathB_wsl_package_v0_3_clean\starlink_pathB\outputs\coverage_null_global_stats\0_1_lst044_typical_full_polybeam_smooth_S1000_single.npz","9.10175923472585","9444.443085672718","1.7798436919007438e-05","140609741.2109375","False","False","False","False","False","False","False","False","False","0","3","3","3","0.0","0.2419547912000571","0.0","0.7241364102878726","2.5602650558744558e-08"
"0_1","14.60794900739243","short","typical","44","2461041.8055555555","2461041.8123785085","full_polybeam","smooth","1000.0","multi","coherent_ab","3","3","3","46146;46484;48165","86.588;71.230;70.052","0.1653330813172043","2.560265055874456e-08","0.2419547912000571","9450380.56293815","350.7717215818658","339.1617565707442","0.7977800938323477","False","20261312","100","-0.354038590541362","-1.2454749484515442","0.7920792079207921","0.8217821782178217","7886.451035923674","6649018.095653689","10683.210493461112","25208.12888991353","26867.97195625204","6798749.967563841","6913134.731347343","6968342.427910635","5328.199978717836","2.5697751889754756","0.8567880055050074","6649018.095653689","-6445038.553942064","63167455.77674818","0.10526018523135104","1481","0.004558137949787341","-1.445965571882522","1.4440828042107998","-4095.9999999999995","4090.666666666666","C:\Users\kimeu\Downloads\starlink_pathB_wsl_package_v0_3_clean\starlink_pathB\outputs\coverage_null_global_stats\0_1_lst044_typical_full_polybeam_smooth_S1000_multi.npz","9.10175923472585","9444.443085672718","1.7798436919007438e-05","140609741.2109375","False","False","False","False","False","False","False","False","False","0","3","3","3","0.0","0.2419547912000571","0.0","0.7241364102878726","2.5602650558744558e-08"
"0_1","14.60794900739243","short","typical","44","2461041.8055555555","2461041.8123785085","full_polybeam","lines","30.0","single","coherent_ab","3","3","1","46146","86.588","0.1653330813172043","2.560265055874456e-08","0.2419547912000571","9450380.56293815","10.174563947327966","10.174563947327966","0.022056019765382916","False","20261329","100","1.6129365984157298","-0.03631882646953337","0.019801980198019802","0.5346534653465347","1711.666721900925","35934.725530009615","1042.8051577304723","1697.4945741125382","1710.2364527764778","35946.6762663125","36539.86426785011","36623.414290626744","279.70159821852576","0.8918806450716475","0.8379672179412352","35934.725530009615","-2505.5204426799414","63167455.77674818","0.000568880368666631","1481","0.004558137949787341","-1.445965571882522","1.4440828042107998","-4095.9999999999995","4090.666666666666","C:\Users\kimeu\Downloads\starlink_pathB_wsl_package_v0_3_clean\starlink_pathB\outputs\coverage_null_global_stats\0_1_lst044_typical_full_polybeam_lines_S30_single.npz","9.10175923472585","9444.443085672718","1.7798436919007438e-05","140609741.2109375","False","False","True","False","False","False","False","False","False","0","3","3","3","0.0","0.2419547912000571","0.0","0.7241364102878726","2.5602650558744558e-08"
"0_1","14.60794900739243","short","typical","44","2461041.8055555555","2461041.8123785085","full_polybeam","lines","30.0","multi","coherent_ab","3","3","3","46146;46484;48165","86.588;71.230;70.052","0.1653330813172043","2.560265055874456e-08","0.2419547912000571","9450380.56293815","10.522806163487543","10.174563947327966","0.02395834815081985","False","20261346","100","2.193950628989291","-0.8717881162965466","0.039603960396039604","0.8217821782178217","1743.2917832536623","34948.50730438402","1019.6348585309461","1666.2808095201615","1762.5960797932325","35856.762172161834","37643.469802203464","38097.95472877805","222.4753384635551","2.091530657691661","1.6684029125459428","34948.50730438402","-2671.8779708758784","63167455.77674818","0.0005532676102691553","1481","0.004558137949787341","-1.445965571882522","1.4440828042107998","-4095.9999999999995","4090.666666666666","C:\Users\kimeu\Downloads\starlink_pathB_wsl_package_v0_3_clean\starlink_pathB\outputs\coverage_null_global_stats\0_1_lst044_typical_full_polybeam_lines_S30_multi.npz","9.10175923472585","9444.443085672718","1.7798436919007438e-05","140609741.2109375","True","False","True","False","False","False","False","False","False","0","3","3","3","0.0","0.2419547912000571","0.0","0.7241364102878726","2.5602650558744558e-08"
"0_1","14.60794900739243","short","typical","44","2461041.8055555555","2461041.8123785085","full_polybeam","lines","1000.0","single","coherent_ab","3","3","1","46146","86.588","0.1653330813172043","2.560265055874456e-08","0.2419547912000571","9450380.56293815","339.15213157759894","339.15213157759894","0.7352006588460971","False","20261363","100","-0.4834585048585643","-0.7070323059187971","0.8613861386138614","0.8217821782178217","8191.408942631097","6654864.688872668","10934.810869139386","25320.25264145761","25822.769926677993","6762014.662950559","6907095.7567839725","6910448.101687785","3827.4210306869354","1.0143864454430433","0.8695218804810219","6654864.688872668","-6440178.822189394","63167455.77674818","0.10535274227907579","1481","0.004558137949787341","-1.445965571882522","1.4440828042107998","-4095.9999999999995","4090.666666666666","C:\Users\kimeu\Downloads\starlink_pathB_wsl_package_v0_3_clean\starlink_pathB\outputs\coverage_null_global_stats\0_1_lst044_typical_full_polybeam_lines_S1000_single.npz","9.10175923472585","9444.443085672718","1.7798436919007438e-05","140609741.2109375","False","False","False","False","False","False","False","False","False","0","3","3","3","0.0","0.2419547912000571","0.0","0.7241364102878726","2.5602650558744558e-08"
"0_1","14.60794900739243","short","typical","44","2461041.8055555555","2461041.8123785085","full_polybeam","lines","1000.0","multi","coherent_ab","3","3","3","46146;46484;48165","86.588;71.230;70.052","0.1653330813172043","2.560265055874456e-08","0.2419547912000571","9450380.56293815","350.7602054495848","339.15213157759894","0.7986116050273282","False","20261380","100","-0.7773545367955017","-1.141354288729523","0.8514851485148515","0.8811881188118812","8007.280284211389","6644790.199358916","14895.020898562972","25970.990866948665","27478.87382696976","6800714.154406697","6936475.9002464125","6949387.69156828","5976.317340608686","1.872346001391121","1.048550857792558","6644790.199358916","-6440395.130325012","63167455.77674818","0.10519325367232617","1481","0.004558137949787341","-1.445965571882522","1.4440828042107998","-4095.9999999999995","4090.666666666666","C:\Users\kimeu\Downloads\starlink_pathB_wsl_package_v0_3_clean\starlink_pathB\outputs\coverage_null_global_stats\0_1_lst044_typical_full_polybeam_lines_S1000_multi.npz","9.10175923472585","9444.443085672718","1.7798436919007438e-05","140609741.2109375","False","False","False","False","False","False","False","False","False","0","3","3","3","0.0","0.2419547912000571","0.0","0.7241364102878726","2.5602650558744558e-08"
"0_1","14.60794900739243","short","typical","44","2461041.8055555555","2461041.8123785085","full_polybeam","khz_comb","30.0","single","coherent_ab","3","3","1","46146","86.588","0.1653330813172043","2.560265055874456e-08","0.2419547912000571","9450380.56293815","8.373445336500202","8.373445336500202","0.019080695839899735","False","20261397","100","2.3729871158304303","0.7721090053403908","0.04950495049504951","0.27722772277227725","1666.9124549776316","35102.30662572627","1064.4563980146777","1659.7031396009493","1681.915493329037","34885.055972233","35285.35219121668","35324.59006094529","171.24030750163365","1.1771152993990261","1.0607145791996844","35102.30662572627","-1078.4793015426549","63167455.77674818","0.0005557023976046755","1481","0.004558137949787341","-1.445965571882522","1.4440828042107998","-4095.9999999999995","4090.666666666666","C:\Users\kimeu\Downloads\starlink_pathB_wsl_package_v0_3_clean\starlink_pathB\outputs\coverage_null_global_stats\0_1_lst044_typical_full_polybeam_khz_comb_S30_single.npz","9.10175923472585","9444.443085672718","1.7798436919007438e-05","140609741.2109375","True","False","True","False","False","False","False","False","False","0","3","3","3","0.0","0.2419547912000571","0.0","0.7241364102878726","2.5602650558744558e-08"
"0_1","14.60794900739243","short","typical","44","2461041.8055555555","2461041.8123785085","full_polybeam","khz_comb","30.0","multi","coherent_ab","3","3","3","46146;46484;48165","86.588;71.230;70.052","0.1653330813172043","2.560265055874456e-08","0.2419547912000571","9450380.56293815","8.660041123402666","8.373445336500202","0.02077351081163405","False","20261414","100","2.260283306692031","-1.1121985759908526","0.019801980198019802","0.8613861386138614","1679.7407246930525","33592.91805510116","1070.195425550919","1654.2551473300439","1671.5825617441676","34765.44810884255","36353.3492596842","36733.29296783603","181.8943096807925","1.5460490721899656","1.1302697779820043","33592.91805510116","-1239.7730202863859","63167455.77674818","0.0005318073625416879","1481","0.004558137949787341","-1.445965571882522","1.4440828042107998","-4095.9999999999995","4090.666666666666","C:\Users\kimeu\Downloads\starlink_pathB_wsl_package_v0_3_clean\starlink_pathB\outputs\coverage_null_global_stats\0_1_lst044_typical_full_polybeam_khz_comb_S30_multi.npz","9.10175923472585","9444.443085672718","1.7798436919007438e-05","140609741.2109375","True","False","True","False","False","False","False","False","False","0","3","3","3","0.0","0.2419547912000571","0.0","0.7241364102878726","2.5602650558744558e-08"
"0_1","14.60794900739243","short","typical","44","2461041.8055555555","2461041.8123785085","full_polybeam","khz_comb","1000.0","single","coherent_ab","3","3","1","46146","86.588","0.1653330813172043","2.560265055874456e-08","0.2419547912000571","9450380.56293815","279.1148445500068","279.1148445500068","0.6360231946633248","False","20261431","100","-1.0794573433817063","-0.9823823903948973","0.8514851485148515","0.8316831683168316","9840.524239658494","4923208.977827249","25016.81957890687","38359.25341959631","38578.65664699852","5073050.303528182","5187781.933691498","5189079.830153782","9482.793398155714","1.303758337311331","1.0708674655526444","4923208.977827249","-4682075.803147413","63167455.77674818","0.07793901016414646","1481","0.004558137949787341","-1.445965571882522","1.4440828042107998","-4095.9999999999995","4090.666666666666","C:\Users\kimeu\Downloads\starlink_pathB_wsl_package_v0_3_clean\starlink_pathB\outputs\coverage_null_global_stats\0_1_lst044_typical_full_polybeam_khz_comb_S1000_single.npz","9.10175923472585","9444.443085672718","1.7798436919007438e-05","140609741.2109375","False","False","False","False","False","False","False","False","False","0","3","3","3","0.0","0.2419547912000571","0.0","0.7241364102878726","2.5602650558744558e-08"
"0_1","14.60794900739243","short","typical","44","2461041.8055555555","2461041.8123785085","full_polybeam","khz_comb","1000.0","multi","coherent_ab","3","3","3","46146;46484;48165","86.588;71.230;70.052","0.1653330813172043","2.560265055874456e-08","0.2419547912000571","9450380.56293815","288.6680374467556","279.1148445500068","0.692450360387802","False","20261448","100","-1.2984156826646769","-1.3299296040902704","0.8613861386138614","0.9108910891089109","9570.794815307017","4909072.7278511925","27335.536807764904","38095.43946084666","39898.931307373365","5068846.205818181","5198210.941071659","5213974.79984632","9228.288350467454","1.5608458969217187","0.9720745667217191","4909072.7278511925","-4681241.58717154","63167455.77674818","0.07771522008423541","1481","0.004558137949787341","-1.445965571882522","1.4440828042107998","-4095.9999999999995","4090.666666666666","C:\Users\kimeu\Downloads\starlink_pathB_wsl_package_v0_3_clean\starlink_pathB\outputs\coverage_null_global_stats\0_1_lst044_typical_full_polybeam_khz_comb_S1000_multi.npz","9.10175923472585","9444.443085672718","1.7798436919007438e-05","140609741.2109375","False","False","False","False","False","False","False","False","False","0","3","3","3","0.0","0.2419547912000571","0.0","0.7241364102878726","2.5602650558744558e-08"
"0_1","14.60794900739243","short","stress","0","2461041.5","2461041.506822953","frozen_polybeam","smooth","30.0","single","coherent_ab","4","4","1","46696","86.617","0.2350680443548387","1.9557868561271567e-06","0.5502745938468236","281357.1387510374","8.672296211070858","8.672296211070858","0.012084639056649343","False","20261421","100","-1.0645431812511283","-0.3629045881399427","0.9306930693069307","0.6435643564356436","3809.6672050468624","288803.5347881691","5342.207031853497","6917.545437104069","6967.990596639086","292993.48590623616","308801.9675492059","309132.501097198","971.0117634646595","1.1591874707648766","1.099464951836151","288803.5347881691","-79035.35476573378","1106626167.551434","0.0002609766000990086","1481","0.004558137949787341","-1.445965571882522","1.4440828042107998","-4095.9999999999995","4090.666666666666","C:\Users\kimeu\Downloads\starlink_pathB_wsl_package_v0_3_clean\starlink_pathB\outputs\coverage_null_global_stats\0_1_lst000_stress_frozen_polybeam_smooth_S30_single.npz","9.10175923472585","9444.443085672718","1.7798436919007438e-05","140609741.2109375","False","False","False","False","False","False","False","False","False","1","4","4","4","0.3308758856684498","0.5502745938468236","0.3308758856684498","0.7280464634021924","1.9557868561271567e-06"
"0_1","14.60794900739243","short","stress","0","2461041.5","2461041.506822953","frozen_polybeam","smooth","30.0","multi","coherent_ab","4","4","4","46696;48029;44725;46687","86.617;85.104;84.152;73.708","0.2350680443548387","1.9557868561271567e-06","0.5502745938468236","281357.1387510374","16.657009039584224","8.672296211070858","0.028255927854812866","False","20261438","100","0.9419899584296828","0.8009956890116939","0.2376237623762376","0.27722772277227725","6885.5831382181495","350550.05757839204","5327.228268545121","8895.639677854533","10088.117233494206","317489.2918672079","378192.776656761","385594.122055762","1115.825015090406","2.406127489064129","1.5922974190372932","350550.05757839204","-74082.46980378416","1106626167.551434","0.0003167736927403708","1481","0.004558137949787341","-1.445965571882522","1.4440828042107998","-4095.9999999999995","4090.666666666666","C:\Users\kimeu\Downloads\starlink_pathB_wsl_package_v0_3_clean\starlink_pathB\outputs\coverage_null_global_stats\0_1_lst000_stress_frozen_polybeam_smooth_S30_multi.npz","9.10175923472585","9444.443085672718","1.7798436919007438e-05","140609741.2109375","False","False","False","False","False","False","False","False","False","1","4","4","4","0.3308758856684498","0.5502745938468236","0.3308758856684498","0.7280464634021924","1.9557868561271567e-06"
"0_1","14.60794900739243","short","stress","0","2461041.5","2461041.506822953","frozen_polybeam","smooth","1000.0","single","coherent_ab","4","4","1","46696","86.617","0.2350680443548387","1.9557868561271567e-06","0.5502745938468236","281357.1387510374","289.0765403690286","289.0765403690286","0.4028213018883114","False","20261455","100","-0.7066920068048188","0.48511751628743516","0.8118811881188119","0.2871287128712871","122025.86318762787","10260550.617786463","149020.68770706607","220689.70447630042","223483.2905382981","9993522.485209156","10654497.159547137","10674659.182405075","25764.773786499165","1.1825576095271275","1.0563160503195315","10260550.617786463","-3503929.3667857074","1106626167.551434","0.009271921194931957","1481","0.004558137949787341","-1.445965571882522","1.4440828042107998","-4095.9999999999995","4090.666666666666","C:\Users\kimeu\Downloads\starlink_pathB_wsl_package_v0_3_clean\starlink_pathB\outputs\coverage_null_global_stats\0_1_lst000_stress_frozen_polybeam_smooth_S1000_single.npz","9.10175923472585","9444.443085672718","1.7798436919007438e-05","140609741.2109375","False","False","False","False","False","False","False","False","False","1","4","4","4","0.3308758856684498","0.5502745938468236","0.3308758856684498","0.7280464634021924","1.9557868561271567e-06"
"0_1","14.60794900739243","short","stress","0","2461041.5","2461041.506822953","frozen_polybeam","smooth","1000.0","multi","coherent_ab","4","4","4","46696;48029;44725;46687","86.617;85.104;84.152;73.708","0.2350680443548387","1.9557868561271567e-06","0.5502745938468236","281357.1387510374","555.2336346528075","289.0765403690286","0.9418642618270955","False","20261472","100","0.8543758517571477","1.661737954010717","0.2376237623762376","0.09900990099009901","195999.09943475015","12554897.300268937","153694.87169270217","260867.47412740855","310905.44897578924","10643781.339720054","13033036.655641397","13647314.725844836","33397.25793995801","2.2269239420931393","1.466793053990254","12554897.300268937","-4089169.497728819","1106626167.551434","0.011345201901422963","1481","0.004558137949787341","-1.445965571882522","1.4440828042107998","-4095.9999999999995","4090.666666666666","C:\Users\kimeu\Downloads\starlink_pathB_wsl_package_v0_3_clean\starlink_pathB\outputs\coverage_null_global_stats\0_1_lst000_stress_frozen_polybeam_smooth_S1000_multi.npz","9.10175923472585","9444.443085672718","1.7798436919007438e-05","140609741.2109375","False","False","False","False","False","False","False","False","False","1","4","4","4","0.3308758856684498","0.5502745938468236","0.3308758856684498","0.7280464634021924","1.9557868561271567e-06"
"0_1","14.60794900739243","short","stress","0","2461041.5","2461041.506822953","frozen_polybeam","lines","30.0","single","coherent_ab","4","4","1","46696","86.617","0.2350680443548387","1.9557868561271567e-06","0.5502745938468236","281357.1387510374","8.672115106711411","8.672115106711411","0.012097946172570463","False","20261489","100","-1.659538565795298","-0.39199266973684205","0.900990099009901","0.6633663366336634","3821.326410379261","288833.2480612183","5006.296783244237","6942.165713702887","6963.907839499693","294262.5268921916","308644.3669321853","308764.9347330527","481.61072193458676","1.0499144707988497","0.9537865421526476","288833.2480612183","-78985.12900530972","1106626167.551434","0.00026100345042472876","1481","0.004558137949787341","-1.445965571882522","1.4440828042107998","-4095.9999999999995","4090.666666666666","C:\Users\kimeu\Downloads\starlink_pathB_wsl_package_v0_3_clean\starlink_pathB\outputs\coverage_null_global_stats\0_1_lst000_stress_frozen_polybeam_lines_S30_single.npz","9.10175923472585","9444.443085672718","1.7798436919007438e-05","140609741.2109375","False","False","False","False","False","False","False","False","False","1","4","4","4","0.3308758856684498","0.5502745938468236","0.3308758856684498","0.7280464634021924","1.9557868561271567e-06"
"0_1","14.60794900739243","short","stress","0","2461041.5","2461041.506822953","frozen_polybeam","lines","30.0","multi","coherent_ab","4","4","4","46696;48029;44725;46687","86.617;85.104;84.152;73.708","0.2350680443548387","1.9557868561271567e-06","0.5502745938468236","281357.1387510374","16.656739275592443","8.672115106711411","0.028287817306963326","False","20261506","100","0.6299263032635957","0.9090226744699601","0.3069306930693069","0.2079207920792079","6903.173686105758","350405.49146731314","5399.079741050955","9785.059152987878","11163.876257841477","320016.7352851863","377131.7171789746","394085.4057094824","1610.5018350053579","2.136859448318255","1.4294376367980008","350405.49146731314","-74022.07730630014","1106626167.551434","0.0003166430559315569","1481","0.004558137949787341","-1.445965571882522","1.4440828042107998","-4095.9999999999995","4090.666666666666","C:\Users\kimeu\Downloads\starlink_pathB_wsl_package_v0_3_clean\starlink_pathB\outputs\coverage_null_global_stats\0_1_lst000_stress_frozen_polybeam_lines_S30_multi.npz","9.10175923472585","9444.443085672718","1.7798436919007438e-05","140609741.2109375","False","False","False","False","False","False","False","False","False","1","4","4","4","0.3308758856684498","0.5502745938468236","0.3308758856684498","0.7280464634021924","1.9557868561271567e-06"
"0_1","14.60794900739243","short","stress","0","2461041.5","2461041.506822953","frozen_polybeam","lines","1000.0","single","coherent_ab","4","4","1","46696","86.617","0.2350680443548387","1.9557868561271567e-06","0.5502745938468236","281357.1387510374","289.07050355704706","289.07050355704706","0.40326487241901565","False","20261523","100","-0.5745404015070645","0.479087717857299","0.8415841584158416","0.27722772277227725","122363.12888539769","10262216.637173468","151713.57174874283","222098.86620582175","227006.8485567227","9959492.232549962","10626502.77150531","10668841.77893591","34456.414981338196","1.3199362137800232","1.1322216467314556","10262216.637173468","-3502350.05230888","1106626167.551434","0.009273426689231527","1481","0.004558137949787341","-1.445965571882522","1.4440828042107998","-4095.9999999999995","4090.666666666666","C:\Users\kimeu\Downloads\starlink_pathB_wsl_package_v0_3_clean\starlink_pathB\outputs\coverage_null_global_stats\0_1_lst000_stress_frozen_polybeam_lines_S1000_single.npz","9.10175923472585","9444.443085672718","1.7798436919007438e-05","140609741.2109375","False","False","False","False","False","False","False","False","False","1","4","4","4","0.3308758856684498","0.5502745938468236","0.3308758856684498","0.7280464634021924","1.9557868561271567e-06"
"0_1","14.60794900739243","short","stress","0","2461041.5","2461041.506822953","frozen_polybeam","lines","1000.0","multi","coherent_ab","4","4","4","46696;48029;44725;46687","86.617;85.104;84.152;73.708","0.2350680443548387","1.9557868561271567e-06","0.5502745938468236","281357.1387510374","555.224642519748","289.07050355704706","0.9429272435654444","False","20261540","100","0.5536538350374591","1.6216228633190726","0.2871287128712871","0.04950495049504951","196411.01636651158","12548345.753373869","157750.16710363235","271564.5454831189","293189.42432379903","10608803.948266074","12374095.315909848","13396005.658364743","47098.71752187051","3.15360844415181","1.7090114170150978","12548345.753373869","-4086995.837473844","1106626167.551434","0.01133928161227097","1481","0.004558137949787341","-1.445965571882522","1.4440828042107998","-4095.9999999999995","4090.666666666666","C:\Users\kimeu\Downloads\starlink_pathB_wsl_package_v0_3_clean\starlink_pathB\outputs\coverage_null_global_stats\0_1_lst000_stress_frozen_polybeam_lines_S1000_multi.npz","9.10175923472585","9444.443085672718","1.7798436919007438e-05","140609741.2109375","False","False","False","False","False","False","False","False","False","1","4","4","4","0.3308758856684498","0.5502745938468236","0.3308758856684498","0.7280464634021924","1.9557868561271567e-06"
"0_1","14.60794900739243","short","stress","0","2461041.5","2461041.506822953","frozen_polybeam","khz_comb","30.0","single","coherent_ab","4","4","1","46696","86.617","0.2350680443548387","1.9557868561271567e-06","0.5502745938468236","281357.1387510374","7.136962544419982","7.136962544419982","0.010507619916273891","False","20261557","100","-1.5152028631342938","-0.5073402615276791","0.900990099009901","0.693069306930693","3381.7444879189134","249611.8272319617","5398.0901823481545","6377.506640564371","6419.381965509914","253847.01971060885","265080.03659949487","265468.84669052804","897.5738971279934","0.9691792468711217","0.8775213121079337","249611.8272319617","-64028.84825887557","1106626167.551434","0.0002255611104735242","1481","0.004558137949787341","-1.445965571882522","1.4440828042107998","-4095.9999999999995","4090.666666666666","C:\Users\kimeu\Downloads\starlink_pathB_wsl_package_v0_3_clean\starlink_pathB\outputs\coverage_null_global_stats\0_1_lst000_stress_frozen_polybeam_khz_comb_S30_single.npz","9.10175923472585","9444.443085672718","1.7798436919007438e-05","140609741.2109375","False","False","False","False","False","False","False","False","False","1","4","4","4","0.3308758856684498","0.5502745938468236","0.3308758856684498","0.7280464634021924","1.9557868561271567e-06"
"0_1","14.60794900739243","short","stress","0","2461041.5","2461041.506822953","frozen_polybeam","khz_comb","30.0","multi","coherent_ab","4","4","4","46696;48029;44725;46687","86.617;85.104;84.152;73.708","0.2350680443548387","1.9557868561271567e-06","0.5502745938468236","281357.1387510374","13.708134965836829","7.136962544419982","0.02489456923366374","False","20261574","100","0.6445449120581004","1.157583286964415","0.2871287128712871","0.1782178217821782","6209.167142886668","316809.8006452389","5300.912603301927","8199.995337159839","8822.530385513812","270895.79491256113","334525.3079469637","342515.1723774422","950.4524552780204","2.422168809979725","1.6263969591313083","316809.8006452389","-58986.78752535749","1106626167.551434","0.0002862843929908373","1481","0.004558137949787341","-1.445965571882522","1.4440828042107998","-4095.9999999999995","4090.666666666666","C:\Users\kimeu\Downloads\starlink_pathB_wsl_package_v0_3_clean\starlink_pathB\outputs\coverage_null_global_stats\0_1_lst000_stress_frozen_polybeam_khz_comb_S30_multi.npz","9.10175923472585","9444.443085672718","1.7798436919007438e-05","140609741.2109375","False","False","False","False","False","False","False","False","False","1","4","4","4","0.3308758856684498","0.5502745938468236","0.3308758856684498","0.7280464634021924","1.9557868561271567e-06"
"0_1","14.60794900739243","short","stress","0","2461041.5","2461041.506822953","frozen_polybeam","khz_comb","1000.0","single","coherent_ab","4","4","1","46696","86.617","0.2350680443548387","1.9557868561271567e-06","0.5502745938468236","281357.1387510374","237.89875148066602","237.89875148066602","0.3502539972091298","False","20261591","100","-0.8925742388076338","0.5639622854578085","0.8811881188118812","0.32673267326732675","111662.54853313044","8708524.939447148","143356.72087367065","208961.6903437591","211185.5455464562","8582678.01095409","8990657.194039956","9040019.546599131","23950.306252968498","1.1416823998919112","0.9794710206169971","8708524.939447148","-2624083.592905633","1106626167.551434","0.007869437028329073","1481","0.004558137949787341","-1.445965571882522","1.4440828042107998","-4095.9999999999995","4090.666666666666","C:\Users\kimeu\Downloads\starlink_pathB_wsl_package_v0_3_clean\starlink_pathB\outputs\coverage_null_global_stats\0_1_lst000_stress_frozen_polybeam_khz_comb_S1000_single.npz","9.10175923472585","9444.443085672718","1.7798436919007438e-05","140609741.2109375","False","False","False","False","False","False","False","False","False","1","4","4","4","0.3308758856684498","0.5502745938468236","0.3308758856684498","0.7280464634021924","1.9557868561271567e-06"
"0_1","14.60794900739243","short","stress","0","2461041.5","2461041.506822953","frozen_polybeam","khz_comb","1000.0","multi","coherent_ab","4","4","4","46696;48029;44725;46687","86.617;85.104;84.152;73.708","0.2350680443548387","1.9557868561271567e-06","0.5502745938468236","281357.1387510374","456.93783219456094","237.89875148066602","0.8298189744554582","False","20261608","100","0.5648359774564998","1.4518314510652024","0.31683168316831684","0.10891089108910891","182562.92083721422","11074718.269431468","150134.3444188945","242644.15728680714","292097.71123827115","9345816.49429709","11348695.363671824","11648718.494338905","38724.118169016205","2.74900692809696","1.594454541234613","11074718.269431468","-3034759.48064843","1106626167.551434","0.010007641780182949","1481","0.004558137949787341","-1.445965571882522","1.4440828042107998","-4095.9999999999995","4090.666666666666","C:\Users\kimeu\Downloads\starlink_pathB_wsl_package_v0_3_clean\starlink_pathB\outputs\coverage_null_global_stats\0_1_lst000_stress_frozen_polybeam_khz_comb_S1000_multi.npz","9.10175923472585","9444.443085672718","1.7798436919007438e-05","140609741.2109375","False","False","False","False","False","False","False","False","False","1","4","4","4","0.3308758856684498","0.5502745938468236","0.3308758856684498","0.7280464634021924","1.9557868561271567e-06"
"0_1","14.60794900739243","short","stress","0","2461041.5","2461041.506822953","full_polybeam","smooth","30.0","single","coherent_ab","4","4","1","46696","86.617","0.2350680443548387","1.9557868561271567e-06","0.5502745938468236","281357.1387510374","12.072875372655629","12.072875372655629","0.017346315575010356","False","20261625","100","-0.5259448938391412","-0.5995781107366713","0.7326732673267327","0.7326732673267327","4830.017718596384","372738.2170120826","5448.6578272795305","7131.885175084974","7178.26545129966","382521.4961614819","402683.07472216105","403644.13174013887","793.3664565170184","0.8757455164508657","0.8346191993780863","372738.2170120826","-85995.97903951429","1106626167.551434","0.0003368239681488992","1481","0.004558137949787341","-1.445965571882522","1.4440828042107998","-4095.9999999999995","4090.666666666666","C:\Users\kimeu\Downloads\starlink_pathB_wsl_package_v0_3_clean\starlink_pathB\outputs\coverage_null_global_stats\0_1_lst000_stress_full_polybeam_smooth_S30_single.npz","9.10175923472585","9444.443085672718","1.7798436919007438e-05","140609741.2109375","False","False","False","False","False","False","False","False","False","1","4","4","4","0.3308758856684498","0.5502745938468236","0.3308758856684498","0.7280464634021924","1.9557868561271567e-06"
"0_1","14.60794900739243","short","stress","0","2461041.5","2461041.506822953","full_polybeam","smooth","30.0","multi","coherent_ab","4","4","4","46696;48029;44725;46687","86.617;85.104;84.152;73.708","0.2350680443548387","1.9557868561271567e-06","0.5502745938468236","281357.1387510374","26.34682571611939","12.072875372655629","0.043622784781913344","False","20261642","100","1.3567277166091258","0.02652074051746111","0.15841584158415842","0.49504950495049505","8177.6018479745835","439798.61088179017","5803.382637583651","9853.85837660348","10000.357923826334","439164.47850537766","487497.2893350824","506308.21100148733","1180.3318372406065","1.948876154676151","1.290665861853242","439798.61088179017","-83759.71708235866","1106626167.551434","0.00039742292725185275","1481","0.004558137949787341","-1.445965571882522","1.4440828042107998","-4095.9999999999995","4090.666666666666","C:\Users\kimeu\Downloads\starlink_pathB_wsl_package_v0_3_clean\starlink_pathB\outputs\coverage_null_global_stats\0_1_lst000_stress_full_polybeam_smooth_S30_multi.npz","9.10175923472585","9444.443085672718","1.7798436919007438e-05","140609741.2109375","False","False","False","False","False","False","False","False","False","1","4","4","4","0.3308758856684498","0.5502745938468236","0.3308758856684498","0.7280464634021924","1.9557868561271567e-06"
"0_1","14.60794900739243","short","stress","0","2461041.5","2461041.506822953","full_polybeam","smooth","1000.0","single","coherent_ab","4","4","1","46696","86.617","0.2350680443548387","1.9557868561271567e-06","0.5502745938468236","281357.1387510374","402.4291790885209","402.4291790885209","0.5782105191670122","False","20261659","100","0.016495141976262548","0.2270164005601794","0.49504950495049505","0.36633663366336633","131962.1586399246","14046586.205250368","131247.48760685977","202335.95331107115","208964.18582872165","13857255.104649274","14529107.86020437","14536902.031959316","29223.08935330808","0.9894208132746292","0.8464607336435447","14046586.205250368","-5584148.0886535095","1106626167.551434","0.012693162891973189","1481","0.004558137949787341","-1.445965571882522","1.4440828042107998","-4095.9999999999995","4090.666666666666","C:\Users\kimeu\Downloads\starlink_pathB_wsl_package_v0_3_clean\starlink_pathB\outputs\coverage_null_global_stats\0_1_lst000_stress_full_polybeam_smooth_S1000_single.npz","9.10175923472585","9444.443085672718","1.7798436919007438e-05","140609741.2109375","False","False","False","False","False","False","False","False","False","1","4","4","4","0.3308758856684498","0.5502745938468236","0.3308758856684498","0.7280464634021924","1.9557868561271567e-06"
"0_1","14.60794900739243","short","stress","0","2461041.5","2461041.506822953","full_polybeam","smooth","1000.0","multi","coherent_ab","4","4","4","46696;48029;44725;46687","86.617;85.104;84.152;73.708","0.2350680443548387","1.9557868561271567e-06","0.5502745938468236","281357.1387510374","878.2275238706462","402.4291790885209","1.4540928260637789","False","20261676","100","1.0616778544333154","0.6791445038133977","0.12871287128712872","0.22772277227722773","159644.9227281548","17836666.468286075","122825.81114781182","180413.71304851322","197758.6083614611","16777498.690091096","19195120.118876636","19679568.783967447","23391.418055276852","2.11388156321018","1.3002490189426128","17836666.468286075","-8878338.920342486","1106626167.551434","0.016118059550093784","1481","0.004558137949787341","-1.445965571882522","1.4440828042107998","-4095.9999999999995","4090.666666666666","C:\Users\kimeu\Downloads\starlink_pathB_wsl_package_v0_3_clean\starlink_pathB\outputs\coverage_null_global_stats\0_1_lst000_stress_full_polybeam_smooth_S1000_multi.npz","9.10175923472585","9444.443085672718","1.7798436919007438e-05","140609741.2109375","False","False","False","False","False","False","False","False","False","1","4","4","4","0.3308758856684498","0.5502745938468236","0.3308758856684498","0.7280464634021924","1.9557868561271567e-06"
"0_1","14.60794900739243","short","stress","0","2461041.5","2461041.506822953","full_polybeam","lines","30.0","single","coherent_ab","4","4","1","46696","86.617","0.2350680443548387","1.9557868561271567e-06","0.5502745938468236","281357.1387510374","12.072411630672049","12.072411630672049","0.017363297573246776","False","20261693","100","-0.5870096470209278","-0.610518967541956","0.7227722772277227","0.8217821782178217","4845.726354420185","372806.0810802281","5395.791988480836","7148.786570389382","7210.49274800621","384464.03508176736","403462.22023791267","403519.0089877338","632.0410391250625","1.5420983612237953","1.3449811156794529","372806.0810802281","-85923.44721988801","1106626167.551434","0.00033688529334627423","1481","0.004558137949787341","-1.445965571882522","1.4440828042107998","-4095.9999999999995","4090.666666666666","C:\Users\kimeu\Downloads\starlink_pathB_wsl_package_v0_3_clean\starlink_pathB\outputs\coverage_null_global_stats\0_1_lst000_stress_full_polybeam_lines_S30_single.npz","9.10175923472585","9444.443085672718","1.7798436919007438e-05","140609741.2109375","False","False","False","False","False","False","False","False","False","1","4","4","4","0.3308758856684498","0.5502745938468236","0.3308758856684498","0.7280464634021924","1.9557868561271567e-06"
"0_1","14.60794900739243","short","stress","0","2461041.5","2461041.506822953","full_polybeam","lines","30.0","multi","coherent_ab","4","4","4","46696;48029;44725;46687","86.617;85.104;84.152;73.708","0.2350680443548387","1.9557868561271567e-06","0.5502745938468236","281357.1387510374","26.345768795069002","12.072411630672049","0.04366535044436713","False","20261710","100","1.3208797606803255","0.0359769777237301","0.09900990099009901","0.49504950495049505","8200.87487824075","440067.64030733006","5726.705041870475","8775.03671218073","10092.848889931016","439009.33578493795","489704.4970398817","499342.92929677","1263.4039385598153","2.1012699362227267","1.3648057746955597","440067.64030733006","-83700.2965111958","1106626167.551434","0.00039766603502702417","1481","0.004558137949787341","-1.445965571882522","1.4440828042107998","-4095.9999999999995","4090.666666666666","C:\Users\kimeu\Downloads\starlink_pathB_wsl_package_v0_3_clean\starlink_pathB\outputs\coverage_null_global_stats\0_1_lst000_stress_full_polybeam_lines_S30_multi.npz","9.10175923472585","9444.443085672718","1.7798436919007438e-05","140609741.2109375","False","False","False","False","False","False","False","False","False","1","4","4","4","0.3308758856684498","0.5502745938468236","0.3308758856684498","0.7280464634021924","1.9557868561271567e-06"
"0_1","14.60794900739243","short","stress","0","2461041.5","2461041.506822953","full_polybeam","lines","1000.0","single","coherent_ab","4","4","1","46696","86.617","0.2350680443548387","1.9557868561271567e-06","0.5502745938468236","281357.1387510374","402.41372102240166","402.41372102240166","0.5787765857748929","False","20261727","100","-0.455194890225131","0.6741611914471697","0.6237623762376238","0.21782178217821782","132347.5088325441","14040151.295016123","146744.675490262","205693.16424394035","210506.69647947754","13462484.243415862","14512133.4158437","14526167.71081944","21333.182954827324","1.330196848281372","1.1891395168950893","14040151.295016123","-5581035.8253855165","1106626167.551434","0.012687348001251346","1481","0.004558137949787341","-1.445965571882522","1.4440828042107998","-4095.9999999999995","4090.666666666666","C:\Users\kimeu\Downloads\starlink_pathB_wsl_package_v0_3_clean\starlink_pathB\outputs\coverage_null_global_stats\0_1_lst000_stress_full_polybeam_lines_S1000_single.npz","9.10175923472585","9444.443085672718","1.7798436919007438e-05","140609741.2109375","False","False","False","False","False","False","False","False","False","1","4","4","4","0.3308758856684498","0.5502745938468236","0.3308758856684498","0.7280464634021924","1.9557868561271567e-06"
"0_1","14.60794900739243","short","stress","0","2461041.5","2461041.506822953","full_polybeam","lines","1000.0","multi","coherent_ab","4","4","4","46696;48029;44725;46687","86.617;85.104;84.152;73.708","0.2350680443548387","1.9557868561271567e-06","0.5502745938468236","281357.1387510374","878.1922931689668","402.41372102240166","1.4555116814789049","False","20261744","100","0.9674521919893639","0.8897405211117712","0.15841584158415842","0.1782178217821782","159939.49184608087","17835310.15464371","125471.69330078643","177048.63455701052","228957.2136083052","16255299.296113685","18787955.368374705","19677523.330485195","24030.34673010232","2.6485311567269743","1.4426638374798002","17835310.15464371","-8874081.309016854","1106626167.551434","0.01611683392062456","1481","0.004558137949787341","-1.445965571882522","1.4440828042107998","-4095.9999999999995","4090.666666666666","C:\Users\kimeu\Downloads\starlink_pathB_wsl_package_v0_3_clean\starlink_pathB\outputs\coverage_null_global_stats\0_1_lst000_stress_full_polybeam_lines_S1000_multi.npz","9.10175923472585","9444.443085672718","1.7798436919007438e-05","140609741.2109375","False","False","False","False","False","False","False","False","False","1","4","4","4","0.3308758856684498","0.5502745938468236","0.3308758856684498","0.7280464634021924","1.9557868561271567e-06"
"0_1","14.60794900739243","short","stress","0","2461041.5","2461041.506822953","full_polybeam","khz_comb","30.0","single","coherent_ab","4","4","1","46696","86.617","0.2350680443548387","1.9557868561271567e-06","0.5502745938468236","281357.1387510374","9.93533279583045","9.93533279583045","0.014751208943861694","False","20261761","100","-0.27219753730151963","-0.6607860463588878","0.7029702970297029","0.7524752475247525","4190.785763371736","311894.37429715396","4390.289080181159","6349.752028373349","6466.719505771976","321079.03518713","337897.0131393364","338945.6869995379","494.35841707792133","0.7466079549862268","0.7131911772968448","311894.37429715396","-69664.93876447192","1106626167.551434","0.00028184258012555776","1481","0.004558137949787341","-1.445965571882522","1.4440828042107998","-4095.9999999999995","4090.666666666666","C:\Users\kimeu\Downloads\starlink_pathB_wsl_package_v0_3_clean\starlink_pathB\outputs\coverage_null_global_stats\0_1_lst000_stress_full_polybeam_khz_comb_S30_single.npz","9.10175923472585","9444.443085672718","1.7798436919007438e-05","140609741.2109375","False","False","False","False","False","False","False","False","False","1","4","4","4","0.3308758856684498","0.5502745938468236","0.3308758856684498","0.7280464634021924","1.9557868561271567e-06"
"0_1","14.60794900739243","short","stress","0","2461041.5","2461041.506822953","full_polybeam","khz_comb","30.0","multi","coherent_ab","4","4","4","46696;48029;44725;46687","86.617;85.104;84.152;73.708","0.2350680443548387","1.9557868561271567e-06","0.5502745938468236","281357.1387510374","21.681996004508683","9.93533279583045","0.037200896432501865","False","20261778","100","1.871103073950239","0.28619255549117445","0.10891089108910891","0.3564356435643564","7234.0949203670025","377899.60464039637","4732.021311528981","7817.97767168479","8452.866857667344","368836.4664055003","419621.2145079406","438803.993608571","901.9415082936175","2.7835773048450547","1.8183762260190088","377899.60464039637","-66558.97579184073","1106626167.551434","0.0003414880433168794","1481","0.004558137949787341","-1.445965571882522","1.4440828042107998","-4095.9999999999995","4090.666666666666","C:\Users\kimeu\Downloads\starlink_pathB_wsl_package_v0_3_clean\starlink_pathB\outputs\coverage_null_global_stats\0_1_lst000_stress_full_polybeam_khz_comb_S30_multi.npz","9.10175923472585","9444.443085672718","1.7798436919007438e-05","140609741.2109375","False","False","False","False","False","False","False","False","False","1","4","4","4","0.3308758856684498","0.5502745938468236","0.3308758856684498","0.7280464634021924","1.9557868561271567e-06"
"0_1","14.60794900739243","short","stress","0","2461041.5","2461041.506822953","full_polybeam","khz_comb","1000.0","single","coherent_ab","4","4","1","46696","86.617","0.2350680443548387","1.9557868561271567e-06","0.5502745938468236","281357.1387510374","331.1777598610149","331.1777598610149","0.4917069647953899","False","20261795","100","-0.26269149805562014","0.44593598312534394","0.7029702970297029","0.24752475247524752","120823.97303010896","11466383.987377923","127595.54122530855","194623.0889698378","196638.57742985256","11190276.711840097","11833268.7107341","11924981.2570612","17386.783389010467","1.2616528044467783","1.0346906530363578","11466383.987377923","-4091987.8637636593","1106626167.551434","0.01036156953774996","1481","0.004558137949787341","-1.445965571882522","1.4440828042107998","-4095.9999999999995","4090.666666666666","C:\Users\kimeu\Downloads\starlink_pathB_wsl_package_v0_3_clean\starlink_pathB\outputs\coverage_null_global_stats\0_1_lst000_stress_full_polybeam_khz_comb_S1000_single.npz","9.10175923472585","9444.443085672718","1.7798436919007438e-05","140609741.2109375","False","False","False","False","False","False","False","False","False","1","4","4","4","0.3308758856684498","0.5502745938468236","0.3308758856684498","0.7280464634021924","1.9557868561271567e-06"
"0_1","14.60794900739243","short","stress","0","2461041.5","2461041.506822953","full_polybeam","khz_comb","1000.0","multi","coherent_ab","4","4","4","46696;48029;44725;46687","86.617;85.104;84.152;73.708","0.2350680443548387","1.9557868561271567e-06","0.5502745938468236","281357.1387510374","722.7332001502893","331.1777598610149","1.2400298810833954","False","20261812","100","1.5547513131373314","0.8809616443780243","0.09900990099009901","0.19801980198019803","160399.38046469353","14572715.253420155","110735.14082298987","168300.4124084304","222638.0588733413","13471750.687479608","15757962.217294184","16343119.845025929","21545.61339277122","2.3138362166756705","1.2989783616449808","14572715.253420155","-6306584.0197810475","1106626167.551434","0.01316859810541471","1481","0.004558137949787341","-1.445965571882522","1.4440828042107998","-4095.9999999999995","4090.666666666666","C:\Users\kimeu\Downloads\starlink_pathB_wsl_package_v0_3_clean\starlink_pathB\outputs\coverage_null_global_stats\0_1_lst000_stress_full_polybeam_khz_comb_S1000_multi.npz","9.10175923472585","9444.443085672718","1.7798436919007438e-05","140609741.2109375","False","False","False","False","False","False","False","False","False","1","4","4","4","0.3308758856684498","0.5502745938468236","0.3308758856684498","0.7280464634021924","1.9557868561271567e-06"
"0_197","160.250312485456","mid","quiet","22","2461041.652777778","2461041.6596007315","frozen_polybeam","smooth","30.0","single","coherent_ab","3","3","1","45217","81.305","0.1653960853494623","3.763898124503042e-08","0.0434769020580605","1155103.0506119488","0.07542347043701969","0.07542347043701969","0.00011492317575262808","False","20261851","100","-0.2590419616050289","0.23719799016305035","0.594059405940594","0.39603960396039606","0.21160299156144902","48.40731497868812","0.23093074301368688","0.484319413471394","0.48566555205812617","48.19214853530762","49.08422479435101","49.1027094403928","0.05032539776652811","1.1145233098303409","1.0315819649610074","48.40731497868812","-9.03851986710281","2259634.4707073094","2.142263078662262e-05","1299","0.05000312024881745","-1.445965571882522","1.4440828042107998","-4095.9999999999995","4090.666666666666","C:\Users\kimeu\Downloads\starlink_pathB_wsl_package_v0_3_clean\starlink_pathB\outputs\coverage_null_global_stats\0_197_lst022_quiet_frozen_polybeam_smooth_S30_single.npz","9.10175923472585","9444.443085672718","1.7798436919007438e-05","140609741.2109375","False","False","False","False","False","False","False","False","False","0","3","3","3","0.0","0.0434769020580605","0.0","0.1229563272443203","3.763898124503042e-08"
"0_197","160.250312485456","mid","quiet","22","2461041.652777778","2461041.6596007315","frozen_polybeam","smooth","30.0","multi","coherent_ab","3","3","3","45217;47392;47391","81.305;72.962;70.439","0.1653960853494623","3.763898124503042e-08","0.0434769020580605","1155103.0506119488","0.08440222944059311","0.07542347043701969","0.00025239517706225395","False","20261868","100","-0.6204173358270758","-1.2109290059223057","0.7425742574257426","0.9405940594059405","0.291027980243598","53.966467174657716","0.3755863747621788","0.6131120507974174","0.6464488249335455","57.39261604517999","62.011156406852066","63.15665245979502","0.09192821097258275","2.454082464069476","1.3103279069343035","53.966467174657716","-5.115772424808586","2259634.4707073094","2.3882830552573913e-05","1299","0.05000312024881745","-1.445965571882522","1.4440828042107998","-4095.9999999999995","4090.666666666666","C:\Users\kimeu\Downloads\starlink_pathB_wsl_package_v0_3_clean\starlink_pathB\outputs\coverage_null_global_stats\0_197_lst022_quiet_frozen_polybeam_smooth_S30_multi.npz","9.10175923472585","9444.443085672718","1.7798436919007438e-05","140609741.2109375","False","False","False","False","False","False","False","False","False","0","3","3","3","0.0","0.0434769020580605","0.0","0.1229563272443203","3.763898124503042e-08"
"0_197","160.250312485456","mid","quiet","22","2461041.652777778","2461041.6596007315","frozen_polybeam","smooth","1000.0","single","coherent_ab","3","3","1","45217","81.305","0.1653960853494623","3.763898124503042e-08","0.0434769020580605","1155103.0506119488","2.5141156812339895","2.5141156812339895","0.003830772525087603","False","20261885","100","-0.22106670273917395","0.1186574697983159","0.6435643564356436","0.43564356435643564","7.059629748424413","1615.5120617939228","7.413943749426835","16.12825004589995","16.208651153425343","1612.4680136358625","1636.3234065805552","1637.2520947552985","1.081038060767014","1.1272547967167388","1.0035924758115315","1615.5120617939228","-304.7087750431185","2259634.4707073094","0.0007149439799828493","1299","0.05000312024881745","-1.445965571882522","1.4440828042107998","-4095.9999999999995","4090.666666666666","C:\Users\kimeu\Downloads\starlink_pathB_wsl_package_v0_3_clean\starlink_pathB\outputs\coverage_null_global_stats\0_197_lst022_quiet_frozen_polybeam_smooth_S1000_single.npz","9.10175923472585","9444.443085672718","1.7798436919007438e-05","140609741.2109375","False","False","False","False","False","False","False","False","False","0","3","3","3","0.0","0.0434769020580605","0.0","0.1229563272443203","3.763898124503042e-08"
"0_197","160.250312485456","mid","quiet","22","2461041.652777778","2461041.6596007315","frozen_polybeam","smooth","1000.0","multi","coherent_ab","3","3","3","45217;47392;47391","81.305;72.962;70.439","0.1653960853494623","3.763898124503042e-08","0.0434769020580605","1155103.0506119488","2.8134076480197705","2.5141156812339895","0.0084131725687418","False","20261902","100","-0.4951433793707698","-1.7073331038635025","0.7029702970297029","0.9504950495049505","9.702855770076894","1800.2815089642568","11.931036629444407","19.98834106945203","21.899417981155793","1921.6866536036894","2024.2378322242148","2092.3212652183424","3.0352569835345093","2.411188111336113","1.3202452920343228","1800.2815089642568","-171.81522526297329","2259634.4707073094","0.0007967135978416605","1299","0.05000312024881745","-1.445965571882522","1.4440828042107998","-4095.9999999999995","4090.666666666666","C:\Users\kimeu\Downloads\starlink_pathB_wsl_package_v0_3_clean\starlink_pathB\outputs\coverage_null_global_stats\0_197_lst022_quiet_frozen_polybeam_smooth_S1000_multi.npz","9.10175923472585","9444.443085672718","1.7798436919007438e-05","140609741.2109375","False","False","False","False","False","False","False","False","False","0","3","3","3","0.0","0.0434769020580605","0.0","0.1229563272443203","3.763898124503042e-08"
"0_197","160.250312485456","mid","quiet","22","2461041.652777778","2461041.6596007315","frozen_polybeam","lines","30.0","single","coherent_ab","3","3","1","45217","81.305","0.1653960853494623","3.763898124503042e-08","0.0434769020580605","1155103.0506119488","0.07541421998036474","0.07541421998036474","0.00011507416469414358","False","20261919","100","-0.19797671768691136","0.07341716313852611","0.6138613861386139","0.49504950495049505","0.2169637946462899","48.35509305399462","0.22907679758736776","0.4880006928671946","0.49163624225873265","48.280727590095715","49.20044993640414","49.2515644308944","0.04126802711311939","1.2360433065841216","1.14734237157323","48.35509305399462","-8.829462295810089","2259634.4707073094","2.13995200023916e-05","1299","0.05000312024881745","-1.445965571882522","1.4440828042107998","-4095.9999999999995","4090.666666666666","C:\Users\kimeu\Downloads\starlink_pathB_wsl_package_v0_3_clean\starlink_pathB\outputs\coverage_null_global_stats\0_197_lst022_quiet_frozen_polybeam_lines_S30_single.npz","9.10175923472585","9444.443085672718","1.7798436919007438e-05","140609741.2109375","False","False","False","False","False","False","False","False","False","0","3","3","3","0.0","0.0434769020580605","0.0","0.1229563272443203","3.763898124503042e-08"
"0_197","160.250312485456","mid","quiet","22","2461041.652777778","2461041.6596007315","frozen_polybeam","lines","30.0","multi","coherent_ab","3","3","3","45217;47392;47391","81.305;72.962;70.439","0.1653960853494623","3.763898124503042e-08","0.0434769020580605","1155103.0506119488","0.08439268697460664","0.07541421998036474","0.0002527030633312223","False","20261936","100","-0.5112210485973755","-1.73043456830864","0.7029702970297029","0.9603960396039604","0.286132609508968","53.97083389839084","0.35536766557788724","0.5676711028270575","0.6210348787978185","57.4346059970986","61.254747135898306","61.98221823938964","0.0913467973950901","2.5126427829394142","1.4965180398009368","53.97083389839084","-4.8962578058165604","2259634.4707073094","2.388476304377536e-05","1299","0.05000312024881745","-1.445965571882522","1.4440828042107998","-4095.9999999999995","4090.666666666666","C:\Users\kimeu\Downloads\starlink_pathB_wsl_package_v0_3_clean\starlink_pathB\outputs\coverage_null_global_stats\0_197_lst022_quiet_frozen_polybeam_lines_S30_multi.npz","9.10175923472585","9444.443085672718","1.7798436919007438e-05","140609741.2109375","False","False","False","False","False","False","False","False","False","0","3","3","3","0.0","0.0434769020580605","0.0","0.1229563272443203","3.763898124503042e-08"
"0_197","160.250312485456","mid","quiet","22","2461041.652777778","2461041.6596007315","frozen_polybeam","lines","1000.0","single","coherent_ab","3","3","1","45217","81.305","0.1653960853494623","3.763898124503042e-08","0.0434769020580605","1155103.0506119488","2.5138073326788244","2.5138073326788244","0.0038358054898047856","False","20261953","100","-0.45589957843174383","-0.04622964996088587","0.7326732673267327","0.5247524752475248","7.238464243571798","1613.795010207256","9.11888501352928","16.056738486532915","16.329386115520357","1615.2253578427844","1640.8855535040084","1642.1071349332885","2.782030283131917","1.5836480010124645","1.2865530204391618","1613.795010207256","-297.7426769081298","2259634.4707073094","0.0007141840997416307","1299","0.05000312024881745","-1.445965571882522","1.4440828042107998","-4095.9999999999995","4090.666666666666","C:\Users\kimeu\Downloads\starlink_pathB_wsl_package_v0_3_clean\starlink_pathB\outputs\coverage_null_global_stats\0_197_lst022_quiet_frozen_polybeam_lines_S1000_single.npz","9.10175923472585","9444.443085672718","1.7798436919007438e-05","140609741.2109375","False","False","False","False","False","False","False","False","False","0","3","3","3","0.0","0.0434769020580605","0.0","0.1229563272443203","3.763898124503042e-08"
"0_197","160.250312485456","mid","quiet","22","2461041.652777778","2461041.6596007315","frozen_polybeam","lines","1000.0","multi","coherent_ab","3","3","3","45217;47392;47391","81.305;72.962;70.439","0.1653960853494623","3.763898124503042e-08","0.0434769020580605","1155103.0506119488","2.8130895658202215","2.5138073326788244","0.008423435444374076","False","20261970","100","-0.652275173275932","-1.8302158096915198","0.7029702970297029","0.9900990099009901","9.539776062839337","1800.4417611063795","13.084587551489903","19.999355367021803","22.50495708084604","1927.3098049605478","2063.8916233872296","2102.6921841353555","3.665542843173398","2.342136155674253","1.4229926525818413","1800.4417611063795","-164.50145910170116","2259634.4707073094","0.0007967845173395705","1299","0.05000312024881745","-1.445965571882522","1.4440828042107998","-4095.9999999999995","4090.666666666666","C:\Users\kimeu\Downloads\starlink_pathB_wsl_package_v0_3_clean\starlink_pathB\outputs\coverage_null_global_stats\0_197_lst022_quiet_frozen_polybeam_lines_S1000_multi.npz","9.10175923472585","9444.443085672718","1.7798436919007438e-05","140609741.2109375","False","False","False","False","False","False","False","False","False","0","3","3","3","0.0","0.0434769020580605","0.0","0.1229563272443203","3.763898124503042e-08"
"0_197","160.250312485456","mid","quiet","22","2461041.652777778","2461041.6596007315","frozen_polybeam","khz_comb","30.0","single","coherent_ab","3","3","1","45217","81.305","0.1653960853494623","3.763898124503042e-08","0.0434769020580605","1155103.0506119488","0.06206426652478048","0.06206426652478048","0.00010194889884026375","False","20261987","100","-0.34566796130229543","-0.2598943805494532","0.693069306930693","0.5841584158415841","0.20129514694599493","41.92988212412206","0.21902921558694288","0.43387405468060936","0.4397833027044271","42.128069081490764","42.893970284553205","42.91704596798823","0.034603916953074076","1.1211876374948453","1.0364804756051083","41.92988212412206","-7.230115110402953","2259634.4707073094","1.855604641709913e-05","1299","0.05000312024881745","-1.445965571882522","1.4440828042107998","-4095.9999999999995","4090.666666666666","C:\Users\kimeu\Downloads\starlink_pathB_wsl_package_v0_3_clean\starlink_pathB\outputs\coverage_null_global_stats\0_197_lst022_quiet_frozen_polybeam_khz_comb_S30_single.npz","9.10175923472585","9444.443085672718","1.7798436919007438e-05","140609741.2109375","False","False","False","False","False","False","False","False","False","0","3","3","3","0.0","0.0434769020580605","0.0","0.1229563272443203","3.763898124503042e-08"
"0_197","160.250312485456","mid","quiet","22","2461041.652777778","2461041.6596007315","frozen_polybeam","khz_comb","30.0","multi","coherent_ab","3","3","3","45217;47392;47391","81.305;72.962;70.439","0.1653960853494623","3.763898124503042e-08","0.0434769020580605","1155103.0506119488","0.06945335002467827","0.06206426652478048","0.0002254339511954655","False","20262004","100","-0.5024576975957922","-1.0202165570879764","0.693069306930693","0.8712871287128713","0.28633138239729305","48.71640225282228","0.3594726429544153","0.5500549010085933","0.5708472411707182","51.41973394559408","55.82344548711286","56.522687301928194","0.09818359758105544","2.213822790734115","1.4769128015466402","48.71640225282228","-3.191625528465475","2259634.4707073094","2.1559417190857908e-05","1299","0.05000312024881745","-1.445965571882522","1.4440828042107998","-4095.9999999999995","4090.666666666666","C:\Users\kimeu\Downloads\starlink_pathB_wsl_package_v0_3_clean\starlink_pathB\outputs\coverage_null_global_stats\0_197_lst022_quiet_frozen_polybeam_khz_comb_S30_multi.npz","9.10175923472585","9444.443085672718","1.7798436919007438e-05","140609741.2109375","False","False","False","False","False","False","False","False","False","0","3","3","3","0.0","0.0434769020580605","0.0","0.1229563272443203","3.763898124503042e-08"
"0_197","160.250312485456","mid","quiet","22","2461041.652777778","2461041.6596007315","frozen_polybeam","khz_comb","1000.0","single","coherent_ab","3","3","1","45217","81.305","0.1653960853494623","3.763898124503042e-08","0.0434769020580605","1155103.0506119488","2.068808884159349","2.068808884159349","0.003398296628008793","False","20262021","100","-0.5910228298585523","0.14748684315494248","0.7425742574257426","0.46534653465346537","6.71631478735253","1399.0162923741022","8.756741278878053","14.394268495277128","14.664659072884314","1394.057014982983","1429.7884682337435","1430.2595026437468","2.3285882446446067","1.3702320373451329","1.182665072276411","1399.0162923741022","-242.73435281579225","2259634.4707073094","0.0006191338955526657","1299","0.05000312024881745","-1.445965571882522","1.4440828042107998","-4095.9999999999995","4090.666666666666","C:\Users\kimeu\Downloads\starlink_pathB_wsl_package_v0_3_clean\starlink_pathB\outputs\coverage_null_global_stats\0_197_lst022_quiet_frozen_polybeam_khz_comb_S1000_single.npz","9.10175923472585","9444.443085672718","1.7798436919007438e-05","140609741.2109375","False","False","False","False","False","False","False","False","False","0","3","3","3","0.0","0.0434769020580605","0.0","0.1229563272443203","3.763898124503042e-08"
"0_197","160.250312485456","mid","quiet","22","2461041.652777778","2461041.6596007315","frozen_polybeam","khz_comb","1000.0","multi","coherent_ab","3","3","3","45217;47392;47391","81.305;72.962;70.439","0.1653960853494623","3.763898124503042e-08","0.0434769020580605","1155103.0506119488","2.315111667489275","2.068808884159349","0.00751446503984885","False","20262038","100","-0.3845333805620037","-1.2058966904090018","0.6336633663366337","0.9306930693069307","9.549528413868757","1624.6317063458628","11.191514940198886","19.082054816703952","20.036827736045517","1691.7435199518407","1811.1964312400683","1855.852085921492","2.880126395206844","1.9763821775425867","1.4066183162834696","1624.6317063458628","-106.18633254271654","2259634.4707073094","0.0007189798736949351","1299","0.05000312024881745","-1.445965571882522","1.4440828042107998","-4095.9999999999995","4090.666666666666","C:\Users\kimeu\Downloads\starlink_pathB_wsl_package_v0_3_clean\starlink_pathB\outputs\coverage_null_global_stats\0_197_lst022_quiet_frozen_polybeam_khz_comb_S1000_multi.npz","9.10175923472585","9444.443085672718","1.7798436919007438e-05","140609741.2109375","False","False","False","False","False","False","False","False","False","0","3","3","3","0.0","0.0434769020580605","0.0","0.1229563272443203","3.763898124503042e-08"
"0_197","160.250312485456","mid","quiet","22","2461041.652777778","2461041.6596007315","full_polybeam","smooth","30.0","single","coherent_ab","3","3","1","45217","81.305","0.1653960853494623","3.763898124503042e-08","0.0434769020580605","1155103.0506119488","0.21954335207913836","0.21954335207913836","0.0002028413758188697","False","20262055","100","-0.5524027862826321","-0.6237225107092595","0.7623762376237624","0.6039603960396039","0.42341688869782956","115.43581854829853","0.5250776466241405","1.0473544911498265","1.0678652174904302","116.28136188721061","117.21993392007758","117.24555148420367","0.12412906582915184","0.9515966180473644","0.9038904369276785","115.43581854829853","-25.60765824398551","2259634.4707073094","5.108605840667888e-05","1299","0.05000312024881745","-1.445965571882522","1.4440828042107998","-4095.9999999999995","4090.666666666666","C:\Users\kimeu\Downloads\starlink_pathB_wsl_package_v0_3_clean\starlink_pathB\outputs\coverage_null_global_stats\0_197_lst022_quiet_full_polybeam_smooth_S30_single.npz","9.10175923472585","9444.443085672718","1.7798436919007438e-05","140609741.2109375","False","False","False","False","False","False","False","False","False","0","3","3","3","0.0","0.0434769020580605","0.0","0.1229563272443203","3.763898124503042e-08"
"0_197","160.250312485456","mid","quiet","22","2461041.652777778","2461041.6596007315","full_polybeam","smooth","30.0","multi","coherent_ab","3","3","3","45217;47392;47391","81.305;72.962;70.439","0.1653960853494623","3.763898124503042e-08","0.0434769020580605","1155103.0506119488","0.24618358783278926","0.21954335207913836","0.0003809259442301448","False","20262072","100","-0.5722886953879402","0.8613390388711579","0.801980198019802","0.21782178217821782","0.4694860516638073","124.92771089891397","0.5596886266889669","1.1637412716659354","1.2208496565592675","121.11153999250749","127.56590541819438","128.84585802599642","0.1063113841419181","2.027706445218249","1.3538241607026018","124.92771089891397","-22.67903127840522","2259634.4707073094","5.528669017861512e-05","1299","0.05000312024881745","-1.445965571882522","1.4440828042107998","-4095.9999999999995","4090.666666666666","C:\Users\kimeu\Downloads\starlink_pathB_wsl_package_v0_3_clean\starlink_pathB\outputs\coverage_null_global_stats\0_197_lst022_quiet_full_polybeam_smooth_S30_multi.npz","9.10175923472585","9444.443085672718","1.7798436919007438e-05","140609741.2109375","False","False","False","False","False","False","False","False","False","0","3","3","3","0.0","0.0434769020580605","0.0","0.1229563272443203","3.763898124503042e-08"
"0_197","160.250312485456","mid","quiet","22","2461041.652777778","2461041.6596007315","full_polybeam","smooth","1000.0","single","coherent_ab","3","3","1","45217","81.305","0.1653960853494623","3.763898124503042e-08","0.0434769020580605","1155103.0506119488","7.3181117359712795","7.3181117359712795","0.006761379193962323","False","20262089","100","-0.5412292307707163","0.5977167650267698","0.7920792079207921","0.26732673267326734","13.838110760644668","3899.140382608085","17.242928335303077","35.46663215758176","35.62150523835387","3855.032534650624","3927.8707799451486","3930.385818870475","4.243152182561062","0.9691078630789718","0.9153586100948234","3899.140382608085","-1032.1211356512058","2259634.4707073094","0.00172556244523371","1299","0.05000312024881745","-1.445965571882522","1.4440828042107998","-4095.9999999999995","4090.666666666666","C:\Users\kimeu\Downloads\starlink_pathB_wsl_package_v0_3_clean\starlink_pathB\outputs\coverage_null_global_stats\0_197_lst022_quiet_full_polybeam_smooth_S1000_single.npz","9.10175923472585","9444.443085672718","1.7798436919007438e-05","140609741.2109375","False","False","False","False","False","False","False","False","False","0","3","3","3","0.0","0.0434769020580605","0.0","0.1229563272443203","3.763898124503042e-08"
"0_197","160.250312485456","mid","quiet","22","2461041.652777778","2461041.6596007315","full_polybeam","smooth","1000.0","multi","coherent_ab","3","3","3","45217;47392;47391","81.305;72.962;70.439","0.1653960853494623","3.763898124503042e-08","0.0434769020580605","1155103.0506119488","8.20611959442631","7.3181117359712795","0.012697531474338159","False","20262106","100","-0.72729164484866","1.0570469284017336","0.7920792079207921","0.19801980198019803","15.369055094844953","4212.021457695047","19.290352944929964","34.42662181291835","39.47942535263426","4078.4800421096743","4284.606009256639","4311.529879567289","3.6366142575282083","2.4393515044551664","1.107877412298995","4212.021457695047","-934.729062797786","2259634.4707073094","0.001864027794007144","1299","0.05000312024881745","-1.445965571882522","1.4440828042107998","-4095.9999999999995","4090.666666666666","C:\Users\kimeu\Downloads\starlink_pathB_wsl_package_v0_3_clean\starlink_pathB\outputs\coverage_null_global_stats\0_197_lst022_quiet_full_polybeam_smooth_S1000_multi.npz","9.10175923472585","9444.443085672718","1.7798436919007438e-05","140609741.2109375","False","False","False","False","False","False","False","False","False","0","3","3","3","0.0","0.0434769020580605","0.0","0.1229563272443203","3.763898124503042e-08"
"0_197","160.250312485456","mid","quiet","22","2461041.652777778","2461041.6596007315","full_polybeam","lines","30.0","single","coherent_ab","3","3","1","45217","81.305","0.1653960853494623","3.763898124503042e-08","0.0434769020580605","1155103.0506119488","0.21950804410465352","0.21950804410465352","0.00020302048377845902","False","20262123","100","-0.5192966619958808","-0.43309393046986056","0.7524752475247525","0.594059405940594","0.41916122042130155","115.27377264301353","0.537127436618448","1.086664974215455","1.0979794787436186","116.12199576678915","117.47676940050457","117.53939804876632","0.15322094012617526","0.9962999779125126","0.9030845155402705","115.27377264301353","-25.29094032242478","2259634.4707073094","5.101434507986179e-05","1299","0.05000312024881745","-1.445965571882522","1.4440828042107998","-4095.9999999999995","4090.666666666666","C:\Users\kimeu\Downloads\starlink_pathB_wsl_package_v0_3_clean\starlink_pathB\outputs\coverage_null_global_stats\0_197_lst022_quiet_full_polybeam_lines_S30_single.npz","9.10175923472585","9444.443085672718","1.7798436919007438e-05","140609741.2109375","False","False","False","False","False","False","False","False","False","0","3","3","3","0.0","0.0434769020580605","0.0","0.1229563272443203","3.763898124503042e-08"
"0_197","160.250312485456","mid","quiet","22","2461041.652777778","2461041.6596007315","full_polybeam","lines","30.0","multi","coherent_ab","3","3","3","45217;47392;47391","81.305;72.962;70.439","0.1653960853494623","3.763898124503042e-08","0.0434769020580605","1155103.0506119488","0.24614225964368783","0.21950804410465352","0.0003812525690865323","False","20262140","100","-0.5462214488936027","1.0164156490968173","0.7623762376237624","0.2079207920792079","0.4649303892392709","124.78166453963789","0.5732734855464514","1.1415863299384228","1.2656005469158937","121.04261159649059","127.82559483125438","129.54758304326734","0.13378533095010425","2.822802404625765","1.276171818436305","124.78166453963789","-22.34814756330139","2259634.4707073094","5.522205744213966e-05","1299","0.05000312024881745","-1.445965571882522","1.4440828042107998","-4095.9999999999995","4090.666666666666","C:\Users\kimeu\Downloads\starlink_pathB_wsl_package_v0_3_clean\starlink_pathB\outputs\coverage_null_global_stats\0_197_lst022_quiet_full_polybeam_lines_S30_multi.npz","9.10175923472585","9444.443085672718","1.7798436919007438e-05","140609741.2109375","False","False","False","False","False","False","False","False","False","0","3","3","3","0.0","0.0434769020580605","0.0","0.1229563272443203","3.763898124503042e-08"
"0_197","160.250312485456","mid","quiet","22","2461041.652777778","2461041.6596007315","full_polybeam","lines","1000.0","single","coherent_ab","3","3","1","45217","81.305","0.1653960853494623","3.763898124503042e-08","0.0434769020580605","1155103.0506119488","7.31693480348845","7.31693480348845","0.0067673494592819655","False","20262157","100","-0.6278297919347827","0.19494295967805425","0.7821782178217822","0.39603960396039606","13.702627898956962","3893.377867181636","17.231932514548134","35.687990311191925","36.07963871474912","3881.098092906391","3933.254462497743","3935.104717617985","3.791606230182879","1.3402251185357283","1.1628004416709696","3893.377867181636","-1021.4697870471979","2259634.4707073094","0.0017230122471812589","1299","0.05000312024881745","-1.445965571882522","1.4440828042107998","-4095.9999999999995","4090.666666666666","C:\Users\kimeu\Downloads\starlink_pathB_wsl_package_v0_3_clean\starlink_pathB\outputs\coverage_null_global_stats\0_197_lst022_quiet_full_polybeam_lines_S1000_single.npz","9.10175923472585","9444.443085672718","1.7798436919007438e-05","140609741.2109375","False","False","False","False","False","False","False","False","False","0","3","3","3","0.0","0.0434769020580605","0.0","0.1229563272443203","3.763898124503042e-08"
"0_197","160.250312485456","mid","quiet","22","2461041.652777778","2461041.6596007315","full_polybeam","lines","1000.0","multi","coherent_ab","3","3","3","45217;47392;47391","81.305;72.962;70.439","0.1653960853494623","3.763898124503042e-08","0.0434769020580605","1155103.0506119488","8.204741988122928","7.31693480348845","0.012708418969551074","False","20262174","100","-0.5995270216186557","1.0844372401150704","0.7623762376237624","0.12871287128712872","15.22355451704334","4206.872778732286","19.42658661933865","36.65136672948103","41.46149660276334","4041.4463411238503","4251.1758613875945","4329.04266850359","4.72857137803021","2.1187705936197085","1.4322755574369748","4206.872778732286","-923.6046984263626","2259634.4707073094","0.0018617492489462037","1299","0.05000312024881745","-1.445965571882522","1.4440828042107998","-4095.9999999999995","4090.666666666666","C:\Users\kimeu\Downloads\starlink_pathB_wsl_package_v0_3_clean\starlink_pathB\outputs\coverage_null_global_stats\0_197_lst022_quiet_full_polybeam_lines_S1000_multi.npz","9.10175923472585","9444.443085672718","1.7798436919007438e-05","140609741.2109375","False","False","False","False","False","False","False","False","False","0","3","3","3","0.0","0.0434769020580605","0.0","0.1229563272443203","3.763898124503042e-08"
"0_197","160.250312485456","mid","quiet","22","2461041.652777778","2461041.6596007315","full_polybeam","khz_comb","30.0","single","coherent_ab","3","3","1","45217","81.305","0.1653960853494623","3.763898124503042e-08","0.0434769020580605","1155103.0506119488","0.18065035688483685","0.18065035688483685","0.00017314824875949044","False","20262191","100","-0.6904920559709263","-0.10978427357942769","0.8316831683168316","0.5445544554455446","0.3219625462852491","95.40269598480702","0.4041782261638218","0.8971076186303435","0.9191989652892381","95.6397962754967","97.46426196491099","97.48226907791249","0.08031043352730194","0.8822585097601393","0.7863986998949517","95.40269598480702","-20.832904141149","2259634.4707073094","4.222041096538244e-05","1299","0.05000312024881745","-1.445965571882522","1.4440828042107998","-4095.9999999999995","4090.666666666666","C:\Users\kimeu\Downloads\starlink_pathB_wsl_package_v0_3_clean\starlink_pathB\outputs\coverage_null_global_stats\0_197_lst022_quiet_full_polybeam_khz_comb_S30_single.npz","9.10175923472585","9444.443085672718","1.7798436919007438e-05","140609741.2109375","False","False","False","False","False","False","False","False","False","0","3","3","3","0.0","0.0434769020580605","0.0","0.1229563272443203","3.763898124503042e-08"
"0_197","160.250312485456","mid","quiet","22","2461041.652777778","2461041.6596007315","full_polybeam","khz_comb","30.0","multi","coherent_ab","3","3","3","45217;47392;47391","81.305;72.962;70.439","0.1653960853494623","3.763898124503042e-08","0.0434769020580605","1155103.0506119488","0.20256973830021807","0.18065035688483685","0.0003310979336597184","False","20262208","100","-0.7711625358274912","0.7383251158573145","0.8910891089108911","0.297029702970297","0.36921632978283014","104.40018473612555","0.4980993302601746","0.9808942972802469","1.1448101191120577","101.84638440152926","107.485609063779","108.85324034899926","0.1127264212625505","2.936391149438513","1.3976475681815064","104.40018473612555","-17.61335605314587","2259634.4707073094","4.6202244694667925e-05","1299","0.05000312024881745","-1.445965571882522","1.4440828042107998","-4095.9999999999995","4090.666666666666","C:\Users\kimeu\Downloads\starlink_pathB_wsl_package_v0_3_clean\starlink_pathB\outputs\coverage_null_global_stats\0_197_lst022_quiet_full_polybeam_khz_comb_S30_multi.npz","9.10175923472585","9444.443085672718","1.7798436919007438e-05","140609741.2109375","False","False","False","False","False","False","False","False","False","0","3","3","3","0.0","0.0434769020580605","0.0","0.1229563272443203","3.763898124503042e-08"
"0_197","160.250312485456","mid","quiet","22","2461041.652777778","2461041.6596007315","full_polybeam","khz_comb","1000.0","single","coherent_ab","3","3","1","45217","81.305","0.1653960853494623","3.763898124503042e-08","0.0434769020580605","1155103.0506119488","6.021678562827896","6.021678562827896","0.005771608291983015","False","20262225","100","-0.8765646404256892","0.15105690476735695","0.8910891089108911","0.44554455445544555","10.680950648736143","3213.828347677756","14.528800683815007","29.410636142060913","29.884069398757248","3205.5629192345605","3259.2933970649265","3260.318974882935","2.9608076493389035","1.4557997508498168","1.2139502491375236","3213.828347677756","-815.0798826103644","2259634.4707073094","0.001422277978735103","1299","0.05000312024881745","-1.445965571882522","1.4440828042107998","-4095.9999999999995","4090.666666666666","C:\Users\kimeu\Downloads\starlink_pathB_wsl_package_v0_3_clean\starlink_pathB\outputs\coverage_null_global_stats\0_197_lst022_quiet_full_polybeam_khz_comb_S1000_single.npz","9.10175923472585","9444.443085672718","1.7798436919007438e-05","140609741.2109375","False","False","False","False","False","False","False","False","False","0","3","3","3","0.0","0.0434769020580605","0.0","0.1229563272443203","3.763898124503042e-08"
"0_197","160.250312485456","mid","quiet","22","2461041.652777778","2461041.6596007315","full_polybeam","khz_comb","1000.0","multi","coherent_ab","3","3","3","45217;47392;47391","81.305;72.962;70.439","0.1653960853494623","3.763898124503042e-08","0.0434769020580605","1155103.0506119488","6.752324610007269","6.021678562827896","0.01103659778865728","False","20262242","100","-0.7995924220948952","0.9418110900869606","0.9108910891089109","0.15841584158415842","12.249235015380236","3511.956846256729","16.603064883573097","30.02715128496983","36.740664922549726","3393.568083625633","3593.2794540596765","3624.776711533473","3.6726436285320005","2.445969419903747","1.2990669843675504","3511.956846256729","-707.5567372350445","2259634.4707073094","0.0015542145828380013","1299","0.05000312024881745","-1.445965571882522","1.4440828042107998","-4095.9999999999995","4090.666666666666","C:\Users\kimeu\Downloads\starlink_pathB_wsl_package_v0_3_clean\starlink_pathB\outputs\coverage_null_global_stats\0_197_lst022_quiet_full_polybeam_khz_comb_S1000_multi.npz","9.10175923472585","9444.443085672718","1.7798436919007438e-05","140609741.2109375","False","False","False","False","False","False","False","False","False","0","3","3","3","0.0","0.0434769020580605","0.0","0.1229563272443203","3.763898124503042e-08"
"0_197","160.250312485456","mid","typical","36","2461041.75","2461041.756822953","frozen_polybeam","smooth","30.0","single","coherent_ab","4","4","1","49397","85.351","0.1655535954301075","3.3613473915769145e-07","0.3212071455869001","955590.4468303458","0.30374381349543184","0.30374381349543184","0.00035056131333915084","False","20262273","100","0.5461417168814505","0.2174353448242247","0.297029702970297","0.3465346534653465","1.3622628172988698","224.75447117656802","1.2632084273591317","1.845660039014001","1.8988304639564013","224.42526454829638","225.8552242833758","226.07970643396692","0.12233321248822904","1.00247588492203","0.9411320248470998","224.75447117656802","48.96009248849222","3926871.5421165004","5.72349945156164e-05","1299","0.05000312024881745","-1.445965571882522","1.4440828042107998","-4095.9999999999995","4090.666666666666","C:\Users\kimeu\Downloads\starlink_pathB_wsl_package_v0_3_clean\starlink_pathB\outputs\coverage_null_global_stats\0_197_lst036_typical_frozen_polybeam_smooth_S30_single.npz","9.10175923472585","9444.443085672718","1.7798436919007438e-05","140609741.2109375","False","False","False","False","False","False","False","False","False","0","4","4","4","0.0","0.3212071455869001","0.0","0.5491919590577511","3.3613473915769145e-07"
"0_197","160.250312485456","mid","typical","36","2461041.75","2461041.756822953","frozen_polybeam","smooth","30.0","multi","coherent_ab","4","4","4","49397;44316;45660;47357","85.351;84.098;79.535;78.147","0.1655535954301075","3.3613473915769145e-07","0.3212071455869001","955590.4468303458","0.9066169640144909","0.5592300844706252","0.0018593467517463705","False","20262290","100","0.48945591779385","-1.304988151436033","0.32673267326732675","0.9207920792079208","7.500476488336062","1283.0197540494294","7.031694717083383","8.708759481116521","9.23319882275895","1313.7540382363127","1352.0789382048881","1356.249055118278","0.6460009194416898","1.9866805915779437","1.1763359312704296","1283.0197540494294","6.79721641954238","3926871.5421165004","0.0003267282212541918","1299","0.05000312024881745","-1.445965571882522","1.4440828042107998","-4095.9999999999995","4090.666666666666","C:\Users\kimeu\Downloads\starlink_pathB_wsl_package_v0_3_clean\starlink_pathB\outputs\coverage_null_global_stats\0_197_lst036_typical_frozen_polybeam_smooth_S30_multi.npz","9.10175923472585","9444.443085672718","1.7798436919007438e-05","140609741.2109375","False","False","False","False","False","False","False","False","False","0","4","4","4","0.0","0.3212071455869001","0.0","0.5491919590577511","3.3613473915769145e-07"
"0_197","160.250312485456","mid","typical","36","2461041.75","2461041.756822953","frozen_polybeam","smooth","1000.0","single","coherent_ab","4","4","1","49397","85.351","0.1655535954301075","3.3613473915769145e-07","0.3212071455869001","955590.4468303458","10.124793783181062","10.124793783181062","0.011685377111305028","False","20262307","100","0.27674385887823966","0.9397138747160425","0.3465346534653465","0.27722772277227725","45.8249348180816","7521.978566024403","42.83893522260769","63.882600960413946","64.2090791264702","7465.701533162676","7559.403982708417","7571.479992898731","7.277592872744208","1.3178928287090943","1.1861918065764934","7521.978566024403","1820.997814899741","3926871.5421165004","0.0019155142930828383","1299","0.05000312024881745","-1.445965571882522","1.4440828042107998","-4095.9999999999995","4090.666666666666","C:\Users\kimeu\Downloads\starlink_pathB_wsl_package_v0_3_clean\starlink_pathB\outputs\coverage_null_global_stats\0_197_lst036_typical_frozen_polybeam_smooth_S1000_single.npz","9.10175923472585","9444.443085672718","1.7798436919007438e-05","140609741.2109375","False","False","False","False","False","False","False","False","False","0","4","4","4","0.0","0.3212071455869001","0.0","0.5491919590577511","3.3613473915769145e-07"
"0_197","160.250312485456","mid","typical","36","2461041.75","2461041.756822953","frozen_polybeam","smooth","1000.0","multi","coherent_ab","4","4","4","49397;44316;45660;47357","85.351;84.098;79.535;78.147","0.1655535954301075","3.3613473915769145e-07","0.3212071455869001","955590.4468303458","30.220565467149697","18.641002815687507","0.06197822505821233","False","20262324","100","0.8137097209761438","-1.1405500150517045","0.27722772277227725","0.9603960396039604","226.90346644798228","43412.40566554695","210.20072782449557","263.5646842423149","279.33621960236997","44306.580781770404","45649.31902009817","45818.35416635634","13.845039046577767","1.9491791752930576","1.1310334800028252","43412.40566554695","-7571.4123021286405","3926871.5421165004","0.011055214106175874","1299","0.05000312024881745","-1.445965571882522","1.4440828042107998","-4095.9999999999995","4090.666666666666","C:\Users\kimeu\Downloads\starlink_pathB_wsl_package_v0_3_clean\starlink_pathB\outputs\coverage_null_global_stats\0_197_lst036_typical_frozen_polybeam_smooth_S1000_multi.npz","9.10175923472585","9444.443085672718","1.7798436919007438e-05","140609741.2109375","False","False","False","False","False","False","False","False","False","0","4","4","4","0.0","0.3212071455869001","0.0","0.5491919590577511","3.3613473915769145e-07"
"0_197","160.250312485456","mid","typical","36","2461041.75","2461041.756822953","frozen_polybeam","lines","30.0","single","coherent_ab","4","4","1","49397","85.351","0.1655535954301075","3.3613473915769145e-07","0.3212071455869001","955590.4468303458","0.3037114101294518","0.3037114101294518","0.0003510830588285274","False","20262341","100","0.41984718086545403","0.03301056074783651","0.31683168316831684","0.48514851485148514","1.3800589653037605","224.8011361780644","1.2604780843030312","1.8647232160023122","1.879635262730917","224.7575171496287","225.96789575041433","226.08471063685414","0.1921084692739896","0.8462423145678635","0.8127036385301597","224.8011361780644","49.16473289903488","3926871.5421165004","5.724687802160734e-05","1299","0.05000312024881745","-1.445965571882522","1.4440828042107998","-4095.9999999999995","4090.666666666666","C:\Users\kimeu\Downloads\starlink_pathB_wsl_package_v0_3_clean\starlink_pathB\outputs\coverage_null_global_stats\0_197_lst036_typical_frozen_polybeam_lines_S30_single.npz","9.10175923472585","9444.443085672718","1.7798436919007438e-05","140609741.2109375","False","False","False","False","False","False","False","False","False","0","4","4","4","0.0","0.3212071455869001","0.0","0.5491919590577511","3.3613473915769145e-07"
"0_197","160.250312485456","mid","typical","36","2461041.75","2461041.756822953","frozen_polybeam","lines","30.0","multi","coherent_ab","4","4","4","49397;44316;45660;47357","85.351;84.098;79.535;78.147","0.1655535954301075","3.3613473915769145e-07","0.3212071455869001","955590.4468303458","0.9065821363831423","0.5592302426017599","0.0018612377798170917","False","20262358","100","0.5913533176921331","-1.8509211424270893","0.31683168316831684","0.9306930693069307","7.518556492899734","1283.3624974529948","7.028817707204325","8.785131116844422","9.543800980896913","1313.1607562385834","1349.9056990147967","1352.3840484679533","0.5585903987112033","2.230118704215387","1.1566509440250778","1283.3624974529948","6.663792474853629","3926871.5421165004","0.0003268155027962258","1299","0.05000312024881745","-1.445965571882522","1.4440828042107998","-4095.9999999999995","4090.666666666666","C:\Users\kimeu\Downloads\starlink_pathB_wsl_package_v0_3_clean\starlink_pathB\outputs\coverage_null_global_stats\0_197_lst036_typical_frozen_polybeam_lines_S30_multi.npz","9.10175923472585","9444.443085672718","1.7798436919007438e-05","140609741.2109375","False","False","False","False","False","False","False","False","False","0","4","4","4","0.0","0.3212071455869001","0.0","0.5491919590577511","3.3613473915769145e-07"
"0_197","160.250312485456","mid","typical","36","2461041.75","2461041.756822953","frozen_polybeam","lines","1000.0","single","coherent_ab","4","4","1","49397","85.351","0.1655535954301075","3.3613473915769145e-07","0.3212071455869001","955590.4468303458","10.12371367098173","10.12371367098173","0.01170276862761758","False","20262375","100","0.3735863936376077","0.8250550219269981","0.2871287128712871","0.26732673267326734","46.417547651204586","7523.966531960579","43.39614334814087","61.7804425621629","63.19942760402253","7459.295977711905","7557.643056810917","7566.025488301801","5.454987970028014","0.9496770720095312","0.8684626803565956","7523.966531960579","1827.7117347534277","3926871.5421165004","0.0019160205398278246","1299","0.05000312024881745","-1.445965571882522","1.4440828042107998","-4095.9999999999995","4090.666666666666","C:\Users\kimeu\Downloads\starlink_pathB_wsl_package_v0_3_clean\starlink_pathB\outputs\coverage_null_global_stats\0_197_lst036_typical_frozen_polybeam_lines_S1000_single.npz","9.10175923472585","9444.443085672718","1.7798436919007438e-05","140609741.2109375","False","False","False","False","False","False","False","False","False","0","4","4","4","0.0","0.3212071455869001","0.0","0.5491919590577511","3.3613473915769145e-07"
"0_197","160.250312485456","mid","typical","36","2461041.75","2461041.756822953","frozen_polybeam","lines","1000.0","multi","coherent_ab","4","4","4","49397;44316;45660;47357","85.351;84.098;79.535;78.147","0.1655535954301075","3.3613473915769145e-07","0.3212071455869001","955590.4468303458","30.21940454610474","18.64100808672533","0.06204125932723639","False","20262392","100","0.5740994976038796","-1.0908264968916779","0.24752475247524752","0.9207920792079208","227.79929956429442","43424.97553653542","211.80925123416912","250.6550206091148","273.89612003809714","44389.56892478115","45753.16657390614","45808.60387886692","18.786185821913506","1.8169595357591988","1.2429305302537945","43424.97553653542","-7573.553540099658","3926871.5421165004","0.011058415094762759","1299","0.05000312024881745","-1.445965571882522","1.4440828042107998","-4095.9999999999995","4090.666666666666","C:\Users\kimeu\Downloads\starlink_pathB_wsl_package_v0_3_clean\starlink_pathB\outputs\coverage_null_global_stats\0_197_lst036_typical_frozen_polybeam_lines_S1000_multi.npz","9.10175923472585","9444.443085672718","1.7798436919007438e-05","140609741.2109375","False","False","False","False","False","False","False","False","False","0","4","4","4","0.0","0.3212071455869001","0.0","0.5491919590577511","3.3613473915769145e-07"
"0_197","160.250312485456","mid","typical","36","2461041.75","2461041.756822953","frozen_polybeam","khz_comb","30.0","single","coherent_ab","4","4","1","49397","85.351","0.1655535954301075","3.3613473915769145e-07","0.3212071455869001","955590.4468303458","0.24994789987616403","0.24994789987616403","0.0003117147517413283","False","20262409","100","1.0215353842659003","-0.6090673650467923","0.2376237623762376","0.6435643564356436","1.3576388575829696","219.28621388107302","1.151496578830745","1.5356318583424582","1.5416043745835122","219.8649516221597","220.58934384900311","220.65697526620664","0.13610988351200604","1.2072361997704908","1.0764062396191305","219.28621388107302","48.95931954989362","3926871.5421165004","5.584247193451162e-05","1299","0.05000312024881745","-1.445965571882522","1.4440828042107998","-4095.9999999999995","4090.666666666666","C:\Users\kimeu\Downloads\starlink_pathB_wsl_package_v0_3_clean\starlink_pathB\outputs\coverage_null_global_stats\0_197_lst036_typical_frozen_polybeam_khz_comb_S30_single.npz","9.10175923472585","9444.443085672718","1.7798436919007438e-05","140609741.2109375","False","False","False","False","False","False","False","False","False","0","4","4","4","0.0","0.3212071455869001","0.0","0.5491919590577511","3.3613473915769145e-07"
"0_197","160.250312485456","mid","typical","36","2461041.75","2461041.756822953","frozen_polybeam","khz_comb","30.0","multi","coherent_ab","4","4","4","49397;44316;45660;47357","85.351;84.098;79.535;78.147","0.1655535954301075","3.3613473915769145e-07","0.3212071455869001","955590.4468303458","0.7507771202109624","0.4602343541389156","0.0016606895109362268","False","20262426","100","0.13081220684453856","-1.6856946006194287","0.48514851485148514","0.9603960396039604","6.212701047763403","1213.4890418456853","6.119431248921501","7.579790974145908","8.693053788897325","1247.2406030578304","1275.1350960682073","1281.8654152331426","0.4809154969143492","2.3282562788007746","1.389065884055173","1213.4890418456853","2.10270694595404","3926871.5421165004","0.0003090218329860723","1299","0.05000312024881745","-1.445965571882522","1.4440828042107998","-4095.9999999999995","4090.666666666666","C:\Users\kimeu\Downloads\starlink_pathB_wsl_package_v0_3_clean\starlink_pathB\outputs\coverage_null_global_stats\0_197_lst036_typical_frozen_polybeam_khz_comb_S30_multi.npz","9.10175923472585","9444.443085672718","1.7798436919007438e-05","140609741.2109375","False","False","False","False","False","False","False","False","False","0","4","4","4","0.0","0.3212071455869001","0.0","0.5491919590577511","3.3613473915769145e-07"
"0_197","160.250312485456","mid","typical","36","2461041.75","2461041.756822953","frozen_polybeam","khz_comb","1000.0","single","coherent_ab","4","4","1","49397","85.351","0.1655535954301075","3.3613473915769145e-07","0.3212071455869001","955590.4468303458","8.3315966625388","8.3315966625388","0.010390491724710946","False","20262443","100","0.9070426920970327","0.3155774392041381","0.2376237623762376","0.3564356435643564","45.7846096475414","7343.272066468799","40.036507485378934","50.863293307688714","51.77244594872591","7308.429648163569","7392.86995310221","7393.742601385596","4.274376307406783","1.0690453207722046","0.965862009999685","7343.272066468799","1818.445565269184","3926871.5421165004","0.001870005674418097","1299","0.05000312024881745","-1.445965571882522","1.4440828042107998","-4095.9999999999995","4090.666666666666","C:\Users\kimeu\Downloads\starlink_pathB_wsl_package_v0_3_clean\starlink_pathB\outputs\coverage_null_global_stats\0_197_lst036_typical_frozen_polybeam_khz_comb_S1000_single.npz","9.10175923472585","9444.443085672718","1.7798436919007438e-05","140609741.2109375","False","False","False","False","False","False","False","False","False","0","4","4","4","0.0","0.3212071455869001","0.0","0.5491919590577511","3.3613473915769145e-07"
"0_197","160.250312485456","mid","typical","36","2461041.75","2461041.756822953","frozen_polybeam","khz_comb","1000.0","multi","coherent_ab","4","4","4","49397;44316;45660;47357","85.351;84.098;79.535;78.147","0.1655535954301075","3.3613473915769145e-07","0.3212071455869001","955590.4468303458","25.025904007032082","15.341145137963853","0.055356317031207566","False","20262460","100","-0.3516945714947888","-1.1855472117149461","0.7029702970297029","0.8910891089108911","186.27168534776138","41033.81122104571","195.3308720264331","239.47408158628244","258.98068813820913","42092.55915051495","43126.61015977265","43377.33226356703","17.37398924631421","1.9396549550046107","1.0712189413964675","41033.81122104571","-7103.195055026133","3926871.5421165004","0.010449491606982733","1299","0.05000312024881745","-1.445965571882522","1.4440828042107998","-4095.9999999999995","4090.666666666666","C:\Users\kimeu\Downloads\starlink_pathB_wsl_package_v0_3_clean\starlink_pathB\outputs\coverage_null_global_stats\0_197_lst036_typical_frozen_polybeam_khz_comb_S1000_multi.npz","9.10175923472585","9444.443085672718","1.7798436919007438e-05","140609741.2109375","False","False","False","False","False","False","False","False","False","0","4","4","4","0.0","0.3212071455869001","0.0","0.5491919590577511","3.3613473915769145e-07"
"0_197","160.250312485456","mid","typical","36","2461041.75","2461041.756822953","full_polybeam","smooth","30.0","single","coherent_ab","4","4","1","49397","85.351","0.1655535954301075","3.3613473915769145e-07","0.3212071455869001","955590.4468303458","0.45868564577521137","0.45868564577521137","0.0005045765561364558","False","20262477","100","0.36558745826825007","-0.7214846470303086","0.31683168316831684","0.8811881188118812","1.3501606910031114","251.15145918596272","1.255337428949133","1.7032687523900676","1.736541029043874","255.7810312744091","264.3890759338952","264.4920741946414","0.1749442235841343","1.1052487762026382","0.9639016694233256","251.15145918596272","-6.958160721978597","3926871.5421165004","6.395713648697493e-05","1299","0.05000312024881745","-1.445965571882522","1.4440828042107998","-4095.9999999999995","4090.666666666666","C:\Users\kimeu\Downloads\starlink_pathB_wsl_package_v0_3_clean\starlink_pathB\outputs\coverage_null_global_stats\0_197_lst036_typical_full_polybeam_smooth_S30_single.npz","9.10175923472585","9444.443085672718","1.7798436919007438e-05","140609741.2109375","False","False","False","False","False","False","False","False","False","0","4","4","4","0.0","0.3212071455869001","0.0","0.5491919590577511","3.3613473915769145e-07"
"0_197","160.250312485456","mid","typical","36","2461041.75","2461041.756822953","full_polybeam","smooth","30.0","multi","coherent_ab","4","4","4","49397;44316;45660;47357","85.351;84.098;79.535;78.147","0.1655535954301075","3.3613473915769145e-07","0.3212071455869001","955590.4468303458","1.6679942105654646","1.0299096606647102","0.002790066349986633","False","20262494","100","1.8475020363139196","-0.9691877197201002","0.0297029702970297","0.7920792079207921","12.041993919137894","1528.5204779849364","8.415039739425538","11.667392162768284","12.270512065715156","1555.1107494841729","1606.5833247880716","1623.3769725579286","1.32413769033883","1.965010144353959","0.8956122750352318","1528.5204779849364","-24.451125869074247","3926871.5421165004","0.0003892463661189936","1299","0.05000312024881745","-1.445965571882522","1.4440828042107998","-4095.9999999999995","4090.666666666666","C:\Users\kimeu\Downloads\starlink_pathB_wsl_package_v0_3_clean\starlink_pathB\outputs\coverage_null_global_stats\0_197_lst036_typical_full_polybeam_smooth_S30_multi.npz","9.10175923472585","9444.443085672718","1.7798436919007438e-05","140609741.2109375","False","False","True","False","False","False","False","False","False","0","4","4","4","0.0","0.3212071455869001","0.0","0.5491919590577511","3.3613473915769145e-07"
"0_197","160.250312485456","mid","typical","36","2461041.75","2461041.756822953","full_polybeam","smooth","1000.0","single","coherent_ab","4","4","1","49397","85.351","0.1655535954301075","3.3613473915769145e-07","0.3212071455869001","955590.4468303458","15.28952152584038","15.28952152584038","0.016819218537881854","False","20262511","100","0.3144787412375978","-0.6869106816963751","0.2871287128712871","0.8118811881188119","45.21142776917986","8369.438631208212","42.52418049574317","55.7765260010281","57.28776983966","8540.796380453921","8839.181877454124","8854.16335660334","5.763580225578153","1.261456188374852","1.1565401464763159","8369.438631208212","-129.39762723691126","3926871.5421165004","0.002131324781430783","1299","0.05000312024881745","-1.445965571882522","1.4440828042107998","-4095.9999999999995","4090.666666666666","C:\Users\kimeu\Downloads\starlink_pathB_wsl_package_v0_3_clean\starlink_pathB\outputs\coverage_null_global_stats\0_197_lst036_typical_full_polybeam_smooth_S1000_single.npz","9.10175923472585","9444.443085672718","1.7798436919007438e-05","140609741.2109375","False","False","False","False","False","False","False","False","False","0","4","4","4","0.0","0.3212071455869001","0.0","0.5491919590577511","3.3613473915769145e-07"
"0_197","160.250312485456","mid","typical","36","2461041.75","2461041.756822953","full_polybeam","smooth","1000.0","multi","coherent_ab","4","4","4","49397;44316;45660;47357","85.351;84.098;79.535;78.147","0.1655535954301075","3.3613473915769145e-07","0.3212071455869001","955590.4468303458","55.59980701884882","34.330322022157006","0.0930022116662211","False","20262528","100","2.7230925652354063","-1.3272200896424329","0.019801980198019802","0.8514851485148515","348.1449479116309","51898.7911760764","234.34700045830277","338.760137620227","342.061884257621","53184.49686881927","54471.570527619115","55483.04229610857","28.18694633615496","1.7020186711505483","0.996791441148489","51898.7911760764","-11063.49607757622","3926871.5421165004","0.013216320070430429","1299","0.05000312024881745","-1.445965571882522","1.4440828042107998","-4095.9999999999995","4090.666666666666","C:\Users\kimeu\Downloads\starlink_pathB_wsl_package_v0_3_clean\starlink_pathB\outputs\coverage_null_global_stats\0_197_lst036_typical_full_polybeam_smooth_S1000_multi.npz","9.10175923472585","9444.443085672718","1.7798436919007438e-05","140609741.2109375","True","False","True","False","False","False","False","False","False","0","4","4","4","0.0","0.3212071455869001","0.0","0.5491919590577511","3.3613473915769145e-07"
"0_197","160.250312485456","mid","typical","36","2461041.75","2461041.756822953","full_polybeam","lines","30.0","single","coherent_ab","4","4","1","49397","85.351","0.1655535954301075","3.3613473915769145e-07","0.3212071455869001","955590.4468303458","0.4586487586419633","0.4586487586419633","0.0005052625126606372","False","20262545","100","0.6079319682078682","-0.7342642817138957","0.2376237623762376","0.8613861386138614","1.3740857209240858","251.08208174724336","1.2170045704142467","1.7510817659722306","1.7667893828057277","255.90021318378695","263.884633859851","264.2947263593189","0.17427901483642927","1.3625521529732323","1.2654549126278978","251.08208174724336","-6.713448892994073","3926871.5421165004","6.393946913066463e-05","1299","0.05000312024881745","-1.445965571882522","1.4440828042107998","-4095.9999999999995","4090.666666666666","C:\Users\kimeu\Downloads\starlink_pathB_wsl_package_v0_3_clean\starlink_pathB\outputs\coverage_null_global_stats\0_197_lst036_typical_full_polybeam_lines_S30_single.npz","9.10175923472585","9444.443085672718","1.7798436919007438e-05","140609741.2109375","False","False","False","False","False","False","False","False","False","0","4","4","4","0.0","0.3212071455869001","0.0","0.5491919590577511","3.3613473915769145e-07"
"0_197","160.250312485456","mid","typical","36","2461041.75","2461041.756822953","full_polybeam","lines","30.0","multi","coherent_ab","4","4","4","49397;44316;45660;47357","85.351;84.098;79.535;78.147","0.1655535954301075","3.3613473915769145e-07","0.3212071455869001","955590.4468303458","1.667906852569591","1.0299013279567448","0.0027926792637989065","False","20262562","100","2.317927703209042","-1.3091635186775803","0.019801980198019802","0.8514851485148515","12.070909526912146","1528.1134699771146","8.278128969235695","11.479104874347831","12.038446262736162","1560.3327558820693","1600.550469694582","1618.5029978178418","1.1036562681974829","2.1551005953388955","1.5417683198837797","1528.1134699771146","-24.67849421023253","3926871.5421165004","0.00038914271923280025","1299","0.05000312024881745","-1.445965571882522","1.4440828042107998","-4095.9999999999995","4090.666666666666","C:\Users\kimeu\Downloads\starlink_pathB_wsl_package_v0_3_clean\starlink_pathB\outputs\coverage_null_global_stats\0_197_lst036_typical_full_polybeam_lines_S30_multi.npz","9.10175923472585","9444.443085672718","1.7798436919007438e-05","140609741.2109375","True","False","True","False","False","False","False","False","False","0","4","4","4","0.0","0.3212071455869001","0.0","0.5491919590577511","3.3613473915769145e-07"
"0_197","160.250312485456","mid","typical","36","2461041.75","2461041.756822953","full_polybeam","lines","1000.0","single","coherent_ab","4","4","1","49397","85.351","0.1655535954301075","3.3613473915769145e-07","0.3212071455869001","955590.4468303458","15.288291954732111","15.288291954732111","0.01684208375535457","False","20262579","100","0.3782636244721723","-0.7031247887143812","0.3564356435643564","0.8316831683168316","46.00141997080482","8368.779403494062","42.479123692042776","57.546688808221006","58.00595982002935","8529.864722408263","8819.96257957226","8841.665754924958","6.280689282451931","0.8339772771887423","0.7771198856786075","8368.779403494062","-121.41789872073713","3926871.5421165004","0.002131156905372939","1299","0.05000312024881745","-1.445965571882522","1.4440828042107998","-4095.9999999999995","4090.666666666666","C:\Users\kimeu\Downloads\starlink_pathB_wsl_package_v0_3_clean\starlink_pathB\outputs\coverage_null_global_stats\0_197_lst036_typical_full_polybeam_lines_S1000_single.npz","9.10175923472585","9444.443085672718","1.7798436919007438e-05","140609741.2109375","False","False","False","False","False","False","False","False","False","0","4","4","4","0.0","0.3212071455869001","0.0","0.5491919590577511","3.3613473915769145e-07"
"0_197","160.250312485456","mid","typical","36","2461041.75","2461041.756822953","full_polybeam","lines","1000.0","multi","coherent_ab","4","4","4","49397;44316;45660;47357","85.351;84.098;79.535;78.147","0.1655535954301075","3.3613473915769145e-07","0.3212071455869001","955590.4468303458","55.59689508565301","34.330044265224814","0.09308930879329688","False","20262596","100","2.249341991592098","-1.3911004526112323","0.0594059405940594","0.8910891089108911","349.6891675589577","51887.87351312788","245.90249035108764","344.6858893871874","351.050058063356","53094.40616110657","54384.502168395025","54842.87213261118","31.12161467449414","1.527590101597122","0.9042007759772764","51887.87351312788","-11065.093707673801","3926871.5421165004","0.013213539825945367","1299","0.05000312024881745","-1.445965571882522","1.4440828042107998","-4095.9999999999995","4090.666666666666","C:\Users\kimeu\Downloads\starlink_pathB_wsl_package_v0_3_clean\starlink_pathB\outputs\coverage_null_global_stats\0_197_lst036_typical_full_polybeam_lines_S1000_multi.npz","9.10175923472585","9444.443085672718","1.7798436919007438e-05","140609741.2109375","True","False","False","False","False","False","False","False","False","0","4","4","4","0.0","0.3212071455869001","0.0","0.5491919590577511","3.3613473915769145e-07"
"0_197","160.250312485456","mid","typical","36","2461041.75","2461041.756822953","full_polybeam","khz_comb","30.0","single","coherent_ab","4","4","1","49397","85.351","0.1655535954301075","3.3613473915769145e-07","0.3212071455869001","955590.4468303458","0.377457975498865","0.377457975498865","0.0004344231417908477","False","20262613","100","1.2611312538682107","-0.7313165218179267","0.18811881188118812","0.8415841584158416","1.3169634674677582","225.4520473187112","1.0958228617810164","1.4852805924080257","1.523073154726435","230.69220965197985","238.12343861482802","238.21088228256698","0.11827261803500733","1.031646099371353","0.9550352448931526","225.4520473187112","1.0323142629124078","3926871.5421165004","5.741263621707303e-05","1299","0.05000312024881745","-1.445965571882522","1.4440828042107998","-4095.9999999999995","4090.666666666666","C:\Users\kimeu\Downloads\starlink_pathB_wsl_package_v0_3_clean\starlink_pathB\outputs\coverage_null_global_stats\0_197_lst036_typical_full_polybeam_khz_comb_S30_single.npz","9.10175923472585","9444.443085672718","1.7798436919007438e-05","140609741.2109375","False","False","False","False","False","False","False","False","False","0","4","4","4","0.0","0.3212071455869001","0.0","0.5491919590577511","3.3613473915769145e-07"
"0_197","160.250312485456","mid","typical","36","2461041.75","2461041.756822953","full_polybeam","khz_comb","30.0","multi","coherent_ab","4","4","4","49397;44316;45660;47357","85.351;84.098;79.535;78.147","0.1655535954301075","3.3613473915769145e-07","0.3212071455869001","955590.4468303458","1.3726511454118229","0.8475864436332475","0.0023992263567099875","False","20262630","100","1.991335276957534","-1.2577032801205839","0.039603960396039604","0.8118811881188119","9.952902750923386","1352.7619970433493","7.2012906305863","9.583496534322785","10.099409009307111","1380.8922631494536","1412.210431249396","1423.4488059864957","0.9320062624847196","1.8031193811345538","1.1083705423144756","1352.7619970433493","-24.07725846224956","3926871.5421165004","0.0003444884770318306","1299","0.05000312024881745","-1.445965571882522","1.4440828042107998","-4095.9999999999995","4090.666666666666","C:\Users\kimeu\Downloads\starlink_pathB_wsl_package_v0_3_clean\starlink_pathB\outputs\coverage_null_global_stats\0_197_lst036_typical_full_polybeam_khz_comb_S30_multi.npz","9.10175923472585","9444.443085672718","1.7798436919007438e-05","140609741.2109375","False","False","True","False","False","False","False","False","False","0","4","4","4","0.0","0.3212071455869001","0.0","0.5491919590577511","3.3613473915769145e-07"
"0_197","160.250312485456","mid","typical","36","2461041.75","2461041.756822953","full_polybeam","khz_comb","1000.0","single","coherent_ab","4","4","1","49397","85.351","0.1655535954301075","3.3613473915769145e-07","0.3212071455869001","955590.4468303458","12.581932516628832","12.581932516628832","0.014480771393028257","False","20262647","100","1.1090303040734628","-0.7218460324856741","0.15841584158415842","0.8514851485148515","44.19674101498549","7519.5654558123515","38.15289008543823","49.74339133917647","51.13323810814103","7644.701569916099","7937.10981935831","7971.902211054431","3.6757531229404776","1.818544203111927","1.580209974285474","7519.5654558123515","140.3931818846636","3926871.5421165004","0.0019148997809486441","1299","0.05000312024881745","-1.445965571882522","1.4440828042107998","-4095.9999999999995","4090.666666666666","C:\Users\kimeu\Downloads\starlink_pathB_wsl_package_v0_3_clean\starlink_pathB\outputs\coverage_null_global_stats\0_197_lst036_typical_full_polybeam_khz_comb_S1000_single.npz","9.10175923472585","9444.443085672718","1.7798436919007438e-05","140609741.2109375","False","False","False","False","False","False","False","False","False","0","4","4","4","0.0","0.3212071455869001","0.0","0.5491919590577511","3.3613473915769145e-07"
"0_197","160.250312485456","mid","typical","36","2461041.75","2461041.756822953","full_polybeam","khz_comb","1000.0","multi","coherent_ab","4","4","4","49397;44316;45660;47357","85.351;84.098;79.535;78.147","0.1655535954301075","3.3613473915769145e-07","0.3212071455869001","955590.4468303458","45.75503818039409","28.25288145444158","0.07997421189033291","False","20262664","100","2.9467341324035297","-2.117395365621305","0.0297029702970297","0.9306930693069307","291.37019255859013","45798.063126531306","207.42481423882964","278.62667454922865","292.61307766759876","47211.37439925028","48310.67646298245","48986.00263107102","19.21462182652442","1.901133208801111","1.1667554787975365","45798.063126531306","-8968.461203840492","3926871.5421165004","0.011662735242377478","1299","0.05000312024881745","-1.445965571882522","1.4440828042107998","-4095.9999999999995","4090.666666666666","C:\Users\kimeu\Downloads\starlink_pathB_wsl_package_v0_3_clean\starlink_pathB\outputs\coverage_null_global_stats\0_197_lst036_typical_full_polybeam_khz_comb_S1000_multi.npz","9.10175923472585","9444.443085672718","1.7798436919007438e-05","140609741.2109375","True","False","True","False","False","False","False","False","False","0","4","4","4","0.0","0.3212071455869001","0.0","0.5491919590577511","3.3613473915769145e-07"
"0_197","160.250312485456","mid","stress","0","2461041.5","2461041.506822953","frozen_polybeam","smooth","30.0","single","coherent_ab","4","4","1","46696","86.617","0.2313613071236559","0.0001386146167366","0.5502745938468236","3969.816508545893","0.6881684474838025","0.6881684474838025","0.0008000884654468235","False","20262645","100","0.937097580579397","0.7461049242004517","0.07920792079207921","0.019801980198019802","23.72738081269199","1951.942572259541","17.696562774595805","23.845537002001947","23.96215378583671","1881.3433802439426","1950.4151845141864","1951.78919284468","4.340776374927373","1.3148725999810857","1.0555481499329482","1951.942572259541","-190.1817456410026","6804380.162039771","0.00028686559624475786","1299","0.05000312024881745","-1.445965571882522","1.4440828042107998","-4095.9999999999995","4090.666666666666","C:\Users\kimeu\Downloads\starlink_pathB_wsl_package_v0_3_clean\starlink_pathB\outputs\coverage_null_global_stats\0_197_lst000_stress_frozen_polybeam_smooth_S30_single.npz","9.10175923472585","9444.443085672718","1.7798436919007438e-05","140609741.2109375","False","False","False","False","False","False","False","False","False","1","4","4","4","0.3308758856684498","0.5502745938468236","0.3308758856684498","0.7280464634021924","0.0001386146167366"
"0_197","160.250312485456","mid","stress","0","2461041.5","2461041.506822953","frozen_polybeam","smooth","30.0","multi","coherent_ab","4","4","4","46696;48029;44725;46687","86.617;85.104;84.152;73.708","0.2313613071236559","0.0001386146167366","0.5502745938468236","3969.816508545893","1.2934632199890153","0.6881684474838025","0.0018850830493617047","False","20262662","100","1.3789093479240888","2.2086640273288394","0.09900990099009901","0.0297029702970297","24.733143736535567","2393.93858054631","17.760126066794328","25.657937255402793","26.699717943243602","2234.6103466359277","2376.062133944893","2413.9002706873066","3.4108376964650233","2.086240225413182","1.3601776458486168","2393.93858054631","-395.87432250473944","6804380.162039771","0.0003518231673623408","1299","0.05000312024881745","-1.445965571882522","1.4440828042107998","-4095.9999999999995","4090.666666666666","C:\Users\kimeu\Downloads\starlink_pathB_wsl_package_v0_3_clean\starlink_pathB\outputs\coverage_null_global_stats\0_197_lst000_stress_frozen_polybeam_smooth_S30_multi.npz","9.10175923472585","9444.443085672718","1.7798436919007438e-05","140609741.2109375","False","False","False","False","False","False","False","False","False","1","4","4","4","0.3308758856684498","0.5502745938468236","0.3308758856684498","0.7280464634021924","0.0001386146167366"
"0_197","160.250312485456","mid","stress","0","2461041.5","2461041.506822953","frozen_polybeam","smooth","1000.0","single","coherent_ab","4","4","1","46696","86.617","0.2313613071236559","0.0001386146167366","0.5502745938468236","3969.816508545893","22.93894824946008","22.93894824946008","0.026669615514894107","False","20262679","100","1.2779165534420471","0.968027349355398","0.0297029702970297","0.06930693069306931","810.7870316464978","65015.99162564309","548.8696641396018","798.571179973703","814.9116367551744","62589.46776287052","65206.87650179439","65457.861219920494","138.2412988187716","1.0103554495420428","0.9636253717319676","65015.99162564309","-3473.532108494872","6804380.162039771","0.009555020454082483","1299","0.05000312024881745","-1.445965571882522","1.4440828042107998","-4095.9999999999995","4090.666666666666","C:\Users\kimeu\Downloads\starlink_pathB_wsl_package_v0_3_clean\starlink_pathB\outputs\coverage_null_global_stats\0_197_lst000_stress_frozen_polybeam_smooth_S1000_single.npz","9.10175923472585","9444.443085672718","1.7798436919007438e-05","140609741.2109375","False","False","True","False","False","False","False","False","False","1","4","4","4","0.3308758856684498","0.5502745938468236","0.3308758856684498","0.7280464634021924","0.0001386146167366"
"0_197","160.250312485456","mid","stress","0","2461041.5","2461041.506822953","frozen_polybeam","smooth","1000.0","multi","coherent_ab","4","4","4","46696;48029;44725;46687","86.617;85.104;84.152;73.708","0.2313613071236559","0.0001386146167366","0.5502745938468236","3969.816508545893","43.1154406663005","22.93894824946008","0.06283610164539015","False","20262696","100","1.2035717005706834","2.4594892183616017","0.10891089108910891","0.04950495049504951","845.6281090321718","79917.86828754378","616.5053243633738","872.2568509110162","925.8239797008703","74411.4457755058","79489.52371545203","82105.10794768913","128.40215582617384","2.463392911956936","1.253365912568602","79917.86828754378","-10874.167713754747","6804380.162039771","0.011745062207633406","1299","0.05000312024881745","-1.445965571882522","1.4440828042107998","-4095.9999999999995","4090.666666666666","C:\Users\kimeu\Downloads\starlink_pathB_wsl_package_v0_3_clean\starlink_pathB\outputs\coverage_null_global_stats\0_197_lst000_stress_frozen_polybeam_smooth_S1000_multi.npz","9.10175923472585","9444.443085672718","1.7798436919007438e-05","140609741.2109375","False","False","False","False","False","False","False","False","False","1","4","4","4","0.3308758856684498","0.5502745938468236","0.3308758856684498","0.7280464634021924","0.0001386146167366"
"0_197","160.250312485456","mid","stress","0","2461041.5","2461041.506822953","frozen_polybeam","lines","30.0","single","coherent_ab","4","4","1","46696","86.617","0.2313613071236559","0.0001386146167366","0.5502745938468236","3969.816508545893","0.6880251536361787","0.6880251536361787","0.0008017345450457434","False","20262713","100","0.733480508223843","0.8735902498598636","0.09900990099009901","0.019801980198019802","23.412437544058776","1951.607570355048","19.90145533347095","23.56721277597826","23.66396741620498","1891.4574984378914","1948.8854872750626","1950.3738285768857","3.228613482126093","0.8694962622687753","0.8165801819755498","1951.607570355048","-187.48266204284045","6804380.162039771","0.000286816362971996","1299","0.05000312024881745","-1.445965571882522","1.4440828042107998","-4095.9999999999995","4090.666666666666","C:\Users\kimeu\Downloads\starlink_pathB_wsl_package_v0_3_clean\starlink_pathB\outputs\coverage_null_global_stats\0_197_lst000_stress_frozen_polybeam_lines_S30_single.npz","9.10175923472585","9444.443085672718","1.7798436919007438e-05","140609741.2109375","False","False","False","False","False","False","False","False","False","1","4","4","4","0.3308758856684498","0.5502745938468236","0.3308758856684498","0.7280464634021924","0.0001386146167366"
"0_197","160.250312485456","mid","stress","0","2461041.5","2461041.506822953","frozen_polybeam","lines","30.0","multi","coherent_ab","4","4","4","46696;48029;44725;46687","86.617;85.104;84.152;73.708","0.2313613071236559","0.0001386146167366","0.5502745938468236","3969.816508545893","1.293317107253006","0.6880251536361787","0.0018880225375842588","False","20262730","100","1.3714379308583313","2.0492250975591104","0.0891089108910891","0.06930693069306931","24.190735939802835","2393.2002777070365","17.70352793152415","25.333296150276144","26.750735990772238","2235.966984994604","2397.245043927591","2469.826770685676","3.190492079833348","2.4217446210323126","1.3909239045905655","2393.2002777070365","-393.3226469817178","6804380.162039771","0.00035171466330735104","1299","0.05000312024881745","-1.445965571882522","1.4440828042107998","-4095.9999999999995","4090.666666666666","C:\Users\kimeu\Downloads\starlink_pathB_wsl_package_v0_3_clean\starlink_pathB\outputs\coverage_null_global_stats\0_197_lst000_stress_frozen_polybeam_lines_S30_multi.npz","9.10175923472585","9444.443085672718","1.7798436919007438e-05","140609741.2109375","False","False","False","False","False","False","False","False","False","1","4","4","4","0.3308758856684498","0.5502745938468236","0.3308758856684498","0.7280464634021924","0.0001386146167366"
"0_197","160.250312485456","mid","stress","0","2461041.5","2461041.506822953","frozen_polybeam","lines","1000.0","single","coherent_ab","4","4","1","46696","86.617","0.2313613071236559","0.0001386146167366","0.5502745938468236","3969.816508545893","22.93417178787262","22.93417178787262","0.026724484834858103","False","20262747","100","0.9447733253926259","1.156378174419616","0.07920792079207921","0.04950495049504951","800.2429980039014","65023.13428580083","569.9914373420906","802.6945605115441","808.4960988503215","62317.595280706526","64997.30232583453","65280.10683541914","164.38075234280768","1.0004313206556699","0.9473154794271681","65023.13428580083","-3385.3726491713983","6804380.162039771","0.009556070169117158","1299","0.05000312024881745","-1.445965571882522","1.4440828042107998","-4095.9999999999995","4090.666666666666","C:\Users\kimeu\Downloads\starlink_pathB_wsl_package_v0_3_clean\starlink_pathB\outputs\coverage_null_global_stats\0_197_lst000_stress_frozen_polybeam_lines_S1000_single.npz","9.10175923472585","9444.443085672718","1.7798436919007438e-05","140609741.2109375","False","False","False","False","False","False","False","False","False","1","4","4","4","0.3308758856684498","0.5502745938468236","0.3308758856684498","0.7280464634021924","0.0001386146167366"
"0_197","160.250312485456","mid","stress","0","2461041.5","2461041.506822953","frozen_polybeam","lines","1000.0","multi","coherent_ab","4","4","4","46696;48029;44725;46687","86.617;85.104;84.152;73.708","0.2313613071236559","0.0001386146167366","0.5502745938468236","3969.816508545893","43.110570241766865","22.93417178787262","0.06293408458614196","False","20262764","100","0.8189081877228147","1.8583727594204575","0.15841584158415842","0.04950495049504951","827.0869244241767","79899.02401829549","634.674428813174","901.4597197334361","961.5272600051212","75149.23099108008","79297.71802266792","82203.61755563728","158.4798543269426","2.247293489680387","1.2955851174337256","79899.02401829549","-10790.65577442327","6804380.162039771","0.0117422927754736","1299","0.05000312024881745","-1.445965571882522","1.4440828042107998","-4095.9999999999995","4090.666666666666","C:\Users\kimeu\Downloads\starlink_pathB_wsl_package_v0_3_clean\starlink_pathB\outputs\coverage_null_global_stats\0_197_lst000_stress_frozen_polybeam_lines_S1000_multi.npz","9.10175923472585","9444.443085672718","1.7798436919007438e-05","140609741.2109375","False","False","False","False","False","False","False","False","False","1","4","4","4","0.3308758856684498","0.5502745938468236","0.3308758856684498","0.7280464634021924","0.0001386146167366"
"0_197","160.250312485456","mid","stress","0","2461041.5","2461041.506822953","frozen_polybeam","khz_comb","30.0","single","coherent_ab","4","4","1","46696","86.617","0.2313613071236559","0.0001386146167366","0.5502745938468236","3969.816508545893","0.5662297710186077","0.5662297710186077","0.0007152485278504471","False","20262781","100","1.0659497586956697","0.9905907997571314","0.19801980198019803","0.04950495049504951","19.809875580423977","1747.474894933707","14.539831896552641","22.039039683446024","22.46450645827208","1663.82016836921","1747.239930884896","1748.393785419987","3.334674770374477","1.2527118009360705","1.0894540667042103","1747.474894933707","-186.15430536007239","6804380.162039771","0.00025681617624519394","1299","0.05000312024881745","-1.445965571882522","1.4440828042107998","-4095.9999999999995","4090.666666666666","C:\Users\kimeu\Downloads\starlink_pathB_wsl_package_v0_3_clean\starlink_pathB\outputs\coverage_null_global_stats\0_197_lst000_stress_frozen_polybeam_khz_comb_S30_single.npz","9.10175923472585","9444.443085672718","1.7798436919007438e-05","140609741.2109375","False","False","False","False","False","False","False","False","False","1","4","4","4","0.3308758856684498","0.5502745938468236","0.3308758856684498","0.7280464634021924","0.0001386146167366"
"0_197","160.250312485456","mid","stress","0","2461041.5","2461041.506822953","frozen_polybeam","khz_comb","30.0","multi","coherent_ab","4","4","4","46696;48029;44725;46687","86.617;85.104;84.152;73.708","0.2313613071236559","0.0001386146167366","0.5502745938468236","3969.816508545893","1.1038652964246414","0.5662297710186077","0.001679716351638648","False","20262798","100","1.20425523838191","2.179133438333893","0.1188118811881188","0.04950495049504951","20.852246605645632","2124.313314083878","14.763729654856434","22.358070104748187","23.539186312734383","1964.150003955122","2119.0839817862584","2152.635532284574","3.4101146429238725","2.686162648583489","1.1951577127703865","2124.313314083878","-367.3308770907509","6804380.162039771","0.00031219791714974754","1299","0.05000312024881745","-1.445965571882522","1.4440828042107998","-4095.9999999999995","4090.666666666666","C:\Users\kimeu\Downloads\starlink_pathB_wsl_package_v0_3_clean\starlink_pathB\outputs\coverage_null_global_stats\0_197_lst000_stress_frozen_polybeam_khz_comb_S30_multi.npz","9.10175923472585","9444.443085672718","1.7798436919007438e-05","140609741.2109375","False","False","False","False","False","False","False","False","False","1","4","4","4","0.3308758856684498","0.5502745938468236","0.3308758856684498","0.7280464634021924","0.0001386146167366"
"0_197","160.250312485456","mid","stress","0","2461041.5","2461041.506822953","frozen_polybeam","khz_comb","1000.0","single","coherent_ab","4","4","1","46696","86.617","0.2313613071236559","0.0001386146167366","0.5502745938468236","3969.816508545893","18.874325700620254","18.874325700620254","0.02384161759501491","False","20262815","100","0.6495876786051175","0.8130034274156743","0.21782178217821782","0.1188118811881188","680.3663415477931","58141.025967909794","555.8017281748398","756.0555494374305","760.9148554051842","55734.80239289589","58238.6267262416","58638.69490705502","129.34001589784748","0.811909205671357","0.7682902775610881","58141.025967909794","-3573.999066215057","6804380.162039771","0.00854464691615359","1299","0.05000312024881745","-1.445965571882522","1.4440828042107998","-4095.9999999999995","4090.666666666666","C:\Users\kimeu\Downloads\starlink_pathB_wsl_package_v0_3_clean\starlink_pathB\outputs\coverage_null_global_stats\0_197_lst000_stress_frozen_polybeam_khz_comb_S1000_single.npz","9.10175923472585","9444.443085672718","1.7798436919007438e-05","140609741.2109375","False","False","False","False","False","False","False","False","False","1","4","4","4","0.3308758856684498","0.5502745938468236","0.3308758856684498","0.7280464634021924","0.0001386146167366"
"0_197","160.250312485456","mid","stress","0","2461041.5","2461041.506822953","frozen_polybeam","khz_comb","1000.0","multi","coherent_ab","4","4","4","46696;48029;44725;46687","86.617;85.104;84.152;73.708","0.2313613071236559","0.0001386146167366","0.5502745938468236","3969.816508545893","36.795509880821385","18.874325700620254","0.05599054505462161","False","20262832","100","0.8758159587147069","2.0896425144359436","0.13861386138613863","0.039603960396039604","712.702905537255","70835.99633693123","551.0071995243852","783.1006173597808","865.0086084226785","65557.1604446393","70219.47088189072","71163.9521816653","124.52645840431796","2.705291774688533","1.208717808588726","70835.99633693123","-9970.855515334879","6804380.162039771","0.010410352544984274","1299","0.05000312024881745","-1.445965571882522","1.4440828042107998","-4095.9999999999995","4090.666666666666","C:\Users\kimeu\Downloads\starlink_pathB_wsl_package_v0_3_clean\starlink_pathB\outputs\coverage_null_global_stats\0_197_lst000_stress_frozen_polybeam_khz_comb_S1000_multi.npz","9.10175923472585","9444.443085672718","1.7798436919007438e-05","140609741.2109375","False","False","False","False","False","False","False","False","False","1","4","4","4","0.3308758856684498","0.5502745938468236","0.3308758856684498","0.7280464634021924","0.0001386146167366"
"0_197","160.250312485456","mid","stress","0","2461041.5","2461041.506822953","full_polybeam","smooth","30.0","single","coherent_ab","4","4","1","46696","86.617","0.2313613071236559","0.0001386146167366","0.5502745938468236","3969.816508545893","0.96524792531392","0.96524792531392","0.0011264688618259154","False","20262849","100","2.1781666287693393","1.022797691322008","0.039603960396039604","0.07920792079207921","30.780294499883894","2718.5857440221607","19.46283145246707","30.107134182558365","31.135279126658425","2629.926752297406","2722.0437964066623","2726.0422142842604","3.5045639508825843","1.395422854268196","1.1863246597049206","2718.5857440221607","-218.11853697901387","6804380.162039771","0.00039953466433115953","1299","0.05000312024881745","-1.445965571882522","1.4440828042107998","-4095.9999999999995","4090.666666666666","C:\Users\kimeu\Downloads\starlink_pathB_wsl_package_v0_3_clean\starlink_pathB\outputs\coverage_null_global_stats\0_197_lst000_stress_full_polybeam_smooth_S30_single.npz","9.10175923472585","9444.443085672718","1.7798436919007438e-05","140609741.2109375","True","False","True","False","False","False","False","False","False","1","4","4","4","0.3308758856684498","0.5502745938468236","0.3308758856684498","0.7280464634021924","0.0001386146167366"
"0_197","160.250312485456","mid","stress","0","2461041.5","2461041.506822953","full_polybeam","smooth","30.0","multi","coherent_ab","4","4","4","46696;48029;44725;46687","86.617;85.104;84.152;73.708","0.2313613071236559","0.0001386146167366","0.5502745938468236","3969.816508545893","1.948714138999386","0.96524792531392","0.0029067746520643964","False","20262866","100","1.672999774007753","1.707875505801443","0.12871287128712872","0.10891089108910891","32.87950460531283","3777.8073966027605","22.499181859529926","36.08921015047817","37.80101157146231","3543.2943299339177","3840.4317270996016","3942.3067757377216","4.18495679508851","2.261566990089501","1.451587474716556","3777.8073966027605","-497.92434399705553","6804380.162039771","0.0005552022824471752","1299","0.05000312024881745","-1.445965571882522","1.4440828042107998","-4095.9999999999995","4090.666666666666","C:\Users\kimeu\Downloads\starlink_pathB_wsl_package_v0_3_clean\starlink_pathB\outputs\coverage_null_global_stats\0_197_lst000_stress_full_polybeam_smooth_S30_multi.npz","9.10175923472585","9444.443085672718","1.7798436919007438e-05","140609741.2109375","False","False","False","False","False","False","False","False","False","1","4","4","4","0.3308758856684498","0.5502745938468236","0.3308758856684498","0.7280464634021924","0.0001386146167366"
"0_197","160.250312485456","mid","stress","0","2461041.5","2461041.506822953","full_polybeam","smooth","1000.0","single","coherent_ab","4","4","1","46696","86.617","0.2313613071236559","0.0001386146167366","0.5502745938468236","3969.816508545893","32.174930843797334","32.174930843797334","0.03754896206086383","False","20262883","100","0.9601379239140482","0.852259423034026","0.09900990099009901","0.16831683168316833","1072.7068356944073","91240.13934756524","811.2882710999547","1080.172275139334","1090.9368878251457","88388.58718486867","91559.2032858425","91751.06812848648","183.64487203650788","1.0507865887112409","0.9993578917923455","91240.13934756524","-3447.6050475605953","6804380.162039771","0.013409030238577072","1299","0.05000312024881745","-1.445965571882522","1.4440828042107998","-4095.9999999999995","4090.666666666666","C:\Users\kimeu\Downloads\starlink_pathB_wsl_package_v0_3_clean\starlink_pathB\outputs\coverage_null_global_stats\0_197_lst000_stress_full_polybeam_smooth_S1000_single.npz","9.10175923472585","9444.443085672718","1.7798436919007438e-05","140609741.2109375","False","False","False","False","False","False","False","False","False","1","4","4","4","0.3308758856684498","0.5502745938468236","0.3308758856684498","0.7280464634021924","0.0001386146167366"
"0_197","160.250312485456","mid","stress","0","2461041.5","2461041.506822953","full_polybeam","smooth","1000.0","multi","coherent_ab","4","4","4","46696;48029;44725;46687","86.617;85.104;84.152;73.708","0.2313613071236559","0.0001386146167366","0.5502745938468236","3969.816508545893","64.9571379666462","32.174930843797334","0.09689248840214654","False","20262900","100","0.8911114807181542","1.331303541596951","0.16831683168316833","0.18811881188118812","1136.0358003230795","126615.29566078784","865.1257345654776","1214.0725947996696","1348.1486696466193","119254.01452519448","129875.09572199835","131275.92252947245","205.0544067229821","1.9205403272156725","1.3255845375781026","126615.29566078784","-16150.061109216882","6804380.162039771","0.01860791029389398","1299","0.05000312024881745","-1.445965571882522","1.4440828042107998","-4095.9999999999995","4090.666666666666","C:\Users\kimeu\Downloads\starlink_pathB_wsl_package_v0_3_clean\starlink_pathB\outputs\coverage_null_global_stats\0_197_lst000_stress_full_polybeam_smooth_S1000_multi.npz","9.10175923472585","9444.443085672718","1.7798436919007438e-05","140609741.2109375","False","False","False","False","False","False","False","False","False","1","4","4","4","0.3308758856684498","0.5502745938468236","0.3308758856684498","0.7280464634021924","0.0001386146167366"
"0_197","160.250312485456","mid","stress","0","2461041.5","2461041.506822953","full_polybeam","lines","30.0","single","coherent_ab","4","4","1","46696","86.617","0.2313613071236559","0.0001386146167366","0.5502745938468236","3969.816508545893","0.9650469366030386","0.9650469366030386","0.0011283049950155102","False","20262917","100","1.1683818323143598","0.9081836959755967","0.06930693069306931","0.10891089108910891","30.37425862965756","2721.3248385115376","21.88703696250741","30.400136708399078","30.878902210984524","2636.3326780411467","2724.595296088078","2729.0585669780235","4.899556317803217","1.2000901633796293","1.0242157772094667","2721.3248385115376","-214.88565982928924","6804380.162039771","0.0003999372130459797","1299","0.05000312024881745","-1.445965571882522","1.4440828042107998","-4095.9999999999995","4090.666666666666","C:\Users\kimeu\Downloads\starlink_pathB_wsl_package_v0_3_clean\starlink_pathB\outputs\coverage_null_global_stats\0_197_lst000_stress_full_polybeam_lines_S30_single.npz","9.10175923472585","9444.443085672718","1.7798436919007438e-05","140609741.2109375","False","False","False","False","False","False","False","False","False","1","4","4","4","0.3308758856684498","0.5502745938468236","0.3308758856684498","0.7280464634021924","0.0001386146167366"
"0_197","160.250312485456","mid","stress","0","2461041.5","2461041.506822953","full_polybeam","lines","30.0","multi","coherent_ab","4","4","4","46696;48029;44725;46687","86.617;85.104;84.152;73.708","0.2313613071236559","0.0001386146167366","0.5502745938468236","3969.816508545893","1.9484211491426473","0.9650469366030386","0.0029102568971173044","False","20262934","100","0.9590489696757205","1.7745783219381155","0.1188118811881188","0.09900990099009901","32.242749159777304","3777.779180084728","25.198565693033743","33.831000083485556","38.9572097474862","3561.3977947018693","3826.902513078465","3888.696496910377","4.954112674749922","2.4829517785518185","1.1819671695016192","3777.779180084728","-494.9468275661223","6804380.162039771","0.0005551981356303659","1299","0.05000312024881745","-1.445965571882522","1.4440828042107998","-4095.9999999999995","4090.666666666666","C:\Users\kimeu\Downloads\starlink_pathB_wsl_package_v0_3_clean\starlink_pathB\outputs\coverage_null_global_stats\0_197_lst000_stress_full_polybeam_lines_S30_multi.npz","9.10175923472585","9444.443085672718","1.7798436919007438e-05","140609741.2109375","False","False","False","False","False","False","False","False","False","1","4","4","4","0.3308758856684498","0.5502745938468236","0.3308758856684498","0.7280464634021924","0.0001386146167366"
"0_197","160.250312485456","mid","stress","0","2461041.5","2461041.506822953","full_polybeam","lines","1000.0","single","coherent_ab","4","4","1","46696","86.617","0.2313613071236559","0.0001386146167366","0.5502745938468236","3969.816508545893","32.16823122010129","32.16823122010129","0.03761016650051701","False","20262951","100","1.2215240018792117","1.0946414631447026","0.06930693069306931","0.10891089108910891","1058.8892623683205","91285.92568402168","759.370856369118","1061.0571671599268","1077.601965550519","88021.26453229928","91385.67184617024","91816.25865565932","165.38553219488676","1.206306826449406","1.11933986676238","91285.92568402168","-3341.6460077346064","6804380.162039771","0.013415759188954048","1299","0.05000312024881745","-1.445965571882522","1.4440828042107998","-4095.9999999999995","4090.666666666666","C:\Users\kimeu\Downloads\starlink_pathB_wsl_package_v0_3_clean\starlink_pathB\outputs\coverage_null_global_stats\0_197_lst000_stress_full_polybeam_lines_S1000_single.npz","9.10175923472585","9444.443085672718","1.7798436919007438e-05","140609741.2109375","False","False","False","False","False","False","False","False","False","1","4","4","4","0.3308758856684498","0.5502745938468236","0.3308758856684498","0.7280464634021924","0.0001386146167366"
"0_197","160.250312485456","mid","stress","0","2461041.5","2461041.506822953","full_polybeam","lines","1000.0","multi","coherent_ab","4","4","4","46696;48029;44725;46687","86.617;85.104;84.152;73.708","0.2313613071236559","0.0001386146167366","0.5502745938468236","3969.816508545893","64.94737163808824","32.16823122010129","0.09700856323724348","False","20262968","100","1.0829245248214252","1.7620207577394174","0.1485148514851485","0.1188118811881188","1113.9564849684684","126597.6790529355","829.0693617757897","1193.5784557143386","1314.4744130416605","118496.88494144159","128227.6047458344","130534.23121600851","177.43963469570372","2.719393961697034","1.4225646341816929","126597.6790529355","-16050.091799941903","6804380.162039771","0.01860532128395732","1299","0.05000312024881745","-1.445965571882522","1.4440828042107998","-4095.9999999999995","4090.666666666666","C:\Users\kimeu\Downloads\starlink_pathB_wsl_package_v0_3_clean\starlink_pathB\outputs\coverage_null_global_stats\0_197_lst000_stress_full_polybeam_lines_S1000_multi.npz","9.10175923472585","9444.443085672718","1.7798436919007438e-05","140609741.2109375","False","False","False","False","False","False","False","False","False","1","4","4","4","0.3308758856684498","0.5502745938468236","0.3308758856684498","0.7280464634021924","0.0001386146167366"
"0_197","160.250312485456","mid","stress","0","2461041.5","2461041.506822953","full_polybeam","khz_comb","30.0","single","coherent_ab","4","4","1","46696","86.617","0.2313613071236559","0.0001386146167366","0.5502745938468236","3969.816508545893","0.7942126869156573","0.7942126869156573","0.0009772452276918077","False","20262985","100","0.7237344066695246","0.7978472500821657","0.2079207920792079","0.10891089108910891","25.107984870992368","2333.6705231121477","19.995500348013593","27.129184565684408","27.43467108211262","2249.243526719107","2334.2731155933443","2334.903306084161","4.764625720345066","1.317792245312262","1.2002936398339885","2333.6705231121477","-204.31230737897116","6804380.162039771","0.0003429659230580932","1299","0.05000312024881745","-1.445965571882522","1.4440828042107998","-4095.9999999999995","4090.666666666666","C:\Users\kimeu\Downloads\starlink_pathB_wsl_package_v0_3_clean\starlink_pathB\outputs\coverage_null_global_stats\0_197_lst000_stress_full_polybeam_khz_comb_S30_single.npz","9.10175923472585","9444.443085672718","1.7798436919007438e-05","140609741.2109375","False","False","False","False","False","False","False","False","False","1","4","4","4","0.3308758856684498","0.5502745938468236","0.3308758856684498","0.7280464634021924","0.0001386146167366"
"0_197","160.250312485456","mid","stress","0","2461041.5","2461041.506822953","full_polybeam","khz_comb","30.0","multi","coherent_ab","4","4","4","46696;48029;44725;46687","86.617;85.104;84.152;73.708","0.2313613071236559","0.0001386146167366","0.5502745938468236","3969.816508545893","1.603508324217815","0.7942126869156573","0.002503138159359219","False","20263002","100","1.164044607989468","1.5841176495417864","0.15841584158415842","0.13861386138613863","27.407761621885584","3195.9191189607836","19.719323998906475","30.52081450681944","32.69325527799826","2980.042682673693","3247.343619062432","3278.8599088240994","4.454966842266003","2.4131449812915124","1.4923508504809806","3195.9191189607836","-444.10500103774336","6804380.162039771","0.00046968556177830206","1299","0.05000312024881745","-1.445965571882522","1.4440828042107998","-4095.9999999999995","4090.666666666666","C:\Users\kimeu\Downloads\starlink_pathB_wsl_package_v0_3_clean\starlink_pathB\outputs\coverage_null_global_stats\0_197_lst000_stress_full_polybeam_khz_comb_S30_multi.npz","9.10175923472585","9444.443085672718","1.7798436919007438e-05","140609741.2109375","False","False","False","False","False","False","False","False","False","1","4","4","4","0.3308758856684498","0.5502745938468236","0.3308758856684498","0.7280464634021924","0.0001386146167366"
"0_197","160.250312485456","mid","stress","0","2461041.5","2461041.506822953","full_polybeam","khz_comb","1000.0","single","coherent_ab","4","4","1","46696","86.617","0.2313613071236559","0.0001386146167366","0.5502745938468236","3969.816508545893","26.47375623052191","26.47375623052191","0.03257484092306026","False","20263019","100","0.6166583900075875","0.7310216387725954","0.22772277227722773","0.1485148514851485","875.8751098849461","78099.18731703467","740.4960530215831","917.7073059278904","929.9079014391599","75631.57765666788","78196.04316783327","78239.87816132704","148.0753758655119","1.1451392959232825","1.0519843575593797","78099.18731703467","-3727.510913774976","6804380.162039771","0.011477781290459618","1299","0.05000312024881745","-1.445965571882522","1.4440828042107998","-4095.9999999999995","4090.666666666666","C:\Users\kimeu\Downloads\starlink_pathB_wsl_package_v0_3_clean\starlink_pathB\outputs\coverage_null_global_stats\0_197_lst000_stress_full_polybeam_khz_comb_S1000_single.npz","9.10175923472585","9444.443085672718","1.7798436919007438e-05","140609741.2109375","False","False","False","False","False","False","False","False","False","1","4","4","4","0.3308758856684498","0.5502745938468236","0.3308758856684498","0.7280464634021924","0.0001386146167366"
"0_197","160.250312485456","mid","stress","0","2461041.5","2461041.506822953","full_polybeam","khz_comb","1000.0","multi","coherent_ab","4","4","4","46696;48029;44725;46687","86.617;85.104;84.152;73.708","0.2313613071236559","0.0001386146167366","0.5502745938468236","3969.816508545893","53.45027747392717","26.47375623052191","0.08343793864530732","False","20263036","100","1.156612050166523","2.121137648365572","0.0891089108910891","0.12871287128712872","945.3309985244414","106985.39423642235","699.6628689990466","978.1630766025846","1077.2578820820038","99894.93145371958","108344.56788416764","110224.38989372468","143.26401254329085","2.2447269885877907","1.2578328088903143","106985.39423642235","-13999.484049921928","6804380.162039771","0.01572301836297621","1299","0.05000312024881745","-1.445965571882522","1.4440828042107998","-4095.9999999999995","4090.666666666666","C:\Users\kimeu\Downloads\starlink_pathB_wsl_package_v0_3_clean\starlink_pathB\outputs\coverage_null_global_stats\0_197_lst000_stress_full_polybeam_khz_comb_S1000_multi.npz","9.10175923472585","9444.443085672718","1.7798436919007438e-05","140609741.2109375","False","False","False","False","False","False","False","False","False","1","4","4","4","0.3308758856684498","0.5502745938468236","0.3308758856684498","0.7280464634021924","0.0001386146167366"
"11_10","153.90399534464717","mid","quiet","16","2461041.611111111","2461041.6179340645","frozen_polybeam","smooth","30.0","single","coherent_ab","2","2","1","46128","79.673","0.1708459341397849","1.402136280872614e-07","0.0212303841364464","151414.55524732452","0.05003212215003926","0.05003212215003926","0.00016032866894179248","False","20263069","100","-0.04056017684157456","1.1048729002936952","0.5346534653465347","0.2376237623762376","0.44640761909431603","96.87855199900793","0.4496086760500475","0.5350510339142829","0.5481183425280506","94.35293675295924","97.58439363386411","97.64674715570916","0.05323160561238183","1.1023181204846106","1.0189231221503843","96.87855199900793","-29.76412821577421","3640729.683564343","2.6609652574964588e-05","1305","0.04802287038716557","-1.445965571882522","1.4440828042107998","-4095.9999999999995","4090.666666666666","C:\Users\kimeu\Downloads\starlink_pathB_wsl_package_v0_3_clean\starlink_pathB\outputs\coverage_null_global_stats\11_10_lst016_quiet_frozen_polybeam_smooth_S30_single.npz","9.10175923472585","9444.443085672718","1.7798436919007438e-05","140609741.2109375","False","False","False","False","False","False","False","False","False","0","2","2","2","0.0","0.0212303841364464","0.0","0.0519940798441188","1.402136280872614e-07"
"11_10","153.90399534464717","mid","quiet","16","2461041.611111111","2461041.6179340645","frozen_polybeam","smooth","30.0","multi","coherent_ab","2","2","2","46128;44537","79.673;70.729","0.1708459341397849","1.402136280872614e-07","0.0212303841364464","151414.55524732452","0.07696905456161474","0.05003212215003926","0.0003121720478773093","False","20263086","100","-0.8955730078153338","2.630216810843266","0.7623762376237624","0.009900990099009901","0.4652601274137851","141.37796904317887","0.5628134808857794","0.8964977926654683","1.01943660537474","125.29576951501028","134.42096323416604","140.56325929491774","0.07347121328871253","2.4228536225243373","1.4994886713742805","141.37796904317887","-57.83661926600281","3640729.683564343","3.8832316961463386e-05","1305","0.04802287038716557","-1.445965571882522","1.4440828042107998","-4095.9999999999995","4090.666666666666","C:\Users\kimeu\Downloads\starlink_pathB_wsl_package_v0_3_clean\starlink_pathB\outputs\coverage_null_global_stats\11_10_lst016_quiet_frozen_polybeam_smooth_S30_multi.npz","9.10175923472585","9444.443085672718","1.7798436919007438e-05","140609741.2109375","False","False","False","False","False","False","False","False","False","0","2","2","2","0.0","0.0212303841364464","0.0","0.0519940798441188","1.402136280872614e-07"
"11_10","153.90399534464717","mid","quiet","16","2461041.611111111","2461041.6179340645","frozen_polybeam","smooth","1000.0","single","coherent_ab","2","2","1","46128","79.673","0.1708459341397849","1.402136280872614e-07","0.0212303841364464","151414.55524732452","1.6677374050013085","1.6677374050013085","0.005344288964726416","False","20263103","100","-0.18404659727338607","0.6934652376722037","0.6237623762376238","0.25742574257425743","14.860580645621667","3232.2246108872346","15.373329320632365","18.133055411942678","18.29042223529266","3178.047566486105","3252.113592282254","3257.6933961662567","1.8791124006213522","1.1072386527417608","1.0013177529653754","3232.2246108872346","-1001.5471971993375","3640729.683564343","0.0008877958244136449","1305","0.04802287038716557","-1.445965571882522","1.4440828042107998","-4095.9999999999995","4090.666666666666","C:\Users\kimeu\Downloads\starlink_pathB_wsl_package_v0_3_clean\starlink_pathB\outputs\coverage_null_global_stats\11_10_lst016_quiet_frozen_polybeam_smooth_S1000_single.npz","9.10175923472585","9444.443085672718","1.7798436919007438e-05","140609741.2109375","False","False","False","False","False","False","False","False","False","0","2","2","2","0.0","0.0212303841364464","0.0","0.0519940798441188","1.402136280872614e-07"
"11_10","153.90399534464717","mid","quiet","16","2461041.611111111","2461041.6179340645","frozen_polybeam","smooth","1000.0","multi","coherent_ab","2","2","2","46128;44537","79.673;70.729","0.1708459341397849","1.402136280872614e-07","0.0212303841364464","151414.55524732452","2.565635152053825","1.6677374050013085","0.010405734929243644","False","20263120","100","-0.512267436083411","2.948319502559669","0.7029702970297029","0.009900990099009901","15.498301001085565","4715.938494630976","18.0099263435186","30.41860524318408","33.27530832633914","4118.877750784384","4584.661298910716","4699.036482212577","3.3069993628532757","2.284097929127148","1.4159680924248534","4715.938494630976","-1935.6041285456117","3640729.683564343","0.0012953278338462039","1305","0.04802287038716557","-1.445965571882522","1.4440828042107998","-4095.9999999999995","4090.666666666666","C:\Users\kimeu\Downloads\starlink_pathB_wsl_package_v0_3_clean\starlink_pathB\outputs\coverage_null_global_stats\11_10_lst016_quiet_frozen_polybeam_smooth_S1000_multi.npz","9.10175923472585","9444.443085672718","1.7798436919007438e-05","140609741.2109375","False","False","False","False","False","False","False","False","False","0","2","2","2","0.0","0.0212303841364464","0.0","0.0519940798441188","1.402136280872614e-07"
"11_10","153.90399534464717","mid","quiet","16","2461041.611111111","2461041.6179340645","frozen_polybeam","lines","30.0","single","coherent_ab","2","2","1","46128","79.673","0.1708459341397849","1.402136280872614e-07","0.0212303841364464","151414.55524732452","0.050021704213393255","0.050021704213393255","0.00016055461354090177","False","20263137","100","0.0008533715416312805","1.1200819046386559","0.504950495049505","0.1782178217821782","0.44169227673228306","96.87048327859756","0.44161524226274196","0.5431199475757467","0.5584298970753252","94.343344780296","97.49594047465229","97.59116269278812","0.06088677127354458","1.1141098081364498","1.045948592457577","96.87048327859756","-29.56688284446063","3640729.683564343","2.6607436337805647e-05","1305","0.04802287038716557","-1.445965571882522","1.4440828042107998","-4095.9999999999995","4090.666666666666","C:\Users\kimeu\Downloads\starlink_pathB_wsl_package_v0_3_clean\starlink_pathB\outputs\coverage_null_global_stats\11_10_lst016_quiet_frozen_polybeam_lines_S30_single.npz","9.10175923472585","9444.443085672718","1.7798436919007438e-05","140609741.2109375","False","False","False","False","False","False","False","False","False","0","2","2","2","0.0","0.0212303841364464","0.0","0.0519940798441188","1.402136280872614e-07"
"11_10","153.90399534464717","mid","quiet","16","2461041.611111111","2461041.6179340645","frozen_polybeam","lines","30.0","multi","coherent_ab","2","2","2","46128;44537","79.673;70.729","0.1708459341397849","1.402136280872614e-07","0.0212303841364464","151414.55524732452","0.07695760192643318","0.050021704213393255","0.0003125611034453255","False","20263154","100","-0.8278037719787785","2.0514572930604187","0.7920792079207921","0.0297029702970297","0.4567095191159751","141.3869859788071","0.569985776312933","0.9667513601897554","1.0309014674547508","125.88523389367305","139.8074848685398","141.4045740987351","0.09229698067792924","2.569505391102567","1.5801866609688073","141.3869859788071","-57.60751591190031","3640729.683564343","3.88347936450988e-05","1305","0.04802287038716557","-1.445965571882522","1.4440828042107998","-4095.9999999999995","4090.666666666666","C:\Users\kimeu\Downloads\starlink_pathB_wsl_package_v0_3_clean\starlink_pathB\outputs\coverage_null_global_stats\11_10_lst016_quiet_frozen_polybeam_lines_S30_multi.npz","9.10175923472585","9444.443085672718","1.7798436919007438e-05","140609741.2109375","False","False","False","False","False","False","False","False","False","0","2","2","2","0.0","0.0212303841364464","0.0","0.0519940798441188","1.402136280872614e-07"
"11_10","153.90399534464717","mid","quiet","16","2461041.611111111","2461041.6179340645","frozen_polybeam","lines","1000.0","single","coherent_ab","2","2","1","46128","79.673","0.1708459341397849","1.402136280872614e-07","0.0212303841364464","151414.55524732452","1.667390140446442","1.667390140446442","0.005351820451363393","False","20263171","100","0.023171290119254243","1.2290251478072205","0.49504950495049505","0.16831683168316833","14.704190708915121","3231.966037395415","14.631564568097474","18.527102059304205","18.616786255993603","3147.8859541198494","3249.8507519732448","3255.0296990471315","2.1140670470153964","1.0770146897477226","0.9769202927060991","3231.966037395415","-994.9733544342741","3640729.683564343","0.0008877248019774044","1305","0.04802287038716557","-1.445965571882522","1.4440828042107998","-4095.9999999999995","4090.666666666666","C:\Users\kimeu\Downloads\starlink_pathB_wsl_package_v0_3_clean\starlink_pathB\outputs\coverage_null_global_stats\11_10_lst016_quiet_frozen_polybeam_lines_S1000_single.npz","9.10175923472585","9444.443085672718","1.7798436919007438e-05","140609741.2109375","False","False","False","False","False","False","False","False","False","0","2","2","2","0.0","0.0212303841364464","0.0","0.0519940798441188","1.402136280872614e-07"
"11_10","153.90399534464717","mid","quiet","16","2461041.611111111","2461041.6179340645","frozen_polybeam","lines","1000.0","multi","coherent_ab","2","2","2","46128;44537","79.673;70.729","0.1708459341397849","1.402136280872614e-07","0.0212303841364464","151414.55524732452","2.5652533975477727","1.667390140446442","0.010418703448177517","False","20263188","100","-0.5128524553946946","3.0772202451603823","0.7524752475247525","0.019801980198019802","15.213979590365852","4716.209337169651","17.60370674580315","33.03010521358674","34.67246382457803","4142.689861954397","4631.516310500586","4700.65218086372","3.142909558212523","2.0111468862333624","1.2917289698094554","4716.209337169651","-1927.9672577701017","3640729.683564343","0.0012954022262241655","1305","0.04802287038716557","-1.445965571882522","1.4440828042107998","-4095.9999999999995","4090.666666666666","C:\Users\kimeu\Downloads\starlink_pathB_wsl_package_v0_3_clean\starlink_pathB\outputs\coverage_null_global_stats\11_10_lst016_quiet_frozen_polybeam_lines_S1000_multi.npz","9.10175923472585","9444.443085672718","1.7798436919007438e-05","140609741.2109375","False","False","False","False","False","False","False","False","False","0","2","2","2","0.0","0.0212303841364464","0.0","0.0519940798441188","1.402136280872614e-07"
"11_10","153.90399534464717","mid","quiet","16","2461041.611111111","2461041.6179340645","frozen_polybeam","khz_comb","30.0","single","coherent_ab","2","2","1","46128","79.673","0.1708459341397849","1.402136280872614e-07","0.0212303841364464","151414.55524732452","0.04116677707642","0.04116677707642","0.00014444440273565483","False","20263205","100","0.41972358111332153","1.2390612600913136","0.3564356435643564","0.1782178217821782","0.4363526868419285","87.55901429774663","0.40429070854224847","0.4717706704986767","0.47339518815973863","85.15734488040087","87.95538674313393","88.01665985095624","0.05152321448395014","1.0934371730633157","0.9863483249098048","87.55901429774663","-24.136046264356846","3640729.683564343","2.404985316350779e-05","1305","0.04802287038716557","-1.445965571882522","1.4440828042107998","-4095.9999999999995","4090.666666666666","C:\Users\kimeu\Downloads\starlink_pathB_wsl_package_v0_3_clean\starlink_pathB\outputs\coverage_null_global_stats\11_10_lst016_quiet_frozen_polybeam_khz_comb_S30_single.npz","9.10175923472585","9444.443085672718","1.7798436919007438e-05","140609741.2109375","False","False","False","False","False","False","False","False","False","0","2","2","2","0.0","0.0212303841364464","0.0","0.0519940798441188","1.402136280872614e-07"
"11_10","153.90399534464717","mid","quiet","16","2461041.611111111","2461041.6179340645","frozen_polybeam","khz_comb","30.0","multi","coherent_ab","2","2","2","46128;44537","79.673;70.729","0.1708459341397849","1.402136280872614e-07","0.0212303841364464","151414.55524732452","0.06333443637438267","0.04116677707642","0.0002803479173138038","False","20263222","100","-0.7875409022654155","1.6312828304403948","0.7722772277227723","0.019801980198019802","0.4202426382689737","125.9341232777155","0.4974086607198842","0.7141927794204093","0.9313435067533286","114.33950893427405","124.68792436685196","125.77253547984745","0.06608897257143553","1.8431087259690966","1.093030228955127","125.9341232777155","-46.52591708623904","3640729.683564343","3.459035254559839e-05","1305","0.04802287038716557","-1.445965571882522","1.4440828042107998","-4095.9999999999995","4090.666666666666","C:\Users\kimeu\Downloads\starlink_pathB_wsl_package_v0_3_clean\starlink_pathB\outputs\coverage_null_global_stats\11_10_lst016_quiet_frozen_polybeam_khz_comb_S30_multi.npz","9.10175923472585","9444.443085672718","1.7798436919007438e-05","140609741.2109375","False","False","False","False","False","False","False","False","False","0","2","2","2","0.0","0.0212303841364464","0.0","0.0519940798441188","1.402136280872614e-07"
"11_10","153.90399534464717","mid","quiet","16","2461041.611111111","2461041.6179340645","frozen_polybeam","khz_comb","1000.0","single","coherent_ab","2","2","1","46128","79.673","0.1708459341397849","1.402136280872614e-07","0.0212303841364464","151414.55524732452","1.3722259025473333","1.3722259025473333","0.004814813424521828","False","20263239","100","0.5001089148246728","1.4369967338563803","0.33663366336633666","0.16831683168316833","14.532683407929653","2920.6672304542167","13.461488064696823","15.696566285923609","15.858090478584709","2833.0876305578386","2928.5233608663684","2931.812226163872","1.4447080209681928","1.277282747334916","1.1618045473426386","2920.6672304542167","-811.4545088387399","3640729.683564343","0.0008022202921681426","1305","0.04802287038716557","-1.445965571882522","1.4440828042107998","-4095.9999999999995","4090.666666666666","C:\Users\kimeu\Downloads\starlink_pathB_wsl_package_v0_3_clean\starlink_pathB\outputs\coverage_null_global_stats\11_10_lst016_quiet_frozen_polybeam_khz_comb_S1000_single.npz","9.10175923472585","9444.443085672718","1.7798436919007438e-05","140609741.2109375","False","False","False","False","False","False","False","False","False","0","2","2","2","0.0","0.0212303841364464","0.0","0.0519940798441188","1.402136280872614e-07"
"11_10","153.90399534464717","mid","quiet","16","2461041.611111111","2461041.6179340645","frozen_polybeam","khz_comb","1000.0","multi","coherent_ab","2","2","2","46128;44537","79.673;70.729","0.1708459341397849","1.402136280872614e-07","0.0212303841364464","151414.55524732452","2.111147879146089","1.3722259025473333","0.009344930577126794","False","20263256","100","-0.6890217922308084","2.372831200458104","0.7920792079207921","0.009900990099009901","14.001455864539821","4200.361417555407","16.23265308499822","31.113016371033062","32.65135102766868","3701.320079040229","4101.34236123231","4162.466558129294","2.184142685671304","2.8982956875587753","1.4631679140406237","4200.361417555407","-1557.2343944258198","3640729.683564343","0.0011537141679365697","1305","0.04802287038716557","-1.445965571882522","1.4440828042107998","-4095.9999999999995","4090.666666666666","C:\Users\kimeu\Downloads\starlink_pathB_wsl_package_v0_3_clean\starlink_pathB\outputs\coverage_null_global_stats\11_10_lst016_quiet_frozen_polybeam_khz_comb_S1000_multi.npz","9.10175923472585","9444.443085672718","1.7798436919007438e-05","140609741.2109375","False","False","False","False","False","False","False","False","False","0","2","2","2","0.0","0.0212303841364464","0.0","0.0519940798441188","1.402136280872614e-07"
"11_10","153.90399534464717","mid","quiet","16","2461041.611111111","2461041.6179340645","full_polybeam","smooth","30.0","single","coherent_ab","2","2","1","46128","79.673","0.1708459341397849","1.402136280872614e-07","0.0212303841364464","151414.55524732452","0.20322253556207953","0.20322253556207953","0.00033443293912034254","False","20263273","100","-1.6539298222445822","0.9577931848040485","0.9108910891089109","0.07920792079207921","1.151823366161807","326.741849719147","1.3704134850599985","1.65587552225345","1.7024919552876168","315.642473840657","326.91945753013295","327.2344333248772","0.08914345296079773","0.9671638692178501","0.9181377358663865","326.741849719147","-97.27906872178005","3640729.683564343","8.974625366837468e-05","1305","0.04802287038716557","-1.445965571882522","1.4440828042107998","-4095.9999999999995","4090.666666666666","C:\Users\kimeu\Downloads\starlink_pathB_wsl_package_v0_3_clean\starlink_pathB\outputs\coverage_null_global_stats\11_10_lst016_quiet_full_polybeam_smooth_S30_single.npz","9.10175923472585","9444.443085672718","1.7798436919007438e-05","140609741.2109375","False","False","False","False","False","False","False","False","False","0","2","2","2","0.0","0.0212303841364464","0.0","0.0519940798441188","1.402136280872614e-07"
"11_10","153.90399534464717","mid","quiet","16","2461041.611111111","2461041.6179340645","full_polybeam","smooth","30.0","multi","coherent_ab","2","2","2","46128;44537","79.673;70.729","0.1708459341397849","1.402136280872614e-07","0.0212303841364464","151414.55524732452","0.2432125766040906","0.20322253556207953","0.00047318599949205595","False","20263290","100","-0.6230146783082184","0.9940416529007541","0.801980198019802","0.07920792079207921","1.2534376346993668","341.3482296038783","1.3727381273389483","1.7498741502751614","1.7911522335600603","327.74877401096535","342.12754044412566","342.7963676962134","0.12915759883043165","1.7310645554602193","1.047643149528617","341.3482296038783","-111.58029848972654","3640729.683564343","9.37581911518605e-05","1305","0.04802287038716557","-1.445965571882522","1.4440828042107998","-4095.9999999999995","4090.666666666666","C:\Users\kimeu\Downloads\starlink_pathB_wsl_package_v0_3_clean\starlink_pathB\outputs\coverage_null_global_stats\11_10_lst016_quiet_full_polybeam_smooth_S30_multi.npz","9.10175923472585","9444.443085672718","1.7798436919007438e-05","140609741.2109375","False","False","False","False","False","False","False","False","False","0","2","2","2","0.0","0.0212303841364464","0.0","0.0519940798441188","1.402136280872614e-07"
"11_10","153.90399534464717","mid","quiet","16","2461041.611111111","2461041.6179340645","full_polybeam","smooth","1000.0","single","coherent_ab","2","2","1","46128","79.673","0.1708459341397849","1.402136280872614e-07","0.0212303841364464","151414.55524732452","6.774084518735985","6.774084518735985","0.011147764637344753","False","20263307","100","-1.322952153647392","1.0912616027357054","0.8613861386138614","0.019801980198019802","37.951177368892786","10982.947792396062","45.16472896332016","53.81261843276201","56.090867748542095","10575.14724803339","10955.982103323791","10974.106630394885","3.677739878978059","1.2921054656988675","1.2208617796176597","10982.947792396062","-3630.600688873065","3640729.683564343","0.0030166886165642346","1305","0.04802287038716557","-1.445965571882522","1.4440828042107998","-4095.9999999999995","4090.666666666666","C:\Users\kimeu\Downloads\starlink_pathB_wsl_package_v0_3_clean\starlink_pathB\outputs\coverage_null_global_stats\11_10_lst016_quiet_full_polybeam_smooth_S1000_single.npz","9.10175923472585","9444.443085672718","1.7798436919007438e-05","140609741.2109375","False","False","False","False","False","False","False","False","False","0","2","2","2","0.0","0.0212303841364464","0.0","0.0519940798441188","1.402136280872614e-07"
"11_10","153.90399534464717","mid","quiet","16","2461041.611111111","2461041.6179340645","full_polybeam","smooth","1000.0","multi","coherent_ab","2","2","2","46128;44537","79.673;70.729","0.1708459341397849","1.402136280872614e-07","0.0212303841364464","151414.55524732452","8.10708588680302","6.774084518735985","0.0157728666497352","False","20263324","100","-0.9266788586459604","1.3046688513359364","0.8811881188118812","0.0297029702970297","41.72387268424791","11481.340366838074","47.09989273873816","57.299419174447095","60.06123933906165","10866.965406023013","11436.023274864","11494.807070031566","3.912980009938792","1.81883787199611","1.1441300154120404","11481.340366838074","-4109.208493387949","3640729.683564343","0.003153582211464166","1305","0.04802287038716557","-1.445965571882522","1.4440828042107998","-4095.9999999999995","4090.666666666666","C:\Users\kimeu\Downloads\starlink_pathB_wsl_package_v0_3_clean\starlink_pathB\outputs\coverage_null_global_stats\11_10_lst016_quiet_full_polybeam_smooth_S1000_multi.npz","9.10175923472585","9444.443085672718","1.7798436919007438e-05","140609741.2109375","False","False","False","False","False","False","False","False","False","0","2","2","2","0.0","0.0212303841364464","0.0","0.0519940798441188","1.402136280872614e-07"
"11_10","153.90399534464717","mid","quiet","16","2461041.611111111","2461041.6179340645","full_polybeam","lines","30.0","single","coherent_ab","2","2","1","46128","79.673","0.1708459341397849","1.402136280872614e-07","0.0212303841364464","151414.55524732452","0.20316866670570774","0.20316866670570774","0.000334746472740402","False","20263341","100","-1.3037505708718773","0.9518047357498486","0.9306930693069307","0.07920792079207921","1.1373963421824556","326.71902951159876","1.3457021151880042","1.6815827663506866","1.709979032860324","314.3507540487675","326.8737529731962","327.25068428606426","0.10776625696425413","1.173334646022526","1.0298083296294598","326.71902951159876","-96.89219192174184","3640729.683564343","8.973998563709203e-05","1305","0.04802287038716557","-1.445965571882522","1.4440828042107998","-4095.9999999999995","4090.666666666666","C:\Users\kimeu\Downloads\starlink_pathB_wsl_package_v0_3_clean\starlink_pathB\outputs\coverage_null_global_stats\11_10_lst016_quiet_full_polybeam_lines_S30_single.npz","9.10175923472585","9444.443085672718","1.7798436919007438e-05","140609741.2109375","False","False","False","False","False","False","False","False","False","0","2","2","2","0.0","0.0212303841364464","0.0","0.0519940798441188","1.402136280872614e-07"
"11_10","153.90399534464717","mid","quiet","16","2461041.611111111","2461041.6179340645","full_polybeam","lines","30.0","multi","coherent_ab","2","2","2","46128;44537","79.673;70.729","0.1708459341397849","1.402136280872614e-07","0.0212303841364464","151414.55524732452","0.24315757287958153","0.20316866670570774","0.00047364146985145875","False","20263358","100","-1.017039701797462","1.2083054459291174","0.8118811881188119","0.0594059405940594","1.256288811313425","341.46081981974874","1.422943472892257","1.7352421047646998","1.766413501143525","325.5142613288976","341.23860176597293","343.08945265147156","0.11052373772622559","2.1917912191793802","1.2119540878801502","341.46081981974874","-111.12610714035225","3640729.683564343","9.378911633050772e-05","1305","0.04802287038716557","-1.445965571882522","1.4440828042107998","-4095.9999999999995","4090.666666666666","C:\Users\kimeu\Downloads\starlink_pathB_wsl_package_v0_3_clean\starlink_pathB\outputs\coverage_null_global_stats\11_10_lst016_quiet_full_polybeam_lines_S30_multi.npz","9.10175923472585","9444.443085672718","1.7798436919007438e-05","140609741.2109375","False","False","False","False","False","False","False","False","False","0","2","2","2","0.0","0.0212303841364464","0.0","0.0519940798441188","1.402136280872614e-07"
"11_10","153.90399534464717","mid","quiet","16","2461041.611111111","2461041.6179340645","full_polybeam","lines","1000.0","single","coherent_ab","2","2","1","46128","79.673","0.1708459341397849","1.402136280872614e-07","0.0212303841364464","151414.55524732452","6.77228889019026","6.77228889019026","0.011158215758013401","False","20263375","100","-1.238847144216454","1.060670130689016","0.8613861386138614","0.07920792079207921","37.47935287127257","10982.023150081239","44.40261616879582","53.67645051479153","56.31909965124055","10539.71266336949","10987.243922597725","11001.895830611358","3.769373115483404","0.9406560134399926","0.8443567977756","10982.023150081239","-3617.4799376524807","3640729.683564343","0.0030164346448620792","1305","0.04802287038716557","-1.445965571882522","1.4440828042107998","-4095.9999999999995","4090.666666666666","C:\Users\kimeu\Downloads\starlink_pathB_wsl_package_v0_3_clean\starlink_pathB\outputs\coverage_null_global_stats\11_10_lst016_quiet_full_polybeam_lines_S1000_single.npz","9.10175923472585","9444.443085672718","1.7798436919007438e-05","140609741.2109375","False","False","False","False","False","False","False","False","False","0","2","2","2","0.0","0.0212303841364464","0.0","0.0519940798441188","1.402136280872614e-07"
"11_10","153.90399534464717","mid","quiet","16","2461041.611111111","2461041.6179340645","full_polybeam","lines","1000.0","multi","coherent_ab","2","2","2","46128;44537","79.673;70.729","0.1708459341397849","1.402136280872614e-07","0.0212303841364464","151414.55524732452","8.105252429319385","6.77228889019026","0.015788048995048626","False","20263392","100","-0.6922114499540196","1.0847012285148028","0.801980198019802","0.039603960396039604","41.8308524809072","11483.963583611097","45.923105628669504","56.501858486049436","57.38213932749026","11015.199216601493","11457.307492027392","11531.900784506559","3.9874910098468206","1.9380422206099317","1.0445748559880335","11483.963583611097","-4093.841528412287","3640729.683564343","0.0031543027309756436","1305","0.04802287038716557","-1.445965571882522","1.4440828042107998","-4095.9999999999995","4090.666666666666","C:\Users\kimeu\Downloads\starlink_pathB_wsl_package_v0_3_clean\starlink_pathB\outputs\coverage_null_global_stats\11_10_lst016_quiet_full_polybeam_lines_S1000_multi.npz","9.10175923472585","9444.443085672718","1.7798436919007438e-05","140609741.2109375","False","False","False","False","False","False","False","False","False","0","2","2","2","0.0","0.0212303841364464","0.0","0.0519940798441188","1.402136280872614e-07"
"11_10","153.90399534464717","mid","quiet","16","2461041.611111111","2461041.6179340645","full_polybeam","khz_comb","30.0","single","coherent_ab","2","2","1","46128","79.673","0.1708459341397849","1.402136280872614e-07","0.0212303841364464","151414.55524732452","0.1672034038565992","0.1672034038565992","0.0002871602431160159","False","20263409","100","-0.9196541069127956","0.8679379166042335","0.8910891089108911","0.0891089108910891","0.958337507883698","270.35872471253606","1.0940468060717876","1.3468076401258942","1.375321172135191","260.927005947069","270.76401329430433","270.8822404125024","0.09953162489557599","1.1360555730441102","0.9782305990002451","270.35872471253606","-79.5143909287163","3640729.683564343","7.425948867696483e-05","1305","0.04802287038716557","-1.445965571882522","1.4440828042107998","-4095.9999999999995","4090.666666666666","C:\Users\kimeu\Downloads\starlink_pathB_wsl_package_v0_3_clean\starlink_pathB\outputs\coverage_null_global_stats\11_10_lst016_quiet_full_polybeam_khz_comb_S30_single.npz","9.10175923472585","9444.443085672718","1.7798436919007438e-05","140609741.2109375","False","False","False","False","False","False","False","False","False","0","2","2","2","0.0","0.0212303841364464","0.0","0.0519940798441188","1.402136280872614e-07"
"11_10","153.90399534464717","mid","quiet","16","2461041.611111111","2461041.6179340645","full_polybeam","khz_comb","30.0","multi","coherent_ab","2","2","2","46128;44537","79.673;70.729","0.1708459341397849","1.402136280872614e-07","0.0212303841364464","151414.55524732452","0.2001134058622679","0.1672034038565992","0.0004115517662918963","False","20263426","100","-0.3849285677597062","1.2660377521756963","0.6633663366336634","0.06930693069306931","1.096925490663125","284.5425797795358","1.1547777258355438","1.461284482047222","1.4902994989557192","271.11179390450104","284.5977192001136","286.37598532024214","0.10137153047892866","2.6330641681416047","1.0061092265866878","284.5425797795358","-90.80490524663986","3640729.683564343","7.815537117849498e-05","1305","0.04802287038716557","-1.445965571882522","1.4440828042107998","-4095.9999999999995","4090.666666666666","C:\Users\kimeu\Downloads\starlink_pathB_wsl_package_v0_3_clean\starlink_pathB\outputs\coverage_null_global_stats\11_10_lst016_quiet_full_polybeam_khz_comb_S30_multi.npz","9.10175923472585","9444.443085672718","1.7798436919007438e-05","140609741.2109375","False","False","False","False","False","False","False","False","False","0","2","2","2","0.0","0.0212303841364464","0.0","0.0519940798441188","1.402136280872614e-07"
"11_10","153.90399534464717","mid","quiet","16","2461041.611111111","2461041.6179340645","full_polybeam","khz_comb","1000.0","single","coherent_ab","2","2","1","46128","79.673","0.1708459341397849","1.402136280872614e-07","0.0212303841364464","151414.55524732452","5.573446795219976","5.573446795219976","0.009572008103867194","False","20263443","100","-0.7176238853344763","0.8523553343106277","0.8316831683168316","0.039603960396039604","31.907815961669257","9072.37694123936","35.92945406993863","45.54032155823652","46.76069197085089","8768.593826487735","9063.707219440988","9087.033832948217","3.7799156318805274","0.8502390936175552","0.8142954839606721","9072.37694123936","-2912.654060780613","3640729.683564343","0.002491911712697475","1305","0.04802287038716557","-1.445965571882522","1.4440828042107998","-4095.9999999999995","4090.666666666666","C:\Users\kimeu\Downloads\starlink_pathB_wsl_package_v0_3_clean\starlink_pathB\outputs\coverage_null_global_stats\11_10_lst016_quiet_full_polybeam_khz_comb_S1000_single.npz","9.10175923472585","9444.443085672718","1.7798436919007438e-05","140609741.2109375","False","False","False","False","False","False","False","False","False","0","2","2","2","0.0","0.0212303841364464","0.0","0.0519940798441188","1.402136280872614e-07"
"11_10","153.90399534464717","mid","quiet","16","2461041.611111111","2461041.6179340645","full_polybeam","khz_comb","1000.0","multi","coherent_ab","2","2","2","46128;44537","79.673;70.729","0.1708459341397849","1.402136280872614e-07","0.0212303841364464","151414.55524732452","6.670446862075599","5.573446795219976","0.013718392209729875","False","20263460","100","-0.31145783689711226","1.7879657038818448","0.6138613861386139","0.019801980198019802","36.52830623831687","9550.396838802655","38.06944944182138","47.11955728181742","48.438170735731475","8988.264094994152","9496.24088876317","9544.28770577166","3.3374881818669166","2.0450640484858975","1.048440770446937","9550.396838802655","-3291.120196010238","3640729.683564343","0.0026232095400866556","1305","0.04802287038716557","-1.445965571882522","1.4440828042107998","-4095.9999999999995","4090.666666666666","C:\Users\kimeu\Downloads\starlink_pathB_wsl_package_v0_3_clean\starlink_pathB\outputs\coverage_null_global_stats\11_10_lst016_quiet_full_polybeam_khz_comb_S1000_multi.npz","9.10175923472585","9444.443085672718","1.7798436919007438e-05","140609741.2109375","False","False","False","False","False","False","False","False","False","0","2","2","2","0.0","0.0212303841364464","0.0","0.0519940798441188","1.402136280872614e-07"
"11_10","153.90399534464717","mid","typical","44","2461041.8055555555","2461041.8123785085","frozen_polybeam","smooth","30.0","single","coherent_ab","3","3","1","46146","86.588","0.1693968413978494","9.162972995922386e-07","0.2419547912000571","264057.0820275574","0.7409306998347811","0.7409306998347811","0.001459339902611529","False","20263505","100","-1.3404087704804322","-0.10539210625332028","0.8811881188118812","0.5445544554455446","1.9019330928558702","590.2477593881761","2.6700409118050175","3.508190035064126","3.517575400789233","592.7790728458272","609.7542947209665","609.8797777942174","0.3865101732938001","1.2147902388928846","1.1108365598008483","590.2477593881761","-128.85782801793727","1272287.795236844","0.0004639262921470514","1305","0.04802287038716557","-1.445965571882522","1.4440828042107998","-4095.9999999999995","4090.666666666666","C:\Users\kimeu\Downloads\starlink_pathB_wsl_package_v0_3_clean\starlink_pathB\outputs\coverage_null_global_stats\11_10_lst044_typical_frozen_polybeam_smooth_S30_single.npz","9.10175923472585","9444.443085672718","1.7798436919007438e-05","140609741.2109375","False","False","False","False","False","False","False","False","False","0","3","3","3","0.0","0.2419547912000571","0.0","0.7241364102878726","9.162972995922386e-07"
"11_10","153.90399534464717","mid","typical","44","2461041.8055555555","2461041.8123785085","frozen_polybeam","smooth","30.0","multi","coherent_ab","3","3","3","46146;46484;48165","86.588;71.230;70.052","0.1693968413978494","9.162972995922386e-07","0.2419547912000571","264057.0820275574","0.8613539245492793","0.7409306998347811","0.002198397458642965","False","20263522","100","-1.2052207328584212","0.19068839490350462","0.9801980198019802","0.40594059405940597","1.8584798896147277","632.8465172974393","2.6235233828956552","3.679379888956214","4.111842831396107","626.7971242237545","673.9789276180749","681.5070547622443","0.4281495934706072","2.162343706690892","1.176891708864714","632.8465172974393","-117.90188173642049","1272287.795236844","0.0004974083062548211","1305","0.04802287038716557","-1.445965571882522","1.4440828042107998","-4095.9999999999995","4090.666666666666","C:\Users\kimeu\Downloads\starlink_pathB_wsl_package_v0_3_clean\starlink_pathB\outputs\coverage_null_global_stats\11_10_lst044_typical_frozen_polybeam_smooth_S30_multi.npz","9.10175923472585","9444.443085672718","1.7798436919007438e-05","140609741.2109375","False","False","False","False","False","False","False","False","False","0","3","3","3","0.0","0.2419547912000571","0.0","0.7241364102878726","9.162972995922386e-07"
"11_10","153.90399534464717","mid","typical","44","2461041.8055555555","2461041.8123785085","frozen_polybeam","smooth","1000.0","single","coherent_ab","3","3","1","46146","86.588","0.1693968413978494","9.162972995922386e-07","0.2419547912000571","264057.0820275574","24.697689994492702","24.697689994492702","0.048644663420384295","False","20263539","100","-0.7221658693957514","-2.1498495814885175","0.7524752475247525","0.8712871287128713","65.12924972378073","20633.831292576193","89.57759589365605","122.72540825308133","123.63214216089361","21856.450372231924","22353.40482670698","22396.68820285195","22.83434356966154","1.30039502096817","1.1199115570436593","20633.831292576193","-10938.757139782982","1272287.795236844","0.01621789611581952","1305","0.04802287038716557","-1.445965571882522","1.4440828042107998","-4095.9999999999995","4090.666666666666","C:\Users\kimeu\Downloads\starlink_pathB_wsl_package_v0_3_clean\starlink_pathB\outputs\coverage_null_global_stats\11_10_lst044_typical_frozen_polybeam_smooth_S1000_single.npz","9.10175923472585","9444.443085672718","1.7798436919007438e-05","140609741.2109375","False","False","False","False","False","False","False","False","False","0","3","3","3","0.0","0.2419547912000571","0.0","0.7241364102878726","9.162972995922386e-07"
"11_10","153.90399534464717","mid","typical","44","2461041.8055555555","2461041.8123785085","frozen_polybeam","smooth","1000.0","multi","coherent_ab","3","3","3","46146;46484;48165","86.588;71.230;70.052","0.1693968413978494","9.162972995922386e-07","0.2419547912000571","264057.0820275574","28.711797484975975","24.697689994492702","0.07327991528809885","False","20263556","100","-1.0833731940412952","-0.154179035653413","0.9900990099009901","0.5742574257425742","55.641140321678904","21985.608107166932","80.92641448527866","125.58983923930478","133.63322894992942","22195.931409181685","24250.605228293385","24536.255652102205","15.742205795734549","2.1858811405022927","1.235845424777149","21985.608107166932","-10472.224467004151","1272287.795236844","0.017280373347505214","1305","0.04802287038716557","-1.445965571882522","1.4440828042107998","-4095.9999999999995","4090.666666666666","C:\Users\kimeu\Downloads\starlink_pathB_wsl_package_v0_3_clean\starlink_pathB\outputs\coverage_null_global_stats\11_10_lst044_typical_frozen_polybeam_smooth_S1000_multi.npz","9.10175923472585","9444.443085672718","1.7798436919007438e-05","140609741.2109375","False","False","False","False","False","False","False","False","False","0","3","3","3","0.0","0.2419547912000571","0.0","0.7241364102878726","9.162972995922386e-07"
"11_10","153.90399534464717","mid","typical","44","2461041.8055555555","2461041.8123785085","frozen_polybeam","lines","30.0","single","coherent_ab","3","3","1","46146","86.588","0.1693968413978494","9.162972995922386e-07","0.2419547912000571","264057.0820275574","0.7408923375983308","0.7408923375983308","0.0014605816799136218","False","20263573","100","-1.7955664918568874","-0.5422564587012483","0.9603960396039604","0.6435643564356436","1.9135816074667673","590.0145879630228","2.6567990950934472","3.504999031210082","3.537495591916959","598.5550558845429","609.587642191022","609.9325042516415","0.2791839399760647","1.2566872506404894","1.1682720006828509","590.0145879630228","-128.6889684499708","1272287.795236844","0.00046374302274367724","1305","0.04802287038716557","-1.445965571882522","1.4440828042107998","-4095.9999999999995","4090.666666666666","C:\Users\kimeu\Downloads\starlink_pathB_wsl_package_v0_3_clean\starlink_pathB\outputs\coverage_null_global_stats\11_10_lst044_typical_frozen_polybeam_lines_S30_single.npz","9.10175923472585","9444.443085672718","1.7798436919007438e-05","140609741.2109375","False","False","False","False","False","False","False","False","False","0","3","3","3","0.0","0.2419547912000571","0.0","0.7241364102878726","9.162972995922386e-07"
"11_10","153.90399534464717","mid","typical","44","2461041.8055555555","2461041.8123785085","frozen_polybeam","lines","30.0","multi","coherent_ab","3","3","3","46146;46484;48165","86.588;71.230;70.052","0.1693968413978494","9.162972995922386e-07","0.2419547912000571","264057.0820275574","0.8613153379952458","0.7408923375983308","0.002200500789599508","False","20263590","100","-1.5242872553339009","0.348424977450007","0.9702970297029703","0.3465346534653465","1.8581754004314917","632.3649307783114","2.7053682483800685","3.547908088567965","3.971185476174951","620.4895338923832","672.3475184274292","679.0434820597598","0.37487930535166925","2.5564589551981673","1.2405995183350689","632.3649307783114","-117.81412605353857","1272287.795236844","0.0004970297861425235","1305","0.04802287038716557","-1.445965571882522","1.4440828042107998","-4095.9999999999995","4090.666666666666","C:\Users\kimeu\Downloads\starlink_pathB_wsl_package_v0_3_clean\starlink_pathB\outputs\coverage_null_global_stats\11_10_lst044_typical_frozen_polybeam_lines_S30_multi.npz","9.10175923472585","9444.443085672718","1.7798436919007438e-05","140609741.2109375","False","False","False","False","False","False","False","False","False","0","3","3","3","0.0","0.2419547912000571","0.0","0.7241364102878726","9.162972995922386e-07"
"11_10","153.90399534464717","mid","typical","44","2461041.8055555555","2461041.8123785085","frozen_polybeam","lines","1000.0","single","coherent_ab","3","3","1","46146","86.588","0.1693968413978494","9.162972995922386e-07","0.2419547912000571","264057.0820275574","24.696411253277695","24.696411253277695","0.04868605599712073","False","20263607","100","-0.6158819406037035","-1.1663771607590363","0.6633663366336634","0.693069306930693","65.68394004629158","20636.34544709759","84.89791297392071","125.16052875896192","125.55393047190378","21695.850604860596","22357.491134338772","22366.43743723682","21.042421181916666","1.0441374024524683","0.9398656710427696","20636.34544709759","-10926.30956527308","1272287.795236844","0.016219872205294562","1305","0.04802287038716557","-1.445965571882522","1.4440828042107998","-4095.9999999999995","4090.666666666666","C:\Users\kimeu\Downloads\starlink_pathB_wsl_package_v0_3_clean\starlink_pathB\outputs\coverage_null_global_stats\11_10_lst044_typical_frozen_polybeam_lines_S1000_single.npz","9.10175923472585","9444.443085672718","1.7798436919007438e-05","140609741.2109375","False","False","False","False","False","False","False","False","False","0","3","3","3","0.0","0.2419547912000571","0.0","0.7241364102878726","9.162972995922386e-07"
"11_10","153.90399534464717","mid","typical","44","2461041.8055555555","2461041.8123785085","frozen_polybeam","lines","1000.0","multi","coherent_ab","3","3","3","46146;46484;48165","86.588;71.230;70.052","0.1693968413978494","9.162972995922386e-07","0.2419547912000571","264057.0820275574","28.710511266508195","24.696411253277695","0.07335002631998361","False","20263624","100","-1.5895857588219326","-0.4329570298633517","0.9900990099009901","0.693069306930693","56.312197799634305","21973.635555153916","93.73703175215087","131.01291636200116","134.78167686938198","22560.482812982133","24557.933282179463","24985.256844162825","15.880052105289451","2.0461770910008172","1.284976585971322","21973.635555153916","-10462.478418468889","1272287.795236844","0.017270963092956018","1305","0.04802287038716557","-1.445965571882522","1.4440828042107998","-4095.9999999999995","4090.666666666666","C:\Users\kimeu\Downloads\starlink_pathB_wsl_package_v0_3_clean\starlink_pathB\outputs\coverage_null_global_stats\11_10_lst044_typical_frozen_polybeam_lines_S1000_multi.npz","9.10175923472585","9444.443085672718","1.7798436919007438e-05","140609741.2109375","False","False","False","False","False","False","False","False","False","0","3","3","3","0.0","0.2419547912000571","0.0","0.7241364102878726","9.162972995922386e-07"
"11_10","153.90399534464717","mid","typical","44","2461041.8055555555","2461041.8123785085","frozen_polybeam","khz_comb","30.0","single","coherent_ab","3","3","1","46146","86.588","0.1693968413978494","9.162972995922386e-07","0.2419547912000571","264057.0820275574","0.6097383161801955","0.6097383161801955","0.0012904929470304485","False","20263641","100","-2.1390071243782476","-0.5968838534412167","1.0","0.6336633663366337","1.6670857802305363","537.5182189363998","2.4477824619416424","3.0325596641842596","3.0695898695685493","546.2676842471462","556.89697589736","557.561369072608","0.24617622436448983","0.9656146863540254","0.9052346313506862","537.5182189363998","-119.56962925670533","1272287.795236844","0.00042248162793728403","1305","0.04802287038716557","-1.445965571882522","1.4440828042107998","-4095.9999999999995","4090.666666666666","C:\Users\kimeu\Downloads\starlink_pathB_wsl_package_v0_3_clean\starlink_pathB\outputs\coverage_null_global_stats\11_10_lst044_typical_frozen_polybeam_khz_comb_S30_single.npz","9.10175923472585","9444.443085672718","1.7798436919007438e-05","140609741.2109375","False","False","False","False","False","False","False","False","False","0","3","3","3","0.0","0.2419547912000571","0.0","0.7241364102878726","9.162972995922386e-07"
"11_10","153.90399534464717","mid","typical","44","2461041.8055555555","2461041.8123785085","frozen_polybeam","khz_comb","30.0","multi","coherent_ab","3","3","3","46146;46484;48165","86.588;71.230;70.052","0.1693968413978494","9.162972995922386e-07","0.2419547912000571","264057.0820275574","0.7216854339135622","0.6097383161801955","0.001954590868943551","False","20263658","100","-1.1740882636405836","0.4112234409527104","0.9207920792079208","0.33663366336633666","1.8728152533308275","585.899070559718","2.528308327975992","3.2136721840957305","3.4382944318714","573.0711371090391","628.8974088074126","637.0705952888113","0.3765679595315419","2.3769926325269513","1.2847913205038584","585.899070559718","-110.17257795441145","1272287.795236844","0.0004605082849597322","1305","0.04802287038716557","-1.445965571882522","1.4440828042107998","-4095.9999999999995","4090.666666666666","C:\Users\kimeu\Downloads\starlink_pathB_wsl_package_v0_3_clean\starlink_pathB\outputs\coverage_null_global_stats\11_10_lst044_typical_frozen_polybeam_khz_comb_S30_multi.npz","9.10175923472585","9444.443085672718","1.7798436919007438e-05","140609741.2109375","False","False","False","False","False","False","False","False","False","0","3","3","3","0.0","0.2419547912000571","0.0","0.7241364102878726","9.162972995922386e-07"
"11_10","153.90399534464717","mid","typical","44","2461041.8055555555","2461041.8123785085","frozen_polybeam","khz_comb","1000.0","single","coherent_ab","3","3","1","46146","86.588","0.1693968413978494","9.162972995922386e-07","0.2419547912000571","264057.0820275574","20.324610539339847","20.324610539339847","0.04301643156768161","False","20263675","100","-0.7492477425163215","-1.3257110932896308","0.8217821782178217","0.7722772277227723","57.82854834725572","18287.181080007806","77.54739216105418","104.42619108872567","106.64555973850558","19207.295792256955","19944.14585031569","20066.234822082508","17.75137539327261","0.8589570047347972","0.7991213209353545","18287.181080007806","-8669.963537545756","1272287.795236844","0.014373462630444816","1305","0.04802287038716557","-1.445965571882522","1.4440828042107998","-4095.9999999999995","4090.666666666666","C:\Users\kimeu\Downloads\starlink_pathB_wsl_package_v0_3_clean\starlink_pathB\outputs\coverage_null_global_stats\11_10_lst044_typical_frozen_polybeam_khz_comb_S1000_single.npz","9.10175923472585","9444.443085672718","1.7798436919007438e-05","140609741.2109375","False","False","False","False","False","False","False","False","False","0","3","3","3","0.0","0.2419547912000571","0.0","0.7241364102878726","9.162972995922386e-07"
"11_10","153.90399534464717","mid","typical","44","2461041.8055555555","2461041.8123785085","frozen_polybeam","khz_comb","1000.0","multi","coherent_ab","3","3","3","46146;46484;48165","86.588;71.230;70.052","0.1693968413978494","9.162972995922386e-07","0.2419547912000571","264057.0820275574","24.05618113045207","20.324610539339847","0.06515302896478503","False","20263692","100","-1.4948506343531434","-0.3624176902492119","1.0","0.7029702970297029","52.51789792595014","19926.34122620361","87.05481952448599","116.12905531083118","121.76646838462692","20303.48573555332","21878.8310313702","22006.233091739014","15.58338602107915","2.012694367381689","1.3234525989266028","19926.34122620361","-8256.557479312534","1272287.795236844","0.015661819048177067","1305","0.04802287038716557","-1.445965571882522","1.4440828042107998","-4095.9999999999995","4090.666666666666","C:\Users\kimeu\Downloads\starlink_pathB_wsl_package_v0_3_clean\starlink_pathB\outputs\coverage_null_global_stats\11_10_lst044_typical_frozen_polybeam_khz_comb_S1000_multi.npz","9.10175923472585","9444.443085672718","1.7798436919007438e-05","140609741.2109375","False","False","False","False","False","False","False","False","False","0","3","3","3","0.0","0.2419547912000571","0.0","0.7241364102878726","9.162972995922386e-07"
"11_10","153.90399534464717","mid","typical","44","2461041.8055555555","2461041.8123785085","full_polybeam","smooth","30.0","single","coherent_ab","3","3","1","46146","86.588","0.1693968413978494","9.162972995922386e-07","0.2419547912000571","264057.0820275574","1.0376031934816417","1.0376031934816417","0.0019423444704689834","False","20263709","100","-1.294135427597711","-1.5900307646424967","0.9306930693069307","0.9504950495049505","2.7669709756742122","821.4320072899533","3.5682328593188686","4.456830393579457","4.461419069808089","843.5586540499276","853.401318532209","854.1048077387339","0.4176098767671874","1.5220252017807845","1.3656386023004525","821.4320072899533","-107.34504877007268","1272287.795236844","0.0006456338026390001","1305","0.04802287038716557","-1.445965571882522","1.4440828042107998","-4095.9999999999995","4090.666666666666","C:\Users\kimeu\Downloads\starlink_pathB_wsl_package_v0_3_clean\starlink_pathB\outputs\coverage_null_global_stats\11_10_lst044_typical_full_polybeam_smooth_S30_single.npz","9.10175923472585","9444.443085672718","1.7798436919007438e-05","140609741.2109375","False","False","False","False","False","False","False","False","False","0","3","3","3","0.0","0.2419547912000571","0.0","0.7241364102878726","9.162972995922386e-07"
"11_10","153.90399534464717","mid","typical","44","2461041.8055555555","2461041.8123785085","full_polybeam","smooth","30.0","multi","coherent_ab","3","3","3","46146;46484;48165","86.588;71.230;70.052","0.1693968413978494","9.162972995922386e-07","0.2419547912000571","264057.0820275574","1.1482408542286822","1.0376031934816417","0.002654984495655255","False","20263726","100","-1.1486264123522734","-0.4721273123797425","0.9702970297029703","0.6534653465346535","2.702986364404296","845.4046359002723","3.608719409420246","4.649123786963355","4.957066545094422","861.7045778493703","910.6222853476925","922.5827978147144","0.5318601094717792","2.334225467734203","1.0325599444593425","845.4046359002723","-108.23922150771028","1272287.795236844","0.0006644759456667546","1305","0.04802287038716557","-1.445965571882522","1.4440828042107998","-4095.9999999999995","4090.666666666666","C:\Users\kimeu\Downloads\starlink_pathB_wsl_package_v0_3_clean\starlink_pathB\outputs\coverage_null_global_stats\11_10_lst044_typical_full_polybeam_smooth_S30_multi.npz","9.10175923472585","9444.443085672718","1.7798436919007438e-05","140609741.2109375","False","False","False","False","False","False","False","False","False","0","3","3","3","0.0","0.2419547912000571","0.0","0.7241364102878726","9.162972995922386e-07"
"11_10","153.90399534464717","mid","typical","44","2461041.8055555555","2461041.8123785085","full_polybeam","smooth","1000.0","single","coherent_ab","3","3","1","46146","86.588","0.1693968413978494","9.162972995922386e-07","0.2419547912000571","264057.0820275574","34.58677311605473","34.58677311605473","0.06474481568229942","False","20263743","100","-0.9964718981062762","-0.8342020767614226","0.9405940594059405","0.8118811881188119","87.27727984457306","30722.80993624647","110.89359391873472","143.38317582916088","144.9917977314611","32017.123438639108","33601.43468133121","33646.555207238125","15.98538367834658","1.36508916300536","1.2585524553211962","30722.80993624647","-17328.731048196994","1272287.795236844","0.024147688951560865","1305","0.04802287038716557","-1.445965571882522","1.4440828042107998","-4095.9999999999995","4090.666666666666","C:\Users\kimeu\Downloads\starlink_pathB_wsl_package_v0_3_clean\starlink_pathB\outputs\coverage_null_global_stats\11_10_lst044_typical_full_polybeam_smooth_S1000_single.npz","9.10175923472585","9444.443085672718","1.7798436919007438e-05","140609741.2109375","False","False","False","False","False","False","False","False","False","0","3","3","3","0.0","0.2419547912000571","0.0","0.7241364102878726","9.162972995922386e-07"
"11_10","153.90399534464717","mid","typical","44","2461041.8055555555","2461041.8123785085","full_polybeam","smooth","1000.0","multi","coherent_ab","3","3","3","46146;46484;48165","86.588;71.230;70.052","0.1693968413978494","9.162972995922386e-07","0.2419547912000571","264057.0820275574","38.27469514095608","34.58677311605473","0.08849948318850848","False","20263760","100","-1.556684713167149","-0.669657748451322","0.9405940594059405","0.7722772277227723","84.94711185511005","31485.94038004468","116.6727188852035","145.54457761999333","159.34117075297996","32566.421838695147","35294.78383724772","35832.84168060551","13.74628311024344","1.947051057537214","1.1122421774255808","31485.94038004468","-17497.08903665402","1272287.795236844","0.02474749855961904","1305","0.04802287038716557","-1.445965571882522","1.4440828042107998","-4095.9999999999995","4090.666666666666","C:\Users\kimeu\Downloads\starlink_pathB_wsl_package_v0_3_clean\starlink_pathB\outputs\coverage_null_global_stats\11_10_lst044_typical_full_polybeam_smooth_S1000_multi.npz","9.10175923472585","9444.443085672718","1.7798436919007438e-05","140609741.2109375","False","False","False","False","False","False","False","False","False","0","3","3","3","0.0","0.2419547912000571","0.0","0.7241364102878726","9.162972995922386e-07"
"11_10","153.90399534464717","mid","typical","44","2461041.8055555555","2461041.8123785085","full_polybeam","lines","30.0","single","coherent_ab","3","3","1","46146","86.588","0.1693968413978494","9.162972995922386e-07","0.2419547912000571","264057.0820275574","1.0375311244428338","1.0375311244428338","0.0019437765519378844","False","20263777","100","-1.1625991389407153","-0.9080074609254035","0.9306930693069307","0.9306930693069307","2.765401604370709","820.6782685364867","3.437601064326145","4.384871610344566","4.493340588839501","837.0971693939695","852.3168250750118","852.5486610078668","0.3899816446433988","1.2314572791444829","1.1231302233300526","820.6782685364867","-107.14546223543866","1272287.795236844","0.000645041374765143","1305","0.04802287038716557","-1.445965571882522","1.4440828042107998","-4095.9999999999995","4090.666666666666","C:\Users\kimeu\Downloads\starlink_pathB_wsl_package_v0_3_clean\starlink_pathB\outputs\coverage_null_global_stats\11_10_lst044_typical_full_polybeam_lines_S30_single.npz","9.10175923472585","9444.443085672718","1.7798436919007438e-05","140609741.2109375","False","False","False","False","False","False","False","False","False","0","3","3","3","0.0","0.2419547912000571","0.0","0.7241364102878726","9.162972995922386e-07"
"11_10","153.90399534464717","mid","typical","44","2461041.8055555555","2461041.8123785085","full_polybeam","lines","30.0","multi","coherent_ab","3","3","3","46146;46484;48165","86.588;71.230;70.052","0.1693968413978494","9.162972995922386e-07","0.2419547912000571","264057.0820275574","1.148166283569244","1.0375311244428338","0.0026572088288301077","False","20263794","100","-1.789012868039865","-0.13642082320828558","0.9603960396039604","0.5841584158415841","2.7021368415307734","844.8833308613753","3.6989462231493917","4.626990480734048","4.9934001944761714","850.340593253615","909.3061626421348","919.7365582722158","0.3758154728076306","1.8124782428121229","1.1312154124576577","844.8833308613753","-108.06769129702481","1272287.795236844","0.0006640662073663098","1305","0.04802287038716557","-1.445965571882522","1.4440828042107998","-4095.9999999999995","4090.666666666666","C:\Users\kimeu\Downloads\starlink_pathB_wsl_package_v0_3_clean\starlink_pathB\outputs\coverage_null_global_stats\11_10_lst044_typical_full_polybeam_lines_S30_multi.npz","9.10175923472585","9444.443085672718","1.7798436919007438e-05","140609741.2109375","False","False","False","False","False","False","False","False","False","0","3","3","3","0.0","0.2419547912000571","0.0","0.7241364102878726","9.162972995922386e-07"
"11_10","153.90399534464717","mid","typical","44","2461041.8055555555","2461041.8123785085","full_polybeam","lines","1000.0","single","coherent_ab","3","3","1","46146","86.588","0.1693968413978494","9.162972995922386e-07","0.2419547912000571","264057.0820275574","34.58437081476113","34.58437081476113","0.06479255173126279","False","20263811","100","-0.9029490494549218","-1.0661544090517672","0.9108910891089109","0.8316831683168316","87.07280964092934","30714.77975740554","110.318289578252","143.76021684406936","146.06802242668462","32256.316264419907","33598.83027953161","33618.91352147508","17.364059939802246","1.2242670558660158","1.081695845791378","30714.77975740554","-17308.98139977768","1272287.795236844","0.024141377345907652","1305","0.04802287038716557","-1.445965571882522","1.4440828042107998","-4095.9999999999995","4090.666666666666","C:\Users\kimeu\Downloads\starlink_pathB_wsl_package_v0_3_clean\starlink_pathB\outputs\coverage_null_global_stats\11_10_lst044_typical_full_polybeam_lines_S1000_single.npz","9.10175923472585","9444.443085672718","1.7798436919007438e-05","140609741.2109375","False","False","False","False","False","False","False","False","False","0","3","3","3","0.0","0.2419547912000571","0.0","0.7241364102878726","9.162972995922386e-07"
"11_10","153.90399534464717","mid","typical","44","2461041.8055555555","2461041.8123785085","full_polybeam","lines","1000.0","multi","coherent_ab","3","3","3","46146;46484;48165","86.588;71.230;70.052","0.1693968413978494","9.162972995922386e-07","0.2419547912000571","264057.0820275574","38.27220945230813","34.58437081476113","0.08857362762767024","False","20263828","100","-1.4637474159554684","-0.571625354727581","0.9702970297029703","0.6732673267326733","84.76878446103547","31468.881333785","116.24155223001526","150.65891626501812","156.30126437824867","32517.92638110124","34851.29965399616","35509.06552359669","14.502564311256492","2.3368541349394976","1.0262359596861994","31468.881333785","-17478.100569265473","1272287.795236844","0.024734090393382164","1305","0.04802287038716557","-1.445965571882522","1.4440828042107998","-4095.9999999999995","4090.666666666666","C:\Users\kimeu\Downloads\starlink_pathB_wsl_package_v0_3_clean\starlink_pathB\outputs\coverage_null_global_stats\11_10_lst044_typical_full_polybeam_lines_S1000_multi.npz","9.10175923472585","9444.443085672718","1.7798436919007438e-05","140609741.2109375","False","False","False","False","False","False","False","False","False","0","3","3","3","0.0","0.2419547912000571","0.0","0.7241364102878726","9.162972995922386e-07"
"11_10","153.90399534464717","mid","typical","44","2461041.8055555555","2461041.8123785085","full_polybeam","khz_comb","30.0","single","coherent_ab","3","3","1","46146","86.588","0.1693968413978494","9.162972995922386e-07","0.2419547912000571","264057.0820275574","0.853865600571631","0.853865600571631","0.0016760151457539784","False","20263845","100","-1.4216492221169301","-0.7262466267554694","0.9108910891089109","0.8316831683168316","2.232010657198771","709.0079864959289","2.9954986415241365","3.7928253952650492","3.8392691701705055","722.2392166803759","737.8967426603637","738.1636554608042","0.3622311202984747","1.081062820663684","0.9727633272912471","709.0079864959289","-99.32992486364157","1272287.795236844","0.0005572701311372265","1305","0.04802287038716557","-1.445965571882522","1.4440828042107998","-4095.9999999999995","4090.666666666666","C:\Users\kimeu\Downloads\starlink_pathB_wsl_package_v0_3_clean\starlink_pathB\outputs\coverage_null_global_stats\11_10_lst044_typical_full_polybeam_khz_comb_S30_single.npz","9.10175923472585","9444.443085672718","1.7798436919007438e-05","140609741.2109375","False","False","False","False","False","False","False","False","False","0","3","3","3","0.0","0.2419547912000571","0.0","0.7241364102878726","9.162972995922386e-07"
"11_10","153.90399534464717","mid","typical","44","2461041.8055555555","2461041.8123785085","full_polybeam","khz_comb","30.0","multi","coherent_ab","3","3","3","46146;46484;48165","86.588;71.230;70.052","0.1693968413978494","9.162972995922386e-07","0.2419547912000571","264057.0820275574","0.9594829328578578","0.853865600571631","0.002312969505841474","False","20263862","100","-2.6565188861183158","-0.16573756843745904","0.9900990099009901","0.5544554455445545","2.1913047999410082","735.8445086655646","3.18840713797033","3.9689472480642505","4.338793676520991","740.9826445816643","782.5397416434396","792.5491173671631","0.2531645141947365","1.9360432438297601","1.4823109989407492","735.8445086655646","-99.45564413225887","1272287.795236844","0.0005783632535188963","1305","0.04802287038716557","-1.445965571882522","1.4440828042107998","-4095.9999999999995","4090.666666666666","C:\Users\kimeu\Downloads\starlink_pathB_wsl_package_v0_3_clean\starlink_pathB\outputs\coverage_null_global_stats\11_10_lst044_typical_full_polybeam_khz_comb_S30_multi.npz","9.10175923472585","9444.443085672718","1.7798436919007438e-05","140609741.2109375","False","False","False","False","False","False","False","False","False","0","3","3","3","0.0","0.2419547912000571","0.0","0.7241364102878726","9.162972995922386e-07"
"11_10","153.90399534464717","mid","typical","44","2461041.8055555555","2461041.8123785085","full_polybeam","khz_comb","1000.0","single","coherent_ab","3","3","1","46146","86.588","0.1693968413978494","9.162972995922386e-07","0.2419547912000571","264057.0820275574","28.462186685721033","28.462186685721033","0.0558671715251326","False","20263879","100","-2.0523215685397447","-1.6877315558125894","0.9207920792079208","0.8712871287128713","73.90552438335544","25430.344971378538","101.45776276858169","125.00561307790754","125.27894044703407","26787.35717340494","27607.311912023655","27681.85121051202","9.054979725693784","1.2862760038003165","1.187058583196026","25430.344971378538","-12746.788954722866","1272287.795236844","0.019987887226918282","1305","0.04802287038716557","-1.445965571882522","1.4440828042107998","-4095.9999999999995","4090.666666666666","C:\Users\kimeu\Downloads\starlink_pathB_wsl_package_v0_3_clean\starlink_pathB\outputs\coverage_null_global_stats\11_10_lst044_typical_full_polybeam_khz_comb_S1000_single.npz","9.10175923472585","9444.443085672718","1.7798436919007438e-05","140609741.2109375","False","False","False","False","False","False","False","False","False","0","3","3","3","0.0","0.2419547912000571","0.0","0.7241364102878726","9.162972995922386e-07"
"11_10","153.90399534464717","mid","typical","44","2461041.8055555555","2461041.8123785085","full_polybeam","khz_comb","1000.0","multi","coherent_ab","3","3","3","46146;46484;48165","86.588;71.230;70.052","0.1693968413978494","9.162972995922386e-07","0.2419547912000571","264057.0820275574","31.98276442859526","28.462186685721033","0.07709898352804911","False","20263896","100","-1.7238936737289405","-0.5154032921099422","1.0","0.7623762376237624","70.74281910994523","26264.89032290235","99.78619936456789","122.92814068832266","132.5805435255259","26953.839257127205","28861.08433180351","29403.40366796994","11.363514991811599","2.355905637765213","1.1317339832098163","26264.89032290235","-12841.7743418584","1272287.795236844","0.02064382793046677","1305","0.04802287038716557","-1.445965571882522","1.4440828042107998","-4095.9999999999995","4090.666666666666","C:\Users\kimeu\Downloads\starlink_pathB_wsl_package_v0_3_clean\starlink_pathB\outputs\coverage_null_global_stats\11_10_lst044_typical_full_polybeam_khz_comb_S1000_multi.npz","9.10175923472585","9444.443085672718","1.7798436919007438e-05","140609741.2109375","False","False","False","False","False","False","False","False","False","0","3","3","3","0.0","0.2419547912000571","0.0","0.7241364102878726","9.162972995922386e-07"
"11_10","153.90399534464717","mid","stress","64","2461041.9444444445","2461041.951267397","frozen_polybeam","smooth","30.0","single","coherent_ab","2","2","1","46538","89.637","1.0","281210743945.93134","0.2812107439459313","0.0","2.0042447263734013","2.0042447263734013","0.0018748523679775414","False","20263933","100","","","1.0","1.0","0.0","0.0","0.0","0.0","0.0","0.0","0.0","0.0","0.0","","","0.0","0.0","0.0","0.0","1305","0.04802287038716557","-1.445965571882522","1.4440828042107998","-4095.9999999999995","4090.666666666666","C:\Users\kimeu\Downloads\starlink_pathB_wsl_package_v0_3_clean\starlink_pathB\outputs\coverage_null_global_stats\11_10_lst064_stress_frozen_polybeam_smooth_S30_single.npz","9.10175923472585","9444.443085672718","1.7798436919007438e-05","140609741.2109375","False","False","False","False","False","False","False","False","False","0","2","2","2","0.0","0.2812107439459313","0.0","0.9963509766045548","281210743945.93134"
"11_10","153.90399534464717","mid","stress","64","2461041.9444444445","2461041.951267397","frozen_polybeam","smooth","30.0","multi","coherent_ab","2","2","2","46538;45222","89.637;81.702","1.0","281210743945.93134","0.2812107439459313","0.0","2.1521448340021454","2.0042447263734013","0.0022242727142334764","False","20263950","100","","","1.0","1.0","0.0","0.0","0.0","0.0","0.0","0.0","0.0","0.0","0.0","","","0.0","0.0","0.0","0.0","1305","0.04802287038716557","-1.445965571882522","1.4440828042107998","-4095.9999999999995","4090.666666666666","C:\Users\kimeu\Downloads\starlink_pathB_wsl_package_v0_3_clean\starlink_pathB\outputs\coverage_null_global_stats\11_10_lst064_stress_frozen_polybeam_smooth_S30_multi.npz","9.10175923472585","9444.443085672718","1.7798436919007438e-05","140609741.2109375","False","False","False","False","False","False","False","False","False","0","2","2","2","0.0","0.2812107439459313","0.0","0.9963509766045548","281210743945.93134"
"11_10","153.90399534464717","mid","stress","64","2461041.9444444445","2461041.951267397","frozen_polybeam","smooth","1000.0","single","coherent_ab","2","2","1","46538","89.637","1.0","281210743945.93134","0.2812107439459313","0.0","66.80815754578003","66.80815754578003","0.06249507893258472","False","20263967","100","","","1.0","1.0","0.0","0.0","0.0","0.0","0.0","0.0","0.0","0.0","0.0","","","0.0","0.0","0.0","0.0","1305","0.04802287038716557","-1.445965571882522","1.4440828042107998","-4095.9999999999995","4090.666666666666","C:\Users\kimeu\Downloads\starlink_pathB_wsl_package_v0_3_clean\starlink_pathB\outputs\coverage_null_global_stats\11_10_lst064_stress_frozen_polybeam_smooth_S1000_single.npz","9.10175923472585","9444.443085672718","1.7798436919007438e-05","140609741.2109375","False","False","False","False","False","False","False","False","False","0","2","2","2","0.0","0.2812107439459313","0.0","0.9963509766045548","281210743945.93134"
"11_10","153.90399534464717","mid","stress","64","2461041.9444444445","2461041.951267397","frozen_polybeam","smooth","1000.0","multi","coherent_ab","2","2","2","46538;45222","89.637;81.702","1.0","281210743945.93134","0.2812107439459313","0.0","71.73816113340483","66.80815754578003","0.07414242380778256","False","20263984","100","","","1.0","1.0","0.0","0.0","0.0","0.0","0.0","0.0","0.0","0.0","0.0","","","0.0","0.0","0.0","0.0","1305","0.04802287038716557","-1.445965571882522","1.4440828042107998","-4095.9999999999995","4090.666666666666","C:\Users\kimeu\Downloads\starlink_pathB_wsl_package_v0_3_clean\starlink_pathB\outputs\coverage_null_global_stats\11_10_lst064_stress_frozen_polybeam_smooth_S1000_multi.npz","9.10175923472585","9444.443085672718","1.7798436919007438e-05","140609741.2109375","False","False","False","False","False","False","False","False","False","0","2","2","2","0.0","0.2812107439459313","0.0","0.9963509766045548","281210743945.93134"
"11_10","153.90399534464717","mid","stress","64","2461041.9444444445","2461041.951267397","frozen_polybeam","lines","30.0","single","coherent_ab","2","2","1","46538","89.637","1.0","281210743945.93134","0.2812107439459313","0.0","2.004245293105238","2.004245293105238","0.0018770775093215632","False","20264001","100","","","1.0","1.0","0.0","0.0","0.0","0.0","0.0","0.0","0.0","0.0","0.0","","","0.0","0.0","0.0","0.0","1305","0.04802287038716557","-1.445965571882522","1.4440828042107998","-4095.9999999999995","4090.666666666666","C:\Users\kimeu\Downloads\starlink_pathB_wsl_package_v0_3_clean\starlink_pathB\outputs\coverage_null_global_stats\11_10_lst064_stress_frozen_polybeam_lines_S30_single.npz","9.10175923472585","9444.443085672718","1.7798436919007438e-05","140609741.2109375","False","False","False","False","False","False","False","False","False","0","2","2","2","0.0","0.2812107439459313","0.0","0.9963509766045548","281210743945.93134"
"11_10","153.90399534464717","mid","stress","64","2461041.9444444445","2461041.951267397","frozen_polybeam","lines","30.0","multi","coherent_ab","2","2","2","46538;45222","89.637;81.702","1.0","281210743945.93134","0.2812107439459313","0.0","2.152144788389837","2.004245293105238","0.0022268746747799648","False","20264018","100","","","1.0","1.0","0.0","0.0","0.0","0.0","0.0","0.0","0.0","0.0","0.0","","","0.0","0.0","0.0","0.0","1305","0.04802287038716557","-1.445965571882522","1.4440828042107998","-4095.9999999999995","4090.666666666666","C:\Users\kimeu\Downloads\starlink_pathB_wsl_package_v0_3_clean\starlink_pathB\outputs\coverage_null_global_stats\11_10_lst064_stress_frozen_polybeam_lines_S30_multi.npz","9.10175923472585","9444.443085672718","1.7798436919007438e-05","140609741.2109375","False","False","False","False","False","False","False","False","False","0","2","2","2","0.0","0.2812107439459313","0.0","0.9963509766045548","281210743945.93134"
"11_10","153.90399534464717","mid","stress","64","2461041.9444444445","2461041.951267397","frozen_polybeam","lines","1000.0","single","coherent_ab","2","2","1","46538","89.637","1.0","281210743945.93134","0.2812107439459313","0.0","66.80817643684125","66.80817643684125","0.06256925031071879","False","20264035","100","","","1.0","1.0","0.0","0.0","0.0","0.0","0.0","0.0","0.0","0.0","0.0","","","0.0","0.0","0.0","0.0","1305","0.04802287038716557","-1.445965571882522","1.4440828042107998","-4095.9999999999995","4090.666666666666","C:\Users\kimeu\Downloads\starlink_pathB_wsl_package_v0_3_clean\starlink_pathB\outputs\coverage_null_global_stats\11_10_lst064_stress_frozen_polybeam_lines_S1000_single.npz","9.10175923472585","9444.443085672718","1.7798436919007438e-05","140609741.2109375","False","False","False","False","False","False","False","False","False","0","2","2","2","0.0","0.2812107439459313","0.0","0.9963509766045548","281210743945.93134"
"11_10","153.90399534464717","mid","stress","64","2461041.9444444445","2461041.951267397","frozen_polybeam","lines","1000.0","multi","coherent_ab","2","2","2","46538;45222","89.637;81.702","1.0","281210743945.93134","0.2812107439459313","0.0","71.73815961299454","66.80817643684125","0.07422915582599884","False","20264052","100","","","1.0","1.0","0.0","0.0","0.0","0.0","0.0","0.0","0.0","0.0","0.0","","","0.0","0.0","0.0","0.0","1305","0.04802287038716557","-1.445965571882522","1.4440828042107998","-4095.9999999999995","4090.666666666666","C:\Users\kimeu\Downloads\starlink_pathB_wsl_package_v0_3_clean\starlink_pathB\outputs\coverage_null_global_stats\11_10_lst064_stress_frozen_polybeam_lines_S1000_multi.npz","9.10175923472585","9444.443085672718","1.7798436919007438e-05","140609741.2109375","False","False","False","False","False","False","False","False","False","0","2","2","2","0.0","0.2812107439459313","0.0","0.9963509766045548","281210743945.93134"
"11_10","153.90399534464717","mid","stress","64","2461041.9444444445","2461041.951267397","frozen_polybeam","khz_comb","30.0","single","coherent_ab","2","2","1","46538","89.637","1.0","281210743945.93134","0.2812107439459313","0.0","1.6494503832925362","1.6494503832925362","0.0016282195473009988","False","20264069","100","","","1.0","1.0","0.0","0.0","0.0","0.0","0.0","0.0","0.0","0.0","0.0","","","0.0","0.0","0.0","0.0","1305","0.04802287038716557","-1.445965571882522","1.4440828042107998","-4095.9999999999995","4090.666666666666","C:\Users\kimeu\Downloads\starlink_pathB_wsl_package_v0_3_clean\starlink_pathB\outputs\coverage_null_global_stats\11_10_lst064_stress_frozen_polybeam_khz_comb_S30_single.npz","9.10175923472585","9444.443085672718","1.7798436919007438e-05","140609741.2109375","False","False","False","False","False","False","False","False","False","0","2","2","2","0.0","0.2812107439459313","0.0","0.9963509766045548","281210743945.93134"
"11_10","153.90399534464717","mid","stress","64","2461041.9444444445","2461041.951267397","frozen_polybeam","khz_comb","30.0","multi","coherent_ab","2","2","2","46538;45222","89.637;81.702","1.0","281210743945.93134","0.2812107439459313","0.0","1.771168458432925","1.6494503832925362","0.0019334523414934466","False","20264086","100","","","1.0","1.0","0.0","0.0","0.0","0.0","0.0","0.0","0.0","0.0","0.0","","","0.0","0.0","0.0","0.0","1305","0.04802287038716557","-1.445965571882522","1.4440828042107998","-4095.9999999999995","4090.666666666666","C:\Users\kimeu\Downloads\starlink_pathB_wsl_package_v0_3_clean\starlink_pathB\outputs\coverage_null_global_stats\11_10_lst064_stress_frozen_polybeam_khz_comb_S30_multi.npz","9.10175923472585","9444.443085672718","1.7798436919007438e-05","140609741.2109375","False","False","False","False","False","False","False","False","False","0","2","2","2","0.0","0.2812107439459313","0.0","0.9963509766045548","281210743945.93134"
"11_10","153.90399534464717","mid","stress","64","2461041.9444444445","2461041.951267397","frozen_polybeam","khz_comb","1000.0","single","coherent_ab","2","2","1","46538","89.637","1.0","281210743945.93134","0.2812107439459313","0.0","54.98167944308454","54.98167944308454","0.0542739849100333","False","20264103","100","","","1.0","1.0","0.0","0.0","0.0","0.0","0.0","0.0","0.0","0.0","0.0","","","0.0","0.0","0.0","0.0","1305","0.04802287038716557","-1.445965571882522","1.4440828042107998","-4095.9999999999995","4090.666666666666","C:\Users\kimeu\Downloads\starlink_pathB_wsl_package_v0_3_clean\starlink_pathB\outputs\coverage_null_global_stats\11_10_lst064_stress_frozen_polybeam_khz_comb_S1000_single.npz","9.10175923472585","9444.443085672718","1.7798436919007438e-05","140609741.2109375","False","False","False","False","False","False","False","False","False","0","2","2","2","0.0","0.2812107439459313","0.0","0.9963509766045548","281210743945.93134"
"11_10","153.90399534464717","mid","stress","64","2461041.9444444445","2461041.951267397","frozen_polybeam","khz_comb","1000.0","multi","coherent_ab","2","2","2","46538;45222","89.637;81.702","1.0","281210743945.93134","0.2812107439459313","0.0","59.03894861443083","54.98167944308454","0.0644484113831149","False","20264120","100","","","1.0","1.0","0.0","0.0","0.0","0.0","0.0","0.0","0.0","0.0","0.0","","","0.0","0.0","0.0","0.0","1305","0.04802287038716557","-1.445965571882522","1.4440828042107998","-4095.9999999999995","4090.666666666666","C:\Users\kimeu\Downloads\starlink_pathB_wsl_package_v0_3_clean\starlink_pathB\outputs\coverage_null_global_stats\11_10_lst064_stress_frozen_polybeam_khz_comb_S1000_multi.npz","9.10175923472585","9444.443085672718","1.7798436919007438e-05","140609741.2109375","False","False","False","False","False","False","False","False","False","0","2","2","2","0.0","0.2812107439459313","0.0","0.9963509766045548","281210743945.93134"
"11_10","153.90399534464717","mid","stress","64","2461041.9444444445","2461041.951267397","full_polybeam","smooth","30.0","single","coherent_ab","2","2","1","46538","89.637","1.0","281210743945.93134","0.2812107439459313","0.0","2.0669940853445152","2.0669940853445152","0.002042136361593678","False","20264137","100","","","1.0","1.0","0.0","0.0","0.0","0.0","0.0","0.0","0.0","0.0","0.0","","","0.0","0.0","0.0","0.0","1305","0.04802287038716557","-1.445965571882522","1.4440828042107998","-4095.9999999999995","4090.666666666666","C:\Users\kimeu\Downloads\starlink_pathB_wsl_package_v0_3_clean\starlink_pathB\outputs\coverage_null_global_stats\11_10_lst064_stress_full_polybeam_smooth_S30_single.npz","9.10175923472585","9444.443085672718","1.7798436919007438e-05","140609741.2109375","False","False","False","False","False","False","False","False","False","0","2","2","2","0.0","0.2812107439459313","0.0","0.9963509766045548","281210743945.93134"
"11_10","153.90399534464717","mid","stress","64","2461041.9444444445","2461041.951267397","full_polybeam","smooth","30.0","multi","coherent_ab","2","2","2","46538;45222","89.637;81.702","1.0","281210743945.93134","0.2812107439459313","0.0","2.458559725605463","2.0669940853445152","0.0027868218240840893","False","20264154","100","","","1.0","1.0","0.0","0.0","0.0","0.0","0.0","0.0","0.0","0.0","0.0","","","0.0","0.0","0.0","0.0","1305","0.04802287038716557","-1.445965571882522","1.4440828042107998","-4095.9999999999995","4090.666666666666","C:\Users\kimeu\Downloads\starlink_pathB_wsl_package_v0_3_clean\starlink_pathB\outputs\coverage_null_global_stats\11_10_lst064_stress_full_polybeam_smooth_S30_multi.npz","9.10175923472585","9444.443085672718","1.7798436919007438e-05","140609741.2109375","False","False","False","False","False","False","False","False","False","0","2","2","2","0.0","0.2812107439459313","0.0","0.9963509766045548","281210743945.93134"
"11_10","153.90399534464717","mid","stress","64","2461041.9444444445","2461041.951267397","full_polybeam","smooth","1000.0","single","coherent_ab","2","2","1","46538","89.637","1.0","281210743945.93134","0.2812107439459313","0.0","68.89980284481717","68.89980284481717","0.0680712120531226","False","20264171","100","","","1.0","1.0","0.0","0.0","0.0","0.0","0.0","0.0","0.0","0.0","0.0","","","0.0","0.0","0.0","0.0","1305","0.04802287038716557","-1.445965571882522","1.4440828042107998","-4095.9999999999995","4090.666666666666","C:\Users\kimeu\Downloads\starlink_pathB_wsl_package_v0_3_clean\starlink_pathB\outputs\coverage_null_global_stats\11_10_lst064_stress_full_polybeam_smooth_S1000_single.npz","9.10175923472585","9444.443085672718","1.7798436919007438e-05","140609741.2109375","False","False","False","False","False","False","False","False","False","0","2","2","2","0.0","0.2812107439459313","0.0","0.9963509766045548","281210743945.93134"
"11_10","153.90399534464717","mid","stress","64","2461041.9444444445","2461041.951267397","full_polybeam","smooth","1000.0","multi","coherent_ab","2","2","2","46538;45222","89.637;81.702","1.0","281210743945.93134","0.2812107439459313","0.0","81.95199085351543","68.89980284481717","0.09289406080280296","False","20264188","100","","","1.0","1.0","0.0","0.0","0.0","0.0","0.0","0.0","0.0","0.0","0.0","","","0.0","0.0","0.0","0.0","1305","0.04802287038716557","-1.445965571882522","1.4440828042107998","-4095.9999999999995","4090.666666666666","C:\Users\kimeu\Downloads\starlink_pathB_wsl_package_v0_3_clean\starlink_pathB\outputs\coverage_null_global_stats\11_10_lst064_stress_full_polybeam_smooth_S1000_multi.npz","9.10175923472585","9444.443085672718","1.7798436919007438e-05","140609741.2109375","False","False","False","False","False","False","False","False","False","0","2","2","2","0.0","0.2812107439459313","0.0","0.9963509766045548","281210743945.93134"
"11_10","153.90399534464717","mid","stress","64","2461041.9444444445","2461041.951267397","full_polybeam","lines","30.0","single","coherent_ab","2","2","1","46538","89.637","1.0","281210743945.93134","0.2812107439459313","0.0","2.066994669819724","2.066994669819724","0.002044498152366378","False","20264205","100","","","1.0","1.0","0.0","0.0","0.0","0.0","0.0","0.0","0.0","0.0","0.0","","","0.0","0.0","0.0","0.0","1305","0.04802287038716557","-1.445965571882522","1.4440828042107998","-4095.9999999999995","4090.666666666666","C:\Users\kimeu\Downloads\starlink_pathB_wsl_package_v0_3_clean\starlink_pathB\outputs\coverage_null_global_stats\11_10_lst064_stress_full_polybeam_lines_S30_single.npz","9.10175923472585","9444.443085672718","1.7798436919007438e-05","140609741.2109375","False","False","False","False","False","False","False","False","False","0","2","2","2","0.0","0.2812107439459313","0.0","0.9963509766045548","281210743945.93134"
"11_10","153.90399534464717","mid","stress","64","2461041.9444444445","2461041.951267397","full_polybeam","lines","30.0","multi","coherent_ab","2","2","2","46538;45222","89.637;81.702","1.0","281210743945.93134","0.2812107439459313","0.0","2.458549197929816","2.066994669819724","0.0027897202567337383","False","20264222","100","","","1.0","1.0","0.0","0.0","0.0","0.0","0.0","0.0","0.0","0.0","0.0","","","0.0","0.0","0.0","0.0","1305","0.04802287038716557","-1.445965571882522","1.4440828042107998","-4095.9999999999995","4090.666666666666","C:\Users\kimeu\Downloads\starlink_pathB_wsl_package_v0_3_clean\starlink_pathB\outputs\coverage_null_global_stats\11_10_lst064_stress_full_polybeam_lines_S30_multi.npz","9.10175923472585","9444.443085672718","1.7798436919007438e-05","140609741.2109375","False","False","False","False","False","False","False","False","False","0","2","2","2","0.0","0.2812107439459313","0.0","0.9963509766045548","281210743945.93134"
"11_10","153.90399534464717","mid","stress","64","2461041.9444444445","2461041.951267397","full_polybeam","lines","1000.0","single","coherent_ab","2","2","1","46538","89.637","1.0","281210743945.93134","0.2812107439459313","0.0","68.89982232732412","68.89982232732412","0.06814993841221259","False","20264239","100","","","1.0","1.0","0.0","0.0","0.0","0.0","0.0","0.0","0.0","0.0","0.0","","","0.0","0.0","0.0","0.0","1305","0.04802287038716557","-1.445965571882522","1.4440828042107998","-4095.9999999999995","4090.666666666666","C:\Users\kimeu\Downloads\starlink_pathB_wsl_package_v0_3_clean\starlink_pathB\outputs\coverage_null_global_stats\11_10_lst064_stress_full_polybeam_lines_S1000_single.npz","9.10175923472585","9444.443085672718","1.7798436919007438e-05","140609741.2109375","False","False","False","False","False","False","False","False","False","0","2","2","2","0.0","0.2812107439459313","0.0","0.9963509766045548","281210743945.93134"
"11_10","153.90399534464717","mid","stress","64","2461041.9444444445","2461041.951267397","full_polybeam","lines","1000.0","multi","coherent_ab","2","2","2","46538;45222","89.637;81.702","1.0","281210743945.93134","0.2812107439459313","0.0","81.95163993099385","68.89982232732412","0.09299067522445793","False","20264256","100","","","1.0","1.0","0.0","0.0","0.0","0.0","0.0","0.0","0.0","0.0","0.0","","","0.0","0.0","0.0","0.0","1305","0.04802287038716557","-1.445965571882522","1.4440828042107998","-4095.9999999999995","4090.666666666666","C:\Users\kimeu\Downloads\starlink_pathB_wsl_package_v0_3_clean\starlink_pathB\outputs\coverage_null_global_stats\11_10_lst064_stress_full_polybeam_lines_S1000_multi.npz","9.10175923472585","9444.443085672718","1.7798436919007438e-05","140609741.2109375","False","False","False","False","False","False","False","False","False","0","2","2","2","0.0","0.2812107439459313","0.0","0.9963509766045548","281210743945.93134"
"11_10","153.90399534464717","mid","stress","64","2461041.9444444445","2461041.951267397","full_polybeam","khz_comb","30.0","single","coherent_ab","2","2","1","46538","89.637","1.0","281210743945.93134","0.2812107439459313","0.0","1.701091758641717","1.701091758641717","0.001760728311190504","False","20264273","100","","","1.0","1.0","0.0","0.0","0.0","0.0","0.0","0.0","0.0","0.0","0.0","","","0.0","0.0","0.0","0.0","1305","0.04802287038716557","-1.445965571882522","1.4440828042107998","-4095.9999999999995","4090.666666666666","C:\Users\kimeu\Downloads\starlink_pathB_wsl_package_v0_3_clean\starlink_pathB\outputs\coverage_null_global_stats\11_10_lst064_stress_full_polybeam_khz_comb_S30_single.npz","9.10175923472585","9444.443085672718","1.7798436919007438e-05","140609741.2109375","False","False","False","False","False","False","False","False","False","0","2","2","2","0.0","0.2812107439459313","0.0","0.9963509766045548","281210743945.93134"
"11_10","153.90399534464717","mid","stress","64","2461041.9444444445","2461041.951267397","full_polybeam","khz_comb","30.0","multi","coherent_ab","2","2","2","46538;45222","89.637;81.702","1.0","281210743945.93134","0.2812107439459313","0.0","2.0233326383847774","1.701091758641717","0.002386741030134981","False","20264290","100","","","1.0","1.0","0.0","0.0","0.0","0.0","0.0","0.0","0.0","0.0","0.0","","","0.0","0.0","0.0","0.0","1305","0.04802287038716557","-1.445965571882522","1.4440828042107998","-4095.9999999999995","4090.666666666666","C:\Users\kimeu\Downloads\starlink_pathB_wsl_package_v0_3_clean\starlink_pathB\outputs\coverage_null_global_stats\11_10_lst064_stress_full_polybeam_khz_comb_S30_multi.npz","9.10175923472585","9444.443085672718","1.7798436919007438e-05","140609741.2109375","False","False","False","False","False","False","False","False","False","0","2","2","2","0.0","0.2812107439459313","0.0","0.9963509766045548","281210743945.93134"
"11_10","153.90399534464717","mid","stress","64","2461041.9444444445","2461041.951267397","full_polybeam","khz_comb","1000.0","single","coherent_ab","2","2","1","46538","89.637","1.0","281210743945.93134","0.2812107439459313","0.0","56.70305862139057","56.70305862139057","0.05869094370635014","False","20264307","100","","","1.0","1.0","0.0","0.0","0.0","0.0","0.0","0.0","0.0","0.0","0.0","","","0.0","0.0","0.0","0.0","1305","0.04802287038716557","-1.445965571882522","1.4440828042107998","-4095.9999999999995","4090.666666666666","C:\Users\kimeu\Downloads\starlink_pathB_wsl_package_v0_3_clean\starlink_pathB\outputs\coverage_null_global_stats\11_10_lst064_stress_full_polybeam_khz_comb_S1000_single.npz","9.10175923472585","9444.443085672718","1.7798436919007438e-05","140609741.2109375","False","False","False","False","False","False","False","False","False","0","2","2","2","0.0","0.2812107439459313","0.0","0.9963509766045548","281210743945.93134"
"11_10","153.90399534464717","mid","stress","64","2461041.9444444445","2461041.951267397","full_polybeam","khz_comb","1000.0","multi","coherent_ab","2","2","2","46538;45222","89.637;81.702","1.0","281210743945.93134","0.2812107439459313","0.0","67.44442127949257","56.70305862139057","0.07955803433783269","False","20264324","100","","","1.0","1.0","0.0","0.0","0.0","0.0","0.0","0.0","0.0","0.0","0.0","","","0.0","0.0","0.0","0.0","1305","0.04802287038716557","-1.445965571882522","1.4440828042107998","-4095.9999999999995","4090.666666666666","C:\Users\kimeu\Downloads\starlink_pathB_wsl_package_v0_3_clean\starlink_pathB\outputs\coverage_null_global_stats\11_10_lst064_stress_full_polybeam_khz_comb_S1000_multi.npz","9.10175923472585","9444.443085672718","1.7798436919007438e-05","140609741.2109375","False","False","False","False","False","False","False","False","False","0","2","2","2","0.0","0.2812107439459313","0.0","0.9963509766045548","281210743945.93134"
"157_146","140.36979839670377","mid","quiet","16","2461041.611111111","2461041.6179340645","frozen_polybeam","smooth","30.0","single","coherent_ab","2","2","1","46128","79.673","0.1657426075268817","1.2547272640388289e-08","0.0212303841364464","1692031.786103713","0.06727455669005576","0.06727455669005576","0.00020976671941353955","False","20264293","100","-0.6707123241466681","0.31196701277948163","0.7920792079207921","0.38613861386138615","0.9487027650739037","182.23677814897107","1.0687374416775128","1.4400118750570983","1.4546240149182632","181.858391334163","184.50209278527356","184.55545970367726","0.12071088791890361","1.418643715437195","1.301499000341077","182.23677814897107","-33.27893201061076","7185194.357100749","2.5362818191393257e-05","1323","0.043799776734723475","-1.445965571882522","1.4440828042107998","-4095.9999999999995","4090.666666666666","C:\Users\kimeu\Downloads\starlink_pathB_wsl_package_v0_3_clean\starlink_pathB\outputs\coverage_null_global_stats\157_146_lst016_quiet_frozen_polybeam_smooth_S30_single.npz","9.10175923472585","9444.443085672718","1.7798436919007438e-05","140609741.2109375","False","False","False","False","False","False","False","False","False","0","2","2","2","0.0","0.0212303841364464","0.0","0.0519940798441188","1.2547272640388289e-08"
"157_146","140.36979839670377","mid","quiet","16","2461041.611111111","2461041.6179340645","frozen_polybeam","smooth","30.0","multi","coherent_ab","2","2","2","46128;44537","79.673;70.729","0.1657426075268817","1.2547272640388289e-08","0.0212303841364464","1692031.786103713","0.0878107375443431","0.06727455669005576","0.00033831386906286987","False","20264310","100","-1.0507271097459587","-0.5208213867822267","0.8712871287128713","0.7029702970297029","0.9469832352970116","209.1620974526036","1.205113811603951","1.6174802991805335","1.6661461203581716","211.2572133650972","216.71595831127192","217.62617647679366","0.16570114813112014","1.9399956128738893","1.2375882566057375","209.1620974526036","-39.731177603660626","7185194.357100749","2.9110151661506515e-05","1323","0.043799776734723475","-1.445965571882522","1.4440828042107998","-4095.9999999999995","4090.666666666666","C:\Users\kimeu\Downloads\starlink_pathB_wsl_package_v0_3_clean\starlink_pathB\outputs\coverage_null_global_stats\157_146_lst016_quiet_frozen_polybeam_smooth_S30_multi.npz","9.10175923472585","9444.443085672718","1.7798436919007438e-05","140609741.2109375","False","False","False","False","False","False","False","False","False","0","2","2","2","0.0","0.0212303841364464","0.0","0.0519940798441188","1.2547272640388289e-08"
"157_146","140.36979839670377","mid","quiet","16","2461041.611111111","2461041.6179340645","frozen_polybeam","smooth","1000.0","single","coherent_ab","2","2","1","46128","79.673","0.1657426075268817","1.2547272640388289e-08","0.0212303841364464","1692031.786103713","2.2424852230018586","2.2424852230018586","0.006992223980451318","False","20264327","100","-0.9691199561278034","0.038566542431987656","0.8415841584158416","0.4752475247524752","31.623828149859037","6077.539866237112","37.7949047268321","48.18642327466623","48.4613091827061","6075.417331587621","6151.647427590716","6153.612978208716","4.294962765829041","0.9813124425400034","0.9034651587727829","6077.539866237112","-1115.4716052173565","7185194.357100749","0.0008458420975392264","1323","0.043799776734723475","-1.445965571882522","1.4440828042107998","-4095.9999999999995","4090.666666666666","C:\Users\kimeu\Downloads\starlink_pathB_wsl_package_v0_3_clean\starlink_pathB\outputs\coverage_null_global_stats\157_146_lst016_quiet_frozen_polybeam_smooth_S1000_single.npz","9.10175923472585","9444.443085672718","1.7798436919007438e-05","140609741.2109375","False","False","False","False","False","False","False","False","False","0","2","2","2","0.0","0.0212303841364464","0.0","0.0519940798441188","1.2547272640388289e-08"
"157_146","140.36979839670377","mid","quiet","16","2461041.611111111","2461041.6179340645","frozen_polybeam","smooth","1000.0","multi","coherent_ab","2","2","2","46128;44537","79.673;70.729","0.1657426075268817","1.2547272640388289e-08","0.0212303841364464","1692031.786103713","2.927024584811437","2.2424852230018586","0.011277128968762328","False","20264344","100","-0.893430562992944","-0.3512150358723964","0.8613861386138614","0.693069306930693","31.56380989703939","6975.421026969409","38.638485948422385","53.639474785389574","56.023898135410136","7014.803078211375","7204.289544119628","7234.636236594484","5.3409899108028185","2.0805259196807953","1.1546348845706402","6975.421026969409","-1330.145255973567","7185194.357100749","0.0009708047799814861","1323","0.043799776734723475","-1.445965571882522","1.4440828042107998","-4095.9999999999995","4090.666666666666","C:\Users\kimeu\Downloads\starlink_pathB_wsl_package_v0_3_clean\starlink_pathB\outputs\coverage_null_global_stats\157_146_lst016_quiet_frozen_polybeam_smooth_S1000_multi.npz","9.10175923472585","9444.443085672718","1.7798436919007438e-05","140609741.2109375","False","False","False","False","False","False","False","False","False","0","2","2","2","0.0","0.0212303841364464","0.0","0.0519940798441188","1.2547272640388289e-08"
"157_146","140.36979839670377","mid","quiet","16","2461041.611111111","2461041.6179340645","frozen_polybeam","lines","30.0","single","coherent_ab","2","2","1","46128","79.673","0.1657426075268817","1.2547272640388289e-08","0.0212303841364464","1692031.786103713","0.06727383589466834","0.06727383589466834","0.00020999834576948298","False","20264361","100","-0.9001505661465079","0.00669898855561701","0.8415841584158416","0.504950495049505","0.942543137623943","182.1251471574562","1.124852621998798","1.4221142620592218","1.4433732626485654","182.1146077061062","184.5141995477015","184.60707196284974","0.13660610480110336","1.194200109740939","1.092937702656946","182.1251471574562","-33.23673696390753","7185194.357100749","2.5347281939210388e-05","1323","0.043799776734723475","-1.445965571882522","1.4440828042107998","-4095.9999999999995","4090.666666666666","C:\Users\kimeu\Downloads\starlink_pathB_wsl_package_v0_3_clean\starlink_pathB\outputs\coverage_null_global_stats\157_146_lst016_quiet_frozen_polybeam_lines_S30_single.npz","9.10175923472585","9444.443085672718","1.7798436919007438e-05","140609741.2109375","False","False","False","False","False","False","False","False","False","0","2","2","2","0.0","0.0212303841364464","0.0","0.0519940798441188","1.2547272640388289e-08"
"157_146","140.36979839670377","mid","quiet","16","2461041.611111111","2461041.6179340645","frozen_polybeam","lines","30.0","multi","coherent_ab","2","2","2","46128;44537","79.673;70.729","0.1657426075268817","1.2547272640388289e-08","0.0212303841364464","1692031.786103713","0.08780994484583068","0.06727383589466834","0.00033870161427453695","False","20264378","100","-1.291082228103521","-0.5415689942916448","0.900990099009901","0.6435643564356436","0.9426563717679528","209.17004868648303","1.1942353583981458","1.591852247906172","1.6744367229923227","211.22053913989635","215.68189029944298","217.29014659449942","0.13143059215508401","2.110179510897266","1.4515384707471457","209.17004868648303","-39.788636010685686","7185194.357100749","2.9111258275118373e-05","1323","0.043799776734723475","-1.445965571882522","1.4440828042107998","-4095.9999999999995","4090.666666666666","C:\Users\kimeu\Downloads\starlink_pathB_wsl_package_v0_3_clean\starlink_pathB\outputs\coverage_null_global_stats\157_146_lst016_quiet_frozen_polybeam_lines_S30_multi.npz","9.10175923472585","9444.443085672718","1.7798436919007438e-05","140609741.2109375","False","False","False","False","False","False","False","False","False","0","2","2","2","0.0","0.0212303841364464","0.0","0.0519940798441188","1.2547272640388289e-08"
"157_146","140.36979839670377","mid","quiet","16","2461041.611111111","2461041.6179340645","frozen_polybeam","lines","1000.0","single","coherent_ab","2","2","1","46128","79.673","0.1657426075268817","1.2547272640388289e-08","0.0212303841364464","1692031.786103713","2.2424611964889443","2.2424611964889443","0.006999944858982766","False","20264395","100","-0.9892075660704976","0.06911228564021378","0.8118811881188119","0.48514851485148514","31.4176831113582","6073.876911728112","37.87397781216714","47.90727068877677","48.076456519277926","6071.592926011472","6150.807621872054","6153.404869763763","4.402221804117289","1.0718862774286053","0.9741894829967407","6073.876911728112","-1114.0645496248276","7185194.357100749","0.0008453323055521273","1323","0.043799776734723475","-1.445965571882522","1.4440828042107998","-4095.9999999999995","4090.666666666666","C:\Users\kimeu\Downloads\starlink_pathB_wsl_package_v0_3_clean\starlink_pathB\outputs\coverage_null_global_stats\157_146_lst016_quiet_frozen_polybeam_lines_S1000_single.npz","9.10175923472585","9444.443085672718","1.7798436919007438e-05","140609741.2109375","False","False","False","False","False","False","False","False","False","0","2","2","2","0.0","0.0212303841364464","0.0","0.0519940798441188","1.2547272640388289e-08"
"157_146","140.36979839670377","mid","quiet","16","2461041.611111111","2461041.6179340645","frozen_polybeam","lines","1000.0","multi","coherent_ab","2","2","2","46128;44537","79.673;70.729","0.1657426075268817","1.2547272640388289e-08","0.0212303841364464","1692031.786103713","2.926998161527689","2.2424611964889443","0.011290053809151233","False","20264412","100","-1.1529762027275112","-0.28237550320686444","0.9108910891089109","0.6039603960396039","31.419173863421747","6975.605603623142","39.08007860243379","54.72941781669033","55.428160096615834","7013.187261238743","7229.992498032129","7237.955672435724","4.481627151948487","2.812055065322565","1.3474030444640384","6975.605603623142","-1332.0604964114168","7185194.357100749","0.0009708304684520494","1323","0.043799776734723475","-1.445965571882522","1.4440828042107998","-4095.9999999999995","4090.666666666666","C:\Users\kimeu\Downloads\starlink_pathB_wsl_package_v0_3_clean\starlink_pathB\outputs\coverage_null_global_stats\157_146_lst016_quiet_frozen_polybeam_lines_S1000_multi.npz","9.10175923472585","9444.443085672718","1.7798436919007438e-05","140609741.2109375","False","False","False","False","False","False","False","False","False","0","2","2","2","0.0","0.0212303841364464","0.0","0.0519940798441188","1.2547272640388289e-08"
"157_146","140.36979839670377","mid","quiet","16","2461041.611111111","2461041.6179340645","frozen_polybeam","khz_comb","30.0","single","coherent_ab","2","2","1","46128","79.673","0.1657426075268817","1.2547272640388289e-08","0.0212303841364464","1692031.786103713","0.06733847166262472","0.06733847166262472","0.00019094321622915378","False","20264429","100","-1.1239769585661263","-0.23022152789856748","0.7821782178217822","0.6336633663366337","0.8890730670427729","176.2221083313621","1.044653277775069","1.353665091259063","1.3603567031013153","176.71945010755422","179.16120047186345","179.20332086859926","0.09336260294003296","1.085781314957806","1.0104370484008545","176.2221083313621","-29.337697491515392","7185194.357100749","2.452572603790614e-05","1323","0.043799776734723475","-1.445965571882522","1.4440828042107998","-4095.9999999999995","4090.666666666666","C:\Users\kimeu\Downloads\starlink_pathB_wsl_package_v0_3_clean\starlink_pathB\outputs\coverage_null_global_stats\157_146_lst016_quiet_frozen_polybeam_khz_comb_S30_single.npz","9.10175923472585","9444.443085672718","1.7798436919007438e-05","140609741.2109375","False","False","False","False","False","False","False","False","False","0","2","2","2","0.0","0.0212303841364464","0.0","0.0519940798441188","1.2547272640388289e-08"
"157_146","140.36979839670377","mid","quiet","16","2461041.611111111","2461041.6179340645","frozen_polybeam","khz_comb","30.0","multi","coherent_ab","2","2","2","46128;44537","79.673;70.729","0.1657426075268817","1.2547272640388289e-08","0.0212303841364464","1692031.786103713","0.08423924368756538","0.06733847166262472","0.00030615419942928206","False","20264446","100","-1.0800660666801043","-0.2735656343618384","0.9207920792079208","0.594059405940594","0.8579127104221698","201.15854712588063","1.0905815439546132","1.4696771226081182","1.583279831829459","202.10608525809974","206.22812619556618","207.0551248343232","0.14529942480112368","2.2434248311320877","1.5376177776221802","201.15854712588063","-33.09028116909709","7185194.357100749","2.7996256903904933e-05","1323","0.043799776734723475","-1.445965571882522","1.4440828042107998","-4095.9999999999995","4090.666666666666","C:\Users\kimeu\Downloads\starlink_pathB_wsl_package_v0_3_clean\starlink_pathB\outputs\coverage_null_global_stats\157_146_lst016_quiet_frozen_polybeam_khz_comb_S30_multi.npz","9.10175923472585","9444.443085672718","1.7798436919007438e-05","140609741.2109375","False","False","False","False","False","False","False","False","False","0","2","2","2","0.0","0.0212303841364464","0.0","0.0519940798441188","1.2547272640388289e-08"
"157_146","140.36979839670377","mid","quiet","16","2461041.611111111","2461041.6179340645","frozen_polybeam","khz_comb","1000.0","single","coherent_ab","2","2","1","46128","79.673","0.1657426075268817","1.2547272640388289e-08","0.0212303841364464","1692031.786103713","2.2446157220874907","2.2446157220874907","0.0063647738743051255","False","20264463","100","-0.5451924555670579","-0.19968494439177564","0.6831683168316832","0.5841584158415841","29.63966299038475","5876.248532381465","33.19431123255663","44.40247655350868","45.06937311991398","5884.148338311249","5968.4679751193335","5973.500507675973","4.397671625959902","0.9826863708782437","0.9158002778707764","5876.248532381465","-982.2132483813684","7185194.357100749","0.0008178273600315736","1323","0.043799776734723475","-1.445965571882522","1.4440828042107998","-4095.9999999999995","4090.666666666666","C:\Users\kimeu\Downloads\starlink_pathB_wsl_package_v0_3_clean\starlink_pathB\outputs\coverage_null_global_stats\157_146_lst016_quiet_frozen_polybeam_khz_comb_S1000_single.npz","9.10175923472585","9444.443085672718","1.7798436919007438e-05","140609741.2109375","False","False","False","False","False","False","False","False","False","0","2","2","2","0.0","0.0212303841364464","0.0","0.0519940798441188","1.2547272640388289e-08"
"157_146","140.36979839670377","mid","quiet","16","2461041.611111111","2461041.6179340645","frozen_polybeam","khz_comb","1000.0","multi","coherent_ab","2","2","2","46128;44537","79.673;70.729","0.1657426075268817","1.2547272640388289e-08","0.0212303841364464","1692031.786103713","2.8079747895855127","2.2446157220874907","0.010205139980976068","False","20264480","100","-0.9497055204011782","-0.08272941243820733","0.900990099009901","0.5346534653465347","28.59620060441739","6707.305635647563","35.72767235055835","49.5010006486711","51.08922453271688","6719.774769063648","6873.73718680586","6905.4738166727375","5.064845566243093","1.8362159350641363","1.1566767271118903","6707.305635647563","-1106.5749816038851","7185194.357100749","0.0009334897989250751","1323","0.043799776734723475","-1.445965571882522","1.4440828042107998","-4095.9999999999995","4090.666666666666","C:\Users\kimeu\Downloads\starlink_pathB_wsl_package_v0_3_clean\starlink_pathB\outputs\coverage_null_global_stats\157_146_lst016_quiet_frozen_polybeam_khz_comb_S1000_multi.npz","9.10175923472585","9444.443085672718","1.7798436919007438e-05","140609741.2109375","False","False","False","False","False","False","False","False","False","0","2","2","2","0.0","0.0212303841364464","0.0","0.0519940798441188","1.2547272640388289e-08"
"157_146","140.36979839670377","mid","quiet","16","2461041.611111111","2461041.6179340645","full_polybeam","smooth","30.0","single","coherent_ab","2","2","1","46128","79.673","0.1657426075268817","1.2547272640388289e-08","0.0212303841364464","1692031.786103713","0.22724169729098523","0.22724169729098523","0.000395798394821942","False","20264497","100","-0.9528917815901562","-1.2521866596038462","0.8217821782178217","0.7920792079207921","1.3686337142717093","262.5503647566866","1.9498307917801867","2.48527289819649","2.4934839361302874","266.4824223418423","270.4811997509494","270.93608756138536","0.4113920025210973","1.2539005629505007","1.0430786074306206","262.5503647566866","-8.362842823606718","7185194.357100749","3.654046803858853e-05","1323","0.043799776734723475","-1.445965571882522","1.4440828042107998","-4095.9999999999995","4090.666666666666","C:\Users\kimeu\Downloads\starlink_pathB_wsl_package_v0_3_clean\starlink_pathB\outputs\coverage_null_global_stats\157_146_lst016_quiet_full_polybeam_smooth_S30_single.npz","9.10175923472585","9444.443085672718","1.7798436919007438e-05","140609741.2109375","False","False","False","False","False","False","False","False","False","0","2","2","2","0.0","0.0212303841364464","0.0","0.0519940798441188","1.2547272640388289e-08"
"157_146","140.36979839670377","mid","quiet","16","2461041.611111111","2461041.6179340645","full_polybeam","smooth","30.0","multi","coherent_ab","2","2","2","46128;44537","79.673;70.729","0.1657426075268817","1.2547272640388289e-08","0.0212303841364464","1692031.786103713","0.2588300054945167","0.22724169729098523","0.0005311996516048616","False","20264514","100","-0.491236846964869","-0.34930651664273055","0.7029702970297029","0.6039603960396039","1.4854849809958068","281.1344556298977","1.7460626890128879","2.6763333949456865","2.9010822667194227","283.895086963923","299.8003626935819","301.9565810402095","0.35778516466962174","2.3664904290177575","1.2588366043914423","281.1344556298977","-33.03559759771568","7185194.357100749","3.912691037397858e-05","1323","0.043799776734723475","-1.445965571882522","1.4440828042107998","-4095.9999999999995","4090.666666666666","C:\Users\kimeu\Downloads\starlink_pathB_wsl_package_v0_3_clean\starlink_pathB\outputs\coverage_null_global_stats\157_146_lst016_quiet_full_polybeam_smooth_S30_multi.npz","9.10175923472585","9444.443085672718","1.7798436919007438e-05","140609741.2109375","False","False","False","False","False","False","False","False","False","0","2","2","2","0.0","0.0212303841364464","0.0","0.0519940798441188","1.2547272640388289e-08"
"157_146","140.36979839670377","mid","quiet","16","2461041.611111111","2461041.6179340645","full_polybeam","smooth","1000.0","single","coherent_ab","2","2","1","46128","79.673","0.1657426075268817","1.2547272640388289e-08","0.0212303841364464","1692031.786103713","7.574723243032841","7.574723243032841","0.013193279827398069","False","20264531","100","-1.2385911917714116","-0.9753752204794085","0.8118811881188119","0.8316831683168316","44.88302857710369","8749.059498959748","66.11328140165642","81.26127941869107","82.54011349957578","8888.513690736389","9071.355243518365","9097.798906079586","11.561207157490799","1.4603774269319383","1.3017353753371792","8749.059498959748","-599.2458467266628","7185194.357100749","0.001217651056343871","1323","0.043799776734723475","-1.445965571882522","1.4440828042107998","-4095.9999999999995","4090.666666666666","C:\Users\kimeu\Downloads\starlink_pathB_wsl_package_v0_3_clean\starlink_pathB\outputs\coverage_null_global_stats\157_146_lst016_quiet_full_polybeam_smooth_S1000_single.npz","9.10175923472585","9444.443085672718","1.7798436919007438e-05","140609741.2109375","False","False","False","False","False","False","False","False","False","0","2","2","2","0.0","0.0212303841364464","0.0","0.0519940798441188","1.2547272640388289e-08"
"157_146","140.36979839670377","mid","quiet","16","2461041.611111111","2461041.6179340645","full_polybeam","smooth","1000.0","multi","coherent_ab","2","2","2","46128;44537","79.673;70.729","0.1657426075268817","1.2547272640388289e-08","0.0212303841364464","1692031.786103713","8.627666849817222","7.574723243032841","0.017706655053495387","False","20264548","100","-0.70149679821056","-0.12451199398086864","0.7623762376237624","0.5544554455445545","48.80334410083469","9398.587272180654","62.096031185559696","89.57466912282817","94.56721829775856","9446.196035922656","9920.150495576496","10046.373614854925","12.780948722975836","1.917938734042441","1.1481082943889334","9398.587272180654","-1425.0326403039228","7185194.357100749","0.0013080491361924713","1323","0.043799776734723475","-1.445965571882522","1.4440828042107998","-4095.9999999999995","4090.666666666666","C:\Users\kimeu\Downloads\starlink_pathB_wsl_package_v0_3_clean\starlink_pathB\outputs\coverage_null_global_stats\157_146_lst016_quiet_full_polybeam_smooth_S1000_multi.npz","9.10175923472585","9444.443085672718","1.7798436919007438e-05","140609741.2109375","False","False","False","False","False","False","False","False","False","0","2","2","2","0.0","0.0212303841364464","0.0","0.0519940798441188","1.2547272640388289e-08"
"157_146","140.36979839670377","mid","quiet","16","2461041.611111111","2461041.6179340645","full_polybeam","lines","30.0","single","coherent_ab","2","2","1","46128","79.673","0.1657426075268817","1.2547272640388289e-08","0.0212303841364464","1692031.786103713","0.22718146159754113","0.22718146159754113","0.00039614128335657895","False","20264565","100","-1.187366696807021","-1.1508018376862257","0.8712871287128713","0.7425742574257426","1.3274660118768224","262.5906020427773","1.9281174133520835","2.3959941196384533","2.435628510510578","267.66395523895176","270.8550335085661","271.01479175289484","0.34120362399517035","1.0441916646179994","1.0027610902441408","262.5906020427773","-8.301822357619029","7185194.357100749","3.654606806610218e-05","1323","0.043799776734723475","-1.445965571882522","1.4440828042107998","-4095.9999999999995","4090.666666666666","C:\Users\kimeu\Downloads\starlink_pathB_wsl_package_v0_3_clean\starlink_pathB\outputs\coverage_null_global_stats\157_146_lst016_quiet_full_polybeam_lines_S30_single.npz","9.10175923472585","9444.443085672718","1.7798436919007438e-05","140609741.2109375","False","False","False","False","False","False","False","False","False","0","2","2","2","0.0","0.0212303841364464","0.0","0.0519940798441188","1.2547272640388289e-08"
"157_146","140.36979839670377","mid","quiet","16","2461041.611111111","2461041.6179340645","full_polybeam","lines","30.0","multi","coherent_ab","2","2","2","46128;44537","79.673;70.729","0.1657426075268817","1.2547272640388289e-08","0.0212303841364464","1692031.786103713","0.2587668435306462","0.22718146159754113","0.0005316890928413443","False","20264582","100","-1.130513133641523","-0.17367328143569674","0.8415841584158416","0.5544554455445545","1.4776043852116345","281.1881704137907","1.9428858328719798","2.799685849252819","2.8710182055060067","283.08280552136335","298.14747559051625","302.34113696461435","0.27759786920114493","2.2348379995802317","1.2202475870406049","281.1881704137907","-33.08400374486108","7185194.357100749","3.913438613332808e-05","1323","0.043799776734723475","-1.445965571882522","1.4440828042107998","-4095.9999999999995","4090.666666666666","C:\Users\kimeu\Downloads\starlink_pathB_wsl_package_v0_3_clean\starlink_pathB\outputs\coverage_null_global_stats\157_146_lst016_quiet_full_polybeam_lines_S30_multi.npz","9.10175923472585","9444.443085672718","1.7798436919007438e-05","140609741.2109375","False","False","False","False","False","False","False","False","False","0","2","2","2","0.0","0.0212303841364464","0.0","0.0519940798441188","1.2547272640388289e-08"
"157_146","140.36979839670377","mid","quiet","16","2461041.611111111","2461041.6179340645","full_polybeam","lines","1000.0","single","coherent_ab","2","2","1","46128","79.673","0.1657426075268817","1.2547272640388289e-08","0.0212303841364464","1692031.786103713","7.572715386584705","7.572715386584705","0.0132047094452193","False","20264599","100","-1.3228514792821713","-0.8884063145240668","0.8910891089108911","0.801980198019802","43.47937124560485","8751.930027281556","65.44170396142363","78.7401670447869","80.82601431407856","8886.792026034855","9102.375645442133","9107.704603007049","11.198075298225149","0.9595036809459109","0.9011475326951986","8751.930027281556","-597.0816247691326","7185194.357100749","0.0012180505623529145","1323","0.043799776734723475","-1.445965571882522","1.4440828042107998","-4095.9999999999995","4090.666666666666","C:\Users\kimeu\Downloads\starlink_pathB_wsl_package_v0_3_clean\starlink_pathB\outputs\coverage_null_global_stats\157_146_lst016_quiet_full_polybeam_lines_S1000_single.npz","9.10175923472585","9444.443085672718","1.7798436919007438e-05","140609741.2109375","False","False","False","False","False","False","False","False","False","0","2","2","2","0.0","0.0212303841364464","0.0","0.0519940798441188","1.2547272640388289e-08"
"157_146","140.36979839670377","mid","quiet","16","2461041.611111111","2461041.6179340645","full_polybeam","lines","1000.0","multi","coherent_ab","2","2","2","46128;44537","79.673;70.729","0.1657426075268817","1.2547272640388289e-08","0.0212303841364464","1692031.786103713","8.625561451021541","7.572715386584705","0.017722969761378146","False","20264616","100","-0.8796968968214561","-0.1553033723218181","0.8316831683168316","0.5841584158415841","48.556768987049054","9401.309946436442","63.398272634231034","88.20558254130864","90.30014347902278","9470.596644903213","10055.893420055874","10138.111839929577","11.379438875972482","1.8275061147678517","1.1970056267699893","9401.309946436442","-1426.5145276323292","7185194.357100749","0.0013084280646000373","1323","0.043799776734723475","-1.445965571882522","1.4440828042107998","-4095.9999999999995","4090.666666666666","C:\Users\kimeu\Downloads\starlink_pathB_wsl_package_v0_3_clean\starlink_pathB\outputs\coverage_null_global_stats\157_146_lst016_quiet_full_polybeam_lines_S1000_multi.npz","9.10175923472585","9444.443085672718","1.7798436919007438e-05","140609741.2109375","False","False","False","False","False","False","False","False","False","0","2","2","2","0.0","0.0212303841364464","0.0","0.0519940798441188","1.2547272640388289e-08"
"157_146","140.36979839670377","mid","quiet","16","2461041.611111111","2461041.6179340645","full_polybeam","khz_comb","30.0","single","coherent_ab","2","2","1","46128","79.673","0.1657426075268817","1.2547272640388289e-08","0.0212303841364464","1692031.786103713","0.1869654129652218","0.1869654129652218","0.0003411495963955031","False","20264633","100","-1.8113368428158998","-0.7233121170339574","0.9405940594059405","0.7425742574257426","1.1593538575725688","225.67576224563484","1.826627972524875","2.1859969837130846","2.2122321520406696","228.72222384502533","233.9250588508553","233.9788793939979","0.24847406287699414","1.0840060781771301","0.9851592352557612","225.67576224563484","-8.29603989065075","7185194.357100749","3.14084422813993e-05","1323","0.043799776734723475","-1.445965571882522","1.4440828042107998","-4095.9999999999995","4090.666666666666","C:\Users\kimeu\Downloads\starlink_pathB_wsl_package_v0_3_clean\starlink_pathB\outputs\coverage_null_global_stats\157_146_lst016_quiet_full_polybeam_khz_comb_S30_single.npz","9.10175923472585","9444.443085672718","1.7798436919007438e-05","140609741.2109375","False","False","False","False","False","False","False","False","False","0","2","2","2","0.0","0.0212303841364464","0.0","0.0519940798441188","1.2547272640388289e-08"
"157_146","140.36979839670377","mid","quiet","16","2461041.611111111","2461041.6179340645","full_polybeam","khz_comb","30.0","multi","coherent_ab","2","2","2","46128;44537","79.673;70.729","0.1657426075268817","1.2547272640388289e-08","0.0212303841364464","1692031.786103713","0.212959496880611","0.1869654129652218","0.0004615485841016064","False","20264650","100","-1.037861430258046","-0.5010991322283025","0.8415841584158416","0.6534653465346535","1.345301436529553","245.1988983555767","1.745161560442284","2.3609044785309377","2.439791081219701","249.78946634665726","260.5193802343843","263.53046518211613","0.25986316747048477","1.837945049510101","1.1940922322853842","245.1988983555767","-26.94427289285815","7185194.357100749","3.412557631280489e-05","1323","0.043799776734723475","-1.445965571882522","1.4440828042107998","-4095.9999999999995","4090.666666666666","C:\Users\kimeu\Downloads\starlink_pathB_wsl_package_v0_3_clean\starlink_pathB\outputs\coverage_null_global_stats\157_146_lst016_quiet_full_polybeam_khz_comb_S30_multi.npz","9.10175923472585","9444.443085672718","1.7798436919007438e-05","140609741.2109375","False","False","False","False","False","False","False","False","False","0","2","2","2","0.0","0.0212303841364464","0.0","0.0519940798441188","1.2547272640388289e-08"
"157_146","140.36979839670377","mid","quiet","16","2461041.611111111","2461041.6179340645","full_polybeam","khz_comb","1000.0","single","coherent_ab","2","2","1","46128","79.673","0.1657426075268817","1.2547272640388289e-08","0.0212303841364464","1692031.786103713","6.232180432174061","6.232180432174061","0.011371653213183435","False","20264667","100","-1.3812413147923945","-0.6824357670616216","0.9405940594059405","0.7524752475247525","38.08741350975106","7523.994293342196","57.390939373632136","71.83585963518108","73.57108686899709","7643.149680757366","7843.935573761545","7846.049118834661","9.426339685228868","0.784802820118961","0.745808128646694","7523.994293342196","-492.6483270036192","7185194.357100749","0.0010471525082556227","1323","0.043799776734723475","-1.445965571882522","1.4440828042107998","-4095.9999999999995","4090.666666666666","C:\Users\kimeu\Downloads\starlink_pathB_wsl_package_v0_3_clean\starlink_pathB\outputs\coverage_null_global_stats\157_146_lst016_quiet_full_polybeam_khz_comb_S1000_single.npz","9.10175923472585","9444.443085672718","1.7798436919007438e-05","140609741.2109375","False","False","False","False","False","False","False","False","False","0","2","2","2","0.0","0.0212303841364464","0.0","0.0519940798441188","1.2547272640388289e-08"
"157_146","140.36979839670377","mid","quiet","16","2461041.611111111","2461041.6179340645","full_polybeam","khz_comb","1000.0","multi","coherent_ab","2","2","2","46128;44537","79.673;70.729","0.1657426075268817","1.2547272640388289e-08","0.0212303841364464","1692031.786103713","7.098649896020367","6.232180432174061","0.015384952803386878","False","20264684","100","-0.7672762230450567","-0.194950095024266","0.7623762376237624","0.5445544554455446","44.29795090241532","8192.056990413614","55.3247333184172","77.7947684624658","79.98296318689366","8256.422116928741","8693.423082335636","8724.126221008568","9.693331583814143","1.829122453554288","1.352130305575507","8192.056990413614","-1115.6954322660897","7185194.357100749","0.0011401301876152918","1323","0.043799776734723475","-1.445965571882522","1.4440828042107998","-4095.9999999999995","4090.666666666666","C:\Users\kimeu\Downloads\starlink_pathB_wsl_package_v0_3_clean\starlink_pathB\outputs\coverage_null_global_stats\157_146_lst016_quiet_full_polybeam_khz_comb_S1000_multi.npz","9.10175923472585","9444.443085672718","1.7798436919007438e-05","140609741.2109375","False","False","False","False","False","False","False","False","False","0","2","2","2","0.0","0.0212303841364464","0.0","0.0519940798441188","1.2547272640388289e-08"
"157_146","140.36979839670377","mid","typical","46","2461041.8194444445","2461041.826267397","frozen_polybeam","smooth","30.0","single","coherent_ab","6","6","1","46912","84.673","0.1653855846774193","1.874030786702616e-07","0.2357282416768072","1257867.4979591686","0.31391888822333025","0.31391888822333025","0.0006062440990698705","False","20264731","100","0.6136269437400527","-0.4678740700651404","0.297029702970297","0.6534653465346535","3.119320700080607","408.850506851461","2.795791979587193","3.269977750748171","3.277285879139813","416.48071433903965","430.8031469595477","430.82656426628176","0.3556185637287399","1.3085139666336505","1.0847468064395787","408.850506851461","-90.17640121333814","3916710.068483179","0.0001043862067150138","1323","0.043799776734723475","-1.445965571882522","1.4440828042107998","-4095.9999999999995","4090.666666666666","C:\Users\kimeu\Downloads\starlink_pathB_wsl_package_v0_3_clean\starlink_pathB\outputs\coverage_null_global_stats\157_146_lst046_typical_frozen_polybeam_smooth_S30_single.npz","9.10175923472585","9444.443085672718","1.7798436919007438e-05","140609741.2109375","False","False","False","False","False","False","False","False","False","0","6","6","6","0.0","0.2357282416768072","0.0","0.4552977482091947","1.874030786702616e-07"
"157_146","140.36979839670377","mid","typical","46","2461041.8194444445","2461041.826267397","frozen_polybeam","smooth","30.0","multi","coherent_ab","6","6","6","46912;48310;48311;45570;46292;49261","84.673;82.739;72.611;72.410;72.344;71.538","0.1653855846774193","1.874030786702616e-07","0.2357282416768072","1257867.4979591686","0.712814175547862","0.31391888822333025","0.0020212441877838164","False","20264748","100","0.46301436930467615","-0.21887496237598802","0.33663366336633666","0.594059405940594","3.5324294861175076","521.9553487383699","3.2065106111913337","4.502104256300936","4.8162576780653","534.4898694617331","654.8325662110516","692.9829072299589","0.47477850375753405","2.4864602330949883","1.412393251798221","521.9553487383699","-76.27775179800717","3916710.068483179","0.00013326371868533715","1323","0.043799776734723475","-1.445965571882522","1.4440828042107998","-4095.9999999999995","4090.666666666666","C:\Users\kimeu\Downloads\starlink_pathB_wsl_package_v0_3_clean\starlink_pathB\outputs\coverage_null_global_stats\157_146_lst046_typical_frozen_polybeam_smooth_S30_multi.npz","9.10175923472585","9444.443085672718","1.7798436919007438e-05","140609741.2109375","False","False","False","False","False","False","False","False","False","0","6","6","6","0.0","0.2357282416768072","0.0","0.4552977482091947","1.874030786702616e-07"
"157_146","140.36979839670377","mid","typical","46","2461041.8194444445","2461041.826267397","frozen_polybeam","smooth","1000.0","single","coherent_ab","6","6","1","46912","84.673","0.1653855846774193","1.874030786702616e-07","0.2357282416768072","1257867.4979591686","10.463962940777673","10.463962940777673","0.02020813663566235","False","20264765","100","0.49055043457188724","-0.47846059656848894","0.2871287128712871","0.6237623762376238","103.94633497887116","13633.41896196267","94.76923533918944","109.08890987575651","109.2763474535156","13905.549734133923","14355.81906541974","14365.631086214653","12.6182110330069","1.7286654986695638","1.4915689569705184","13633.41896196267","-3045.5558456015006","3916710.068483179","0.0034808343542371196","1323","0.043799776734723475","-1.445965571882522","1.4440828042107998","-4095.9999999999995","4090.666666666666","C:\Users\kimeu\Downloads\starlink_pathB_wsl_package_v0_3_clean\starlink_pathB\outputs\coverage_null_global_stats\157_146_lst046_typical_frozen_polybeam_smooth_S1000_single.npz","9.10175923472585","9444.443085672718","1.7798436919007438e-05","140609741.2109375","False","False","False","False","False","False","False","False","False","0","6","6","6","0.0","0.2357282416768072","0.0","0.4552977482091947","1.874030786702616e-07"
"157_146","140.36979839670377","mid","typical","46","2461041.8194444445","2461041.826267397","frozen_polybeam","smooth","1000.0","multi","coherent_ab","6","6","6","46912;48310;48311;45570;46292;49261","84.673;82.739;72.611;72.410;72.344;71.538","0.1653855846774193","1.874030786702616e-07","0.2357282416768072","1257867.4979591686","23.760472518262063","10.463962940777673","0.06737480625946056","False","20264782","100","0.7325312289443973","-0.2305300180513608","0.2376237623762376","0.5445544554455446","117.38799067817399","17442.158284720717","103.34699732676563","138.9603593190813","154.94488448542097","17779.25913430301","20841.97050628106","22030.597834992703","12.928486725466428","3.1106860143015873","1.6977228903260637","17442.158284720717","-2635.0833855432975","3916710.068483179","0.004453267660803784","1323","0.043799776734723475","-1.445965571882522","1.4440828042107998","-4095.9999999999995","4090.666666666666","C:\Users\kimeu\Downloads\starlink_pathB_wsl_package_v0_3_clean\starlink_pathB\outputs\coverage_null_global_stats\157_146_lst046_typical_frozen_polybeam_smooth_S1000_multi.npz","9.10175923472585","9444.443085672718","1.7798436919007438e-05","140609741.2109375","False","False","False","False","False","False","False","False","False","0","6","6","6","0.0","0.2357282416768072","0.0","0.4552977482091947","1.874030786702616e-07"
"157_146","140.36979839670377","mid","typical","46","2461041.8194444445","2461041.826267397","frozen_polybeam","lines","30.0","single","coherent_ab","6","6","1","46912","84.673","0.1653855846774193","1.874030786702616e-07","0.2357282416768072","1257867.4979591686","0.31391733312765996","0.31391733312765996","0.000607016024604915","False","20264799","100","0.6076511714015895","-0.7322222899977152","0.25742574257425743","0.6831683168316832","3.1923638819262123","408.7245987471049","2.887104356915188","3.3291876851202686","3.349008483919133","419.6350210411662","430.5043509647679","430.80482937251094","0.3388370475568081","1.3620734340195957","1.2398279478831828","408.7245987471049","-90.02863696959409","3916710.068483179","0.00010435406032118975","1323","0.043799776734723475","-1.445965571882522","1.4440828042107998","-4095.9999999999995","4090.666666666666","C:\Users\kimeu\Downloads\starlink_pathB_wsl_package_v0_3_clean\starlink_pathB\outputs\coverage_null_global_stats\157_146_lst046_typical_frozen_polybeam_lines_S30_single.npz","9.10175923472585","9444.443085672718","1.7798436919007438e-05","140609741.2109375","False","False","False","False","False","False","False","False","False","0","6","6","6","0.0","0.2357282416768072","0.0","0.4552977482091947","1.874030786702616e-07"
"157_146","140.36979839670377","mid","typical","46","2461041.8194444445","2461041.826267397","frozen_polybeam","lines","30.0","multi","coherent_ab","6","6","6","46912;48310;48311;45570;46292;49261","84.673;82.739;72.611;72.410;72.344;71.538","0.1653855846774193","1.874030786702616e-07","0.2357282416768072","1257867.4979591686","0.7128090919847554","0.31391733312765996","0.002023703003604212","False","20264816","100","0.7912183925461741","-0.10472278995188893","0.19801980198019803","0.5742574257425742","3.6186374266517305","522.2866509609958","3.137893145963517","4.13526941180262","4.711673970922061","530.3802556438974","656.4449557537004","694.7344513930097","0.40982057299243024","2.2289182320722087","1.3148368778174684","522.2866509609958","-75.82101786438591","3916710.068483179","0.00013334830554952496","1323","0.043799776734723475","-1.445965571882522","1.4440828042107998","-4095.9999999999995","4090.666666666666","C:\Users\kimeu\Downloads\starlink_pathB_wsl_package_v0_3_clean\starlink_pathB\outputs\coverage_null_global_stats\157_146_lst046_typical_frozen_polybeam_lines_S30_multi.npz","9.10175923472585","9444.443085672718","1.7798436919007438e-05","140609741.2109375","False","False","False","False","False","False","False","False","False","0","6","6","6","0.0","0.2357282416768072","0.0","0.4552977482091947","1.874030786702616e-07"
"157_146","140.36979839670377","mid","typical","46","2461041.8194444445","2461041.826267397","frozen_polybeam","lines","1000.0","single","coherent_ab","6","6","1","46912","84.673","0.1653855846774193","1.874030786702616e-07","0.2357282416768072","1257867.4979591686","10.46391110425533","10.46391110425533","0.020233867486830502","False","20264833","100","0.6038300933797021","-0.6408619653413429","0.2871287128712871","0.6831683168316832","106.38513928651355","13629.688240320711","93.05779975574205","110.28473013279964","111.43194372620772","13954.005579192824","14359.551172785204","14362.884173195549","14.886915144621526","1.0401481978486724","0.9435041672968889","13629.688240320711","-3040.6338363718824","3916710.068483179","0.0034798818401176857","1323","0.043799776734723475","-1.445965571882522","1.4440828042107998","-4095.9999999999995","4090.666666666666","C:\Users\kimeu\Downloads\starlink_pathB_wsl_package_v0_3_clean\starlink_pathB\outputs\coverage_null_global_stats\157_146_lst046_typical_frozen_polybeam_lines_S1000_single.npz","9.10175923472585","9444.443085672718","1.7798436919007438e-05","140609741.2109375","False","False","False","False","False","False","False","False","False","0","6","6","6","0.0","0.2357282416768072","0.0","0.4552977482091947","1.874030786702616e-07"
"157_146","140.36979839670377","mid","typical","46","2461041.8194444445","2461041.826267397","frozen_polybeam","lines","1000.0","multi","coherent_ab","6","6","6","46912;48310;48311;45570;46292;49261","84.673;82.739;72.611;72.410;72.344;71.538","0.1653855846774193","1.874030786702616e-07","0.2357282416768072","1257867.4979591686","23.760303066158507","10.46391110425533","0.06745676678680707","False","20264850","100","0.7259494405738515","-0.11827053604238219","0.27722772277227725","0.5445544554455446","120.2338637555431","17453.126427038947","105.23533159820181","142.80304589047051","167.27489226017966","17705.666336233055","21412.301238937976","22871.768286509137","13.935366267163772","2.432652831344041","1.3360545001417308","17453.126427038947","-2620.231365783503","3916710.068483179","0.004456068006534373","1323","0.043799776734723475","-1.445965571882522","1.4440828042107998","-4095.9999999999995","4090.666666666666","C:\Users\kimeu\Downloads\starlink_pathB_wsl_package_v0_3_clean\starlink_pathB\outputs\coverage_null_global_stats\157_146_lst046_typical_frozen_polybeam_lines_S1000_multi.npz","9.10175923472585","9444.443085672718","1.7798436919007438e-05","140609741.2109375","False","False","False","False","False","False","False","False","False","0","6","6","6","0.0","0.2357282416768072","0.0","0.4552977482091947","1.874030786702616e-07"
"157_146","140.36979839670377","mid","typical","46","2461041.8194444445","2461041.826267397","frozen_polybeam","khz_comb","30.0","single","coherent_ab","6","6","1","46912","84.673","0.1653855846774193","1.874030786702616e-07","0.2357282416768072","1257867.4979591686","0.25834715303103445","0.25834715303103445","0.0005300117673021565","False","20264867","100","0.15047169324356943","-0.5641840942498311","0.45544554455445546","0.7128712871287128","3.0997597500863776","392.0991793046931","3.0538216928162","3.392482488329665","3.407369531786185","403.0205961008737","420.65681392874563","421.53574795311715","0.20591776744936396","1.0222259911336238","0.9234325885446686","392.0991793046931","-89.26734834427216","3916710.068483179","0.00010010931941575676","1323","0.043799776734723475","-1.445965571882522","1.4440828042107998","-4095.9999999999995","4090.666666666666","C:\Users\kimeu\Downloads\starlink_pathB_wsl_package_v0_3_clean\starlink_pathB\outputs\coverage_null_global_stats\157_146_lst046_typical_frozen_polybeam_khz_comb_S30_single.npz","9.10175923472585","9444.443085672718","1.7798436919007438e-05","140609741.2109375","False","False","False","False","False","False","False","False","False","0","6","6","6","0.0","0.2357282416768072","0.0","0.4552977482091947","1.874030786702616e-07"
"157_146","140.36979839670377","mid","typical","46","2461041.8194444445","2461041.826267397","frozen_polybeam","khz_comb","30.0","multi","coherent_ab","6","6","6","46912;48310;48311;45570;46292;49261","84.673;82.739;72.611;72.410;72.344;71.538","0.1653855846774193","1.874030786702616e-07","0.2357282416768072","1257867.4979591686","0.6117059945011765","0.25834715303103445","0.0017965882106278463","False","20264884","100","-0.2340775940706282","-0.4566135211320121","0.5742574257425742","0.6633663366336634","3.32747857587583","497.0440143891586","3.4963382517807986","4.961878765892561","5.55850180885147","529.7597997894309","642.1552918813632","672.5091629112691","0.4865663947816756","2.837153941204189","1.4273514195698886","497.0440143891586","-80.12771772296229","3916710.068483179","0.0001269034484805888","1323","0.043799776734723475","-1.445965571882522","1.4440828042107998","-4095.9999999999995","4090.666666666666","C:\Users\kimeu\Downloads\starlink_pathB_wsl_package_v0_3_clean\starlink_pathB\outputs\coverage_null_global_stats\157_146_lst046_typical_frozen_polybeam_khz_comb_S30_multi.npz","9.10175923472585","9444.443085672718","1.7798436919007438e-05","140609741.2109375","False","False","False","False","False","False","False","False","False","0","6","6","6","0.0","0.2357282416768072","0.0","0.4552977482091947","1.874030786702616e-07"
"157_146","140.36979839670377","mid","typical","46","2461041.8194444445","2461041.826267397","frozen_polybeam","khz_comb","1000.0","single","coherent_ab","6","6","1","46912","84.673","0.1653855846774193","1.874030786702616e-07","0.2357282416768072","1257867.4979591686","8.611571767701147","8.611571767701147","0.017667058910071882","False","20264901","100","-0.21151169675697584","-0.26585028436621555","0.5445544554455446","0.6237623762376238","103.23574570229903","13075.943657201233","105.23861277664128","112.88704913348269","113.0876487042815","13260.244696363943","14042.723826553882","14050.805408839246","6.386953321337842","1.1424302076098094","0.9903906546703725","13075.943657201233","-3020.343753419813","3916710.068483179","0.0033385018111042218","1323","0.043799776734723475","-1.445965571882522","1.4440828042107998","-4095.9999999999995","4090.666666666666","C:\Users\kimeu\Downloads\starlink_pathB_wsl_package_v0_3_clean\starlink_pathB\outputs\coverage_null_global_stats\157_146_lst046_typical_frozen_polybeam_khz_comb_S1000_single.npz","9.10175923472585","9444.443085672718","1.7798436919007438e-05","140609741.2109375","False","False","False","False","False","False","False","False","False","0","6","6","6","0.0","0.2357282416768072","0.0","0.4552977482091947","1.874030786702616e-07"
"157_146","140.36979839670377","mid","typical","46","2461041.8194444445","2461041.826267397","frozen_polybeam","khz_comb","1000.0","multi","coherent_ab","6","6","6","46912;48310;48311;45570;46292;49261","84.673;82.739;72.611;72.410;72.344;71.538","0.1653855846774193","1.874030786702616e-07","0.2357282416768072","1257867.4979591686","20.39019981670588","8.611571767701147","0.059886273687594874","False","20264918","100","-0.055675829953096743","-0.11500232845123019","0.5247524752475248","0.5742574257425742","110.7482450864054","16606.16417909937","112.3239226516639","173.25883987156885","197.20793304662135","16865.78099576838","20571.604609532475","22180.454471860656","19.088713335333523","3.157565994309707","1.623552321056539","16606.16417909937","-2763.9394466106096","3916710.068483179","0.004239824722469291","1323","0.043799776734723475","-1.445965571882522","1.4440828042107998","-4095.9999999999995","4090.666666666666","C:\Users\kimeu\Downloads\starlink_pathB_wsl_package_v0_3_clean\starlink_pathB\outputs\coverage_null_global_stats\157_146_lst046_typical_frozen_polybeam_khz_comb_S1000_multi.npz","9.10175923472585","9444.443085672718","1.7798436919007438e-05","140609741.2109375","False","False","False","False","False","False","False","False","False","0","6","6","6","0.0","0.2357282416768072","0.0","0.4552977482091947","1.874030786702616e-07"
"157_146","140.36979839670377","mid","typical","46","2461041.8194444445","2461041.826267397","full_polybeam","smooth","30.0","single","coherent_ab","6","6","1","46912","84.673","0.1653855846774193","1.874030786702616e-07","0.2357282416768072","1257867.4979591686","0.5207128898167647","0.5207128898167647","0.00088158529592452","False","20264935","100","0.8408655427052054","-0.6803214503357842","0.25742574257425743","0.7821782178217822","4.3768865070196625","460.39391043948694","3.7178197049674964","4.654237731345051","4.663700980649915","473.30699349685347","490.1896732131426","490.3919775530523","0.5286629613003697","1.5197529442613584","1.3555480046180626","460.39391043948694","-38.449170700690644","3916710.068483179","0.00011754607882369585","1323","0.043799776734723475","-1.445965571882522","1.4440828042107998","-4095.9999999999995","4090.666666666666","C:\Users\kimeu\Downloads\starlink_pathB_wsl_package_v0_3_clean\starlink_pathB\outputs\coverage_null_global_stats\157_146_lst046_typical_full_polybeam_smooth_S30_single.npz","9.10175923472585","9444.443085672718","1.7798436919007438e-05","140609741.2109375","False","False","False","False","False","False","False","False","False","0","6","6","6","0.0","0.2357282416768072","0.0","0.4552977482091947","1.874030786702616e-07"
"157_146","140.36979839670377","mid","typical","46","2461041.8194444445","2461041.826267397","full_polybeam","smooth","30.0","multi","coherent_ab","6","6","6","46912;48310;48311;45570;46292;49261","84.673;82.739;72.611;72.410;72.344;71.538","0.1653855846774193","1.874030786702616e-07","0.2357282416768072","1257867.4979591686","1.6181810467634592","0.5207128898167647","0.0031875038846698642","False","20264952","100","-0.7594942096101417","-0.26776416290554506","0.7821782178217822","0.6237623762376238","10.040852973779693","1023.0579002880078","11.358295839488392","14.767509863852865","16.258653734917296","1034.287207543764","1106.3380672468224","1115.1911585307835","1.169993171527949","2.772798159704521","1.296550060331081","1023.0579002880078","-53.311874667528436","3916710.068483179","0.00026120337793708755","1323","0.043799776734723475","-1.445965571882522","1.4440828042107998","-4095.9999999999995","4090.666666666666","C:\Users\kimeu\Downloads\starlink_pathB_wsl_package_v0_3_clean\starlink_pathB\outputs\coverage_null_global_stats\157_146_lst046_typical_full_polybeam_smooth_S30_multi.npz","9.10175923472585","9444.443085672718","1.7798436919007438e-05","140609741.2109375","False","False","False","False","False","False","False","False","False","0","6","6","6","0.0","0.2357282416768072","0.0","0.4552977482091947","1.874030786702616e-07"
"157_146","140.36979839670377","mid","typical","46","2461041.8194444445","2461041.826267397","full_polybeam","smooth","1000.0","single","coherent_ab","6","6","1","46912","84.673","0.1653855846774193","1.874030786702616e-07","0.2357282416768072","1257867.4979591686","17.357096327225488","17.357096327225488","0.029386176530817334","False","20264969","100","0.6522847897129199","-0.6209041994133156","0.3465346534653465","0.7029702970297029","146.22805913981756","15379.140730316945","127.00355597829775","153.93349918239755","154.54680413738555","15745.838207202396","16355.909846310644","16377.777639498388","19.878969956789206","1.0197530020818948","0.8721203134473657","15379.140730316945","-1052.3380047042779","3916710.068483179","0.003926545611345905","1323","0.043799776734723475","-1.445965571882522","1.4440828042107998","-4095.9999999999995","4090.666666666666","C:\Users\kimeu\Downloads\starlink_pathB_wsl_package_v0_3_clean\starlink_pathB\outputs\coverage_null_global_stats\157_146_lst046_typical_full_polybeam_smooth_S1000_single.npz","9.10175923472585","9444.443085672718","1.7798436919007438e-05","140609741.2109375","False","False","False","False","False","False","False","False","False","0","6","6","6","0.0","0.2357282416768072","0.0","0.4552977482091947","1.874030786702616e-07"
"157_146","140.36979839670377","mid","typical","46","2461041.8194444445","2461041.826267397","full_polybeam","smooth","1000.0","multi","coherent_ab","6","6","6","46912;48310;48311;45570;46292;49261","84.673;82.739;72.611;72.410;72.344;71.538","0.1653855846774193","1.874030786702616e-07","0.2357282416768072","1257867.4979591686","53.939368225448646","17.357096327225488","0.10625012948899548","False","20264986","100","-0.9188779355836311","0.2580682452281482","0.801980198019802","0.36633663366336633","334.44383012528306","34174.864186657185","384.2912863490037","484.9430281837095","538.9212123176482","33786.913744642516","36503.705493197136","37294.27281428538","36.589896551339734","2.5776041433047494","1.5227429587580188","34174.864186657185","-1977.3755735008322","3916710.068483179","0.008725400550235789","1323","0.043799776734723475","-1.445965571882522","1.4440828042107998","-4095.9999999999995","4090.666666666666","C:\Users\kimeu\Downloads\starlink_pathB_wsl_package_v0_3_clean\starlink_pathB\outputs\coverage_null_global_stats\157_146_lst046_typical_full_polybeam_smooth_S1000_multi.npz","9.10175923472585","9444.443085672718","1.7798436919007438e-05","140609741.2109375","False","False","False","False","False","False","False","False","False","0","6","6","6","0.0","0.2357282416768072","0.0","0.4552977482091947","1.874030786702616e-07"
"157_146","140.36979839670377","mid","typical","46","2461041.8194444445","2461041.826267397","full_polybeam","lines","30.0","single","coherent_ab","6","6","1","46912","84.673","0.1653855846774193","1.874030786702616e-07","0.2357282416768072","1257867.4979591686","0.5207120374618724","0.5207120374618724","0.0008825520252237158","False","20265003","100","0.20807034952095352","-0.6285319567731239","0.44554455445544555","0.7029702970297029","4.462153289902744","460.3766648324339","4.375580324196562","4.68144301964553","4.687569741694592","470.4963017253156","488.67990031435863","489.89292530888866","0.2806390508005734","1.1028560139653567","1.0327429950463223","460.3766648324339","-38.25197012277647","3916710.068483179","0.00011754167573877215","1323","0.043799776734723475","-1.445965571882522","1.4440828042107998","-4095.9999999999995","4090.666666666666","C:\Users\kimeu\Downloads\starlink_pathB_wsl_package_v0_3_clean\starlink_pathB\outputs\coverage_null_global_stats\157_146_lst046_typical_full_polybeam_lines_S30_single.npz","9.10175923472585","9444.443085672718","1.7798436919007438e-05","140609741.2109375","False","False","False","False","False","False","False","False","False","0","6","6","6","0.0","0.2357282416768072","0.0","0.4552977482091947","1.874030786702616e-07"
"157_146","140.36979839670377","mid","typical","46","2461041.8194444445","2461041.826267397","full_polybeam","lines","30.0","multi","coherent_ab","6","6","6","46912;48310;48311;45570;46292;49261","84.673;82.739;72.611;72.410;72.344;71.538","0.1653855846774193","1.874030786702616e-07","0.2357282416768072","1257867.4979591686","1.6180789799181161","0.5207120374618724","0.003190455035492375","False","20265020","100","-0.6095929353769064","-0.1258319460915161","0.7524752475247525","0.5544554455445545","10.112615076022848","1022.9887780822477","11.199666455766419","14.142959193057868","15.50940075611674","1029.5532638626946","1099.5044982865868","1116.7088643065424","1.202779868601965","2.6135177624002015","1.6291404195958803","1022.9887780822477","-53.03671818721821","3916710.068483179","0.0002611857299099036","1323","0.043799776734723475","-1.445965571882522","1.4440828042107998","-4095.9999999999995","4090.666666666666","C:\Users\kimeu\Downloads\starlink_pathB_wsl_package_v0_3_clean\starlink_pathB\outputs\coverage_null_global_stats\157_146_lst046_typical_full_polybeam_lines_S30_multi.npz","9.10175923472585","9444.443085672718","1.7798436919007438e-05","140609741.2109375","False","False","False","False","False","False","False","False","False","0","6","6","6","0.0","0.2357282416768072","0.0","0.4552977482091947","1.874030786702616e-07"
"157_146","140.36979839670377","mid","typical","46","2461041.8194444445","2461041.826267397","full_polybeam","lines","1000.0","single","coherent_ab","6","6","1","46912","84.673","0.1653855846774193","1.874030786702616e-07","0.2357282416768072","1257867.4979591686","17.357067915395746","17.357067915395746","0.029418400840790525","False","20265037","100","0.4993303489688443","-0.49747031370325934","0.2376237623762376","0.7128712871287128","149.09434925724236","15379.327490530282","137.2333958218028","155.47361122926765","156.4901112621417","15578.848361389926","16307.280079569351","16367.674223991311","16.021664830321242","0.8746629257439016","0.7953130851719816","15379.327490530282","-1045.9468085830363","3916710.068483179","0.00392659329427624","1323","0.043799776734723475","-1.445965571882522","1.4440828042107998","-4095.9999999999995","4090.666666666666","C:\Users\kimeu\Downloads\starlink_pathB_wsl_package_v0_3_clean\starlink_pathB\outputs\coverage_null_global_stats\157_146_lst046_typical_full_polybeam_lines_S1000_single.npz","9.10175923472585","9444.443085672718","1.7798436919007438e-05","140609741.2109375","False","False","False","False","False","False","False","False","False","0","6","6","6","0.0","0.2357282416768072","0.0","0.4552977482091947","1.874030786702616e-07"
"157_146","140.36979839670377","mid","typical","46","2461041.8194444445","2461041.826267397","full_polybeam","lines","1000.0","multi","coherent_ab","6","6","6","46912;48310;48311;45570;46292;49261","84.673;82.739;72.611;72.410;72.344;71.538","0.1653855846774193","1.874030786702616e-07","0.2357282416768072","1257867.4979591686","53.935965997270536","17.357067915395746","0.10634850118307916","False","20265054","100","-0.6361538893320694","0.0873053948623256","0.7326732673267327","0.4752475247524752","336.8624700176151","34169.87026969585","380.49199920259343","500.8128709206029","540.442869603214","34033.07404668123","36696.809245327066","38135.60805438117","46.25879801895098","2.152645183326164","1.1816557525440625","34169.87026969585","-1968.4411524575949","3916710.068483179","0.008724125521736355","1323","0.043799776734723475","-1.445965571882522","1.4440828042107998","-4095.9999999999995","4090.666666666666","C:\Users\kimeu\Downloads\starlink_pathB_wsl_package_v0_3_clean\starlink_pathB\outputs\coverage_null_global_stats\157_146_lst046_typical_full_polybeam_lines_S1000_multi.npz","9.10175923472585","9444.443085672718","1.7798436919007438e-05","140609741.2109375","False","False","False","False","False","False","False","False","False","0","6","6","6","0.0","0.2357282416768072","0.0","0.4552977482091947","1.874030786702616e-07"
"157_146","140.36979839670377","mid","typical","46","2461041.8194444445","2461041.826267397","full_polybeam","khz_comb","30.0","single","coherent_ab","6","6","1","46912","84.673","0.1653855846774193","1.874030786702616e-07","0.2357282416768072","1257867.4979591686","0.4285347071694108","0.4285347071694108","0.0007516578114787795","False","20265071","100","0.4027304763154911","-0.6359549941464925","0.36633663366336633","0.7623762376237624","4.081917093454649","413.6297666915392","3.7941217693992257","4.429706759101714","4.471807398534383","427.08693428370043","450.0715479343512","450.35071122802714","0.4819980063884941","1.3504845021479568","1.2683998682614221","413.6297666915392","-44.3469840227694","3916710.068483179","0.00010560642974825176","1323","0.043799776734723475","-1.445965571882522","1.4440828042107998","-4095.9999999999995","4090.666666666666","C:\Users\kimeu\Downloads\starlink_pathB_wsl_package_v0_3_clean\starlink_pathB\outputs\coverage_null_global_stats\157_146_lst046_typical_full_polybeam_khz_comb_S30_single.npz","9.10175923472585","9444.443085672718","1.7798436919007438e-05","140609741.2109375","False","False","False","False","False","False","False","False","False","0","6","6","6","0.0","0.2357282416768072","0.0","0.4552977482091947","1.874030786702616e-07"
"157_146","140.36979839670377","mid","typical","46","2461041.8194444445","2461041.826267397","full_polybeam","khz_comb","30.0","multi","coherent_ab","6","6","6","46912;48310;48311;45570;46292;49261","84.673;82.739;72.611;72.410;72.344;71.538","0.1653855846774193","1.874030786702616e-07","0.2357282416768072","1257867.4979591686","1.3316438875046384","0.4285347071694108","0.0027574033312607964","False","20265088","100","-0.4087243332640652","-0.24026711085210312","0.6534653465346535","0.6633663366336634","9.16009651737113","874.0733459492006","9.834841197486867","12.734933707597156","13.768525546564668","883.1394199556235","969.7760555481705","989.7008530177275","1.1134865597787211","2.1251942686720895","1.3673548165170695","874.0733459492006","-57.16762230746704","3916710.068483179","0.00022316518983180758","1323","0.043799776734723475","-1.445965571882522","1.4440828042107998","-4095.9999999999995","4090.666666666666","C:\Users\kimeu\Downloads\starlink_pathB_wsl_package_v0_3_clean\starlink_pathB\outputs\coverage_null_global_stats\157_146_lst046_typical_full_polybeam_khz_comb_S30_multi.npz","9.10175923472585","9444.443085672718","1.7798436919007438e-05","140609741.2109375","False","False","False","False","False","False","False","False","False","0","6","6","6","0.0","0.2357282416768072","0.0","0.4552977482091947","1.874030786702616e-07"
"157_146","140.36979839670377","mid","typical","46","2461041.8194444445","2461041.826267397","full_polybeam","khz_comb","1000.0","single","coherent_ab","6","6","1","46912","84.673","0.1653855846774193","1.874030786702616e-07","0.2357282416768072","1257867.4979591686","14.284490238980357","14.284490238980357","0.025055260382625986","False","20265105","100","0.2877428515895623","-0.46909510480300876","0.36633663366336633","0.7326732673267327","136.1836858477236","13808.306670804543","130.9583010735323","147.91348048723793","148.3825036975103","14092.45625953277","14947.797274587536","15017.199168497327","12.248692627572382","1.055232697821012","0.9259614937572298","13808.306670804543","-1330.3816321466302","3916710.068483179","0.00352548604041863","1323","0.043799776734723475","-1.445965571882522","1.4440828042107998","-4095.9999999999995","4090.666666666666","C:\Users\kimeu\Downloads\starlink_pathB_wsl_package_v0_3_clean\starlink_pathB\outputs\coverage_null_global_stats\157_146_lst046_typical_full_polybeam_khz_comb_S1000_single.npz","9.10175923472585","9444.443085672718","1.7798436919007438e-05","140609741.2109375","False","False","False","False","False","False","False","False","False","0","6","6","6","0.0","0.2357282416768072","0.0","0.4552977482091947","1.874030786702616e-07"
"157_146","140.36979839670377","mid","typical","46","2461041.8194444445","2461041.826267397","full_polybeam","khz_comb","1000.0","multi","coherent_ab","6","6","6","46912;48310;48311;45570;46292;49261","84.673;82.739;72.611;72.410;72.344;71.538","0.1653855846774193","1.874030786702616e-07","0.2357282416768072","1257867.4979591686","44.38812958348794","14.284490238980357","0.09191344437535987","False","20265122","100","-0.5569442734678172","-0.29985929051718185","0.7425742574257426","0.6336633663366337","305.3231305019963","29202.56641511434","339.10520468031245","436.1721282506611","457.06511034520435","29631.393397700445","32082.260581872084","33171.06230568203","40.911986988126955","2.2672651910704387","1.3463811794711278","29202.56641511434","-2087.468377514323","3916710.068483179","0.007455891782774616","1323","0.043799776734723475","-1.445965571882522","1.4440828042107998","-4095.9999999999995","4090.666666666666","C:\Users\kimeu\Downloads\starlink_pathB_wsl_package_v0_3_clean\starlink_pathB\outputs\coverage_null_global_stats\157_146_lst046_typical_full_polybeam_khz_comb_S1000_multi.npz","9.10175923472585","9444.443085672718","1.7798436919007438e-05","140609741.2109375","False","False","False","False","False","False","False","False","False","0","6","6","6","0.0","0.2357282416768072","0.0","0.4552977482091947","1.874030786702616e-07"
"157_146","140.36979839670377","mid","stress","0","2461041.5","2461041.506822953","frozen_polybeam","smooth","30.0","single","coherent_ab","4","4","1","46696","86.617","0.2350680443548387","9.752069536292108e-05","0.5502745938468236","5642.644279749944","0.7752456744315618","0.7752456744315618","0.001073230752305415","False","20265093","100","-0.32561887676610096","0.8923150847962926","0.693069306930693","0.27722772277227725","11.837251039883995","3464.2364982160493","13.233577443534159","24.415454613990004","24.451606715829985","3388.143058504462","3491.444110460118","3492.4397318971364","2.8923668855713913","1.4035151142034954","1.2470360774732536","3464.2364982160493","-218.08403064044046","20329787.10384278","0.0001704020057131455","1323","0.043799776734723475","-1.445965571882522","1.4440828042107998","-4095.9999999999995","4090.666666666666","C:\Users\kimeu\Downloads\starlink_pathB_wsl_package_v0_3_clean\starlink_pathB\outputs\coverage_null_global_stats\157_146_lst000_stress_frozen_polybeam_smooth_S30_single.npz","9.10175923472585","9444.443085672718","1.7798436919007438e-05","140609741.2109375","False","False","False","False","False","False","False","False","False","1","4","4","4","0.3308758856684498","0.5502745938468236","0.3308758856684498","0.7280464634021924","9.752069536292108e-05"
"157_146","140.36979839670377","mid","stress","0","2461041.5","2461041.506822953","frozen_polybeam","smooth","30.0","multi","coherent_ab","4","4","4","46696;48029;44725;46687","86.617;85.104;84.152;73.708","0.2350680443548387","9.752069536292108e-05","0.5502745938468236","5642.644279749944","1.4376322481261148","0.7752456744315618","0.0023252346036668017","False","20265110","100","-0.5730083661100034","-0.8211560999337073","0.7821782178217822","0.7425742574257426","13.368221969954902","3635.772388433804","16.185896036486156","29.505042421490362","31.102620874787114","3902.936414019994","4273.465004974626","4386.108196351914","3.3166969864578277","2.1390978613357405","1.4005717750709","3635.772388433804","-373.50707960551483","20329787.10384278","0.00017883966860364033","1323","0.043799776734723475","-1.445965571882522","1.4440828042107998","-4095.9999999999995","4090.666666666666","C:\Users\kimeu\Downloads\starlink_pathB_wsl_package_v0_3_clean\starlink_pathB\outputs\coverage_null_global_stats\157_146_lst000_stress_frozen_polybeam_smooth_S30_multi.npz","9.10175923472585","9444.443085672718","1.7798436919007438e-05","140609741.2109375","False","False","False","False","False","False","False","False","False","1","4","4","4","0.3308758856684498","0.5502745938468236","0.3308758856684498","0.7280464634021924","9.752069536292108e-05"
"157_146","140.36979839670377","mid","stress","0","2461041.5","2461041.506822953","frozen_polybeam","smooth","1000.0","single","coherent_ab","4","4","1","46696","86.617","0.2350680443548387","9.752069536292108e-05","0.5502745938468236","5642.644279749944","25.84152248105206","25.84152248105206","0.0357743584101805","False","20265127","100","-0.24666826005747172","0.8113722901940669","0.693069306930693","0.2376237623762376","405.81899652413995","114629.6660721207","426.98995484236","813.5254113395443","833.9336540823914","112595.89811444866","116607.09201091669","117569.19707084238","57.88996019016213","0.8868180539176347","0.8385557640863918","114629.6660721207","-6288.365935849602","20329787.10384278","0.005638507943374043","1323","0.043799776734723475","-1.445965571882522","1.4440828042107998","-4095.9999999999995","4090.666666666666","C:\Users\kimeu\Downloads\starlink_pathB_wsl_package_v0_3_clean\starlink_pathB\outputs\coverage_null_global_stats\157_146_lst000_stress_frozen_polybeam_smooth_S1000_single.npz","9.10175923472585","9444.443085672718","1.7798436919007438e-05","140609741.2109375","False","False","False","False","False","False","False","False","False","1","4","4","4","0.3308758856684498","0.5502745938468236","0.3308758856684498","0.7280464634021924","9.752069536292108e-05"
"157_146","140.36979839670377","mid","stress","0","2461041.5","2461041.506822953","frozen_polybeam","smooth","1000.0","multi","coherent_ab","4","4","4","46696;48029;44725;46687","86.617;85.104;84.152;73.708","0.2350680443548387","9.752069536292108e-05","0.5502745938468236","5642.644279749944","47.921074937537156","25.84152248105206","0.07750782012222673","False","20265144","100","-0.47355294028235756","-0.996037197893289","0.7326732673267327","0.8514851485148515","457.31560644877754","120582.73261899885","532.8770957946326","1001.2027687457986","1046.8514834895172","129468.48264269985","144009.36571030697","147591.53986715607","107.62371426873642","2.6862937265425413","1.2016422112722758","120582.73261899885","-11200.932854934646","20329787.10384278","0.00593133277801055","1323","0.043799776734723475","-1.445965571882522","1.4440828042107998","-4095.9999999999995","4090.666666666666","C:\Users\kimeu\Downloads\starlink_pathB_wsl_package_v0_3_clean\starlink_pathB\outputs\coverage_null_global_stats\157_146_lst000_stress_frozen_polybeam_smooth_S1000_multi.npz","9.10175923472585","9444.443085672718","1.7798436919007438e-05","140609741.2109375","False","False","False","False","False","False","False","False","False","1","4","4","4","0.3308758856684498","0.5502745938468236","0.3308758856684498","0.7280464634021924","9.752069536292108e-05"
"157_146","140.36979839670377","mid","stress","0","2461041.5","2461041.506822953","frozen_polybeam","lines","30.0","single","coherent_ab","4","4","1","46696","86.617","0.2350680443548387","9.752069536292108e-05","0.5502745938468236","5642.644279749944","0.7751539032995348","0.7751539032995348","0.0010751250826228989","False","20265161","100","-0.3376605951069424","3.4693882536432064","0.7029702970297029","0.19801980198019803","11.576774774701335","3458.86168865379","12.904846617041585","23.963376953457917","24.557930348250665","3342.6959126533707","3483.1976830599515","3485.828740867755","2.6528774709286154","1.0881885100042998","0.9696661072369692","3458.86168865379","-208.44570547888966","20329787.10384278","0.00017013762470734328","1323","0.043799776734723475","-1.445965571882522","1.4440828042107998","-4095.9999999999995","4090.666666666666","C:\Users\kimeu\Downloads\starlink_pathB_wsl_package_v0_3_clean\starlink_pathB\outputs\coverage_null_global_stats\157_146_lst000_stress_frozen_polybeam_lines_S30_single.npz","9.10175923472585","9444.443085672718","1.7798436919007438e-05","140609741.2109375","False","False","False","False","False","False","False","False","False","1","4","4","4","0.3308758856684498","0.5502745938468236","0.3308758856684498","0.7280464634021924","9.752069536292108e-05"
"157_146","140.36979839670377","mid","stress","0","2461041.5","2461041.506822953","frozen_polybeam","lines","30.0","multi","coherent_ab","4","4","4","46696;48029;44725;46687","86.617;85.104;84.152;73.708","0.2350680443548387","9.752069536292108e-05","0.5502745938468236","5642.644279749944","1.4375192012098987","0.7751539032995348","0.002328489500578604","False","20265178","100","-0.5573777152538809","-0.9086779471630665","0.7623762376237624","0.8415841584158416","13.011062238343584","3628.221234178155","15.16797679355659","27.53315112082564","30.02411667038193","3886.881082806318","4273.982411949684","4359.570317313432","2.6101132080766547","2.5230685915286366","1.3587082094268987","3628.221234178155","-360.6528847381795","20329787.10384278","0.00017846823558188374","1323","0.043799776734723475","-1.445965571882522","1.4440828042107998","-4095.9999999999995","4090.666666666666","C:\Users\kimeu\Downloads\starlink_pathB_wsl_package_v0_3_clean\starlink_pathB\outputs\coverage_null_global_stats\157_146_lst000_stress_frozen_polybeam_lines_S30_multi.npz","9.10175923472585","9444.443085672718","1.7798436919007438e-05","140609741.2109375","False","False","False","False","False","False","False","False","False","1","4","4","4","0.3308758856684498","0.5502745938468236","0.3308758856684498","0.7280464634021924","9.752069536292108e-05"
"157_146","140.36979839670377","mid","stress","0","2461041.5","2461041.506822953","frozen_polybeam","lines","1000.0","single","coherent_ab","4","4","1","46696","86.617","0.2350680443548387","9.752069536292108e-05","0.5502745938468236","5642.644279749944","25.838463443317824","25.838463443317824","0.03583750275409663","False","20265195","100","-0.4196004546497645","0.7993836516105495","0.6831683168316832","0.26732673267326734","397.2594720458437","114446.7735006228","458.75585429094644","832.3793396995483","840.4299227580194","112344.47826482517","116501.96363754889","117335.04729845232","98.85294714512202","1.139093585462126","1.0401096906819915","114446.7735006228","-5973.038140604835","20329787.10384278","0.005629511657748242","1323","0.043799776734723475","-1.445965571882522","1.4440828042107998","-4095.9999999999995","4090.666666666666","C:\Users\kimeu\Downloads\starlink_pathB_wsl_package_v0_3_clean\starlink_pathB\outputs\coverage_null_global_stats\157_146_lst000_stress_frozen_polybeam_lines_S1000_single.npz","9.10175923472585","9444.443085672718","1.7798436919007438e-05","140609741.2109375","False","False","False","False","False","False","False","False","False","1","4","4","4","0.3308758856684498","0.5502745938468236","0.3308758856684498","0.7280464634021924","9.752069536292108e-05"
"157_146","140.36979839670377","mid","stress","0","2461041.5","2461041.506822953","frozen_polybeam","lines","1000.0","multi","coherent_ab","4","4","4","46696;48029;44725;46687","86.617;85.104;84.152;73.708","0.2350680443548387","9.752069536292108e-05","0.5502745938468236","5642.644279749944","47.91730670699662","25.838463443317824","0.07761631668595347","False","20265212","100","-0.5369939129568584","-1.1534229009064583","0.7227722772277227","0.8712871287128713","445.4563203626094","120352.28078533347","524.8621161332121","1020.4074858443535","1097.804877255026","129538.43905231419","143101.4555927425","146115.0261949256","99.73758399093822","2.1317487840529794","1.1883755926041735","120352.28078533347","-10780.295015907019","20329787.10384278","0.005919997104277802","1323","0.043799776734723475","-1.445965571882522","1.4440828042107998","-4095.9999999999995","4090.666666666666","C:\Users\kimeu\Downloads\starlink_pathB_wsl_package_v0_3_clean\starlink_pathB\outputs\coverage_null_global_stats\157_146_lst000_stress_frozen_polybeam_lines_S1000_multi.npz","9.10175923472585","9444.443085672718","1.7798436919007438e-05","140609741.2109375","False","False","False","False","False","False","False","False","False","1","4","4","4","0.3308758856684498","0.5502745938468236","0.3308758856684498","0.7280464634021924","9.752069536292108e-05"
"157_146","140.36979839670377","mid","stress","0","2461041.5","2461041.506822953","frozen_polybeam","khz_comb","30.0","single","coherent_ab","4","4","1","46696","86.617","0.2350680443548387","9.752069536292108e-05","0.5502745938468236","5642.644279749944","0.7719273812636198","0.7719273812636198","0.0009962059618892636","False","20265229","100","-0.6808895228372318","2.0671609337016332","0.8514851485148515","0.10891089108910891","11.078237584195449","3306.826490006457","12.913175595240318","20.455401745147537","21.27694486633787","3207.479308709848","3325.3640404220896","3331.170593747274","1.8176939006270914","0.9405388004380573","0.8960921257059012","3306.826490006457","-177.32880182768469","20329787.10384278","0.00016265917951405372","1323","0.043799776734723475","-1.445965571882522","1.4440828042107998","-4095.9999999999995","4090.666666666666","C:\Users\kimeu\Downloads\starlink_pathB_wsl_package_v0_3_clean\starlink_pathB\outputs\coverage_null_global_stats\157_146_lst000_stress_frozen_polybeam_khz_comb_S30_single.npz","9.10175923472585","9444.443085672718","1.7798436919007438e-05","140609741.2109375","False","False","False","False","False","False","False","False","False","1","4","4","4","0.3308758856684498","0.5502745938468236","0.3308758856684498","0.7280464634021924","9.752069536292108e-05"
"157_146","140.36979839670377","mid","stress","0","2461041.5","2461041.506822953","frozen_polybeam","khz_comb","30.0","multi","coherent_ab","4","4","4","46696;48029;44725;46687","86.617;85.104;84.152;73.708","0.2350680443548387","9.752069536292108e-05","0.5502745938468236","5642.644279749944","1.3599819349020492","0.7719273812636198","0.0021151155314973534","False","20265246","100","-1.2785592134739994","-0.6284329740685062","0.9306930693069307","0.7722772277227723","10.501534077619908","3379.292031933215","14.84751369841615","25.2725874609765","31.18673071972968","3564.2584148313717","3971.8575364225712","4076.493505203806","2.292676838279476","1.9004675269768956","1.039905086276834","3379.292031933215","-295.92011605869914","20329787.10384278","0.00016622368029099794","1323","0.043799776734723475","-1.445965571882522","1.4440828042107998","-4095.9999999999995","4090.666666666666","C:\Users\kimeu\Downloads\starlink_pathB_wsl_package_v0_3_clean\starlink_pathB\outputs\coverage_null_global_stats\157_146_lst000_stress_frozen_polybeam_khz_comb_S30_multi.npz","9.10175923472585","9444.443085672718","1.7798436919007438e-05","140609741.2109375","False","False","False","False","False","False","False","False","False","1","4","4","4","0.3308758856684498","0.5502745938468236","0.3308758856684498","0.7280464634021924","9.752069536292108e-05"
"157_146","140.36979839670377","mid","stress","0","2461041.5","2461041.506822953","frozen_polybeam","khz_comb","1000.0","single","coherent_ab","4","4","1","46696","86.617","0.2350680443548387","9.752069536292108e-05","0.5502745938468236","5642.644279749944","25.730912708787322","25.730912708787322","0.033206865396308786","False","20265263","100","-0.637377120583163","0.7535863728234603","0.8811881188118812","0.22772277227722773","371.15679375491163","109635.41561013677","444.2147351413878","717.6207194132534","723.2496753460474","107869.17923084655","112045.85699867159","112147.66386393798","77.3120100804299","1.2654254670078233","1.1308673585026607","109635.41561013677","-5440.556448279359","20329787.10384278","0.005392846223628837","1323","0.043799776734723475","-1.445965571882522","1.4440828042107998","-4095.9999999999995","4090.666666666666","C:\Users\kimeu\Downloads\starlink_pathB_wsl_package_v0_3_clean\starlink_pathB\outputs\coverage_null_global_stats\157_146_lst000_stress_frozen_polybeam_khz_comb_S1000_single.npz","9.10175923472585","9444.443085672718","1.7798436919007438e-05","140609741.2109375","False","False","False","False","False","False","False","False","False","1","4","4","4","0.3308758856684498","0.5502745938468236","0.3308758856684498","0.7280464634021924","9.752069536292108e-05"
"157_146","140.36979839670377","mid","stress","0","2461041.5","2461041.506822953","frozen_polybeam","khz_comb","1000.0","multi","coherent_ab","4","4","4","46696;48029;44725;46687","86.617;85.104;84.152;73.708","0.2350680443548387","9.752069536292108e-05","0.5502745938468236","5642.644279749944","45.33273116340163","25.730912708787322","0.07050385104991178","False","20265280","100","-1.353702424047444","-0.948816030301436","0.9108910891089109","0.8415841584158416","359.1719396182016","112333.39396689621","502.77917673097545","843.382657721253","963.1313023082664","122409.66886050151","134261.7150361189","136986.3349147931","71.55321044408174","2.2890092399722217","1.1839725247611435","112333.39396689621","-9219.301073638462","20329787.10384278","0.005525556829154532","1323","0.043799776734723475","-1.445965571882522","1.4440828042107998","-4095.9999999999995","4090.666666666666","C:\Users\kimeu\Downloads\starlink_pathB_wsl_package_v0_3_clean\starlink_pathB\outputs\coverage_null_global_stats\157_146_lst000_stress_frozen_polybeam_khz_comb_S1000_multi.npz","9.10175923472585","9444.443085672718","1.7798436919007438e-05","140609741.2109375","False","False","False","False","False","False","False","False","False","1","4","4","4","0.3308758856684498","0.5502745938468236","0.3308758856684498","0.7280464634021924","9.752069536292108e-05"
"157_146","140.36979839670377","mid","stress","0","2461041.5","2461041.506822953","full_polybeam","smooth","30.0","single","coherent_ab","4","4","1","46696","86.617","0.2350680443548387","9.752069536292108e-05","0.5502745938468236","5642.644279749944","0.7031155486109665","0.7031155486109665","0.0012948394085012223","False","20265297","100","-0.33451693191979326","0.7316882824328461","0.6237623762376238","0.2079207920792079","16.13230833128182","4176.0282563899","20.817681388482015","37.69497908866033","37.80479109738706","4054.4497580020375","4216.772462487517","4220.850310672512","9.447177497550001","1.1319301891063644","1.0457692203024707","4176.0282563899","-581.8713699979684","20329787.10384278","0.00020541426405791226","1323","0.043799776734723475","-1.445965571882522","1.4440828042107998","-4095.9999999999995","4090.666666666666","C:\Users\kimeu\Downloads\starlink_pathB_wsl_package_v0_3_clean\starlink_pathB\outputs\coverage_null_global_stats\157_146_lst000_stress_full_polybeam_smooth_S30_single.npz","9.10175923472585","9444.443085672718","1.7798436919007438e-05","140609741.2109375","False","False","False","False","False","False","False","False","False","1","4","4","4","0.3308758856684498","0.5502745938468236","0.3308758856684498","0.7280464634021924","9.752069536292108e-05"
"157_146","140.36979839670377","mid","stress","0","2461041.5","2461041.506822953","full_polybeam","smooth","30.0","multi","coherent_ab","4","4","4","46696;48029;44725;46687","86.617;85.104;84.152;73.708","0.2350680443548387","9.752069536292108e-05","0.5502745938468236","5642.644279749944","1.8495090171483919","0.7031155486109665","0.0032276278752339333","False","20265314","100","0.3462968203794646","-0.3874039146114221","0.44554455445544555","0.6534653465346535","24.060199182778888","5189.306243277349","21.396905194713327","47.54318920803271","51.44569116259299","5441.470378517936","6241.887976765078","6348.133933664681","5.187362629409563","2.6491320990136638","1.3130200469226572","5189.306243277349","-655.1482149375348","20329787.10384278","0.0002552563003621644","1323","0.043799776734723475","-1.445965571882522","1.4440828042107998","-4095.9999999999995","4090.666666666666","C:\Users\kimeu\Downloads\starlink_pathB_wsl_package_v0_3_clean\starlink_pathB\outputs\coverage_null_global_stats\157_146_lst000_stress_full_polybeam_smooth_S30_multi.npz","9.10175923472585","9444.443085672718","1.7798436919007438e-05","140609741.2109375","False","False","False","False","False","False","False","False","False","1","4","4","4","0.3308758856684498","0.5502745938468236","0.3308758856684498","0.7280464634021924","9.752069536292108e-05"
"157_146","140.36979839670377","mid","stress","0","2461041.5","2461041.506822953","full_polybeam","smooth","1000.0","single","coherent_ab","4","4","1","46696","86.617","0.2350680443548387","9.752069536292108e-05","0.5502745938468236","5642.644279749944","23.437184953698882","23.437184953698882","0.04316131361670742","False","20265331","100","-0.21197136219315021","0.6108945873690201","0.5544554455445545","0.38613861386138615","560.899579635734","136932.97707933822","646.9605214211588","1304.6216460311348","1309.2636740418397","133779.38800501573","143189.39143594162","143902.96553663665","273.8450580566114","1.2833702380457315","1.0773645322319072","136932.97707933822","-16031.752285558889","20329787.10384278","0.006735583426422348","1323","0.043799776734723475","-1.445965571882522","1.4440828042107998","-4095.9999999999995","4090.666666666666","C:\Users\kimeu\Downloads\starlink_pathB_wsl_package_v0_3_clean\starlink_pathB\outputs\coverage_null_global_stats\157_146_lst000_stress_full_polybeam_smooth_S1000_single.npz","9.10175923472585","9444.443085672718","1.7798436919007438e-05","140609741.2109375","False","False","False","False","False","False","False","False","False","1","4","4","4","0.3308758856684498","0.5502745938468236","0.3308758856684498","0.7280464634021924","9.752069536292108e-05"
"157_146","140.36979839670377","mid","stress","0","2461041.5","2461041.506822953","full_polybeam","smooth","1000.0","multi","coherent_ab","4","4","4","46696;48029;44725;46687","86.617;85.104;84.152;73.708","0.2350680443548387","9.752069536292108e-05","0.5502745938468236","5642.644279749944","61.65030057161307","23.437184953698882","0.10758759584113113","False","20265348","100","0.08179213150639272","-0.46911952876624274","0.44554455445544555","0.6831683168316832","835.772884806247","170911.85304194828","810.7510644888953","1517.2476695165037","1619.302948713743","180173.0734502967","205534.2618944567","208595.1510126111","206.33997767888468","2.5229206289687633","1.4587455897652608","170911.85304194828","-17796.482349733404","20329787.10384278","0.008406967184109968","1323","0.043799776734723475","-1.445965571882522","1.4440828042107998","-4095.9999999999995","4090.666666666666","C:\Users\kimeu\Downloads\starlink_pathB_wsl_package_v0_3_clean\starlink_pathB\outputs\coverage_null_global_stats\157_146_lst000_stress_full_polybeam_smooth_S1000_multi.npz","9.10175923472585","9444.443085672718","1.7798436919007438e-05","140609741.2109375","False","False","False","False","False","False","False","False","False","1","4","4","4","0.3308758856684498","0.5502745938468236","0.3308758856684498","0.7280464634021924","9.752069536292108e-05"
"157_146","140.36979839670377","mid","stress","0","2461041.5","2461041.506822953","full_polybeam","lines","30.0","single","coherent_ab","4","4","1","46696","86.617","0.2350680443548387","9.752069536292108e-05","0.5502745938468236","5642.644279749944","0.7030323160151973","0.7030323160151973","0.001297012180799297","False","20265365","100","-0.3261668988278904","1.3520807859095518","0.6237623762376238","0.16831683168316833","15.811704253952485","4164.29980302938","20.19275937815837","37.056989507962136","38.009431591217435","4007.335270740793","4208.317373542772","4218.163249647724","9.059721291931965","1.0259915132466677","0.928253230397722","4164.29980302938","-569.526359088728","20329787.10384278","0.00020483735426045043","1323","0.043799776734723475","-1.445965571882522","1.4440828042107998","-4095.9999999999995","4090.666666666666","C:\Users\kimeu\Downloads\starlink_pathB_wsl_package_v0_3_clean\starlink_pathB\outputs\coverage_null_global_stats\157_146_lst000_stress_full_polybeam_lines_S30_single.npz","9.10175923472585","9444.443085672718","1.7798436919007438e-05","140609741.2109375","False","False","False","False","False","False","False","False","False","1","4","4","4","0.3308758856684498","0.5502745938468236","0.3308758856684498","0.7280464634021924","9.752069536292108e-05"
"157_146","140.36979839670377","mid","stress","0","2461041.5","2461041.506822953","full_polybeam","lines","30.0","multi","coherent_ab","4","4","4","46696;48029;44725;46687","86.617;85.104;84.152;73.708","0.2350680443548387","9.752069536292108e-05","0.5502745938468236","5642.644279749944","1.8493215293415095","0.7030323160151973","0.0032315322503394953","False","20265382","100","0.000803254101213344","-0.7647235926579977","0.504950495049505","0.7326732673267327","23.526739421235106","5182.9279894445235","23.520801141836273","42.60041368765087","46.91690775462924","5554.263067890581","6299.059792088469","6445.217313280544","4.986360574634091","2.6994240560596494","1.3734577806685093","5182.9279894445235","-638.267599629469","20329787.10384278","0.00025494256102981204","1323","0.043799776734723475","-1.445965571882522","1.4440828042107998","-4095.9999999999995","4090.666666666666","C:\Users\kimeu\Downloads\starlink_pathB_wsl_package_v0_3_clean\starlink_pathB\outputs\coverage_null_global_stats\157_146_lst000_stress_full_polybeam_lines_S30_multi.npz","9.10175923472585","9444.443085672718","1.7798436919007438e-05","140609741.2109375","False","False","False","False","False","False","False","False","False","1","4","4","4","0.3308758856684498","0.5502745938468236","0.3308758856684498","0.7280464634021924","9.752069536292108e-05"
"157_146","140.36979839670377","mid","stress","0","2461041.5","2461041.506822953","full_polybeam","lines","1000.0","single","coherent_ab","4","4","1","46696","86.617","0.2350680443548387","9.752069536292108e-05","0.5502745938468236","5642.644279749944","23.434410533839905","23.434410533839905","0.04323373935997655","False","20265399","100","-0.19736690743307447","0.6365156148579403","0.5544554455445545","0.297029702970297","550.266724635032","136544.3753023357","621.3236530576942","1301.9732931509448","1319.158592486086","134064.46578567656","142377.29854674402","143671.78678701344","242.83321981992958","1.0223975539589212","0.9332680340905973","136544.3753023357","-15627.483708931208","20329787.10384278","0.0067164685298905956","1323","0.043799776734723475","-1.445965571882522","1.4440828042107998","-4095.9999999999995","4090.666666666666","C:\Users\kimeu\Downloads\starlink_pathB_wsl_package_v0_3_clean\starlink_pathB\outputs\coverage_null_global_stats\157_146_lst000_stress_full_polybeam_lines_S1000_single.npz","9.10175923472585","9444.443085672718","1.7798436919007438e-05","140609741.2109375","False","False","False","False","False","False","False","False","False","1","4","4","4","0.3308758856684498","0.5502745938468236","0.3308758856684498","0.7280464634021924","9.752069536292108e-05"
"157_146","140.36979839670377","mid","stress","0","2461041.5","2461041.506822953","full_polybeam","lines","1000.0","multi","coherent_ab","4","4","4","46696;48029;44725;46687","86.617;85.104;84.152;73.708","0.2350680443548387","9.752069536292108e-05","0.5502745938468236","5642.644279749944","61.64405097805032","23.434410533839905","0.10771774167798318","False","20265416","100","0.06784897100799399","-0.7519693064731562","0.48514851485148514","0.7227722772277227","817.251692925187","170769.53188951983","798.9719327759576","1553.8417062793008","1912.0080246471946","186354.03874315994","208477.1047077428","217871.40397710225","181.72021068161848","2.6218545824580697","1.5987460133416118","170769.53188951983","-17245.645338720333","20329787.10384278","0.008399966562229301","1323","0.043799776734723475","-1.445965571882522","1.4440828042107998","-4095.9999999999995","4090.666666666666","C:\Users\kimeu\Downloads\starlink_pathB_wsl_package_v0_3_clean\starlink_pathB\outputs\coverage_null_global_stats\157_146_lst000_stress_full_polybeam_lines_S1000_multi.npz","9.10175923472585","9444.443085672718","1.7798436919007438e-05","140609741.2109375","False","False","False","False","False","False","False","False","False","1","4","4","4","0.3308758856684498","0.5502745938468236","0.3308758856684498","0.7280464634021924","9.752069536292108e-05"
"157_146","140.36979839670377","mid","stress","0","2461041.5","2461041.506822953","full_polybeam","khz_comb","30.0","single","coherent_ab","4","4","1","46696","86.617","0.2350680443548387","9.752069536292108e-05","0.5502745938468236","5642.644279749944","0.6990845362217091","0.6990845362217091","0.00116294279554565","False","20265433","100","-0.35610519505146315","0.5973917300240443","0.6534653465346535","0.27722772277227725","12.640657775220461","3741.7839409998032","15.313122960731562","32.540738068478824","32.672156577539575","3655.6806957590893","3791.2995894419637","3794.028562613597","5.061855591266067","1.0649807774659321","1.0104684106833317","3741.7839409998032","-473.0787410431823","20329787.10384278","0.00018405426096629036","1323","0.043799776734723475","-1.445965571882522","1.4440828042107998","-4095.9999999999995","4090.666666666666","C:\Users\kimeu\Downloads\starlink_pathB_wsl_package_v0_3_clean\starlink_pathB\outputs\coverage_null_global_stats\157_146_lst000_stress_full_polybeam_khz_comb_S30_single.npz","9.10175923472585","9444.443085672718","1.7798436919007438e-05","140609741.2109375","False","False","False","False","False","False","False","False","False","1","4","4","4","0.3308758856684498","0.5502745938468236","0.3308758856684498","0.7280464634021924","9.752069536292108e-05"
"157_146","140.36979839670377","mid","stress","0","2461041.5","2461041.506822953","full_polybeam","khz_comb","30.0","multi","coherent_ab","4","4","4","46696;48029;44725;46687","86.617;85.104;84.152;73.708","0.2350680443548387","9.752069536292108e-05","0.5502745938468236","5642.644279749944","1.6424556838499489","0.6990845362217091","0.0028254231364527476","False","20265450","100","-0.2460519886669485","-0.5484641481451308","0.5841584158415841","0.7128712871287128","18.946098972737673","4487.755533414738","20.655621522959336","37.066531070697955","44.28355102068498","4753.368170335683","5270.48008666952","5503.582140184492","4.6862338706887385","2.229202723815873","1.2376348657232636","4487.755533414738","-524.4338221939569","20329787.10384278","0.0002207477879867445","1323","0.043799776734723475","-1.445965571882522","1.4440828042107998","-4095.9999999999995","4090.666666666666","C:\Users\kimeu\Downloads\starlink_pathB_wsl_package_v0_3_clean\starlink_pathB\outputs\coverage_null_global_stats\157_146_lst000_stress_full_polybeam_khz_comb_S30_multi.npz","9.10175923472585","9444.443085672718","1.7798436919007438e-05","140609741.2109375","False","False","False","False","False","False","False","False","False","1","4","4","4","0.3308758856684498","0.5502745938468236","0.3308758856684498","0.7280464634021924","9.752069536292108e-05"
"157_146","140.36979839670377","mid","stress","0","2461041.5","2461041.506822953","full_polybeam","khz_comb","1000.0","single","coherent_ab","4","4","1","46696","86.617","0.2350680443548387","9.752069536292108e-05","0.5502745938468236","5642.644279749944","23.302817874056966","23.302817874056966","0.03876475985152167","False","20265467","100","-0.4970393461602462","0.2826673489721834","0.6435643564356436","0.42574257425742573","440.92194122008004","122910.79454993879","641.3147759456115","1115.0786399103242","1123.1565076550332","121664.57846933023","128605.05093933636","128950.79552748747","271.9364499648982","1.4622690586157718","1.2880501501274848","122910.79454993879","-13640.470967035611","20329787.10384278","0.006045847598999496","1323","0.043799776734723475","-1.445965571882522","1.4440828042107998","-4095.9999999999995","4090.666666666666","C:\Users\kimeu\Downloads\starlink_pathB_wsl_package_v0_3_clean\starlink_pathB\outputs\coverage_null_global_stats\157_146_lst000_stress_full_polybeam_khz_comb_S1000_single.npz","9.10175923472585","9444.443085672718","1.7798436919007438e-05","140609741.2109375","False","False","False","False","False","False","False","False","False","1","4","4","4","0.3308758856684498","0.5502745938468236","0.3308758856684498","0.7280464634021924","9.752069536292108e-05"
"157_146","140.36979839670377","mid","stress","0","2461041.5","2461041.506822953","full_polybeam","khz_comb","1000.0","multi","coherent_ab","4","4","4","46696;48029;44725;46687","86.617;85.104;84.152;73.708","0.2350680443548387","9.752069536292108e-05","0.5502745938468236","5642.644279749944","54.748522794998294","23.302817874056966","0.09418077121509162","False","20265484","100","-0.08526467741559324","-0.5038916228408117","0.5247524752475248","0.6732673267326733","651.390908592366","148333.4549457201","672.1496491207363","1338.0626174990014","1504.2973140357844","157684.48635828093","179780.35396825796","182169.59345539636","164.2131195373222","2.441269751058872","1.3593352173630189","148333.4549457201","-14896.60816328129","20329787.10384278","0.007296360467920581","1323","0.043799776734723475","-1.445965571882522","1.4440828042107998","-4095.9999999999995","4090.666666666666","C:\Users\kimeu\Downloads\starlink_pathB_wsl_package_v0_3_clean\starlink_pathB\outputs\coverage_null_global_stats\157_146_lst000_stress_full_polybeam_khz_comb_S1000_multi.npz","9.10175923472585","9444.443085672718","1.7798436919007438e-05","140609741.2109375","False","False","False","False","False","False","False","False","False","1","4","4","4","0.3308758856684498","0.5502745938468236","0.3308758856684498","0.7280464634021924","9.752069536292108e-05"
"159_76","156.200250406372","mid","quiet","22","2461041.652777778","2461041.6596007315","frozen_polybeam","smooth","30.0","single","coherent_ab","3","3","1","45217","81.305","0.1653960853494623","1.856210936167349e-08","0.0434769020580605","2342239.3010909874","0.0671098529639088","0.0671098529639088","0.00011716135084059987","False","20265523","100","-0.2084426161502411","0.7110102042863274","0.5643564356435643","0.2871287128712871","0.4310623677010881","82.07309670333215","0.4518189473556049","0.6781603621156137","0.6808654519869378","77.88151441515926","83.8261055155981","83.85155271420383","0.06716534955222642","1.1660742565315236","1.0673337730619152","82.07309670333215","-31.619428760990765","2853791.4132691333","2.8759318681008334e-05","1303","0.04873937393834462","-1.445965571882522","1.4440828042107998","-4095.9999999999995","4090.666666666666","C:\Users\kimeu\Downloads\starlink_pathB_wsl_package_v0_3_clean\starlink_pathB\outputs\coverage_null_global_stats\159_76_lst022_quiet_frozen_polybeam_smooth_S30_single.npz","9.10175923472585","9444.443085672718","1.7798436919007438e-05","140609741.2109375","False","False","False","False","False","False","False","False","False","0","3","3","3","0.0","0.0434769020580605","0.0","0.1229563272443203","1.8562109361673486e-08"
"159_76","156.200250406372","mid","quiet","22","2461041.652777778","2461041.6596007315","frozen_polybeam","smooth","30.0","multi","coherent_ab","3","3","3","45217;47392;47391","81.305;72.962;70.439","0.1653960853494623","1.856210936167349e-08","0.0434769020580605","2342239.3010909874","0.07660337477796869","0.0671098529639088","0.00025301247239840105","False","20265540","100","-0.30893180528749675","0.4616371684011485","0.6138613861386139","0.297029702970297","0.523821250841138","91.31636722144933","0.5817942092508019","1.15471083449047","1.2399533124514712","88.65045437887795","97.83724950023834","99.3947270563399","0.12657235052392934","2.4318407791861434","1.3837982649350915","91.31636722144933","-26.185302949842043","2853791.4132691333","3.1998262660985004e-05","1303","0.04873937393834462","-1.445965571882522","1.4440828042107998","-4095.9999999999995","4090.666666666666","C:\Users\kimeu\Downloads\starlink_pathB_wsl_package_v0_3_clean\starlink_pathB\outputs\coverage_null_global_stats\159_76_lst022_quiet_frozen_polybeam_smooth_S30_multi.npz","9.10175923472585","9444.443085672718","1.7798436919007438e-05","140609741.2109375","False","False","False","False","False","False","False","False","False","0","3","3","3","0.0","0.0434769020580605","0.0","0.1229563272443203","1.8562109361673486e-08"
"159_76","156.200250406372","mid","quiet","22","2461041.652777778","2461041.6596007315","frozen_polybeam","smooth","1000.0","single","coherent_ab","3","3","1","45217","81.305","0.1653960853494623","1.856210936167349e-08","0.0434769020580605","2342239.3010909874","2.23699509879696","2.23699509879696","0.0039053783613533294","False","20265557","100","-0.17475043540636298","0.599061910030214","0.5346534653465347","0.2871287128712871","14.36252214828346","2737.6607140758783","14.950914760979458","22.57102044637104","22.66793175199262","2615.395053998156","2791.4360596544534","2796.511545247475","2.271040866278099","1.102208765174542","0.952161158724968","2737.6607140758783","-1063.07645791898","2853791.4132691333","0.000959306521614268","1303","0.04873937393834462","-1.445965571882522","1.4440828042107998","-4095.9999999999995","4090.666666666666","C:\Users\kimeu\Downloads\starlink_pathB_wsl_package_v0_3_clean\starlink_pathB\outputs\coverage_null_global_stats\159_76_lst022_quiet_frozen_polybeam_smooth_S1000_single.npz","9.10175923472585","9444.443085672718","1.7798436919007438e-05","140609741.2109375","False","False","False","False","False","False","False","False","False","0","3","3","3","0.0","0.0434769020580605","0.0","0.1229563272443203","1.8562109361673486e-08"
"159_76","156.200250406372","mid","quiet","22","2461041.652777778","2461041.6596007315","frozen_polybeam","smooth","1000.0","multi","coherent_ab","3","3","3","45217;47392;47391","81.305;72.962;70.439","0.1653960853494623","1.856210936167349e-08","0.0434769020580605","2342239.3010909874","2.553445825932289","2.23699509879696","0.008433749079946701","False","20265574","100","-0.1904877145955852","0.9474865802502681","0.6138613861386139","0.2079207920792079","17.448719907752093","3044.463226870721","18.690785175239398","32.80865464616818","39.281383264553554","2854.7899020548534","3195.716796210164","3310.962886626413","4.397982029264313","2.166078476767827","1.360589677974894","3044.463226870721","-879.4724120583749","2853791.4132691333","0.001066813507362532","1303","0.04873937393834462","-1.445965571882522","1.4440828042107998","-4095.9999999999995","4090.666666666666","C:\Users\kimeu\Downloads\starlink_pathB_wsl_package_v0_3_clean\starlink_pathB\outputs\coverage_null_global_stats\159_76_lst022_quiet_frozen_polybeam_smooth_S1000_multi.npz","9.10175923472585","9444.443085672718","1.7798436919007438e-05","140609741.2109375","False","False","False","False","False","False","False","False","False","0","3","3","3","0.0","0.0434769020580605","0.0","0.1229563272443203","1.8562109361673486e-08"
"159_76","156.200250406372","mid","quiet","22","2461041.652777778","2461041.6596007315","frozen_polybeam","lines","30.0","single","coherent_ab","3","3","1","45217","81.305","0.1653960853494623","1.856210936167349e-08","0.0434769020580605","2342239.3010909874","0.0671026936901069","0.0671026936901069","0.00011729044182385483","False","20265591","100","0.06343327690265382","0.8380523361660024","0.4752475247524752","0.18811881188118812","0.432874304089637","82.08633454424304","0.4240010749101657","0.6426828593606843","0.6719861742762624","77.12570670925089","83.45567675507144","83.87445689749661","0.09434970697566314","0.9349934660024891","0.851513745426679","82.08633454424304","-31.602569860010618","2853791.4132691333","2.8763957366530103e-05","1303","0.04873937393834462","-1.445965571882522","1.4440828042107998","-4095.9999999999995","4090.666666666666","C:\Users\kimeu\Downloads\starlink_pathB_wsl_package_v0_3_clean\starlink_pathB\outputs\coverage_null_global_stats\159_76_lst022_quiet_frozen_polybeam_lines_S30_single.npz","9.10175923472585","9444.443085672718","1.7798436919007438e-05","140609741.2109375","False","False","False","False","False","False","False","False","False","0","3","3","3","0.0","0.0434769020580605","0.0","0.1229563272443203","1.8562109361673486e-08"
"159_76","156.200250406372","mid","quiet","22","2461041.652777778","2461041.6596007315","frozen_polybeam","lines","30.0","multi","coherent_ab","3","3","3","45217;47392;47391","81.305;72.962;70.439","0.1653960853494623","1.856210936167349e-08","0.0434769020580605","2342239.3010909874","0.07659618930547978","0.0671026936901069","0.0002532865943695605","False","20265608","100","-0.22618283273786288","0.46973112232989434","0.594059405940594","0.3465346534653465","0.5254098287878151","91.32513744719367","0.5680287153863901","1.1512973166007212","1.2568549424558302","88.50500060707691","98.21237820646151","99.57046083521516","0.1270920734432366","1.9639461905927322","1.2470275803377795","91.32513744719367","-26.171241372982173","2853791.4132691333","3.200133584485666e-05","1303","0.04873937393834462","-1.445965571882522","1.4440828042107998","-4095.9999999999995","4090.666666666666","C:\Users\kimeu\Downloads\starlink_pathB_wsl_package_v0_3_clean\starlink_pathB\outputs\coverage_null_global_stats\159_76_lst022_quiet_frozen_polybeam_lines_S30_multi.npz","9.10175923472585","9444.443085672718","1.7798436919007438e-05","140609741.2109375","False","False","False","False","False","False","False","False","False","0","3","3","3","0.0","0.0434769020580605","0.0","0.1229563272443203","1.8562109361673486e-08"
"159_76","156.200250406372","mid","quiet","22","2461041.652777778","2461041.6596007315","frozen_polybeam","lines","1000.0","single","coherent_ab","3","3","1","45217","81.305","0.1653960853494623","1.856210936167349e-08","0.0434769020580605","2342239.3010909874","2.2367564563368965","2.2367564563368965","0.003909681394128493","False","20265625","100","-0.3413786293826039","0.4804690429545347","0.5742574257425742","0.2871287128712871","14.422735235795699","2738.110485215837","15.684295388076862","22.50484721459634","22.581010275922726","2629.5832408061488","2792.6756016223057","2796.1199717609757","2.492571567167033","1.0408638112801925","0.982955729381705","2738.110485215837","-1062.5159352946735","2853791.4132691333","0.0009594641263844931","1303","0.04873937393834462","-1.445965571882522","1.4440828042107998","-4095.9999999999995","4090.666666666666","C:\Users\kimeu\Downloads\starlink_pathB_wsl_package_v0_3_clean\starlink_pathB\outputs\coverage_null_global_stats\159_76_lst022_quiet_frozen_polybeam_lines_S1000_single.npz","9.10175923472585","9444.443085672718","1.7798436919007438e-05","140609741.2109375","False","False","False","False","False","False","False","False","False","0","3","3","3","0.0","0.0434769020580605","0.0","0.1229563272443203","1.8562109361673486e-08"
"159_76","156.200250406372","mid","quiet","22","2461041.652777778","2461041.6596007315","frozen_polybeam","lines","1000.0","multi","coherent_ab","3","3","3","45217;47392;47391","81.305;72.962;70.439","0.1653960853494623","1.856210936167349e-08","0.0434769020580605","2342239.3010909874","2.5532063101826594","2.2367564563368965","0.00844288647898535","False","20265642","100","-0.3111753029994919","1.0941060446422832","0.6237623762376238","0.22772277227722773","17.501116931085562","3044.720932538069","18.807210654979144","27.09501624751447","32.78172280969492","2872.0847690011005","3245.1591258298477","3341.5961572220867","2.8310349159619363","2.693550972758258","1.4036221354665923","3044.720932538069","-879.0063786241841","2853791.4132691333","0.0010669038102719","1303","0.04873937393834462","-1.445965571882522","1.4440828042107998","-4095.9999999999995","4090.666666666666","C:\Users\kimeu\Downloads\starlink_pathB_wsl_package_v0_3_clean\starlink_pathB\outputs\coverage_null_global_stats\159_76_lst022_quiet_frozen_polybeam_lines_S1000_multi.npz","9.10175923472585","9444.443085672718","1.7798436919007438e-05","140609741.2109375","False","False","False","False","False","False","False","False","False","0","3","3","3","0.0","0.0434769020580605","0.0","0.1229563272443203","1.8562109361673486e-08"
"159_76","156.200250406372","mid","quiet","22","2461041.652777778","2461041.6596007315","frozen_polybeam","khz_comb","30.0","single","coherent_ab","3","3","1","45217","81.305","0.1653960853494623","1.856210936167349e-08","0.0434769020580605","2342239.3010909874","0.05828333543433473","0.05828333543433473","0.00010613855205433926","False","20265659","100","-0.22232999565105868","0.5846612638300982","0.6039603960396039","0.27722772277227725","0.3738319286821934","80.06324732970302","0.4019426882323387","0.6034142262386922","0.6067690642228627","76.47070580409272","82.19145200984524","82.20333552814431","0.0852806545644853","0.9417389013837932","0.8401223548321523","80.06324732970302","-30.361839378512798","2853791.4132691333","2.8055045283771224e-05","1303","0.04873937393834462","-1.445965571882522","1.4440828042107998","-4095.9999999999995","4090.666666666666","C:\Users\kimeu\Downloads\starlink_pathB_wsl_package_v0_3_clean\starlink_pathB\outputs\coverage_null_global_stats\159_76_lst022_quiet_frozen_polybeam_khz_comb_S30_single.npz","9.10175923472585","9444.443085672718","1.7798436919007438e-05","140609741.2109375","False","False","False","False","False","False","False","False","False","0","3","3","3","0.0","0.0434769020580605","0.0","0.1229563272443203","1.8562109361673486e-08"
"159_76","156.200250406372","mid","quiet","22","2461041.652777778","2461041.6596007315","frozen_polybeam","khz_comb","30.0","multi","coherent_ab","3","3","3","45217;47392;47391","81.305;72.962;70.439","0.1653960853494623","1.856210936167349e-08","0.0434769020580605","2342239.3010909874","0.06609627631309403","0.05828333543433473","0.00022833261001865948","False","20265676","100","-0.4390837310469229","0.8632119716086745","0.6732673267326733","0.19801980198019803","0.47905948697916756","89.13908800088228","0.5397274331726294","0.9983747972728451","1.1537420713506439","84.20494709453224","94.30916602151724","96.31362160937881","0.09319399971013809","2.7644152059729334","1.498801481710314","89.13908800088228","-25.89266355019769","2853791.4132691333","3.1235319997956635e-05","1303","0.04873937393834462","-1.445965571882522","1.4440828042107998","-4095.9999999999995","4090.666666666666","C:\Users\kimeu\Downloads\starlink_pathB_wsl_package_v0_3_clean\starlink_pathB\outputs\coverage_null_global_stats\159_76_lst022_quiet_frozen_polybeam_khz_comb_S30_multi.npz","9.10175923472585","9444.443085672718","1.7798436919007438e-05","140609741.2109375","False","False","False","False","False","False","False","False","False","0","3","3","3","0.0","0.0434769020580605","0.0","0.1229563272443203","1.8562109361673486e-08"
"159_76","156.200250406372","mid","quiet","22","2461041.652777778","2461041.6596007315","frozen_polybeam","khz_comb","1000.0","single","coherent_ab","3","3","1","45217","81.305","0.1653960853494623","1.856210936167349e-08","0.0434769020580605","2342239.3010909874","1.942777847811158","1.942777847811158","0.003537951735144642","False","20265693","100","-0.3158436468136529","0.6019826166592241","0.6435643564356436","0.2376237623762376","12.45735509120459","2670.819209343186","13.910972456558738","19.98492281356557","20.22133854947546","2551.2893897622084","2735.552628487764","2741.768370298232","3.1042304970742407","1.0579652074569454","0.9711503933427517","2670.819209343186","-1020.9685361524112","2853791.4132691333","0.0009358845208254568","1303","0.04873937393834462","-1.445965571882522","1.4440828042107998","-4095.9999999999995","4090.666666666666","C:\Users\kimeu\Downloads\starlink_pathB_wsl_package_v0_3_clean\starlink_pathB\outputs\coverage_null_global_stats\159_76_lst022_quiet_frozen_polybeam_khz_comb_S1000_single.npz","9.10175923472585","9444.443085672718","1.7798436919007438e-05","140609741.2109375","False","False","False","False","False","False","False","False","False","0","3","3","3","0.0","0.0434769020580605","0.0","0.1229563272443203","1.8562109361673486e-08"
"159_76","156.200250406372","mid","quiet","22","2461041.652777778","2461041.6596007315","frozen_polybeam","khz_comb","1000.0","multi","coherent_ab","3","3","3","45217;47392;47391","81.305;72.962;70.439","0.1653960853494623","1.856210936167349e-08","0.0434769020580605","2342239.3010909874","2.203209210436468","1.942777847811158","0.007611087000621982","False","20265710","100","-0.03705006870115751","0.7836388796920538","0.5346534653465347","0.2079207920792079","15.966044321761728","2972.064265474577","16.10438070190503","27.204020506719278","35.80078759828084","2829.0862092899415","3094.48634009126","3223.8760662669447","2.518392364092506","2.1069962040297394","1.2128974017659846","2972.064265474577","-869.7169239799357","2853791.4132691333","0.0010414441124377612","1303","0.04873937393834462","-1.445965571882522","1.4440828042107998","-4095.9999999999995","4090.666666666666","C:\Users\kimeu\Downloads\starlink_pathB_wsl_package_v0_3_clean\starlink_pathB\outputs\coverage_null_global_stats\159_76_lst022_quiet_frozen_polybeam_khz_comb_S1000_multi.npz","9.10175923472585","9444.443085672718","1.7798436919007438e-05","140609741.2109375","False","False","False","False","False","False","False","False","False","0","3","3","3","0.0","0.0434769020580605","0.0","0.1229563272443203","1.8562109361673486e-08"
"159_76","156.200250406372","mid","quiet","22","2461041.652777778","2461041.6596007315","full_polybeam","smooth","30.0","single","coherent_ab","3","3","1","45217","81.305","0.1653960853494623","1.856210936167349e-08","0.0434769020580605","2342239.3010909874","0.16817811673463268","0.16817811673463268","0.00016383509472776695","False","20265727","100","-0.2504779354793479","0.9388725559170013","0.6237623762376238","0.0594059405940594","0.699994221671659","97.06781833740635","0.7548180726439568","1.097967400001221","1.123946903388005","91.10548223794619","97.06469035919565","97.21080452352844","0.14763049211887846","1.0105922891573835","0.9201945314833817","97.06781833740635","-38.40240869833554","2853791.4132691333","3.40136345936409e-05","1303","0.04873937393834462","-1.445965571882522","1.4440828042107998","-4095.9999999999995","4090.666666666666","C:\Users\kimeu\Downloads\starlink_pathB_wsl_package_v0_3_clean\starlink_pathB\outputs\coverage_null_global_stats\159_76_lst022_quiet_full_polybeam_smooth_S30_single.npz","9.10175923472585","9444.443085672718","1.7798436919007438e-05","140609741.2109375","False","False","False","False","False","False","False","False","False","0","3","3","3","0.0","0.0434769020580605","0.0","0.1229563272443203","1.8562109361673486e-08"
"159_76","156.200250406372","mid","quiet","22","2461041.652777778","2461041.6596007315","full_polybeam","smooth","30.0","multi","coherent_ab","3","3","3","45217;47392;47391","81.305;72.962;70.439","0.1653960853494623","1.856210936167349e-08","0.0434769020580605","2342239.3010909874","0.19037138988776306","0.16817811673463268","0.0003344482364071171","False","20265744","100","-0.5845647652548288","0.3009532104310153","0.7524752475247525","0.33663366336633666","0.6745508055992104","103.91448117106111","0.8430569650154212","1.2869934927585747","1.3941650957142158","101.60227373016318","113.35855477224612","116.0200462571246","0.19442815269849234","2.402659534590416","1.3536580773017959","103.91448117106111","-30.666112594519205","2853791.4132691333","3.6412780796765686e-05","1303","0.04873937393834462","-1.445965571882522","1.4440828042107998","-4095.9999999999995","4090.666666666666","C:\Users\kimeu\Downloads\starlink_pathB_wsl_package_v0_3_clean\starlink_pathB\outputs\coverage_null_global_stats\159_76_lst022_quiet_full_polybeam_smooth_S30_multi.npz","9.10175923472585","9444.443085672718","1.7798436919007438e-05","140609741.2109375","False","False","False","False","False","False","False","False","False","0","3","3","3","0.0","0.0434769020580605","0.0","0.1229563272443203","1.8562109361673486e-08"
"159_76","156.200250406372","mid","quiet","22","2461041.652777778","2461041.6596007315","full_polybeam","smooth","1000.0","single","coherent_ab","3","3","1","45217","81.305","0.1653960853494623","1.856210936167349e-08","0.0434769020580605","2342239.3010909874","5.6059372244877546","5.6059372244877546","0.005461169824258898","False","20265761","100","-0.373783006907868","1.0234708212862849","0.6633663366336634","0.10891089108910891","23.283915881853318","3228.1684561743778","26.194319355774297","37.12209325460001","37.42787750361723","3037.888228258259","3232.9341036164083","3247.093066923088","5.251817801316321","1.8054298581058088","1.4242674995772069","3228.1684561743778","-1279.4438693838074","2853791.4132691333","0.001131185846717641","1303","0.04873937393834462","-1.445965571882522","1.4440828042107998","-4095.9999999999995","4090.666666666666","C:\Users\kimeu\Downloads\starlink_pathB_wsl_package_v0_3_clean\starlink_pathB\outputs\coverage_null_global_stats\159_76_lst022_quiet_full_polybeam_smooth_S1000_single.npz","9.10175923472585","9444.443085672718","1.7798436919007438e-05","140609741.2109375","False","False","False","False","False","False","False","False","False","0","3","3","3","0.0","0.0434769020580605","0.0","0.1229563272443203","1.8562109361673486e-08"
"159_76","156.200250406372","mid","quiet","22","2461041.652777778","2461041.6596007315","full_polybeam","smooth","1000.0","multi","coherent_ab","3","3","3","45217;47392;47391","81.305;72.962;70.439","0.1653960853494623","1.856210936167349e-08","0.0434769020580605","2342239.3010909874","6.345712996258767","5.6059372244877546","0.0111482745469039","False","20265778","100","-1.0732897652608087","0.13371226722833365","0.8118811881188119","0.44554455445544555","22.446908344863914","3457.799848432169","30.822536677250355","40.04252620420637","45.8549368556826","3423.907563668574","3821.200871495213","3946.2957819347516","5.263521648911137","2.260286560352796","1.265432686878589","3457.799848432169","-1022.9301515781654","2853791.4132691333","0.0012116512203220625","1303","0.04873937393834462","-1.445965571882522","1.4440828042107998","-4095.9999999999995","4090.666666666666","C:\Users\kimeu\Downloads\starlink_pathB_wsl_package_v0_3_clean\starlink_pathB\outputs\coverage_null_global_stats\159_76_lst022_quiet_full_polybeam_smooth_S1000_multi.npz","9.10175923472585","9444.443085672718","1.7798436919007438e-05","140609741.2109375","False","False","False","False","False","False","False","False","False","0","3","3","3","0.0","0.0434769020580605","0.0","0.1229563272443203","1.8562109361673486e-08"
"159_76","156.200250406372","mid","quiet","22","2461041.652777778","2461041.6596007315","full_polybeam","lines","30.0","single","coherent_ab","3","3","1","45217","81.305","0.1653960853494623","1.856210936167349e-08","0.0434769020580605","2342239.3010909874","0.1681645919848208","0.1681645919848208","0.00016400856620103006","False","20265795","100","-0.7010830655028193","0.9055906720341413","0.6831683168316832","0.07920792079207921","0.6933539327619656","97.10462791493654","0.7977103258508578","1.0506834324850158","1.1257327277482363","90.98412281393664","97.14157159905797","97.27224120319244","0.1003981215553722","1.3176051387491408","1.1837599023779617","97.10462791493654","-38.41219125133186","2853791.4132691333","3.4026533075765085e-05","1303","0.04873937393834462","-1.445965571882522","1.4440828042107998","-4095.9999999999995","4090.666666666666","C:\Users\kimeu\Downloads\starlink_pathB_wsl_package_v0_3_clean\starlink_pathB\outputs\coverage_null_global_stats\159_76_lst022_quiet_full_polybeam_lines_S30_single.npz","9.10175923472585","9444.443085672718","1.7798436919007438e-05","140609741.2109375","False","False","False","False","False","False","False","False","False","0","3","3","3","0.0","0.0434769020580605","0.0","0.1229563272443203","1.8562109361673486e-08"
"159_76","156.200250406372","mid","quiet","22","2461041.652777778","2461041.6596007315","full_polybeam","lines","30.0","multi","coherent_ab","3","3","3","45217;47392;47391","81.305;72.962;70.439","0.1653960853494623","1.856210936167349e-08","0.0434769020580605","2342239.3010909874","0.19034951544086223","0.1681645919848208","0.00033476260539231045","False","20265812","100","-0.761119474115866","0.26490109534281403","0.7326732673267327","0.42574257425742573","0.6699148653133307","103.940555001912","0.8608031906146891","1.281787167440916","1.4108406002850193","102.01843778493965","112.56103948937354","114.03482812781066","0.16916189361373313","2.3440791454081826","1.4534691932970842","103.940555001912","-30.678132757807766","2853791.4132691333","3.6421917354795e-05","1303","0.04873937393834462","-1.445965571882522","1.4440828042107998","-4095.9999999999995","4090.666666666666","C:\Users\kimeu\Downloads\starlink_pathB_wsl_package_v0_3_clean\starlink_pathB\outputs\coverage_null_global_stats\159_76_lst022_quiet_full_polybeam_lines_S30_multi.npz","9.10175923472585","9444.443085672718","1.7798436919007438e-05","140609741.2109375","False","False","False","False","False","False","False","False","False","0","3","3","3","0.0","0.0434769020580605","0.0","0.1229563272443203","1.8562109361673486e-08"
"159_76","156.200250406372","mid","quiet","22","2461041.652777778","2461041.6596007315","full_polybeam","lines","1000.0","single","coherent_ab","3","3","1","45217","81.305","0.1653960853494623","1.856210936167349e-08","0.0434769020580605","2342239.3010909874","5.605486399494026","5.605486399494026","0.005466952206701002","False","20265829","100","-0.4949061689814323","0.8692602908857471","0.7128712871287128","0.12871287128712872","23.06139709560739","3229.4403249876686","26.62107956127784","37.288894756928855","37.547989437362496","3056.2172210057633","3239.611074706417","3244.347312216944","4.851369977276761","1.1731689798431053","1.0537182174888828","3229.4403249876686","-1279.7828878351283","2853791.4132691333","0.0011316315235836436","1303","0.04873937393834462","-1.445965571882522","1.4440828042107998","-4095.9999999999995","4090.666666666666","C:\Users\kimeu\Downloads\starlink_pathB_wsl_package_v0_3_clean\starlink_pathB\outputs\coverage_null_global_stats\159_76_lst022_quiet_full_polybeam_lines_S1000_single.npz","9.10175923472585","9444.443085672718","1.7798436919007438e-05","140609741.2109375","False","False","False","False","False","False","False","False","False","0","3","3","3","0.0","0.0434769020580605","0.0","0.1229563272443203","1.8562109361673486e-08"
"159_76","156.200250406372","mid","quiet","22","2461041.652777778","2461041.6596007315","full_polybeam","lines","1000.0","multi","coherent_ab","3","3","3","45217;47392;47391","81.305;72.962;70.439","0.1653960853494623","1.856210936167349e-08","0.0434769020580605","2342239.3010909874","6.344983848028741","5.605486399494026","0.011158753513077015","False","20265846","100","-1.1466407944426622","0.10919429955377533","0.8316831683168316","0.46534653465346537","22.291198374781743","3458.619739841747","31.304365532186694","43.81834741431658","48.671095995519906","3428.96217014519","3815.5227009932833","3894.2892984877735","5.3018329635153805","2.189829666380004","1.1554354070427988","3458.619739841747","-1023.3422645690215","2853791.4132691333","0.0012119385193186767","1303","0.04873937393834462","-1.445965571882522","1.4440828042107998","-4095.9999999999995","4090.666666666666","C:\Users\kimeu\Downloads\starlink_pathB_wsl_package_v0_3_clean\starlink_pathB\outputs\coverage_null_global_stats\159_76_lst022_quiet_full_polybeam_lines_S1000_multi.npz","9.10175923472585","9444.443085672718","1.7798436919007438e-05","140609741.2109375","False","False","False","False","False","False","False","False","False","0","3","3","3","0.0","0.0434769020580605","0.0","0.1229563272443203","1.8562109361673486e-08"
"159_76","156.200250406372","mid","quiet","22","2461041.652777778","2461041.6596007315","full_polybeam","khz_comb","30.0","single","coherent_ab","3","3","1","45217","81.305","0.1653960853494623","1.856210936167349e-08","0.0434769020580605","2342239.3010909874","0.13839580996388112","0.13839580996388112","0.00014249009171504718","False","20265863","100","0.10953098806186874","1.349408612945168","0.4752475247524752","0.0594059405940594","0.6129736789298477","86.25473635330228","0.5887922353275883","0.9318477816993209","0.9417731300473133","79.15317735080112","86.25068863070803","86.38113091231295","0.14890909457801627","1.2565300843472538","1.0533155989672616","86.25473635330228","-34.69229133583342","2853791.4132691333","3.0224611354651877e-05","1303","0.04873937393834462","-1.445965571882522","1.4440828042107998","-4095.9999999999995","4090.666666666666","C:\Users\kimeu\Downloads\starlink_pathB_wsl_package_v0_3_clean\starlink_pathB\outputs\coverage_null_global_stats\159_76_lst022_quiet_full_polybeam_khz_comb_S30_single.npz","9.10175923472585","9444.443085672718","1.7798436919007438e-05","140609741.2109375","False","False","False","False","False","False","False","False","False","0","3","3","3","0.0","0.0434769020580605","0.0","0.1229563272443203","1.8562109361673486e-08"
"159_76","156.200250406372","mid","quiet","22","2461041.652777778","2461041.6596007315","full_polybeam","khz_comb","30.0","multi","coherent_ab","3","3","3","45217;47392;47391","81.305;72.962;70.439","0.1653960853494623","1.856210936167349e-08","0.0434769020580605","2342239.3010909874","0.15665352054639597","0.13839580996388112","0.00029410150752401447","False","20265880","100","-0.6047298507038666","0.8728145080040058","0.7821782178217822","0.27722772277227725","0.5884144015835773","94.03699020022924","0.7248234142425645","1.0865663145203144","1.1878873566821222","88.86997328749453","100.81910762184603","102.90353023271336","0.15214499241392332","2.081351658706242","1.340217139495585","94.03699020022924","-28.182284389268048","2853791.4132691333","3.295159897215686e-05","1303","0.04873937393834462","-1.445965571882522","1.4440828042107998","-4095.9999999999995","4090.666666666666","C:\Users\kimeu\Downloads\starlink_pathB_wsl_package_v0_3_clean\starlink_pathB\outputs\coverage_null_global_stats\159_76_lst022_quiet_full_polybeam_khz_comb_S30_multi.npz","9.10175923472585","9444.443085672718","1.7798436919007438e-05","140609741.2109375","False","False","False","False","False","False","False","False","False","0","3","3","3","0.0","0.0434769020580605","0.0","0.1229563272443203","1.8562109361673486e-08"
"159_76","156.200250406372","mid","quiet","22","2461041.652777778","2461041.6596007315","full_polybeam","khz_comb","1000.0","single","coherent_ab","3","3","1","45217","81.305","0.1653960853494623","1.856210936167349e-08","0.0434769020580605","2342239.3010909874","4.613193665462703","4.613193665462703","0.004749669723834906","False","20265897","100","-0.08013752631831374","1.0419809074931916","0.5445544554455446","0.09900990099009901","20.400033365654963","2869.665388052038","20.946591904936525","31.16328682452513","31.441390123311354","2667.8882977071203","2874.0670917852017","2886.476326074382","4.600200445346076","0.9942968556471492","0.8698266716456109","2869.665388052038","-1156.5387850017287","2853791.4132691333","0.0010055624159176792","1303","0.04873937393834462","-1.445965571882522","1.4440828042107998","-4095.9999999999995","4090.666666666666","C:\Users\kimeu\Downloads\starlink_pathB_wsl_package_v0_3_clean\starlink_pathB\outputs\coverage_null_global_stats\159_76_lst022_quiet_full_polybeam_khz_comb_S1000_single.npz","9.10175923472585","9444.443085672718","1.7798436919007438e-05","140609741.2109375","False","False","False","False","False","False","False","False","False","0","3","3","3","0.0","0.0434769020580605","0.0","0.1229563272443203","1.8562109361673486e-08"
"159_76","156.200250406372","mid","quiet","22","2461041.652777778","2461041.6596007315","full_polybeam","khz_comb","1000.0","multi","coherent_ab","3","3","3","45217;47392;47391","81.305;72.962;70.439","0.1653960853494623","1.856210936167349e-08","0.0434769020580605","2342239.3010909874","5.221784018213198","4.613193665462703","0.009803383584133817","False","20265914","100","-0.7315419678470318","0.4097258190348251","0.8118811881188119","0.36633663366336633","19.59194352488339","3129.557829811777","24.982074386753993","35.98011272239819","43.92679314357609","3037.1371312606166","3386.8329395303176","3453.34532614405","4.969767448067387","2.22091264288577","1.2859710619002984","3129.557829811777","-940.1917533633546","2853791.4132691333","0.0010966315951685978","1303","0.04873937393834462","-1.445965571882522","1.4440828042107998","-4095.9999999999995","4090.666666666666","C:\Users\kimeu\Downloads\starlink_pathB_wsl_package_v0_3_clean\starlink_pathB\outputs\coverage_null_global_stats\159_76_lst022_quiet_full_polybeam_khz_comb_S1000_multi.npz","9.10175923472585","9444.443085672718","1.7798436919007438e-05","140609741.2109375","False","False","False","False","False","False","False","False","False","0","3","3","3","0.0","0.0434769020580605","0.0","0.1229563272443203","1.8562109361673486e-08"
"159_76","156.200250406372","mid","typical","44","2461041.8055555555","2461041.8123785085","frozen_polybeam","smooth","30.0","single","coherent_ab","3","3","1","46146","86.588","0.1653015793010752","1.9250990235090578e-07","0.2419547912000571","1256843.3532267006","1.2415859633108912","1.2415859633108912","0.002063006861513598","False","20265953","100","-0.7009149285834605","-0.3749695651658421","0.7524752475247525","0.6831683168316832","5.02173688548055","1200.089078004496","5.852830426180844","7.742557843098234","7.927335124146266","1216.0493447629888","1275.6378802391673","1281.733039869041","0.799761698036491","0.9378014400006323","0.8420751491357247","1200.089078004496","-345.37975981691653","2078209.3784254282","0.0005774630268071223","1303","0.04873937393834462","-1.445965571882522","1.4440828042107998","-4095.9999999999995","4090.666666666666","C:\Users\kimeu\Downloads\starlink_pathB_wsl_package_v0_3_clean\starlink_pathB\outputs\coverage_null_global_stats\159_76_lst044_typical_frozen_polybeam_smooth_S30_single.npz","9.10175923472585","9444.443085672718","1.7798436919007438e-05","140609741.2109375","False","False","False","False","False","False","False","False","False","0","3","3","3","0.0","0.2419547912000571","0.0","0.7241364102878726","1.9250990235090578e-07"
"159_76","156.200250406372","mid","typical","44","2461041.8055555555","2461041.8123785085","frozen_polybeam","smooth","30.0","multi","coherent_ab","3","3","3","46146;46484;48165","86.588;71.230;70.052","0.1653015793010752","1.9250990235090578e-07","0.2419547912000571","1256843.3532267006","1.299568815224398","1.2415859633108912","0.0024647617484529734","False","20265970","100","-0.6142816743773939","-1.0279536806468395","0.7128712871287128","0.8910891089108911","4.814266702377864","1189.8710649625614","5.677440858036789","7.5378981219772925","8.081452545972994","1232.6774788630132","1291.4419445805063","1301.1279822655413","0.9477785454059813","1.508023511645673","0.8195224993171338","1189.8710649625614","-361.1656324820085","2078209.3784254282","0.0005725462878355773","1303","0.04873937393834462","-1.445965571882522","1.4440828042107998","-4095.9999999999995","4090.666666666666","C:\Users\kimeu\Downloads\starlink_pathB_wsl_package_v0_3_clean\starlink_pathB\outputs\coverage_null_global_stats\159_76_lst044_typical_frozen_polybeam_smooth_S30_multi.npz","9.10175923472585","9444.443085672718","1.7798436919007438e-05","140609741.2109375","False","False","False","False","False","False","False","False","False","0","3","3","3","0.0","0.2419547912000571","0.0","0.7241364102878726","1.9250990235090578e-07"
"159_76","156.200250406372","mid","typical","44","2461041.8055555555","2461041.8123785085","frozen_polybeam","smooth","1000.0","single","coherent_ab","3","3","1","46146","86.588","0.1653015793010752","1.9250990235090578e-07","0.2419547912000571","1256843.3532267006","41.386198777029705","41.386198777029705","0.06876689538378658","False","20265987","100","-0.7028738377122532","0.5547630836368445","0.7029702970297029","0.32673267326732675","149.26825995142372","57592.98643987486","163.91773839753432","187.9239001825343","197.69917886447575","53172.3866054479","61332.042857846245","61442.448287059226","14.057910983305476","0.9108275559756418","0.8508437666661972","57592.98643987486","-46512.42284000653","2078209.3784254282","0.027712793060105736","1303","0.04873937393834462","-1.445965571882522","1.4440828042107998","-4095.9999999999995","4090.666666666666","C:\Users\kimeu\Downloads\starlink_pathB_wsl_package_v0_3_clean\starlink_pathB\outputs\coverage_null_global_stats\159_76_lst044_typical_frozen_polybeam_smooth_S1000_single.npz","9.10175923472585","9444.443085672718","1.7798436919007438e-05","140609741.2109375","False","False","False","False","False","False","False","False","False","0","3","3","3","0.0","0.2419547912000571","0.0","0.7241364102878726","1.9250990235090578e-07"
"159_76","156.200250406372","mid","typical","44","2461041.8055555555","2461041.8123785085","frozen_polybeam","smooth","1000.0","multi","coherent_ab","3","3","3","46146;46484;48165","86.588;71.230;70.052","0.1653015793010752","1.9250990235090578e-07","0.2419547912000571","1256843.3532267006","43.31896050747993","41.386198777029705","0.08215872494843245","False","20266004","100","-0.21155343236763655","0.4558997022437198","0.6039603960396039","0.33663366336633666","152.60177857382496","58933.866332990656","160.24934455108115","197.94870632941584","205.53355740349895","55201.219976629494","61686.90958961028","61947.45599177894","24.38255208822602","1.9104624411407274","0.9370162554522408","58933.866332990656","-48715.73199826011","2078209.3784254282","0.02835800229986565","1303","0.04873937393834462","-1.445965571882522","1.4440828042107998","-4095.9999999999995","4090.666666666666","C:\Users\kimeu\Downloads\starlink_pathB_wsl_package_v0_3_clean\starlink_pathB\outputs\coverage_null_global_stats\159_76_lst044_typical_frozen_polybeam_smooth_S1000_multi.npz","9.10175923472585","9444.443085672718","1.7798436919007438e-05","140609741.2109375","False","False","False","False","False","False","False","False","False","0","3","3","3","0.0","0.2419547912000571","0.0","0.7241364102878726","1.9250990235090578e-07"
"159_76","156.200250406372","mid","typical","44","2461041.8055555555","2461041.8123785085","frozen_polybeam","lines","30.0","single","coherent_ab","3","3","1","46146","86.588","0.1653015793010752","1.9250990235090578e-07","0.2419547912000571","1256843.3532267006","1.24154007398083","1.24154007398083","0.0020658682367775314","False","20266021","100","-0.9627933577181356","-0.5023754062114861","0.7623762376237624","0.7029702970297029","5.043977788923627","1199.728920864356","6.083686804951412","7.484101272733619","7.746345852491682","1219.8952561436192","1274.7962238284026","1281.7297543543327","0.728374493065985","1.0444225020139193","0.9685204540524532","1199.728920864356","-344.1937174398301","2078209.3784254282","0.0005772897251447014","1303","0.04873937393834462","-1.445965571882522","1.4440828042107998","-4095.9999999999995","4090.666666666666","C:\Users\kimeu\Downloads\starlink_pathB_wsl_package_v0_3_clean\starlink_pathB\outputs\coverage_null_global_stats\159_76_lst044_typical_frozen_polybeam_lines_S30_single.npz","9.10175923472585","9444.443085672718","1.7798436919007438e-05","140609741.2109375","False","False","False","False","False","False","False","False","False","0","3","3","3","0.0","0.2419547912000571","0.0","0.7241364102878726","1.9250990235090578e-07"
"159_76","156.200250406372","mid","typical","44","2461041.8055555555","2461041.8123785085","frozen_polybeam","lines","30.0","multi","coherent_ab","3","3","3","46146;46484;48165","86.588;71.230;70.052","0.1653015793010752","1.9250990235090578e-07","0.2419547912000571","1256843.3532267006","1.2995222100512989","1.24154007398083","0.002468093735809973","False","20266038","100","-0.9011701639306898","-1.078030586928006","0.8118811881188119","0.8712871287128713","4.83796942502957","1189.693332164057","5.906501042560194","7.857792963228394","8.108955075660896","1234.1623668170503","1294.6040370090268","1304.1783657424562","0.7997542873472412","1.7844421452603298","0.9229018018671776","1189.693332164057","-359.98421936945","2078209.3784254282","0.0005724607657508684","1303","0.04873937393834462","-1.445965571882522","1.4440828042107998","-4095.9999999999995","4090.666666666666","C:\Users\kimeu\Downloads\starlink_pathB_wsl_package_v0_3_clean\starlink_pathB\outputs\coverage_null_global_stats\159_76_lst044_typical_frozen_polybeam_lines_S30_multi.npz","9.10175923472585","9444.443085672718","1.7798436919007438e-05","140609741.2109375","False","False","False","False","False","False","False","False","False","0","3","3","3","0.0","0.2419547912000571","0.0","0.7241364102878726","1.9250990235090578e-07"
"159_76","156.200250406372","mid","typical","44","2461041.8055555555","2461041.8123785085","frozen_polybeam","lines","1000.0","single","coherent_ab","3","3","1","46146","86.588","0.1653015793010752","1.9250990235090578e-07","0.2419547912000571","1256843.3532267006","41.38466913269433","41.38466913269433","0.06886227455925105","False","20266055","100","-0.734409589590411","0.5396502069755612","0.7029702970297029","0.297029702970297","151.7600085232025","57693.11192654939","166.50447019389367","197.38728621606663","203.28021908192628","53418.674500884365","61415.5099987221","61442.96081603175","13.541494135288303","0.8681726146286504","0.8208635364108254","57693.11192654939","-46476.27918670236","2078209.3784254282","0.027760971789214536","1303","0.04873937393834462","-1.445965571882522","1.4440828042107998","-4095.9999999999995","4090.666666666666","C:\Users\kimeu\Downloads\starlink_pathB_wsl_package_v0_3_clean\starlink_pathB\outputs\coverage_null_global_stats\159_76_lst044_typical_frozen_polybeam_lines_S1000_single.npz","9.10175923472585","9444.443085672718","1.7798436919007438e-05","140609741.2109375","False","False","False","False","False","False","False","False","False","0","3","3","3","0.0","0.2419547912000571","0.0","0.7241364102878726","1.9250990235090578e-07"
"159_76","156.200250406372","mid","typical","44","2461041.8055555555","2461041.8123785085","frozen_polybeam","lines","1000.0","multi","coherent_ab","3","3","3","46146;46484;48165","86.588;71.230;70.052","0.1653015793010752","1.9250990235090578e-07","0.2419547912000571","1256843.3532267006","43.31740700170995","41.38466913269433","0.08226979119366579","False","20266072","100","-0.5904661866253789","1.1523274920708673","0.6831683168316832","0.24752475247524752","155.18733710375636","59007.502984342456","168.73014238884662","204.39508103368402","208.58045169778555","51350.330040311455","61385.374005590405","61661.95877143689","15.469974791256845","2.2149064752048377","1.340518842632773","59007.502984342456","-48679.737531342085","2078209.3784254282","0.028393435039278842","1303","0.04873937393834462","-1.445965571882522","1.4440828042107998","-4095.9999999999995","4090.666666666666","C:\Users\kimeu\Downloads\starlink_pathB_wsl_package_v0_3_clean\starlink_pathB\outputs\coverage_null_global_stats\159_76_lst044_typical_frozen_polybeam_lines_S1000_multi.npz","9.10175923472585","9444.443085672718","1.7798436919007438e-05","140609741.2109375","False","False","False","False","False","False","False","False","False","0","3","3","3","0.0","0.2419547912000571","0.0","0.7241364102878726","1.9250990235090578e-07"
"159_76","156.200250406372","mid","typical","44","2461041.8055555555","2461041.8123785085","frozen_polybeam","khz_comb","30.0","single","coherent_ab","3","3","1","46146","86.588","0.1653015793010752","1.9250990235090578e-07","0.2419547912000571","1256843.3532267006","1.2341621864771013","1.2341621864771013","0.0019714696733642415","False","20266089","100","-0.1793931989420475","-0.4556593935792963","0.6534653465346535","0.6435643564356436","5.454889648654159","1175.3538153382735","5.704569242673642","7.463841870866167","7.4752339182600585","1189.729067180208","1246.9825011915752","1247.5546888068702","0.9387567644100727","1.3242867714855804","1.150950697653776","1175.3538153382735","-302.81199148225363","2078209.3784254282","0.0005655608272871859","1303","0.04873937393834462","-1.445965571882522","1.4440828042107998","-4095.9999999999995","4090.666666666666","C:\Users\kimeu\Downloads\starlink_pathB_wsl_package_v0_3_clean\starlink_pathB\outputs\coverage_null_global_stats\159_76_lst044_typical_frozen_polybeam_khz_comb_S30_single.npz","9.10175923472585","9444.443085672718","1.7798436919007438e-05","140609741.2109375","False","False","False","False","False","False","False","False","False","0","3","3","3","0.0","0.2419547912000571","0.0","0.7241364102878726","1.9250990235090578e-07"
"159_76","156.200250406372","mid","typical","44","2461041.8055555555","2461041.8123785085","frozen_polybeam","khz_comb","30.0","multi","coherent_ab","3","3","3","46146;46484;48165","86.588;71.230;70.052","0.1653015793010752","1.9250990235090578e-07","0.2419547912000571","1256843.3532267006","1.2818802262273052","1.2341621864771013","0.002331859925293075","False","20266106","100","-0.3413625963900467","-1.023325582825121","0.7227722772277227","0.900990099009901","5.236446762937618","1165.2643002297627","5.68933850964936","7.491528915081062","7.558026201052448","1205.5460216474567","1263.966709107317","1268.069797333227","0.894858726265511","1.5386833837123226","0.8876277112341557","1165.2643002297627","-318.0325045004282","2078209.3784254282","0.0005607059193971275","1303","0.04873937393834462","-1.445965571882522","1.4440828042107998","-4095.9999999999995","4090.666666666666","C:\Users\kimeu\Downloads\starlink_pathB_wsl_package_v0_3_clean\starlink_pathB\outputs\coverage_null_global_stats\159_76_lst044_typical_frozen_polybeam_khz_comb_S30_multi.npz","9.10175923472585","9444.443085672718","1.7798436919007438e-05","140609741.2109375","False","False","False","False","False","False","False","False","False","0","3","3","3","0.0","0.2419547912000571","0.0","0.7241364102878726","1.9250990235090578e-07"
"159_76","156.200250406372","mid","typical","44","2461041.8055555555","2461041.8123785085","frozen_polybeam","khz_comb","1000.0","single","coherent_ab","3","3","1","46146","86.588","0.1653015793010752","1.9250990235090578e-07","0.2419547912000571","1256843.3532267006","41.13873954923671","41.13873954923671","0.06571565577880807","False","20266123","100","-0.023604779647011628","1.5111045185545073","0.5346534653465347","0.26732673267326734","150.89323963506376","56356.42485135888","151.36471816131325","195.3016751341251","197.64769256764362","49332.35542313811","59633.996391765926","59994.715630104685","13.472182922376078","1.152168849627354","1.0237538322249555","56356.42485135888","-44906.04058000487","2078209.3784254282","0.027117780064132794","1303","0.04873937393834462","-1.445965571882522","1.4440828042107998","-4095.9999999999995","4090.666666666666","C:\Users\kimeu\Downloads\starlink_pathB_wsl_package_v0_3_clean\starlink_pathB\outputs\coverage_null_global_stats\159_76_lst044_typical_frozen_polybeam_khz_comb_S1000_single.npz","9.10175923472585","9444.443085672718","1.7798436919007438e-05","140609741.2109375","False","False","False","False","False","False","False","False","False","0","3","3","3","0.0","0.2419547912000571","0.0","0.7241364102878726","1.9250990235090578e-07"
"159_76","156.200250406372","mid","typical","44","2461041.8055555555","2461041.8123785085","frozen_polybeam","khz_comb","1000.0","multi","coherent_ab","3","3","3","46146;46484;48165","86.588;71.230;70.052","0.1653015793010752","1.9250990235090578e-07","0.2419547912000571","1256843.3532267006","42.729340874243505","41.13873954923671","0.07772866417643587","False","20266140","100","0.3454318741525807","0.5209481683707916","0.36633663366336633","0.31683168316831684","151.81275207992257","57527.62012327386","143.41503753273196","192.24651108217236","202.65756859818754","52971.49407199136","60107.80455110096","60466.81216357862","16.39738914278746","1.5419160190976258","0.8168444730066142","57527.62012327386","-47040.69019283202","2078209.3784254282","0.027681339869065607","1303","0.04873937393834462","-1.445965571882522","1.4440828042107998","-4095.9999999999995","4090.666666666666","C:\Users\kimeu\Downloads\starlink_pathB_wsl_package_v0_3_clean\starlink_pathB\outputs\coverage_null_global_stats\159_76_lst044_typical_frozen_polybeam_khz_comb_S1000_multi.npz","9.10175923472585","9444.443085672718","1.7798436919007438e-05","140609741.2109375","False","False","False","False","False","False","False","False","False","0","3","3","3","0.0","0.2419547912000571","0.0","0.7241364102878726","1.9250990235090578e-07"
"159_76","156.200250406372","mid","typical","44","2461041.8055555555","2461041.8123785085","full_polybeam","smooth","30.0","single","coherent_ab","3","3","1","46146","86.588","0.1653015793010752","1.9250990235090578e-07","0.2419547912000571","1256843.3532267006","1.1200565161693254","1.1200565161693254","0.002197419875589527","False","20266157","100","-0.9643323911886339","0.0781063245014274","0.8118811881188119","0.4752475247524752","5.645116709954891","1336.629343407003","6.1856274675405984","7.821446777522766","7.938522207132163","1332.7626250138537","1384.6171696200206","1389.555629681404","0.37805378593566275","1.0648497225618532","0.9707448358509077","1336.629343407003","-464.4310851977738","2078209.3784254282","0.0006431639455018295","1303","0.04873937393834462","-1.445965571882522","1.4440828042107998","-4095.9999999999995","4090.666666666666","C:\Users\kimeu\Downloads\starlink_pathB_wsl_package_v0_3_clean\starlink_pathB\outputs\coverage_null_global_stats\159_76_lst044_typical_full_polybeam_smooth_S30_single.npz","9.10175923472585","9444.443085672718","1.7798436919007438e-05","140609741.2109375","False","False","False","False","False","False","False","False","False","0","3","3","3","0.0","0.2419547912000571","0.0","0.7241364102878726","1.9250990235090578e-07"
"159_76","156.200250406372","mid","typical","44","2461041.8055555555","2461041.8123785085","full_polybeam","smooth","30.0","multi","coherent_ab","3","3","3","46146;46484;48165","86.588;71.230;70.052","0.1653015793010752","1.9250990235090578e-07","0.2419547912000571","1256843.3532267006","1.2156984931227126","1.1200565161693254","0.002796842352520981","False","20266174","100","-0.5662842115385042","0.05362816427065076","0.693069306930693","0.46534653465346537","5.818378470016796","1358.3823178171028","6.2308899622321405","7.700144618825777","8.13969603976682","1355.9756481399318","1413.586667774128","1426.8038791757947","0.4913348880436388","1.4362779395904395","0.9709235133611096","1358.3823178171028","-509.7890152290379","2078209.3784254282","0.0006536311172102841","1303","0.04873937393834462","-1.445965571882522","1.4440828042107998","-4095.9999999999995","4090.666666666666","C:\Users\kimeu\Downloads\starlink_pathB_wsl_package_v0_3_clean\starlink_pathB\outputs\coverage_null_global_stats\159_76_lst044_typical_full_polybeam_smooth_S30_multi.npz","9.10175923472585","9444.443085672718","1.7798436919007438e-05","140609741.2109375","False","False","False","False","False","False","False","False","False","0","3","3","3","0.0","0.2419547912000571","0.0","0.7241364102878726","1.9250990235090578e-07"
"159_76","156.200250406372","mid","typical","44","2461041.8055555555","2461041.8123785085","full_polybeam","smooth","1000.0","single","coherent_ab","3","3","1","46146","86.588","0.1653015793010752","1.9250990235090578e-07","0.2419547912000571","1256843.3532267006","37.335217205644184","37.335217205644184","0.07324732918631759","False","20266191","100","-0.1535128657192802","0.7524018358954068","0.6633663366336634","0.25742574257425743","189.03447258638516","56319.72544772102","190.72043382758648","215.9028820451685","216.98289590165146","52511.37221346149","59016.920483040405","59139.34935736679","7.4076219781177315","1.3824897307606188","1.1522893094847582","56319.72544772102","-40959.518343203876","2078209.3784254282","0.027100120917745118","1303","0.04873937393834462","-1.445965571882522","1.4440828042107998","-4095.9999999999995","4090.666666666666","C:\Users\kimeu\Downloads\starlink_pathB_wsl_package_v0_3_clean\starlink_pathB\outputs\coverage_null_global_stats\159_76_lst044_typical_full_polybeam_smooth_S1000_single.npz","9.10175923472585","9444.443085672718","1.7798436919007438e-05","140609741.2109375","False","False","False","False","False","False","False","False","False","0","3","3","3","0.0","0.2419547912000571","0.0","0.7241364102878726","1.9250990235090578e-07"
"159_76","156.200250406372","mid","typical","44","2461041.8055555555","2461041.8123785085","full_polybeam","smooth","1000.0","multi","coherent_ab","3","3","3","46146;46484;48165","86.588;71.230;70.052","0.1653015793010752","1.9250990235090578e-07","0.2419547912000571","1256843.3532267006","40.523283104090424","37.335217205644184","0.09322807841736605","False","20266208","100","-0.1845743029909655","1.3237961263407363","0.5544554455445545","0.15841584158415842","196.5835122509161","57935.43971668215","200.09083407265837","220.9923870685487","225.93447078715437","52026.54448454481","59159.43597497204","60532.75683817453","12.816822932234345","1.7979471892096006","0.9933584525062551","57935.43971668215","-42984.58833273773","2078209.3784254282","0.027877575916136706","1303","0.04873937393834462","-1.445965571882522","1.4440828042107998","-4095.9999999999995","4090.666666666666","C:\Users\kimeu\Downloads\starlink_pathB_wsl_package_v0_3_clean\starlink_pathB\outputs\coverage_null_global_stats\159_76_lst044_typical_full_polybeam_smooth_S1000_multi.npz","9.10175923472585","9444.443085672718","1.7798436919007438e-05","140609741.2109375","False","False","False","False","False","False","False","False","False","0","3","3","3","0.0","0.2419547912000571","0.0","0.7241364102878726","1.9250990235090578e-07"
"159_76","156.200250406372","mid","typical","44","2461041.8055555555","2461041.8123785085","full_polybeam","lines","30.0","single","coherent_ab","3","3","1","46146","86.588","0.1653015793010752","1.9250990235090578e-07","0.2419547912000571","1256843.3532267006","1.119981569068971","1.119981569068971","0.0022005474374552046","False","20266225","100","-0.9560484639379485","0.3783974652307762","0.8316831683168316","0.40594059405940597","5.686272153504433","1335.54880448929","6.268479671336991","7.788768295140324","7.87877312611792","1320.337779345829","1384.503635172879","1387.9241282891157","0.4107465318843424","0.9794135433813377","0.8917552137345068","1335.54880448929","-463.1531513708692","2078209.3784254282","0.0006426440080359849","1303","0.04873937393834462","-1.445965571882522","1.4440828042107998","-4095.9999999999995","4090.666666666666","C:\Users\kimeu\Downloads\starlink_pathB_wsl_package_v0_3_clean\starlink_pathB\outputs\coverage_null_global_stats\159_76_lst044_typical_full_polybeam_lines_S30_single.npz","9.10175923472585","9444.443085672718","1.7798436919007438e-05","140609741.2109375","False","False","False","False","False","False","False","False","False","0","3","3","3","0.0","0.2419547912000571","0.0","0.7241364102878726","1.9250990235090578e-07"
"159_76","156.200250406372","mid","typical","44","2461041.8055555555","2461041.8123785085","full_polybeam","lines","30.0","multi","coherent_ab","3","3","3","46146;46484;48165","86.588;71.230;70.052","0.1653015793010752","1.9250990235090578e-07","0.2419547912000571","1256843.3532267006","1.2156231187699769","1.119981569068971","0.002800564307412736","False","20266242","100","-0.3847602980912356","0.14771808295584027","0.693069306930693","0.45544554455445546","5.872971347628663","1357.0175709811601","6.197790875452142","7.905823727304124","8.045538751055002","1349.3553953779713","1410.353852927273","1420.1595956282497","0.569413661184285","1.841416042827955","1.1488671825978478","1357.0175709811601","-508.5752630035083","2078209.3784254282","0.0006529744235921576","1303","0.04873937393834462","-1.445965571882522","1.4440828042107998","-4095.9999999999995","4090.666666666666","C:\Users\kimeu\Downloads\starlink_pathB_wsl_package_v0_3_clean\starlink_pathB\outputs\coverage_null_global_stats\159_76_lst044_typical_full_polybeam_lines_S30_multi.npz","9.10175923472585","9444.443085672718","1.7798436919007438e-05","140609741.2109375","False","False","False","False","False","False","False","False","False","0","3","3","3","0.0","0.2419547912000571","0.0","0.7241364102878726","1.9250990235090578e-07"
"159_76","156.200250406372","mid","typical","44","2461041.8055555555","2461041.8123785085","full_polybeam","lines","1000.0","single","coherent_ab","3","3","1","46146","86.588","0.1653015793010752","1.9250990235090578e-07","0.2419547912000571","1256843.3532267006","37.33271896896569","37.33271896896569","0.07335158124850681","False","20266259","100","-0.09291234961809336","1.2314024811297628","0.5445544554455446","0.24752475247524752","191.8189459135583","56414.08917480116","193.67090344946496","217.7561936497656","220.48871384929512","51465.26498643392","58811.39472807559","59084.04632756222","13.444157316508438","1.0520177810840001","0.9765348496638068","56414.08917480116","-40922.248543056","2078209.3784254282","0.027145527183379255","1303","0.04873937393834462","-1.445965571882522","1.4440828042107998","-4095.9999999999995","4090.666666666666","C:\Users\kimeu\Downloads\starlink_pathB_wsl_package_v0_3_clean\starlink_pathB\outputs\coverage_null_global_stats\159_76_lst044_typical_full_polybeam_lines_S1000_single.npz","9.10175923472585","9444.443085672718","1.7798436919007438e-05","140609741.2109375","False","False","False","False","False","False","False","False","False","0","3","3","3","0.0","0.2419547912000571","0.0","0.7241364102878726","1.9250990235090578e-07"
"159_76","156.200250406372","mid","typical","44","2461041.8055555555","2461041.8123785085","full_polybeam","lines","1000.0","multi","coherent_ab","3","3","3","46146;46484;48165","86.588;71.230;70.052","0.1653015793010752","1.9250990235090578e-07","0.2419547912000571","1256843.3532267006","40.52077062566588","37.33271896896569","0.09335214358042454","False","20266276","100","0.11239987276058229","1.4037413298233279","0.4752475247524752","0.13861386138613863","199.8321334601278","58009.00342553421","197.5773450237391","219.9034205668737","226.26555588787016","51903.53939269397","59009.251794483505","60253.60500671782","13.530566606230252","1.4670317132814756","0.944081323634451","58009.00342553421","-42949.86275557082","2078209.3784254282","0.027912973556824767","1303","0.04873937393834462","-1.445965571882522","1.4440828042107998","-4095.9999999999995","4090.666666666666","C:\Users\kimeu\Downloads\starlink_pathB_wsl_package_v0_3_clean\starlink_pathB\outputs\coverage_null_global_stats\159_76_lst044_typical_full_polybeam_lines_S1000_multi.npz","9.10175923472585","9444.443085672718","1.7798436919007438e-05","140609741.2109375","False","False","False","False","False","False","False","False","False","0","3","3","3","0.0","0.2419547912000571","0.0","0.7241364102878726","1.9250990235090578e-07"
"159_76","156.200250406372","mid","typical","44","2461041.8055555555","2461041.8123785085","full_polybeam","khz_comb","30.0","single","coherent_ab","3","3","1","46146","86.588","0.1653015793010752","1.9250990235090578e-07","0.2419547912000571","1256843.3532267006","1.11411999124232","1.11411999124232","0.002040996224958604","False","20266293","100","-0.692360158995836","0.14297155005394097","0.7029702970297029","0.45544554455445546","5.415895127767726","1250.8852074477168","5.995187607618391","7.661879599895019","7.899535233834741","1245.5759420881527","1298.3451539903183","1301.248620890175","0.5643412891640764","1.5219686946216708","1.3351625952659527","1250.8852074477168","-399.960597720554","2078209.3784254282","0.0006019052846328025","1303","0.04873937393834462","-1.445965571882522","1.4440828042107998","-4095.9999999999995","4090.666666666666","C:\Users\kimeu\Downloads\starlink_pathB_wsl_package_v0_3_clean\starlink_pathB\outputs\coverage_null_global_stats\159_76_lst044_typical_full_polybeam_khz_comb_S30_single.npz","9.10175923472585","9444.443085672718","1.7798436919007438e-05","140609741.2109375","False","False","False","False","False","False","False","False","False","0","3","3","3","0.0","0.2419547912000571","0.0","0.7241364102878726","1.9250990235090578e-07"
"159_76","156.200250406372","mid","typical","44","2461041.8055555555","2461041.8123785085","full_polybeam","khz_comb","30.0","multi","coherent_ab","3","3","3","46146;46484;48165","86.588;71.230;70.052","0.1653015793010752","1.9250990235090578e-07","0.2419547912000571","1256843.3532267006","1.1928309111859563","1.11411999124232","0.002559207428051786","False","20266310","100","-0.49842489478847135","0.22647852262637844","0.6831683168316832","0.43564356435643564","5.55276311079524","1264.9218179628042","6.060567362187612","7.710977866629582","8.01636364037306","1257.7027068682082","1312.5612727303849","1320.9015767727121","0.6871833224390684","1.6884077863610376","1.0972857592605467","1264.9218179628042","-439.24042055511046","2078209.3784254282","0.0006086594695868336","1303","0.04873937393834462","-1.445965571882522","1.4440828042107998","-4095.9999999999995","4090.666666666666","C:\Users\kimeu\Downloads\starlink_pathB_wsl_package_v0_3_clean\starlink_pathB\outputs\coverage_null_global_stats\159_76_lst044_typical_full_polybeam_khz_comb_S30_multi.npz","9.10175923472585","9444.443085672718","1.7798436919007438e-05","140609741.2109375","False","False","False","False","False","False","False","False","False","0","3","3","3","0.0","0.2419547912000571","0.0","0.7241364102878726","1.9250990235090578e-07"
"159_76","156.200250406372","mid","typical","44","2461041.8055555555","2461041.8123785085","full_polybeam","khz_comb","1000.0","single","coherent_ab","3","3","1","46146","86.588","0.1653015793010752","1.9250990235090578e-07","0.2419547912000571","1256843.3532267006","37.13733304141067","37.13733304141067","0.06803320749862013","False","20266327","100","0.2199188464434453","1.1448423479263654","0.3465346534653465","0.1782178217821782","180.5584411933878","53638.56392967541","176.68300347901504","213.71802407698206","216.41402381678","48661.16921743286","55748.217947020996","56371.6238725508","11.885961433249577","1.6646356224371028","1.5292920619454125","53638.56392967541","-39397.970041709006","2078209.3784254282","0.02580999031498698","1303","0.04873937393834462","-1.445965571882522","1.4440828042107998","-4095.9999999999995","4090.666666666666","C:\Users\kimeu\Downloads\starlink_pathB_wsl_package_v0_3_clean\starlink_pathB\outputs\coverage_null_global_stats\159_76_lst044_typical_full_polybeam_khz_comb_S1000_single.npz","9.10175923472585","9444.443085672718","1.7798436919007438e-05","140609741.2109375","False","False","False","False","False","False","False","False","False","0","3","3","3","0.0","0.2419547912000571","0.0","0.7241364102878726","1.9250990235090578e-07"
"159_76","156.200250406372","mid","typical","44","2461041.8055555555","2461041.8123785085","full_polybeam","khz_comb","1000.0","multi","coherent_ab","3","3","3","46146;46484;48165","86.588;71.230;70.052","0.1653015793010752","1.9250990235090578e-07","0.2419547912000571","1256843.3532267006","39.761030372865214","37.13733304141067","0.08530691426839285","False","20266344","100","0.5181645672228149","1.278688153577004","0.297029702970297","0.15841584158415842","186.09767999886662","55081.10958546941","178.1494136385163","219.79053814964837","224.76507690730182","49045.84977700077","56567.308069417755","57407.80556733557","10.346196079458423","1.7122875012765546","1.1557713020449407","55081.10958546941","-41367.203627178795","2078209.3784254282","0.026504119439207826","1303","0.04873937393834462","-1.445965571882522","1.4440828042107998","-4095.9999999999995","4090.666666666666","C:\Users\kimeu\Downloads\starlink_pathB_wsl_package_v0_3_clean\starlink_pathB\outputs\coverage_null_global_stats\159_76_lst044_typical_full_polybeam_khz_comb_S1000_multi.npz","9.10175923472585","9444.443085672718","1.7798436919007438e-05","140609741.2109375","False","False","False","False","False","False","False","False","False","0","3","3","3","0.0","0.2419547912000571","0.0","0.7241364102878726","1.9250990235090578e-07"
"159_76","156.200250406372","mid","stress","0","2461041.5","2461041.506822953","frozen_polybeam","smooth","30.0","single","coherent_ab","4","4","1","46696","86.617","0.2313613071236559","8.574847721632174e-05","0.5502745938468236","6417.310390931139","2.2467822671725868","2.2467822671725868","0.003907313215681033","False","20266317","100","1.238857228189669","0.7566697540965887","0.13861386138613863","0.2079207920792079","43.479472382809035","7282.488836373434","36.387170140977105","46.100546592954196","47.60731500088259","6981.498895105869","7389.422833229456","7406.194299947004","3.861374996795348","0.9809878660160409","0.9156233443835512","7282.488836373434","-484.38891524854836","11210403.618008923","0.0006496187902346798","1303","0.04873937393834462","-1.445965571882522","1.4440828042107998","-4095.9999999999995","4090.666666666666","C:\Users\kimeu\Downloads\starlink_pathB_wsl_package_v0_3_clean\starlink_pathB\outputs\coverage_null_global_stats\159_76_lst000_stress_frozen_polybeam_smooth_S30_single.npz","9.10175923472585","9444.443085672718","1.7798436919007438e-05","140609741.2109375","False","False","False","False","False","False","False","False","False","1","4","4","4","0.3308758856684498","0.5502745938468236","0.3308758856684498","0.7280464634021924","8.574847721632174e-05"
"159_76","156.200250406372","mid","stress","0","2461041.5","2461041.506822953","frozen_polybeam","smooth","30.0","multi","coherent_ab","4","4","4","46696;48029;44725;46687","86.617;85.104;84.152;73.708","0.2313613071236559","8.574847721632174e-05","0.5502745938468236","6417.310390931139","3.072667009291635","2.2467822671725868","0.005348622952697661","False","20266334","100","1.693450505182827","0.48518267464718834","0.1188118811881188","0.32673267326732675","44.07519302747096","7334.345315902641","35.109861245137836","46.160294225332834","53.511639888858994","7163.537690718435","7619.337889045082","7799.526643113495","3.570835654374605","1.895970793371449","1.0435034793372029","7334.345315902641","-523.748044211133","11210403.618008923","0.000654244536219945","1303","0.04873937393834462","-1.445965571882522","1.4440828042107998","-4095.9999999999995","4090.666666666666","C:\Users\kimeu\Downloads\starlink_pathB_wsl_package_v0_3_clean\starlink_pathB\outputs\coverage_null_global_stats\159_76_lst000_stress_frozen_polybeam_smooth_S30_multi.npz","9.10175923472585","9444.443085672718","1.7798436919007438e-05","140609741.2109375","False","False","False","False","False","False","False","False","False","1","4","4","4","0.3308758856684498","0.5502745938468236","0.3308758856684498","0.7280464634021924","8.574847721632174e-05"
"159_76","156.200250406372","mid","stress","0","2461041.5","2461041.506822953","frozen_polybeam","smooth","1000.0","single","coherent_ab","4","4","1","46696","86.617","0.2313613071236559","8.574847721632174e-05","0.5502745938468236","6417.310390931139","74.89274223908622","74.89274223908622","0.13024377385603442","False","20266351","100","0.26085005941094586","2.3225367711451974","0.43564356435643564","0.06930693069306931","1100.731105449173","259183.33184374077","1051.7902839395629","1251.542796103507","1257.9016674781826","239219.14210189827","261279.16580621694","262394.0812085565","126.5483011350243","1.273306111965622","1.152000272718129","259183.33184374077","-65467.93080544284","11210403.618008923","0.023119892974002864","1303","0.04873937393834462","-1.445965571882522","1.4440828042107998","-4095.9999999999995","4090.666666666666","C:\Users\kimeu\Downloads\starlink_pathB_wsl_package_v0_3_clean\starlink_pathB\outputs\coverage_null_global_stats\159_76_lst000_stress_frozen_polybeam_smooth_S1000_single.npz","9.10175923472585","9444.443085672718","1.7798436919007438e-05","140609741.2109375","False","False","False","False","False","False","False","False","False","1","4","4","4","0.3308758856684498","0.5502745938468236","0.3308758856684498","0.7280464634021924","8.574847721632174e-05"
"159_76","156.200250406372","mid","stress","0","2461041.5","2461041.506822953","frozen_polybeam","smooth","1000.0","multi","coherent_ab","4","4","4","46696;48029;44725;46687","86.617;85.104;84.152;73.708","0.2313613071236559","8.574847721632174e-05","0.5502745938468236","6417.310390931139","102.42223364305448","74.89274223908622","0.1782874317565887","False","20266368","100","0.2606505275688674","0.8191812562163994","0.46534653465346537","0.2079207920792079","1120.1161078500372","260285.7091681113","1082.8681243214996","1298.5096394911554","1478.975287613708","250428.25374810476","271564.98259141645","274436.67749293335","96.38737712701186","2.14822528396222","1.162841912443923","260285.7091681113","-66655.97869066015","11210403.618008923","0.023218228177795133","1303","0.04873937393834462","-1.445965571882522","1.4440828042107998","-4095.9999999999995","4090.666666666666","C:\Users\kimeu\Downloads\starlink_pathB_wsl_package_v0_3_clean\starlink_pathB\outputs\coverage_null_global_stats\159_76_lst000_stress_frozen_polybeam_smooth_S1000_multi.npz","9.10175923472585","9444.443085672718","1.7798436919007438e-05","140609741.2109375","False","False","False","False","False","False","False","False","False","1","4","4","4","0.3308758856684498","0.5502745938468236","0.3308758856684498","0.7280464634021924","8.574847721632174e-05"
"159_76","156.200250406372","mid","stress","0","2461041.5","2461041.506822953","frozen_polybeam","lines","30.0","single","coherent_ab","4","4","1","46696","86.617","0.2313613071236559","8.574847721632174e-05","0.5502745938468236","6417.310390931139","2.246695964015047","2.246695964015047","0.003910170644704179","False","20266385","100","1.738609752814663","0.9235973395334095","0.12871287128712872","0.25742574257425743","43.37861056959082","7278.859750632091","35.51463425100519","46.89387848828701","47.32486502860818","6934.007672920084","7391.574882910564","7404.332161002741","3.0508165222481693","1.1784257621115668","1.015683439470679","7278.859750632091","-484.5355345602751","11210403.618008923","0.0006492950654282408","1303","0.04873937393834462","-1.445965571882522","1.4440828042107998","-4095.9999999999995","4090.666666666666","C:\Users\kimeu\Downloads\starlink_pathB_wsl_package_v0_3_clean\starlink_pathB\outputs\coverage_null_global_stats\159_76_lst000_stress_frozen_polybeam_lines_S30_single.npz","9.10175923472585","9444.443085672718","1.7798436919007438e-05","140609741.2109375","False","False","False","False","False","False","False","False","False","1","4","4","4","0.3308758856684498","0.5502745938468236","0.3308758856684498","0.7280464634021924","8.574847721632174e-05"
"159_76","156.200250406372","mid","stress","0","2461041.5","2461041.506822953","frozen_polybeam","lines","30.0","multi","coherent_ab","4","4","4","46696;48029;44725;46687","86.617;85.104;84.152;73.708","0.2313613071236559","8.574847721632174e-05","0.5502745938468236","6417.310390931139","3.072536675597553","2.246695964015047","0.005353461805214013","False","20266402","100","1.873998162670865","0.39838562054382426","0.1485148514851485","0.38613861386138615","43.659918862402264","7329.710018656837","36.37878757903309","48.31231390059583","50.82061463365951","7198.143408211755","7632.260355980988","7812.795695432371","2.6206299808582116","2.1557725992872854","1.1650038775008131","7329.710018656837","-526.7214840798272","11210403.618008923","0.0006538310544753307","1303","0.04873937393834462","-1.445965571882522","1.4440828042107998","-4095.9999999999995","4090.666666666666","C:\Users\kimeu\Downloads\starlink_pathB_wsl_package_v0_3_clean\starlink_pathB\outputs\coverage_null_global_stats\159_76_lst000_stress_frozen_polybeam_lines_S30_multi.npz","9.10175923472585","9444.443085672718","1.7798436919007438e-05","140609741.2109375","False","False","False","False","False","False","False","False","False","1","4","4","4","0.3308758856684498","0.5502745938468236","0.3308758856684498","0.7280464634021924","8.574847721632174e-05"
"159_76","156.200250406372","mid","stress","0","2461041.5","2461041.506822953","frozen_polybeam","lines","1000.0","single","coherent_ab","4","4","1","46696","86.617","0.2313613071236559","8.574847721632174e-05","0.5502745938468236","6417.310390931139","74.8898654671682","74.8898654671682","0.1303390214901393","False","20266419","100","-0.022014305414623538","1.5968500301008337","0.504950495049505","0.1188118811881188","1097.9735299240856","259098.82315939514","1101.9551208731573","1271.1664636304104","1275.9595903397208","243737.27492302842","260896.18220857996","262578.8829290122","121.99096235762045","1.1558797897002813","1.0390481637826503","259098.82315939514","-65452.08407143251","11210403.618008923","0.02311235455815048","1303","0.04873937393834462","-1.445965571882522","1.4440828042107998","-4095.9999999999995","4090.666666666666","C:\Users\kimeu\Downloads\starlink_pathB_wsl_package_v0_3_clean\starlink_pathB\outputs\coverage_null_global_stats\159_76_lst000_stress_frozen_polybeam_lines_S1000_single.npz","9.10175923472585","9444.443085672718","1.7798436919007438e-05","140609741.2109375","False","False","False","False","False","False","False","False","False","1","4","4","4","0.3308758856684498","0.5502745938468236","0.3308758856684498","0.7280464634021924","8.574847721632174e-05"
"159_76","156.200250406372","mid","stress","0","2461041.5","2461041.506822953","frozen_polybeam","lines","1000.0","multi","coherent_ab","4","4","4","46696;48029;44725;46687","86.617;85.104;84.152;73.708","0.2313613071236559","8.574847721632174e-05","0.5502745938468236","6417.310390931139","102.41788918658507","74.8898654671682","0.17844872684046711","False","20266436","100","0.07364636705888461","1.029051380317187","0.46534653465346537","0.1782178217821782","1107.0867662666933","260195.85774767143","1094.648498920842","1361.6574440164948","1474.9533416393003","249120.4706114001","272789.9438710441","276853.4255949784","113.91595707590386","1.9465128686512958","1.1760415388109136","260195.85774767143","-66737.35185290381","11210403.618008923","0.023210213174633648","1303","0.04873937393834462","-1.445965571882522","1.4440828042107998","-4095.9999999999995","4090.666666666666","C:\Users\kimeu\Downloads\starlink_pathB_wsl_package_v0_3_clean\starlink_pathB\outputs\coverage_null_global_stats\159_76_lst000_stress_frozen_polybeam_lines_S1000_multi.npz","9.10175923472585","9444.443085672718","1.7798436919007438e-05","140609741.2109375","False","False","False","False","False","False","False","False","False","1","4","4","4","0.3308758856684498","0.5502745938468236","0.3308758856684498","0.7280464634021924","8.574847721632174e-05"
"159_76","156.200250406372","mid","stress","0","2461041.5","2461041.506822953","frozen_polybeam","khz_comb","30.0","single","coherent_ab","4","4","1","46696","86.617","0.2313613071236559","8.574847721632174e-05","0.5502745938468236","6417.310390931139","1.8489820241737394","1.8489820241737394","0.0034954590149232747","False","20266453","100","0.7881780811416831","1.0447932335258703","0.18811881188118812","0.15841584158415842","37.39708994662942","6478.945252393129","34.00335928748427","42.40293799451829","43.12819888432903","6247.167896682048","6529.063998938876","6538.939851251224","2.9042167303487076","1.1502650482430763","1.0368220399116341","6478.945252393129","-458.86500579041876","11210403.618008923","0.0005779404090308617","1303","0.04873937393834462","-1.445965571882522","1.4440828042107998","-4095.9999999999995","4090.666666666666","C:\Users\kimeu\Downloads\starlink_pathB_wsl_package_v0_3_clean\starlink_pathB\outputs\coverage_null_global_stats\159_76_lst000_stress_frozen_polybeam_khz_comb_S30_single.npz","9.10175923472585","9444.443085672718","1.7798436919007438e-05","140609741.2109375","False","False","False","False","False","False","False","False","False","1","4","4","4","0.3308758856684498","0.5502745938468236","0.3308758856684498","0.7280464634021924","8.574847721632174e-05"
"159_76","156.200250406372","mid","stress","0","2461041.5","2461041.506822953","frozen_polybeam","khz_comb","30.0","multi","coherent_ab","4","4","4","46696;48029;44725;46687","86.617;85.104;84.152;73.708","0.2313613071236559","8.574847721632174e-05","0.5502745938468236","6417.310390931139","2.615239674760959","1.8489820241737394","0.0048183232928245764","False","20266470","100","0.8397919834814966","0.31757129664594247","0.25742574257425743","0.4158415841584158","38.162888713763095","6508.736956067278","33.62377387092329","45.26622663635753","47.79729256001745","6427.963944423216","6880.281462260462","6954.469931860304","3.6456540166127525","2.0075292091374193","0.994569749438565","6508.736956067278","-477.8577635108056","11210403.618008923","0.0005805979140315104","1303","0.04873937393834462","-1.445965571882522","1.4440828042107998","-4095.9999999999995","4090.666666666666","C:\Users\kimeu\Downloads\starlink_pathB_wsl_package_v0_3_clean\starlink_pathB\outputs\coverage_null_global_stats\159_76_lst000_stress_frozen_polybeam_khz_comb_S30_multi.npz","9.10175923472585","9444.443085672718","1.7798436919007438e-05","140609741.2109375","False","False","False","False","False","False","False","False","False","1","4","4","4","0.3308758856684498","0.5502745938468236","0.3308758856684498","0.7280464634021924","8.574847721632174e-05"
"159_76","156.200250406372","mid","stress","0","2461041.5","2461041.506822953","frozen_polybeam","khz_comb","1000.0","single","coherent_ab","4","4","1","46696","86.617","0.2313613071236559","8.574847721632174e-05","0.5502745938468236","6417.310390931139","61.632734139124636","61.632734139124636","0.11651530049744246","False","20266487","100","-0.15798210600418092","1.8505466710177538","0.5643564356435643","0.10891089108910891","993.5489127696201","227904.428797509","1015.1822600056839","1192.51551528239","1210.7252726327786","216143.34350772868","229563.94328093168","230256.70979720433","92.36168054936206","0.8472041201828293","0.8236146684103572","227904.428797509","-58895.1982134251","11210403.618008923","0.020329725544528346","1303","0.04873937393834462","-1.445965571882522","1.4440828042107998","-4095.9999999999995","4090.666666666666","C:\Users\kimeu\Downloads\starlink_pathB_wsl_package_v0_3_clean\starlink_pathB\outputs\coverage_null_global_stats\159_76_lst000_stress_frozen_polybeam_khz_comb_S1000_single.npz","9.10175923472585","9444.443085672718","1.7798436919007438e-05","140609741.2109375","False","False","False","False","False","False","False","False","False","1","4","4","4","0.3308758856684498","0.5502745938468236","0.3308758856684498","0.7280464634021924","8.574847721632174e-05"
"159_76","156.200250406372","mid","stress","0","2461041.5","2461041.506822953","frozen_polybeam","khz_comb","1000.0","multi","coherent_ab","4","4","4","46696;48029;44725;46687","86.617;85.104;84.152;73.708","0.2313613071236559","8.574847721632174e-05","0.5502745938468236","6417.310390931139","87.17465582536528","61.632734139124636","0.1606107764274859","False","20266504","100","-0.13285194837624956","0.7091050791922312","0.5643564356435643","0.24752475247524752","1019.0273633327597","228672.54793444916","1037.9583536623504","1273.2153892032063","1363.5953988583544","222572.12893878965","237754.7163246775","240897.7980454164","96.11283990271113","1.8466573891175948","1.0279610689442","228672.54793444916","-59435.1761398332","11210403.618008923","0.020398243963946024","1303","0.04873937393834462","-1.445965571882522","1.4440828042107998","-4095.9999999999995","4090.666666666666","C:\Users\kimeu\Downloads\starlink_pathB_wsl_package_v0_3_clean\starlink_pathB\outputs\coverage_null_global_stats\159_76_lst000_stress_frozen_polybeam_khz_comb_S1000_multi.npz","9.10175923472585","9444.443085672718","1.7798436919007438e-05","140609741.2109375","False","False","False","False","False","False","False","False","False","1","4","4","4","0.3308758856684498","0.5502745938468236","0.3308758856684498","0.7280464634021924","8.574847721632174e-05"
"159_76","156.200250406372","mid","stress","0","2461041.5","2461041.506822953","full_polybeam","smooth","30.0","single","coherent_ab","4","4","1","46696","86.617","0.2313613071236559","8.574847721632174e-05","0.5502745938468236","6417.310390931139","3.1308792213917025","3.1308792213917025","0.005132852720247541","False","20266521","100","-0.5311910859929907","0.5303642736442598","0.6633663366336634","0.32673267326732675","42.97813732954819","9915.411502874187","45.43969134087456","55.187877636739174","55.57299261794491","9558.687072930225","10099.833253271661","10136.913261549491","3.1256086150024203","1.063487233807061","1.008605907201757","9915.411502874187","-564.1471927886669","11210403.618008923","0.0008844830071011539","1303","0.04873937393834462","-1.445965571882522","1.4440828042107998","-4095.9999999999995","4090.666666666666","C:\Users\kimeu\Downloads\starlink_pathB_wsl_package_v0_3_clean\starlink_pathB\outputs\coverage_null_global_stats\159_76_lst000_stress_full_polybeam_smooth_S30_single.npz","9.10175923472585","9444.443085672718","1.7798436919007438e-05","140609741.2109375","False","False","False","False","False","False","False","False","False","1","4","4","4","0.3308758856684498","0.5502745938468236","0.3308758856684498","0.7280464634021924","8.574847721632174e-05"
"159_76","156.200250406372","mid","stress","0","2461041.5","2461041.506822953","full_polybeam","smooth","30.0","multi","coherent_ab","4","4","4","46696;48029;44725;46687","86.617;85.104;84.152;73.708","0.2313613071236559","8.574847721632174e-05","0.5502745938468236","6417.310390931139","4.130372385374233","3.1308792213917025","0.0072437666094247125","False","20266538","100","0.28709381949021734","0.39178265055834277","0.42574257425742573","0.3069306930693069","47.5673462759587","10253.962050793622","45.581471735651576","55.58009606004926","58.39698700874244","10047.539983511488","10550.576101034301","10601.337259467984","4.665562042733654","2.4500425032356827","1.144088972540078","10253.962050793622","-1108.8330967310233","11210403.618008923","0.000914682682282837","1303","0.04873937393834462","-1.445965571882522","1.4440828042107998","-4095.9999999999995","4090.666666666666","C:\Users\kimeu\Downloads\starlink_pathB_wsl_package_v0_3_clean\starlink_pathB\outputs\coverage_null_global_stats\159_76_lst000_stress_full_polybeam_smooth_S30_multi.npz","9.10175923472585","9444.443085672718","1.7798436919007438e-05","140609741.2109375","False","False","False","False","False","False","False","False","False","1","4","4","4","0.3308758856684498","0.5502745938468236","0.3308758856684498","0.7280464634021924","8.574847721632174e-05"
"159_76","156.200250406372","mid","stress","0","2461041.5","2461041.506822953","full_polybeam","smooth","1000.0","single","coherent_ab","4","4","1","46696","86.617","0.2313613071236559","8.574847721632174e-05","0.5502745938468236","6417.310390931139","104.36264071305675","104.36264071305675","0.17109509067491807","False","20266555","100","-0.10743922023160772","2.0701635065752675","0.594059405940594","0.1782178217821782","1257.9290905392336","369936.2506680455","1279.8287668789103","1625.1984262075139","1644.9327947313939","339389.485527187","376609.0335675912","379082.79890131456","137.48358648543717","1.2273258140234073","1.1296927923314461","369936.2506680455","-94132.12146310779","11210403.618008923","0.03299936944944269","1303","0.04873937393834462","-1.445965571882522","1.4440828042107998","-4095.9999999999995","4090.666666666666","C:\Users\kimeu\Downloads\starlink_pathB_wsl_package_v0_3_clean\starlink_pathB\outputs\coverage_null_global_stats\159_76_lst000_stress_full_polybeam_smooth_S1000_single.npz","9.10175923472585","9444.443085672718","1.7798436919007438e-05","140609741.2109375","False","False","False","False","False","False","False","False","False","1","4","4","4","0.3308758856684498","0.5502745938468236","0.3308758856684498","0.7280464634021924","8.574847721632174e-05"
"159_76","156.200250406372","mid","stress","0","2461041.5","2461041.506822953","full_polybeam","smooth","1000.0","multi","coherent_ab","4","4","4","46696;48029;44725;46687","86.617;85.104;84.152;73.708","0.2313613071236559","8.574847721632174e-05","0.5502745938468236","6417.310390931139","137.67907951247443","104.36264071305675","0.2414588869808238","False","20266572","100","-0.16334061422354335","2.2864666918867123","0.6237623762376238","0.1188118811881188","1269.9631145582898","383183.15953530895","1308.9486735201172","1679.1186851076684","1719.10757935281","355078.4613572763","388104.91042316647","390879.02279550687","160.98506423390427","2.4889306408353375","1.2194760530274198","383183.15953530895","-111800.85799938564","11210403.618008923","0.03418103153036751","1303","0.04873937393834462","-1.445965571882522","1.4440828042107998","-4095.9999999999995","4090.666666666666","C:\Users\kimeu\Downloads\starlink_pathB_wsl_package_v0_3_clean\starlink_pathB\outputs\coverage_null_global_stats\159_76_lst000_stress_full_polybeam_smooth_S1000_multi.npz","9.10175923472585","9444.443085672718","1.7798436919007438e-05","140609741.2109375","False","False","False","False","False","False","False","False","False","1","4","4","4","0.3308758856684498","0.5502745938468236","0.3308758856684498","0.7280464634021924","8.574847721632174e-05"
"159_76","156.200250406372","mid","stress","0","2461041.5","2461041.506822953","full_polybeam","lines","30.0","single","coherent_ab","4","4","1","46696","86.617","0.2313613071236559","8.574847721632174e-05","0.5502745938468236","6417.310390931139","3.130717117798189","3.130717117798189","0.005136325986796506","False","20266589","100","-0.6049564258447866","0.642484117346907","0.7029702970297029","0.27722772277227725","42.79668554082309","9915.251282261517","45.43622527095067","50.95078334269765","56.05623842483186","9450.044844590167","10104.648683400748","10135.080086969134","2.9429312280735758","0.9516184635079262","0.8495944176692278","9915.251282261517","-565.1249775282547","11210403.618008923","0.0008844687149651944","1303","0.04873937393834462","-1.445965571882522","1.4440828042107998","-4095.9999999999995","4090.666666666666","C:\Users\kimeu\Downloads\starlink_pathB_wsl_package_v0_3_clean\starlink_pathB\outputs\coverage_null_global_stats\159_76_lst000_stress_full_polybeam_lines_S30_single.npz","9.10175923472585","9444.443085672718","1.7798436919007438e-05","140609741.2109375","False","False","False","False","False","False","False","False","False","1","4","4","4","0.3308758856684498","0.5502745938468236","0.3308758856684498","0.7280464634021924","8.574847721632174e-05"
"159_76","156.200250406372","mid","stress","0","2461041.5","2461041.506822953","full_polybeam","lines","30.0","multi","coherent_ab","4","4","4","46696;48029;44725;46687","86.617;85.104;84.152;73.708","0.2313613071236559","8.574847721632174e-05","0.5502745938468236","6417.310390931139","4.130150116818457","3.130717117798189","0.007249907572856928","False","20266606","100","0.22673724123886396","0.585601917989974","0.40594059405940597","0.27722772277227725","47.03034949213179","10255.44323440917","45.685687041179335","54.84900300470181","55.917904426030596","9935.273293134189","10464.415627856586","10542.977247279334","4.000059244026488","1.9379273289019625","0.9388113019225072","10255.44323440917","-1112.5968318062799","11210403.618008923","0.0009148148080890093","1303","0.04873937393834462","-1.445965571882522","1.4440828042107998","-4095.9999999999995","4090.666666666666","C:\Users\kimeu\Downloads\starlink_pathB_wsl_package_v0_3_clean\starlink_pathB\outputs\coverage_null_global_stats\159_76_lst000_stress_full_polybeam_lines_S30_multi.npz","9.10175923472585","9444.443085672718","1.7798436919007438e-05","140609741.2109375","False","False","False","False","False","False","False","False","False","1","4","4","4","0.3308758856684498","0.5502745938468236","0.3308758856684498","0.7280464634021924","8.574847721632174e-05"
"159_76","156.200250406372","mid","stress","0","2461041.5","2461041.506822953","full_polybeam","lines","1000.0","single","coherent_ab","4","4","1","46696","86.617","0.2313613071236559","8.574847721632174e-05","0.5502745938468236","6417.310390931139","104.35723725993962","104.35723725993962","0.17121086622655018","False","20266623","100","0.004465043939719139","2.326625531771531","0.49504950495049505","0.13861386138613863","1279.790307986499","369991.207346549","1278.5212290848153","1655.7009795708084","1659.0326972978085","340820.81594164437","377931.1806187446","378496.59841547493","191.70740619548133","0.9318731694537957","0.861625278415683","369991.207346549","-94123.60634621598","11210403.618008923","0.03300427174202521","1303","0.04873937393834462","-1.445965571882522","1.4440828042107998","-4095.9999999999995","4090.666666666666","C:\Users\kimeu\Downloads\starlink_pathB_wsl_package_v0_3_clean\starlink_pathB\outputs\coverage_null_global_stats\159_76_lst000_stress_full_polybeam_lines_S1000_single.npz","9.10175923472585","9444.443085672718","1.7798436919007438e-05","140609741.2109375","False","False","False","False","False","False","False","False","False","1","4","4","4","0.3308758856684498","0.5502745938468236","0.3308758856684498","0.7280464634021924","8.574847721632174e-05"
"159_76","156.200250406372","mid","stress","0","2461041.5","2461041.506822953","full_polybeam","lines","1000.0","multi","coherent_ab","4","4","4","46696;48029;44725;46687","86.617;85.104;84.152;73.708","0.2313613071236559","8.574847721632174e-05","0.5502745938468236","6417.310390931139","137.6716705606152","104.35723725993962","0.2416635857618976","False","20266640","100","-0.2771496326023478","1.6946628581267862","0.6831683168316832","0.16831683168316833","1253.8130570470967","383268.62554604094","1335.0421695421178","1686.7718566048661","1711.0474457948517","354549.3665522797","391340.11659642286","392695.1855195597","197.6848580455685","2.1893085721934082","1.011359284312198","383268.62554604094","-111892.08673821","11210403.618008923","0.034188655342466","1303","0.04873937393834462","-1.445965571882522","1.4440828042107998","-4095.9999999999995","4090.666666666666","C:\Users\kimeu\Downloads\starlink_pathB_wsl_package_v0_3_clean\starlink_pathB\outputs\coverage_null_global_stats\159_76_lst000_stress_full_polybeam_lines_S1000_multi.npz","9.10175923472585","9444.443085672718","1.7798436919007438e-05","140609741.2109375","False","False","False","False","False","False","False","False","False","1","4","4","4","0.3308758856684498","0.5502745938468236","0.3308758856684498","0.7280464634021924","8.574847721632174e-05"
"159_76","156.200250406372","mid","stress","0","2461041.5","2461041.506822953","full_polybeam","khz_comb","30.0","single","coherent_ab","4","4","1","46696","86.617","0.2313613071236559","8.574847721632174e-05","0.5502745938468236","6417.310390931139","2.576512250120864","2.576512250120864","0.0044626617029292215","False","20266657","100","-0.38215813515659325","0.5829246878294793","0.6732673267326733","0.24752475247524752","36.84022546358028","8478.067334370931","39.15885988343507","47.642878053388266","48.255764822123346","8182.273627155779","8604.196952545128","8624.515091607293","4.0922784233171114","0.994249679025881","0.8924717808733773","8478.067334370931","-512.9191816440322","11210403.618008923","0.0007562678047337531","1303","0.04873937393834462","-1.445965571882522","1.4440828042107998","-4095.9999999999995","4090.666666666666","C:\Users\kimeu\Downloads\starlink_pathB_wsl_package_v0_3_clean\starlink_pathB\outputs\coverage_null_global_stats\159_76_lst000_stress_full_polybeam_khz_comb_S30_single.npz","9.10175923472585","9444.443085672718","1.7798436919007438e-05","140609741.2109375","False","False","False","False","False","False","False","False","False","1","4","4","4","0.3308758856684498","0.5502745938468236","0.3308758856684498","0.7280464634021924","8.574847721632174e-05"
"159_76","156.200250406372","mid","stress","0","2461041.5","2461041.506822953","full_polybeam","khz_comb","30.0","multi","coherent_ab","4","4","4","46696;48029;44725;46687","86.617;85.104;84.152;73.708","0.2313613071236559","8.574847721632174e-05","0.5502745938468236","6417.310390931139","3.4709265560250597","2.576512250120864","0.006305767209299337","False","20266674","100","0.231150816335534","0.941063661070082","0.4158415841584158","0.2079207920792079","41.09003310340631","8726.397513878766","39.69970215434387","48.553986707386684","50.924515261928725","8334.22745351573","8930.922905341242","9032.700842638533","4.056941665287923","2.5121860782262466","1.4589219095599615","8726.397513878766","-951.1520586138787","11210403.618008923","0.0007784195655418034","1303","0.04873937393834462","-1.445965571882522","1.4440828042107998","-4095.9999999999995","4090.666666666666","C:\Users\kimeu\Downloads\starlink_pathB_wsl_package_v0_3_clean\starlink_pathB\outputs\coverage_null_global_stats\159_76_lst000_stress_full_polybeam_khz_comb_S30_multi.npz","9.10175923472585","9444.443085672718","1.7798436919007438e-05","140609741.2109375","False","False","False","False","False","False","False","False","False","1","4","4","4","0.3308758856684498","0.5502745938468236","0.3308758856684498","0.7280464634021924","8.574847721632174e-05"
"159_76","156.200250406372","mid","stress","0","2461041.5","2461041.506822953","full_polybeam","khz_comb","1000.0","single","coherent_ab","4","4","1","46696","86.617","0.2313613071236559","8.574847721632174e-05","0.5502745938468236","6417.310390931139","85.88374167069546","85.88374167069546","0.1487553900976408","False","20266691","100","0.03933267889881171","1.6652547589499072","0.49504950495049505","0.16831683168316833","1131.889803300117","308420.8520447332","1119.719576189269","1500.3615121801752","1510.3048139570385","287046.3696929075","313839.22966958064","315289.1831043015","208.6993806884193","1.3007702743446246","1.1406693608745722","308420.8520447332","-75412.8485481191","11210403.618008923","0.027512020312031524","1303","0.04873937393834462","-1.445965571882522","1.4440828042107998","-4095.9999999999995","4090.666666666666","C:\Users\kimeu\Downloads\starlink_pathB_wsl_package_v0_3_clean\starlink_pathB\outputs\coverage_null_global_stats\159_76_lst000_stress_full_polybeam_khz_comb_S1000_single.npz","9.10175923472585","9444.443085672718","1.7798436919007438e-05","140609741.2109375","False","False","False","False","False","False","False","False","False","1","4","4","4","0.3308758856684498","0.5502745938468236","0.3308758856684498","0.7280464634021924","8.574847721632174e-05"
"159_76","156.200250406372","mid","stress","0","2461041.5","2461041.506822953","full_polybeam","khz_comb","1000.0","multi","coherent_ab","4","4","4","46696;48029;44725;46687","86.617;85.104;84.152;73.708","0.2313613071236559","8.574847721632174e-05","0.5502745938468236","6417.310390931139","115.697551867502","85.88374167069546","0.21019224030997802","False","20266708","100","0.001825029626130051","1.2131998077573793","0.504950495049505","0.16831683168316833","1099.05912845266","317425.38071473804","1098.6763620610564","1553.0537728305285","1566.8091028445351","297978.45447373914","323526.11457556934","326855.4012721251","141.46202915196864","2.1543813480327363","1.0313397913871898","317425.38071473804","-89692.9657869536","11210403.618008923","0.02831524997055511","1303","0.04873937393834462","-1.445965571882522","1.4440828042107998","-4095.9999999999995","4090.666666666666","C:\Users\kimeu\Downloads\starlink_pathB_wsl_package_v0_3_clean\starlink_pathB\outputs\coverage_null_global_stats\159_76_lst000_stress_full_polybeam_khz_comb_S1000_multi.npz","9.10175923472585","9444.443085672718","1.7798436919007438e-05","140609741.2109375","False","False","False","False","False","False","False","False","False","1","4","4","4","0.3308758856684498","0.5502745938468236","0.3308758856684498","0.7280464634021924","8.574847721632174e-05"
"23_80","207.2758462936688","long","quiet","48","2461041.833333333","2461041.8401562865","frozen_polybeam","smooth","30.0","single","coherent_ab","2","2","1","46066","79.453","0.1671706989247312","5.820419561578807e-09","0.0149220859960422","2563747.4821479414","0.04529925177753681","0.04529925177753681","0.0001402471426120662","False","20266773","100","-0.9505455117853681","1.0831945876914968","0.9207920792079208","0.15841584158415842","0.4370308591041976","87.66574030751303","0.5198812772541714","0.5893413544096802","0.6090692672536534","84.99965449220896","87.76793376114497","87.78381097033568","0.058789232885828824","1.8860422662453964","1.5669323522141478","87.66574030751303","-12.956747552863035","5016469.09829277","1.7475586630713598e-05","1239","0.06467656072644712","-1.445965571882522","1.4440828042107998","-4095.9999999999995","4090.666666666666","C:\Users\kimeu\Downloads\starlink_pathB_wsl_package_v0_3_clean\starlink_pathB\outputs\coverage_null_global_stats\23_80_lst048_quiet_frozen_polybeam_smooth_S30_single.npz","9.10175923472585","9444.443085672718","1.7798436919007438e-05","140609741.2109375","False","False","False","False","False","False","False","False","False","0","2","2","2","0.0","0.0149220859960422","0.0","0.0457676818690719","5.820419561578807e-09"
"23_80","207.2758462936688","long","quiet","48","2461041.833333333","2461041.8401562865","frozen_polybeam","smooth","30.0","multi","coherent_ab","2","2","2","46066;47487","79.453;74.123","0.1671706989247312","5.820419561578807e-09","0.0149220859960422","2563747.4821479414","0.05242939530132332","0.04529925177753681","0.00020722651934137015","False","20266790","100","-0.2716654405874212","1.0552344583980207","0.6039603960396039","0.16831683168316833","0.6020356819499284","112.69884774590287","0.6223662069255624","0.7991765993457534","0.8304302748920305","103.11615647347658","115.2472707378981","115.43195249313771","0.050476612710554036","2.0521592730924807","1.3400392251988555","112.69884774590287","-10.51562919814813","5016469.09829277","2.2465771349863813e-05","1239","0.06467656072644712","-1.445965571882522","1.4440828042107998","-4095.9999999999995","4090.666666666666","C:\Users\kimeu\Downloads\starlink_pathB_wsl_package_v0_3_clean\starlink_pathB\outputs\coverage_null_global_stats\23_80_lst048_quiet_frozen_polybeam_smooth_S30_multi.npz","9.10175923472585","9444.443085672718","1.7798436919007438e-05","140609741.2109375","False","False","False","False","False","False","False","False","False","0","2","2","2","0.0","0.0149220859960422","0.0","0.0457676818690719","5.820419561578807e-09"
"23_80","207.2758462936688","long","quiet","48","2461041.833333333","2461041.8401562865","frozen_polybeam","smooth","1000.0","single","coherent_ab","2","2","1","46066","79.453","0.1671706989247312","5.820419561578807e-09","0.0149220859960422","2563747.4821479414","1.5099750592512273","1.5099750592512273","0.00467490475373554","False","20266807","100","-1.0004324378654963","2.2307045370178353","0.9108910891089109","0.019801980198019802","14.565999620932416","2922.5586835771055","16.90134718274635","19.69155358999451","20.108766788719404","2809.5724735829326","2916.6044546879507","2921.500810023403","1.574489481738965","0.8975741603306273","0.8397432650984912","2922.5586835771055","-432.8753153914107","5016469.09829277","0.0005825927811599049","1239","0.06467656072644712","-1.445965571882522","1.4440828042107998","-4095.9999999999995","4090.666666666666","C:\Users\kimeu\Downloads\starlink_pathB_wsl_package_v0_3_clean\starlink_pathB\outputs\coverage_null_global_stats\23_80_lst048_quiet_frozen_polybeam_smooth_S1000_single.npz","9.10175923472585","9444.443085672718","1.7798436919007438e-05","140609741.2109375","False","False","False","False","False","False","False","False","False","0","2","2","2","0.0","0.0149220859960422","0.0","0.0457676818690719","5.820419561578807e-09"
"23_80","207.2758462936688","long","quiet","48","2461041.833333333","2461041.8401562865","frozen_polybeam","smooth","1000.0","multi","coherent_ab","2","2","2","46066;47487","79.453;74.123","0.1671706989247312","5.820419561578807e-09","0.0149220859960422","2563747.4821479414","1.747646510044111","1.5099750592512273","0.0069075506447123375","False","20266824","100","-0.34670755056343905","0.8231152175733624","0.6237623762376238","0.15841584158415842","20.07360363670705","3756.871883888539","20.95398709179881","27.193000636394185","28.110758810928345","3453.8119029294435","3811.9950040498093","3847.6746745102655","1.7127129313753358","1.864804158172097","1.3877047370358744","3756.871883888539","-351.4148080343706","5016469.09829277","0.0007489076101688928","1239","0.06467656072644712","-1.445965571882522","1.4440828042107998","-4095.9999999999995","4090.666666666666","C:\Users\kimeu\Downloads\starlink_pathB_wsl_package_v0_3_clean\starlink_pathB\outputs\coverage_null_global_stats\23_80_lst048_quiet_frozen_polybeam_smooth_S1000_multi.npz","9.10175923472585","9444.443085672718","1.7798436919007438e-05","140609741.2109375","False","False","False","False","False","False","False","False","False","0","2","2","2","0.0","0.0149220859960422","0.0","0.0457676818690719","5.820419561578807e-09"
"23_80","207.2758462936688","long","quiet","48","2461041.833333333","2461041.8401562865","frozen_polybeam","lines","30.0","single","coherent_ab","2","2","1","46066","79.453","0.1671706989247312","5.820419561578807e-09","0.0149220859960422","2563747.4821479414","0.0452977478205041","0.0452977478205041","0.00014040251820179585","False","20266841","100","-1.2690316141178783","2.2917168678257487","0.9900990099009901","0.039603960396039604","0.43108065054548206","87.60887937052847","0.5236931923077464","0.6075666200043998","0.6119002629219904","84.19271955111489","87.4532324556577","87.70145814422959","0.04922359926683839","1.3800011800861305","1.2981319518171262","87.60887937052847","-12.980676876177522","5016469.09829277","1.746425177827647e-05","1239","0.06467656072644712","-1.445965571882522","1.4440828042107998","-4095.9999999999995","4090.666666666666","C:\Users\kimeu\Downloads\starlink_pathB_wsl_package_v0_3_clean\starlink_pathB\outputs\coverage_null_global_stats\23_80_lst048_quiet_frozen_polybeam_lines_S30_single.npz","9.10175923472585","9444.443085672718","1.7798436919007438e-05","140609741.2109375","False","False","False","False","False","False","False","False","False","0","2","2","2","0.0","0.0149220859960422","0.0","0.0457676818690719","5.820419561578807e-09"
"23_80","207.2758462936688","long","quiet","48","2461041.833333333","2461041.8401562865","frozen_polybeam","lines","30.0","multi","coherent_ab","2","2","2","46066;47487","79.453;74.123","0.1671706989247312","5.820419561578807e-09","0.0149220859960422","2563747.4821479414","0.052427742444847575","0.0452977478205041","0.00020746243704607034","False","20266858","100","-0.12226983066335342","0.9085295944193184","0.5643564356435643","0.1782178217821782","0.6086233576606901","112.67453847848057","0.6185299014191514","0.790804191766449","0.8455579342102283","104.59018184309403","115.1626207165592","115.39580796125472","0.05464857673541701","1.8454660416093114","1.330207329007351","112.67453847848057","-10.549477021778072","5016469.09829277","2.2460925457873653e-05","1239","0.06467656072644712","-1.445965571882522","1.4440828042107998","-4095.9999999999995","4090.666666666666","C:\Users\kimeu\Downloads\starlink_pathB_wsl_package_v0_3_clean\starlink_pathB\outputs\coverage_null_global_stats\23_80_lst048_quiet_frozen_polybeam_lines_S30_multi.npz","9.10175923472585","9444.443085672718","1.7798436919007438e-05","140609741.2109375","False","False","False","False","False","False","False","False","False","0","2","2","2","0.0","0.0149220859960422","0.0","0.0457676818690719","5.820419561578807e-09"
"23_80","207.2758462936688","long","quiet","48","2461041.833333333","2461041.8401562865","frozen_polybeam","lines","1000.0","single","coherent_ab","2","2","1","46066","79.453","0.1671706989247312","5.820419561578807e-09","0.0149220859960422","2563747.4821479414","1.5099249273501367","1.5099249273501367","0.004680083940059862","False","20266875","100","-1.0915784815890204","1.4784166724191707","0.9702970297029703","0.06930693069306931","14.375705149737769","2920.6586641021704","16.739876337078385","20.218688563811885","20.38692699689476","2834.544795115583","2921.182143714741","2923.495351787995","1.4608309403101885","0.8271989075106764","0.7506938905272719","2920.6586641021704","-433.6714646279423","5016469.09829277","0.0005822140248199962","1239","0.06467656072644712","-1.445965571882522","1.4440828042107998","-4095.9999999999995","4090.666666666666","C:\Users\kimeu\Downloads\starlink_pathB_wsl_package_v0_3_clean\starlink_pathB\outputs\coverage_null_global_stats\23_80_lst048_quiet_frozen_polybeam_lines_S1000_single.npz","9.10175923472585","9444.443085672718","1.7798436919007438e-05","140609741.2109375","False","False","False","False","False","False","False","False","False","0","2","2","2","0.0","0.0149220859960422","0.0","0.0457676818690719","5.820419561578807e-09"
"23_80","207.2758462936688","long","quiet","48","2461041.833333333","2461041.8401562865","frozen_polybeam","lines","1000.0","multi","coherent_ab","2","2","2","46066;47487","79.453;74.123","0.1671706989247312","5.820419561578807e-09","0.0149220859960422","2563747.4821479414","1.7475914148282525","1.5099249273501367","0.006915414568202345","False","20266892","100","-0.09934179584528964","0.6169143814057945","0.5346534653465347","0.21782178217821782","20.293322936673576","3756.0553309081606","20.560765185210812","25.79810769598557","28.744361626663157","3543.8287239485335","3836.5585862466905","3859.750032546362","1.815825089501459","1.8899855544064843","1.3458006148093673","3756.0553309081606","-352.5414475176357","5016469.09829277","0.0007487448357224886","1239","0.06467656072644712","-1.445965571882522","1.4440828042107998","-4095.9999999999995","4090.666666666666","C:\Users\kimeu\Downloads\starlink_pathB_wsl_package_v0_3_clean\starlink_pathB\outputs\coverage_null_global_stats\23_80_lst048_quiet_frozen_polybeam_lines_S1000_multi.npz","9.10175923472585","9444.443085672718","1.7798436919007438e-05","140609741.2109375","False","False","False","False","False","False","False","False","False","0","2","2","2","0.0","0.0149220859960422","0.0","0.0457676818690719","5.820419561578807e-09"
"23_80","207.2758462936688","long","quiet","48","2461041.833333333","2461041.8401562865","frozen_polybeam","khz_comb","30.0","single","coherent_ab","2","2","1","46066","79.453","0.1671706989247312","5.820419561578807e-09","0.0149220859960422","2563747.4821479414","0.03727906347683561","0.03727906347683561","0.00012503292892763568","False","20266909","100","-1.1680113304101147","2.024897432423648","0.8712871287128713","0.1188118811881188","0.44192633038255735","82.82760756173786","0.5232208287293361","0.5961073124623908","0.6012670724124655","80.42586631363791","82.91909569935221","82.94969249482612","0.046945082212459965","1.0859431858110749","0.9376567409101271","82.82760756173786","-12.024368964743473","5016469.09829277","1.6511136805353028e-05","1239","0.06467656072644712","-1.445965571882522","1.4440828042107998","-4095.9999999999995","4090.666666666666","C:\Users\kimeu\Downloads\starlink_pathB_wsl_package_v0_3_clean\starlink_pathB\outputs\coverage_null_global_stats\23_80_lst048_quiet_frozen_polybeam_khz_comb_S30_single.npz","9.10175923472585","9444.443085672718","1.7798436919007438e-05","140609741.2109375","False","False","False","False","False","False","False","False","False","0","2","2","2","0.0","0.0149220859960422","0.0","0.0457676818690719","5.820419561578807e-09"
"23_80","207.2758462936688","long","quiet","48","2461041.833333333","2461041.8401562865","frozen_polybeam","khz_comb","30.0","multi","coherent_ab","2","2","2","46066;47487","79.453;74.123","0.1671706989247312","5.820419561578807e-09","0.0149220859960422","2563747.4821479414","0.043146894328904645","0.03727906347683561","0.00018505527983341135","False","20266926","100","0.3083180443575749","0.7291071685170837","0.4158415841584158","0.27722772277227725","0.6190135188517161","106.30172794264999","0.5883357858951968","0.7626151587491904","0.7940318131947063","98.38720818029587","110.26610840327952","110.81970657266102","0.06711202208089162","2.019132620283346","1.4913910451314563","106.30172794264999","-9.349174005444027","5016469.09829277","2.119054774578939e-05","1239","0.06467656072644712","-1.445965571882522","1.4440828042107998","-4095.9999999999995","4090.666666666666","C:\Users\kimeu\Downloads\starlink_pathB_wsl_package_v0_3_clean\starlink_pathB\outputs\coverage_null_global_stats\23_80_lst048_quiet_frozen_polybeam_khz_comb_S30_multi.npz","9.10175923472585","9444.443085672718","1.7798436919007438e-05","140609741.2109375","False","False","False","False","False","False","False","False","False","0","2","2","2","0.0","0.0149220859960422","0.0","0.0457676818690719","5.820419561578807e-09"
"23_80","207.2758462936688","long","quiet","48","2461041.833333333","2461041.8401562865","frozen_polybeam","khz_comb","1000.0","single","coherent_ab","2","2","1","46066","79.453","0.1671706989247312","5.820419561578807e-09","0.0149220859960422","2563747.4821479414","1.2426354492278535","1.2426354492278535","0.004167764297587856","False","20266943","100","-1.1166338627457866","2.6833217409707713","0.8316831683168316","0.07920792079207921","14.734697843578033","2761.2165460251863","17.438857569502943","20.004194653434297","20.042132973157713","2672.38462942326","2762.4125931930507","2764.6409778085635","1.6334188028295102","1.1930662875106945","1.1101161273431148","2761.2165460251863","-401.42214042704705","5016469.09829277","0.0005504302910915763","1239","0.06467656072644712","-1.445965571882522","1.4440828042107998","-4095.9999999999995","4090.666666666666","C:\Users\kimeu\Downloads\starlink_pathB_wsl_package_v0_3_clean\starlink_pathB\outputs\coverage_null_global_stats\23_80_lst048_quiet_frozen_polybeam_khz_comb_S1000_single.npz","9.10175923472585","9444.443085672718","1.7798436919007438e-05","140609741.2109375","False","False","False","False","False","False","False","False","False","0","2","2","2","0.0","0.0149220859960422","0.0","0.0457676818690719","5.820419561578807e-09"
"23_80","207.2758462936688","long","quiet","48","2461041.833333333","2461041.8401562865","frozen_polybeam","khz_comb","1000.0","multi","coherent_ab","2","2","2","46066;47487","79.453;74.123","0.1671706989247312","5.820419561578807e-09","0.0149220859960422","2563747.4821479414","1.4382298109634881","1.2426354492278535","0.006168509327780378","False","20266960","100","0.1042390351191359","0.5982589616528721","0.48514851485148514","0.297029702970297","20.63732465852263","3543.5622774708763","20.42163899813113","25.269781089506523","26.165941575959067","3307.564002421156","3687.5222973398036","3697.7147228062267","1.3956190664985115","2.385956872089696","1.4481853229761608","3543.5622774708763","-312.30012600770635","5016469.09829277","0.0007063857482301325","1239","0.06467656072644712","-1.445965571882522","1.4440828042107998","-4095.9999999999995","4090.666666666666","C:\Users\kimeu\Downloads\starlink_pathB_wsl_package_v0_3_clean\starlink_pathB\outputs\coverage_null_global_stats\23_80_lst048_quiet_frozen_polybeam_khz_comb_S1000_multi.npz","9.10175923472585","9444.443085672718","1.7798436919007438e-05","140609741.2109375","False","False","False","False","False","False","False","False","False","0","2","2","2","0.0","0.0149220859960422","0.0","0.0457676818690719","5.820419561578807e-09"
"23_80","207.2758462936688","long","quiet","48","2461041.833333333","2461041.8401562865","full_polybeam","smooth","30.0","single","coherent_ab","2","2","1","46066","79.453","0.1671706989247312","5.820419561578807e-09","0.0149220859960422","2563747.4821479414","0.16314358260896378","0.16314358260896378","0.0003288362647947463","False","20266977","100","0.8586039551719524","-0.8634053378240989","0.07920792079207921","0.9702970297029703","2.5926648220065545","270.39402022469255","2.2969792519879775","2.5942427344138195","2.59713128890402","277.8794863959341","286.38547544597236","286.56446898748305","0.23228076633790806","1.2871706716629956","1.1208830966274443","270.39402022469255","-10.421472143486287","5016469.09829277","5.3901263005230995e-05","1239","0.06467656072644712","-1.445965571882522","1.4440828042107998","-4095.9999999999995","4090.666666666666","C:\Users\kimeu\Downloads\starlink_pathB_wsl_package_v0_3_clean\starlink_pathB\outputs\coverage_null_global_stats\23_80_lst048_quiet_full_polybeam_smooth_S30_single.npz","9.10175923472585","9444.443085672718","1.7798436919007438e-05","140609741.2109375","False","False","False","False","False","False","False","False","False","0","2","2","2","0.0","0.0149220859960422","0.0","0.0457676818690719","5.820419561578807e-09"
"23_80","207.2758462936688","long","quiet","48","2461041.833333333","2461041.8401562865","full_polybeam","smooth","30.0","multi","coherent_ab","2","2","2","46066;47487","79.453;74.123","0.1671706989247312","5.820419561578807e-09","0.0149220859960422","2563747.4821479414","0.24088375974980836","0.16314358260896378","0.0004162097780424169","False","20266994","100","1.74339082809211","0.16284279134839638","0.0594059405940594","0.42574257425742573","2.775125272828518","305.0700415002767","2.2754907079404347","2.7739724968030712","2.9022331530337584","303.2203016748932","320.21142106874225","321.8702174227037","0.19330083174804713","2.8645748460265312","1.6851702045760253","305.0700415002767","28.166975002615565","5016469.09829277","6.081369894296761e-05","1239","0.06467656072644712","-1.445965571882522","1.4440828042107998","-4095.9999999999995","4090.666666666666","C:\Users\kimeu\Downloads\starlink_pathB_wsl_package_v0_3_clean\starlink_pathB\outputs\coverage_null_global_stats\23_80_lst048_quiet_full_polybeam_smooth_S30_multi.npz","9.10175923472585","9444.443085672718","1.7798436919007438e-05","140609741.2109375","False","False","False","False","False","False","False","False","False","0","2","2","2","0.0","0.0149220859960422","0.0","0.0457676818690719","5.820419561578807e-09"
"23_80","207.2758462936688","long","quiet","48","2461041.833333333","2461041.8401562865","full_polybeam","smooth","1000.0","single","coherent_ab","2","2","1","46066","79.453","0.1671706989247312","5.820419561578807e-09","0.0149220859960422","2563747.4821479414","5.4381194202987935","5.4381194202987935","0.010961208826491544","False","20267011","100","1.3054342594251598","-1.9484587562207265","0.04950495049504951","0.9801980198019802","86.40760346858406","9013.004966070626","73.41986137311119","86.30511370788008","86.61848059047219","9390.984945705404","9550.385792375975","9554.791902756393","6.710496500772933","1.3823033154654327","1.300892451162538","9013.004966070626","-384.0910808470022","5016469.09829277","0.0017966830432859593","1239","0.06467656072644712","-1.445965571882522","1.4440828042107998","-4095.9999999999995","4090.666666666666","C:\Users\kimeu\Downloads\starlink_pathB_wsl_package_v0_3_clean\starlink_pathB\outputs\coverage_null_global_stats\23_80_lst048_quiet_full_polybeam_smooth_S1000_single.npz","9.10175923472585","9444.443085672718","1.7798436919007438e-05","140609741.2109375","False","False","True","False","False","False","False","False","False","0","2","2","2","0.0","0.0149220859960422","0.0","0.0457676818690719","5.820419561578807e-09"
"23_80","207.2758462936688","long","quiet","48","2461041.833333333","2461041.8401562865","full_polybeam","smooth","1000.0","multi","coherent_ab","2","2","2","46066;47487","79.453;74.123","0.1671706989247312","5.820419561578807e-09","0.0149220859960422","2563747.4821479414","8.029458658326947","5.4381194202987935","0.013873659268080565","False","20267028","100","1.5712120658889346","-0.07024901912438056","0.0891089108910891","0.5445544554455446","92.50056892174689","10165.281813997328","75.53427841071607","94.17522770961159","103.0522161968142","10187.924018476124","10787.741526786065","10927.227822193057","7.283298302455023","2.294491295238405","1.4750741369244968","10165.281813997328","897.6526066367862","5016469.09829277","0.0020263818265035915","1239","0.06467656072644712","-1.445965571882522","1.4440828042107998","-4095.9999999999995","4090.666666666666","C:\Users\kimeu\Downloads\starlink_pathB_wsl_package_v0_3_clean\starlink_pathB\outputs\coverage_null_global_stats\23_80_lst048_quiet_full_polybeam_smooth_S1000_multi.npz","9.10175923472585","9444.443085672718","1.7798436919007438e-05","140609741.2109375","False","False","False","False","False","False","False","False","False","0","2","2","2","0.0","0.0149220859960422","0.0","0.0457676818690719","5.820419561578807e-09"
"23_80","207.2758462936688","long","quiet","48","2461041.833333333","2461041.8401562865","full_polybeam","lines","30.0","single","coherent_ab","2","2","1","46066","79.453","0.1671706989247312","5.820419561578807e-09","0.0149220859960422","2563747.4821479414","0.16314318639441094","0.16314318639441094","0.00032909458817370423","False","20267045","100","1.0539921418916112","-0.9643676327549885","0.09900990099009901","0.9504950495049505","2.5931681784313696","270.34097016311273","2.2298486563331608","2.5960479050303547","2.597527170528083","278.414401402019","286.37350061589984","286.55246388020015","0.23250235998239077","0.8995866577564767","0.8677208376761513","270.34097016311273","-10.420659018241455","5016469.09829277","5.3890687825649424e-05","1239","0.06467656072644712","-1.445965571882522","1.4440828042107998","-4095.9999999999995","4090.666666666666","C:\Users\kimeu\Downloads\starlink_pathB_wsl_package_v0_3_clean\starlink_pathB\outputs\coverage_null_global_stats\23_80_lst048_quiet_full_polybeam_lines_S30_single.npz","9.10175923472585","9444.443085672718","1.7798436919007438e-05","140609741.2109375","False","False","False","False","False","False","False","False","False","0","2","2","2","0.0","0.0149220859960422","0.0","0.0457676818690719","5.820419561578807e-09"
"23_80","207.2758462936688","long","quiet","48","2461041.833333333","2461041.8401562865","full_polybeam","lines","30.0","multi","coherent_ab","2","2","2","46066;47487","79.453;74.123","0.1671706989247312","5.820419561578807e-09","0.0149220859960422","2563747.4821479414","0.24086717608996042","0.16314318639441094","0.00041653467641251","False","20267062","100","1.8673832798223173","0.07424202612131775","0.0594059405940594","0.48514851485148514","2.7716614928904164","305.0267664450512","2.2686825687706005","2.7300655419943722","3.075760264164092","303.92546332735105","321.82676766859896","325.61988598182506","0.1816738107254423","2.3777676354817343","1.5589525007159604","305.0267664450512","28.09427169552837","5016469.09829277","6.0805072346375945e-05","1239","0.06467656072644712","-1.445965571882522","1.4440828042107998","-4095.9999999999995","4090.666666666666","C:\Users\kimeu\Downloads\starlink_pathB_wsl_package_v0_3_clean\starlink_pathB\outputs\coverage_null_global_stats\23_80_lst048_quiet_full_polybeam_lines_S30_multi.npz","9.10175923472585","9444.443085672718","1.7798436919007438e-05","140609741.2109375","False","False","False","False","False","False","False","False","False","0","2","2","2","0.0","0.0149220859960422","0.0","0.0457676818690719","5.820419561578807e-09"
"23_80","207.2758462936688","long","quiet","48","2461041.833333333","2461041.8401562865","full_polybeam","lines","1000.0","single","coherent_ab","2","2","1","46066","79.453","0.1671706989247312","5.820419561578807e-09","0.0149220859960422","2563747.4821479414","5.438106213147032","5.438106213147032","0.010969819605790142","False","20267079","100","1.02812528517373","-1.8594821590956339","0.019801980198019802","0.9900990099009901","86.42363248668698","9011.295841495092","75.92178604526907","85.05671012256461","86.27747081351933","9373.273623655834","9530.949505739825","9540.838478429989","6.889625694772803","0.9110301923365428","0.8699002843983609","9011.295841495092","-384.0455174626405","5016469.09829277","0.0017963423405841096","1239","0.06467656072644712","-1.445965571882522","1.4440828042107998","-4095.9999999999995","4090.666666666666","C:\Users\kimeu\Downloads\starlink_pathB_wsl_package_v0_3_clean\starlink_pathB\outputs\coverage_null_global_stats\23_80_lst048_quiet_full_polybeam_lines_S1000_single.npz","9.10175923472585","9444.443085672718","1.7798436919007438e-05","140609741.2109375","False","False","True","False","False","False","False","False","False","0","2","2","2","0.0","0.0149220859960422","0.0","0.0457676818690719","5.820419561578807e-09"
"23_80","207.2758462936688","long","quiet","48","2461041.833333333","2461041.8401562865","full_polybeam","lines","1000.0","multi","coherent_ab","2","2","2","46066;47487","79.453;74.123","0.1671706989247312","5.820419561578807e-09","0.0149220859960422","2563747.4821479414","8.028905869665348","5.438106213147032","0.013884489213750335","False","20267096","100","1.7006750061232654","-0.023449890574355408","0.07920792079207921","0.5148514851485149","92.3842297516021","10164.12101860965","77.23390724203637","96.48871651034214","100.26091020059177","10173.254465849084","10765.61566935492","10910.73718763261","6.008645096211694","2.1105763282819123","1.7257688006453884","10164.12101860965","895.2514259678802","5016469.09829277","0.0020261504296057073","1239","0.06467656072644712","-1.445965571882522","1.4440828042107998","-4095.9999999999995","4090.666666666666","C:\Users\kimeu\Downloads\starlink_pathB_wsl_package_v0_3_clean\starlink_pathB\outputs\coverage_null_global_stats\23_80_lst048_quiet_full_polybeam_lines_S1000_multi.npz","9.10175923472585","9444.443085672718","1.7798436919007438e-05","140609741.2109375","False","False","False","False","False","False","False","False","False","0","2","2","2","0.0","0.0149220859960422","0.0","0.0457676818690719","5.820419561578807e-09"
"23_80","207.2758462936688","long","quiet","48","2461041.833333333","2461041.8401562865","full_polybeam","khz_comb","30.0","single","coherent_ab","2","2","1","46066","79.453","0.1671706989247312","5.820419561578807e-09","0.0149220859960422","2563747.4821479414","0.13426330212950496","0.13426330212950496","0.0002788566993525335","False","20267113","100","0.8660904425872306","-1.513940837679177","0.039603960396039604","1.0","2.1774630705822346","224.3222700151353","1.908453914085385","2.1735688406001827","2.1862901027984116","232.50747798238677","237.2119531349213","237.348067280203","0.2094979708235769","1.1630600349576734","1.0225126019167332","224.3222700151353","-9.239643696836168","5016469.09829277","4.471716373005822e-05","1239","0.06467656072644712","-1.445965571882522","1.4440828042107998","-4095.9999999999995","4090.666666666666","C:\Users\kimeu\Downloads\starlink_pathB_wsl_package_v0_3_clean\starlink_pathB\outputs\coverage_null_global_stats\23_80_lst048_quiet_full_polybeam_khz_comb_S30_single.npz","9.10175923472585","9444.443085672718","1.7798436919007438e-05","140609741.2109375","False","False","True","False","False","False","False","False","False","0","2","2","2","0.0","0.0149220859960422","0.0","0.0457676818690719","5.820419561578807e-09"
"23_80","207.2758462936688","long","quiet","48","2461041.833333333","2461041.8401562865","full_polybeam","khz_comb","30.0","multi","coherent_ab","2","2","2","46066;47487","79.453;74.123","0.1671706989247312","5.820419561578807e-09","0.0149220859960422","2563747.4821479414","0.19822845900694594","0.13426330212950496","0.00035558326171083044","False","20267130","100","2.2511603513641734","-0.010266467881485485","0.0594059405940594","0.5148514851485149","2.380707110143703","256.62397184390414","1.8998188492241752","2.3084757112392245","2.792187176389798","256.74011139917195","272.1168346634876","273.94549712691554","0.14408333379469696","1.9639338592333175","1.598345513936452","256.62397184390414","23.415327181721374","5016469.09829277","5.115629475944339e-05","1239","0.06467656072644712","-1.445965571882522","1.4440828042107998","-4095.9999999999995","4090.666666666666","C:\Users\kimeu\Downloads\starlink_pathB_wsl_package_v0_3_clean\starlink_pathB\outputs\coverage_null_global_stats\23_80_lst048_quiet_full_polybeam_khz_comb_S30_multi.npz","9.10175923472585","9444.443085672718","1.7798436919007438e-05","140609741.2109375","True","False","False","False","False","False","False","False","False","0","2","2","2","0.0","0.0149220859960422","0.0","0.0457676818690719","5.820419561578807e-09"
"23_80","207.2758462936688","long","quiet","48","2461041.833333333","2461041.8401562865","full_polybeam","khz_comb","1000.0","single","coherent_ab","2","2","1","46066","79.453","0.1671706989247312","5.820419561578807e-09","0.0149220859960422","2563747.4821479414","4.475443404316833","4.475443404316833","0.009295223311751118","False","20267147","100","0.7709799421777458","-1.184648775492254","0.1188118811881188","0.9603960396039604","72.5714104725921","7477.92590871186","63.54340056820365","72.74370645198242","72.85965938839736","7711.299360909983","7905.7647952803745","7909.331895242037","7.898142252278376","1.4860353064659317","1.3089532657425587","7477.92590871186","-332.6897065223026","5016469.09829277","0.0014906751665741916","1239","0.06467656072644712","-1.445965571882522","1.4440828042107998","-4095.9999999999995","4090.666666666666","C:\Users\kimeu\Downloads\starlink_pathB_wsl_package_v0_3_clean\starlink_pathB\outputs\coverage_null_global_stats\23_80_lst048_quiet_full_polybeam_khz_comb_S1000_single.npz","9.10175923472585","9444.443085672718","1.7798436919007438e-05","140609741.2109375","False","False","False","False","False","False","False","False","False","0","2","2","2","0.0","0.0149220859960422","0.0","0.0457676818690719","5.820419561578807e-09"
"23_80","207.2758462936688","long","quiet","48","2461041.833333333","2461041.8401562865","full_polybeam","khz_comb","1000.0","multi","coherent_ab","2","2","2","46066;47487","79.453;74.123","0.1671706989247312","5.820419561578807e-09","0.0149220859960422","2563747.4821479414","6.607615300231531","4.475443404316833","0.011852775390361016","False","20267164","100","1.7736662544516502","0.28022094067046405","0.0891089108910891","0.44554455445544555","79.3558830858492","8551.7548159985","62.788757677944886","82.85382464878738","90.980015072797","8447.168306563854","9030.806142836575","9130.930644941729","6.300155381924469","2.373724476750738","1.6781988138005663","8551.7548159985","752.6710791679177","5016469.09829277","0.0017047358706762245","1239","0.06467656072644712","-1.445965571882522","1.4440828042107998","-4095.9999999999995","4090.666666666666","C:\Users\kimeu\Downloads\starlink_pathB_wsl_package_v0_3_clean\starlink_pathB\outputs\coverage_null_global_stats\23_80_lst048_quiet_full_polybeam_khz_comb_S1000_multi.npz","9.10175923472585","9444.443085672718","1.7798436919007438e-05","140609741.2109375","False","False","False","False","False","False","False","False","False","0","2","2","2","0.0","0.0149220859960422","0.0","0.0457676818690719","5.820419561578807e-09"
"23_80","207.2758462936688","long","typical","44","2461041.8055555555","2461041.8123785085","frozen_polybeam","smooth","30.0","single","coherent_ab","3","3","1","46146","86.588","0.167023689516129","8.145571291565058e-08","0.2419547912000571","2970384.55056685","0.3216721085874384","0.3216721085874384","0.0005576279706413369","False","20267177","100","1.1717672295175026","-0.012213354270957143","0.27722772277227725","0.5148514851485149","3.32180963331939","509.6191247292568","2.9054588994604273","4.089104780606067","4.373336758580208","509.80464070723986","522.690306391371","523.1391169830226","0.23965913674237527","0.9960543735177945","0.8787967887446934","509.6191247292568","149.55177828020868","1566056.4445053064","0.0003254155535180839","1239","0.06467656072644712","-1.445965571882522","1.4440828042107998","-4095.9999999999995","4090.666666666666","C:\Users\kimeu\Downloads\starlink_pathB_wsl_package_v0_3_clean\starlink_pathB\outputs\coverage_null_global_stats\23_80_lst044_typical_frozen_polybeam_smooth_S30_single.npz","9.10175923472585","9444.443085672718","1.7798436919007438e-05","140609741.2109375","False","False","False","False","False","False","False","False","False","0","3","3","3","0.0","0.2419547912000571","0.0","0.7241364102878726","8.145571291565058e-08"
"23_80","207.2758462936688","long","typical","44","2461041.8055555555","2461041.8123785085","frozen_polybeam","smooth","30.0","multi","coherent_ab","3","3","3","46146;46484;48165","86.588;71.230;70.052","0.167023689516129","8.145571291565058e-08","0.2419547912000571","2970384.55056685","0.3412372859269846","0.3216721085874384","0.0007343242568072524","False","20267194","100","1.1227766904203687","1.1154378745092302","0.18811881188118812","0.15841584158415842","3.5240599621406545","517.1996694897394","2.9784599763681854","4.167615729475346","4.433047787872892","507.14883378587535","525.8808625006035","527.9018004108691","0.32776076660115905","1.6371369075469315","0.9965017325861546","517.1996694897394","157.8425576756712","1566056.4445053064","0.0003302560845136811","1239","0.06467656072644712","-1.445965571882522","1.4440828042107998","-4095.9999999999995","4090.666666666666","C:\Users\kimeu\Downloads\starlink_pathB_wsl_package_v0_3_clean\starlink_pathB\outputs\coverage_null_global_stats\23_80_lst044_typical_frozen_polybeam_smooth_S30_multi.npz","9.10175923472585","9444.443085672718","1.7798436919007438e-05","140609741.2109375","False","False","False","False","False","False","False","False","False","0","3","3","3","0.0","0.2419547912000571","0.0","0.7241364102878726","8.145571291565058e-08"
"23_80","207.2758462936688","long","typical","44","2461041.8055555555","2461041.8123785085","frozen_polybeam","smooth","1000.0","single","coherent_ab","3","3","1","46146","86.588","0.167023689516129","8.145571291565058e-08","0.2419547912000571","2970384.55056685","10.72240361958128","10.72240361958128","0.018587599021377892","False","20267211","100","0.399781483712014","0.7796394394904832","0.39603960396039606","0.3069306930693069","115.59005035665905","17362.59839904801","106.78202965227592","148.25147460972647","150.16032033814173","16959.812002198734","17869.70956372832","17881.209472604896","14.86043955618652","0.8303863098712672","0.802863721953909","17362.59839904801","6367.995899685955","1566056.4445053064","0.011086827974794097","1239","0.06467656072644712","-1.445965571882522","1.4440828042107998","-4095.9999999999995","4090.666666666666","C:\Users\kimeu\Downloads\starlink_pathB_wsl_package_v0_3_clean\starlink_pathB\outputs\coverage_null_global_stats\23_80_lst044_typical_frozen_polybeam_smooth_S1000_single.npz","9.10175923472585","9444.443085672718","1.7798436919007438e-05","140609741.2109375","False","False","False","False","False","False","False","False","False","0","3","3","3","0.0","0.2419547912000571","0.0","0.7241364102878726","8.145571291565058e-08"
"23_80","207.2758462936688","long","typical","44","2461041.8055555555","2461041.8123785085","frozen_polybeam","smooth","1000.0","multi","coherent_ab","3","3","3","46146;46484;48165","86.588;71.230;70.052","0.167023689516129","8.145571291565058e-08","0.2419547912000571","2970384.55056685","11.374576197566153","10.72240361958128","0.024477475226908407","False","20267228","100","0.6402736256733824","1.1805701872653864","0.21782178217821782","0.16831683168316833","121.7373577303938","17619.397132547936","107.73767074227999","149.38456258288707","152.77333280719398","17071.248382462843","18028.894294142305","18215.657312479583","14.74785018532748","1.367049079029826","0.9784394401675144","17619.397132547936","6644.705197680047","1566056.4445053064","0.011250805929995477","1239","0.06467656072644712","-1.445965571882522","1.4440828042107998","-4095.9999999999995","4090.666666666666","C:\Users\kimeu\Downloads\starlink_pathB_wsl_package_v0_3_clean\starlink_pathB\outputs\coverage_null_global_stats\23_80_lst044_typical_frozen_polybeam_smooth_S1000_multi.npz","9.10175923472585","9444.443085672718","1.7798436919007438e-05","140609741.2109375","False","False","False","False","False","False","False","False","False","0","3","3","3","0.0","0.2419547912000571","0.0","0.7241364102878726","8.145571291565058e-08"
"23_80","207.2758462936688","long","typical","44","2461041.8055555555","2461041.8123785085","frozen_polybeam","lines","30.0","single","coherent_ab","3","3","1","46146","86.588","0.167023689516129","8.145571291565058e-08","0.2419547912000571","2970384.55056685","0.32161351779474856","0.32161351779474856","0.0005584069365386184","False","20267245","100","0.4247925509143006","0.1028270727107459","0.31683168316831684","0.44554455445544555","3.332490883997707","509.52944257795974","3.073149432163291","4.287437916692125","4.343767472305244","508.07272654722874","522.6268855264626","523.365776540726","0.41178549961637145","1.059682276532624","0.9458520630053538","509.52944257795974","149.87735387063725","1566056.4445053064","0.000325358287286326","1239","0.06467656072644712","-1.445965571882522","1.4440828042107998","-4095.9999999999995","4090.666666666666","C:\Users\kimeu\Downloads\starlink_pathB_wsl_package_v0_3_clean\starlink_pathB\outputs\coverage_null_global_stats\23_80_lst044_typical_frozen_polybeam_lines_S30_single.npz","9.10175923472585","9444.443085672718","1.7798436919007438e-05","140609741.2109375","False","False","False","False","False","False","False","False","False","0","3","3","3","0.0","0.2419547912000571","0.0","0.7241364102878726","8.145571291565058e-08"
"23_80","207.2758462936688","long","typical","44","2461041.8055555555","2461041.8123785085","frozen_polybeam","lines","30.0","multi","coherent_ab","3","3","3","46146;46484;48165","86.588;71.230;70.052","0.167023689516129","8.145571291565058e-08","0.2419547912000571","2970384.55056685","0.3411784572221072","0.32161351779474856","0.000735304053904576","False","20267262","100","0.6820718407112457","1.0222872975344046","0.27722772277227725","0.21782178217821782","3.5390721904982456","517.1379198959305","3.1593011580143866","4.258799994640503","4.356989546303904","506.2907337009161","528.6535035149617","532.3897347200234","0.3755499594590219","1.5841911645870297","0.989326145784613","517.1379198959305","158.14185655310672","1566056.4445053064","0.0003302166545212146","1239","0.06467656072644712","-1.445965571882522","1.4440828042107998","-4095.9999999999995","4090.666666666666","C:\Users\kimeu\Downloads\starlink_pathB_wsl_package_v0_3_clean\starlink_pathB\outputs\coverage_null_global_stats\23_80_lst044_typical_frozen_polybeam_lines_S30_multi.npz","9.10175923472585","9444.443085672718","1.7798436919007438e-05","140609741.2109375","False","False","False","False","False","False","False","False","False","0","3","3","3","0.0","0.2419547912000571","0.0","0.7241364102878726","8.145571291565058e-08"
"23_80","207.2758462936688","long","typical","44","2461041.8055555555","2461041.8123785085","frozen_polybeam","lines","1000.0","single","coherent_ab","3","3","1","46146","86.588","0.167023689516129","8.145571291565058e-08","0.2419547912000571","2970384.55056685","10.720450593158288","10.720450593158288","0.018613564551287275","False","20267279","100","0.6488345084175827","1.0773801926662085","0.31683168316831684","0.19801980198019803","115.96257023367707","17360.740008224246","103.58953924761045","147.90522371741253","149.71178011076273","16899.44464805395","17836.766726756345","17883.737891980643","12.862286081504863","1.0260739372582541","0.9791095577707379","17360.740008224246","6378.603100252953","1566056.4445053064","0.011085641305673527","1239","0.06467656072644712","-1.445965571882522","1.4440828042107998","-4095.9999999999995","4090.666666666666","C:\Users\kimeu\Downloads\starlink_pathB_wsl_package_v0_3_clean\starlink_pathB\outputs\coverage_null_global_stats\23_80_lst044_typical_frozen_polybeam_lines_S1000_single.npz","9.10175923472585","9444.443085672718","1.7798436919007438e-05","140609741.2109375","False","False","False","False","False","False","False","False","False","0","3","3","3","0.0","0.2419547912000571","0.0","0.7241364102878726","8.145571291565058e-08"
"23_80","207.2758462936688","long","typical","44","2461041.8055555555","2461041.8123785085","frozen_polybeam","lines","1000.0","multi","coherent_ab","3","3","3","46146;46484;48165","86.588;71.230;70.052","0.167023689516129","8.145571291565058e-08","0.2419547912000571","2970384.55056685","11.37261524073691","10.720450593158288","0.024510135130152533","False","20267296","100","0.5847014661321424","1.467278370792301","0.27722772277227725","0.19801980198019803","122.2766269058643","17615.952645645622","108.50149845871601","150.1798981039582","151.8498999344666","17047.551764031443","18002.14671544648","18185.023928698705","15.890496922586635","1.95308230519345","1.049712636895113","17615.952645645622","6654.433011213164","1566056.4445053064","0.011248606464634955","1239","0.06467656072644712","-1.445965571882522","1.4440828042107998","-4095.9999999999995","4090.666666666666","C:\Users\kimeu\Downloads\starlink_pathB_wsl_package_v0_3_clean\starlink_pathB\outputs\coverage_null_global_stats\23_80_lst044_typical_frozen_polybeam_lines_S1000_multi.npz","9.10175923472585","9444.443085672718","1.7798436919007438e-05","140609741.2109375","False","False","False","False","False","False","False","False","False","0","3","3","3","0.0","0.2419547912000571","0.0","0.7241364102878726","8.145571291565058e-08"
"23_80","207.2758462936688","long","typical","44","2461041.8055555555","2461041.8123785085","frozen_polybeam","khz_comb","30.0","single","coherent_ab","3","3","1","46146","86.588","0.167023689516129","8.145571291565058e-08","0.2419547912000571","2970384.55056685","0.2665454681362969","0.2665454681362969","0.0005005075240485505","False","20267313","100","0.6019052718438008","0.5569833379849106","0.26732673267326734","0.27722772277227725","3.047301378442171","494.6181352391559","2.8643102415016983","3.4685906107241857","3.8108554436738813","488.9736949322129","501.49434674956836","501.77734496915497","0.20505856437239345","1.1961516458464383","1.101657283175659","494.6181352391559","144.2630388684811","1566056.4445053064","0.00031583672285541295","1239","0.06467656072644712","-1.445965571882522","1.4440828042107998","-4095.9999999999995","4090.666666666666","C:\Users\kimeu\Downloads\starlink_pathB_wsl_package_v0_3_clean\starlink_pathB\outputs\coverage_null_global_stats\23_80_lst044_typical_frozen_polybeam_khz_comb_S30_single.npz","9.10175923472585","9444.443085672718","1.7798436919007438e-05","140609741.2109375","False","False","False","False","False","False","False","False","False","0","3","3","3","0.0","0.2419547912000571","0.0","0.7241364102878726","8.145571291565058e-08"
"23_80","207.2758462936688","long","typical","44","2461041.8055555555","2461041.8123785085","frozen_polybeam","khz_comb","30.0","multi","coherent_ab","3","3","3","46146;46484;48165","86.588;71.230;70.052","0.167023689516129","8.145571291565058e-08","0.2419547912000571","2970384.55056685","0.28264698871791843","0.2665454681362969","0.000659519318160673","False","20267330","100","1.1750189781818787","1.0592546522532456","0.16831683168316833","0.1782178217821782","3.2497629285899166","502.80697250210824","2.8604300256847637","3.7186747947137517","3.8635582570619773","491.1620768011319","505.6463827254515","508.54800634914244","0.22348698212181262","1.6230188177024272","1.143929556538154","502.80697250210824","152.0360779174744","1566056.4445053064","0.0003210656769532578","1239","0.06467656072644712","-1.445965571882522","1.4440828042107998","-4095.9999999999995","4090.666666666666","C:\Users\kimeu\Downloads\starlink_pathB_wsl_package_v0_3_clean\starlink_pathB\outputs\coverage_null_global_stats\23_80_lst044_typical_frozen_polybeam_khz_comb_S30_multi.npz","9.10175923472585","9444.443085672718","1.7798436919007438e-05","140609741.2109375","False","False","False","False","False","False","False","False","False","0","3","3","3","0.0","0.2419547912000571","0.0","0.7241364102878726","8.145571291565058e-08"
"23_80","207.2758462936688","long","typical","44","2461041.8055555555","2461041.8123785085","frozen_polybeam","khz_comb","1000.0","single","coherent_ab","3","3","1","46146","86.588","0.167023689516129","8.145571291565058e-08","0.2419547912000571","2970384.55056685","8.884848937876566","8.884848937876566","0.016683584134951683","False","20267347","100","0.6757570590922313","1.4876938376322972","0.2871287128712871","0.19801980198019803","105.55980490105776","16787.505572680817","97.95998824167236","128.35391073691807","130.61853317594105","16281.96231209467","17083.98349690196","17114.709685428974","7.585575380237515","1.1128245451671244","1.0322552837192631","16787.505572680817","6086.957168778956","1566056.4445053064","0.0107196044124602","1239","0.06467656072644712","-1.445965571882522","1.4440828042107998","-4095.9999999999995","4090.666666666666","C:\Users\kimeu\Downloads\starlink_pathB_wsl_package_v0_3_clean\starlink_pathB\outputs\coverage_null_global_stats\23_80_lst044_typical_frozen_polybeam_khz_comb_S1000_single.npz","9.10175923472585","9444.443085672718","1.7798436919007438e-05","140609741.2109375","False","False","False","False","False","False","False","False","False","0","3","3","3","0.0","0.2419547912000571","0.0","0.7241364102878726","8.145571291565058e-08"
"23_80","207.2758462936688","long","typical","44","2461041.8055555555","2461041.8123785085","frozen_polybeam","khz_comb","1000.0","multi","coherent_ab","3","3","3","46146;46484;48165","86.588;71.230;70.052","0.167023689516129","8.145571291565058e-08","0.2419547912000571","2970384.55056685","9.421566290597282","8.884848937876566","0.021983977272022427","False","20267364","100","1.107421357925952","2.0539792865496","0.19801980198019803","0.10891089108910891","111.92605902569949","17068.889349307938","98.24166115756907","128.8132943487154","132.12200327101783","16349.94988948795","17192.095083118013","17369.95560478363","8.33467753262562","1.8272170908644068","1.2792321812896654","17068.889349307938","6345.333358709413","1566056.4445053064","0.010899281063077993","1239","0.06467656072644712","-1.445965571882522","1.4440828042107998","-4095.9999999999995","4090.666666666666","C:\Users\kimeu\Downloads\starlink_pathB_wsl_package_v0_3_clean\starlink_pathB\outputs\coverage_null_global_stats\23_80_lst044_typical_frozen_polybeam_khz_comb_S1000_multi.npz","9.10175923472585","9444.443085672718","1.7798436919007438e-05","140609741.2109375","False","False","False","False","False","False","False","False","False","0","3","3","3","0.0","0.2419547912000571","0.0","0.7241364102878726","8.145571291565058e-08"
"23_80","207.2758462936688","long","typical","44","2461041.8055555555","2461041.8123785085","full_polybeam","smooth","30.0","single","coherent_ab","3","3","1","46146","86.588","0.167023689516129","8.145571291565058e-08","0.2419547912000571","2970384.55056685","0.42863156770897143","0.42863156770897143","0.0007016868190769123","False","20267381","100","0.11437023419662673","-0.6991313322297648","0.46534653465346537","0.8118811881188119","3.0907044485147708","522.1767953562841","3.045990887237849","4.287092421044144","4.461452347221348","531.4760554534546","545.7664390798083","546.2202514421192","0.26369521857168365","1.3568520921523213","1.260086113539792","522.1767953562841","141.62238268298293","1566056.4445053064","0.0003334342112561797","1239","0.06467656072644712","-1.445965571882522","1.4440828042107998","-4095.9999999999995","4090.666666666666","C:\Users\kimeu\Downloads\starlink_pathB_wsl_package_v0_3_clean\starlink_pathB\outputs\coverage_null_global_stats\23_80_lst044_typical_full_polybeam_smooth_S30_single.npz","9.10175923472585","9444.443085672718","1.7798436919007438e-05","140609741.2109375","False","False","False","False","False","False","False","False","False","0","3","3","3","0.0","0.2419547912000571","0.0","0.7241364102878726","8.145571291565058e-08"
"23_80","207.2758462936688","long","typical","44","2461041.8055555555","2461041.8123785085","full_polybeam","smooth","30.0","multi","coherent_ab","3","3","3","46146;46484;48165","86.588;71.230;70.052","0.167023689516129","8.145571291565058e-08","0.2419547912000571","2970384.55056685","0.4669414337232488","0.42863156770897143","0.0009484418001678395","False","20267398","100","0.49742393372752025","-0.8609571244548314","0.33663366336633666","0.7722772277227723","3.35539899509331","528.633318519026","3.143158624496209","4.323651384421282","4.626381179589189","536.942748238489","553.808486071033","557.4988715637535","0.2877910752763455","1.7292062367092638","1.1121804609203023","528.633318519026","156.68102132221762","1566056.4445053064","0.00033755700209516605","1239","0.06467656072644712","-1.445965571882522","1.4440828042107998","-4095.9999999999995","4090.666666666666","C:\Users\kimeu\Downloads\starlink_pathB_wsl_package_v0_3_clean\starlink_pathB\outputs\coverage_null_global_stats\23_80_lst044_typical_full_polybeam_smooth_S30_multi.npz","9.10175923472585","9444.443085672718","1.7798436919007438e-05","140609741.2109375","False","False","False","False","False","False","False","False","False","0","3","3","3","0.0","0.2419547912000571","0.0","0.7241364102878726","8.145571291565058e-08"
"23_80","207.2758462936688","long","typical","44","2461041.8055555555","2461041.8123785085","full_polybeam","smooth","1000.0","single","coherent_ab","3","3","1","46146","86.588","0.167023689516129","8.145571291565058e-08","0.2419547912000571","2970384.55056685","14.287718923632381","14.287718923632381","0.023389560635897078","False","20267415","100","0.13877042419220798","0.1808164499670895","0.44554455445544555","0.40594059405940597","108.36218359358008","17787.550804843817","105.60572573133504","153.49131884515674","153.74411019133515","17708.437756463496","18599.950210394534","18628.446603715813","13.397706087543156","1.2205101313055597","1.188018438439644","17787.550804843817","6124.817018593745","1566056.4445053064","0.011358179883779754","1239","0.06467656072644712","-1.445965571882522","1.4440828042107998","-4095.9999999999995","4090.666666666666","C:\Users\kimeu\Downloads\starlink_pathB_wsl_package_v0_3_clean\starlink_pathB\outputs\coverage_null_global_stats\23_80_lst044_typical_full_polybeam_smooth_S1000_single.npz","9.10175923472585","9444.443085672718","1.7798436919007438e-05","140609741.2109375","False","False","False","False","False","False","False","False","False","0","3","3","3","0.0","0.2419547912000571","0.0","0.7241364102878726","8.145571291565058e-08"
"23_80","207.2758462936688","long","typical","44","2461041.8055555555","2461041.8123785085","full_polybeam","smooth","1000.0","multi","coherent_ab","3","3","3","46146;46484;48165","86.588;71.230;70.052","0.167023689516129","8.145571291565058e-08","0.2419547912000571","2970384.55056685","15.564714457441628","14.287718923632381","0.03161472667226132","False","20267432","100","0.2544775857378321","0.35470835120530714","0.42574257425742573","0.3564356435643564","115.69533674173726","18040.74931634926","110.68337000344832","150.78154540856704","152.46632980744783","17845.339701301622","18851.513108203435","18951.555139608085","13.284176844017338","1.9736389343157643","1.1415294354230494","18040.74931634926","6625.23090329818","1566056.4445053064","0.011519858929508802","1239","0.06467656072644712","-1.445965571882522","1.4440828042107998","-4095.9999999999995","4090.666666666666","C:\Users\kimeu\Downloads\starlink_pathB_wsl_package_v0_3_clean\starlink_pathB\outputs\coverage_null_global_stats\23_80_lst044_typical_full_polybeam_smooth_S1000_multi.npz","9.10175923472585","9444.443085672718","1.7798436919007438e-05","140609741.2109375","False","False","False","False","False","False","False","False","False","0","3","3","3","0.0","0.2419547912000571","0.0","0.7241364102878726","8.145571291565058e-08"
"23_80","207.2758462936688","long","typical","44","2461041.8055555555","2461041.8123785085","full_polybeam","lines","30.0","single","coherent_ab","3","3","1","46146","86.588","0.167023689516129","8.145571291565058e-08","0.2419547912000571","2970384.55056685","0.4285534948433002","0.4285534948433002","0.000702604980669756","False","20267449","100","0.0078438631418414","-0.9644165765059372","0.49504950495049505","0.8118811881188119","3.0972499951312784","522.4993988538164","3.0932725581888008","4.361458559682251","4.446035004654459","533.7486117820699","545.1616903967551","546.0323700710417","0.34201826518255984","0.8698924856456023","0.8316574499651157","522.4993988538164","142.00232188292193","1566056.4445053064","0.00033364020861895947","1239","0.06467656072644712","-1.445965571882522","1.4440828042107998","-4095.9999999999995","4090.666666666666","C:\Users\kimeu\Downloads\starlink_pathB_wsl_package_v0_3_clean\starlink_pathB\outputs\coverage_null_global_stats\23_80_lst044_typical_full_polybeam_lines_S30_single.npz","9.10175923472585","9444.443085672718","1.7798436919007438e-05","140609741.2109375","False","False","False","False","False","False","False","False","False","0","3","3","3","0.0","0.2419547912000571","0.0","0.7241364102878726","8.145571291565058e-08"
"23_80","207.2758462936688","long","typical","44","2461041.8055555555","2461041.8123785085","full_polybeam","lines","30.0","multi","coherent_ab","3","3","3","46146;46484;48165","86.588;71.230;70.052","0.167023689516129","8.145571291565058e-08","0.2419547912000571","2970384.55056685","0.46685908885494337","0.4285534948433002","0.0009495798272376142","False","20267466","100","0.5069202225807337","-0.39996992416705934","0.3069306930693069","0.6633663366336634","3.3747869244639332","528.885827431455","3.146631180051145","4.325117032932849","4.534920311100323","532.9720564363163","549.4115477979333","557.2012010938925","0.3035762521851666","1.9620523053673287","1.0155564253093692","528.885827431455","157.0234446544283","1566056.4445053064","0.00033771824079975745","1239","0.06467656072644712","-1.445965571882522","1.4440828042107998","-4095.9999999999995","4090.666666666666","C:\Users\kimeu\Downloads\starlink_pathB_wsl_package_v0_3_clean\starlink_pathB\outputs\coverage_null_global_stats\23_80_lst044_typical_full_polybeam_lines_S30_multi.npz","9.10175923472585","9444.443085672718","1.7798436919007438e-05","140609741.2109375","False","False","False","False","False","False","False","False","False","0","3","3","3","0.0","0.2419547912000571","0.0","0.7241364102878726","8.145571291565058e-08"
"23_80","207.2758462936688","long","typical","44","2461041.8055555555","2461041.8123785085","full_polybeam","lines","1000.0","single","coherent_ab","3","3","1","46146","86.588","0.167023689516129","8.145571291565058e-08","0.2419547912000571","2970384.55056685","14.285116494776677","14.285116494776677","0.02342016602232519","False","20267483","100","-0.009138391094163128","0.23284238336096344","0.504950495049505","0.4158415841584158","108.58358178190429","17801.554710162847","108.7268518846654","152.29772238409086","153.0904892931996","17738.786838085314","18590.96734881385","18616.054964297724","10.574548563953613","1.125351907521689","1.0521106533424605","17801.554710162847","6136.796871444796","1566056.4445053064","0.011367122029746565","1239","0.06467656072644712","-1.445965571882522","1.4440828042107998","-4095.9999999999995","4090.666666666666","C:\Users\kimeu\Downloads\starlink_pathB_wsl_package_v0_3_clean\starlink_pathB\outputs\coverage_null_global_stats\23_80_lst044_typical_full_polybeam_lines_S1000_single.npz","9.10175923472585","9444.443085672718","1.7798436919007438e-05","140609741.2109375","False","False","False","False","False","False","False","False","False","0","3","3","3","0.0","0.2419547912000571","0.0","0.7241364102878726","8.145571291565058e-08"
"23_80","207.2758462936688","long","typical","44","2461041.8055555555","2461041.8123785085","full_polybeam","lines","1000.0","multi","coherent_ab","3","3","3","46146;46484;48165","86.588;71.230;70.052","0.167023689516129","8.145571291565058e-08","0.2419547912000571","2970384.55056685","15.561969628498117","14.285116494776677","0.03165266090792046","False","20267500","100","0.3674515584510253","0.46930886666832383","0.3564356435643564","0.36633663366336633","116.3791041161735","18051.659210246944","109.93360710364595","151.00165667848168","157.19881278324183","17834.619490652054","18867.929817971002","19015.974409858187","11.831296058479666","1.569818467647303","0.8864154553630079","18051.659210246944","6635.953501198395","1566056.4445053064","0.011526825405037805","1239","0.06467656072644712","-1.445965571882522","1.4440828042107998","-4095.9999999999995","4090.666666666666","C:\Users\kimeu\Downloads\starlink_pathB_wsl_package_v0_3_clean\starlink_pathB\outputs\coverage_null_global_stats\23_80_lst044_typical_full_polybeam_lines_S1000_multi.npz","9.10175923472585","9444.443085672718","1.7798436919007438e-05","140609741.2109375","False","False","False","False","False","False","False","False","False","0","3","3","3","0.0","0.2419547912000571","0.0","0.7241364102878726","8.145571291565058e-08"
"23_80","207.2758462936688","long","typical","44","2461041.8055555555","2461041.8123785085","full_polybeam","khz_comb","30.0","single","coherent_ab","3","3","1","46146","86.588","0.167023689516129","8.145571291565058e-08","0.2419547912000571","2970384.55056685","0.35269022647195564","0.35269022647195564","0.0006132044389171612","False","20267517","100","-0.30348538755720295","-0.775049784655504","0.6732673267326733","0.801980198019802","2.826965823669525","487.87585212570303","2.9234761372945286","3.78959999266599","3.839718858818196","496.0728701939639","506.31680963255826","507.39711563401954","0.21449241842651645","0.8296778717097033","0.7773222413702222","487.87585212570303","135.5688919171673","1566056.4445053064","0.0003115314609747771","1239","0.06467656072644712","-1.445965571882522","1.4440828042107998","-4095.9999999999995","4090.666666666666","C:\Users\kimeu\Downloads\starlink_pathB_wsl_package_v0_3_clean\starlink_pathB\outputs\coverage_null_global_stats\23_80_lst044_typical_full_polybeam_khz_comb_S30_single.npz","9.10175923472585","9444.443085672718","1.7798436919007438e-05","140609741.2109375","False","False","False","False","False","False","False","False","False","0","3","3","3","0.0","0.2419547912000571","0.0","0.7241364102878726","8.145571291565058e-08"
"23_80","207.2758462936688","long","typical","44","2461041.8055555555","2461041.8123785085","full_polybeam","khz_comb","30.0","multi","coherent_ab","3","3","3","46146;46484;48165","86.588;71.230;70.052","0.167023689516129","8.145571291565058e-08","0.2419547912000571","2970384.55056685","0.38421489909666295","0.35269022647195564","0.0008298091024977939","False","20267534","100","0.5178409709989388","-0.1081623348289022","0.2871287128712871","0.5643564356435643","3.0858857950315723","495.1307461251922","2.91404465714254","3.7728223906246057","3.912636136122983","496.1420058128848","512.5342897851566","514.3937392424959","0.22382404269887957","2.7252258711373205","1.143174516029694","495.1307461251922","148.73554052345503","1566056.4445053064","0.0003161640487879072","1239","0.06467656072644712","-1.445965571882522","1.4440828042107998","-4095.9999999999995","4090.666666666666","C:\Users\kimeu\Downloads\starlink_pathB_wsl_package_v0_3_clean\starlink_pathB\outputs\coverage_null_global_stats\23_80_lst044_typical_full_polybeam_khz_comb_S30_multi.npz","9.10175923472585","9444.443085672718","1.7798436919007438e-05","140609741.2109375","False","False","False","False","False","False","False","False","False","0","3","3","3","0.0","0.2419547912000571","0.0","0.7241364102878726","8.145571291565058e-08"
"23_80","207.2758462936688","long","typical","44","2461041.8055555555","2461041.8123785085","full_polybeam","khz_comb","1000.0","single","coherent_ab","3","3","1","46146","86.588","0.167023689516129","8.145571291565058e-08","0.2419547912000571","2970384.55056685","11.756340882398522","11.756340882398522","0.020440147963905374","False","20267551","100","-0.19308817796926225","0.4153399517368588","0.6039603960396039","0.26732673267326734","98.24332738019802","16588.98264240368","99.63101028487131","125.12462123990754","130.31927209742167","16480.99438417388","17044.666333838224","17220.548004279724","4.847418967487329","1.41131450892404","1.2588355326645917","16588.98264240368","5738.777352216177","1566056.4445053064","0.010592838272597441","1239","0.06467656072644712","-1.445965571882522","1.4440828042107998","-4095.9999999999995","4090.666666666666","C:\Users\kimeu\Downloads\starlink_pathB_wsl_package_v0_3_clean\starlink_pathB\outputs\coverage_null_global_stats\23_80_lst044_typical_full_polybeam_khz_comb_S1000_single.npz","9.10175923472585","9444.443085672718","1.7798436919007438e-05","140609741.2109375","False","False","False","False","False","False","False","False","False","0","3","3","3","0.0","0.2419547912000571","0.0","0.7241364102878726","8.145571291565058e-08"
"23_80","207.2758462936688","long","typical","44","2461041.8055555555","2461041.8123785085","full_polybeam","khz_comb","1000.0","multi","coherent_ab","3","3","3","46146;46484;48165","86.588;71.230;70.052","0.167023689516129","8.145571291565058e-08","0.2419547912000571","2970384.55056685","12.807163303222099","11.756340882398522","0.027660303416593132","False","20267568","100","0.7086496189310634","0.6936548021756932","0.25742574257425743","0.2376237623762376","105.99145139861139","16843.507758113","100.55271490799896","129.19185712771687","131.9405412808603","16623.029818240244","17476.58060181986","17571.949132147533","5.176574442641595","2.1505322080057905","1.0809638036850895","16843.507758113","6174.376002075472","1566056.4445053064","0.01075536441691513","1239","0.06467656072644712","-1.445965571882522","1.4440828042107998","-4095.9999999999995","4090.666666666666","C:\Users\kimeu\Downloads\starlink_pathB_wsl_package_v0_3_clean\starlink_pathB\outputs\coverage_null_global_stats\23_80_lst044_typical_full_polybeam_khz_comb_S1000_multi.npz","9.10175923472585","9444.443085672718","1.7798436919007438e-05","140609741.2109375","False","False","False","False","False","False","False","False","False","0","3","3","3","0.0","0.2419547912000571","0.0","0.7241364102878726","8.145571291565058e-08"
"23_80","207.2758462936688","long","stress","0","2461041.5","2461041.506822953","frozen_polybeam","smooth","30.0","single","coherent_ab","4","4","1","46696","86.617","0.2671055947580645","0.0001112423478926","0.5502745938468236","4946.628727918531","0.5639186859072187","0.5639186859072187","0.0007240160498076386","False","20267541","100","-0.723866525825271","-2.382463318517339","0.6732673267326733","0.900990099009901","3.491171020355978","781.9875313153941","3.9682680724672537","4.762588781573504","4.829866495153328","793.5229619879992","797.9045188528182","798.4470292424483","0.44455371472759","1.1574180498004834","1.026532489591444","781.9875313153941","4.345129649966381","8696461.184763726","8.992020026323385e-05","1239","0.06467656072644712","-1.445965571882522","1.4440828042107998","-4095.9999999999995","4090.666666666666","C:\Users\kimeu\Downloads\starlink_pathB_wsl_package_v0_3_clean\starlink_pathB\outputs\coverage_null_global_stats\23_80_lst000_stress_frozen_polybeam_smooth_S30_single.npz","9.10175923472585","9444.443085672718","1.7798436919007438e-05","140609741.2109375","False","False","False","False","False","False","False","False","False","1","4","4","4","0.3308758856684498","0.5502745938468236","0.3308758856684498","0.7280464634021924","0.0001112423478926"
"23_80","207.2758462936688","long","stress","0","2461041.5","2461041.506822953","frozen_polybeam","smooth","30.0","multi","coherent_ab","4","4","4","46696;48029;44725;46687","86.617;85.104;84.152;73.708","0.2671055947580645","0.0001112423478926","0.5502745938468236","4946.628727918531","1.129282559073698","0.5639186859072187","0.0017979261468927508","False","20267558","100","-0.4770174350099571","-0.8639889651958853","0.7227722772277227","0.8415841584158416","5.379831775157072","1333.1078248519725","5.698481437440478","7.4074064275622735","7.9635984701984865","1385.2241788659603","1505.216289262405","1541.9983889151738","0.4505626774753182","2.4547355384542318","1.323269703753172","1333.1078248519725","83.41279615156182","8696461.184763726","0.00015329313803959577","1239","0.06467656072644712","-1.445965571882522","1.4440828042107998","-4095.9999999999995","4090.666666666666","C:\Users\kimeu\Downloads\starlink_pathB_wsl_package_v0_3_clean\starlink_pathB\outputs\coverage_null_global_stats\23_80_lst000_stress_frozen_polybeam_smooth_S30_multi.npz","9.10175923472585","9444.443085672718","1.7798436919007438e-05","140609741.2109375","False","False","False","False","False","False","False","False","False","1","4","4","4","0.3308758856684498","0.5502745938468236","0.3308758856684498","0.7280464634021924","0.0001112423478926"
"23_80","207.2758462936688","long","stress","0","2461041.5","2461041.506822953","frozen_polybeam","smooth","1000.0","single","coherent_ab","4","4","1","46696","86.617","0.2671055947580645","0.0001112423478926","0.5502745938468236","4946.628727918531","18.797289530240626","18.797289530240626","0.024133868326921295","False","20267575","100","-0.46260909643042936","-2.5855162066480193","0.6435643564356436","0.9702970297029703","117.24082493358583","26010.523971646457","127.25430609975251","159.5557338667848","161.42314997311456","26424.10739530987","26646.16833624791","26695.971553820644","14.5998004987091","1.0065668498956588","0.9146654801987871","26010.523971646457","242.1375662284304","8696461.184763726","0.002990931991649329","1239","0.06467656072644712","-1.445965571882522","1.4440828042107998","-4095.9999999999995","4090.666666666666","C:\Users\kimeu\Downloads\starlink_pathB_wsl_package_v0_3_clean\starlink_pathB\outputs\coverage_null_global_stats\23_80_lst000_stress_frozen_polybeam_smooth_S1000_single.npz","9.10175923472585","9444.443085672718","1.7798436919007438e-05","140609741.2109375","False","False","False","False","False","False","False","False","False","1","4","4","4","0.3308758856684498","0.5502745938468236","0.3308758856684498","0.7280464634021924","0.0001112423478926"
"23_80","207.2758462936688","long","stress","0","2461041.5","2461041.506822953","frozen_polybeam","smooth","1000.0","multi","coherent_ab","4","4","4","46696;48029;44725;46687","86.617;85.104;84.152;73.708","0.2671055947580645","0.0001112423478926","0.5502745938468236","4946.628727918531","37.64275196912327","18.797289530240626","0.059930871563091695","False","20267592","100","-0.45915338101247405","-0.837382569131001","0.7029702970297029","0.7722772277227723","178.0383621814717","44390.561961988446","190.53411675801203","239.1223686647125","254.2437892438104","46299.710959201904","49527.00851906182","50396.12417152326","18.356112234170496","2.4699153318551916","1.355057680755966","44390.561961988446","2035.810368264149","8696461.184763726","0.005104439727709138","1239","0.06467656072644712","-1.445965571882522","1.4440828042107998","-4095.9999999999995","4090.666666666666","C:\Users\kimeu\Downloads\starlink_pathB_wsl_package_v0_3_clean\starlink_pathB\outputs\coverage_null_global_stats\23_80_lst000_stress_frozen_polybeam_smooth_S1000_multi.npz","9.10175923472585","9444.443085672718","1.7798436919007438e-05","140609741.2109375","False","False","False","False","False","False","False","False","False","1","4","4","4","0.3308758856684498","0.5502745938468236","0.3308758856684498","0.7280464634021924","0.0001112423478926"
"23_80","207.2758462936688","long","stress","0","2461041.5","2461041.506822953","frozen_polybeam","lines","30.0","single","coherent_ab","4","4","1","46696","86.617","0.2671055947580645","0.0001112423478926","0.5502745938468236","4946.628727918531","0.5639187011269929","0.5639187011269929","0.0007245892911462244","False","20267609","100","-0.5064553325171464","-2.000207027204128","0.7029702970297029","0.9207920792079208","3.446734426648618","781.6242327032305","3.795616491611554","4.807337604219719","4.9963142747895475","793.6811046726526","799.8890277569708","800.5030947194492","0.46463668927140134","1.1020256725715785","1.052700030623216","781.6242327032305","1.656359880916284","8696461.184763726","8.98784248094665e-05","1239","0.06467656072644712","-1.445965571882522","1.4440828042107998","-4095.9999999999995","4090.666666666666","C:\Users\kimeu\Downloads\starlink_pathB_wsl_package_v0_3_clean\starlink_pathB\outputs\coverage_null_global_stats\23_80_lst000_stress_frozen_polybeam_lines_S30_single.npz","9.10175923472585","9444.443085672718","1.7798436919007438e-05","140609741.2109375","False","False","False","False","False","False","False","False","False","1","4","4","4","0.3308758856684498","0.5502745938468236","0.3308758856684498","0.7280464634021924","0.0001112423478926"
"23_80","207.2758462936688","long","stress","0","2461041.5","2461041.506822953","frozen_polybeam","lines","30.0","multi","coherent_ab","4","4","4","46696;48029;44725;46687","86.617;85.104;84.152;73.708","0.2671055947580645","0.0001112423478926","0.5502745938468236","4946.628727918531","1.129249330449951","0.5639187011269929","0.0017994213738681303","False","20267626","100","-0.3751890909715234","-0.7710477829230086","0.6633663366336634","0.7821782178217822","5.344471362018339","1332.5567375535907","5.64041748599584","7.264702930827479","8.056627497507908","1391.01727105003","1482.3192397463038","1494.9426161493495","0.532032862173196","2.155172646106402","1.350796230000166","1332.5567375535907","80.439204375641","8696461.184763726","0.00015322976889590922","1239","0.06467656072644712","-1.445965571882522","1.4440828042107998","-4095.9999999999995","4090.666666666666","C:\Users\kimeu\Downloads\starlink_pathB_wsl_package_v0_3_clean\starlink_pathB\outputs\coverage_null_global_stats\23_80_lst000_stress_frozen_polybeam_lines_S30_multi.npz","9.10175923472585","9444.443085672718","1.7798436919007438e-05","140609741.2109375","False","False","False","False","False","False","False","False","False","1","4","4","4","0.3308758856684498","0.5502745938468236","0.3308758856684498","0.7280464634021924","0.0001112423478926"
"23_80","207.2758462936688","long","stress","0","2461041.5","2461041.506822953","frozen_polybeam","lines","1000.0","single","coherent_ab","4","4","1","46696","86.617","0.2671055947580645","0.0001112423478926","0.5502745938468236","4946.628727918531","18.79729003756643","18.79729003756643","0.024152976371540815","False","20267643","100","-0.7381002822728236","-2.3516589009940687","0.7920792079207921","0.9603960396039604","116.28456731246115","26003.495234211092","130.71547651762228","167.42844712863334","168.31338173210352","26482.900646178758","26753.396367571535","26795.628867012958","13.187252658615193","1.0269382662475917","0.9299023043618792","26003.495234211092","153.8351756585157","8696461.184763726","0.002990123762038913","1239","0.06467656072644712","-1.445965571882522","1.4440828042107998","-4095.9999999999995","4090.666666666666","C:\Users\kimeu\Downloads\starlink_pathB_wsl_package_v0_3_clean\starlink_pathB\outputs\coverage_null_global_stats\23_80_lst000_stress_frozen_polybeam_lines_S1000_single.npz","9.10175923472585","9444.443085672718","1.7798436919007438e-05","140609741.2109375","False","False","False","False","False","False","False","False","False","1","4","4","4","0.3308758856684498","0.5502745938468236","0.3308758856684498","0.7280464634021924","0.0001112423478926"
"23_80","207.2758462936688","long","stress","0","2461041.5","2461041.506822953","frozen_polybeam","lines","1000.0","multi","coherent_ab","4","4","4","46696;48029;44725;46687","86.617;85.104;84.152;73.708","0.2671055947580645","0.0001112423478926","0.5502745938468236","4946.628727918531","37.64164434833169","18.79729003756643","0.059980712462271026","False","20267660","100","-0.4452906684298109","-0.8881393250896833","0.7128712871287128","0.8217821782178217","176.8855804939385","44363.60343440036","192.73776138821222","247.45051238708692","265.0431754047349","46746.43771540142","50160.65287190084","51762.56363360733","24.01161822780125","2.739686999773955","1.3854979452899758","44363.60343440036","1938.2996516163355","8696461.184763726","0.005101339785443505","1239","0.06467656072644712","-1.445965571882522","1.4440828042107998","-4095.9999999999995","4090.666666666666","C:\Users\kimeu\Downloads\starlink_pathB_wsl_package_v0_3_clean\starlink_pathB\outputs\coverage_null_global_stats\23_80_lst000_stress_frozen_polybeam_lines_S1000_multi.npz","9.10175923472585","9444.443085672718","1.7798436919007438e-05","140609741.2109375","False","False","False","False","False","False","False","False","False","1","4","4","4","0.3308758856684498","0.5502745938468236","0.3308758856684498","0.7280464634021924","0.0001112423478926"
"23_80","207.2758462936688","long","stress","0","2461041.5","2461041.506822953","frozen_polybeam","khz_comb","30.0","single","coherent_ab","4","4","1","46696","86.617","0.2671055947580645","0.0001112423478926","0.5502745938468236","4946.628727918531","0.4640928537637371","0.4640928537637371","0.0006370574604654026","False","20267677","100","0.8946927209540323","-3.6800957221516786","0.37623762376237624","1.0","3.53421471852198","677.8619931505866","3.3272648575293715","4.538429635464854","4.634293213172932","688.6810387331298","692.6310140402978","692.8765963747786","0.15601531748870912","1.2029211463141951","1.0433464952268954","677.8619931505866","-4.100424095578184","8696461.184763726","7.794687732732098e-05","1239","0.06467656072644712","-1.445965571882522","1.4440828042107998","-4095.9999999999995","4090.666666666666","C:\Users\kimeu\Downloads\starlink_pathB_wsl_package_v0_3_clean\starlink_pathB\outputs\coverage_null_global_stats\23_80_lst000_stress_frozen_polybeam_khz_comb_S30_single.npz","9.10175923472585","9444.443085672718","1.7798436919007438e-05","140609741.2109375","False","False","False","False","False","False","False","False","False","1","4","4","4","0.3308758856684498","0.5502745938468236","0.3308758856684498","0.7280464634021924","0.0001112423478926"
"23_80","207.2758462936688","long","stress","0","2461041.5","2461041.506822953","frozen_polybeam","khz_comb","30.0","multi","coherent_ab","4","4","4","46696;48029;44725;46687","86.617;85.104;84.152;73.708","0.2671055947580645","0.0001112423478926","0.5502745938468236","4946.628727918531","0.9293476937933406","0.4640928537637371","0.0015976273119493404","False","20267694","100","-0.033260858419254934","-0.644623469603771","0.5148514851485149","0.7425742574257426","4.925939159974405","1196.132867028609","4.945309566910055","6.738949030575531","7.059935257031139","1237.0840544109487","1336.9099052786448","1364.783787630195","0.39280887825293576","2.497868645512902","1.3698922171380779","1196.132867028609","67.10264502607251","8696461.184763726","0.00013754248327172943","1239","0.06467656072644712","-1.445965571882522","1.4440828042107998","-4095.9999999999995","4090.666666666666","C:\Users\kimeu\Downloads\starlink_pathB_wsl_package_v0_3_clean\starlink_pathB\outputs\coverage_null_global_stats\23_80_lst000_stress_frozen_polybeam_khz_comb_S30_multi.npz","9.10175923472585","9444.443085672718","1.7798436919007438e-05","140609741.2109375","False","False","False","False","False","False","False","False","False","1","4","4","4","0.3308758856684498","0.5502745938468236","0.3308758856684498","0.7280464634021924","0.0001112423478926"
"23_80","207.2758462936688","long","stress","0","2461041.5","2461041.506822953","frozen_polybeam","khz_comb","1000.0","single","coherent_ab","4","4","1","46696","86.617","0.2671055947580645","0.0001112423478926","0.5502745938468236","4946.628727918531","15.46976179212457","15.46976179212457","0.021235248682180085","False","20267711","100","0.6090691544794621","-3.1776815633918467","0.37623762376237624","1.0","118.88180670322618","22576.657529787233","112.77368871896306","154.0257474900027","156.20225752671962","22968.361221258318","23115.777301714144","23162.121823769903","6.764205850646476","1.0755499521255207","0.9991348981786048","22576.657529787233","-37.41245492468988","8696461.184763726","0.0025960740869333987","1239","0.06467656072644712","-1.445965571882522","1.4440828042107998","-4095.9999999999995","4090.666666666666","C:\Users\kimeu\Downloads\starlink_pathB_wsl_package_v0_3_clean\starlink_pathB\outputs\coverage_null_global_stats\23_80_lst000_stress_frozen_polybeam_khz_comb_S1000_single.npz","9.10175923472585","9444.443085672718","1.7798436919007438e-05","140609741.2109375","False","False","False","False","False","False","False","False","False","1","4","4","4","0.3308758856684498","0.5502745938468236","0.3308758856684498","0.7280464634021924","0.0001112423478926"
"23_80","207.2758462936688","long","stress","0","2461041.5","2461041.506822953","frozen_polybeam","khz_comb","1000.0","multi","coherent_ab","4","4","4","46696;48029;44725;46687","86.617;85.104;84.152;73.708","0.2671055947580645","0.0001112423478926","0.5502745938468236","4946.628727918531","30.97825645977802","15.46976179212457","0.05325424373164468","False","20267728","100","-0.031887358531520714","-0.7993186865560467","0.5148514851485149","0.7821782178217822","163.58806731183086","39848.67854588508","164.5261910101118","210.57588939660437","219.54052008850778","41277.9636915249","44627.79851041379","45650.33742547045","19.843467595819448","2.4523899038228194","1.5377697476334669","39848.67854588508","1688.967991543691","8696461.184763726","0.0045821717247126114","1239","0.06467656072644712","-1.445965571882522","1.4440828042107998","-4095.9999999999995","4090.666666666666","C:\Users\kimeu\Downloads\starlink_pathB_wsl_package_v0_3_clean\starlink_pathB\outputs\coverage_null_global_stats\23_80_lst000_stress_frozen_polybeam_khz_comb_S1000_multi.npz","9.10175923472585","9444.443085672718","1.7798436919007438e-05","140609741.2109375","False","False","False","False","False","False","False","False","False","1","4","4","4","0.3308758856684498","0.5502745938468236","0.3308758856684498","0.7280464634021924","0.0001112423478926"
"23_80","207.2758462936688","long","stress","0","2461041.5","2461041.506822953","full_polybeam","smooth","30.0","single","coherent_ab","4","4","1","46696","86.617","0.2671055947580645","0.0001112423478926","0.5502745938468236","4946.628727918531","0.7733750780505264","0.7733750780505264","0.0009526531804695514","False","20267745","100","-0.24525483007932322","-0.28146042077994227","0.6138613861386139","0.594059405940594","5.1451819762987725","1170.4648015417388","5.3214849794438805","6.385100566502297","6.434339962252052","1174.402145979117","1188.1301358739763","1188.3417402428274","0.48486199619753734","1.6506360113030938","1.472563085623559","1170.4648015417388","12.855967378888678","8696461.184763726","0.00013459093034214918","1239","0.06467656072644712","-1.445965571882522","1.4440828042107998","-4095.9999999999995","4090.666666666666","C:\Users\kimeu\Downloads\starlink_pathB_wsl_package_v0_3_clean\starlink_pathB\outputs\coverage_null_global_stats\23_80_lst000_stress_full_polybeam_smooth_S30_single.npz","9.10175923472585","9444.443085672718","1.7798436919007438e-05","140609741.2109375","False","False","False","False","False","False","False","False","False","1","4","4","4","0.3308758856684498","0.5502745938468236","0.3308758856684498","0.7280464634021924","0.0001112423478926"
"23_80","207.2758462936688","long","stress","0","2461041.5","2461041.506822953","full_polybeam","smooth","30.0","multi","coherent_ab","4","4","4","46696;48029;44725;46687","86.617;85.104;84.152;73.708","0.2671055947580645","0.0001112423478926","0.5502745938468236","4946.628727918531","1.7399514614820133","0.7733750780505264","0.0025209553655460397","False","20267762","100","-0.14500735336839018","-0.7207192391651603","0.5544554455445545","0.8514851485148515","8.43996503647304","2105.2268570531023","8.634377424683407","11.205985897869322","11.718395601237901","2199.3810046641293","2409.4176257786835","2428.769298680209","0.9042945501014401","2.782439391103222","1.589233735207611","2105.2268570531023","474.45057509560183","8696461.184763726","0.00024207856647960182","1239","0.06467656072644712","-1.445965571882522","1.4440828042107998","-4095.9999999999995","4090.666666666666","C:\Users\kimeu\Downloads\starlink_pathB_wsl_package_v0_3_clean\starlink_pathB\outputs\coverage_null_global_stats\23_80_lst000_stress_full_polybeam_smooth_S30_multi.npz","9.10175923472585","9444.443085672718","1.7798436919007438e-05","140609741.2109375","False","False","False","False","False","False","False","False","False","1","4","4","4","0.3308758856684498","0.5502745938468236","0.3308758856684498","0.7280464634021924","0.0001112423478926"
"23_80","207.2758462936688","long","stress","0","2461041.5","2461041.506822953","full_polybeam","smooth","1000.0","single","coherent_ab","4","4","1","46696","86.617","0.2671055947580645","0.0001112423478926","0.5502745938468236","4946.628727918531","25.779169268350877","25.779169268350877","0.03175510601565172","False","20267779","100","-0.12734010899576115","-0.2586221393214319","0.5643564356435643","0.6138613861386139","173.53118594012994","38963.510205397484","176.54211540406868","215.7420163469269","217.6593936175597","39080.9363423172","39744.550288393184","39773.95213367105","15.948188806168673","0.8576585907346844","0.8283818436730495","38963.510205397484","526.5425464482132","8696461.184763726","0.00448038683524074","1239","0.06467656072644712","-1.445965571882522","1.4440828042107998","-4095.9999999999995","4090.666666666666","C:\Users\kimeu\Downloads\starlink_pathB_wsl_package_v0_3_clean\starlink_pathB\outputs\coverage_null_global_stats\23_80_lst000_stress_full_polybeam_smooth_S1000_single.npz","9.10175923472585","9444.443085672718","1.7798436919007438e-05","140609741.2109375","False","False","False","False","False","False","False","False","False","1","4","4","4","0.3308758856684498","0.5502745938468236","0.3308758856684498","0.7280464634021924","0.0001112423478926"
"23_80","207.2758462936688","long","stress","0","2461041.5","2461041.506822953","full_polybeam","smooth","1000.0","multi","coherent_ab","4","4","4","46696;48029;44725;46687","86.617;85.104;84.152;73.708","0.2671055947580645","0.0001112423478926","0.5502745938468236","4946.628727918531","57.99838204940044","25.779169268350877","0.08403184551820134","False","20267796","100","-0.03957476321465831","-0.8825342914381717","0.5445544554455446","0.8415841584158416","275.130733402807","69743.09968926715","276.924902854145","357.0103862066824","388.6028042172248","73715.1012913483","80247.19128936401","81679.7140513656","30.5788491847361","2.1576760136190805","1.3732230549719429","69743.09968926715","12092.705527685292","8696461.184763726","0.008019710340506971","1239","0.06467656072644712","-1.445965571882522","1.4440828042107998","-4095.9999999999995","4090.666666666666","C:\Users\kimeu\Downloads\starlink_pathB_wsl_package_v0_3_clean\starlink_pathB\outputs\coverage_null_global_stats\23_80_lst000_stress_full_polybeam_smooth_S1000_multi.npz","9.10175923472585","9444.443085672718","1.7798436919007438e-05","140609741.2109375","False","False","False","False","False","False","False","False","False","1","4","4","4","0.3308758856684498","0.5502745938468236","0.3308758856684498","0.7280464634021924","0.0001112423478926"
"23_80","207.2758462936688","long","stress","0","2461041.5","2461041.506822953","full_polybeam","lines","30.0","single","coherent_ab","4","4","1","46696","86.617","0.2671055947580645","0.0001112423478926","0.5502745938468236","4946.628727918531","0.773374944453863","0.773374944453863","0.0009532826374106193","False","20267813","100","-0.35939212623640066","-0.22293799391245406","0.6138613861386139","0.594059405940594","5.105888034719101","1170.7696555197163","5.386632634874331","6.642832757274664","6.656083091742548","1173.8769763594928","1189.7520234031535","1189.8669923303175","0.5268886677085902","1.2126466814599546","1.1056390250321844","1170.7696555197163","9.801864436030755","8696461.184763726","0.00013462598528823593","1239","0.06467656072644712","-1.445965571882522","1.4440828042107998","-4095.9999999999995","4090.666666666666","C:\Users\kimeu\Downloads\starlink_pathB_wsl_package_v0_3_clean\starlink_pathB\outputs\coverage_null_global_stats\23_80_lst000_stress_full_polybeam_lines_S30_single.npz","9.10175923472585","9444.443085672718","1.7798436919007438e-05","140609741.2109375","False","False","False","False","False","False","False","False","False","1","4","4","4","0.3308758856684498","0.5502745938468236","0.3308758856684498","0.7280464634021924","0.0001112423478926"
"23_80","207.2758462936688","long","stress","0","2461041.5","2461041.506822953","full_polybeam","lines","30.0","multi","coherent_ab","4","4","4","46696;48029;44725;46687","86.617;85.104;84.152;73.708","0.2671055947580645","0.0001112423478926","0.5502745938468236","4946.628727918531","1.7398793468579234","0.773374944453863","0.0025228452050732146","False","20267830","100","-0.4287463848965819","-1.469772826065248","0.6732673267326733","0.8910891089108911","8.398049784876093","2104.0910132368963","8.866083602873914","10.792506564094582","11.483023067246222","2259.4529811319358","2423.094335413542","2464.901963889109","0.7362965531201553","2.5185516668209447","1.4918846034064872","2104.0910132368963","470.5436459755126","8696461.184763726","0.00024194795659219197","1239","0.06467656072644712","-1.445965571882522","1.4440828042107998","-4095.9999999999995","4090.666666666666","C:\Users\kimeu\Downloads\starlink_pathB_wsl_package_v0_3_clean\starlink_pathB\outputs\coverage_null_global_stats\23_80_lst000_stress_full_polybeam_lines_S30_multi.npz","9.10175923472585","9444.443085672718","1.7798436919007438e-05","140609741.2109375","False","False","False","False","False","False","False","False","False","1","4","4","4","0.3308758856684498","0.5502745938468236","0.3308758856684498","0.7280464634021924","0.0001112423478926"
"23_80","207.2758462936688","long","stress","0","2461041.5","2461041.506822953","full_polybeam","lines","1000.0","single","coherent_ab","4","4","1","46696","86.617","0.2671055947580645","0.0001112423478926","0.5502745938468236","4946.628727918531","25.779164815128762","25.779164815128762","0.031776087913687315","False","20267847","100","-0.40008069309847655","-0.23803378618294807","0.6138613861386139","0.5742574257425742","172.07351945758273","38967.159388090826","183.87743409588802","222.99365895270347","225.07524778813925","39056.646546554875","39789.82538178473","39832.6133397869","19.900063878433002","1.1870132179924453","1.070789693812251","38967.159388090826","427.36843316382465","8696461.184763726","0.004480806452210885","1239","0.06467656072644712","-1.445965571882522","1.4440828042107998","-4095.9999999999995","4090.666666666666","C:\Users\kimeu\Downloads\starlink_pathB_wsl_package_v0_3_clean\starlink_pathB\outputs\coverage_null_global_stats\23_80_lst000_stress_full_polybeam_lines_S1000_single.npz","9.10175923472585","9444.443085672718","1.7798436919007438e-05","140609741.2109375","False","False","False","False","False","False","False","False","False","1","4","4","4","0.3308758856684498","0.5502745938468236","0.3308758856684498","0.7280464634021924","0.0001112423478926"
"23_80","207.2758462936688","long","stress","0","2461041.5","2461041.506822953","full_polybeam","lines","1000.0","multi","coherent_ab","4","4","4","46696;48029;44725;46687","86.617;85.104;84.152;73.708","0.2671055947580645","0.0001112423478926","0.5502745938468236","4946.628727918531","57.99597822859745","25.779164815128762","0.08409484016910718","False","20267864","100","-0.26149749826161084","-0.9944426551998656","0.6237623762376238","0.8712871287128713","273.8196333817432","69711.64866088082","284.86925968574724","373.2956580049076","415.2505162842795","73815.87763718303","80080.5529276697","82104.61978474967","28.500734757562213","2.5244425824258463","1.5912749759774198","69711.64866088082","11967.696331936073","8696461.184763726","0.008016093808711091","1239","0.06467656072644712","-1.445965571882522","1.4440828042107998","-4095.9999999999995","4090.666666666666","C:\Users\kimeu\Downloads\starlink_pathB_wsl_package_v0_3_clean\starlink_pathB\outputs\coverage_null_global_stats\23_80_lst000_stress_full_polybeam_lines_S1000_multi.npz","9.10175923472585","9444.443085672718","1.7798436919007438e-05","140609741.2109375","False","False","False","False","False","False","False","False","False","1","4","4","4","0.3308758856684498","0.5502745938468236","0.3308758856684498","0.7280464634021924","0.0001112423478926"
"23_80","207.2758462936688","long","stress","0","2461041.5","2461041.506822953","full_polybeam","khz_comb","30.0","single","coherent_ab","4","4","1","46696","86.617","0.2671055947580645","0.0001112423478926","0.5502745938468236","4946.628727918531","0.6364707967365983","0.6364707967365983","0.0008196697452142195","False","20267881","100","0.7499491098482335","0.2941791231005869","0.24752475247524752","0.4158415841584158","4.815293361963995","981.8327872586287","4.449133389756753","5.812333704518096","5.920254135287905","979.5833668257434","995.6660673784555","996.4518246724667","0.3293177023624594","1.6468292407151142","1.4009458941265944","981.8327872586287","3.826269019893637","8696461.184763726","0.00011290026671754807","1239","0.06467656072644712","-1.445965571882522","1.4440828042107998","-4095.9999999999995","4090.666666666666","C:\Users\kimeu\Downloads\starlink_pathB_wsl_package_v0_3_clean\starlink_pathB\outputs\coverage_null_global_stats\23_80_lst000_stress_full_polybeam_khz_comb_S30_single.npz","9.10175923472585","9444.443085672718","1.7798436919007438e-05","140609741.2109375","False","False","False","False","False","False","False","False","False","1","4","4","4","0.3308758856684498","0.5502745938468236","0.3308758856684498","0.7280464634021924","0.0001112423478926"
"23_80","207.2758462936688","long","stress","0","2461041.5","2461041.506822953","full_polybeam","khz_comb","30.0","multi","coherent_ab","4","4","4","46696;48029;44725;46687","86.617;85.104;84.152;73.708","0.2671055947580645","0.0001112423478926","0.5502745938468236","4946.628727918531","1.4318829463788993","0.6364707967365983","0.0021720232101565553","False","20267898","100","0.15184086354437384","-0.6462021838771499","0.4158415841584158","0.7425742574257426","7.381399372488886","1781.1569171608635","7.194097025784686","9.368154143043649","9.80016432606557","1849.2766708886388","2013.3797610990334","2069.774850836166","0.8320138540528319","2.007664195379079","1.3743970401965648","1781.1569171608635","388.87920142153723","8696461.184763726","0.00020481399034833451","1239","0.06467656072644712","-1.445965571882522","1.4440828042107998","-4095.9999999999995","4090.666666666666","C:\Users\kimeu\Downloads\starlink_pathB_wsl_package_v0_3_clean\starlink_pathB\outputs\coverage_null_global_stats\23_80_lst000_stress_full_polybeam_khz_comb_S30_multi.npz","9.10175923472585","9444.443085672718","1.7798436919007438e-05","140609741.2109375","False","False","False","False","False","False","False","False","False","1","4","4","4","0.3308758856684498","0.5502745938468236","0.3308758856684498","0.7280464634021924","0.0001112423478926"
"23_80","207.2758462936688","long","stress","0","2461041.5","2461041.506822953","full_polybeam","khz_comb","1000.0","single","coherent_ab","4","4","1","46696","86.617","0.2671055947580645","0.0001112423478926","0.5502745938468236","4946.628727918531","21.215693224553284","21.215693224553284","0.027322324840473988","False","20267915","100","1.0533930166908818","-0.053354727638041874","0.2871287128712871","0.5544554455445545","162.44611148871627","32710.552462887208","150.73140319445156","198.67693830380594","199.88868600661664","32731.50745954574","33303.13542655994","33332.530729136975","7.500963428889008","1.4306996739639166","1.1261394435880159","32710.552462887208","222.35514253917177","8696461.184763726","0.0037613635900768895","1239","0.06467656072644712","-1.445965571882522","1.4440828042107998","-4095.9999999999995","4090.666666666666","C:\Users\kimeu\Downloads\starlink_pathB_wsl_package_v0_3_clean\starlink_pathB\outputs\coverage_null_global_stats\23_80_lst000_stress_full_polybeam_khz_comb_S1000_single.npz","9.10175923472585","9444.443085672718","1.7798436919007438e-05","140609741.2109375","False","False","False","False","False","False","False","False","False","1","4","4","4","0.3308758856684498","0.5502745938468236","0.3308758856684498","0.7280464634021924","0.0001112423478926"
"23_80","207.2758462936688","long","stress","0","2461041.5","2461041.506822953","full_polybeam","khz_comb","1000.0","multi","coherent_ab","4","4","4","46696;48029;44725;46687","86.617;85.104;84.152;73.708","0.2671055947580645","0.0001112423478926","0.5502745938468236","4946.628727918531","47.72943154596332","21.215693224553284","0.0724007736718852","False","20267932","100","0.3614656930176972","-1.0326899222068795","0.37623762376237624","0.8712871287128713","241.96942730005685","59085.82877046603","229.06343461379038","307.2225244228042","327.4135739289043","61645.337177912515","66720.37701462844","68131.98716275381","24.08243154719821","2.7592803812472915","1.6545667412288105","59085.82877046603","10429.986399988498","8696461.184763726","0.006794238198174782","1239","0.06467656072644712","-1.445965571882522","1.4440828042107998","-4095.9999999999995","4090.666666666666","C:\Users\kimeu\Downloads\starlink_pathB_wsl_package_v0_3_clean\starlink_pathB\outputs\coverage_null_global_stats\23_80_lst000_stress_full_polybeam_khz_comb_S1000_multi.npz","9.10175923472585","9444.443085672718","1.7798436919007438e-05","140609741.2109375","False","False","False","False","False","False","False","False","False","1","4","4","4","0.3308758856684498","0.5502745938468236","0.3308758856684498","0.7280464634021924","0.0001112423478926"
"4_196","190.65540049004915","long","quiet","48","2461041.833333333","2461041.8401562865","frozen_polybeam","smooth","30.0","single","coherent_ab","2","2","1","46066","79.453","0.1663831485215053","5.3123270866481575e-09","0.0149220859960422","2808954.6732818866","0.026661046214796844","0.026661046214796844","8.744101082316617e-05","False","20267997","100","0.11518810369903638","1.1181774730156697","0.43564356435643564","0.13861386138613863","0.6356845780501317","93.19126356771955","0.6290025827565842","0.7437447779942886","0.7534151250324794","90.6843703493839","93.66763231655068","93.6992577742645","0.039126818965087296","1.358781862819025","1.2394651140903765","93.19126356771955","-16.40739711042594","18440185.57615971","5.053705299376236e-06","1261","0.059490460698200555","-1.445965571882522","1.4440828042107998","-4095.9999999999995","4090.666666666666","C:\Users\kimeu\Downloads\starlink_pathB_wsl_package_v0_3_clean\starlink_pathB\outputs\coverage_null_global_stats\4_196_lst048_quiet_frozen_polybeam_smooth_S30_single.npz","9.10175923472585","9444.443085672718","1.7798436919007438e-05","140609741.2109375","False","False","False","False","False","False","False","False","False","0","2","2","2","0.0","0.0149220859960422","0.0","0.0457676818690719","5.3123270866481575e-09"
"4_196","190.65540049004915","long","quiet","48","2461041.833333333","2461041.8401562865","frozen_polybeam","smooth","30.0","multi","coherent_ab","2","2","2","46066;47487","79.453;74.123","0.1663831485215053","5.3123270866481575e-09","0.0149220859960422","2808954.6732818866","0.033309111863796564","0.026661046214796844","0.00017288427501725256","False","20268014","100","-0.5795932567631356","-0.5628691658974353","0.8118811881188119","0.7524752475247525","2.2059052184413304","241.44755349085665","2.483416883273094","3.6422628419223657","4.047613328260558","255.8273470886287","285.22388180246907","288.13002127451074","0.3229489842951807","1.7807590646799745","1.0155447693003896","241.44755349085665","-15.531082886866894","18440185.57615971","1.3093553342706636e-05","1261","0.059490460698200555","-1.445965571882522","1.4440828042107998","-4095.9999999999995","4090.666666666666","C:\Users\kimeu\Downloads\starlink_pathB_wsl_package_v0_3_clean\starlink_pathB\outputs\coverage_null_global_stats\4_196_lst048_quiet_frozen_polybeam_smooth_S30_multi.npz","9.10175923472585","9444.443085672718","1.7798436919007438e-05","140609741.2109375","False","False","False","False","False","False","False","False","False","0","2","2","2","0.0","0.0149220859960422","0.0","0.0457676818690719","5.3123270866481575e-09"
"4_196","190.65540049004915","long","quiet","48","2461041.833333333","2461041.8401562865","frozen_polybeam","smooth","1000.0","single","coherent_ab","2","2","1","46066","79.453","0.1663831485215053","5.3123270866481575e-09","0.0149220859960422","2808954.6732818866","0.8887015404932282","0.8887015404932282","0.0029147003607722056","False","20268031","100","0.40103007265603513","1.2644256224909487","0.44554455445544555","0.10891089108910891","21.201922269083298","3107.110001018287","20.622052624805292","25.126663237973116","25.159281120211674","3027.637718816232","3119.807735306522","3122.8629417205634","0.9752802680759487","0.9229433281479505","0.8122673127338816","3107.110001018287","-550.7884919474789","18440185.57615971","0.00016849667744316506","1261","0.059490460698200555","-1.445965571882522","1.4440828042107998","-4095.9999999999995","4090.666666666666","C:\Users\kimeu\Downloads\starlink_pathB_wsl_package_v0_3_clean\starlink_pathB\outputs\coverage_null_global_stats\4_196_lst048_quiet_frozen_polybeam_smooth_S1000_single.npz","9.10175923472585","9444.443085672718","1.7798436919007438e-05","140609741.2109375","False","False","False","False","False","False","False","False","False","0","2","2","2","0.0","0.0149220859960422","0.0","0.0457676818690719","5.3123270866481575e-09"
"4_196","190.65540049004915","long","quiet","48","2461041.833333333","2461041.8401562865","frozen_polybeam","smooth","1000.0","multi","coherent_ab","2","2","2","46066;47487","79.453;74.123","0.1663831485215053","5.3123270866481575e-09","0.0149220859960422","2808954.6732818866","1.110303728793219","0.8887015404932282","0.005762809167241751","False","20268048","100","-0.7627204087793679","-0.5408762930057855","0.8910891089108911","0.7722772277227723","73.53754402465711","8048.626697583139","88.72548946055849","126.02367000047116","130.91381151434715","8526.994576574409","9542.983887047521","9596.32981161582","13.431040698575998","1.336173878082207","0.8941545224245518","8048.626697583139","-520.3019494838194","18440185.57615971","0.0004364721094775077","1261","0.059490460698200555","-1.445965571882522","1.4440828042107998","-4095.9999999999995","4090.666666666666","C:\Users\kimeu\Downloads\starlink_pathB_wsl_package_v0_3_clean\starlink_pathB\outputs\coverage_null_global_stats\4_196_lst048_quiet_frozen_polybeam_smooth_S1000_multi.npz","9.10175923472585","9444.443085672718","1.7798436919007438e-05","140609741.2109375","False","False","False","False","False","False","False","False","False","0","2","2","2","0.0","0.0149220859960422","0.0","0.0457676818690719","5.3123270866481575e-09"
"4_196","190.65540049004915","long","quiet","48","2461041.833333333","2461041.8401562865","frozen_polybeam","lines","30.0","single","coherent_ab","2","2","1","46066","79.453","0.1663831485215053","5.3123270866481575e-09","0.0149220859960422","2808954.6732818866","0.026660981465118458","0.026660981465118458","8.755304649938652e-05","False","20268065","100","0.14557856346090958","1.1728432738911017","0.43564356435643564","0.16831683168316833","0.6257549668407592","93.21329127775769","0.6180140786073025","0.7495948314535781","0.753451360687468","90.39871576243655","93.64585208803312","93.7275109312944","0.03586487913798919","1.0783510865174848","1.0107703455594124","93.21329127775769","-16.371756079463484","18440185.57615971","5.054899848636446e-06","1261","0.059490460698200555","-1.445965571882522","1.4440828042107998","-4095.9999999999995","4090.666666666666","C:\Users\kimeu\Downloads\starlink_pathB_wsl_package_v0_3_clean\starlink_pathB\outputs\coverage_null_global_stats\4_196_lst048_quiet_frozen_polybeam_lines_S30_single.npz","9.10175923472585","9444.443085672718","1.7798436919007438e-05","140609741.2109375","False","False","False","False","False","False","False","False","False","0","2","2","2","0.0","0.0149220859960422","0.0","0.0457676818690719","5.3123270866481575e-09"
"4_196","190.65540049004915","long","quiet","48","2461041.833333333","2461041.8401562865","frozen_polybeam","lines","30.0","multi","coherent_ab","2","2","2","46066;47487","79.453;74.123","0.1663831485215053","5.3123270866481575e-09","0.0149220859960422","2808954.6732818866","0.033308512481988975","0.026660981465118458","0.0001730903764719313","False","20268082","100","-0.6853184213135507","-0.745209671523748","0.8118811881188119","0.7128712871287128","2.213973244011868","241.3829255247864","2.5431410261162455","3.7862912368865183","3.9447882937018406","263.37047603404284","284.73419014448245","289.26881852184664","0.32396710848843213","2.1656680419513674","1.2067103714286875","241.3829255247864","-15.527857706978013","18440185.57615971","1.3090048607583265e-05","1261","0.059490460698200555","-1.445965571882522","1.4440828042107998","-4095.9999999999995","4090.666666666666","C:\Users\kimeu\Downloads\starlink_pathB_wsl_package_v0_3_clean\starlink_pathB\outputs\coverage_null_global_stats\4_196_lst048_quiet_frozen_polybeam_lines_S30_multi.npz","9.10175923472585","9444.443085672718","1.7798436919007438e-05","140609741.2109375","False","False","False","False","False","False","False","False","False","0","2","2","2","0.0","0.0149220859960422","0.0","0.0457676818690719","5.3123270866481575e-09"
"4_196","190.65540049004915","long","quiet","48","2461041.833333333","2461041.8401562865","frozen_polybeam","lines","1000.0","single","coherent_ab","2","2","1","46066","79.453","0.1663831485215053","5.3123270866481575e-09","0.0149220859960422","2808954.6732818866","0.8886993821706153","0.8886993821706153","0.0029184348833128835","False","20268099","100","0.039766229585436866","1.306557384960081","0.49504950495049505","0.10891089108910891","20.87082103883222","3107.876639592171","20.790405198549706","24.66119002130581","25.14293611252404","3013.5624324677683","3116.0385363796363","3124.233577951757","1.3639648956300334","1.9397645155639986","1.8154418823337417","3107.876639592171","-549.6033317532142","18440185.57615971","0.00016853825178474193","1261","0.059490460698200555","-1.445965571882522","1.4440828042107998","-4095.9999999999995","4090.666666666666","C:\Users\kimeu\Downloads\starlink_pathB_wsl_package_v0_3_clean\starlink_pathB\outputs\coverage_null_global_stats\4_196_lst048_quiet_frozen_polybeam_lines_S1000_single.npz","9.10175923472585","9444.443085672718","1.7798436919007438e-05","140609741.2109375","False","False","False","False","False","False","False","False","False","0","2","2","2","0.0","0.0149220859960422","0.0","0.0457676818690719","5.3123270866481575e-09"
"4_196","190.65540049004915","long","quiet","48","2461041.833333333","2461041.8401562865","frozen_polybeam","lines","1000.0","multi","coherent_ab","2","2","2","46066;47487","79.453;74.123","0.1663831485215053","5.3123270866481575e-09","0.0149220859960422","2808954.6732818866","1.1102837493996325","0.8886993821706153","0.005769679215731043","False","20268116","100","-0.7996698423545211","-0.5469970271311868","0.8910891089108911","0.7326732673267327","73.80664976125263","8046.466299818622","87.22871354421659","126.39288699327899","130.82677503412248","8576.252267965805","9566.914274510078","9625.693427510178","11.32099463455961","1.7005882575876945","0.9185027645088771","8046.466299818622","-520.1975880323157","18440185.57615971","0.000436354952426371","1261","0.059490460698200555","-1.445965571882522","1.4440828042107998","-4095.9999999999995","4090.666666666666","C:\Users\kimeu\Downloads\starlink_pathB_wsl_package_v0_3_clean\starlink_pathB\outputs\coverage_null_global_stats\4_196_lst048_quiet_frozen_polybeam_lines_S1000_multi.npz","9.10175923472585","9444.443085672718","1.7798436919007438e-05","140609741.2109375","False","False","False","False","False","False","False","False","False","0","2","2","2","0.0","0.0149220859960422","0.0","0.0457676818690719","5.3123270866481575e-09"
"4_196","190.65540049004915","long","quiet","48","2461041.833333333","2461041.8401562865","frozen_polybeam","khz_comb","30.0","single","coherent_ab","2","2","1","46066","79.453","0.1663831485215053","5.3123270866481575e-09","0.0149220859960422","2808954.6732818866","0.021941409191717023","0.021941409191717023","7.868190969730642e-05","False","20268133","100","0.08381338472316506","0.9459875776449143","0.46534653465346537","0.09900990099009901","0.656090087708435","88.67188008937444","0.6488194113626378","0.7826494447886944","0.7847762453666656","86.43288467288443","88.69161830779979","88.7318171369896","0.05851098874700256","1.3354701249551089","1.2041847884385335","88.67188008937444","-14.875148451057276","18440185.57615971","4.808621893914852e-06","1261","0.059490460698200555","-1.445965571882522","1.4440828042107998","-4095.9999999999995","4090.666666666666","C:\Users\kimeu\Downloads\starlink_pathB_wsl_package_v0_3_clean\starlink_pathB\outputs\coverage_null_global_stats\4_196_lst048_quiet_frozen_polybeam_khz_comb_S30_single.npz","9.10175923472585","9444.443085672718","1.7798436919007438e-05","140609741.2109375","False","False","False","False","False","False","False","False","False","0","2","2","2","0.0","0.0149220859960422","0.0","0.0457676818690719","5.3123270866481575e-09"
"4_196","190.65540049004915","long","quiet","48","2461041.833333333","2461041.8401562865","frozen_polybeam","khz_comb","30.0","multi","coherent_ab","2","2","2","46066;47487","79.453;74.123","0.1663831485215053","5.3123270866481575e-09","0.0149220859960422","2808954.6732818866","0.027421272664198203","0.021941409191717023","0.00015590880296183294","False","20268150","100","-0.3460770580235437","-0.6367702579003431","0.6732673267326733","0.6633663366336634","2.4369520075415494","239.55530471291382","2.619804933128762","3.8277342316543583","3.9745366545127947","255.06869128606345","276.27405851664975","279.37771938025236","0.35637325789866736","1.7176850721835204","1.0498895434178452","239.55530471291382","-14.291058456040838","18440185.57615971","1.2990937847318715e-05","1261","0.059490460698200555","-1.445965571882522","1.4440828042107998","-4095.9999999999995","4090.666666666666","C:\Users\kimeu\Downloads\starlink_pathB_wsl_package_v0_3_clean\starlink_pathB\outputs\coverage_null_global_stats\4_196_lst048_quiet_frozen_polybeam_khz_comb_S30_multi.npz","9.10175923472585","9444.443085672718","1.7798436919007438e-05","140609741.2109375","False","False","False","False","False","False","False","False","False","0","2","2","2","0.0","0.0149220859960422","0.0","0.0457676818690719","5.3123270866481575e-09"
"4_196","190.65540049004915","long","quiet","48","2461041.833333333","2461041.8401562865","frozen_polybeam","khz_comb","1000.0","single","coherent_ab","2","2","1","46066","79.453","0.1663831485215053","5.3123270866481575e-09","0.0149220859960422","2808954.6732818866","0.7313803063905673","0.7313803063905673","0.0026227303232435476","False","20268167","100","0.0471404187289932","0.9540108877562745","0.45544554455445546","0.04950495049504951","21.880487347887538","2956.5188296979363","21.754076539837115","25.73297365491162","26.075887594710657","2887.882621447424","2956.264405667827","2958.050426130671","1.8087009879600373","1.1862344096551654","1.0490619642190955","2956.5188296979363","-499.6095570569407","18440185.57615971","0.0001603302102078764","1261","0.059490460698200555","-1.445965571882522","1.4440828042107998","-4095.9999999999995","4090.666666666666","C:\Users\kimeu\Downloads\starlink_pathB_wsl_package_v0_3_clean\starlink_pathB\outputs\coverage_null_global_stats\4_196_lst048_quiet_frozen_polybeam_khz_comb_S1000_single.npz","9.10175923472585","9444.443085672718","1.7798436919007438e-05","140609741.2109375","False","False","False","False","False","False","False","False","False","0","2","2","2","0.0","0.0149220859960422","0.0","0.0457676818690719","5.3123270866481575e-09"
"4_196","190.65540049004915","long","quiet","48","2461041.833333333","2461041.8401562865","frozen_polybeam","khz_comb","1000.0","multi","coherent_ab","2","2","2","46066;47487","79.453;74.123","0.1663831485215053","5.3123270866481575e-09","0.0149220859960422","2808954.6732818866","0.91404242213994","0.7313803063905673","0.005196960098727765","False","20268184","100","-0.40840426087212656","-0.5008175620476527","0.6336633663366337","0.6831683168316832","81.23990923370002","7985.509324049842","87.79491466786567","130.90400982074925","134.04171765926571","8415.719336847884","9200.199241359373","9311.94699133387","10.825769996185045","2.072363132598206","1.2500460306660581","7985.509324049842","-478.8321581793334","18440185.57615971","0.00043304929286470213","1261","0.059490460698200555","-1.445965571882522","1.4440828042107998","-4095.9999999999995","4090.666666666666","C:\Users\kimeu\Downloads\starlink_pathB_wsl_package_v0_3_clean\starlink_pathB\outputs\coverage_null_global_stats\4_196_lst048_quiet_frozen_polybeam_khz_comb_S1000_multi.npz","9.10175923472585","9444.443085672718","1.7798436919007438e-05","140609741.2109375","False","False","False","False","False","False","False","False","False","0","2","2","2","0.0","0.0149220859960422","0.0","0.0457676818690719","5.3123270866481575e-09"
"4_196","190.65540049004915","long","quiet","48","2461041.833333333","2461041.8401562865","full_polybeam","smooth","30.0","single","coherent_ab","2","2","1","46066","79.453","0.1663831485215053","5.3123270866481575e-09","0.0149220859960422","2808954.6732818866","0.09909152586219618","0.09909152586219618","0.00017570126246433204","False","20268201","100","-0.9907187552920766","-0.42421679999836104","0.8811881188118812","0.6534653465346535","2.0052723955886904","459.70293354788","2.2976432678333367","2.9688511933098196","2.996539961179078","465.5949296515995","476.71960928882334","477.12094577382226","0.19904887296797824","0.8714828432175052","0.7866715062414432","459.70293354788","-42.75796524333967","18440185.57615971","2.4929409286542342e-05","1261","0.059490460698200555","-1.445965571882522","1.4440828042107998","-4095.9999999999995","4090.666666666666","C:\Users\kimeu\Downloads\starlink_pathB_wsl_package_v0_3_clean\starlink_pathB\outputs\coverage_null_global_stats\4_196_lst048_quiet_full_polybeam_smooth_S30_single.npz","9.10175923472585","9444.443085672718","1.7798436919007438e-05","140609741.2109375","False","False","False","False","False","False","False","False","False","0","2","2","2","0.0","0.0149220859960422","0.0","0.0457676818690719","5.3123270866481575e-09"
"4_196","190.65540049004915","long","quiet","48","2461041.833333333","2461041.8401562865","full_polybeam","smooth","30.0","multi","coherent_ab","2","2","2","46066;47487","79.453;74.123","0.1663831485215053","5.3123270866481575e-09","0.0149220859960422","2808954.6732818866","0.1552281643879528","0.09909152586219618","0.0002846298244836544","False","20268218","100","0.9933894264184328","-0.6201316582353301","0.1782178217821782","0.7425742574257426","3.329706249642186","494.10787775947466","2.908707164651787","3.6952653608677792","3.8974384128529347","524.9373222629904","576.4867195415877","579.7060805272333","0.28584962253717094","1.840755618362532","1.0290811388910028","494.10787775947466","-51.7126652445444","18440185.57615971","2.6795168395608733e-05","1261","0.059490460698200555","-1.445965571882522","1.4440828042107998","-4095.9999999999995","4090.666666666666","C:\Users\kimeu\Downloads\starlink_pathB_wsl_package_v0_3_clean\starlink_pathB\outputs\coverage_null_global_stats\4_196_lst048_quiet_full_polybeam_smooth_S30_multi.npz","9.10175923472585","9444.443085672718","1.7798436919007438e-05","140609741.2109375","False","False","False","False","False","False","False","False","False","0","2","2","2","0.0","0.0149220859960422","0.0","0.0457676818690719","5.3123270866481575e-09"
"4_196","190.65540049004915","long","quiet","48","2461041.833333333","2461041.8401562865","full_polybeam","smooth","1000.0","single","coherent_ab","2","2","1","46066","79.453","0.1663831485215053","5.3123270866481575e-09","0.0149220859960422","2808954.6732818866","3.303050862073206","3.303050862073206","0.005856708748811069","False","20268235","100","-0.8036966143813088","-0.4263442369438545","0.8910891089108911","0.6534653465346535","66.83224625248113","15323.967027804967","76.83885944362737","98.368208742766","99.86876080301867","15513.323567986723","15879.132275284579","15904.279558744025","8.39790539155183","1.1343097394761184","1.0352517087666315","15323.967027804967","-1428.183083503373","18440185.57615971","0.0008310093715985415","1261","0.059490460698200555","-1.445965571882522","1.4440828042107998","-4095.9999999999995","4090.666666666666","C:\Users\kimeu\Downloads\starlink_pathB_wsl_package_v0_3_clean\starlink_pathB\outputs\coverage_null_global_stats\4_196_lst048_quiet_full_polybeam_smooth_S1000_single.npz","9.10175923472585","9444.443085672718","1.7798436919007438e-05","140609741.2109375","False","False","False","False","False","False","False","False","False","0","2","2","2","0.0","0.0149220859960422","0.0","0.0457676818690719","5.3123270866481575e-09"
"4_196","190.65540049004915","long","quiet","48","2461041.833333333","2461041.8401562865","full_polybeam","smooth","1000.0","multi","coherent_ab","2","2","2","46066;47487","79.453;74.123","0.1663831485215053","5.3123270866481575e-09","0.0149220859960422","2808954.6732818866","5.174272146265094","3.303050862073206","0.009487660816121816","False","20268252","100","1.0859000610242366","-0.5878646274681079","0.1485148514851485","0.7128712871287128","111.03122650811565","16470.425564923484","92.93124209020607","119.92302565621502","126.46045679133735","17556.348746327567","19221.560445837542","19366.915916448186","11.242537572965375","1.987208238087151","1.224810739339538","16470.425564923484","-1726.6009503215132","18440185.57615971","0.0008931811177766661","1261","0.059490460698200555","-1.445965571882522","1.4440828042107998","-4095.9999999999995","4090.666666666666","C:\Users\kimeu\Downloads\starlink_pathB_wsl_package_v0_3_clean\starlink_pathB\outputs\coverage_null_global_stats\4_196_lst048_quiet_full_polybeam_smooth_S1000_multi.npz","9.10175923472585","9444.443085672718","1.7798436919007438e-05","140609741.2109375","False","False","False","False","False","False","False","False","False","0","2","2","2","0.0","0.0149220859960422","0.0","0.0457676818690719","5.3123270866481575e-09"
"4_196","190.65540049004915","long","quiet","48","2461041.833333333","2461041.8401562865","full_polybeam","lines","30.0","single","coherent_ab","2","2","1","46066","79.453","0.1663831485215053","5.3123270866481575e-09","0.0149220859960422","2808954.6732818866","0.09909151893358929","0.09909151893358929","0.0001758719060695972","False","20268269","100","-1.1664736786338636","-0.502085595829584","0.9108910891089109","0.6435643564356436","2.0027580624446273","459.54115729750805","2.2954915873269783","2.917044795549009","2.9766500956370145","466.0366033684031","476.99734406413955","477.2173315943914","0.1692674778169021","1.0570986601254815","0.9952824908692112","459.54115729750805","-42.68373550247483","18440185.57615971","2.4920636259302255e-05","1261","0.059490460698200555","-1.445965571882522","1.4440828042107998","-4095.9999999999995","4090.666666666666","C:\Users\kimeu\Downloads\starlink_pathB_wsl_package_v0_3_clean\starlink_pathB\outputs\coverage_null_global_stats\4_196_lst048_quiet_full_polybeam_lines_S30_single.npz","9.10175923472585","9444.443085672718","1.7798436919007438e-05","140609741.2109375","False","False","False","False","False","False","False","False","False","0","2","2","2","0.0","0.0149220859960422","0.0","0.0457676818690719","5.3123270866481575e-09"
"4_196","190.65540049004915","long","quiet","48","2461041.833333333","2461041.8401562865","full_polybeam","lines","30.0","multi","coherent_ab","2","2","2","46066;47487","79.453;74.123","0.1663831485215053","5.3123270866481575e-09","0.0149220859960422","2808954.6732818866","0.15522425836419484","0.09909151893358929","0.00028487489268683863","False","20268286","100","1.2077850901970146","-0.4678278237447662","0.21782178217821782","0.6336633663366337","3.3354444810538553","493.9552627926578","2.862760659041669","3.7036196391716656","3.909402720837388","517.9155227504365","576.060905114735","579.64093019012","0.2639715233190145","2.022735643139215","1.217372236781379","493.9552627926578","-51.66668319229868","18440185.57615971","2.6786892179179863e-05","1261","0.059490460698200555","-1.445965571882522","1.4440828042107998","-4095.9999999999995","4090.666666666666","C:\Users\kimeu\Downloads\starlink_pathB_wsl_package_v0_3_clean\starlink_pathB\outputs\coverage_null_global_stats\4_196_lst048_quiet_full_polybeam_lines_S30_multi.npz","9.10175923472585","9444.443085672718","1.7798436919007438e-05","140609741.2109375","False","False","False","False","False","False","False","False","False","0","2","2","2","0.0","0.0149220859960422","0.0","0.0457676818690719","5.3123270866481575e-09"
"4_196","190.65540049004915","long","quiet","48","2461041.833333333","2461041.8401562865","full_polybeam","lines","1000.0","single","coherent_ab","2","2","1","46066","79.453","0.1663831485215053","5.3123270866481575e-09","0.0149220859960422","2808954.6732818866","3.303050631119643","3.303050631119643","0.005862396868986571","False","20268303","100","-1.0457949491890521","-0.14873717814897255","0.9702970297029703","0.5742574257425742","66.74858074498479","15318.600320226891","76.54338106618525","99.017212096195","99.46240721011957","15395.563029679979","15900.477600157154","15907.281582378258","6.317206171908765","1.9947083926457398","1.6911526505919214","15318.600320226891","-1425.7239174110614","18440185.57615971","0.0008307183383247216","1261","0.059490460698200555","-1.445965571882522","1.4440828042107998","-4095.9999999999995","4090.666666666666","C:\Users\kimeu\Downloads\starlink_pathB_wsl_package_v0_3_clean\starlink_pathB\outputs\coverage_null_global_stats\4_196_lst048_quiet_full_polybeam_lines_S1000_single.npz","9.10175923472585","9444.443085672718","1.7798436919007438e-05","140609741.2109375","False","False","False","False","False","False","False","False","False","0","2","2","2","0.0","0.0149220859960422","0.0","0.0457676818690719","5.3123270866481575e-09"
"4_196","190.65540049004915","long","quiet","48","2461041.833333333","2461041.8401562865","full_polybeam","lines","1000.0","multi","coherent_ab","2","2","2","46066;47487","79.453;74.123","0.1663831485215053","5.3123270866481575e-09","0.0149220859960422","2808954.6732818866","5.174141945473161","3.303050631119643","0.009495829756227953","False","20268320","100","1.2064541202196235","-0.7439148809010858","0.19801980198019803","0.7722772277227723","111.22336328585516","16465.25757435929","94.19715014245594","127.61372825563012","131.90865109586258","17751.793281127822","19268.43998724229","19334.79610908465","9.518823170839823","2.4992835496184593","1.1310083164300477","16465.25757435929","-1725.0829314560247","18440185.57615971","0.000892900860805127","1261","0.059490460698200555","-1.445965571882522","1.4440828042107998","-4095.9999999999995","4090.666666666666","C:\Users\kimeu\Downloads\starlink_pathB_wsl_package_v0_3_clean\starlink_pathB\outputs\coverage_null_global_stats\4_196_lst048_quiet_full_polybeam_lines_S1000_multi.npz","9.10175923472585","9444.443085672718","1.7798436919007438e-05","140609741.2109375","False","False","False","False","False","False","False","False","False","0","2","2","2","0.0","0.0149220859960422","0.0","0.0457676818690719","5.3123270866481575e-09"
"4_196","190.65540049004915","long","quiet","48","2461041.833333333","2461041.8401562865","full_polybeam","khz_comb","30.0","single","coherent_ab","2","2","1","46066","79.453","0.1663831485215053","5.3123270866481575e-09","0.0149220859960422","2808954.6732818866","0.08155016975632547","0.08155016975632547","0.00015016150012398202","False","20268337","100","-1.152512643133878","-0.4970623013384776","0.9405940594059405","0.6633663366336634","1.6210206868272508","382.20618370001364","1.876053879794199","2.465126292611967","2.532316625515086","387.0966021069662","395.10974748370666","395.4238343161682","0.1492543557251338","1.0611024540282032","0.9650560966174875","382.20618370001364","-35.95585046978775","18440185.57615971","2.0726807879533858e-05","1261","0.059490460698200555","-1.445965571882522","1.4440828042107998","-4095.9999999999995","4090.666666666666","C:\Users\kimeu\Downloads\starlink_pathB_wsl_package_v0_3_clean\starlink_pathB\outputs\coverage_null_global_stats\4_196_lst048_quiet_full_polybeam_khz_comb_S30_single.npz","9.10175923472585","9444.443085672718","1.7798436919007438e-05","140609741.2109375","False","False","False","False","False","False","False","False","False","0","2","2","2","0.0","0.0149220859960422","0.0","0.0457676818690719","5.3123270866481575e-09"
"4_196","190.65540049004915","long","quiet","48","2461041.833333333","2461041.8401562865","full_polybeam","khz_comb","30.0","multi","coherent_ab","2","2","2","46066;47487","79.453;74.123","0.1663831485215053","5.3123270866481575e-09","0.0149220859960422","2808954.6732818866","0.12774619620457658","0.08155016975632547","0.0002469783881173761","False","20268354","100","1.580418204627388","-0.5923285775572484","0.07920792079207921","0.7821782178217822","3.3631266175070778","431.48404869683895","2.744961236331619","3.4130899564409445","3.5157279625796947","456.7504523656802","496.13948275607464","500.28272874755964","0.26382057370028633","1.7477546396437935","1.1773720100488765","431.48404869683895","-43.59879632789698","18440185.57615971","2.339911639797599e-05","1261","0.059490460698200555","-1.445965571882522","1.4440828042107998","-4095.9999999999995","4090.666666666666","C:\Users\kimeu\Downloads\starlink_pathB_wsl_package_v0_3_clean\starlink_pathB\outputs\coverage_null_global_stats\4_196_lst048_quiet_full_polybeam_khz_comb_S30_multi.npz","9.10175923472585","9444.443085672718","1.7798436919007438e-05","140609741.2109375","False","False","False","False","False","False","False","False","False","0","2","2","2","0.0","0.0149220859960422","0.0","0.0457676818690719","5.3123270866481575e-09"
"4_196","190.65540049004915","long","quiet","48","2461041.833333333","2461041.8401562865","full_polybeam","khz_comb","1000.0","single","coherent_ab","2","2","1","46066","79.453","0.1663831485215053","5.3123270866481575e-09","0.0149220859960422","2808954.6732818866","2.718338991877516","2.718338991877516","0.005005383337466068","False","20268371","100","-0.9370929377739237","-0.2555251273168","0.8811881188118812","0.594059405940594","54.02627710312663","12740.693076152264","61.807916970486986","82.36504468527127","84.70758576398671","12843.327861970312","13175.961498416544","13179.697657570763","5.600985742756166","0.7786498051906109","0.7569123457352513","12740.693076152264","-1200.8184394056173","18440185.57615971","0.0006909200031383631","1261","0.059490460698200555","-1.445965571882522","1.4440828042107998","-4095.9999999999995","4090.666666666666","C:\Users\kimeu\Downloads\starlink_pathB_wsl_package_v0_3_clean\starlink_pathB\outputs\coverage_null_global_stats\4_196_lst048_quiet_full_polybeam_khz_comb_S1000_single.npz","9.10175923472585","9444.443085672718","1.7798436919007438e-05","140609741.2109375","False","False","False","False","False","False","False","False","False","0","2","2","2","0.0","0.0149220859960422","0.0","0.0457676818690719","5.3123270866481575e-09"
"4_196","190.65540049004915","long","quiet","48","2461041.833333333","2461041.8401562865","full_polybeam","khz_comb","1000.0","multi","coherent_ab","2","2","2","46066;47487","79.453;74.123","0.1663831485215053","5.3123270866481575e-09","0.0149220859960422","2808954.6732818866","4.258206540152553","2.718338991877516","0.008232612937245871","False","20268388","100","1.243144381821348","-0.5681820536566161","0.12871287128712872","0.7128712871287128","112.13902443999541","14382.82900960189","91.30142404150683","116.21255660271845","120.36264624218191","15218.64865697321","16539.388574854253","16676.664230065253","11.305821853013185","1.9194156850765554","1.196967056773747","14382.82900960189","-1455.1026971755005","18440185.57615971","0.0007799720317455293","1261","0.059490460698200555","-1.445965571882522","1.4440828042107998","-4095.9999999999995","4090.666666666666","C:\Users\kimeu\Downloads\starlink_pathB_wsl_package_v0_3_clean\starlink_pathB\outputs\coverage_null_global_stats\4_196_lst048_quiet_full_polybeam_khz_comb_S1000_multi.npz","9.10175923472585","9444.443085672718","1.7798436919007438e-05","140609741.2109375","False","False","False","False","False","False","False","False","False","0","2","2","2","0.0","0.0149220859960422","0.0","0.0457676818690719","5.3123270866481575e-09"
"4_196","190.65540049004915","long","typical","53","2461041.8680555555","2461041.8748785085","frozen_polybeam","smooth","30.0","single","coherent_ab","3","3","1","45540","84.998","0.1665616599462365","1.04736401041449e-07","0.3041325609933296","2903790.4488714524","0.22615314250971563","0.22615314250971563","0.0004754764668456123","False","20268410","100","-0.4269557661659731","0.6642925394557105","0.6435643564356436","0.3069306930693069","3.2749811100720763","702.388067418224","3.3807641867888094","4.151915218781687","4.252603008238111","678.5916688710952","722.2813521120498","723.4465936020281","0.16711264587232222","1.3736684790452074","1.3010150520962915","702.388067418224","-99.20161144081854","4081507.6017729165","0.00017209034894682596","1261","0.059490460698200555","-1.445965571882522","1.4440828042107998","-4095.9999999999995","4090.666666666666","C:\Users\kimeu\Downloads\starlink_pathB_wsl_package_v0_3_clean\starlink_pathB\outputs\coverage_null_global_stats\4_196_lst053_typical_frozen_polybeam_smooth_S30_single.npz","9.10175923472585","9444.443085672718","1.7798436919007438e-05","140609741.2109375","False","False","False","False","False","False","False","False","False","1","3","3","3","0.0023396773596836","0.3041325609933296","0.0023396773596836","0.4996640359057469","1.04736401041449e-07"
"4_196","190.65540049004915","long","typical","53","2461041.8680555555","2461041.8748785085","frozen_polybeam","smooth","30.0","multi","coherent_ab","3","3","3","45540;49131;48408","84.998;84.202;72.812","0.1665616599462365","1.04736401041449e-07","0.3041325609933296","2903790.4488714524","0.3979210042399976","0.22615314250971563","0.0009583454833824661","False","20268427","100","0.6583212482692493","1.3795014218622919","0.19801980198019803","0.0891089108910891","5.3768052760478895","1071.2547176942094","5.047095120638346","6.186258912943275","6.546872948807686","939.598514028806","1073.0375876899238","1086.391162452897","0.337808408454066","2.35530635950148","1.500911493352947","1071.2547176942094","-136.11877759362693","4081507.6017729165","0.000262465447137445","1261","0.059490460698200555","-1.445965571882522","1.4440828042107998","-4095.9999999999995","4090.666666666666","C:\Users\kimeu\Downloads\starlink_pathB_wsl_package_v0_3_clean\starlink_pathB\outputs\coverage_null_global_stats\4_196_lst053_typical_frozen_polybeam_smooth_S30_multi.npz","9.10175923472585","9444.443085672718","1.7798436919007438e-05","140609741.2109375","False","False","False","False","False","False","False","False","False","1","3","3","3","0.0023396773596836","0.3041325609933296","0.0023396773596836","0.4996640359057469","1.04736401041449e-07"
"4_196","190.65540049004915","long","typical","53","2461041.8680555555","2461041.8748785085","frozen_polybeam","smooth","1000.0","single","coherent_ab","3","3","1","45540","84.998","0.1665616599462365","1.04736401041449e-07","0.3041325609933296","2903790.4488714524","7.538438083657187","7.538438083657187","0.01584921556152041","False","20268444","100","-0.3853325050977256","0.36456559317813686","0.6732673267326733","0.32673267326732675","107.98896902799788","23413.29514790559","112.37488583617306","140.00759840711743","140.90034984065977","22905.50844869379","24102.771496643258","24112.685267615056","7.67716276154016","1.4520165491211934","1.2955817893549213","23413.29514790559","-3891.472476702874","4081507.6017729165","0.005736433061581307","1261","0.059490460698200555","-1.445965571882522","1.4440828042107998","-4095.9999999999995","4090.666666666666","C:\Users\kimeu\Downloads\starlink_pathB_wsl_package_v0_3_clean\starlink_pathB\outputs\coverage_null_global_stats\4_196_lst053_typical_frozen_polybeam_smooth_S1000_single.npz","9.10175923472585","9444.443085672718","1.7798436919007438e-05","140609741.2109375","False","False","False","False","False","False","False","False","False","1","3","3","3","0.0023396773596836","0.3041325609933296","0.0023396773596836","0.4996640359057469","1.04736401041449e-07"
"4_196","190.65540049004915","long","typical","53","2461041.8680555555","2461041.8748785085","frozen_polybeam","smooth","1000.0","multi","coherent_ab","3","3","3","45540;49131;48408","84.998;84.202;72.812","0.1665616599462365","1.04736401041449e-07","0.3041325609933296","2903790.4488714524","13.264033474666585","7.538438083657187","0.0319448494460822","False","20268461","100","0.8372283015706337","2.0170371303002175","0.22772277227722773","0.039603960396039604","177.72795774385304","35715.896563141214","162.60855893470216","200.29054089411446","210.28626769404485","30168.402291046918","34780.267479648894","36415.05275084185","12.180542352047269","2.4236247866661818","1.5720833907689546","35715.896563141214","-5003.263724437154","4081507.6017729165","0.008750662756974168","1261","0.059490460698200555","-1.445965571882522","1.4440828042107998","-4095.9999999999995","4090.666666666666","C:\Users\kimeu\Downloads\starlink_pathB_wsl_package_v0_3_clean\starlink_pathB\outputs\coverage_null_global_stats\4_196_lst053_typical_frozen_polybeam_smooth_S1000_multi.npz","9.10175923472585","9444.443085672718","1.7798436919007438e-05","140609741.2109375","False","False","False","False","False","False","False","False","False","1","3","3","3","0.0023396773596836","0.3041325609933296","0.0023396773596836","0.4996640359057469","1.04736401041449e-07"
"4_196","190.65540049004915","long","typical","53","2461041.8680555555","2461041.8748785085","frozen_polybeam","lines","30.0","single","coherent_ab","3","3","1","45540","84.998","0.1665616599462365","1.04736401041449e-07","0.3041325609933296","2903790.4488714524","0.22615321577124936","0.22615321577124936","0.0004759383286122323","False","20268478","100","-0.5136759197110162","0.33553373170017864","0.7029702970297029","0.4158415841584158","3.2443679343332406","702.7683687635883","3.412624561381506","4.284476441216611","4.330656735451084","691.2273163638064","723.2642275501692","723.4519878732013","0.2209321788504326","1.515430437754522","1.3541774208275377","702.7683687635883","-99.2012004298875","4081507.6017729165","0.00017218352563114702","1261","0.059490460698200555","-1.445965571882522","1.4440828042107998","-4095.9999999999995","4090.666666666666","C:\Users\kimeu\Downloads\starlink_pathB_wsl_package_v0_3_clean\starlink_pathB\outputs\coverage_null_global_stats\4_196_lst053_typical_frozen_polybeam_lines_S30_single.npz","9.10175923472585","9444.443085672718","1.7798436919007438e-05","140609741.2109375","False","False","False","False","False","False","False","False","False","1","3","3","3","0.0023396773596836","0.3041325609933296","0.0023396773596836","0.4996640359057469","1.04736401041449e-07"
"4_196","190.65540049004915","long","typical","53","2461041.8680555555","2461041.8748785085","frozen_polybeam","lines","30.0","multi","coherent_ab","3","3","3","45540;49131;48408","84.998;84.202;72.812","0.1665616599462365","1.04736401041449e-07","0.3041325609933296","2903790.4488714524","0.39788829923804453","0.22615321577124936","0.0009593705610996767","False","20268495","100","0.6533688137045174","1.425781526470572","0.33663366336633666","0.04950495049504951","5.444848800600084","1071.2812250443164","4.935996053551207","6.175976601033107","6.706011444497782","932.6150815477796","1065.0930639234332","1098.980274294552","0.5253028130815665","2.312940343479366","1.5258315163463838","1071.2812250443164","-136.36919611440777","4081507.6017729165","0.0002624719416371969","1261","0.059490460698200555","-1.445965571882522","1.4440828042107998","-4095.9999999999995","4090.666666666666","C:\Users\kimeu\Downloads\starlink_pathB_wsl_package_v0_3_clean\starlink_pathB\outputs\coverage_null_global_stats\4_196_lst053_typical_frozen_polybeam_lines_S30_multi.npz","9.10175923472585","9444.443085672718","1.7798436919007438e-05","140609741.2109375","False","False","False","False","False","False","False","False","False","1","3","3","3","0.0023396773596836","0.3041325609933296","0.0023396773596836","0.4996640359057469","1.04736401041449e-07"
"4_196","190.65540049004915","long","typical","53","2461041.8680555555","2461041.8748785085","frozen_polybeam","lines","1000.0","single","coherent_ab","3","3","1","45540","84.998","0.1665616599462365","1.04736401041449e-07","0.3041325609933296","2903790.4488714524","7.538440525708311","7.538440525708311","0.015864610953741073","False","20268512","100","-0.43677773391798674","0.43045761304843133","0.6435643564356436","0.36633663366336633","106.97989432697068","23428.006017010615","111.55883719254192","141.07943695100838","144.09860183514175","22949.222461434863","24106.571627141184","24130.96074006276","7.070998384681843","0.9303345470042991","0.8588043360546085","23428.006017010615","-3891.2475055329596","4081507.6017729165","0.0057400373349381995","1261","0.059490460698200555","-1.445965571882522","1.4440828042107998","-4095.9999999999995","4090.666666666666","C:\Users\kimeu\Downloads\starlink_pathB_wsl_package_v0_3_clean\starlink_pathB\outputs\coverage_null_global_stats\4_196_lst053_typical_frozen_polybeam_lines_S1000_single.npz","9.10175923472585","9444.443085672718","1.7798436919007438e-05","140609741.2109375","False","False","False","False","False","False","False","False","False","1","3","3","3","0.0023396773596836","0.3041325609933296","0.0023396773596836","0.4996640359057469","1.04736401041449e-07"
"4_196","190.65540049004915","long","typical","53","2461041.8680555555","2461041.8748785085","frozen_polybeam","lines","1000.0","multi","coherent_ab","3","3","3","45540;49131;48408","84.998;84.202;72.812","0.1665616599462365","1.04736401041449e-07","0.3041325609933296","2903790.4488714524","13.262943307934819","7.538440525708311","0.03197901870332256","False","20268529","100","0.7663783463799917","1.76605610734374","0.33663366336633666","0.0297029702970297","179.96798151260373","35717.898376690406","160.1858649801352","200.23716711682263","218.75843999625909","31033.858928435795","34998.40309279114","35739.35994329796","17.410271137049392","2.319352551455544","1.56086984700831","35717.898376690406","-5011.445397088355","4081507.6017729165","0.0087511532163202","1261","0.059490460698200555","-1.445965571882522","1.4440828042107998","-4095.9999999999995","4090.666666666666","C:\Users\kimeu\Downloads\starlink_pathB_wsl_package_v0_3_clean\starlink_pathB\outputs\coverage_null_global_stats\4_196_lst053_typical_frozen_polybeam_lines_S1000_multi.npz","9.10175923472585","9444.443085672718","1.7798436919007438e-05","140609741.2109375","False","False","False","False","False","False","False","False","False","1","3","3","3","0.0023396773596836","0.3041325609933296","0.0023396773596836","0.4996640359057469","1.04736401041449e-07"
"4_196","190.65540049004915","long","typical","53","2461041.8680555555","2461041.8748785085","frozen_polybeam","khz_comb","30.0","single","coherent_ab","3","3","1","45540","84.998","0.1665616599462365","1.04736401041449e-07","0.3041325609933296","2903790.4488714524","0.18611918896353377","0.18611918896353377","0.00042266437894569677","False","20268546","100","0.6187778285049464","0.2991093998397547","0.2376237623762376","0.3564356435643564","3.267803920269216","678.3479377898939","3.152197823368624","3.7751567246992637","3.8426943011559707","667.4644234034014","695.7974624498157","695.9245290445784","0.1260149289560104","0.9103184679915255","0.8813304443721667","678.3479377898939","-89.97374904938705","4081507.6017729165","0.00016620033673224926","1261","0.059490460698200555","-1.445965571882522","1.4440828042107998","-4095.9999999999995","4090.666666666666","C:\Users\kimeu\Downloads\starlink_pathB_wsl_package_v0_3_clean\starlink_pathB\outputs\coverage_null_global_stats\4_196_lst053_typical_frozen_polybeam_khz_comb_S30_single.npz","9.10175923472585","9444.443085672718","1.7798436919007438e-05","140609741.2109375","False","False","False","False","False","False","False","False","False","1","3","3","3","0.0023396773596836","0.3041325609933296","0.0023396773596836","0.4996640359057469","1.04736401041449e-07"
"4_196","190.65540049004915","long","typical","53","2461041.8680555555","2461041.8748785085","frozen_polybeam","khz_comb","30.0","multi","coherent_ab","3","3","3","45540;49131;48408","84.998;84.202;72.812","0.1665616599462365","1.04736401041449e-07","0.3041325609933296","2903790.4488714524","0.32894685250674827","0.18611918896353377","0.0008540801592933076","False","20268563","100","0.23133307699376118","1.6240092952330913","0.4158415841584158","0.019801980198019802","4.93779542946254","1034.1159314715899","4.806559573631603","5.6993271465873026","6.093810111267234","903.6044198693361","999.312394994771","1017.7031508523982","0.3826403609041904","2.3438337464758034","1.555744349555734","1034.1159314715899","-128.1651861851548","4081507.6017729165","0.00025336616573307195","1261","0.059490460698200555","-1.445965571882522","1.4440828042107998","-4095.9999999999995","4090.666666666666","C:\Users\kimeu\Downloads\starlink_pathB_wsl_package_v0_3_clean\starlink_pathB\outputs\coverage_null_global_stats\4_196_lst053_typical_frozen_polybeam_khz_comb_S30_multi.npz","9.10175923472585","9444.443085672718","1.7798436919007438e-05","140609741.2109375","False","False","False","False","False","False","False","False","False","1","3","3","3","0.0023396773596836","0.3041325609933296","0.0023396773596836","0.4996640359057469","1.04736401041449e-07"
"4_196","190.65540049004915","long","typical","53","2461041.8680555555","2461041.8748785085","frozen_polybeam","khz_comb","1000.0","single","coherent_ab","3","3","1","45540","84.998","0.1665616599462365","1.04736401041449e-07","0.3041325609933296","2903790.4488714524","6.2039729654511255","6.2039729654511255","0.01408881263152322","False","20268580","100","0.4427864071257319","0.5455634979290301","0.19801980198019803","0.32673267326732675","107.23665909637566","22626.457985403515","104.2844304001137","125.83006577685009","127.90526930661177","22042.052154466073","23188.297742130577","23203.541874598166","4.497091472198008","1.1515640850779285","1.0485112610348706","22626.457985403515","-3559.8627661730543","4081507.6017729165","0.005543652050427416","1261","0.059490460698200555","-1.445965571882522","1.4440828042107998","-4095.9999999999995","4090.666666666666","C:\Users\kimeu\Downloads\starlink_pathB_wsl_package_v0_3_clean\starlink_pathB\outputs\coverage_null_global_stats\4_196_lst053_typical_frozen_polybeam_khz_comb_S1000_single.npz","9.10175923472585","9444.443085672718","1.7798436919007438e-05","140609741.2109375","False","False","False","False","False","False","False","False","False","1","3","3","3","0.0023396773596836","0.3041325609933296","0.0023396773596836","0.4996640359057469","1.04736401041449e-07"
"4_196","190.65540049004915","long","typical","53","2461041.8680555555","2461041.8748785085","frozen_polybeam","khz_comb","1000.0","multi","coherent_ab","3","3","3","45540;49131;48408","84.998;84.202;72.812","0.1665616599462365","1.04736401041449e-07","0.3041325609933296","2903790.4488714524","10.964895083558275","6.2039729654511255","0.02846933864311025","False","20268597","100","0.22072413497426763","1.4296657729499154","0.37623762376237624","0.039603960396039604","163.2922963219396","34483.56589681891","159.4728318336547","188.98222249358332","198.78646921910868","30104.230270722095","34056.99308855417","34877.21574183805","11.671553288893847","2.3632173241331835","1.61272895825349","34483.56589681891","-4727.95019267267","4081507.6017729165","0.008448732493316933","1261","0.059490460698200555","-1.445965571882522","1.4440828042107998","-4095.9999999999995","4090.666666666666","C:\Users\kimeu\Downloads\starlink_pathB_wsl_package_v0_3_clean\starlink_pathB\outputs\coverage_null_global_stats\4_196_lst053_typical_frozen_polybeam_khz_comb_S1000_multi.npz","9.10175923472585","9444.443085672718","1.7798436919007438e-05","140609741.2109375","False","False","False","False","False","False","False","False","False","1","3","3","3","0.0023396773596836","0.3041325609933296","0.0023396773596836","0.4996640359057469","1.04736401041449e-07"
"4_196","190.65540049004915","long","typical","53","2461041.8680555555","2461041.8748785085","full_polybeam","smooth","30.0","single","coherent_ab","3","3","1","45540","84.998","0.1665616599462365","1.04736401041449e-07","0.3041325609933296","2903790.4488714524","0.3673768179341838","0.3673768179341838","0.0006571982317121619","False","20268614","100","0.14310405769590157","0.1813062467506132","0.42574257425742573","0.44554455445544555","3.32571765670491","710.8078675148818","3.25703078896737","3.999438064779679","4.033986648888713","699.8187867798151","741.1475080548287","742.2969044256146","0.32374104782417135","0.7838309461523224","0.738692713904523","710.8078675148818","-124.75375091203307","4081507.6017729165","0.00017415326317317712","1261","0.059490460698200555","-1.445965571882522","1.4440828042107998","-4095.9999999999995","4090.666666666666","C:\Users\kimeu\Downloads\starlink_pathB_wsl_package_v0_3_clean\starlink_pathB\outputs\coverage_null_global_stats\4_196_lst053_typical_full_polybeam_smooth_S30_single.npz","9.10175923472585","9444.443085672718","1.7798436919007438e-05","140609741.2109375","False","False","False","False","False","False","False","False","False","1","3","3","3","0.0023396773596836","0.3041325609933296","0.0023396773596836","0.4996640359057469","1.04736401041449e-07"
"4_196","190.65540049004915","long","typical","53","2461041.8680555555","2461041.8748785085","full_polybeam","smooth","30.0","multi","coherent_ab","3","3","3","45540;49131;48408","84.998;84.202;72.812","0.1665616599462365","1.04736401041449e-07","0.3041325609933296","2903790.4488714524","0.6865128471138533","0.3673768179341838","0.001331116361542995","False","20268631","100","0.3194444748041074","0.6144310088193544","0.38613861386138615","0.2376237623762376","5.703879824235628","1234.0874259279135","5.465050498054552","6.891986266903041","7.063711380911282","1155.6165849366394","1301.1247037910168","1337.60770632235","0.5042759737821143","2.2965536777464397","1.5719306864631273","1234.0874259279135","-146.4911985482983","4081507.6017729165","0.0003023606829476082","1261","0.059490460698200555","-1.445965571882522","1.4440828042107998","-4095.9999999999995","4090.666666666666","C:\Users\kimeu\Downloads\starlink_pathB_wsl_package_v0_3_clean\starlink_pathB\outputs\coverage_null_global_stats\4_196_lst053_typical_full_polybeam_smooth_S30_multi.npz","9.10175923472585","9444.443085672718","1.7798436919007438e-05","140609741.2109375","False","False","False","False","False","False","False","False","False","1","3","3","3","0.0023396773596836","0.3041325609933296","0.0023396773596836","0.4996640359057469","1.04736401041449e-07"
"4_196","190.65540049004915","long","typical","53","2461041.8680555555","2461041.8748785085","full_polybeam","smooth","1000.0","single","coherent_ab","3","3","1","45540","84.998","0.1665616599462365","1.04736401041449e-07","0.3041325609933296","2903790.4488714524","12.24589393113946","12.24589393113946","0.021906607723738734","False","20268648","100","0.05856000463313328","0.07525257810246515","0.48514851485148514","0.49504950495049505","109.9169129343818","23706.66921742317","108.86209303152418","134.87133619137913","135.74891783392627","23584.300206996057","24737.717718861044","24774.33482432751","12.149354868508908","0.8242338640052826","0.7481818038614253","23706.66921742317","-4725.550369766574","4081507.6017729165","0.005808311910806075","1261","0.059490460698200555","-1.445965571882522","1.4440828042107998","-4095.9999999999995","4090.666666666666","C:\Users\kimeu\Downloads\starlink_pathB_wsl_package_v0_3_clean\starlink_pathB\outputs\coverage_null_global_stats\4_196_lst053_typical_full_polybeam_smooth_S1000_single.npz","9.10175923472585","9444.443085672718","1.7798436919007438e-05","140609741.2109375","False","False","False","False","False","False","False","False","False","1","3","3","3","0.0023396773596836","0.3041325609933296","0.0023396773596836","0.4996640359057469","1.04736401041449e-07"
"4_196","190.65540049004915","long","typical","53","2461041.8680555555","2461041.8748785085","full_polybeam","smooth","1000.0","multi","coherent_ab","3","3","3","45540;49131;48408","84.998;84.202;72.812","0.1665616599462365","1.04736401041449e-07","0.3041325609933296","2903790.4488714524","22.883761570461775","12.24589393113946","0.044370545384766494","False","20268665","100","0.31783943027998696","0.5101685293135353","0.38613861386138615","0.24752475247524752","190.614060234715","41139.69684434032","182.56650819764434","235.7360024823911","249.48353661266196","38751.110085485896","44281.780297438985","44827.9820197775","17.077803973627965","2.760807367070343","1.5325597741608608","41139.69684434032","-5279.948636716239","4081507.6017729165","0.0100795345392644","1261","0.059490460698200555","-1.445965571882522","1.4440828042107998","-4095.9999999999995","4090.666666666666","C:\Users\kimeu\Downloads\starlink_pathB_wsl_package_v0_3_clean\starlink_pathB\outputs\coverage_null_global_stats\4_196_lst053_typical_full_polybeam_smooth_S1000_multi.npz","9.10175923472585","9444.443085672718","1.7798436919007438e-05","140609741.2109375","False","False","False","False","False","False","False","False","False","1","3","3","3","0.0023396773596836","0.3041325609933296","0.0023396773596836","0.4996640359057469","1.04736401041449e-07"
"4_196","190.65540049004915","long","typical","53","2461041.8680555555","2461041.8748785085","full_polybeam","lines","30.0","single","coherent_ab","3","3","1","45540","84.998","0.1665616599462365","1.04736401041449e-07","0.3041325609933296","2903790.4488714524","0.36737695120643366","0.36737695120643366","0.0006577725662876662","False","20268682","100","0.1397208358499404","0.6120772881332666","0.42574257425742573","0.3069306930693069","3.287163605305068","711.4330792253752","3.222210865233137","4.007946945591902","4.108764428809845","672.2941711460066","741.7091197729118","742.06870083077","0.3135539714939455","1.1393334491687652","1.050582753391954","711.4330792253752","-124.76131382998483","4081507.6017729165","0.00017430644473535818","1261","0.059490460698200555","-1.445965571882522","1.4440828042107998","-4095.9999999999995","4090.666666666666","C:\Users\kimeu\Downloads\starlink_pathB_wsl_package_v0_3_clean\starlink_pathB\outputs\coverage_null_global_stats\4_196_lst053_typical_full_polybeam_lines_S30_single.npz","9.10175923472585","9444.443085672718","1.7798436919007438e-05","140609741.2109375","False","False","False","False","False","False","False","False","False","1","3","3","3","0.0023396773596836","0.3041325609933296","0.0023396773596836","0.4996640359057469","1.04736401041449e-07"
"4_196","190.65540049004915","long","typical","53","2461041.8680555555","2461041.8748785085","full_polybeam","lines","30.0","multi","coherent_ab","3","3","3","45540;49131;48408","84.998;84.202;72.812","0.1665616599462365","1.04736401041449e-07","0.3041325609933296","2903790.4488714524","0.6864368257121857","0.36737695120643366","0.0013323652807361013","False","20268699","100","0.3757685707551853","0.6450631560472423","0.4158415841584158","0.31683168316831684","5.610228303379699","1234.6681694452936","5.35491123650354","6.88916649954981","7.211547767342127","1154.643606268747","1317.7978142496977","1358.0903052054048","0.45828474158588506","2.5169812935637745","1.496591711836919","1234.6681694452936","-146.88097954120138","4081507.6017729165","0.00030250296946867896","1261","0.059490460698200555","-1.445965571882522","1.4440828042107998","-4095.9999999999995","4090.666666666666","C:\Users\kimeu\Downloads\starlink_pathB_wsl_package_v0_3_clean\starlink_pathB\outputs\coverage_null_global_stats\4_196_lst053_typical_full_polybeam_lines_S30_multi.npz","9.10175923472585","9444.443085672718","1.7798436919007438e-05","140609741.2109375","False","False","False","False","False","False","False","False","False","1","3","3","3","0.0023396773596836","0.3041325609933296","0.0023396773596836","0.4996640359057469","1.04736401041449e-07"
"4_196","190.65540049004915","long","typical","53","2461041.8680555555","2461041.8748785085","full_polybeam","lines","1000.0","single","coherent_ab","3","3","1","45540","84.998","0.1665616599462365","1.04736401041449e-07","0.3041325609933296","2903790.4488714524","12.245898373547787","12.245898373547787","0.02192575220958887","False","20268716","100","-0.008240563412300998","0.35897401542018753","0.5346534653465347","0.38613861386138615","108.65856488802092","23727.96523997152","108.80358125018392","137.29742324316703","138.3768198474835","23046.4950703115","24672.516571720524","24763.19225509467","11.86960057923352","1.3585807837997395","1.174016741299687","23727.96523997152","-4725.5440870660095","4081507.6017729165","0.005813529596187599","1261","0.059490460698200555","-1.445965571882522","1.4440828042107998","-4095.9999999999995","4090.666666666666","C:\Users\kimeu\Downloads\starlink_pathB_wsl_package_v0_3_clean\starlink_pathB\outputs\coverage_null_global_stats\4_196_lst053_typical_full_polybeam_lines_S1000_single.npz","9.10175923472585","9444.443085672718","1.7798436919007438e-05","140609741.2109375","False","False","False","False","False","False","False","False","False","1","3","3","3","0.0023396773596836","0.3041325609933296","0.0023396773596836","0.4996640359057469","1.04736401041449e-07"
"4_196","190.65540049004915","long","typical","53","2461041.8680555555","2461041.8748785085","full_polybeam","lines","1000.0","multi","coherent_ab","3","3","3","45540;49131;48408","84.998;84.202;72.812","0.1665616599462365","1.04736401041449e-07","0.3041325609933296","2903790.4488714524","22.88122752373952","12.245898373547787","0.044412176024536704","False","20268733","100","0.09076945566606938","0.5957149503463376","0.46534653465346537","0.25742574257425743","187.49171890178695","41162.64245922163","184.35148075048983","235.0063169748863","249.25744726790452","38444.79603655204","43517.581518271","44400.51007810014","23.334519305677986","2.5449154809310257","1.4503948817278305","41162.64245922163","-5292.810682825717","4081507.6017729165","0.010085156387150055","1261","0.059490460698200555","-1.445965571882522","1.4440828042107998","-4095.9999999999995","4090.666666666666","C:\Users\kimeu\Downloads\starlink_pathB_wsl_package_v0_3_clean\starlink_pathB\outputs\coverage_null_global_stats\4_196_lst053_typical_full_polybeam_lines_S1000_multi.npz","9.10175923472585","9444.443085672718","1.7798436919007438e-05","140609741.2109375","False","False","False","False","False","False","False","False","False","1","3","3","3","0.0023396773596836","0.3041325609933296","0.0023396773596836","0.4996640359057469","1.04736401041449e-07"
"4_196","190.65540049004915","long","typical","53","2461041.8680555555","2461041.8748785085","full_polybeam","khz_comb","30.0","single","coherent_ab","3","3","1","45540","84.998","0.1665616599462365","1.04736401041449e-07","0.3041325609933296","2903790.4488714524","0.302343258614542","0.302343258614542","0.0005669324068127657","False","20268750","100","0.5710271246123115","0.6094155316039979","0.25742574257425743","0.2871287128712871","3.0214779718553473","661.970742826763","2.8221214773475367","3.553447184248398","3.615535119733759","631.1988864573085","687.4585316915844","688.2259823541968","0.23547762898033398","0.9571411097033364","0.8926087029673743","661.970742826763","-109.7603757690344","4081507.6017729165","0.0001621878010319563","1261","0.059490460698200555","-1.445965571882522","1.4440828042107998","-4095.9999999999995","4090.666666666666","C:\Users\kimeu\Downloads\starlink_pathB_wsl_package_v0_3_clean\starlink_pathB\outputs\coverage_null_global_stats\4_196_lst053_typical_full_polybeam_khz_comb_S30_single.npz","9.10175923472585","9444.443085672718","1.7798436919007438e-05","140609741.2109375","False","False","False","False","False","False","False","False","False","1","3","3","3","0.0023396773596836","0.3041325609933296","0.0023396773596836","0.4996640359057469","1.04736401041449e-07"
"4_196","190.65540049004915","long","typical","53","2461041.8680555555","2461041.8748785085","full_polybeam","khz_comb","30.0","multi","coherent_ab","3","3","3","45540;49131;48408","84.998;84.202;72.812","0.1665616599462365","1.04736401041449e-07","0.3041325609933296","2903790.4488714524","0.5649226116045194","0.302343258614542","0.001149854359444561","False","20268767","100","-0.0735622721334849","0.7492661187019816","0.5544554455445545","0.24752475247524752","4.900430979712837","1097.4027001615154","4.949001336978654","6.001852024679738","6.569793595068771","1009.9323984084265","1166.6700201805536","1175.4075932335295","0.4453404742695284","2.145076770815241","1.4245966274366024","1097.4027001615154","-133.76863700175815","4081507.6017729165","0.0002688718991200281","1261","0.059490460698200555","-1.445965571882522","1.4440828042107998","-4095.9999999999995","4090.666666666666","C:\Users\kimeu\Downloads\starlink_pathB_wsl_package_v0_3_clean\starlink_pathB\outputs\coverage_null_global_stats\4_196_lst053_typical_full_polybeam_khz_comb_S30_multi.npz","9.10175923472585","9444.443085672718","1.7798436919007438e-05","140609741.2109375","False","False","False","False","False","False","False","False","False","1","3","3","3","0.0023396773596836","0.3041325609933296","0.0023396773596836","0.4996640359057469","1.04736401041449e-07"
"4_196","190.65540049004915","long","typical","53","2461041.8680555555","2461041.8748785085","full_polybeam","khz_comb","1000.0","single","coherent_ab","3","3","1","45540","84.998","0.1665616599462365","1.04736401041449e-07","0.3041325609933296","2903790.4488714524","10.078108620484729","10.078108620484729","0.018897746893758855","False","20268784","100","0.6842573352570593","0.33942229851670885","0.24752475247524752","0.36633663366336633","99.82858021637185","22069.58211803864","94.35867509588888","118.33389464569828","121.34160392450606","21479.09271629942","22917.671737063258","22951.931274930623","5.391831799060583","1.2259784806281904","1.1361209499190956","22069.58211803864","-4160.994836437425","4081507.6017729165","0.005407213282771323","1261","0.059490460698200555","-1.445965571882522","1.4440828042107998","-4095.9999999999995","4090.666666666666","C:\Users\kimeu\Downloads\starlink_pathB_wsl_package_v0_3_clean\starlink_pathB\outputs\coverage_null_global_stats\4_196_lst053_typical_full_polybeam_khz_comb_S1000_single.npz","9.10175923472585","9444.443085672718","1.7798436919007438e-05","140609741.2109375","False","False","False","False","False","False","False","False","False","1","3","3","3","0.0023396773596836","0.3041325609933296","0.0023396773596836","0.4996640359057469","1.04736401041449e-07"
"4_196","190.65540049004915","long","typical","53","2461041.8680555555","2461041.8748785085","full_polybeam","khz_comb","1000.0","multi","coherent_ab","3","3","3","45540;49131;48408","84.998;84.202;72.812","0.1665616599462365","1.04736401041449e-07","0.3041325609933296","2903790.4488714524","18.830753720150646","10.078108620484729","0.03832847864815203","False","20268801","100","-0.04391900043730896","0.5248830486823649","0.5346534653465347","0.2376237623762376","163.69989678115962","36568.94093970719","164.58710249658037","209.03053237880448","218.09222615573375","34364.94180513656","38933.006750440676","40276.72084857662","13.625356926333154","2.6391933914630585","1.5976828677103745","36568.94093970719","-4828.134075275179","4081507.6017729165","0.008959665032553767","1261","0.059490460698200555","-1.445965571882522","1.4440828042107998","-4095.9999999999995","4090.666666666666","C:\Users\kimeu\Downloads\starlink_pathB_wsl_package_v0_3_clean\starlink_pathB\outputs\coverage_null_global_stats\4_196_lst053_typical_full_polybeam_khz_comb_S1000_multi.npz","9.10175923472585","9444.443085672718","1.7798436919007438e-05","140609741.2109375","False","False","False","False","False","False","False","False","False","1","3","3","3","0.0023396773596836","0.3041325609933296","0.0023396773596836","0.4996640359057469","1.04736401041449e-07"
"4_196","190.65540049004915","long","stress","0","2461041.5","2461041.506822953","frozen_polybeam","smooth","30.0","single","coherent_ab","4","4","1","46696","86.617","0.2652994791666667","0.0001677236185346","0.5502745938468236","3280.8414143128903","1.9354491264515696","1.9354491264515696","0.0032204596619013646","False","20268765","100","-0.21716594328442668","-1.6442332889278306","0.6732673267326733","0.9900990099009901","25.54632525820125","6060.678764816131","27.136527452285918","43.609690807060545","43.654091510669986","6233.095835156879","6336.37438965605","6338.844744913139","4.938972793743908","0.9019256147904074","0.8122159903684493","6060.678764816131","-431.8666727518949","7539724.135843243","0.0008038329593524716","1261","0.059490460698200555","-1.445965571882522","1.4440828042107998","-4095.9999999999995","4090.666666666666","C:\Users\kimeu\Downloads\starlink_pathB_wsl_package_v0_3_clean\starlink_pathB\outputs\coverage_null_global_stats\4_196_lst000_stress_frozen_polybeam_smooth_S30_single.npz","9.10175923472585","9444.443085672718","1.7798436919007438e-05","140609741.2109375","False","False","False","False","False","False","False","False","False","1","4","4","4","0.3308758856684498","0.5502745938468236","0.3308758856684498","0.7280464634021924","0.0001677236185346"
"4_196","190.65540049004915","long","stress","0","2461041.5","2461041.506822953","frozen_polybeam","smooth","30.0","multi","coherent_ab","4","4","4","46696;48029;44725;46687","86.617;85.104;84.152;73.708","0.2652994791666667","0.0001677236185346","0.5502745938468236","3280.8414143128903","2.644276507570422","1.9354491264515696","0.004708428841326888","False","20268782","100","-0.6031825363632761","-1.3094523377179321","0.7524752475247525","0.9702970297029703","26.15435371062631","6242.733303977478","28.30136269103059","43.82117870251932","45.589542012443054","6447.046546642552","6720.273121123846","6762.382161570395","2.4008283239218144","2.8035800466208443","1.1903442539566602","6242.733303977478","-298.862897217527","7539724.135843243","0.0008279790071230889","1261","0.059490460698200555","-1.445965571882522","1.4440828042107998","-4095.9999999999995","4090.666666666666","C:\Users\kimeu\Downloads\starlink_pathB_wsl_package_v0_3_clean\starlink_pathB\outputs\coverage_null_global_stats\4_196_lst000_stress_frozen_polybeam_smooth_S30_multi.npz","9.10175923472585","9444.443085672718","1.7798436919007438e-05","140609741.2109375","False","False","False","False","False","False","False","False","False","1","4","4","4","0.3308758856684498","0.5502745938468236","0.3308758856684498","0.7280464634021924","0.0001677236185346"
"4_196","190.65540049004915","long","stress","0","2461041.5","2461041.506822953","frozen_polybeam","smooth","1000.0","single","coherent_ab","4","4","1","46696","86.617","0.2652994791666667","0.0001677236185346","0.5502745938468236","3280.8414143128903","64.514970881719","64.514970881719","0.10734865539671212","False","20268799","100","-0.24283094999272983","-0.9648510651140232","0.6237623762376238","0.7821782178217822","859.3026230798341","207756.26084644935","922.6297929515831","1423.263202184429","1454.2152627133466","210263.82989057846","215306.2693208782","215485.0611574894","175.8984631225062","1.085159975164396","0.9800460923173467","207756.26084644935","-26013.312286967914","7539724.135843243","0.027554888892922853","1261","0.059490460698200555","-1.445965571882522","1.4440828042107998","-4095.9999999999995","4090.666666666666","C:\Users\kimeu\Downloads\starlink_pathB_wsl_package_v0_3_clean\starlink_pathB\outputs\coverage_null_global_stats\4_196_lst000_stress_frozen_polybeam_smooth_S1000_single.npz","9.10175923472585","9444.443085672718","1.7798436919007438e-05","140609741.2109375","False","False","False","False","False","False","False","False","False","1","4","4","4","0.3308758856684498","0.5502745938468236","0.3308758856684498","0.7280464634021924","0.0001677236185346"
"4_196","190.65540049004915","long","stress","0","2461041.5","2461041.506822953","frozen_polybeam","smooth","1000.0","multi","coherent_ab","4","4","4","46696;48029;44725;46687","86.617;85.104;84.152;73.708","0.2652994791666667","0.0001677236185346","0.5502745938468236","3280.8414143128903","88.14255025234743","64.514970881719","0.15694762804422957","False","20268816","100","-0.34397718512734526","-1.0435697859242912","0.6138613861386139","0.8514851485148515","890.6818180155678","212883.5980323346","945.6686047101748","1403.1149621492978","1534.7555276308422","218846.80856742023","226809.0671389724","227950.5639306814","107.82133560716375","2.403135943430411","1.2469453079084456","212883.5980323346","-22794.870566478847","7539724.135843243","0.028234931967908886","1261","0.059490460698200555","-1.445965571882522","1.4440828042107998","-4095.9999999999995","4090.666666666666","C:\Users\kimeu\Downloads\starlink_pathB_wsl_package_v0_3_clean\starlink_pathB\outputs\coverage_null_global_stats\4_196_lst000_stress_frozen_polybeam_smooth_S1000_multi.npz","9.10175923472585","9444.443085672718","1.7798436919007438e-05","140609741.2109375","False","False","False","False","False","False","False","False","False","1","4","4","4","0.3308758856684498","0.5502745938468236","0.3308758856684498","0.7280464634021924","0.0001677236185346"
"4_196","190.65540049004915","long","stress","0","2461041.5","2461041.506822953","frozen_polybeam","lines","30.0","single","coherent_ab","4","4","1","46696","86.617","0.2652994791666667","0.0001677236185346","0.5502745938468236","3280.8414143128903","1.935314695525488","1.935314695525488","0.0032226605754671","False","20268833","100","-0.45438091133615427","-1.3374943069770124","0.7425742574257426","0.9900990099009901","25.724855098191256","6060.701178121063","27.610123651829326","43.378688657215164","43.65253341913042","6218.645847455344","6337.333061677191","6345.112578001322","2.798524732963415","0.9967585812684344","0.9527655384862171","6060.701178121063","-438.12310151210306","7539724.135843243","0.0008038359320480939","1261","0.059490460698200555","-1.445965571882522","1.4440828042107998","-4095.9999999999995","4090.666666666666","C:\Users\kimeu\Downloads\starlink_pathB_wsl_package_v0_3_clean\starlink_pathB\outputs\coverage_null_global_stats\4_196_lst000_stress_frozen_polybeam_lines_S30_single.npz","9.10175923472585","9444.443085672718","1.7798436919007438e-05","140609741.2109375","False","False","False","False","False","False","False","False","False","1","4","4","4","0.3308758856684498","0.5502745938468236","0.3308758856684498","0.7280464634021924","0.0001677236185346"
"4_196","190.65540049004915","long","stress","0","2461041.5","2461041.506822953","frozen_polybeam","lines","30.0","multi","coherent_ab","4","4","4","46696;48029;44725;46687","86.617;85.104;84.152;73.708","0.2652994791666667","0.0001677236185346","0.5502745938468236","3280.8414143128903","2.644104810512652","1.935314695525488","0.004712614334143101","False","20268850","100","-0.35469965523802527","-1.4249281289503213","0.6534653465346535","0.9405940594059405","26.465918218673323","6246.010492468046","27.778421944115507","39.223631619442806","46.306949336486824","6487.032809900427","6757.942684065445","6783.562961705844","2.4958344941025885","1.8675900317836478","1.1177035751433915","6246.010492468046","-305.09778443965547","7539724.135843243","0.0008284136634091179","1261","0.059490460698200555","-1.445965571882522","1.4440828042107998","-4095.9999999999995","4090.666666666666","C:\Users\kimeu\Downloads\starlink_pathB_wsl_package_v0_3_clean\starlink_pathB\outputs\coverage_null_global_stats\4_196_lst000_stress_frozen_polybeam_lines_S30_multi.npz","9.10175923472585","9444.443085672718","1.7798436919007438e-05","140609741.2109375","False","False","False","False","False","False","False","False","False","1","4","4","4","0.3308758856684498","0.5502745938468236","0.3308758856684498","0.7280464634021924","0.0001677236185346"
"4_196","190.65540049004915","long","stress","0","2461041.5","2461041.506822953","frozen_polybeam","lines","1000.0","single","coherent_ab","4","4","1","46696","86.617","0.2652994791666667","0.0001677236185346","0.5502745938468236","3280.8414143128903","64.5104898508496","64.5104898508496","0.1074220191822367","False","20268867","100","-0.5472634084510821","-0.9818183608235149","0.6633663366336634","0.8415841584158416","865.4142575811829","207732.9445122979","963.0849001699885","1442.007785463783","1448.8820843566525","210318.6039526121","214914.55576096073","215463.94231377498","120.37703394923602","0.9689434100416169","0.8774591910213457","207732.9445122979","-26221.89287500126","7539724.135843243","0.0275517964277701","1261","0.059490460698200555","-1.445965571882522","1.4440828042107998","-4095.9999999999995","4090.666666666666","C:\Users\kimeu\Downloads\starlink_pathB_wsl_package_v0_3_clean\starlink_pathB\outputs\coverage_null_global_stats\4_196_lst000_stress_frozen_polybeam_lines_S1000_single.npz","9.10175923472585","9444.443085672718","1.7798436919007438e-05","140609741.2109375","False","False","False","False","False","False","False","False","False","1","4","4","4","0.3308758856684498","0.5502745938468236","0.3308758856684498","0.7280464634021924","0.0001677236185346"
"4_196","190.65540049004915","long","stress","0","2461041.5","2461041.506822953","frozen_polybeam","lines","1000.0","multi","coherent_ab","4","4","4","46696;48029;44725;46687","86.617;85.104;84.152;73.708","0.2652994791666667","0.0001677236185346","0.5502745938468236","3280.8414143128903","88.13682701708841","64.5104898508496","0.15708714447143673","False","20268884","100","-0.21142607254389273","-1.0253781149198695","0.6336633663366337","0.8613861386138614","901.4432951795752","212961.40990762104","928.7738806869231","1415.482692262261","1504.4897346380083","218418.7562084503","227928.56610968252","229471.47645858437","87.18994376610817","2.5783951177354565","1.2383884937600174","212961.40990762104","-23003.37610031855","7539724.135843243","0.028245252222852502","1261","0.059490460698200555","-1.445965571882522","1.4440828042107998","-4095.9999999999995","4090.666666666666","C:\Users\kimeu\Downloads\starlink_pathB_wsl_package_v0_3_clean\starlink_pathB\outputs\coverage_null_global_stats\4_196_lst000_stress_frozen_polybeam_lines_S1000_multi.npz","9.10175923472585","9444.443085672718","1.7798436919007438e-05","140609741.2109375","False","False","False","False","False","False","False","False","False","1","4","4","4","0.3308758856684498","0.5502745938468236","0.3308758856684498","0.7280464634021924","0.0001677236185346"
"4_196","190.65540049004915","long","stress","0","2461041.5","2461041.506822953","frozen_polybeam","khz_comb","30.0","single","coherent_ab","4","4","1","46696","86.617","0.2652994791666667","0.0001677236185346","0.5502745938468236","3280.8414143128903","1.5927219973062348","1.5927219973062348","0.0028943645893851665","False","20268901","100","-0.23724270472880615","-1.4078105511340429","0.5643564356435643","0.9603960396039604","24.388905581768086","5491.91404202139","25.888769472595413","36.50431447003848","38.25367114332405","5733.546569634751","5893.019938818554","5897.127707627244","4.264174681333461","1.1022430853882572","1.0587325679194777","5491.91404202139","-433.73236025007475","7539724.135843243","0.0007283972122949792","1261","0.059490460698200555","-1.445965571882522","1.4440828042107998","-4095.9999999999995","4090.666666666666","C:\Users\kimeu\Downloads\starlink_pathB_wsl_package_v0_3_clean\starlink_pathB\outputs\coverage_null_global_stats\4_196_lst000_stress_frozen_polybeam_khz_comb_S30_single.npz","9.10175923472585","9444.443085672718","1.7798436919007438e-05","140609741.2109375","False","False","False","False","False","False","False","False","False","1","4","4","4","0.3308758856684498","0.5502745938468236","0.3308758856684498","0.7280464634021924","0.0001677236185346"
"4_196","190.65540049004915","long","stress","0","2461041.5","2461041.506822953","frozen_polybeam","khz_comb","30.0","multi","coherent_ab","4","4","4","46696;48029;44725;46687","86.617;85.104;84.152;73.708","0.2652994791666667","0.0001677236185346","0.5502745938468236","3280.8414143128903","2.24751269756887","1.5927219973062348","0.004249882247436779","False","20268918","100","-0.7937306182300934","-2.1256493904201443","0.8316831683168316","0.9801980198019802","23.070073586255603","5669.947322336242","27.856280526525552","38.83749104369717","40.96462692913215","5975.334275297635","6266.802018110223","6389.068908730311","4.0671888925658095","2.461319385781718","1.1941369378505649","5669.947322336242","-315.76715445387936","7539724.135843243","0.000752009917097864","1261","0.059490460698200555","-1.445965571882522","1.4440828042107998","-4095.9999999999995","4090.666666666666","C:\Users\kimeu\Downloads\starlink_pathB_wsl_package_v0_3_clean\starlink_pathB\outputs\coverage_null_global_stats\4_196_lst000_stress_frozen_polybeam_khz_comb_S30_multi.npz","9.10175923472585","9444.443085672718","1.7798436919007438e-05","140609741.2109375","False","False","False","False","False","False","False","False","False","1","4","4","4","0.3308758856684498","0.5502745938468236","0.3308758856684498","0.7280464634021924","0.0001677236185346"
"4_196","190.65540049004915","long","stress","0","2461041.5","2461041.506822953","frozen_polybeam","khz_comb","1000.0","single","coherent_ab","4","4","1","46696","86.617","0.2652994791666667","0.0001677236185346","0.5502745938468236","3280.8414143128903","53.09073324354116","53.09073324354116","0.09647881964617219","False","20268935","100","-0.09595647589233063","-1.220912653672589","0.5643564356435643","0.8415841584158416","819.8679809428622","187843.15718909545","838.241298580403","1245.1439161151588","1286.4968506671912","194258.50789075915","198991.45761592928","199155.81425353966","129.14847958104428","1.4017532802716977","1.2374499584755179","187843.15718909545","-26044.676066483386","7539724.135843243","0.024913797083915067","1261","0.059490460698200555","-1.445965571882522","1.4440828042107998","-4095.9999999999995","4090.666666666666","C:\Users\kimeu\Downloads\starlink_pathB_wsl_package_v0_3_clean\starlink_pathB\outputs\coverage_null_global_stats\4_196_lst000_stress_frozen_polybeam_khz_comb_S1000_single.npz","9.10175923472585","9444.443085672718","1.7798436919007438e-05","140609741.2109375","False","False","False","False","False","False","False","False","False","1","4","4","4","0.3308758856684498","0.5502745938468236","0.3308758856684498","0.7280464634021924","0.0001677236185346"
"4_196","190.65540049004915","long","stress","0","2461041.5","2461041.506822953","frozen_polybeam","khz_comb","1000.0","multi","coherent_ab","4","4","4","46696;48029;44725;46687","86.617;85.104;84.152;73.708","0.2652994791666667","0.0001677236185346","0.5502745938468236","3280.8414143128903","74.91708991896235","53.09073324354116","0.14166274158122594","False","20268952","100","-0.5624199590331502","-1.8992201113788327","0.7326732673267327","0.9504950495049505","776.2717843885112","192790.8798413477","879.169032142172","1319.9437925207756","1400.4470915815725","201842.2545515002","210159.73487292038","214226.06953760592","123.40110209589363","1.8914183810537943","1.2438913027032295","192790.8798413477","-23375.065791066452","7539724.135843243","0.025570017731130948","1261","0.059490460698200555","-1.445965571882522","1.4440828042107998","-4095.9999999999995","4090.666666666666","C:\Users\kimeu\Downloads\starlink_pathB_wsl_package_v0_3_clean\starlink_pathB\outputs\coverage_null_global_stats\4_196_lst000_stress_frozen_polybeam_khz_comb_S1000_multi.npz","9.10175923472585","9444.443085672718","1.7798436919007438e-05","140609741.2109375","False","False","False","False","False","False","False","False","False","1","4","4","4","0.3308758856684498","0.5502745938468236","0.3308758856684498","0.7280464634021924","0.0001677236185346"
"4_196","190.65540049004915","long","stress","0","2461041.5","2461041.506822953","full_polybeam","smooth","30.0","single","coherent_ab","4","4","1","46696","86.617","0.2652994791666667","0.0001677236185346","0.5502745938468236","3280.8414143128903","2.7033010053052204","2.7033010053052204","0.004215804609020516","False","20268969","100","0.009745479845964303","-0.8339405487691591","0.49504950495049505","0.8118811881188119","34.66095261745431","7880.716200237788","34.600522067176826","48.54078603467992","49.97193202755714","8000.1675091415655","8151.433115175215","8157.228752554716","4.182436205963768","0.898641166909397","0.8706753717589876","7880.716200237788","-357.4690522557569","7539724.135843243","0.0010452260663985696","1261","0.059490460698200555","-1.445965571882522","1.4440828042107998","-4095.9999999999995","4090.666666666666","C:\Users\kimeu\Downloads\starlink_pathB_wsl_package_v0_3_clean\starlink_pathB\outputs\coverage_null_global_stats\4_196_lst000_stress_full_polybeam_smooth_S30_single.npz","9.10175923472585","9444.443085672718","1.7798436919007438e-05","140609741.2109375","False","False","False","False","False","False","False","False","False","1","4","4","4","0.3308758856684498","0.5502745938468236","0.3308758856684498","0.7280464634021924","0.0001677236185346"
"4_196","190.65540049004915","long","stress","0","2461041.5","2461041.506822953","full_polybeam","smooth","30.0","multi","coherent_ab","4","4","4","46696;48029;44725;46687","86.617;85.104;84.152;73.708","0.2652994791666667","0.0001677236185346","0.5502745938468236","3280.8414143128903","3.6943224172401794","2.7033010053052204","0.006479386246063533","False","20268986","100","-0.07803645578113683","-0.6408213302537583","0.5544554455445545","0.7029702970297029","36.853582529135565","8321.999040115326","37.25447499366646","48.13308502740228","53.337497775008146","8475.336599268943","8719.878700549143","8759.724727217543","3.465024906157396","2.2870912443571028","1.4083250684124426","8321.999040115326","-70.51324047215346","7539724.135843243","0.0011037537833185713","1261","0.059490460698200555","-1.445965571882522","1.4440828042107998","-4095.9999999999995","4090.666666666666","C:\Users\kimeu\Downloads\starlink_pathB_wsl_package_v0_3_clean\starlink_pathB\outputs\coverage_null_global_stats\4_196_lst000_stress_full_polybeam_smooth_S30_multi.npz","9.10175923472585","9444.443085672718","1.7798436919007438e-05","140609741.2109375","False","False","False","False","False","False","False","False","False","1","4","4","4","0.3308758856684498","0.5502745938468236","0.3308758856684498","0.7280464634021924","0.0001677236185346"
"4_196","190.65540049004915","long","stress","0","2461041.5","2461041.506822953","full_polybeam","smooth","1000.0","single","coherent_ab","4","4","1","46696","86.617","0.2652994791666667","0.0001677236185346","0.5502745938468236","3280.8414143128903","90.11003351017402","90.11003351017402","0.14052682030068392","False","20269003","100","-0.11892812654322822","-0.16255611352382693","0.5247524752475248","0.6336633663366337","1204.6602967918416","272392.7724990448","1243.2020786464864","1711.24629008755","1714.3383306299143","273109.023978831","282160.40398807015","282599.7438181711","218.5864393085476","1.673452599261922","1.4743344808132914","272392.7724990448","-21367.43871496371","7539724.135843243","0.03612768419524945","1261","0.059490460698200555","-1.445965571882522","1.4440828042107998","-4095.9999999999995","4090.666666666666","C:\Users\kimeu\Downloads\starlink_pathB_wsl_package_v0_3_clean\starlink_pathB\outputs\coverage_null_global_stats\4_196_lst000_stress_full_polybeam_smooth_S1000_single.npz","9.10175923472585","9444.443085672718","1.7798436919007438e-05","140609741.2109375","False","False","False","False","False","False","False","False","False","1","4","4","4","0.3308758856684498","0.5502745938468236","0.3308758856684498","0.7280464634021924","0.0001677236185346"
"4_196","190.65540049004915","long","stress","0","2461041.5","2461041.506822953","full_polybeam","smooth","1000.0","multi","coherent_ab","4","4","4","46696;48029;44725;46687","86.617;85.104;84.152;73.708","0.2652994791666667","0.0001677236185346","0.5502745938468236","3280.8414143128903","123.14408057467264","90.11003351017402","0.2159795415354511","False","20269020","100","-0.04319996546874022","-0.6742204734728918","0.5346534653465347","0.7227722772277227","1251.2703368238372","285463.3175433648","1261.9951671164386","1728.6560075634964","1758.0297425335193","290210.97487619024","300320.70819301903","303147.9998064808","167.44918313762832","2.5480175198108364","1.3011339538569449","285463.3175433648","-11531.547158089068","7539724.135843243","0.03786124165820539","1261","0.059490460698200555","-1.445965571882522","1.4440828042107998","-4095.9999999999995","4090.666666666666","C:\Users\kimeu\Downloads\starlink_pathB_wsl_package_v0_3_clean\starlink_pathB\outputs\coverage_null_global_stats\4_196_lst000_stress_full_polybeam_smooth_S1000_multi.npz","9.10175923472585","9444.443085672718","1.7798436919007438e-05","140609741.2109375","False","False","False","False","False","False","False","False","False","1","4","4","4","0.3308758856684498","0.5502745938468236","0.3308758856684498","0.7280464634021924","0.0001677236185346"
"4_196","190.65540049004915","long","stress","0","2461041.5","2461041.506822953","full_polybeam","lines","30.0","single","coherent_ab","4","4","1","46696","86.617","0.2652994791666667","0.0001677236185346","0.5502745938468236","3280.8414143128903","2.7030505775287663","2.7030505775287663","0.0042184679820449515","False","20269037","100","-0.03161192391599312","-0.8953151631700864","0.5148514851485149","0.8217821782178217","34.82553925902903","7879.883264836563","35.0359381893104","49.46578623295809","50.059116988259824","8012.096652053755","8151.256963257378","8156.1221210634985","4.489196375888696","0.9662135104924096","0.9158206821623353","7879.883264836563","-364.36362636896934","7539724.135843243","0.0010451155934706193","1261","0.059490460698200555","-1.445965571882522","1.4440828042107998","-4095.9999999999995","4090.666666666666","C:\Users\kimeu\Downloads\starlink_pathB_wsl_package_v0_3_clean\starlink_pathB\outputs\coverage_null_global_stats\4_196_lst000_stress_full_polybeam_lines_S30_single.npz","9.10175923472585","9444.443085672718","1.7798436919007438e-05","140609741.2109375","False","False","False","False","False","False","False","False","False","1","4","4","4","0.3308758856684498","0.5502745938468236","0.3308758856684498","0.7280464634021924","0.0001677236185346"
"4_196","190.65540049004915","long","stress","0","2461041.5","2461041.506822953","full_polybeam","lines","30.0","multi","coherent_ab","4","4","4","46696;48029;44725;46687","86.617;85.104;84.152;73.708","0.2652994791666667","0.0001677236185346","0.5502745938468236","3280.8414143128903","3.6939913024646973","2.7030505775287663","0.006484724531856992","False","20269054","100","0.027271801699553868","-0.7893703944835097","0.49504950495049505","0.7524752475247525","37.05404717419333","8323.04224588662","36.92684331221653","51.05638938018569","52.9422272317199","8490.354436036825","8741.312841701247","8786.987636654148","3.146027182886428","2.370433387782014","1.5219716349632808","8323.04224588662","-76.25596764794045","7539724.135843243","0.001103892144583851","1261","0.059490460698200555","-1.445965571882522","1.4440828042107998","-4095.9999999999995","4090.666666666666","C:\Users\kimeu\Downloads\starlink_pathB_wsl_package_v0_3_clean\starlink_pathB\outputs\coverage_null_global_stats\4_196_lst000_stress_full_polybeam_lines_S30_multi.npz","9.10175923472585","9444.443085672718","1.7798436919007438e-05","140609741.2109375","False","False","False","False","False","False","False","False","False","1","4","4","4","0.3308758856684498","0.5502745938468236","0.3308758856684498","0.7280464634021924","0.0001677236185346"
"4_196","190.65540049004915","long","stress","0","2461041.5","2461041.506822953","full_polybeam","lines","1000.0","single","coherent_ab","4","4","1","46696","86.617","0.2652994791666667","0.0001677236185346","0.5502745938468236","3280.8414143128903","90.10168591762555","90.10168591762555","0.14061559940149845","False","20269071","100","0.2590782590300294","-0.19773617072780397","0.37623762376237624","0.5643564356435643","1209.953575960727","272376.36309559585","1146.9921126234326","1664.24590569301","1717.6934780133138","272697.813174688","282560.0162612291","282997.69862765836","163.91543382730242","1.0097938228479","0.8770372882557156","272376.36309559585","-21594.525761027024","7539724.135843243","0.03612550780216752","1261","0.059490460698200555","-1.445965571882522","1.4440828042107998","-4095.9999999999995","4090.666666666666","C:\Users\kimeu\Downloads\starlink_pathB_wsl_package_v0_3_clean\starlink_pathB\outputs\coverage_null_global_stats\4_196_lst000_stress_full_polybeam_lines_S1000_single.npz","9.10175923472585","9444.443085672718","1.7798436919007438e-05","140609741.2109375","False","False","False","False","False","False","False","False","False","1","4","4","4","0.3308758856684498","0.5502745938468236","0.3308758856684498","0.7280464634021924","0.0001677236185346"
"4_196","190.65540049004915","long","stress","0","2461041.5","2461041.506822953","full_polybeam","lines","1000.0","multi","coherent_ab","4","4","4","46696;48029;44725;46687","86.617;85.104;84.152;73.708","0.2652994791666667","0.0001677236185346","0.5502745938468236","3280.8414143128903","123.13304341548992","90.10168591762555","0.21615748439523316","False","20269088","100","0.2410454454319379","-0.5386232392157323","0.4158415841584158","0.7227722772277227","1263.0074180894153","285410.70454845496","1196.9312870167596","1734.8893781320396","1815.9307533839592","288933.2421914811","299225.7715619361","303581.00911036733","184.89351562153797","3.022976517724512","1.6401894765506053","285410.70454845496","-11722.544338021657","7539724.135843243","0.037854263552115304","1261","0.059490460698200555","-1.445965571882522","1.4440828042107998","-4095.9999999999995","4090.666666666666","C:\Users\kimeu\Downloads\starlink_pathB_wsl_package_v0_3_clean\starlink_pathB\outputs\coverage_null_global_stats\4_196_lst000_stress_full_polybeam_lines_S1000_multi.npz","9.10175923472585","9444.443085672718","1.7798436919007438e-05","140609741.2109375","False","False","False","False","False","False","False","False","False","1","4","4","4","0.3308758856684498","0.5502745938468236","0.3308758856684498","0.7280464634021924","0.0001677236185346"
"4_196","190.65540049004915","long","stress","0","2461041.5","2461041.506822953","full_polybeam","khz_comb","30.0","single","coherent_ab","4","4","1","46696","86.617","0.2652994791666667","0.0001677236185346","0.5502745938468236","3280.8414143128903","2.2245519680159367","2.2245519680159367","0.003677924509407385","False","20269105","100","0.07641381248334905","-1.0363448820160956","0.46534653465346537","0.9405940594059405","31.513911068798734","6775.737338300736","30.92768445263482","42.32891885271024","43.43891732508859","6933.333194935452","7144.375208866952","7148.168778959224","5.1745152180170635","0.8412404255622686","0.7861181761344244","6775.737338300736","-371.76411284799366","7539724.135843243","0.0008986717837711627","1261","0.059490460698200555","-1.445965571882522","1.4440828042107998","-4095.9999999999995","4090.666666666666","C:\Users\kimeu\Downloads\starlink_pathB_wsl_package_v0_3_clean\starlink_pathB\outputs\coverage_null_global_stats\4_196_lst000_stress_full_polybeam_khz_comb_S30_single.npz","9.10175923472585","9444.443085672718","1.7798436919007438e-05","140609741.2109375","False","False","False","False","False","False","False","False","False","1","4","4","4","0.3308758856684498","0.5502745938468236","0.3308758856684498","0.7280464634021924","0.0001677236185346"
"4_196","190.65540049004915","long","stress","0","2461041.5","2461041.506822953","full_polybeam","khz_comb","30.0","multi","coherent_ab","4","4","4","46696;48029;44725;46687","86.617;85.104;84.152;73.708","0.2652994791666667","0.0001677236185346","0.5502745938468236","3280.8414143128903","3.04007468082389","2.2245519680159367","0.005642360839566982","False","20269122","100","-0.3549861027425832","-1.3692070267085963","0.6534653465346535","0.8415841584158416","31.927680772518215","7118.788576345342","33.92985045619207","45.26648039157976","45.97127376127023","7380.5938728806","7635.59386715621","7673.764498065297","3.8042192077627988","2.3300941965128334","1.3119455879637627","7118.788576345342","-133.66309526566","7539724.135843243","0.000944170960115529","1261","0.059490460698200555","-1.445965571882522","1.4440828042107998","-4095.9999999999995","4090.666666666666","C:\Users\kimeu\Downloads\starlink_pathB_wsl_package_v0_3_clean\starlink_pathB\outputs\coverage_null_global_stats\4_196_lst000_stress_full_polybeam_khz_comb_S30_multi.npz","9.10175923472585","9444.443085672718","1.7798436919007438e-05","140609741.2109375","False","False","False","False","False","False","False","False","False","1","4","4","4","0.3308758856684498","0.5502745938468236","0.3308758856684498","0.7280464634021924","0.0001677236185346"
"4_196","190.65540049004915","long","stress","0","2461041.5","2461041.506822953","full_polybeam","khz_comb","1000.0","single","coherent_ab","4","4","1","46696","86.617","0.2652994791666667","0.0001677236185346","0.5502745938468236","3280.8414143128903","74.15173226719789","74.15173226719789","0.12259748364691288","False","20269139","100","0.1632245465814417","-0.3806736892748687","0.39603960396039606","0.7029702970297029","1085.2527661489194","233220.31504375598","1043.355460745961","1473.2642141205479","1483.8173428467967","235532.3342263064","244882.29030465864","245562.56020123942","173.13171292630386","1.138676801922612","1.0628481450104963","233220.31504375598","-21467.066013079508","7539724.135843243","0.03093220797496361","1261","0.059490460698200555","-1.445965571882522","1.4440828042107998","-4095.9999999999995","4090.666666666666","C:\Users\kimeu\Downloads\starlink_pathB_wsl_package_v0_3_clean\starlink_pathB\outputs\coverage_null_global_stats\4_196_lst000_stress_full_polybeam_khz_comb_S1000_single.npz","9.10175923472585","9444.443085672718","1.7798436919007438e-05","140609741.2109375","False","False","False","False","False","False","False","False","False","1","4","4","4","0.3308758856684498","0.5502745938468236","0.3308758856684498","0.7280464634021924","0.0001677236185346"
"4_196","190.65540049004915","long","stress","0","2461041.5","2461041.506822953","full_polybeam","khz_comb","1000.0","multi","coherent_ab","4","4","4","46696;48029;44725;46687","86.617;85.104;84.152;73.708","0.2652994791666667","0.0001677236185346","0.5502745938468236","3280.8414143128903","101.33582269412966","74.15173226719789","0.18807869465223276","False","20269156","100","-0.061532235910398275","-1.09636608985807","0.5148514851485149","0.7722772277227723","1095.2422299715108","243222.68945810565","1110.9304758291873","1464.6587730588294","1570.7235149074677","249379.6557786828","260111.19153585483","261578.9247172928","171.96802142552428","1.9173547763904013","1.2479388979819297","243222.68945810565","-13593.311200984135","7539724.135843243","0.03225883136782744","1261","0.059490460698200555","-1.445965571882522","1.4440828042107998","-4095.9999999999995","4090.666666666666","C:\Users\kimeu\Downloads\starlink_pathB_wsl_package_v0_3_clean\starlink_pathB\outputs\coverage_null_global_stats\4_196_lst000_stress_full_polybeam_khz_comb_S1000_multi.npz","9.10175923472585","9444.443085672718","1.7798436919007438e-05","140609741.2109375","False","False","False","False","False","False","False","False","False","1","4","4","4","0.3308758856684498","0.5502745938468236","0.3308758856684498","0.7280464634021924","0.0001677236185346"
"4_76","93.9206796714852","mid","quiet","17","2461041.6180555555","2461041.624878509","frozen_polybeam","smooth","30.0","single","coherent_ab","2","2","1","46168","83.229","0.1657111055107527","7.747507627984598e-08","0.0684687078802128","883751.4097165731","0.2599172041893764","0.2599172041893764","0.0004090433828303525","False","20269190","100","1.4631208722534965","0.7313027238850219","0.2079207920792079","0.2079207920792079","7.262601835114765","385.53772101234574","5.345231421328208","8.751371653715614","8.827479259384127","377.0467603878901","387.4447227399464","387.8385196831109","0.8838973259953491","1.1976023631038577","1.113340728134512","385.53772101234574","14.281098652031556","5146801.042040682","7.490822315903664e-05","1381","0.029306195829665968","-1.445965571882522","1.4440828042107998","-4095.9999999999995","4090.666666666666","C:\Users\kimeu\Downloads\starlink_pathB_wsl_package_v0_3_clean\starlink_pathB\outputs\coverage_null_global_stats\4_76_lst017_quiet_frozen_polybeam_smooth_S30_single.npz","9.10175923472585","9444.443085672718","1.7798436919007438e-05","140609741.2109375","False","False","False","False","False","False","False","False","False","0","2","2","2","0.0","0.0684687078802128","0.0","0.2805166207424566","7.747507627984597e-08"
"4_76","93.9206796714852","mid","quiet","17","2461041.6180555555","2461041.624878509","frozen_polybeam","smooth","30.0","multi","coherent_ab","2","2","2","46168;47826","83.229;73.757","0.1657111055107527","7.747507627984598e-08","0.0684687078802128","883751.4097165731","0.26649908702210395","0.2599172041893764","0.0004932456297004117","False","20269207","100","1.2247866348586591","1.0350396070036965","0.27722772277227725","0.0891089108910891","7.015961166383931","387.6239896357588","5.495832800032076","8.898853818134375","9.073682041386927","375.3624208852532","388.6160973300062","392.00590193566325","0.8371356341922365","1.6638659280398018","0.8747038073983664","387.6239896357588","12.456827681256787","5146801.042040682","7.531357565010278e-05","1381","0.029306195829665968","-1.445965571882522","1.4440828042107998","-4095.9999999999995","4090.666666666666","C:\Users\kimeu\Downloads\starlink_pathB_wsl_package_v0_3_clean\starlink_pathB\outputs\coverage_null_global_stats\4_76_lst017_quiet_frozen_polybeam_smooth_S30_multi.npz","9.10175923472585","9444.443085672718","1.7798436919007438e-05","140609741.2109375","False","False","False","False","False","False","False","False","False","0","2","2","2","0.0","0.0684687078802128","0.0","0.2805166207424566","7.747507627984597e-08"
"4_76","93.9206796714852","mid","quiet","17","2461041.6180555555","2461041.624878509","frozen_polybeam","smooth","1000.0","single","coherent_ab","2","2","1","46168","83.229","0.1657111055107527","7.747507627984598e-08","0.0684687078802128","883751.4097165731","8.663906806312548","8.663906806312548","0.013634779427678418","False","20269224","100","1.4497667762762283","0.6382991770440232","0.19801980198019803","0.27722772277227725","241.4353844114521","12817.70303168034","174.72431594508453","285.5366017810753","293.9190906848019","12538.145811264245","12901.969625574922","12948.234521784061","31.03671567846868","0.8770859675521286","0.8086747386587502","12817.70303168034","220.71888183120842","5146801.042040682","0.002490421317432193","1381","0.029306195829665968","-1.445965571882522","1.4440828042107998","-4095.9999999999995","4090.666666666666","C:\Users\kimeu\Downloads\starlink_pathB_wsl_package_v0_3_clean\starlink_pathB\outputs\coverage_null_global_stats\4_76_lst017_quiet_frozen_polybeam_smooth_S1000_single.npz","9.10175923472585","9444.443085672718","1.7798436919007438e-05","140609741.2109375","False","False","False","False","False","False","False","False","False","0","2","2","2","0.0","0.0684687078802128","0.0","0.2805166207424566","7.747507627984597e-08"
"4_76","93.9206796714852","mid","quiet","17","2461041.6180555555","2461041.624878509","frozen_polybeam","smooth","1000.0","multi","coherent_ab","2","2","2","46168;47826","83.229;73.757","0.1657111055107527","7.747507627984598e-08","0.0684687078802128","883751.4097165731","8.8833029007368","8.663906806312548","0.01644152099001373","False","20269241","100","1.2021636916617136","1.1672203588716192","0.2376237623762376","0.1782178217821782","233.21264011938183","12888.803571450393","177.915323186593","285.7638829046206","290.2518887069168","12443.821047928759","12966.282283328688","13084.440919128956","31.02533336658962","1.8419695897999493","1.4045199515891156","12888.803571450393","160.0214593110274","5146801.042040682","0.0025042358284632746","1381","0.029306195829665968","-1.445965571882522","1.4440828042107998","-4095.9999999999995","4090.666666666666","C:\Users\kimeu\Downloads\starlink_pathB_wsl_package_v0_3_clean\starlink_pathB\outputs\coverage_null_global_stats\4_76_lst017_quiet_frozen_polybeam_smooth_S1000_multi.npz","9.10175923472585","9444.443085672718","1.7798436919007438e-05","140609741.2109375","False","False","False","False","False","False","False","False","False","0","2","2","2","0.0","0.0684687078802128","0.0","0.2805166207424566","7.747507627984597e-08"
"4_76","93.9206796714852","mid","quiet","17","2461041.6180555555","2461041.624878509","frozen_polybeam","lines","30.0","single","coherent_ab","2","2","1","46168","83.229","0.1657111055107527","7.747507627984598e-08","0.0684687078802128","883751.4097165731","0.2598754031057783","0.2598754031057783","0.00040952929374224163","False","20269258","100","1.2885198917723117","0.9945751961461808","0.2871287128712871","0.13861386138613863","7.144121398901916","385.7084303338497","5.260460237688676","8.66074803468291","8.717600163519382","374.04611669526616","387.25715926528113","387.7283447407425","0.9860243953826284","1.0167507947807428","0.905744830372791","385.7084303338497","14.25662819359082","5146801.042040682","7.494139120266404e-05","1381","0.029306195829665968","-1.445965571882522","1.4440828042107998","-4095.9999999999995","4090.666666666666","C:\Users\kimeu\Downloads\starlink_pathB_wsl_package_v0_3_clean\starlink_pathB\outputs\coverage_null_global_stats\4_76_lst017_quiet_frozen_polybeam_lines_S30_single.npz","9.10175923472585","9444.443085672718","1.7798436919007438e-05","140609741.2109375","False","False","False","False","False","False","False","False","False","0","2","2","2","0.0","0.0684687078802128","0.0","0.2805166207424566","7.747507627984597e-08"
"4_76","93.9206796714852","mid","quiet","17","2461041.6180555555","2461041.624878509","frozen_polybeam","lines","30.0","multi","coherent_ab","2","2","2","46168;47826","83.229;73.757","0.1657111055107527","7.747507627984598e-08","0.0684687078802128","883751.4097165731","0.26645724039652313","0.2598754031057783","0.0004938300584661851","False","20269275","100","1.9341782510034808","0.7392305894018337","0.1485148514851485","0.12871287128712872","6.899674256317667","387.84126026484046","5.158407625407563","8.089334077038075","8.740595444770587","378.95456679100437","389.949052119918","392.0492873096453","0.60721820841718","1.661476533900935","1.3356917786171612","387.84126026484046","12.447975328611715","5146801.042040682","7.535579034371673e-05","1381","0.029306195829665968","-1.445965571882522","1.4440828042107998","-4095.9999999999995","4090.666666666666","C:\Users\kimeu\Downloads\starlink_pathB_wsl_package_v0_3_clean\starlink_pathB\outputs\coverage_null_global_stats\4_76_lst017_quiet_frozen_polybeam_lines_S30_multi.npz","9.10175923472585","9444.443085672718","1.7798436919007438e-05","140609741.2109375","False","False","False","False","False","False","False","False","False","0","2","2","2","0.0","0.0684687078802128","0.0","0.2805166207424566","7.747507627984597e-08"
"4_76","93.9206796714852","mid","quiet","17","2461041.6180555555","2461041.624878509","frozen_polybeam","lines","1000.0","single","coherent_ab","2","2","1","46168","83.229","0.1657111055107527","7.747507627984598e-08","0.0684687078802128","883751.4097165731","8.662513436859275","8.662513436859275","0.013650976458074717","False","20269292","100","0.9970463631258893","0.9849707058723643","0.297029702970297","0.22772277227722773","237.51521458830393","12824.220517276663","179.33530797317508","289.41222123621117","290.3364466021504","12461.335213408802","12906.734842577502","12961.36315446828","39.3580588129189","0.834672608213589","0.7742761340975967","12824.220517276663","219.90606199963352","5146801.042040682","0.002491687635197944","1381","0.029306195829665968","-1.445965571882522","1.4440828042107998","-4095.9999999999995","4090.666666666666","C:\Users\kimeu\Downloads\starlink_pathB_wsl_package_v0_3_clean\starlink_pathB\outputs\coverage_null_global_stats\4_76_lst017_quiet_frozen_polybeam_lines_S1000_single.npz","9.10175923472585","9444.443085672718","1.7798436919007438e-05","140609741.2109375","False","False","False","False","False","False","False","False","False","0","2","2","2","0.0","0.0684687078802128","0.0","0.2805166207424566","7.747507627984597e-08"
"4_76","93.9206796714852","mid","quiet","17","2461041.6180555555","2461041.624878509","frozen_polybeam","lines","1000.0","multi","coherent_ab","2","2","2","46168;47826","83.229;73.757","0.1657111055107527","7.747507627984598e-08","0.0684687078802128","883751.4097165731","8.881908013217437","8.662513436859275","0.016461001948872837","False","20269309","100","1.4089923364190837","0.8105548935678472","0.24752475247524752","0.10891089108910891","229.36479003443674","12895.495990085588","176.00495903280535","283.48828573377614","292.5617590277025","12556.638898658159","13004.448992811786","13046.7972181612","25.543583174698142","1.868227529622401","1.331226462892988","12895.495990085588","159.7310284149311","5146801.042040682","0.0025055361349216997","1381","0.029306195829665968","-1.445965571882522","1.4440828042107998","-4095.9999999999995","4090.666666666666","C:\Users\kimeu\Downloads\starlink_pathB_wsl_package_v0_3_clean\starlink_pathB\outputs\coverage_null_global_stats\4_76_lst017_quiet_frozen_polybeam_lines_S1000_multi.npz","9.10175923472585","9444.443085672718","1.7798436919007438e-05","140609741.2109375","False","False","False","False","False","False","False","False","False","0","2","2","2","0.0","0.0684687078802128","0.0","0.2805166207424566","7.747507627984597e-08"
"4_76","93.9206796714852","mid","quiet","17","2461041.6180555555","2461041.624878509","frozen_polybeam","khz_comb","30.0","single","coherent_ab","2","2","1","46168","83.229","0.1657111055107527","7.747507627984598e-08","0.0684687078802128","883751.4097165731","0.21387181735475375","0.21387181735475375","0.00036578013880107194","False","20269326","100","1.0108572831910951","0.9904669002298067","0.25742574257425743","0.07920792079207921","7.12724679443636","377.54085939055255","5.6154745493331575","9.11270546522137","9.19465621900701","367.5635482150643","378.3499069424202","379.0362199021135","1.00872440324747","0.8687070251032001","0.8242118257209289","377.54085939055255","2.0899550024848352","5146801.042040682","7.33544693697465e-05","1381","0.029306195829665968","-1.445965571882522","1.4440828042107998","-4095.9999999999995","4090.666666666666","C:\Users\kimeu\Downloads\starlink_pathB_wsl_package_v0_3_clean\starlink_pathB\outputs\coverage_null_global_stats\4_76_lst017_quiet_frozen_polybeam_khz_comb_S30_single.npz","9.10175923472585","9444.443085672718","1.7798436919007438e-05","140609741.2109375","False","False","False","False","False","False","False","False","False","0","2","2","2","0.0","0.0684687078802128","0.0","0.2805166207424566","7.747507627984597e-08"
"4_76","93.9206796714852","mid","quiet","17","2461041.6180555555","2461041.624878509","frozen_polybeam","khz_comb","30.0","multi","coherent_ab","2","2","2","46168;47826","83.229;73.757","0.1657111055107527","7.747507627984598e-08","0.0684687078802128","883751.4097165731","0.21928852661650686","0.21387181735475375","0.0004413473499873123","False","20269343","100","1.6660668728869994","0.9569033318582821","0.21782178217821782","0.07920792079207921","6.812400004739175","379.58040657099497","5.295171047044278","8.611265455155808","9.180909910371556","369.312440372254","381.5010195047211","383.214206313381","0.6142351958551444","2.1521257041105044","1.1622537379502087","379.58040657099497","0.8124675284645981","5146801.042040682","7.375074409724864e-05","1381","0.029306195829665968","-1.445965571882522","1.4440828042107998","-4095.9999999999995","4090.666666666666","C:\Users\kimeu\Downloads\starlink_pathB_wsl_package_v0_3_clean\starlink_pathB\outputs\coverage_null_global_stats\4_76_lst017_quiet_frozen_polybeam_khz_comb_S30_multi.npz","9.10175923472585","9444.443085672718","1.7798436919007438e-05","140609741.2109375","False","False","False","False","False","False","False","False","False","0","2","2","2","0.0","0.0684687078802128","0.0","0.2805166207424566","7.747507627984597e-08"
"4_76","93.9206796714852","mid","quiet","17","2461041.6180555555","2461041.624878509","frozen_polybeam","khz_comb","1000.0","single","coherent_ab","2","2","1","46168","83.229","0.1657111055107527","7.747507627984598e-08","0.0684687078802128","883751.4097165731","7.129060578491792","7.129060578491792","0.012192671293369069","False","20269360","100","1.625641450439224","0.8894363663190007","0.16831683168316833","0.15841584158415842","236.99673576564237","12565.858112104997","186.39062557345096","303.33188015169","305.3704598793964","12221.12809209742","12633.004500158459","12652.277532556887","20.996852466123528","1.502498616118433","1.3864533926351257","12565.858112104997","-149.3233191634534","5146801.042040682","0.002441488996653093","1381","0.029306195829665968","-1.445965571882522","1.4440828042107998","-4095.9999999999995","4090.666666666666","C:\Users\kimeu\Downloads\starlink_pathB_wsl_package_v0_3_clean\starlink_pathB\outputs\coverage_null_global_stats\4_76_lst017_quiet_frozen_polybeam_khz_comb_S1000_single.npz","9.10175923472585","9444.443085672718","1.7798436919007438e-05","140609741.2109375","False","False","False","False","False","False","False","False","False","0","2","2","2","0.0","0.0684687078802128","0.0","0.2805166207424566","7.747507627984597e-08"
"4_76","93.9206796714852","mid","quiet","17","2461041.6180555555","2461041.624878509","frozen_polybeam","khz_comb","1000.0","multi","coherent_ab","2","2","2","46168;47826","83.229;73.757","0.1657111055107527","7.747507627984598e-08","0.0684687078802128","883751.4097165731","7.309617553883562","7.129060578491792","0.014711578332910416","False","20269377","100","0.7514081197533058","1.0670835135653431","0.2871287128712871","0.06930693069306931","226.50854968556087","12636.297178173336","190.92368046422052","301.68228686912624","309.6263967074274","12177.275973669057","12652.563334234768","12824.67923619343","31.94224927308096","1.7954784276826228","1.0318367861913966","12636.297178173336","-192.21420988985352","5146801.042040682","0.0024551749863567884","1381","0.029306195829665968","-1.445965571882522","1.4440828042107998","-4095.9999999999995","4090.666666666666","C:\Users\kimeu\Downloads\starlink_pathB_wsl_package_v0_3_clean\starlink_pathB\outputs\coverage_null_global_stats\4_76_lst017_quiet_frozen_polybeam_khz_comb_S1000_multi.npz","9.10175923472585","9444.443085672718","1.7798436919007438e-05","140609741.2109375","False","False","False","False","False","False","False","False","False","0","2","2","2","0.0","0.0684687078802128","0.0","0.2805166207424566","7.747507627984597e-08"
"4_76","93.9206796714852","mid","quiet","17","2461041.6180555555","2461041.624878509","full_polybeam","smooth","30.0","single","coherent_ab","2","2","1","46168","83.229","0.1657111055107527","7.747507627984598e-08","0.0684687078802128","883751.4097165731","0.5570493076112254","0.5570493076112254","0.0007200964227362065","False","20269394","100","1.15057840178355","0.18816786570561597","0.19801980198019803","0.3465346534653465","10.268002709941356","513.0286308384124","7.63852436011075","11.21727987238628","11.394672536423895","511.5871922980784","517.4000046824037","517.8087672993075","1.5414498016434663","0.9461441255340304","0.8667977943114202","513.0286308384124","48.27775386884733","5146801.042040682","9.96791262471259e-05","1381","0.029306195829665968","-1.445965571882522","1.4440828042107998","-4095.9999999999995","4090.666666666666","C:\Users\kimeu\Downloads\starlink_pathB_wsl_package_v0_3_clean\starlink_pathB\outputs\coverage_null_global_stats\4_76_lst017_quiet_full_polybeam_smooth_S30_single.npz","9.10175923472585","9444.443085672718","1.7798436919007438e-05","140609741.2109375","False","False","False","False","False","False","False","False","False","0","2","2","2","0.0","0.0684687078802128","0.0","0.2805166207424566","7.747507627984597e-08"
"4_76","93.9206796714852","mid","quiet","17","2461041.6180555555","2461041.624878509","full_polybeam","smooth","30.0","multi","coherent_ab","2","2","2","46168;47826","83.229;73.757","0.1657111055107527","7.747507627984598e-08","0.0684687078802128","883751.4097165731","0.6031077509869084","0.5570493076112254","0.0008838117368143657","False","20269411","100","1.3478222711249497","0.08477174095036359","0.1782178217821782","0.45544554455445546","9.415920013314462","513.4183241496676","6.806798990624884","11.309188989246467","11.957744423667028","512.9428539235342","524.2035637940724","525.7087290656863","1.3056825501862477","1.7372447289846973","1.2230859055884684","513.4183241496676","38.231618951211686","5146801.042040682","9.97548418825414e-05","1381","0.029306195829665968","-1.445965571882522","1.4440828042107998","-4095.9999999999995","4090.666666666666","C:\Users\kimeu\Downloads\starlink_pathB_wsl_package_v0_3_clean\starlink_pathB\outputs\coverage_null_global_stats\4_76_lst017_quiet_full_polybeam_smooth_S30_multi.npz","9.10175923472585","9444.443085672718","1.7798436919007438e-05","140609741.2109375","False","False","False","False","False","False","False","False","False","0","2","2","2","0.0","0.0684687078802128","0.0","0.2805166207424566","7.747507627984597e-08"
"4_76","93.9206796714852","mid","quiet","17","2461041.6180555555","2461041.624878509","full_polybeam","smooth","1000.0","single","coherent_ab","2","2","1","46168","83.229","0.1657111055107527","7.747507627984598e-08","0.0684687078802128","883751.4097165731","18.568310253707516","18.568310253707516","0.024003214091206884","False","20269428","100","1.933637947476414","-0.7799977383978445","0.13861386138613863","0.8118811881188119","337.66605207696557","16958.6752993549","213.60410787708497","372.87718721353156","376.9345238632707","17134.929640028535","17631.10954763374","17656.271901168646","43.27523416404256","1.1688059859227413","1.0634904177431137","16958.6752993549","45.904456391464976","5146801.042040682","0.003294993367886408","1381","0.029306195829665968","-1.445965571882522","1.4440828042107998","-4095.9999999999995","4090.666666666666","C:\Users\kimeu\Downloads\starlink_pathB_wsl_package_v0_3_clean\starlink_pathB\outputs\coverage_null_global_stats\4_76_lst017_quiet_full_polybeam_smooth_S1000_single.npz","9.10175923472585","9444.443085672718","1.7798436919007438e-05","140609741.2109375","False","False","False","False","False","False","False","False","False","0","2","2","2","0.0","0.0684687078802128","0.0","0.2805166207424566","7.747507627984597e-08"
"4_76","93.9206796714852","mid","quiet","17","2461041.6180555555","2461041.624878509","full_polybeam","smooth","1000.0","multi","coherent_ab","2","2","2","46168;47826","83.229;73.757","0.1657111055107527","7.747507627984598e-08","0.0684687078802128","883751.4097165731","20.103591699563616","18.568310253707516","0.029460391227145524","False","20269445","100","1.3149724588367275","-0.7120156787690056","0.18811881188118812","0.7722772277227723","308.9995268670755","17003.21405926101","221.9391356248816","364.83480290285877","389.0558876016981","17233.603697294762","17676.732098838598","17711.2415346132","44.656014667580166","2.13061086669483","1.095840789055321","17003.21405926101","-462.7586844694987","5146801.042040682","0.003303647046072586","1381","0.029306195829665968","-1.445965571882522","1.4440828042107998","-4095.9999999999995","4090.666666666666","C:\Users\kimeu\Downloads\starlink_pathB_wsl_package_v0_3_clean\starlink_pathB\outputs\coverage_null_global_stats\4_76_lst017_quiet_full_polybeam_smooth_S1000_multi.npz","9.10175923472585","9444.443085672718","1.7798436919007438e-05","140609741.2109375","False","False","False","False","False","False","False","False","False","0","2","2","2","0.0","0.0684687078802128","0.0","0.2805166207424566","7.747507627984597e-08"
"4_76","93.9206796714852","mid","quiet","17","2461041.6180555555","2461041.624878509","full_polybeam","lines","30.0","single","coherent_ab","2","2","1","46168","83.229","0.1657111055107527","7.747507627984598e-08","0.0684687078802128","883751.4097165731","0.5569597203722875","0.5569597203722875","0.0007207004063669897","False","20269462","100","1.4440509400043793","0.19315397774471688","0.16831683168316833","0.3465346534653465","10.127297483661096","513.2324078534984","6.890732208696136","11.222407873525663","11.311971346770733","511.76126304217803","517.1280040540896","518.1186802058519","1.5117426331235038","0.9728939863326578","0.897970757863936","513.2324078534984","48.31485963035074","5146801.042040682","9.971871919300075e-05","1381","0.029306195829665968","-1.445965571882522","1.4440828042107998","-4095.9999999999995","4090.666666666666","C:\Users\kimeu\Downloads\starlink_pathB_wsl_package_v0_3_clean\starlink_pathB\outputs\coverage_null_global_stats\4_76_lst017_quiet_full_polybeam_lines_S30_single.npz","9.10175923472585","9444.443085672718","1.7798436919007438e-05","140609741.2109375","False","False","False","False","False","False","False","False","False","0","2","2","2","0.0","0.0684687078802128","0.0","0.2805166207424566","7.747507627984597e-08"
"4_76","93.9206796714852","mid","quiet","17","2461041.6180555555","2461041.624878509","full_polybeam","lines","30.0","multi","coherent_ab","2","2","2","46168;47826","83.229;73.757","0.1657111055107527","7.747507627984598e-08","0.0684687078802128","883751.4097165731","0.6030149646562908","0.5569597203722875","0.0008845350718483919","False","20269479","100","1.1882050820079664","0.23222536433472998","0.2079207920792079","0.39603960396039606","9.276818133701454","513.4391755986157","6.9436292604550545","11.222637915017547","11.883827390006337","511.8070276098729","522.9898969299771","524.6340762812669","1.3244467297336087","1.5816738702814852","1.0291684802100185","513.4391755986157","38.28038900541547","5146801.042040682","9.975889322409858e-05","1381","0.029306195829665968","-1.445965571882522","1.4440828042107998","-4095.9999999999995","4090.666666666666","C:\Users\kimeu\Downloads\starlink_pathB_wsl_package_v0_3_clean\starlink_pathB\outputs\coverage_null_global_stats\4_76_lst017_quiet_full_polybeam_lines_S30_multi.npz","9.10175923472585","9444.443085672718","1.7798436919007438e-05","140609741.2109375","False","False","False","False","False","False","False","False","False","0","2","2","2","0.0","0.0684687078802128","0.0","0.2805166207424566","7.747507627984597e-08"
"4_76","93.9206796714852","mid","quiet","17","2461041.6180555555","2461041.624878509","full_polybeam","lines","1000.0","single","coherent_ab","2","2","1","46168","83.229","0.1657111055107527","7.747507627984598e-08","0.0684687078802128","883751.4097165731","18.56532401240959","18.56532401240959","0.02402334687889966","False","20269496","100","1.5276590950403386","-0.6510659272497596","0.13861386138613863","0.7722772277227723","333.0952362391545","16965.528025192776","239.55799264560483","370.2363961861265","372.57003613561056","17100.003005295213","17636.865312782436","17649.368586974073","41.298485163075384","1.0250850138517285","0.9460675457109731","16965.528025192776","47.890934018835196","5146801.042040682","0.003296324821304152","1381","0.029306195829665968","-1.445965571882522","1.4440828042107998","-4095.9999999999995","4090.666666666666","C:\Users\kimeu\Downloads\starlink_pathB_wsl_package_v0_3_clean\starlink_pathB\outputs\coverage_null_global_stats\4_76_lst017_quiet_full_polybeam_lines_S1000_single.npz","9.10175923472585","9444.443085672718","1.7798436919007438e-05","140609741.2109375","False","False","False","False","False","False","False","False","False","0","2","2","2","0.0","0.0684687078802128","0.0","0.2805166207424566","7.747507627984597e-08"
"4_76","93.9206796714852","mid","quiet","17","2461041.6180555555","2461041.624878509","full_polybeam","lines","1000.0","multi","coherent_ab","2","2","2","46168;47826","83.229;73.757","0.1657111055107527","7.747507627984598e-08","0.0684687078802128","883751.4097165731","20.100498821876368","18.56532401240959","0.029484502394946398","False","20269513","100","0.6968304232517375","-0.44553771963592076","0.2376237623762376","0.7128712871287128","304.4732695793209","17001.979986639824","247.2065384902453","363.09088935927576","393.71976769003857","17179.20675889279","17720.518930035225","17754.191929291348","55.43081882786646","1.473648932151748","0.8627551342006542","17001.979986639824","-460.258367193294","5146801.042040682","0.0033034072713832006","1381","0.029306195829665968","-1.445965571882522","1.4440828042107998","-4095.9999999999995","4090.666666666666","C:\Users\kimeu\Downloads\starlink_pathB_wsl_package_v0_3_clean\starlink_pathB\outputs\coverage_null_global_stats\4_76_lst017_quiet_full_polybeam_lines_S1000_multi.npz","9.10175923472585","9444.443085672718","1.7798436919007438e-05","140609741.2109375","False","False","False","False","False","False","False","False","False","0","2","2","2","0.0","0.0684687078802128","0.0","0.2805166207424566","7.747507627984597e-08"
"4_76","93.9206796714852","mid","quiet","17","2461041.6180555555","2461041.624878509","full_polybeam","khz_comb","30.0","single","coherent_ab","2","2","1","46168","83.229","0.1657111055107527","7.747507627984598e-08","0.0684687078802128","883751.4097165731","0.4583657636153101","0.4583657636153101","0.0006154489717848417","False","20269530","100","1.501825799621404","0.44640330954687535","0.18811881188118812","0.3465346534653465","9.305651393980952","456.45814042693996","6.687936938851635","10.76380689939324","10.818284094566916","452.8646888647955","458.5487178216317","458.97069707570205","1.1756518042093376","0.8820399107376979","0.8517840964357739","456.45814042693996","32.16384239896103","5146801.042040682","8.868773762545841e-05","1381","0.029306195829665968","-1.445965571882522","1.4440828042107998","-4095.9999999999995","4090.666666666666","C:\Users\kimeu\Downloads\starlink_pathB_wsl_package_v0_3_clean\starlink_pathB\outputs\coverage_null_global_stats\4_76_lst017_quiet_full_polybeam_khz_comb_S30_single.npz","9.10175923472585","9444.443085672718","1.7798436919007438e-05","140609741.2109375","False","False","False","False","False","False","False","False","False","0","2","2","2","0.0","0.0684687078802128","0.0","0.2805166207424566","7.747507627984597e-08"
"4_76","93.9206796714852","mid","quiet","17","2461041.6180555555","2461041.624878509","full_polybeam","khz_comb","30.0","multi","coherent_ab","2","2","2","46168;47826","83.229;73.757","0.1657111055107527","7.747507627984598e-08","0.0684687078802128","883751.4097165731","0.4962682302436261","0.4583657636153101","0.0007571526625615042","False","20269547","100","1.0732735220308254","0.6208600884248858","0.18811881188118812","0.27722772277227725","8.52097062721441","457.54467748205514","6.36141932600367","10.185280252755911","11.347878728425567","452.10234454787246","464.9923717528957","466.0804507219126","1.357153947603365","1.7427802320236498","1.1139547719400928","457.54467748205514","24.100133574876917","5146801.042040682","8.889884682634649e-05","1381","0.029306195829665968","-1.445965571882522","1.4440828042107998","-4095.9999999999995","4090.666666666666","C:\Users\kimeu\Downloads\starlink_pathB_wsl_package_v0_3_clean\starlink_pathB\outputs\coverage_null_global_stats\4_76_lst017_quiet_full_polybeam_khz_comb_S30_multi.npz","9.10175923472585","9444.443085672718","1.7798436919007438e-05","140609741.2109375","False","False","False","False","False","False","False","False","False","0","2","2","2","0.0","0.0684687078802128","0.0","0.2805166207424566","7.747507627984597e-08"
"4_76","93.9206796714852","mid","quiet","17","2461041.6180555555","2461041.624878509","full_polybeam","khz_comb","1000.0","single","coherent_ab","2","2","1","46168","83.229","0.1657111055107527","7.747507627984598e-08","0.0684687078802128","883751.4097165731","15.278858787177006","15.278858787177006","0.020514965726161394","False","20269564","100","1.1090050977725583","-0.24868664123414608","0.18811881188118812","0.5742574257425742","306.5145321648015","15107.592242582847","225.17902953282464","345.646206037706","353.7952799035298","15149.535951039554","15478.879824897902","15529.992063076987","49.467802314740766","0.8661900775832666","0.794197512661282","15107.592242582847","-7.573428572718626","5146801.042040682","0.0029353363612036492","1381","0.029306195829665968","-1.445965571882522","1.4440828042107998","-4095.9999999999995","4090.666666666666","C:\Users\kimeu\Downloads\starlink_pathB_wsl_package_v0_3_clean\starlink_pathB\outputs\coverage_null_global_stats\4_76_lst017_quiet_full_polybeam_khz_comb_S1000_single.npz","9.10175923472585","9444.443085672718","1.7798436919007438e-05","140609741.2109375","False","False","False","False","False","False","False","False","False","0","2","2","2","0.0","0.0684687078802128","0.0","0.2805166207424566","7.747507627984597e-08"
"4_76","93.9206796714852","mid","quiet","17","2461041.6180555555","2461041.624878509","full_polybeam","khz_comb","1000.0","multi","coherent_ab","2","2","2","46168;47826","83.229;73.757","0.1657111055107527","7.747507627984598e-08","0.0684687078802128","883751.4097165731","16.542274341454206","15.278858787177006","0.025238422085383478","False","20269581","100","0.9393676916066142","0.1943929702443556","0.2376237623762376","0.42574257425742573","280.1186801695294","15185.145660612143","225.8649932538392","354.92714116882706","361.1630150341284","15114.558155966191","15587.49858114082","15671.170957252856","38.95557705373358","1.540570924380789","0.9717426784141849","15185.145660612143","-394.12425343108333","5146801.042040682","0.0029504046370891586","1381","0.029306195829665968","-1.445965571882522","1.4440828042107998","-4095.9999999999995","4090.666666666666","C:\Users\kimeu\Downloads\starlink_pathB_wsl_package_v0_3_clean\starlink_pathB\outputs\coverage_null_global_stats\4_76_lst017_quiet_full_polybeam_khz_comb_S1000_multi.npz","9.10175923472585","9444.443085672718","1.7798436919007438e-05","140609741.2109375","False","False","False","False","False","False","False","False","False","0","2","2","2","0.0","0.0684687078802128","0.0","0.2805166207424566","7.747507627984597e-08"
"4_76","93.9206796714852","mid","typical","33","2461041.7291666665","2461041.73598962","frozen_polybeam","smooth","30.0","single","coherent_ab","5","5","1","48424","83.834","0.1653645833333333","4.328472795086945e-07","0.3314947967906838","765847.0146028149","0.5638220215266124","0.5638220215266124","0.0013619290616226267","False","20269614","100","0.2034170472563153","-0.313353826264838","0.22772277227722773","0.6435643564356436","11.874025993222858","611.3914571221251","11.336290576930878","15.92425267288695","16.020551503013234","615.4483752333047","634.8896590798433","636.4150392739409","1.7830244525928265","1.4825801327998624","1.1760191347893552","611.3914571221251","-66.5318479136531","4122961.348041135","0.00014828939820466763","1381","0.029306195829665968","-1.445965571882522","1.4440828042107998","-4095.9999999999995","4090.666666666666","C:\Users\kimeu\Downloads\starlink_pathB_wsl_package_v0_3_clean\starlink_pathB\outputs\coverage_null_global_stats\4_76_lst033_typical_frozen_polybeam_smooth_S30_single.npz","9.10175923472585","9444.443085672718","1.7798436919007438e-05","140609741.2109375","False","False","False","False","False","False","False","False","False","0","5","5","5","0.0","0.3314947967906838","0.0","0.3484546838830035","4.328472795086945e-07"
"4_76","93.9206796714852","mid","typical","33","2461041.7291666665","2461041.73598962","frozen_polybeam","smooth","30.0","multi","coherent_ab","5","5","5","48424;44451;45686;48290;48412","83.834;82.537;82.259;81.750;73.709","0.1653645833333333","4.328472795086945e-07","0.3314947967906838","765847.0146028149","7.336196257902314","4.332080833576162","0.018445289791032396","False","20269631","100","0.48471400916296953","-0.9035023351953624","0.32673267326732675","0.8811881188118812","42.46140503789002","3916.304727082569","38.909570772372376","53.17961201380867","66.18979270168997","4257.745398022404","4698.251490985612","4718.088362984631","4.942459565839613","2.064651392433118","1.1444536524364946","3916.304727082569","-819.2528003106448","4122961.348041135","0.0009498766533291051","1381","0.029306195829665968","-1.445965571882522","1.4440828042107998","-4095.9999999999995","4090.666666666666","C:\Users\kimeu\Downloads\starlink_pathB_wsl_package_v0_3_clean\starlink_pathB\outputs\coverage_null_global_stats\4_76_lst033_typical_frozen_polybeam_smooth_S30_multi.npz","9.10175923472585","9444.443085672718","1.7798436919007438e-05","140609741.2109375","False","False","False","False","False","False","False","False","False","0","5","5","5","0.0","0.3314947967906838","0.0","0.3484546838830035","4.328472795086945e-07"
"4_76","93.9206796714852","mid","typical","33","2461041.7291666665","2461041.73598962","frozen_polybeam","smooth","1000.0","single","coherent_ab","5","5","1","48424","83.834","0.1653645833333333","4.328472795086945e-07","0.3314947967906838","765847.0146028149","18.794067384220412","18.794067384220412","0.04539763538742089","False","20269648","100","0.07097242355646723","1.2701963215958703","0.39603960396039606","0.32673267326732675","355.2733269447019","21324.29944927431","346.6319907735651","489.4429300109997","492.99771884251516","20676.471353250672","22254.15510118977","22297.914279760684","82.123465775765","1.107593254603296","0.9618393850019606","21324.29944927431","-5619.621206104287","4122961.348041135","0.0051720832792686066","1381","0.029306195829665968","-1.445965571882522","1.4440828042107998","-4095.9999999999995","4090.666666666666","C:\Users\kimeu\Downloads\starlink_pathB_wsl_package_v0_3_clean\starlink_pathB\outputs\coverage_null_global_stats\4_76_lst033_typical_frozen_polybeam_smooth_S1000_single.npz","9.10175923472585","9444.443085672718","1.7798436919007438e-05","140609741.2109375","False","False","False","False","False","False","False","False","False","0","5","5","5","0.0","0.3314947967906838","0.0","0.3484546838830035","4.328472795086945e-07"
"4_76","93.9206796714852","mid","typical","33","2461041.7291666665","2461041.73598962","frozen_polybeam","smooth","1000.0","multi","coherent_ab","5","5","5","48424;44451;45686;48290;48412","83.834;82.537;82.259;81.750;73.709","0.1653645833333333","4.328472795086945e-07","0.3314947967906838","765847.0146028149","244.5398752634105","144.40269445253878","0.6148429930344133","False","20269665","100","-0.36937135165255375","0.21822628768320795","0.6336633663366337","0.38613861386138615","467.01646290882127","696781.6439771955","554.0895588313733","1522.862710609842","1812.3444899256506","694012.5813079705","711248.489983641","712599.4080580112","158.99987461405635","1.8968967928300648","1.1104275977961067","696781.6439771955","-682662.9444222252","4122961.348041135","0.1690002852702571","1381","0.029306195829665968","-1.445965571882522","1.4440828042107998","-4095.9999999999995","4090.666666666666","C:\Users\kimeu\Downloads\starlink_pathB_wsl_package_v0_3_clean\starlink_pathB\outputs\coverage_null_global_stats\4_76_lst033_typical_frozen_polybeam_smooth_S1000_multi.npz","9.10175923472585","9444.443085672718","1.7798436919007438e-05","140609741.2109375","False","False","False","False","False","False","False","False","False","0","5","5","5","0.0","0.3314947967906838","0.0","0.3484546838830035","4.328472795086945e-07"
"4_76","93.9206796714852","mid","typical","33","2461041.7291666665","2461041.73598962","frozen_polybeam","lines","30.0","single","coherent_ab","5","5","1","48424","83.834","0.1653645833333333","4.328472795086945e-07","0.3314947967906838","765847.0146028149","0.5638221197612721","0.5638221197612721","0.0013632219924150347","False","20269682","100","0.34500178251597624","-0.5877755948449515","0.26732673267326734","0.6534653465346535","11.884480987031338","610.9053461319404","10.75028844355677","16.079810009200127","16.106231785231042","620.6021970884653","634.4057134065771","636.3450986336331","2.217386775401451","0.991396276586447","0.936905559653827","610.9053461319404","-65.92534851322526","4122961.348041135","0.0001481714948460985","1381","0.029306195829665968","-1.445965571882522","1.4440828042107998","-4095.9999999999995","4090.666666666666","C:\Users\kimeu\Downloads\starlink_pathB_wsl_package_v0_3_clean\starlink_pathB\outputs\coverage_null_global_stats\4_76_lst033_typical_frozen_polybeam_lines_S30_single.npz","9.10175923472585","9444.443085672718","1.7798436919007438e-05","140609741.2109375","False","False","False","False","False","False","False","False","False","0","5","5","5","0.0","0.3314947967906838","0.0","0.3484546838830035","4.328472795086945e-07"
"4_76","93.9206796714852","mid","typical","33","2461041.7291666665","2461041.73598962","frozen_polybeam","lines","30.0","multi","coherent_ab","5","5","5","48424;44451;45686;48290;48412","83.834;82.537;82.259;81.750;73.709","0.1653645833333333","4.328472795086945e-07","0.3314947967906838","765847.0146028149","7.336106350618412","4.332014538722425","0.01846641893496267","False","20269699","100","0.12906719008455417","-1.2911984339986702","0.43564356435643564","0.9306930693069307","42.454449115464286","3916.359384548895","41.27680461033219","58.83396513914074","65.11014704353266","4324.289914446681","4712.2399618431","4784.054003437844","6.154239014110544","1.9431938768529042","1.0772258307494744","3916.359384548895","-810.945354990678","4122961.348041135","0.000949889910175753","1381","0.029306195829665968","-1.445965571882522","1.4440828042107998","-4095.9999999999995","4090.666666666666","C:\Users\kimeu\Downloads\starlink_pathB_wsl_package_v0_3_clean\starlink_pathB\outputs\coverage_null_global_stats\4_76_lst033_typical_frozen_polybeam_lines_S30_multi.npz","9.10175923472585","9444.443085672718","1.7798436919007438e-05","140609741.2109375","False","False","False","False","False","False","False","False","False","0","5","5","5","0.0","0.3314947967906838","0.0","0.3484546838830035","4.328472795086945e-07"
"4_76","93.9206796714852","mid","typical","33","2461041.7291666665","2461041.73598962","frozen_polybeam","lines","1000.0","single","coherent_ab","5","5","1","48424","83.834","0.1653645833333333","4.328472795086945e-07","0.3314947967906838","765847.0146028149","18.794070658709067","18.794070658709067","0.045440733080501144","False","20269716","100","0.09173637183840455","1.2752159282718394","0.4158415841584158","0.3069306930693069","355.6161404971633","21316.248159707262","345.9595154328663","482.2326034473893","495.6533636802494","20668.361075225854","22183.19830728532","22292.964048914684","71.00023952409788","0.8640720877826435","0.7901680923948545","21316.248159707262","-5598.731679714283","4122961.348041135","0.005170130486388103","1381","0.029306195829665968","-1.445965571882522","1.4440828042107998","-4095.9999999999995","4090.666666666666","C:\Users\kimeu\Downloads\starlink_pathB_wsl_package_v0_3_clean\starlink_pathB\outputs\coverage_null_global_stats\4_76_lst033_typical_frozen_polybeam_lines_S1000_single.npz","9.10175923472585","9444.443085672718","1.7798436919007438e-05","140609741.2109375","False","False","False","False","False","False","False","False","False","0","5","5","5","0.0","0.3314947967906838","0.0","0.3484546838830035","4.328472795086945e-07"
"4_76","93.9206796714852","mid","typical","33","2461041.7291666665","2461041.73598962","frozen_polybeam","lines","1000.0","multi","coherent_ab","5","5","5","48424;44451;45686;48290;48412","83.834;82.537;82.259;81.750;73.709","0.1653645833333333","4.328472795086945e-07","0.3314947967906838","765847.0146028149","244.53687835394706","144.40048462408083","0.6155472978320892","False","20269733","100","-0.060588688820719654","0.33910746202274517","0.5643564356435643","0.36633663366336633","478.19656202868464","696784.5761493305","490.26621073117803","1084.6741049444954","1310.970873769077","693354.5408186857","711179.4910531851","716590.3593631254","134.36281059075372","2.4816481951907883","1.3122051725785884","696784.5761493305","-682541.9435174556","4122961.348041135","0.16900099645134453","1381","0.029306195829665968","-1.445965571882522","1.4440828042107998","-4095.9999999999995","4090.666666666666","C:\Users\kimeu\Downloads\starlink_pathB_wsl_package_v0_3_clean\starlink_pathB\outputs\coverage_null_global_stats\4_76_lst033_typical_frozen_polybeam_lines_S1000_multi.npz","9.10175923472585","9444.443085672718","1.7798436919007438e-05","140609741.2109375","False","False","False","False","False","False","False","False","False","0","5","5","5","0.0","0.3314947967906838","0.0","0.3484546838830035","4.328472795086945e-07"
"4_76","93.9206796714852","mid","typical","33","2461041.7291666665","2461041.73598962","frozen_polybeam","khz_comb","30.0","single","coherent_ab","5","5","1","48424","83.834","0.1653645833333333","4.328472795086945e-07","0.3314947967906838","765847.0146028149","0.4640133693956035","0.4640133693956035","0.0012040144668604901","False","20269750","100","0.5284262736125696","-0.24929430673724898","0.37623762376237624","0.693069306930693","10.628980886024237","586.9778577198146","8.958226127097078","15.163464716825752","15.299520381472819","588.9675502602402","599.2983184288802","599.6575651554055","2.132574973125088","0.8756561481374932","0.8278710013294027","586.9778577198146","-51.13643633427774","4122961.348041135","0.00014236802341081715","1381","0.029306195829665968","-1.445965571882522","1.4440828042107998","-4095.9999999999995","4090.666666666666","C:\Users\kimeu\Downloads\starlink_pathB_wsl_package_v0_3_clean\starlink_pathB\outputs\coverage_null_global_stats\4_76_lst033_typical_frozen_polybeam_khz_comb_S30_single.npz","9.10175923472585","9444.443085672718","1.7798436919007438e-05","140609741.2109375","False","False","False","False","False","False","False","False","False","0","5","5","5","0.0","0.3314947967906838","0.0","0.3484546838830035","4.328472795086945e-07"
"4_76","93.9206796714852","mid","typical","33","2461041.7291666665","2461041.73598962","frozen_polybeam","khz_comb","30.0","multi","coherent_ab","5","5","5","48424;44451;45686;48290;48412","83.834;82.537;82.259;81.750;73.709","0.1653645833333333","4.328472795086945e-07","0.3314947967906838","765847.0146028149","6.228349649321559","3.565153958901853","0.01650226598845341","False","20269767","100","0.27921589306167754","-0.8767028660772479","0.3564356435643564","0.8613861386138614","46.79633311203088","3724.9066818839824","43.91718098506669","58.97928983216366","64.09466937731807","4055.9019095087774","4528.479388172561","4585.696593310381","6.955053609128754","1.90565527287542","1.0988118463279501","3724.9066818839824","-690.5757736666823","4122961.348041135","0.0009034541843701074","1381","0.029306195829665968","-1.445965571882522","1.4440828042107998","-4095.9999999999995","4090.666666666666","C:\Users\kimeu\Downloads\starlink_pathB_wsl_package_v0_3_clean\starlink_pathB\outputs\coverage_null_global_stats\4_76_lst033_typical_frozen_polybeam_khz_comb_S30_multi.npz","9.10175923472585","9444.443085672718","1.7798436919007438e-05","140609741.2109375","False","False","False","False","False","False","False","False","False","0","5","5","5","0.0","0.3314947967906838","0.0","0.3484546838830035","4.328472795086945e-07"
"4_76","93.9206796714852","mid","typical","33","2461041.7291666665","2461041.73598962","frozen_polybeam","khz_comb","1000.0","single","coherent_ab","5","5","1","48424","83.834","0.1653645833333333","4.328472795086945e-07","0.3314947967906838","765847.0146028149","15.467112313186783","15.467112313186783","0.04013381556201634","False","20269784","100","0.33537903822235404","2.6542474195253862","0.4158415841584158","0.31683168316831684","321.1489476583454","20231.023743609123","293.8571452434189","466.5178093345917","477.0955521097984","19569.401538103397","20694.324672649997","20730.001283159454","54.88735561977637","1.4259202855900703","1.2873834822264911","20231.023743609123","-4216.253179676151","4122961.348041135","0.004906915693794003","1381","0.029306195829665968","-1.445965571882522","1.4440828042107998","-4095.9999999999995","4090.666666666666","C:\Users\kimeu\Downloads\starlink_pathB_wsl_package_v0_3_clean\starlink_pathB\outputs\coverage_null_global_stats\4_76_lst033_typical_frozen_polybeam_khz_comb_S1000_single.npz","9.10175923472585","9444.443085672718","1.7798436919007438e-05","140609741.2109375","False","False","False","False","False","False","False","False","False","0","5","5","5","0.0","0.3314947967906838","0.0","0.3484546838830035","4.328472795086945e-07"
"4_76","93.9206796714852","mid","typical","33","2461041.7291666665","2461041.73598962","frozen_polybeam","khz_comb","1000.0","multi","coherent_ab","5","5","5","48424;44451;45686;48290;48412","83.834;82.537;82.259;81.750;73.709","0.1653645833333333","4.328472795086945e-07","0.3314947967906838","765847.0146028149","207.61165497738529","118.83846529672843","0.550075532948447","False","20269801","100","-0.03840440478692797","-0.00838785817942814","0.5247524752475248","0.5148514851485149","550.15710162492","611762.7428185672","559.8857858111523","1243.7850342680872","1714.8338750654088","611871.4620007417","634066.6991020772","635587.4399554319","170.86341063963982","2.0250367339420787","1.1094873092939164","611762.7428185672","-598884.8625804189","4122961.348041135","0.14837945136430214","1381","0.029306195829665968","-1.445965571882522","1.4440828042107998","-4095.9999999999995","4090.666666666666","C:\Users\kimeu\Downloads\starlink_pathB_wsl_package_v0_3_clean\starlink_pathB\outputs\coverage_null_global_stats\4_76_lst033_typical_frozen_polybeam_khz_comb_S1000_multi.npz","9.10175923472585","9444.443085672718","1.7798436919007438e-05","140609741.2109375","False","False","False","False","False","False","False","False","False","0","5","5","5","0.0","0.3314947967906838","0.0","0.3484546838830035","4.328472795086945e-07"
"4_76","93.9206796714852","mid","typical","33","2461041.7291666665","2461041.73598962","full_polybeam","smooth","30.0","single","coherent_ab","5","5","1","48424","83.834","0.1653645833333333","4.328472795086945e-07","0.3314947967906838","765847.0146028149","1.0818657105995557","1.0818657105995557","0.0022455898165857874","False","20269818","100","0.01085344882384468","0.015024829014952624","0.49504950495049505","0.48514851485148514","17.838908070896423","889.4402960229602","17.77481337119798","22.354523860215114","22.60505450995722","889.3206349704815","899.7165989053258","900.6164083680584","3.983183905842907","1.663093830698728","1.5144837298192637","889.4402960229602","-93.70749314404424","4122961.348041135","0.00021572850699789928","1381","0.029306195829665968","-1.445965571882522","1.4440828042107998","-4095.9999999999995","4090.666666666666","C:\Users\kimeu\Downloads\starlink_pathB_wsl_package_v0_3_clean\starlink_pathB\outputs\coverage_null_global_stats\4_76_lst033_typical_full_polybeam_smooth_S30_single.npz","9.10175923472585","9444.443085672718","1.7798436919007438e-05","140609741.2109375","False","False","False","False","False","False","False","False","False","0","5","5","5","0.0","0.3314947967906838","0.0","0.3484546838830035","4.328472795086945e-07"
"4_76","93.9206796714852","mid","typical","33","2461041.7291666665","2461041.73598962","full_polybeam","smooth","30.0","multi","coherent_ab","5","5","5","48424;44451;45686;48290;48412","83.834;82.537;82.259;81.750;73.709","0.1653645833333333","4.328472795086945e-07","0.3314947967906838","765847.0146028149","19.9678075211293","12.980913094855984","0.033443449143300406","False","20269835","100","0.9375442771817442","0.02383315087593026","0.21782178217821782","0.49504950495049505","87.23329063126994","7712.651340857797","72.30969222388671","118.74667292602535","125.96801013712322","7703.976712899583","8189.525659935452","8294.940961394082","10.736377437210194","2.2124890681598783","1.2917852201184903","7712.651340857797","-2555.197875840547","4122961.348041135","0.0018706581725589457","1381","0.029306195829665968","-1.445965571882522","1.4440828042107998","-4095.9999999999995","4090.666666666666","C:\Users\kimeu\Downloads\starlink_pathB_wsl_package_v0_3_clean\starlink_pathB\outputs\coverage_null_global_stats\4_76_lst033_typical_full_polybeam_smooth_S30_multi.npz","9.10175923472585","9444.443085672718","1.7798436919007438e-05","140609741.2109375","False","False","False","False","False","False","False","False","False","0","5","5","5","0.0","0.3314947967906838","0.0","0.3484546838830035","4.328472795086945e-07"
"4_76","93.9206796714852","mid","typical","33","2461041.7291666665","2461041.73598962","full_polybeam","smooth","1000.0","single","coherent_ab","5","5","1","48424","83.834","0.1653645833333333","4.328472795086945e-07","0.3314947967906838","765847.0146028149","36.06219035331852","36.06219035331852","0.07485299388619293","False","20269852","100","-0.4346369106043669","1.2347758781509035","0.6435643564356436","0.2871287128712871","492.5053785482585","33445.01404004717","541.4129904863253","643.9695479779768","653.0542602609365","31834.545164764204","34265.52739746879","34310.39596540189","75.89721792017963","1.4477291647729704","1.2292472621765256","33445.01404004717","-15085.728206847409","4122961.348041135","0.008111891239518235","1381","0.029306195829665968","-1.445965571882522","1.4440828042107998","-4095.9999999999995","4090.666666666666","C:\Users\kimeu\Downloads\starlink_pathB_wsl_package_v0_3_clean\starlink_pathB\outputs\coverage_null_global_stats\4_76_lst033_typical_full_polybeam_smooth_S1000_single.npz","9.10175923472585","9444.443085672718","1.7798436919007438e-05","140609741.2109375","False","False","False","False","False","False","False","False","False","0","5","5","5","0.0","0.3314947967906838","0.0","0.3484546838830035","4.328472795086945e-07"
"4_76","93.9206796714852","mid","typical","33","2461041.7291666665","2461041.73598962","full_polybeam","smooth","1000.0","multi","coherent_ab","5","5","5","48424;44451;45686;48290;48412","83.834;82.537;82.259;81.750;73.709","0.1653645833333333","4.328472795086945e-07","0.3314947967906838","765847.0146028149","665.5935840376433","432.69710316186604","1.1147816381100135","False","20269869","100","1.090311938714496","0.5946851035764124","0.25742574257425743","0.26732673267326734","794.6235709348821","2631238.9074036414","534.6297340258527","1209.5174800877896","1273.0802909300364","2622153.3996349834","2659275.5311119654","2661319.5647976934","160.83786143143857","1.9533909880180784","1.4343224444927793","2631238.9074036414","-2620286.89717102","4122961.348041135","0.638191504912791","1381","0.029306195829665968","-1.445965571882522","1.4440828042107998","-4095.9999999999995","4090.666666666666","C:\Users\kimeu\Downloads\starlink_pathB_wsl_package_v0_3_clean\starlink_pathB\outputs\coverage_null_global_stats\4_76_lst033_typical_full_polybeam_smooth_S1000_multi.npz","9.10175923472585","9444.443085672718","1.7798436919007438e-05","140609741.2109375","False","False","False","False","False","False","False","False","False","0","5","5","5","0.0","0.3314947967906838","0.0","0.3484546838830035","4.328472795086945e-07"
"4_76","93.9206796714852","mid","typical","33","2461041.7291666665","2461041.73598962","full_polybeam","lines","30.0","single","coherent_ab","5","5","1","48424","83.834","0.1653645833333333","4.328472795086945e-07","0.3314947967906838","765847.0146028149","1.0818431178984123","1.0818431178984123","0.002247437893867245","False","20269886","100","-0.08513989462610813","-0.2076949044044901","0.5247524752475248","0.6336633663366337","17.801474779532555","889.1949074151353","18.217075915516034","22.277642923745454","22.679775558550663","890.9068972550563","900.6771379765926","901.7231003484374","3.292453286204477","0.9751721326612657","0.8991113143160246","889.1949074151353","-92.86971022167393","4122961.348041135","0.00021566898943585822","1381","0.029306195829665968","-1.445965571882522","1.4440828042107998","-4095.9999999999995","4090.666666666666","C:\Users\kimeu\Downloads\starlink_pathB_wsl_package_v0_3_clean\starlink_pathB\outputs\coverage_null_global_stats\4_76_lst033_typical_full_polybeam_lines_S30_single.npz","9.10175923472585","9444.443085672718","1.7798436919007438e-05","140609741.2109375","False","False","False","False","False","False","False","False","False","0","5","5","5","0.0","0.3314947967906838","0.0","0.3484546838830035","4.328472795086945e-07"
"4_76","93.9206796714852","mid","typical","33","2461041.7291666665","2461041.73598962","full_polybeam","lines","30.0","multi","coherent_ab","5","5","5","48424;44451;45686;48290;48412","83.834;82.537;82.259;81.750;73.709","0.1653645833333333","4.328472795086945e-07","0.3314947967906838","765847.0146028149","19.966870454230754","12.98024099845399","0.03347525250452808","False","20269903","100","1.171103874649851","0.10326883551835753","0.21782178217821782","0.48514851485148514","86.97532812685495","7711.911258752631","71.34263863634396","105.18039197945349","120.91402263628491","7677.169550983686","8257.829630583074","8342.520169673962","9.003560517011465","2.2482053691640185","1.2290650532772265","7711.911258752631","-2543.99560592282","4122961.348041135","0.0018704786700017564","1381","0.029306195829665968","-1.445965571882522","1.4440828042107998","-4095.9999999999995","4090.666666666666","C:\Users\kimeu\Downloads\starlink_pathB_wsl_package_v0_3_clean\starlink_pathB\outputs\coverage_null_global_stats\4_76_lst033_typical_full_polybeam_lines_S30_multi.npz","9.10175923472585","9444.443085672718","1.7798436919007438e-05","140609741.2109375","False","False","False","False","False","False","False","False","False","0","5","5","5","0.0","0.3314947967906838","0.0","0.3484546838830035","4.328472795086945e-07"
"4_76","93.9206796714852","mid","typical","33","2461041.7291666665","2461041.73598962","full_polybeam","lines","1000.0","single","coherent_ab","5","5","1","48424","83.834","0.1653645833333333","4.328472795086945e-07","0.3314947967906838","765847.0146028149","36.0614372632804","36.0614372632804","0.07491459646224152","False","20269920","100","-0.47802839505105976","1.2476753332794026","0.6336633663366337","0.26732673267326734","491.5082301569223","33430.97580849005","547.0550411930957","644.0083722179941","655.0513046489662","31808.29456704425","34173.84546011854","34307.231799689944","78.37570142311245","1.297527495371578","1.1986511573187724","33430.97580849005","-15052.591466359303","4122961.348041135","0.00810848634910766","1381","0.029306195829665968","-1.445965571882522","1.4440828042107998","-4095.9999999999995","4090.666666666666","C:\Users\kimeu\Downloads\starlink_pathB_wsl_package_v0_3_clean\starlink_pathB\outputs\coverage_null_global_stats\4_76_lst033_typical_full_polybeam_lines_S1000_single.npz","9.10175923472585","9444.443085672718","1.7798436919007438e-05","140609741.2109375","False","False","False","False","False","False","False","False","False","0","5","5","5","0.0","0.3314947967906838","0.0","0.3484546838830035","4.328472795086945e-07"
"4_76","93.9206796714852","mid","typical","33","2461041.7291666665","2461041.73598962","full_polybeam","lines","1000.0","multi","coherent_ab","5","5","5","48424;44451;45686;48290;48412","83.834;82.537;82.259;81.750;73.709","0.1653645833333333","4.328472795086945e-07","0.3314947967906838","765847.0146028149","665.5623484743586","432.6746999484664","1.1158417501509363","False","20269937","100","1.110325274251734","0.3081741616935005","0.25742574257425743","0.36633663366336633","793.8901570258004","2630669.9163952423","558.4042183248276","1169.094676756899","1347.6082813880357","2624398.7435326506","2660458.0306491377","2668806.059941187","143.05095391755196","1.762703888889223","1.1123778983792403","2630669.9163952423","-2619872.187655191","4122961.348041135","0.6380534994937809","1381","0.029306195829665968","-1.445965571882522","1.4440828042107998","-4095.9999999999995","4090.666666666666","C:\Users\kimeu\Downloads\starlink_pathB_wsl_package_v0_3_clean\starlink_pathB\outputs\coverage_null_global_stats\4_76_lst033_typical_full_polybeam_lines_S1000_multi.npz","9.10175923472585","9444.443085672718","1.7798436919007438e-05","140609741.2109375","False","False","False","False","False","False","False","False","False","0","5","5","5","0.0","0.3314947967906838","0.0","0.3484546838830035","4.328472795086945e-07"
"4_76","93.9206796714852","mid","typical","33","2461041.7291666665","2461041.73598962","full_polybeam","khz_comb","30.0","single","coherent_ab","5","5","1","48424","83.834","0.1653645833333333","4.328472795086945e-07","0.3314947967906838","765847.0146028149","0.8903334095974007","0.8903334095974007","0.0019126261571201443","False","20269954","100","-0.0955174061315201","-0.9542428294587696","0.5346534653465347","0.7029702970297029","15.490901106439878","770.8562065203755","15.808435246929548","20.240416629919263","20.344806533929123","774.2276840022708","780.5140478418634","783.1257624097698","2.242249368494413","0.8908892918050886","0.8470766248925422","770.8562065203755","-72.49701637310481","4122961.348041135","0.00018696663428256923","1381","0.029306195829665968","-1.445965571882522","1.4440828042107998","-4095.9999999999995","4090.666666666666","C:\Users\kimeu\Downloads\starlink_pathB_wsl_package_v0_3_clean\starlink_pathB\outputs\coverage_null_global_stats\4_76_lst033_typical_full_polybeam_khz_comb_S30_single.npz","9.10175923472585","9444.443085672718","1.7798436919007438e-05","140609741.2109375","False","False","False","False","False","False","False","False","False","0","5","5","5","0.0","0.3314947967906838","0.0","0.3484546838830035","4.328472795086945e-07"
"4_76","93.9206796714852","mid","typical","33","2461041.7291666665","2461041.73598962","full_polybeam","khz_comb","30.0","multi","coherent_ab","5","5","5","48424;44451;45686;48290;48412","83.834;82.537;82.259;81.750;73.709","0.1653645833333333","4.328472795086945e-07","0.3314947967906838","765847.0146028149","16.432301094671466","10.682456665250719","0.02842912154759468","False","20269971","100","0.9964353201354275","-0.18989733910170595","0.25742574257425743","0.6039603960396039","75.25968110993881","6413.509862283909","62.43634062741285","90.876885404349","100.68825755657376","6457.434125172034","6832.014761726528","6877.507735989876","8.680166676458612","2.3870405829997687","1.4506908718326275","6413.509862283909","-1775.2914989333674","4122961.348041135","0.0015555590559516255","1381","0.029306195829665968","-1.445965571882522","1.4440828042107998","-4095.9999999999995","4090.666666666666","C:\Users\kimeu\Downloads\starlink_pathB_wsl_package_v0_3_clean\starlink_pathB\outputs\coverage_null_global_stats\4_76_lst033_typical_full_polybeam_khz_comb_S30_multi.npz","9.10175923472585","9444.443085672718","1.7798436919007438e-05","140609741.2109375","False","False","False","False","False","False","False","False","False","0","5","5","5","0.0","0.3314947967906838","0.0","0.3484546838830035","4.328472795086945e-07"
"4_76","93.9206796714852","mid","typical","33","2461041.7291666665","2461041.73598962","full_polybeam","khz_comb","1000.0","single","coherent_ab","5","5","1","48424","83.834","0.1653645833333333","4.328472795086945e-07","0.3314947967906838","765847.0146028149","29.677780319913357","29.677780319913357","0.06375420523733816","False","20269988","100","-0.7297929049995471","0.5903161155958244","0.6831683168316832","0.36633663366336633","439.5070715000477","27957.440026270204","490.23241933018244","589.1561769971056","601.0572771492725","27124.986889825002","28813.553641420367","28847.915322586516","46.88148945855164","1.7068286448024812","1.5715225917534719","27957.440026270204","-10630.423284919105","4122961.348041135","0.006780912471942793","1381","0.029306195829665968","-1.445965571882522","1.4440828042107998","-4095.9999999999995","4090.666666666666","C:\Users\kimeu\Downloads\starlink_pathB_wsl_package_v0_3_clean\starlink_pathB\outputs\coverage_null_global_stats\4_76_lst033_typical_full_polybeam_khz_comb_S1000_single.npz","9.10175923472585","9444.443085672718","1.7798436919007438e-05","140609741.2109375","False","False","False","False","False","False","False","False","False","0","5","5","5","0.0","0.3314947967906838","0.0","0.3484546838830035","4.328472795086945e-07"
"4_76","93.9206796714852","mid","typical","33","2461041.7291666665","2461041.73598962","full_polybeam","khz_comb","1000.0","multi","coherent_ab","5","5","5","48424;44451;45686;48290;48412","83.834;82.537;82.259;81.750;73.709","0.1653645833333333","4.328472795086945e-07","0.3314947967906838","765847.0146028149","547.7433698223822","356.0818888416906","0.9476373849198226","False","20270005","100","0.1493793072968891","0.14140705351080513","0.45544554455445546","0.45544554455445546","711.4162702604244","1849050.2071669481","668.4726179346126","1231.2671885170996","1372.9768266357823","1846760.0971405802","1872850.204293856","1877678.9456782714","193.9030056845022","2.7835794717690185","1.2015018472197858","1849050.2071669481","-1837136.896713851","4122961.348041135","0.44847624100222344","1381","0.029306195829665968","-1.445965571882522","1.4440828042107998","-4095.9999999999995","4090.666666666666","C:\Users\kimeu\Downloads\starlink_pathB_wsl_package_v0_3_clean\starlink_pathB\outputs\coverage_null_global_stats\4_76_lst033_typical_full_polybeam_khz_comb_S1000_multi.npz","9.10175923472585","9444.443085672718","1.7798436919007438e-05","140609741.2109375","False","False","False","False","False","False","False","False","False","0","5","5","5","0.0","0.3314947967906838","0.0","0.3484546838830035","4.328472795086945e-07"
"4_76","93.9206796714852","mid","stress","0","2461041.5","2461041.506822953","frozen_polybeam","smooth","30.0","single","coherent_ab","4","4","1","46696","86.617","0.2350680443548387","7.117139047722464e-05","0.5502745938468236","7731.682494287019","0.43804482718381754","0.43804482718381754","0.0006769949504993698","False","20269989","100","1.3566642266912223","0.471104354651962","0.22772277227722773","0.33663366336633666","21.280259976832895","1353.236025585577","14.836723720080045","24.87592373985972","25.174280011821246","1314.6688350040754","1386.806639982416","1388.0999658045455","3.2035234496688645","1.0831128361420965","0.947373369108465","1353.236025585577","168.47563585657213","7993977.983963837","0.00016928193051071814","1381","0.029306195829665968","-1.445965571882522","1.4440828042107998","-4095.9999999999995","4090.666666666666","C:\Users\kimeu\Downloads\starlink_pathB_wsl_package_v0_3_clean\starlink_pathB\outputs\coverage_null_global_stats\4_76_lst000_stress_frozen_polybeam_smooth_S30_single.npz","9.10175923472585","9444.443085672718","1.7798436919007438e-05","140609741.2109375","False","False","False","False","False","False","False","False","False","1","4","4","4","0.3308758856684498","0.5502745938468236","0.3308758856684498","0.7280464634021924","7.117139047722464e-05"
"4_76","93.9206796714852","mid","stress","0","2461041.5","2461041.506822953","frozen_polybeam","smooth","30.0","multi","coherent_ab","4","4","4","46696;48029;44725;46687","86.617;85.104;84.152;73.708","0.2350680443548387","7.117139047722464e-05","0.5502745938468236","7731.682494287019","7.053778296094909","6.262067874827992","0.015325925346083376","False","20270006","100","-0.8760142514888378","-0.006299821183349903","0.7524752475247525","0.504950495049505","89.60972171997128","12779.942346772936","100.26191448202735","112.35716571762842","115.00082372531074","12784.272910285496","13757.50100710082","13880.767556182946","8.201699428929714","2.040851453069216","1.2880157508847458","12779.942346772936","-525.5003892271765","7993977.983963837","0.0015986962151271732","1381","0.029306195829665968","-1.445965571882522","1.4440828042107998","-4095.9999999999995","4090.666666666666","C:\Users\kimeu\Downloads\starlink_pathB_wsl_package_v0_3_clean\starlink_pathB\outputs\coverage_null_global_stats\4_76_lst000_stress_frozen_polybeam_smooth_S30_multi.npz","9.10175923472585","9444.443085672718","1.7798436919007438e-05","140609741.2109375","False","False","False","False","False","False","False","False","False","1","4","4","4","0.3308758856684498","0.5502745938468236","0.3308758856684498","0.7280464634021924","7.117139047722464e-05"
"4_76","93.9206796714852","mid","stress","0","2461041.5","2461041.506822953","frozen_polybeam","smooth","1000.0","single","coherent_ab","4","4","1","46696","86.617","0.2350680443548387","7.117139047722464e-05","0.5502745938468236","7731.682494287019","14.601494239460584","14.601494239460584","0.022566498349979","False","20270023","100","0.7438420909617754","0.737830332952519","0.31683168316831684","0.1782178217821782","731.174482823495","45916.28953251209","554.4468781867472","847.8488336780058","855.9981110968879","44383.054897946044","46783.8064102382","46975.34456189304","160.2505931303167","0.8686791057749553","0.8218956317759789","45916.28953251209","7576.540447818346","7993977.983963837","0.005743859893612612","1381","0.029306195829665968","-1.445965571882522","1.4440828042107998","-4095.9999999999995","4090.666666666666","C:\Users\kimeu\Downloads\starlink_pathB_wsl_package_v0_3_clean\starlink_pathB\outputs\coverage_null_global_stats\4_76_lst000_stress_frozen_polybeam_smooth_S1000_single.npz","9.10175923472585","9444.443085672718","1.7798436919007438e-05","140609741.2109375","False","False","False","False","False","False","False","False","False","1","4","4","4","0.3308758856684498","0.5502745938468236","0.3308758856684498","0.7280464634021924","7.117139047722464e-05"
"4_76","93.9206796714852","mid","stress","0","2461041.5","2461041.506822953","frozen_polybeam","smooth","1000.0","multi","coherent_ab","4","4","4","46696;48029;44725;46687","86.617;85.104;84.152;73.708","0.2350680443548387","7.117139047722464e-05","0.5502745938468236","7731.682494287019","235.1259432031636","208.7355958275997","0.5108641782027794","False","20270040","100","-0.5687481630987375","0.37004208286262247","0.6435643564356436","0.38613861386138615","2949.972405027991","455391.4038315611","3173.292614851598","3603.628289763185","3681.383932584206","446754.8933033507","478717.3199797073","483143.3834386805","264.840271500354","2.015175096556892","0.9075349361039343","455391.4038315611","-138893.50961522883","7993977.983963837","0.05696680735737453","1381","0.029306195829665968","-1.445965571882522","1.4440828042107998","-4095.9999999999995","4090.666666666666","C:\Users\kimeu\Downloads\starlink_pathB_wsl_package_v0_3_clean\starlink_pathB\outputs\coverage_null_global_stats\4_76_lst000_stress_frozen_polybeam_smooth_S1000_multi.npz","9.10175923472585","9444.443085672718","1.7798436919007438e-05","140609741.2109375","False","False","False","False","False","False","False","False","False","1","4","4","4","0.3308758856684498","0.5502745938468236","0.3308758856684498","0.7280464634021924","7.117139047722464e-05"
"4_76","93.9206796714852","mid","stress","0","2461041.5","2461041.506822953","frozen_polybeam","lines","30.0","single","coherent_ab","4","4","1","46696","86.617","0.2350680443548387","7.117139047722464e-05","0.5502745938468236","7731.682494287019","0.43791722520802007","0.43791722520802007","0.0006786548945168204","False","20270057","100","1.688360968986048","0.5103834288279313","0.1782178217821782","0.32673267326732675","21.44420572956733","1354.2679479236867","14.310551497703273","24.736042971004643","25.503328894476436","1304.097713637068","1388.910444560476","1391.4190363983655","2.8498549475370965","1.4078692477072259","1.29543019979622","1354.2679479236867","166.04493700646427","7993977.983963837","0.0001694110179738285","1381","0.029306195829665968","-1.445965571882522","1.4440828042107998","-4095.9999999999995","4090.666666666666","C:\Users\kimeu\Downloads\starlink_pathB_wsl_package_v0_3_clean\starlink_pathB\outputs\coverage_null_global_stats\4_76_lst000_stress_frozen_polybeam_lines_S30_single.npz","9.10175923472585","9444.443085672718","1.7798436919007438e-05","140609741.2109375","False","False","False","False","False","False","False","False","False","1","4","4","4","0.3308758856684498","0.5502745938468236","0.3308758856684498","0.7280464634021924","7.117139047722464e-05"
"4_76","93.9206796714852","mid","stress","0","2461041.5","2461041.506822953","frozen_polybeam","lines","30.0","multi","coherent_ab","4","4","4","46696;48029;44725;46687","86.617;85.104;84.152;73.708","0.2350680443548387","7.117139047722464e-05","0.5502745938468236","7731.682494287019","7.053620227950326","6.262055446139761","0.015344687140896157","False","20270074","100","-0.42452369136542645","0.13737411570656793","0.6732673267326733","0.48514851485148514","90.86374281960889","12773.934819768074","96.88713005443424","114.11534213298","115.98090732538542","12685.9400580527","13652.503776756581","13905.886500763263","9.57006431742775","2.1032139780428425","0.9163603445134715","12773.934819768074","-530.4880814277212","7993977.983963837","0.0015979447085534856","1381","0.029306195829665968","-1.445965571882522","1.4440828042107998","-4095.9999999999995","4090.666666666666","C:\Users\kimeu\Downloads\starlink_pathB_wsl_package_v0_3_clean\starlink_pathB\outputs\coverage_null_global_stats\4_76_lst000_stress_frozen_polybeam_lines_S30_multi.npz","9.10175923472585","9444.443085672718","1.7798436919007438e-05","140609741.2109375","False","False","False","False","False","False","False","False","False","1","4","4","4","0.3308758856684498","0.5502745938468236","0.3308758856684498","0.7280464634021924","7.117139047722464e-05"
"4_76","93.9206796714852","mid","stress","0","2461041.5","2461041.506822953","frozen_polybeam","lines","1000.0","single","coherent_ab","4","4","1","46696","86.617","0.2350680443548387","7.117139047722464e-05","0.5502745938468236","7731.682494287019","14.597240840267336","14.597240840267336","0.02262182981722734","False","20270091","100","1.3873553910204897","0.693776548786806","0.24752475247524752","0.12871287128712872","737.4455718021491","45962.55884549962","513.8835725225399","863.1703756784212","866.1651808378765","44353.88194036175","46788.17336459457","46984.79525268126","108.68916764960522","1.4059378820620738","1.2833445170583453","45962.55884549962","7500.655103674449","7993977.983963837","0.005749647914680515","1381","0.029306195829665968","-1.445965571882522","1.4440828042107998","-4095.9999999999995","4090.666666666666","C:\Users\kimeu\Downloads\starlink_pathB_wsl_package_v0_3_clean\starlink_pathB\outputs\coverage_null_global_stats\4_76_lst000_stress_frozen_polybeam_lines_S1000_single.npz","9.10175923472585","9444.443085672718","1.7798436919007438e-05","140609741.2109375","False","False","False","False","False","False","False","False","False","1","4","4","4","0.3308758856684498","0.5502745938468236","0.3308758856684498","0.7280464634021924","7.117139047722464e-05"
"4_76","93.9206796714852","mid","stress","0","2461041.5","2461041.506822953","frozen_polybeam","lines","1000.0","multi","coherent_ab","4","4","4","46696;48029;44725;46687","86.617;85.104;84.152;73.708","0.2350680443548387","7.117139047722464e-05","0.5502745938468236","7731.682494287019","235.12067426501088","208.73518153799202","0.5114895713632052","False","20270108","100","-0.4090985198775551","0.20714563463230423","0.6435643564356436","0.40594059405940597","2990.324424515391","455142.0326880277","3170.0722342656554","3668.2694989872994","3792.1034855152625","449637.578647053","477803.80895500956","481789.39700255886","296.3546207622494","1.9805072099940633","0.905728832074671","455142.0326880277","-139157.58393555385","7993977.983963837","0.056935612482428205","1381","0.029306195829665968","-1.445965571882522","1.4440828042107998","-4095.9999999999995","4090.666666666666","C:\Users\kimeu\Downloads\starlink_pathB_wsl_package_v0_3_clean\starlink_pathB\outputs\coverage_null_global_stats\4_76_lst000_stress_frozen_polybeam_lines_S1000_multi.npz","9.10175923472585","9444.443085672718","1.7798436919007438e-05","140609741.2109375","False","False","False","False","False","False","False","False","False","1","4","4","4","0.3308758856684498","0.5502745938468236","0.3308758856684498","0.7280464634021924","7.117139047722464e-05"
"4_76","93.9206796714852","mid","stress","0","2461041.5","2461041.506822953","frozen_polybeam","khz_comb","30.0","single","coherent_ab","4","4","1","46696","86.617","0.2350680443548387","7.117139047722464e-05","0.5502745938468236","7731.682494287019","0.4226846083442817","0.4226846083442817","0.0006071133795949321","False","20270125","100","1.6154954668100072","0.39738360092752095","0.27722772277227725","0.38613861386138615","18.081298604098265","1142.4901822370284","12.538956879012403","20.657911117505137","20.770178871966344","1114.5197478298096","1172.5636550655197","1175.3162026466216","2.3140010951647128","0.9958283786735239","0.9339950704784462","1142.4901822370284","143.60434941957973","7993977.983963837","0.00014291885523439","1381","0.029306195829665968","-1.445965571882522","1.4440828042107998","-4095.9999999999995","4090.666666666666","C:\Users\kimeu\Downloads\starlink_pathB_wsl_package_v0_3_clean\starlink_pathB\outputs\coverage_null_global_stats\4_76_lst000_stress_frozen_polybeam_khz_comb_S30_single.npz","9.10175923472585","9444.443085672718","1.7798436919007438e-05","140609741.2109375","False","False","False","False","False","False","False","False","False","1","4","4","4","0.3308758856684498","0.5502745938468236","0.3308758856684498","0.7280464634021924","7.117139047722464e-05"
"4_76","93.9206796714852","mid","stress","0","2461041.5","2461041.506822953","frozen_polybeam","khz_comb","30.0","multi","coherent_ab","4","4","4","46696;48029;44725;46687","86.617;85.104;84.152;73.708","0.2350680443548387","7.117139047722464e-05","0.5502745938468236","7731.682494287019","6.442452681268759","5.7287238081355225","0.013806889341793999","False","20270142","100","-0.8279430725706628","-0.1498204120126523","0.8613861386138614","0.5643564356435643","75.00597913605452","11557.702655160321","89.24585641244994","119.66417775509872","124.59936584417164","11629.541608334624","12373.676780805577","12452.073455349671","11.600635305985634","1.8186296892099447","0.9183228939111523","11557.702655160321","-420.4187830729344","7993977.983963837","0.0014458011616175857","1381","0.029306195829665968","-1.445965571882522","1.4440828042107998","-4095.9999999999995","4090.666666666666","C:\Users\kimeu\Downloads\starlink_pathB_wsl_package_v0_3_clean\starlink_pathB\outputs\coverage_null_global_stats\4_76_lst000_stress_frozen_polybeam_khz_comb_S30_multi.npz","9.10175923472585","9444.443085672718","1.7798436919007438e-05","140609741.2109375","False","False","False","False","False","False","False","False","False","1","4","4","4","0.3308758856684498","0.5502745938468236","0.3308758856684498","0.7280464634021924","7.117139047722464e-05"
"4_76","93.9206796714852","mid","stress","0","2461041.5","2461041.506822953","frozen_polybeam","khz_comb","1000.0","single","coherent_ab","4","4","1","46696","86.617","0.2350680443548387","7.117139047722464e-05","0.5502745938468236","7731.682494287019","14.089486944809389","14.089486944809389","0.02023711265316441","False","20270159","100","1.654379470051886","1.1950936465468378","0.1188118811881188","0.19801980198019803","617.3726478083408","38604.13499802647","439.8025480569195","661.7434321399137","686.3392884775459","36445.55055279217","38879.17777695947","39658.24287813066","72.39535645223805","1.4474265052425983","1.3329053091060314","38604.13499802647","6179.586517964449","7993977.983963837","0.004829152028622988","1381","0.029306195829665968","-1.445965571882522","1.4440828042107998","-4095.9999999999995","4090.666666666666","C:\Users\kimeu\Downloads\starlink_pathB_wsl_package_v0_3_clean\starlink_pathB\outputs\coverage_null_global_stats\4_76_lst000_stress_frozen_polybeam_khz_comb_S1000_single.npz","9.10175923472585","9444.443085672718","1.7798436919007438e-05","140609741.2109375","False","False","False","False","False","False","False","False","False","1","4","4","4","0.3308758856684498","0.5502745938468236","0.3308758856684498","0.7280464634021924","7.117139047722464e-05"
"4_76","93.9206796714852","mid","stress","0","2461041.5","2461041.506822953","frozen_polybeam","khz_comb","1000.0","multi","coherent_ab","4","4","4","46696;48029;44725;46687","86.617;85.104;84.152;73.708","0.2350680443548387","7.117139047722464e-05","0.5502745938468236","7731.682494287019","214.74842270895863","190.9574602711841","0.46022964472646677","False","20270176","100","-0.31022348792171556","0.2067305380825207","0.6633663366336634","0.38613861386138615","2503.524978636611","410957.2707276397","2653.3344402171606","3336.0364573215716","3550.3499319493835","406645.36124187487","429539.3007004522","433521.5780221644","325.71710864053966","1.641277554804118","0.8720505308421305","410957.2707276397","-133515.78469234175","7993977.983963837","0.05140835658442299","1381","0.029306195829665968","-1.445965571882522","1.4440828042107998","-4095.9999999999995","4090.666666666666","C:\Users\kimeu\Downloads\starlink_pathB_wsl_package_v0_3_clean\starlink_pathB\outputs\coverage_null_global_stats\4_76_lst000_stress_frozen_polybeam_khz_comb_S1000_multi.npz","9.10175923472585","9444.443085672718","1.7798436919007438e-05","140609741.2109375","False","False","False","False","False","False","False","False","False","1","4","4","4","0.3308758856684498","0.5502745938468236","0.3308758856684498","0.7280464634021924","7.117139047722464e-05"
"4_76","93.9206796714852","mid","stress","0","2461041.5","2461041.506822953","full_polybeam","smooth","30.0","single","coherent_ab","4","4","1","46696","86.617","0.2350680443548387","7.117139047722464e-05","0.5502745938468236","7731.682494287019","0.5807812214159291","0.5807812214159291","0.0009370208559442091","False","20270193","100","1.4108707465670771","0.7015333956001496","0.25742574257425743","0.36633663366336633","33.09295320214005","2105.4263173215304","21.598111310915556","39.27281721209947","39.58550477400451","1994.9274221677779","2176.8882507973867","2180.0444546388785","5.495304694735751","0.9178128649706924","0.8600757083505567","2105.4263173215304","207.6093260779202","7993977.983963837","0.0002633765468888055","1381","0.029306195829665968","-1.445965571882522","1.4440828042107998","-4095.9999999999995","4090.666666666666","C:\Users\kimeu\Downloads\starlink_pathB_wsl_package_v0_3_clean\starlink_pathB\outputs\coverage_null_global_stats\4_76_lst000_stress_full_polybeam_smooth_S30_single.npz","9.10175923472585","9444.443085672718","1.7798436919007438e-05","140609741.2109375","False","False","False","False","False","False","False","False","False","1","4","4","4","0.3308758856684498","0.5502745938468236","0.3308758856684498","0.7280464634021924","7.117139047722464e-05"
"4_76","93.9206796714852","mid","stress","0","2461041.5","2461041.506822953","full_polybeam","smooth","30.0","multi","coherent_ab","4","4","4","46696;48029;44725;46687","86.617;85.104;84.152;73.708","0.2350680443548387","7.117139047722464e-05","0.5502745938468236","7731.682494287019","11.589431017803337","10.304331039569727","0.02222030065528768","False","20270210","100","-0.9353173127466797","-0.10083209753579893","0.8217821782178217","0.5247524752475248","109.0330054702572","18044.378474095738","125.84381537585796","153.7339554395494","161.5555842059265","18180.089131318873","19849.998764013464","20109.068001894895","12.122876147077477","1.95779941578805","0.9632823850530331","18044.378474095738","-774.4054867243888","7993977.983963837","0.0022572464560564605","1381","0.029306195829665968","-1.445965571882522","1.4440828042107998","-4095.9999999999995","4090.666666666666","C:\Users\kimeu\Downloads\starlink_pathB_wsl_package_v0_3_clean\starlink_pathB\outputs\coverage_null_global_stats\4_76_lst000_stress_full_polybeam_smooth_S30_multi.npz","9.10175923472585","9444.443085672718","1.7798436919007438e-05","140609741.2109375","False","False","False","False","False","False","False","False","False","1","4","4","4","0.3308758856684498","0.5502745938468236","0.3308758856684498","0.7280464634021924","7.117139047722464e-05"
"4_76","93.9206796714852","mid","stress","0","2461041.5","2461041.506822953","full_polybeam","smooth","1000.0","single","coherent_ab","4","4","1","46696","86.617","0.2350680443548387","7.117139047722464e-05","0.5502745938468236","7731.682494287019","19.35937404719764","19.35937404719764","0.031234028531473636","False","20270227","100","1.8147248502409343","1.0761834058038242","0.2079207920792079","0.10891089108910891","1167.6830031434365","72506.15401846787","709.3550236746196","1353.0398279707238","1378.7304305120958","67434.39149212086","74264.71994127988","74491.25803218795","170.34978438756298","0.947317745211396","0.910892680700142","72506.15401846787","12256.36961083707","7993977.983963837","0.009070096785845224","1381","0.029306195829665968","-1.445965571882522","1.4440828042107998","-4095.9999999999995","4090.666666666666","C:\Users\kimeu\Downloads\starlink_pathB_wsl_package_v0_3_clean\starlink_pathB\outputs\coverage_null_global_stats\4_76_lst000_stress_full_polybeam_smooth_S1000_single.npz","9.10175923472585","9444.443085672718","1.7798436919007438e-05","140609741.2109375","False","False","False","False","False","False","False","False","False","1","4","4","4","0.3308758856684498","0.5502745938468236","0.3308758856684498","0.7280464634021924","7.117139047722464e-05"
"4_76","93.9206796714852","mid","stress","0","2461041.5","2461041.506822953","full_polybeam","smooth","1000.0","multi","coherent_ab","4","4","4","46696;48029;44725;46687","86.617;85.104;84.152;73.708","0.2350680443548387","7.117139047722464e-05","0.5502745938468236","7731.682494287019","386.31436726011117","343.47770131899085","0.7406766885095893","False","20270244","100","-0.6950906765709451","0.4502759774273147","0.7425742574257426","0.31683168316831684","4099.6602419141855","727805.8736798839","4514.2816378940715","5455.983090995719","5857.008062616437","711729.931349157","763366.875636957","787735.0042505509","402.33355114090045","3.0876264650537832","1.3142718579341763","727805.8736798839","-83267.20355171143","7993977.983963837","0.09104426796519638","1381","0.029306195829665968","-1.445965571882522","1.4440828042107998","-4095.9999999999995","4090.666666666666","C:\Users\kimeu\Downloads\starlink_pathB_wsl_package_v0_3_clean\starlink_pathB\outputs\coverage_null_global_stats\4_76_lst000_stress_full_polybeam_smooth_S1000_multi.npz","9.10175923472585","9444.443085672718","1.7798436919007438e-05","140609741.2109375","False","False","False","False","False","False","False","False","False","1","4","4","4","0.3308758856684498","0.5502745938468236","0.3308758856684498","0.7280464634021924","7.117139047722464e-05"
"4_76","93.9206796714852","mid","stress","0","2461041.5","2461041.506822953","full_polybeam","lines","30.0","single","coherent_ab","4","4","1","46696","86.617","0.2350680443548387","7.117139047722464e-05","0.5502745938468236","7731.682494287019","0.5806120404856688","0.5806120404856688","0.0009389138788803757","False","20270261","100","1.7706288414230091","0.8423612290343535","0.18811881188118812","0.2871287128712871","33.276581621335936","2107.438741400858","19.796760279798036","39.11938074123973","39.945573402655285","1990.7656339889577","2173.6936425938075","2183.755093122571","5.1349072835364495","0.9069145476623683","0.851030990729325","2107.438741400858","204.88291837475174","7993977.983963837","0.00026362828939840017","1381","0.029306195829665968","-1.445965571882522","1.4440828042107998","-4095.9999999999995","4090.666666666666","C:\Users\kimeu\Downloads\starlink_pathB_wsl_package_v0_3_clean\starlink_pathB\outputs\coverage_null_global_stats\4_76_lst000_stress_full_polybeam_lines_S30_single.npz","9.10175923472585","9444.443085672718","1.7798436919007438e-05","140609741.2109375","False","False","False","False","False","False","False","False","False","1","4","4","4","0.3308758856684498","0.5502745938468236","0.3308758856684498","0.7280464634021924","7.117139047722464e-05"
"4_76","93.9206796714852","mid","stress","0","2461041.5","2461041.506822953","full_polybeam","lines","30.0","multi","coherent_ab","4","4","4","46696;48029;44725;46687","86.617;85.104;84.152;73.708","0.2350680443548387","7.117139047722464e-05","0.5502745938468236","7731.682494287019","11.588917375006233","10.304038615339396","0.022243976488548457","False","20270278","100","-1.5099015039709365","0.02727271653235687","0.8415841584158416","0.49504950495049505","109.36323180241743","18041.433581092522","130.02694882694414","152.22672809105296","163.90595509290486","18006.9075382963","19647.751638609552","19800.500522093873","9.230725416742644","2.3052074950302512","1.3564923039595438","18041.433581092522","-780.4039052343126","7993977.983963837","0.002256878067125552","1381","0.029306195829665968","-1.445965571882522","1.4440828042107998","-4095.9999999999995","4090.666666666666","C:\Users\kimeu\Downloads\starlink_pathB_wsl_package_v0_3_clean\starlink_pathB\outputs\coverage_null_global_stats\4_76_lst000_stress_full_polybeam_lines_S30_multi.npz","9.10175923472585","9444.443085672718","1.7798436919007438e-05","140609741.2109375","False","False","False","False","False","False","False","False","False","1","4","4","4","0.3308758856684498","0.5502745938468236","0.3308758856684498","0.7280464634021924","7.117139047722464e-05"
"4_76","93.9206796714852","mid","stress","0","2461041.5","2461041.506822953","full_polybeam","lines","1000.0","single","coherent_ab","4","4","1","46696","86.617","0.2350680443548387","7.117139047722464e-05","0.5502745938468236","7731.682494287019","19.353734682855624","19.353734682855624","0.03129712929601253","False","20270295","100","2.452826766267161","0.9036541014765449","0.18811881188118812","0.13861386138613863","1175.3785110031604","72570.55615008864","701.8354987716557","1363.3248885034118","1396.9068738714097","67337.14409341248","74385.1470604561","74589.64829561977","130.21726212281283","1.06396877985434","1.0099147708623137","72570.55615008864","12173.177186398309","7993977.983963837","0.009078153116717032","1381","0.029306195829665968","-1.445965571882522","1.4440828042107998","-4095.9999999999995","4090.666666666666","C:\Users\kimeu\Downloads\starlink_pathB_wsl_package_v0_3_clean\starlink_pathB\outputs\coverage_null_global_stats\4_76_lst000_stress_full_polybeam_lines_S1000_single.npz","9.10175923472585","9444.443085672718","1.7798436919007438e-05","140609741.2109375","True","False","False","False","False","False","False","False","False","1","4","4","4","0.3308758856684498","0.5502745938468236","0.3308758856684498","0.7280464634021924","7.117139047722464e-05"
"4_76","93.9206796714852","mid","stress","0","2461041.5","2461041.506822953","full_polybeam","lines","1000.0","multi","coherent_ab","4","4","4","46696;48029;44725;46687","86.617;85.104;84.152;73.708","0.2350680443548387","7.117139047722464e-05","0.5502745938468236","7731.682494287019","386.29724583354107","343.4679538446465","0.7414658829516153","False","20270312","100","-0.5834834448099923","0.6142985768012306","0.7128712871287128","0.32673267326732675","4144.570538609041","728397.5842268344","4459.450720731475","5388.4542266415865","5790.607086842872","706360.1084676269","774040.3675859543","788047.7418691282","363.99280060645106","1.882159764405069","0.9548991489978493","728397.5842268344","-83729.10439188879","7993977.983963837","0.09111828750191983","1381","0.029306195829665968","-1.445965571882522","1.4440828042107998","-4095.9999999999995","4090.666666666666","C:\Users\kimeu\Downloads\starlink_pathB_wsl_package_v0_3_clean\starlink_pathB\outputs\coverage_null_global_stats\4_76_lst000_stress_full_polybeam_lines_S1000_multi.npz","9.10175923472585","9444.443085672718","1.7798436919007438e-05","140609741.2109375","False","False","False","False","False","False","False","False","False","1","4","4","4","0.3308758856684498","0.5502745938468236","0.3308758856684498","0.7280464634021924","7.117139047722464e-05"
"4_76","93.9206796714852","mid","stress","0","2461041.5","2461041.506822953","full_polybeam","khz_comb","30.0","single","coherent_ab","4","4","1","46696","86.617","0.2350680443548387","7.117139047722464e-05","0.5502745938468236","7731.682494287019","0.4778311098037149","0.4778311098037149","0.0008146528519806516","False","20270329","100","2.1625900219686427","0.36776975738295276","0.24752475247524752","0.36633663366336633","27.84183861031488","1747.0059275742656","16.524461623521347","32.638306831900266","32.81856151612039","1696.836915049938","1810.1689893042992","1812.0006282172278","3.52977962607838","1.049027507330647","0.968191868422818","1747.0059275742656","173.96722092093972","7993977.983963837","0.0002185402475561995","1381","0.029306195829665968","-1.445965571882522","1.4440828042107998","-4095.9999999999995","4090.666666666666","C:\Users\kimeu\Downloads\starlink_pathB_wsl_package_v0_3_clean\starlink_pathB\outputs\coverage_null_global_stats\4_76_lst000_stress_full_polybeam_khz_comb_S30_single.npz","9.10175923472585","9444.443085672718","1.7798436919007438e-05","140609741.2109375","True","False","False","False","False","False","False","False","False","1","4","4","4","0.3308758856684498","0.5502745938468236","0.3308758856684498","0.7280464634021924","7.117139047722464e-05"
"4_76","93.9206796714852","mid","stress","0","2461041.5","2461041.506822953","full_polybeam","khz_comb","30.0","multi","coherent_ab","4","4","4","46696;48029;44725;46687","86.617;85.104;84.152;73.708","0.2350680443548387","7.117139047722464e-05","0.5502745938468236","7731.682494287019","9.537427515438283","8.480000178620973","0.01921389965248754","False","20270346","100","-1.229111023518185","-0.03340216642325526","0.8217821782178217","0.5247524752475248","94.39818695501162","15344.211405550603","112.74965607348895","130.53180455312796","136.13198945849567","15371.460165154751","16659.610466413556","16999.983164362566","10.070608843619993","2.268546951213806","1.204893758261476","15344.211405550603","-642.7442097144219","7993977.983963837","0.00191947131157123","1381","0.029306195829665968","-1.445965571882522","1.4440828042107998","-4095.9999999999995","4090.666666666666","C:\Users\kimeu\Downloads\starlink_pathB_wsl_package_v0_3_clean\starlink_pathB\outputs\coverage_null_global_stats\4_76_lst000_stress_full_polybeam_khz_comb_S30_multi.npz","9.10175923472585","9444.443085672718","1.7798436919007438e-05","140609741.2109375","False","False","False","False","False","False","False","False","False","1","4","4","4","0.3308758856684498","0.5502745938468236","0.3308758856684498","0.7280464634021924","7.117139047722464e-05"
"4_76","93.9206796714852","mid","stress","0","2461041.5","2461041.506822953","full_polybeam","khz_comb","1000.0","single","coherent_ab","4","4","1","46696","86.617","0.2350680443548387","7.117139047722464e-05","0.5502745938468236","7731.682494287019","15.927703660123832","15.927703660123832","0.02715509506602172","False","20270363","100","2.0452374957655346","0.7028827473235905","0.25742574257425743","0.19801980198019803","973.6946085149539","59789.23161355737","613.4932517047928","1129.91773631514","1134.3468325018473","56819.94317198744","61534.092725400624","61665.86257578812","118.78937640366712","0.9481068706450881","0.8286571106000927","59789.23161355737","9475.237693667457","7993977.983963837","0.0074792839977163295","1381","0.029306195829665968","-1.445965571882522","1.4440828042107998","-4095.9999999999995","4090.666666666666","C:\Users\kimeu\Downloads\starlink_pathB_wsl_package_v0_3_clean\starlink_pathB\outputs\coverage_null_global_stats\4_76_lst000_stress_full_polybeam_khz_comb_S1000_single.npz","9.10175923472585","9444.443085672718","1.7798436919007438e-05","140609741.2109375","True","False","False","False","False","False","False","False","False","1","4","4","4","0.3308758856684498","0.5502745938468236","0.3308758856684498","0.7280464634021924","7.117139047722464e-05"
"4_76","93.9206796714852","mid","stress","0","2461041.5","2461041.506822953","full_polybeam","khz_comb","1000.0","multi","coherent_ab","4","4","4","46696;48029;44725;46687","86.617;85.104;84.152;73.708","0.2350680443548387","7.117139047722464e-05","0.5502745938468236","7731.682494287019","317.9142505146094","282.6666726206991","0.6404633217495848","False","20270380","100","-0.7969253248618133","0.3464348258401406","0.7623762376237624","0.3564356435643564","3396.130292971262","598921.3385497645","3753.2406644652383","4553.920601163927","4611.851858300731","587889.7664292497","631275.8356721302","637318.402525922","302.24619317714314","3.165866917772987","1.5164610659953845","598921.3385497645","-80006.67029388536","7993977.983963837","0.07492156467671277","1381","0.029306195829665968","-1.445965571882522","1.4440828042107998","-4095.9999999999995","4090.666666666666","C:\Users\kimeu\Downloads\starlink_pathB_wsl_package_v0_3_clean\starlink_pathB\outputs\coverage_null_global_stats\4_76_lst000_stress_full_polybeam_khz_comb_S1000_multi.npz","9.10175923472585","9444.443085672718","1.7798436919007438e-05","140609741.2109375","False","False","False","False","False","False","False","False","False","1","4","4","4","0.3308758856684498","0.5502745938468236","0.3308758856684498","0.7280464634021924","7.117139047722464e-05"
"82_0","81.33403506806889","mid","quiet","17","2461041.6180555555","2461041.624878509","frozen_polybeam","smooth","30.0","single","coherent_ab","2","2","1","46168","83.229","0.1657111055107527","1.2752918363449973e-07","0.0684687078802128","536886.5849282395","0.6479830649639887","0.6479830649639887","0.0007927574283536234","False","20270414","100","-0.7220996784048751","0.016531954476095904","0.8613861386138614","0.49504950495049505","12.67195189440099","710.5247444556585","16.15934150336625","24.95029083965119","25.109960291738606","710.3209456322257","727.7705766787067","729.1641720945378","3.257461727635473","1.0789633182437013","0.9872894163182072","710.5247444556585","-133.50532563243686","5860319.622375866","0.00012124334340788063","1397","0.0253787682080139","-1.445965571882522","1.4440828042107998","-4095.9999999999995","4090.666666666666","C:\Users\kimeu\Downloads\starlink_pathB_wsl_package_v0_3_clean\starlink_pathB\outputs\coverage_null_global_stats\82_0_lst017_quiet_frozen_polybeam_smooth_S30_single.npz","9.10175923472585","9444.443085672718","1.7798436919007438e-05","140609741.2109375","False","False","False","False","False","False","False","False","False","0","2","2","2","0.0","0.0684687078802128","0.0","0.2805166207424566","1.2752918363449973e-07"
"82_0","81.33403506806889","mid","quiet","17","2461041.6180555555","2461041.624878509","frozen_polybeam","smooth","30.0","multi","coherent_ab","2","2","2","46168;47826","83.229;73.757","0.1657111055107527","1.2752918363449973e-07","0.0684687078802128","536886.5849282395","0.6648745733961506","0.6479830649639887","0.0009753374639861401","False","20270431","100","-1.3310861931693179","-0.5166978969533884","0.8811881188118812","0.7425742574257426","12.654893121132773","702.1402329056034","16.758135599326124","24.45555736645347","25.74287550039253","709.6028379782341","733.9449290323339","742.8497950568545","2.0792035479262267","2.0662345076934945","1.2999942075401276","702.1402329056034","-131.49854321711348","5860319.622375866","0.00011981261742528382","1397","0.0253787682080139","-1.445965571882522","1.4440828042107998","-4095.9999999999995","4090.666666666666","C:\Users\kimeu\Downloads\starlink_pathB_wsl_package_v0_3_clean\starlink_pathB\outputs\coverage_null_global_stats\82_0_lst017_quiet_frozen_polybeam_smooth_S30_multi.npz","9.10175923472585","9444.443085672718","1.7798436919007438e-05","140609741.2109375","False","False","False","False","False","False","False","False","False","0","2","2","2","0.0","0.0684687078802128","0.0","0.2805166207424566","1.2752918363449973e-07"
"82_0","81.33403506806889","mid","quiet","17","2461041.6180555555","2461041.624878509","frozen_polybeam","smooth","1000.0","single","coherent_ab","2","2","1","46168","83.229","0.1657111055107527","1.2752918363449973e-07","0.0684687078802128","536886.5849282395","21.59943549879963","21.59943549879963","0.02642524761178745","False","20270448","100","-0.9720644757028516","0.08126710844053417","0.8613861386138614","0.48514851485148514","417.54500513120365","23686.162218002115","546.9510475802322","825.0372640652544","826.6309901818915","23655.296546789847","24287.03695322024","24338.862028941676","89.79155399048568","1.1763182974879918","1.0108792382019625","23686.162218002115","-4579.064407821855","5860319.622375866","0.004041786752989314","1397","0.0253787682080139","-1.445965571882522","1.4440828042107998","-4095.9999999999995","4090.666666666666","C:\Users\kimeu\Downloads\starlink_pathB_wsl_package_v0_3_clean\starlink_pathB\outputs\coverage_null_global_stats\82_0_lst017_quiet_frozen_polybeam_smooth_S1000_single.npz","9.10175923472585","9444.443085672718","1.7798436919007438e-05","140609741.2109375","False","False","False","False","False","False","False","False","False","0","2","2","2","0.0","0.0684687078802128","0.0","0.2805166207424566","1.2752918363449973e-07"
"82_0","81.33403506806889","mid","quiet","17","2461041.6180555555","2461041.624878509","frozen_polybeam","smooth","1000.0","multi","coherent_ab","2","2","2","46168;47826","83.229;73.757","0.1657111055107527","1.2752918363449973e-07","0.0684687078802128","536886.5849282395","22.162485779871695","21.59943549879963","0.03251124879953801","False","20270465","100","-1.3086439917209371","-0.6900299050212406","0.8910891089108911","0.7029702970297029","417.09012604202144","23400.84493405501","542.7303099401133","798.4739811578","812.1230334991233","23764.654098344778","24609.058894640475","24724.836717742764","64.7564529347369","2.353803570000159","1.2632677959386776","23400.84493405501","-4468.084879736798","5860319.622375866","0.003993100452184541","1397","0.0253787682080139","-1.445965571882522","1.4440828042107998","-4095.9999999999995","4090.666666666666","C:\Users\kimeu\Downloads\starlink_pathB_wsl_package_v0_3_clean\starlink_pathB\outputs\coverage_null_global_stats\82_0_lst017_quiet_frozen_polybeam_smooth_S1000_multi.npz","9.10175923472585","9444.443085672718","1.7798436919007438e-05","140609741.2109375","False","False","False","False","False","False","False","False","False","0","2","2","2","0.0","0.0684687078802128","0.0","0.2805166207424566","1.2752918363449973e-07"
"82_0","81.33403506806889","mid","quiet","17","2461041.6180555555","2461041.624878509","frozen_polybeam","lines","30.0","single","coherent_ab","2","2","1","46168","83.229","0.1657111055107527","1.2752918363449973e-07","0.0684687078802128","536886.5849282395","0.6479540283373072","0.6479540283373072","0.0007941350358132121","False","20270482","100","-1.0706760254437333","0.18416683192414704","0.8811881188118812","0.39603960396039606","12.681627699093951","711.7926063437353","16.599442203009403","25.360401048505082","25.388501557908402","710.15679039252","731.5873751063432","731.9135071311291","2.468094565897445","1.0923686737760776","1.0090395140258475","711.7926063437353","-132.25775390318597","5860319.622375866","0.00012145969029163008","1397","0.0253787682080139","-1.445965571882522","1.4440828042107998","-4095.9999999999995","4090.666666666666","C:\Users\kimeu\Downloads\starlink_pathB_wsl_package_v0_3_clean\starlink_pathB\outputs\coverage_null_global_stats\82_0_lst017_quiet_frozen_polybeam_lines_S30_single.npz","9.10175923472585","9444.443085672718","1.7798436919007438e-05","140609741.2109375","False","False","False","False","False","False","False","False","False","0","2","2","2","0.0","0.0684687078802128","0.0","0.2805166207424566","1.2752918363449973e-07"
"82_0","81.33403506806889","mid","quiet","17","2461041.6180555555","2461041.624878509","frozen_polybeam","lines","30.0","multi","coherent_ab","2","2","2","46168;47826","83.229;73.757","0.1657111055107527","1.2752918363449973e-07","0.0684687078802128","536886.5849282395","0.6648453557898839","0.6479540283373072","0.0009769155007581926","False","20270499","100","-1.16642569835047","-0.7424995278683277","0.8811881188118812","0.7128712871287128","12.668198524614127","704.1350657916198","15.983300745576798","24.416212432877728","25.158009661631937","717.5152239244476","741.0508405955551","745.8556793107401","1.9169723523082212","2.160563004929319","1.6410663963191716","704.1350657916198","-130.323320144637","5860319.622375866","0.00012015301402727114","1397","0.0253787682080139","-1.445965571882522","1.4440828042107998","-4095.9999999999995","4090.666666666666","C:\Users\kimeu\Downloads\starlink_pathB_wsl_package_v0_3_clean\starlink_pathB\outputs\coverage_null_global_stats\82_0_lst017_quiet_frozen_polybeam_lines_S30_multi.npz","9.10175923472585","9444.443085672718","1.7798436919007438e-05","140609741.2109375","False","False","False","False","False","False","False","False","False","0","2","2","2","0.0","0.0684687078802128","0.0","0.2805166207424566","1.2752918363449973e-07"
"82_0","81.33403506806889","mid","quiet","17","2461041.6180555555","2461041.624878509","frozen_polybeam","lines","1000.0","single","coherent_ab","2","2","1","46168","83.229","0.1657111055107527","1.2752918363449973e-07","0.0684687078802128","536886.5849282395","21.598467611243578","21.598467611243578","0.026471167860440407","False","20270516","100","-0.8008425405494811","0.038141168568054606","0.8118811881188119","0.49504950495049505","418.0371003481887","23724.601060423724","510.574861203153","820.7344274037865","834.2120690077603","23710.382690593935","24373.221715729436","24407.85072093008","77.93774860723943","1.2183105452042906","1.0764531990802353","23724.601060423724","-4539.293946612347","5860319.622375866","0.004048345924655453","1397","0.0253787682080139","-1.445965571882522","1.4440828042107998","-4095.9999999999995","4090.666666666666","C:\Users\kimeu\Downloads\starlink_pathB_wsl_package_v0_3_clean\starlink_pathB\outputs\coverage_null_global_stats\82_0_lst017_quiet_frozen_polybeam_lines_S1000_single.npz","9.10175923472585","9444.443085672718","1.7798436919007438e-05","140609741.2109375","False","False","False","False","False","False","False","False","False","0","2","2","2","0.0","0.0684687078802128","0.0","0.2805166207424566","1.2752918363449973e-07"
"82_0","81.33403506806889","mid","quiet","17","2461041.6180555555","2461041.624878509","frozen_polybeam","lines","1000.0","multi","coherent_ab","2","2","2","46168;47826","83.229;73.757","0.1657111055107527","1.2752918363449973e-07","0.0684687078802128","536886.5849282395","22.161511859662802","21.598467611243578","0.03256385002527309","False","20270533","100","-0.7872121333790978","-0.6353098716824731","0.8712871287128713","0.7326732673267327","417.69772362861113","23459.685754897197","522.5267705799574","833.8205975875733","858.5025051684237","23795.613098128648","24502.373086454503","24759.420391754462","89.81851332742508","2.006029663414519","0.9376006729946501","23459.685754897197","-4430.739514246697","5860319.622375866","0.004003141000249107","1397","0.0253787682080139","-1.445965571882522","1.4440828042107998","-4095.9999999999995","4090.666666666666","C:\Users\kimeu\Downloads\starlink_pathB_wsl_package_v0_3_clean\starlink_pathB\outputs\coverage_null_global_stats\82_0_lst017_quiet_frozen_polybeam_lines_S1000_multi.npz","9.10175923472585","9444.443085672718","1.7798436919007438e-05","140609741.2109375","False","False","False","False","False","False","False","False","False","0","2","2","2","0.0","0.0684687078802128","0.0","0.2805166207424566","1.2752918363449973e-07"
"82_0","81.33403506806889","mid","quiet","17","2461041.6180555555","2461041.624878509","frozen_polybeam","khz_comb","30.0","single","coherent_ab","2","2","1","46168","83.229","0.1657111055107527","1.2752918363449973e-07","0.0684687078802128","536886.5849282395","0.533252104457254","0.533252104457254","0.000684602306709394","False","20270550","100","-0.9988561403284206","-0.3972799506154541","0.8712871287128713","0.6435643564356436","10.281839460749325","601.7240120844631","13.120177061670347","21.84744736710736","22.197521033333796","607.0521107504705","629.3054935754894","630.3252543822674","1.9166248339492995","0.8649893758142224","0.81802964640299","601.7240120844631","-111.47518565714975","5860319.622375866","0.000102677678157171","1397","0.0253787682080139","-1.445965571882522","1.4440828042107998","-4095.9999999999995","4090.666666666666","C:\Users\kimeu\Downloads\starlink_pathB_wsl_package_v0_3_clean\starlink_pathB\outputs\coverage_null_global_stats\82_0_lst017_quiet_frozen_polybeam_khz_comb_S30_single.npz","9.10175923472585","9444.443085672718","1.7798436919007438e-05","140609741.2109375","False","False","False","False","False","False","False","False","False","0","2","2","2","0.0","0.0684687078802128","0.0","0.2805166207424566","1.2752918363449973e-07"
"82_0","81.33403506806889","mid","quiet","17","2461041.6180555555","2461041.624878509","frozen_polybeam","khz_comb","30.0","multi","coherent_ab","2","2","2","46168;47826","83.229;73.757","0.1657111055107527","1.2752918363449973e-07","0.0684687078802128","536886.5849282395","0.5501590518486814","0.533252104457254","0.0008480072532405609","False","20270567","100","-1.2580892016191136","-0.9355362012430364","0.9405940594059405","0.8118811881188119","10.27242640996701","593.6871421897847","13.530073648736561","21.81745354966979","22.644351517045216","608.99062277396","635.9504815918147","641.3026856378514","1.746500134773214","1.6712755107698831","1.2143312552734493","593.6871421897847","-109.52295689327323","5860319.622375866","0.00010130627345357906","1397","0.0253787682080139","-1.445965571882522","1.4440828042107998","-4095.9999999999995","4090.666666666666","C:\Users\kimeu\Downloads\starlink_pathB_wsl_package_v0_3_clean\starlink_pathB\outputs\coverage_null_global_stats\82_0_lst017_quiet_frozen_polybeam_khz_comb_S30_multi.npz","9.10175923472585","9444.443085672718","1.7798436919007438e-05","140609741.2109375","False","False","False","False","False","False","False","False","False","0","2","2","2","0.0","0.0684687078802128","0.0","0.2805166207424566","1.2752918363449973e-07"
"82_0","81.33403506806889","mid","quiet","17","2461041.6180555555","2461041.624878509","frozen_polybeam","khz_comb","1000.0","single","coherent_ab","2","2","1","46168","83.229","0.1657111055107527","1.2752918363449973e-07","0.0684687078802128","536886.5849282395","17.775070148575136","17.775070148575136","0.02282007689031313","False","20270584","100","-1.195045441445244","-0.262356444669112","0.8811881188118812","0.6237623762376238","339.9578295208594","20050.470769593347","455.68961712712553","713.1827174454427","733.0276771936159","20227.870726816494","20964.578476056577","21044.984561661087","65.31970970386828","0.8524229047717539","0.7887840453068197","20050.470769593347","-3796.7538496206007","5860319.622375866","0.003421395429190698","1397","0.0253787682080139","-1.445965571882522","1.4440828042107998","-4095.9999999999995","4090.666666666666","C:\Users\kimeu\Downloads\starlink_pathB_wsl_package_v0_3_clean\starlink_pathB\outputs\coverage_null_global_stats\82_0_lst017_quiet_frozen_polybeam_khz_comb_S1000_single.npz","9.10175923472585","9444.443085672718","1.7798436919007438e-05","140609741.2109375","False","False","False","False","False","False","False","False","False","0","2","2","2","0.0","0.0684687078802128","0.0","0.2805166207424566","1.2752918363449973e-07"
"82_0","81.33403506806889","mid","quiet","17","2461041.6180555555","2461041.624878509","frozen_polybeam","khz_comb","1000.0","multi","coherent_ab","2","2","2","46168;47826","83.229;73.757","0.1657111055107527","1.2752918363449973e-07","0.0684687078802128","536886.5849282395","18.338635061622718","17.775070148575136","0.028266908441352028","False","20270601","100","-0.9459698492459341","-1.0830389292796911","0.8712871287128713","0.8811881188118812","339.8152744507206","19777.474218045067","453.80850864668946","733.3287910085965","752.5616655377327","20340.55237614908","21368.260294675987","21483.590392961607","81.27889400420327","1.5741418393527775","0.9307513377019259","19777.474218045067","-3687.485528245892","5860319.622375866","0.003374811527775846","1397","0.0253787682080139","-1.445965571882522","1.4440828042107998","-4095.9999999999995","4090.666666666666","C:\Users\kimeu\Downloads\starlink_pathB_wsl_package_v0_3_clean\starlink_pathB\outputs\coverage_null_global_stats\82_0_lst017_quiet_frozen_polybeam_khz_comb_S1000_multi.npz","9.10175923472585","9444.443085672718","1.7798436919007438e-05","140609741.2109375","False","False","False","False","False","False","False","False","False","0","2","2","2","0.0","0.0684687078802128","0.0","0.2805166207424566","1.2752918363449973e-07"
"82_0","81.33403506806889","mid","quiet","17","2461041.6180555555","2461041.624878509","full_polybeam","smooth","30.0","single","coherent_ab","2","2","1","46168","83.229","0.1657111055107527","1.2752918363449973e-07","0.0684687078802128","536886.5849282395","1.2562351281311022","1.2562351281311022","0.0016182348523120908","False","20270618","100","-0.975578211130869","0.7080411313801902","0.9207920792079208","0.2376237623762376","27.9195644718493","1488.431027512944","33.885516481927425","47.3531750398508","47.71031510349778","1475.8851011256236","1503.3801888638277","1504.6364920747885","4.124712356597229","1.136458347325652","1.0062505727079716","1488.431027512944","-254.3115939759491","5860319.622375866","0.00025398461575880913","1397","0.0253787682080139","-1.445965571882522","1.4440828042107998","-4095.9999999999995","4090.666666666666","C:\Users\kimeu\Downloads\starlink_pathB_wsl_package_v0_3_clean\starlink_pathB\outputs\coverage_null_global_stats\82_0_lst017_quiet_full_polybeam_smooth_S30_single.npz","9.10175923472585","9444.443085672718","1.7798436919007438e-05","140609741.2109375","False","False","False","False","False","False","False","False","False","0","2","2","2","0.0","0.0684687078802128","0.0","0.2805166207424566","1.2752918363449973e-07"
"82_0","81.33403506806889","mid","quiet","17","2461041.6180555555","2461041.624878509","full_polybeam","smooth","30.0","multi","coherent_ab","2","2","2","46168;47826","83.229;73.757","0.1657111055107527","1.2752918363449973e-07","0.0684687078802128","536886.5849282395","1.3651474916422672","1.2562351281311022","0.0020605100252384834","False","20270635","100","-1.3916637858658902","-1.0127242371751501","0.8415841584158416","0.8910891089108911","28.492941282307584","1446.1098483560622","36.431334911099384","46.77440086195547","47.620151981506865","1488.561342968947","1543.404162076974","1549.6690197068394","3.8474617232182027","2.4433666619926577","1.721229309971277","1446.1098483560622","-242.36068581504838","5860319.622375866","0.0002467629654250473","1397","0.0253787682080139","-1.445965571882522","1.4440828042107998","-4095.9999999999995","4090.666666666666","C:\Users\kimeu\Downloads\starlink_pathB_wsl_package_v0_3_clean\starlink_pathB\outputs\coverage_null_global_stats\82_0_lst017_quiet_full_polybeam_smooth_S30_multi.npz","9.10175923472585","9444.443085672718","1.7798436919007438e-05","140609741.2109375","False","False","False","False","False","False","False","False","False","0","2","2","2","0.0","0.0684687078802128","0.0","0.2805166207424566","1.2752918363449973e-07"
"82_0","81.33403506806889","mid","quiet","17","2461041.6180555555","2461041.624878509","full_polybeam","smooth","1000.0","single","coherent_ab","2","2","1","46168","83.229","0.1657111055107527","1.2752918363449973e-07","0.0684687078802128","536886.5849282395","41.87450427103674","41.87450427103674","0.05394116174373636","False","20270652","100","-0.8761106505468882","0.45318634776675115","0.8316831683168316","0.27722772277227725","883.4475523039146","49723.77715743867","1077.4625734056476","1504.5076462006748","1520.2055615354154","49431.33065502782","50177.21934677006","50308.61488664905","149.36622314896977","1.158074143200858","1.013696959848225","49723.77715743867","-9355.652604817795","5860319.622375866","0.008484823416044306","1397","0.0253787682080139","-1.445965571882522","1.4440828042107998","-4095.9999999999995","4090.666666666666","C:\Users\kimeu\Downloads\starlink_pathB_wsl_package_v0_3_clean\starlink_pathB\outputs\coverage_null_global_stats\82_0_lst017_quiet_full_polybeam_smooth_S1000_single.npz","9.10175923472585","9444.443085672718","1.7798436919007438e-05","140609741.2109375","False","False","False","False","False","False","False","False","False","0","2","2","2","0.0","0.0684687078802128","0.0","0.2805166207424566","1.2752918363449973e-07"
"82_0","81.33403506806889","mid","quiet","17","2461041.6180555555","2461041.624878509","full_polybeam","smooth","1000.0","multi","coherent_ab","2","2","2","46168;47826","83.229;73.757","0.1657111055107527","1.2752918363449973e-07","0.0684687078802128","536886.5849282395","45.50491638807558","41.87450427103674","0.06868366750794945","False","20270669","100","-1.1530127235233298","-0.8389568521067069","0.7524752475247525","0.7623762376237624","906.1978513528811","48685.860976397045","1126.6328146970345","1467.4754099945667","1481.732525328557","49953.947183454235","51723.56840569338","52090.51244404787","128.95030801295843","1.8480821421900637","1.026491642782808","48685.860976397045","-10995.755242606898","5860319.622375866","0.008307714273894677","1397","0.0253787682080139","-1.445965571882522","1.4440828042107998","-4095.9999999999995","4090.666666666666","C:\Users\kimeu\Downloads\starlink_pathB_wsl_package_v0_3_clean\starlink_pathB\outputs\coverage_null_global_stats\82_0_lst017_quiet_full_polybeam_smooth_S1000_multi.npz","9.10175923472585","9444.443085672718","1.7798436919007438e-05","140609741.2109375","False","False","False","False","False","False","False","False","False","0","2","2","2","0.0","0.0684687078802128","0.0","0.2805166207424566","1.2752918363449973e-07"
"82_0","81.33403506806889","mid","quiet","17","2461041.6180555555","2461041.624878509","full_polybeam","lines","30.0","single","coherent_ab","2","2","1","46168","83.229","0.1657111055107527","1.2752918363449973e-07","0.0684687078802128","536886.5849282395","1.2562125196468754","1.2562125196468754","0.0016202958420555198","False","20270686","100","-0.6560485354369977","0.9822646188946688","0.8118811881188119","0.12871287128712872","27.98078025745781","1489.8081556198476","32.345239665021836","47.171629742032295","48.10636205506938","1476.694809912488","1501.6261899199558","1505.8440655830157","4.487149016424155","0.9695931735663987","0.8787113447693461","1489.8081556198476","-253.1237780650035","5860319.622375866","0.0002542196077380257","1397","0.0253787682080139","-1.445965571882522","1.4440828042107998","-4095.9999999999995","4090.666666666666","C:\Users\kimeu\Downloads\starlink_pathB_wsl_package_v0_3_clean\starlink_pathB\outputs\coverage_null_global_stats\82_0_lst017_quiet_full_polybeam_lines_S30_single.npz","9.10175923472585","9444.443085672718","1.7798436919007438e-05","140609741.2109375","False","False","False","False","False","False","False","False","False","0","2","2","2","0.0","0.0684687078802128","0.0","0.2805166207424566","1.2752918363449973e-07"
"82_0","81.33403506806889","mid","quiet","17","2461041.6180555555","2461041.624878509","full_polybeam","lines","30.0","multi","coherent_ab","2","2","2","46168;47826","83.229;73.757","0.1657111055107527","1.2752918363449973e-07","0.0684687078802128","536886.5849282395","1.3651073673694023","1.2562125196468754","0.0020628883818186567","False","20270703","100","-0.8045309906389172","-0.7219499446151652","0.8514851485148515","0.7920792079207921","28.565758957105572","1448.510315083766","33.28731723413375","45.87229678769145","47.6772902580124","1477.6720628393657","1543.6252700027533","1557.8313131383834","3.958390000187137","1.6077968255774335","1.2611648260435921","1448.510315083766","-241.28179101474132","5860319.622375866","0.000247172579043823","1397","0.0253787682080139","-1.445965571882522","1.4440828042107998","-4095.9999999999995","4090.666666666666","C:\Users\kimeu\Downloads\starlink_pathB_wsl_package_v0_3_clean\starlink_pathB\outputs\coverage_null_global_stats\82_0_lst017_quiet_full_polybeam_lines_S30_multi.npz","9.10175923472585","9444.443085672718","1.7798436919007438e-05","140609741.2109375","False","False","False","False","False","False","False","False","False","0","2","2","2","0.0","0.0684687078802128","0.0","0.2805166207424566","1.2752918363449973e-07"
"82_0","81.33403506806889","mid","quiet","17","2461041.6180555555","2461041.624878509","full_polybeam","lines","1000.0","single","coherent_ab","2","2","1","46168","83.229","0.1657111055107527","1.2752918363449973e-07","0.0684687078802128","536886.5849282395","41.873750654895865","41.873750654895865","0.05400986140185065","False","20270720","100","-0.6493413582500774","0.7028480069764134","0.7623762376237624","0.21782178217821782","886.4155568466558","49777.672941997844","1032.4048647414775","1526.6880873565342","1534.3671941865216","49406.060227825765","50217.95026769886","50338.8282204533","151.64356606331876","0.9290126782300354","0.8333495539820244","49777.672941997844","-9320.528323221393","5860319.622375866","0.0084940201472863","1397","0.0253787682080139","-1.445965571882522","1.4440828042107998","-4095.9999999999995","4090.666666666666","C:\Users\kimeu\Downloads\starlink_pathB_wsl_package_v0_3_clean\starlink_pathB\outputs\coverage_null_global_stats\82_0_lst017_quiet_full_polybeam_lines_S1000_single.npz","9.10175923472585","9444.443085672718","1.7798436919007438e-05","140609741.2109375","False","False","False","False","False","False","False","False","False","0","2","2","2","0.0","0.0684687078802128","0.0","0.2805166207424566","1.2752918363449973e-07"
"82_0","81.33403506806889","mid","quiet","17","2461041.6180555555","2461041.624878509","full_polybeam","lines","1000.0","multi","coherent_ab","2","2","2","46168;47826","83.229;73.757","0.1657111055107527","1.2752918363449973e-07","0.0684687078802128","536886.5849282395","45.50357891231343","41.873750654895865","0.06876294606062187","False","20270737","100","-1.395811423049002","-0.47130580079157647","0.8316831683168316","0.6633663366336634","909.6419621373752","48748.77277783181","1143.3174967761715","1456.2494827874239","1531.260727699907","49506.499628428275","51783.62412118389","51898.62944329355","112.91782416089882","2.0716168843343072","1.172245294372038","48748.77277783181","-10963.512305887678","5860319.622375866","0.008318449490655645","1397","0.0253787682080139","-1.445965571882522","1.4440828042107998","-4095.9999999999995","4090.666666666666","C:\Users\kimeu\Downloads\starlink_pathB_wsl_package_v0_3_clean\starlink_pathB\outputs\coverage_null_global_stats\82_0_lst017_quiet_full_polybeam_lines_S1000_multi.npz","9.10175923472585","9444.443085672718","1.7798436919007438e-05","140609741.2109375","False","False","False","False","False","False","False","False","False","0","2","2","2","0.0","0.0684687078802128","0.0","0.2805166207424566","1.2752918363449973e-07"
"82_0","81.33403506806889","mid","quiet","17","2461041.6180555555","2461041.624878509","full_polybeam","khz_comb","30.0","single","coherent_ab","2","2","1","46168","83.229","0.1657111055107527","1.2752918363449973e-07","0.0684687078802128","536886.5849282395","1.0338356433498794","1.0338356433498794","0.0013588789001947638","False","20270754","100","-1.1635685915592686","0.6980818258417353","0.900990099009901","0.22772277227722773","22.908686709914036","1226.4236702365033","29.945010859190006","39.79290362726333","40.353536461012666","1215.3333121105488","1247.1008246255399","1253.3019615218625","4.078775977451187","1.084877603538011","0.9805079352605948","1226.4236702365033","-209.7687786020697","5860319.622375866","0.00020927590119040158","1397","0.0253787682080139","-1.445965571882522","1.4440828042107998","-4095.9999999999995","4090.666666666666","C:\Users\kimeu\Downloads\starlink_pathB_wsl_package_v0_3_clean\starlink_pathB\outputs\coverage_null_global_stats\82_0_lst017_quiet_full_polybeam_khz_comb_S30_single.npz","9.10175923472585","9444.443085672718","1.7798436919007438e-05","140609741.2109375","False","False","False","False","False","False","False","False","False","0","2","2","2","0.0","0.0684687078802128","0.0","0.2805166207424566","1.2752918363449973e-07"
"82_0","81.33403506806889","mid","quiet","17","2461041.6180555555","2461041.624878509","full_polybeam","khz_comb","30.0","multi","coherent_ab","2","2","2","46168;47826","83.229;73.757","0.1657111055107527","1.2752918363449973e-07","0.0684687078802128","536886.5849282395","1.1234537399633029","1.0338356433498794","0.0017369435927058507","False","20270771","100","-0.7697594882303248","-1.2137273209055524","0.8217821782178217","0.9405940594059405","23.3887893559222","1190.438561512673","27.51877800682223","38.164527509926394","39.31585954989549","1234.5781884498724","1286.2169434508307","1293.3909472646353","3.6188435795438636","2.0838341218469987","1.0026495239548143","1190.438561512673","-199.36654837096464","5860319.622375866","0.00020313543257390634","1397","0.0253787682080139","-1.445965571882522","1.4440828042107998","-4095.9999999999995","4090.666666666666","C:\Users\kimeu\Downloads\starlink_pathB_wsl_package_v0_3_clean\starlink_pathB\outputs\coverage_null_global_stats\82_0_lst017_quiet_full_polybeam_khz_comb_S30_multi.npz","9.10175923472585","9444.443085672718","1.7798436919007438e-05","140609741.2109375","False","False","False","False","False","False","False","False","False","0","2","2","2","0.0","0.0684687078802128","0.0","0.2805166207424566","1.2752918363449973e-07"
"82_0","81.33403506806889","mid","quiet","17","2461041.6180555555","2461041.624878509","full_polybeam","khz_comb","1000.0","single","coherent_ab","2","2","1","46168","83.229","0.1657111055107527","1.2752918363449973e-07","0.0684687078802128","536886.5849282395","34.46118811166266","34.46118811166266","0.045295963339825454","False","20270788","100","-1.3402321442242726","0.7264562956376823","0.9207920792079208","0.2079207920792079","732.6190035438449","40942.92223053494","930.333741458418","1276.9863243781783","1288.3502978247932","40611.51669757998","41686.79735881129","41769.83915406127","99.50273488844232","1.1627799599119713","1.007951424501723","40942.92223053494","-7591.648979951269","5860319.622375866","0.006986465733747135","1397","0.0253787682080139","-1.445965571882522","1.4440828042107998","-4095.9999999999995","4090.666666666666","C:\Users\kimeu\Downloads\starlink_pathB_wsl_package_v0_3_clean\starlink_pathB\outputs\coverage_null_global_stats\82_0_lst017_quiet_full_polybeam_khz_comb_S1000_single.npz","9.10175923472585","9444.443085672718","1.7798436919007438e-05","140609741.2109375","False","False","False","False","False","False","False","False","False","0","2","2","2","0.0","0.0684687078802128","0.0","0.2805166207424566","1.2752918363449973e-07"
"82_0","81.33403506806889","mid","quiet","17","2461041.6180555555","2461041.624878509","full_polybeam","khz_comb","1000.0","multi","coherent_ab","2","2","2","46168;47826","83.229;73.757","0.1657111055107527","1.2752918363449973e-07","0.0684687078802128","536886.5849282395","37.448457998776775","34.46118811166266","0.05789811975686168","False","20270805","100","-1.1825466212700282","-0.7379777193095867","0.8316831683168316","0.7722772277227723","750.945606069552","39989.37019015234","942.0532433870044","1282.6788522729332","1306.884290811921","40906.26705088224","43005.22217460438","43169.30771503507","109.00232863342853","1.7846457384550904","0.9131936866466843","39989.37019015234","-8617.180072875344","5860319.622375866","0.006823752417438968","1397","0.0253787682080139","-1.445965571882522","1.4440828042107998","-4095.9999999999995","4090.666666666666","C:\Users\kimeu\Downloads\starlink_pathB_wsl_package_v0_3_clean\starlink_pathB\outputs\coverage_null_global_stats\82_0_lst017_quiet_full_polybeam_khz_comb_S1000_multi.npz","9.10175923472585","9444.443085672718","1.7798436919007438e-05","140609741.2109375","False","False","False","False","False","False","False","False","False","0","2","2","2","0.0","0.0684687078802128","0.0","0.2805166207424566","1.2752918363449973e-07"
"82_0","81.33403506806889","mid","typical","18","2461041.625","2461041.631822953","frozen_polybeam","smooth","30.0","single","coherent_ab","4","4","1","47817","84.128","0.1651755712365591","3.430781997250637e-07","0.2363981628786352","689050.3770512966","0.6448178178355956","0.6448178178355956","0.001639043454159836","False","20270823","100","-0.3901937199824069","-0.9038484122853522","0.7524752475247525","0.9306930693069307","11.06411485051649","1043.0192783013194","11.441412578733434","16.71857107694559","16.80113416168948","1115.5924644515367","1194.5553624002166","1196.034084663976","0.6521986854768329","1.2027719442212002","1.103497057972459","1043.0192783013194","-96.87393559039889","7002555.369146705","0.00014894838002950576","1397","0.0253787682080139","-1.445965571882522","1.4440828042107998","-4095.9999999999995","4090.666666666666","C:\Users\kimeu\Downloads\starlink_pathB_wsl_package_v0_3_clean\starlink_pathB\outputs\coverage_null_global_stats\82_0_lst018_typical_frozen_polybeam_smooth_S30_single.npz","9.10175923472585","9444.443085672718","1.7798436919007438e-05","140609741.2109375","False","False","False","False","False","False","False","False","False","0","4","4","4","0.0","0.2363981628786352","0.0","0.3843854174911955","3.430781997250637e-07"
"82_0","81.33403506806889","mid","typical","18","2461041.625","2461041.631822953","frozen_polybeam","smooth","30.0","multi","coherent_ab","4","4","4","47817;47825;44933;46505","84.128;83.602;78.896;72.434","0.1651755712365591","3.430781997250637e-07","0.2363981628786352","689050.3770512966","1.2369280371047833","0.6448178178355956","0.0033323817777626695","False","20270840","100","-0.42862832471267215","-0.49820445404774105","0.6336633663366337","0.6237623762376238","20.90218731024288","1741.3608295556123","24.33954128172445","38.792430055961816","41.64580891015234","1883.0359770462742","2213.9302024297726","2249.337672101528","5.40903005504515","2.8375377184406916","1.6000441656154059","1741.3608295556123","47.31055966737124","7002555.369146705","0.0002486750532852703","1397","0.0253787682080139","-1.445965571882522","1.4440828042107998","-4095.9999999999995","4090.666666666666","C:\Users\kimeu\Downloads\starlink_pathB_wsl_package_v0_3_clean\starlink_pathB\outputs\coverage_null_global_stats\82_0_lst018_typical_frozen_polybeam_smooth_S30_multi.npz","9.10175923472585","9444.443085672718","1.7798436919007438e-05","140609741.2109375","False","False","False","False","False","False","False","False","False","0","4","4","4","0.0","0.2363981628786352","0.0","0.3843854174911955","3.430781997250637e-07"
"82_0","81.33403506806889","mid","typical","18","2461041.625","2461041.631822953","frozen_polybeam","smooth","1000.0","single","coherent_ab","4","4","1","47817","84.128","0.1651755712365591","3.430781997250637e-07","0.2363981628786352","689050.3770512966","21.493927261186517","21.493927261186517","0.05463478180532785","False","20270857","100","-0.30369707856172623","-0.766589186841628","0.6732673267326733","0.8514851485148515","367.6916893524758","35145.61162513707","380.52301175908724","553.5314006311364","557.9435517428","36910.57975529043","40199.75793316598","40442.74726969234","28.49750295956619","0.876433824749487","0.820617330631503","35145.61162513707","-6026.475290438632","7002555.369146705","0.005018969472199937","1397","0.0253787682080139","-1.445965571882522","1.4440828042107998","-4095.9999999999995","4090.666666666666","C:\Users\kimeu\Downloads\starlink_pathB_wsl_package_v0_3_clean\starlink_pathB\outputs\coverage_null_global_stats\82_0_lst018_typical_frozen_polybeam_smooth_S1000_single.npz","9.10175923472585","9444.443085672718","1.7798436919007438e-05","140609741.2109375","False","False","False","False","False","False","False","False","False","0","4","4","4","0.0","0.2363981628786352","0.0","0.3843854174911955","3.430781997250637e-07"
"82_0","81.33403506806889","mid","typical","18","2461041.625","2461041.631822953","frozen_polybeam","smooth","1000.0","multi","coherent_ab","4","4","4","47817;47825;44933;46505","84.128;83.602;78.896;72.434","0.1651755712365591","3.430781997250637e-07","0.2363981628786352","689050.3770512966","41.230934570159434","21.493927261186517","0.11107939259208897","False","20270874","100","-0.30851049313363366","-0.7504253749014019","0.6336633663366337","0.6534653465346535","687.1910651523649","58115.52586533434","768.7321472566946","1263.2302861464098","1468.173226619676","65188.768859963806","73703.03541967034","73978.4278188336","178.2717528938947","1.8394467353383892","1.1310027916654433","58115.52586533434","-2551.187536934646","7002555.369146705","0.008299188339358464","1397","0.0253787682080139","-1.445965571882522","1.4440828042107998","-4095.9999999999995","4090.666666666666","C:\Users\kimeu\Downloads\starlink_pathB_wsl_package_v0_3_clean\starlink_pathB\outputs\coverage_null_global_stats\82_0_lst018_typical_frozen_polybeam_smooth_S1000_multi.npz","9.10175923472585","9444.443085672718","1.7798436919007438e-05","140609741.2109375","False","False","False","False","False","False","False","False","False","0","4","4","4","0.0","0.2363981628786352","0.0","0.3843854174911955","3.430781997250637e-07"
"82_0","81.33403506806889","mid","typical","18","2461041.625","2461041.631822953","frozen_polybeam","lines","30.0","single","coherent_ab","4","4","1","47817","84.128","0.1651755712365591","3.430781997250637e-07","0.2363981628786352","689050.3770512966","0.6448142230100972","0.6448142230100972","0.001640420917894151","False","20270891","100","-0.30665447621197406","-0.8179204575601521","0.6336633663366337","0.900990099009901","11.291554839721357","1042.2592815657636","11.494859401445865","16.83141799977857","17.05553942946397","1118.529906189205","1194.7723458813518","1195.8077448335396","0.4471711939004308","1.1761441387605833","1.081712133874879","1042.2592815657636","-93.45303346306015","7002555.369146705","0.00014883984868694698","1397","0.0253787682080139","-1.445965571882522","1.4440828042107998","-4095.9999999999995","4090.666666666666","C:\Users\kimeu\Downloads\starlink_pathB_wsl_package_v0_3_clean\starlink_pathB\outputs\coverage_null_global_stats\82_0_lst018_typical_frozen_polybeam_lines_S30_single.npz","9.10175923472585","9444.443085672718","1.7798436919007438e-05","140609741.2109375","False","False","False","False","False","False","False","False","False","0","4","4","4","0.0","0.2363981628786352","0.0","0.3843854174911955","3.430781997250637e-07"
"82_0","81.33403506806889","mid","typical","18","2461041.625","2461041.631822953","frozen_polybeam","lines","30.0","multi","coherent_ab","4","4","4","47817;47825;44933;46505","84.128;83.602;78.896;72.434","0.1651755712365591","3.430781997250637e-07","0.2363981628786352","689050.3770512966","1.2369069240519326","0.6448142230100972","0.003335339651637894","False","20270908","100","-0.40069349465280674","-0.6141502177454043","0.6435643564356436","0.693069306930693","20.821632900857367","1741.7708255744928","23.46789848737899","36.60478744271649","41.30965612572948","1909.5628695403752","2197.237401582431","2247.6297777770046","4.454481315640805","2.428190138102948","1.3724757854378122","1741.7708255744928","49.42113945481934","7002555.369146705","0.0002487336027714603","1397","0.0253787682080139","-1.445965571882522","1.4440828042107998","-4095.9999999999995","4090.666666666666","C:\Users\kimeu\Downloads\starlink_pathB_wsl_package_v0_3_clean\starlink_pathB\outputs\coverage_null_global_stats\82_0_lst018_typical_frozen_polybeam_lines_S30_multi.npz","9.10175923472585","9444.443085672718","1.7798436919007438e-05","140609741.2109375","False","False","False","False","False","False","False","False","False","0","4","4","4","0.0","0.2363981628786352","0.0","0.3843854174911955","3.430781997250637e-07"
"82_0","81.33403506806889","mid","typical","18","2461041.625","2461041.631822953","frozen_polybeam","lines","1000.0","single","coherent_ab","4","4","1","47817","84.128","0.1651755712365591","3.430781997250637e-07","0.2363981628786352","689050.3770512966","21.493807433669907","21.493807433669907","0.05468069726313837","False","20270925","100","-0.1511765549169664","-0.6300695625875663","0.6237623762376238","0.8118811881188119","375.27156980655855","35119.709436147255","380.3118457320834","561.3817832098055","565.7959600772352","36763.16344186394","40294.69788918856","40510.49993790149","22.48774314804359","1.4444424242178728","1.3286998677032178","35119.709436147255","-5911.85763358296","7002555.369146705","0.0050152705098034465","1397","0.0253787682080139","-1.445965571882522","1.4440828042107998","-4095.9999999999995","4090.666666666666","C:\Users\kimeu\Downloads\starlink_pathB_wsl_package_v0_3_clean\starlink_pathB\outputs\coverage_null_global_stats\82_0_lst018_typical_frozen_polybeam_lines_S1000_single.npz","9.10175923472585","9444.443085672718","1.7798436919007438e-05","140609741.2109375","False","False","False","False","False","False","False","False","False","0","4","4","4","0.0","0.2363981628786352","0.0","0.3843854174911955","3.430781997250637e-07"
"82_0","81.33403506806889","mid","typical","18","2461041.625","2461041.631822953","frozen_polybeam","lines","1000.0","multi","coherent_ab","4","4","4","47817;47825;44933;46505","84.128;83.602;78.896;72.434","0.1651755712365591","3.430781997250637e-07","0.2363981628786352","689050.3770512966","41.230230801731096","21.493807433669907","0.11117798838792979","False","20270942","100","-0.3887045553927128","-0.57013572563719","0.6336633663366337","0.7029702970297029","684.5454357751623","58128.92179772773","776.6912956759206","1267.4332589760272","1357.835411260624","62993.687657278715","72041.38747351035","74918.95335336414","159.89401246994385","2.2669621512459703","1.4898542316041534","58128.92179772773","-2479.813650402909","7002555.369146705","0.008301101345637918","1397","0.0253787682080139","-1.445965571882522","1.4440828042107998","-4095.9999999999995","4090.666666666666","C:\Users\kimeu\Downloads\starlink_pathB_wsl_package_v0_3_clean\starlink_pathB\outputs\coverage_null_global_stats\82_0_lst018_typical_frozen_polybeam_lines_S1000_multi.npz","9.10175923472585","9444.443085672718","1.7798436919007438e-05","140609741.2109375","False","False","False","False","False","False","False","False","False","0","4","4","4","0.0","0.2363981628786352","0.0","0.3843854174911955","3.430781997250637e-07"
"82_0","81.33403506806889","mid","typical","18","2461041.625","2461041.631822953","frozen_polybeam","khz_comb","30.0","single","coherent_ab","4","4","1","47817","84.128","0.1651755712365591","3.430781997250637e-07","0.2363981628786352","689050.3770512966","0.6457751766597933","0.6457751766597933","0.001511995423533727","False","20270959","100","0.09739341479276434","-0.8640345459802271","0.44554455445544555","0.9504950495049505","11.724674773409788","973.3792524324494","11.582417962414183","15.905875774899323","16.423287420050038","1037.5913504051907","1104.135120410471","1105.7334474864763","0.9851888312296069","1.0799018685134203","0.9975552371629345","973.3792524324494","-83.9140388641566","7002555.369146705","0.00013900343533464418","1397","0.0253787682080139","-1.445965571882522","1.4440828042107998","-4095.9999999999995","4090.666666666666","C:\Users\kimeu\Downloads\starlink_pathB_wsl_package_v0_3_clean\starlink_pathB\outputs\coverage_null_global_stats\82_0_lst018_typical_frozen_polybeam_khz_comb_S30_single.npz","9.10175923472585","9444.443085672718","1.7798436919007438e-05","140609741.2109375","False","False","False","False","False","False","False","False","False","0","4","4","4","0.0","0.2363981628786352","0.0","0.3843854174911955","3.430781997250637e-07"
"82_0","81.33403506806889","mid","typical","18","2461041.625","2461041.631822953","frozen_polybeam","khz_comb","30.0","multi","coherent_ab","4","4","4","47817;47825;44933;46505","84.128;83.602;78.896;72.434","0.1651755712365591","3.430781997250637e-07","0.2363981628786352","689050.3770512966","1.2341913378634488","0.6457751766597933","0.003048525065250982","False","20270976","100","-0.22414101103490106","-0.4228019279781459","0.5841584158415841","0.6336633663366337","22.951888943895028","1719.498625610831","24.357861028292973","38.17354951309952","42.086207333393006","1841.3428759157769","2113.609748338534","2159.7027521549553","4.230886505909439","2.992917200721209","1.5173484395602412","1719.498625610831","35.97933373141259","7002555.369146705","0.00024555302099958404","1397","0.0253787682080139","-1.445965571882522","1.4440828042107998","-4095.9999999999995","4090.666666666666","C:\Users\kimeu\Downloads\starlink_pathB_wsl_package_v0_3_clean\starlink_pathB\outputs\coverage_null_global_stats\82_0_lst018_typical_frozen_polybeam_khz_comb_S30_multi.npz","9.10175923472585","9444.443085672718","1.7798436919007438e-05","140609741.2109375","False","False","False","False","False","False","False","False","False","0","4","4","4","0.0","0.2363981628786352","0.0","0.3843854174911955","3.430781997250637e-07"
"82_0","81.33403506806889","mid","typical","18","2461041.625","2461041.631822953","frozen_polybeam","khz_comb","1000.0","single","coherent_ab","4","4","1","47817","84.128","0.1651755712365591","3.430781997250637e-07","0.2363981628786352","689050.3770512966","21.525839221993113","21.525839221993113","0.05039984745112425","False","20270993","100","-0.01596731196484712","-0.8097690911106807","0.5247524752475248","0.8811881188118812","387.45433848397806","32779.49342253925","388.62565966412694","542.2212866844184","544.5272692398718","34529.582073856756","37379.902364234404","37603.706400691546","49.47891756163881","0.8879852923771798","0.8411743785566603","32779.49342253925","-5800.816555064445","7002555.369146705","0.004681075935074483","1397","0.0253787682080139","-1.445965571882522","1.4440828042107998","-4095.9999999999995","4090.666666666666","C:\Users\kimeu\Downloads\starlink_pathB_wsl_package_v0_3_clean\starlink_pathB\outputs\coverage_null_global_stats\82_0_lst018_typical_frozen_polybeam_khz_comb_S1000_single.npz","9.10175923472585","9444.443085672718","1.7798436919007438e-05","140609741.2109375","False","False","False","False","False","False","False","False","False","0","4","4","4","0.0","0.2363981628786352","0.0","0.3843854174911955","3.430781997250637e-07"
"82_0","81.33403506806889","mid","typical","18","2461041.625","2461041.631822953","frozen_polybeam","khz_comb","1000.0","multi","coherent_ab","4","4","4","47817;47825;44933;46505","84.128;83.602;78.896;72.434","0.1651755712365591","3.430781997250637e-07","0.2363981628786352","689050.3770512966","41.13971126211496","21.525839221993113","0.10161750217503274","False","20271010","100","-0.21002388008447595","-0.27058767160422587","0.594059405940594","0.6138613861386139","752.4282896263721","57460.87908933132","796.0002192561697","1149.8510628265265","1354.7222755634698","60135.739829138474","71006.59929429655","72719.87573292252","139.9310587731361","2.412963801581894","1.665644018709195","57460.87908933132","-3138.4952571241865","7002555.369146705","0.008205701498984821","1397","0.0253787682080139","-1.445965571882522","1.4440828042107998","-4095.9999999999995","4090.666666666666","C:\Users\kimeu\Downloads\starlink_pathB_wsl_package_v0_3_clean\starlink_pathB\outputs\coverage_null_global_stats\82_0_lst018_typical_frozen_polybeam_khz_comb_S1000_multi.npz","9.10175923472585","9444.443085672718","1.7798436919007438e-05","140609741.2109375","False","False","False","False","False","False","False","False","False","0","4","4","4","0.0","0.2363981628786352","0.0","0.3843854174911955","3.430781997250637e-07"
"82_0","81.33403506806889","mid","typical","18","2461041.625","2461041.631822953","full_polybeam","smooth","30.0","single","coherent_ab","4","4","1","47817","84.128","0.1651755712365591","3.430781997250637e-07","0.2363981628786352","689050.3770512966","0.9138538358648308","0.9138538358648308","0.0022505711328120377","False","20271027","100","-1.8021406153262127","-0.9682589532156015","0.9207920792079208","0.9405940594059405","11.462713291253749","1542.38163346905","20.298352978232288","25.276342727273367","25.675761539545057","1674.3708794539311","1805.3404303119194","1809.3352255694388","3.3069324736643466","1.0522729554166046","0.9860157698077743","1542.38163346905","-83.97845594115178","7002555.369146705","0.00022025982690044717","1397","0.0253787682080139","-1.445965571882522","1.4440828042107998","-4095.9999999999995","4090.666666666666","C:\Users\kimeu\Downloads\starlink_pathB_wsl_package_v0_3_clean\starlink_pathB\outputs\coverage_null_global_stats\82_0_lst018_typical_full_polybeam_smooth_S30_single.npz","9.10175923472585","9444.443085672718","1.7798436919007438e-05","140609741.2109375","False","False","False","False","False","False","False","False","False","0","4","4","4","0.0","0.2363981628786352","0.0","0.3843854174911955","3.430781997250637e-07"
"82_0","81.33403506806889","mid","typical","18","2461041.625","2461041.631822953","full_polybeam","smooth","30.0","multi","coherent_ab","4","4","4","47817;47825;44933;46505","84.128;83.602;78.896;72.434","0.1651755712365591","3.430781997250637e-07","0.2363981628786352","689050.3770512966","2.3332895454787024","1.044542844234117","0.005112583308742354","False","20271044","100","-0.7005369847064798","-0.42336617483299677","0.7821782178217822","0.594059405940594","26.5046035065061","2547.737541555015","33.06558295803825","51.95848447587923","61.09368258682157","2695.16225311586","3133.612160142495","3424.855987254105","6.317039799159829","2.8304078070398138","1.6325744370276372","2547.737541555015","44.98146821462129","7002555.369146705","0.0003638296889133301","1397","0.0253787682080139","-1.445965571882522","1.4440828042107998","-4095.9999999999995","4090.666666666666","C:\Users\kimeu\Downloads\starlink_pathB_wsl_package_v0_3_clean\starlink_pathB\outputs\coverage_null_global_stats\82_0_lst018_typical_full_polybeam_smooth_S30_multi.npz","9.10175923472585","9444.443085672718","1.7798436919007438e-05","140609741.2109375","False","False","False","False","False","False","False","False","False","0","4","4","4","0.0","0.2363981628786352","0.0","0.3843854174911955","3.430781997250637e-07"
"82_0","81.33403506806889","mid","typical","18","2461041.625","2461041.631822953","full_polybeam","smooth","1000.0","single","coherent_ab","4","4","1","47817","84.128","0.1651755712365591","3.430781997250637e-07","0.2363981628786352","689050.3770512966","30.461794528827696","30.461794528827696","0.07501903776040125","False","20271061","100","-2.569547166203026","-1.1483427037295926","0.9801980198019802","0.8712871287128713","379.7341308673458","51932.315689613504","724.0028609272194","854.1370931288612","876.5331324672984","57042.88713206907","60828.289699570014","61043.83800550304","90.36848214203201","1.5103783922498633","1.363172454618746","51932.315689613504","-1498.0736386470376","7002555.369146705","0.00741619493912573","1397","0.0253787682080139","-1.445965571882522","1.4440828042107998","-4095.9999999999995","4090.666666666666","C:\Users\kimeu\Downloads\starlink_pathB_wsl_package_v0_3_clean\starlink_pathB\outputs\coverage_null_global_stats\82_0_lst018_typical_full_polybeam_smooth_S1000_single.npz","9.10175923472585","9444.443085672718","1.7798436919007438e-05","140609741.2109375","False","False","False","False","False","False","False","False","False","0","4","4","4","0.0","0.2363981628786352","0.0","0.3843854174911955","3.430781997250637e-07"
"82_0","81.33403506806889","mid","typical","18","2461041.625","2461041.631822953","full_polybeam","smooth","1000.0","multi","coherent_ab","4","4","4","47817;47825;44933;46505","84.128;83.602;78.896;72.434","0.1651755712365591","3.430781997250637e-07","0.2363981628786352","689050.3770512966","77.77631818262341","34.8180948078039","0.17041944362474515","False","20271078","100","-0.7440059623847834","-0.14980953531569285","0.7623762376237624","0.5841584158415841","885.691532011042","85235.16241017648","1148.5989534145665","1758.2627264475884","1861.1043599053119","86733.26313552342","103082.24989196687","107867.90229693608","238.34301779800262","2.577260896642165","1.4168237021080237","85235.16241017648","4134.416992135455","7002555.369146705","0.012172008347941531","1397","0.0253787682080139","-1.445965571882522","1.4440828042107998","-4095.9999999999995","4090.666666666666","C:\Users\kimeu\Downloads\starlink_pathB_wsl_package_v0_3_clean\starlink_pathB\outputs\coverage_null_global_stats\82_0_lst018_typical_full_polybeam_smooth_S1000_multi.npz","9.10175923472585","9444.443085672718","1.7798436919007438e-05","140609741.2109375","False","False","False","False","False","False","False","False","False","0","4","4","4","0.0","0.2363981628786352","0.0","0.3843854174911955","3.430781997250637e-07"
"82_0","81.33403506806889","mid","typical","18","2461041.625","2461041.631822953","full_polybeam","lines","30.0","single","coherent_ab","4","4","1","47817","84.128","0.1651755712365591","3.430781997250637e-07","0.2363981628786352","689050.3770512966","0.9137417545027738","0.9137417545027738","0.002252114677668999","False","20271095","100","-2.0652956292247016","-1.1637961524453755","0.9504950495049505","0.9405940594059405","11.51258937743114","1541.1206369374718","21.09451855097359","25.46557758752242","25.73415884069487","1695.9319730615266","1807.940162944517","1809.1180073165726","3.129296645991417","1.3085197135598197","1.1068789653529862","1541.1206369374718","-79.26885029525026","7002555.369146705","0.00022007975027625733","1397","0.0253787682080139","-1.445965571882522","1.4440828042107998","-4095.9999999999995","4090.666666666666","C:\Users\kimeu\Downloads\starlink_pathB_wsl_package_v0_3_clean\starlink_pathB\outputs\coverage_null_global_stats\82_0_lst018_typical_full_polybeam_lines_S30_single.npz","9.10175923472585","9444.443085672718","1.7798436919007438e-05","140609741.2109375","False","False","False","False","False","False","False","False","False","0","4","4","4","0.0","0.2363981628786352","0.0","0.3843854174911955","3.430781997250637e-07"
"82_0","81.33403506806889","mid","typical","18","2461041.625","2461041.631822953","full_polybeam","lines","30.0","multi","coherent_ab","4","4","4","47817;47825;44933;46505","84.128;83.602;78.896;72.434","0.1651755712365591","3.430781997250637e-07","0.2363981628786352","689050.3770512966","2.3329859817571035","1.0444147342671681","0.005116198934506244","False","20271112","100","-1.076408509750297","-0.0033648138672846438","0.7920792079207921","0.504950495049505","26.410298504950333","2548.2690319567664","34.66835562811502","52.527829283379184","57.37026698812723","2549.5168319571976","3202.9744485810816","3285.170367517506","5.174599764262894","2.4219063956516687","1.61357125583665","2548.2690319567664","46.888075848677516","7002555.369146705","0.0003639055884062628","1397","0.0253787682080139","-1.445965571882522","1.4440828042107998","-4095.9999999999995","4090.666666666666","C:\Users\kimeu\Downloads\starlink_pathB_wsl_package_v0_3_clean\starlink_pathB\outputs\coverage_null_global_stats\82_0_lst018_typical_full_polybeam_lines_S30_multi.npz","9.10175923472585","9444.443085672718","1.7798436919007438e-05","140609741.2109375","False","False","False","False","False","False","False","False","False","0","4","4","4","0.0","0.2363981628786352","0.0","0.3843854174911955","3.430781997250637e-07"
"82_0","81.33403506806889","mid","typical","18","2461041.625","2461041.631822953","full_polybeam","lines","1000.0","single","coherent_ab","4","4","1","47817","84.128","0.1651755712365591","3.430781997250637e-07","0.2363981628786352","689050.3770512966","30.458058483425802","30.458058483425802","0.0750704892556333","False","20271129","100","-1.3225218152594223","-0.9387111620809234","0.9702970297029703","0.9207920792079208","381.36047842126936","51903.31600280911","671.6689432583407","877.6951763599769","879.0651899526291","55924.79067084722","60659.10214110389","61032.9034952876","148.05833421510033","0.8845789534778501","0.8483367376411425","51903.31600280911","-1341.859179244929","7002555.369146705","0.007412053638518217","1397","0.0253787682080139","-1.445965571882522","1.4440828042107998","-4095.9999999999995","4090.666666666666","C:\Users\kimeu\Downloads\starlink_pathB_wsl_package_v0_3_clean\starlink_pathB\outputs\coverage_null_global_stats\82_0_lst018_typical_full_polybeam_lines_S1000_single.npz","9.10175923472585","9444.443085672718","1.7798436919007438e-05","140609741.2109375","False","False","False","False","False","False","False","False","False","0","4","4","4","0.0","0.2363981628786352","0.0","0.3843854174911955","3.430781997250637e-07"
"82_0","81.33403506806889","mid","typical","18","2461041.625","2461041.631822953","full_polybeam","lines","1000.0","multi","coherent_ab","4","4","4","47817;47825;44933;46505","84.128;83.602;78.896;72.434","0.1651755712365591","3.430781997250637e-07","0.2363981628786352","689050.3770512966","77.76619939190347","34.81382447557228","0.17053996448354147","False","20271146","100","-0.4951847271689254","0.011020316440395132","0.7227722772277227","0.49504950495049505","896.0672308281573","85246.92603262025","1083.6191798083491","1790.1240317724082","2107.1889215683527","85144.62911765341","104744.84883704678","110482.56873969421","255.46437434006475","2.2992884662558124","1.514711686689619","85246.92603262025","4196.807752635722","7002555.369146705","0.01217368825217986","1397","0.0253787682080139","-1.445965571882522","1.4440828042107998","-4095.9999999999995","4090.666666666666","C:\Users\kimeu\Downloads\starlink_pathB_wsl_package_v0_3_clean\starlink_pathB\outputs\coverage_null_global_stats\82_0_lst018_typical_full_polybeam_lines_S1000_multi.npz","9.10175923472585","9444.443085672718","1.7798436919007438e-05","140609741.2109375","False","False","False","False","False","False","False","False","False","0","4","4","4","0.0","0.2363981628786352","0.0","0.3843854174911955","3.430781997250637e-07"
"82_0","81.33403506806889","mid","typical","18","2461041.625","2461041.631822953","full_polybeam","khz_comb","30.0","single","coherent_ab","4","4","1","47817","84.128","0.1651755712365591","3.430781997250637e-07","0.2363981628786352","689050.3770512966","0.7519896353903311","0.7519896353903311","0.0019768357308127893","False","20271163","100","-1.6850774967779356","-0.745665457180536","0.9702970297029703","0.8811881188118812","9.917032243225549","1322.8170656368561","16.807293849524285","20.243521921462523","20.293138729505152","1426.3205172786115","1566.6613367764744","1570.1477839879224","2.757984598756593","1.0098343212903034","0.9498818329240049","1322.8170656368561","-71.4191834512029","7002555.369146705","0.00018890490626681725","1397","0.0253787682080139","-1.445965571882522","1.4440828042107998","-4095.9999999999995","4090.666666666666","C:\Users\kimeu\Downloads\starlink_pathB_wsl_package_v0_3_clean\starlink_pathB\outputs\coverage_null_global_stats\82_0_lst018_typical_full_polybeam_khz_comb_S30_single.npz","9.10175923472585","9444.443085672718","1.7798436919007438e-05","140609741.2109375","False","False","False","False","False","False","False","False","False","0","4","4","4","0.0","0.2363981628786352","0.0","0.3843854174911955","3.430781997250637e-07"
"82_0","81.33403506806889","mid","typical","18","2461041.625","2461041.631822953","full_polybeam","khz_comb","30.0","multi","coherent_ab","4","4","4","47817;47825;44933;46505","84.128;83.602;78.896;72.434","0.1651755712365591","3.430781997250637e-07","0.2363981628786352","689050.3770512966","1.919996836247185","0.8595306620799423","0.004442805442219194","False","20271180","100","-0.5883139765960097","0.09901866639625122","0.7128712871287128","0.48514851485148514","26.396910997522355","2240.692051988255","30.612011702147356","51.603644706881276","54.718396338838104","2209.215649032912","2801.992433068303","2932.62302938752","4.832532607813846","2.4505720361174177","1.5259519344125645","2240.692051988255","34.53336100016969","7002555.369146705","0.0003199820542456195","1397","0.0253787682080139","-1.445965571882522","1.4440828042107998","-4095.9999999999995","4090.666666666666","C:\Users\kimeu\Downloads\starlink_pathB_wsl_package_v0_3_clean\starlink_pathB\outputs\coverage_null_global_stats\82_0_lst018_typical_full_polybeam_khz_comb_S30_multi.npz","9.10175923472585","9444.443085672718","1.7798436919007438e-05","140609741.2109375","False","False","False","False","False","False","False","False","False","0","4","4","4","0.0","0.2363981628786352","0.0","0.3843854174911955","3.430781997250637e-07"
"82_0","81.33403506806889","mid","typical","18","2461041.625","2461041.631822953","full_polybeam","khz_comb","1000.0","single","coherent_ab","4","4","1","47817","84.128","0.1651755712365591","3.430781997250637e-07","0.2363981628786352","689050.3770512966","25.0663211796777","25.0663211796777","0.06589452436042631","False","20271197","100","-1.4124060451640408","-1.1600480796789565","0.9306930693069307","0.8811881188118812","338.7187208828982","44523.79919327973","552.2656890370909","684.4304550075146","687.3401543565421","48997.71677165819","52523.06357625251","52665.60162651143","101.97878805985783","0.9416633843796819","0.8446408741456517","44523.79919327973","-1934.6784852437859","7002555.369146705","0.00635822165569041","1397","0.0253787682080139","-1.445965571882522","1.4440828042107998","-4095.9999999999995","4090.666666666666","C:\Users\kimeu\Downloads\starlink_pathB_wsl_package_v0_3_clean\starlink_pathB\outputs\coverage_null_global_stats\82_0_lst018_typical_full_polybeam_khz_comb_S1000_single.npz","9.10175923472585","9444.443085672718","1.7798436919007438e-05","140609741.2109375","False","False","False","False","False","False","False","False","False","0","4","4","4","0.0","0.2363981628786352","0.0","0.3843854174911955","3.430781997250637e-07"
"82_0","81.33403506806889","mid","typical","18","2461041.625","2461041.631822953","full_polybeam","khz_comb","1000.0","multi","coherent_ab","4","4","4","47817;47825;44933;46505","84.128;83.602;78.896;72.434","0.1651755712365591","3.430781997250637e-07","0.2363981628786352","689050.3770512966","63.999894541572836","28.65102206933141","0.14809351474063978","False","20271214","100","-0.6471663708697358","-0.15763305260385077","0.7623762376237624","0.5643564356435643","865.6116411289695","74910.57704436973","1066.6575185746606","1636.6267961080482","1859.923030163206","76708.15840819973","94873.77081246123","96163.50652757444","209.53435263600477","2.623067834204722","1.6454566765645187","74910.57704436973","2376.7858792139314","7002555.369146705","0.010697605816074818","1397","0.0253787682080139","-1.445965571882522","1.4440828042107998","-4095.9999999999995","4090.666666666666","C:\Users\kimeu\Downloads\starlink_pathB_wsl_package_v0_3_clean\starlink_pathB\outputs\coverage_null_global_stats\82_0_lst018_typical_full_polybeam_khz_comb_S1000_multi.npz","9.10175923472585","9444.443085672718","1.7798436919007438e-05","140609741.2109375","False","False","False","False","False","False","False","False","False","0","4","4","4","0.0","0.2363981628786352","0.0","0.3843854174911955","3.430781997250637e-07"
"82_0","81.33403506806889","mid","stress","64","2461041.9444444445","2461041.951267397","frozen_polybeam","smooth","30.0","single","coherent_ab","2","2","1","46538","89.637","0.6134387600806451","0.0002588706478842","0.2812107439459313","1086.298297023242","1.893930077987994","1.893930077987994","0.001641675561510524","False","20271277","100","0.5315122224005593","-0.6846570706747764","0.36633663366336633","0.7722772277227723","0.672821286781982","38.57882331209143","0.5063325308628919","0.7559427492757095","0.7584219910939646","39.137995277651754","39.836210184122294","39.855367699877654","0.21127477918946624","1.1682739546857162","1.0084479541183902","38.57882331209143","-7.506684336466406","2440330.6300431527","1.5808850996313248e-05","1397","0.0253787682080139","-1.445965571882522","1.4440828042107998","-4095.9999999999995","4090.666666666666","C:\Users\kimeu\Downloads\starlink_pathB_wsl_package_v0_3_clean\starlink_pathB\outputs\coverage_null_global_stats\82_0_lst064_stress_frozen_polybeam_smooth_S30_single.npz","9.10175923472585","9444.443085672718","1.7798436919007438e-05","140609741.2109375","False","False","False","False","False","False","False","False","False","0","2","2","2","0.0","0.2812107439459313","0.0","0.9963509766045548","0.0002588706478842"
"82_0","81.33403506806889","mid","stress","64","2461041.9444444445","2461041.951267397","frozen_polybeam","smooth","30.0","multi","coherent_ab","2","2","2","46538;45222","89.637;81.702","0.6134387600806451","0.0002588706478842","0.2812107439459313","1086.298297023242","2.1594390474963325","1.893930077987994","0.0024167500049520193","False","20271294","100","-0.0793598683846787","-1.0314485096746493","0.5544554455445545","0.8712871287128713","5.776356318948956","1192.899439548863","5.843591307188831","10.273168807377806","10.708570509344792","1211.4667914037861","1236.595064467923","1237.9226028310648","0.5714396861332034","1.3760587995212157","0.8134818775517045","1192.899439548863","-228.39238058766932","2440330.6300431527","0.0004888269748627335","1397","0.0253787682080139","-1.445965571882522","1.4440828042107998","-4095.9999999999995","4090.666666666666","C:\Users\kimeu\Downloads\starlink_pathB_wsl_package_v0_3_clean\starlink_pathB\outputs\coverage_null_global_stats\82_0_lst064_stress_frozen_polybeam_smooth_S30_multi.npz","9.10175923472585","9444.443085672718","1.7798436919007438e-05","140609741.2109375","False","False","False","False","False","False","False","False","False","0","2","2","2","0.0","0.2812107439459313","0.0","0.9963509766045548","0.0002588706478842"
"82_0","81.33403506806889","mid","stress","64","2461041.9444444445","2461041.951267397","frozen_polybeam","smooth","1000.0","single","coherent_ab","2","2","1","46538","89.637","0.6134387600806451","0.0002588706478842","0.2812107439459313","1086.298297023242","63.13100259959981","63.13100259959981","0.054722518717017464","False","20271311","100","0.5287973439053463","-0.7792919985183708","0.32673267326732675","0.7920792079207921","22.476015762809766","1285.8619285454881","17.262431595590897","25.10170066368037","25.27628788855116","1306.2959414934112","1327.216828434783","1328.5640782107225","6.6500227073229325","0.8216745128266331","0.7194888553378251","1285.8619285454881","-248.35795184032514","2440330.6300431527","0.0005269211936756086","1397","0.0253787682080139","-1.445965571882522","1.4440828042107998","-4095.9999999999995","4090.666666666666","C:\Users\kimeu\Downloads\starlink_pathB_wsl_package_v0_3_clean\starlink_pathB\outputs\coverage_null_global_stats\82_0_lst064_stress_frozen_polybeam_smooth_S1000_single.npz","9.10175923472585","9444.443085672718","1.7798436919007438e-05","140609741.2109375","False","False","False","False","False","False","False","False","False","0","2","2","2","0.0","0.2812107439459313","0.0","0.9963509766045548","0.0002588706478842"
"82_0","81.33403506806889","mid","stress","64","2461041.9444444445","2461041.951267397","frozen_polybeam","smooth","1000.0","multi","coherent_ab","2","2","2","46538;45222","89.637;81.702","0.6134387600806451","0.0002588706478842","0.2812107439459313","1086.298297023242","71.98130158321109","63.13100259959981","0.08055833349840065","False","20271328","100","-0.03695499187489302","-0.9562587341240728","0.5148514851485149","0.8712871287128713","189.33914281320176","39833.31125540933","190.48674793405587","351.34899129870064","360.12833232258834","40385.07343336643","41113.68727957482","41322.04060729728","20.945723710739117","1.881004896469743","1.235344833057283","39833.31125540933","-8783.768615964476","2440330.6300431527","0.01632291574142351","1397","0.0253787682080139","-1.445965571882522","1.4440828042107998","-4095.9999999999995","4090.666666666666","C:\Users\kimeu\Downloads\starlink_pathB_wsl_package_v0_3_clean\starlink_pathB\outputs\coverage_null_global_stats\82_0_lst064_stress_frozen_polybeam_smooth_S1000_multi.npz","9.10175923472585","9444.443085672718","1.7798436919007438e-05","140609741.2109375","False","False","False","False","False","False","False","False","False","0","2","2","2","0.0","0.2812107439459313","0.0","0.9963509766045548","0.0002588706478842"
"82_0","81.33403506806889","mid","stress","64","2461041.9444444445","2461041.951267397","frozen_polybeam","lines","30.0","single","coherent_ab","2","2","1","46538","89.637","0.6134387600806451","0.0002588706478842","0.2812107439459313","1086.298297023242","1.8935851091156364","1.8935851091156364","0.0016455433038024079","False","20271345","100","0.4099053595172043","-2.129935592927814","0.42574257425742573","0.900990099009901","0.6699674920873804","38.561350974564746","0.5591675536661569","0.7501355767303721","0.7546866829766259","39.482076147194945","39.830120162383864","39.84369566847955","0.18231899847251043","0.9442698951709871","0.8269511017980198","38.561350974564746","-7.5277414065064665","2440330.6300431527","1.580169117243054e-05","1397","0.0253787682080139","-1.445965571882522","1.4440828042107998","-4095.9999999999995","4090.666666666666","C:\Users\kimeu\Downloads\starlink_pathB_wsl_package_v0_3_clean\starlink_pathB\outputs\coverage_null_global_stats\82_0_lst064_stress_frozen_polybeam_lines_S30_single.npz","9.10175923472585","9444.443085672718","1.7798436919007438e-05","140609741.2109375","False","False","False","False","False","False","False","False","False","0","2","2","2","0.0","0.2812107439459313","0.0","0.9963509766045548","0.0002588706478842"
"82_0","81.33403506806889","mid","stress","64","2461041.9444444445","2461041.951267397","frozen_polybeam","lines","30.0","multi","coherent_ab","2","2","2","46538;45222","89.637;81.702","0.6134387600806451","0.0002588706478842","0.2812107439459313","1086.298297023242","2.159094091483726","1.8935851091156364","0.0024213018183780162","False","20271362","100","0.22436894353362877","-1.0315671416294236","0.38613861386138615","0.8415841584158416","5.767079235206438","1192.2357881973057","5.583873306851274","10.6081570499824","10.737164025965614","1211.8850950590963","1230.1561668459678","1233.6079307630555","0.5507478165683324","1.303802154994771","0.8421628866291853","1192.2357881973057","-228.442595612356","2440330.6300431527","0.0004885550234544338","1397","0.0253787682080139","-1.445965571882522","1.4440828042107998","-4095.9999999999995","4090.666666666666","C:\Users\kimeu\Downloads\starlink_pathB_wsl_package_v0_3_clean\starlink_pathB\outputs\coverage_null_global_stats\82_0_lst064_stress_frozen_polybeam_lines_S30_multi.npz","9.10175923472585","9444.443085672718","1.7798436919007438e-05","140609741.2109375","False","False","False","False","False","False","False","False","False","0","2","2","2","0.0","0.2812107439459313","0.0","0.9963509766045548","0.0002588706478842"
"82_0","81.33403506806889","mid","stress","64","2461041.9444444445","2461041.951267397","frozen_polybeam","lines","1000.0","single","coherent_ab","2","2","1","46538","89.637","0.6134387600806451","0.0002588706478842","0.2812107439459313","1086.298297023242","63.11950363718788","63.11950363718788","0.05485144346008027","False","20271379","100","0.48050784468917734","-1.5976549941294924","0.37623762376237624","0.9108910891089109","22.380667919529515","1285.2838153768448","17.299128060873954","25.03813328515498","25.148521361502535","1314.7922664265307","1327.8685914348769","1328.5214555193563","7.1329775704125495","0.9422697938499746","0.8928913505196252","1285.2838153768448","-249.06028104575313","2440330.6300431527","0.0005266842941499763","1397","0.0253787682080139","-1.445965571882522","1.4440828042107998","-4095.9999999999995","4090.666666666666","C:\Users\kimeu\Downloads\starlink_pathB_wsl_package_v0_3_clean\starlink_pathB\outputs\coverage_null_global_stats\82_0_lst064_stress_frozen_polybeam_lines_S1000_single.npz","9.10175923472585","9444.443085672718","1.7798436919007438e-05","140609741.2109375","False","False","False","False","False","False","False","False","False","0","2","2","2","0.0","0.2812107439459313","0.0","0.9963509766045548","0.0002588706478842"
"82_0","81.33403506806889","mid","stress","64","2461041.9444444445","2461041.951267397","frozen_polybeam","lines","1000.0","multi","coherent_ab","2","2","2","46538;45222","89.637;81.702","0.6134387600806451","0.0002588706478842","0.2812107439459313","1086.298297023242","71.96980304945754","63.11950363718788","0.08071006061260054","False","20271396","100","-0.1599530618794854","-0.8110244898059098","0.5643564356435643","0.8514851485148515","189.03055175273198","39809.01775357167","195.00429538236267","344.19373386431505","359.4221850831961","40268.11618027254","41194.47475018284","41286.8205412356","25.190107837409528","1.4877709730535977","1.2504165107236642","39809.01775357167","-8785.178807196808","2440330.6300431527","0.016312960737155408","1397","0.0253787682080139","-1.445965571882522","1.4440828042107998","-4095.9999999999995","4090.666666666666","C:\Users\kimeu\Downloads\starlink_pathB_wsl_package_v0_3_clean\starlink_pathB\outputs\coverage_null_global_stats\82_0_lst064_stress_frozen_polybeam_lines_S1000_multi.npz","9.10175923472585","9444.443085672718","1.7798436919007438e-05","140609741.2109375","False","False","False","False","False","False","False","False","False","0","2","2","2","0.0","0.2812107439459313","0.0","0.9963509766045548","0.0002588706478842"
"82_0","81.33403506806889","mid","stress","64","2461041.9444444445","2461041.951267397","frozen_polybeam","khz_comb","30.0","single","coherent_ab","2","2","1","46538","89.637","0.6134387600806451","0.0002588706478842","0.2812107439459313","1086.298297023242","1.5583794532398207","1.5583794532398207","0.0014760643183816462","False","20271413","100","0.3959422834508764","-2.520900057079439","0.3465346534653465","0.8415841584158416","0.6333925338294648","36.352863547353266","0.5645074182348253","0.6824242662622965","0.690609453201323","37.20844801734081","37.46002065830724","37.50523442805836","0.11734633020023466","0.8627641420664977","0.8314205829151691","36.352863547353266","-6.401142740293325","2440330.6300431527","1.4896696004963242e-05","1397","0.0253787682080139","-1.445965571882522","1.4440828042107998","-4095.9999999999995","4090.666666666666","C:\Users\kimeu\Downloads\starlink_pathB_wsl_package_v0_3_clean\starlink_pathB\outputs\coverage_null_global_stats\82_0_lst064_stress_frozen_polybeam_khz_comb_S30_single.npz","9.10175923472585","9444.443085672718","1.7798436919007438e-05","140609741.2109375","False","False","False","False","False","False","False","False","False","0","2","2","2","0.0","0.2812107439459313","0.0","0.9963509766045548","0.0002588706478842"
"82_0","81.33403506806889","mid","stress","64","2461041.9444444445","2461041.951267397","frozen_polybeam","khz_comb","30.0","multi","coherent_ab","2","2","2","46538;45222","89.637;81.702","0.6134387600806451","0.0002588706478842","0.2812107439459313","1086.298297023242","1.8236757520067006","1.5583794532398207","0.002189030865103086","False","20271430","100","0.13177357572083265","-0.7100047042462083","0.43564356435643564","0.7326732673267327","5.474203852685832","1123.271809198925","5.380914590384464","9.22937959832998","9.29402548431397","1133.160737472053","1147.0740011212295","1148.6140182051672","0.4775065489151302","1.6241305010750664","1.1321083423992502","1123.271809198925","-189.52914197524592","2440330.6300431527","0.00046029492699481547","1397","0.0253787682080139","-1.445965571882522","1.4440828042107998","-4095.9999999999995","4090.666666666666","C:\Users\kimeu\Downloads\starlink_pathB_wsl_package_v0_3_clean\starlink_pathB\outputs\coverage_null_global_stats\82_0_lst064_stress_frozen_polybeam_khz_comb_S30_multi.npz","9.10175923472585","9444.443085672718","1.7798436919007438e-05","140609741.2109375","False","False","False","False","False","False","False","False","False","0","2","2","2","0.0","0.2812107439459313","0.0","0.9963509766045548","0.0002588706478842"
"82_0","81.33403506806889","mid","stress","64","2461041.9444444445","2461041.951267397","frozen_polybeam","khz_comb","1000.0","single","coherent_ab","2","2","1","46538","89.637","0.6134387600806451","0.0002588706478842","0.2812107439459313","1086.298297023242","51.94598177466071","51.94598177466071","0.04920214394605488","False","20271447","100","0.43248470096623925","-1.5788981238214812","0.4158415841584158","0.7920792079207921","21.154390907335255","1211.6978268854987","18.667478683672925","23.00653420304052","23.141010247998747","1237.4775592337946","1249.4806392434969","1249.8876334043878","3.8785171145755157","0.9957834991997494","0.9281046672051804","1211.6978268854987","-211.6970876393341","2440330.6300431527","0.0004965301881508049","1397","0.0253787682080139","-1.445965571882522","1.4440828042107998","-4095.9999999999995","4090.666666666666","C:\Users\kimeu\Downloads\starlink_pathB_wsl_package_v0_3_clean\starlink_pathB\outputs\coverage_null_global_stats\82_0_lst064_stress_frozen_polybeam_khz_comb_S1000_single.npz","9.10175923472585","9444.443085672718","1.7798436919007438e-05","140609741.2109375","False","False","False","False","False","False","False","False","False","0","2","2","2","0.0","0.2812107439459313","0.0","0.9963509766045548","0.0002588706478842"
"82_0","81.33403506806889","mid","stress","64","2461041.9444444445","2461041.951267397","frozen_polybeam","khz_comb","1000.0","multi","coherent_ab","2","2","2","46538;45222","89.637;81.702","0.6134387600806451","0.0002588706478842","0.2812107439459313","1086.298297023242","60.7891917335567","51.94598177466071","0.07296769550343621","False","20271464","100","0.11137214572410384","-0.45288847293445716","0.43564356435643564","0.693069306930693","179.52891566266385","37513.49424686323","176.96497334900687","294.77165444510536","300.0929606005839","37717.07204091584","38306.27918249883","38422.04142640503","15.527719136135829","1.423527217911574","1.0100579280524453","37513.49424686323","-7527.393705169758","2440330.6300431527","0.015372299878152114","1397","0.0253787682080139","-1.445965571882522","1.4440828042107998","-4095.9999999999995","4090.666666666666","C:\Users\kimeu\Downloads\starlink_pathB_wsl_package_v0_3_clean\starlink_pathB\outputs\coverage_null_global_stats\82_0_lst064_stress_frozen_polybeam_khz_comb_S1000_multi.npz","9.10175923472585","9444.443085672718","1.7798436919007438e-05","140609741.2109375","False","False","False","False","False","False","False","False","False","0","2","2","2","0.0","0.2812107439459313","0.0","0.9963509766045548","0.0002588706478842"
"82_0","81.33403506806889","mid","stress","64","2461041.9444444445","2461041.951267397","full_polybeam","smooth","30.0","single","coherent_ab","2","2","1","46538","89.637","0.6134387600806451","0.0002588706478842","0.2812107439459313","1086.298297023242","1.9475769408748296","1.9475769408748296","0.001768707359302944","False","20271481","100","0.7068731381228144","-0.43937168960749345","0.16831683168316833","0.7227722772277227","0.3270334736625955","27.73531569205932","0.28866084214678267","0.33278977872523685","0.3333610477313414","27.863675418938534","28.1279388316037","28.14294005570672","0.03661475302760664","0.8149691095928645","0.7564837693259752","27.73531569205932","-0.9691427146113019","2440330.6300431527","1.1365392603201834e-05","1397","0.0253787682080139","-1.445965571882522","1.4440828042107998","-4095.9999999999995","4090.666666666666","C:\Users\kimeu\Downloads\starlink_pathB_wsl_package_v0_3_clean\starlink_pathB\outputs\coverage_null_global_stats\82_0_lst064_stress_full_polybeam_smooth_S30_single.npz","9.10175923472585","9444.443085672718","1.7798436919007438e-05","140609741.2109375","False","False","False","False","False","False","False","False","False","0","2","2","2","0.0","0.2812107439459313","0.0","0.9963509766045548","0.0002588706478842"
"82_0","81.33403506806889","mid","stress","64","2461041.9444444445","2461041.951267397","full_polybeam","smooth","30.0","multi","coherent_ab","2","2","2","46538;45222","89.637;81.702","0.6134387600806451","0.0002588706478842","0.2812107439459313","1086.298297023242","2.5199061205058215","1.9475769408748296","0.0030553822324578643","False","20271498","100","-1.0198382875621623","-0.05009400290179225","0.9504950495049505","0.5445544554455446","8.102789461901466","1953.44826634345","13.332561609369805","23.08095865114883","23.300386700497402","1954.6897950457046","1994.9769794178146","1996.350613247406","3.458816001179457","2.0361609879487945","1.1114318304542798","1953.44826634345","-545.6404298282417","2440330.6300431527","0.0008004850827565554","1397","0.0253787682080139","-1.445965571882522","1.4440828042107998","-4095.9999999999995","4090.666666666666","C:\Users\kimeu\Downloads\starlink_pathB_wsl_package_v0_3_clean\starlink_pathB\outputs\coverage_null_global_stats\82_0_lst064_stress_full_polybeam_smooth_S30_multi.npz","9.10175923472585","9444.443085672718","1.7798436919007438e-05","140609741.2109375","False","False","False","False","False","False","False","False","False","0","2","2","2","0.0","0.2812107439459313","0.0","0.9963509766045548","0.0002588706478842"
"82_0","81.33403506806889","mid","stress","64","2461041.9444444445","2461041.951267397","full_polybeam","smooth","1000.0","single","coherent_ab","2","2","1","46538","89.637","0.6134387600806451","0.0002588706478842","0.2812107439459313","1086.298297023242","64.9192313624943","64.9192313624943","0.05895691197676479","False","20271515","100","0.8590833803799117","-0.3471608702303702","0.10891089108910891","0.693069306930693","10.910947172247688","924.5748361047358","9.368470181963858","11.048120033253872","11.122423228109383","927.5891461672204","937.430314895434","938.0564914024491","1.2110424906504704","1.2561334505317379","1.1410076252418762","924.5748361047358","-31.290924177847305","2440330.6300431527","0.00037887277433729804","1397","0.0253787682080139","-1.445965571882522","1.4440828042107998","-4095.9999999999995","4090.666666666666","C:\Users\kimeu\Downloads\starlink_pathB_wsl_package_v0_3_clean\starlink_pathB\outputs\coverage_null_global_stats\82_0_lst064_stress_full_polybeam_smooth_S1000_single.npz","9.10175923472585","9444.443085672718","1.7798436919007438e-05","140609741.2109375","False","False","False","False","False","False","False","False","False","0","2","2","2","0.0","0.2812107439459313","0.0","0.9963509766045548","0.0002588706478842"
"82_0","81.33403506806889","mid","stress","64","2461041.9444444445","2461041.951267397","full_polybeam","smooth","1000.0","multi","coherent_ab","2","2","2","46538;45222","89.637;81.702","0.6134387600806451","0.0002588706478842","0.2812107439459313","1086.298297023242","83.99687068352736","64.9192313624943","0.10184607441526214","False","20271532","100","-1.5812581135128936","-0.46346879379011985","0.9900990099009901","0.7425742574257426","285.7963043388247","64886.602066920306","455.81154973463526","783.4905158190129","793.6398608252479","65444.40980300034","66718.8673766981","66783.58609132885","72.5205524699968","1.4727788659048804","1.1741713717657258","64886.602066920306","-16603.63285017855","2440330.6300431527","0.026589266744470978","1397","0.0253787682080139","-1.445965571882522","1.4440828042107998","-4095.9999999999995","4090.666666666666","C:\Users\kimeu\Downloads\starlink_pathB_wsl_package_v0_3_clean\starlink_pathB\outputs\coverage_null_global_stats\82_0_lst064_stress_full_polybeam_smooth_S1000_multi.npz","9.10175923472585","9444.443085672718","1.7798436919007438e-05","140609741.2109375","False","False","False","False","False","False","False","False","False","0","2","2","2","0.0","0.2812107439459313","0.0","0.9963509766045548","0.0002588706478842"
"82_0","81.33403506806889","mid","stress","64","2461041.9444444445","2461041.951267397","full_polybeam","lines","30.0","single","coherent_ab","2","2","1","46538","89.637","0.6134387600806451","0.0002588706478842","0.2812107439459313","1086.298297023242","1.9472222005235718","1.9472222005235718","0.001772754012063261","False","20271549","100","0.6866629610154525","-0.4511015824830349","0.22772277227722773","0.7326732673267327","0.324963472528907","27.705027844850164","0.2881817462257459","0.3317069222025566","0.33385975365101334","27.80812805875599","28.114568177594457","28.133604167038914","0.0361297112522152","1.0803295850856034","1.0368142992166174","27.705027844850164","-0.9798060755556052","2440330.6300431527","1.1352981232858701e-05","1397","0.0253787682080139","-1.445965571882522","1.4440828042107998","-4095.9999999999995","4090.666666666666","C:\Users\kimeu\Downloads\starlink_pathB_wsl_package_v0_3_clean\starlink_pathB\outputs\coverage_null_global_stats\82_0_lst064_stress_full_polybeam_lines_S30_single.npz","9.10175923472585","9444.443085672718","1.7798436919007438e-05","140609741.2109375","False","False","False","False","False","False","False","False","False","0","2","2","2","0.0","0.2812107439459313","0.0","0.9963509766045548","0.0002588706478842"
"82_0","81.33403506806889","mid","stress","64","2461041.9444444445","2461041.951267397","full_polybeam","lines","30.0","multi","coherent_ab","2","2","2","46538;45222","89.637;81.702","0.6134387600806451","0.0002588706478842","0.2812107439459313","1086.298297023242","2.519459335536132","1.9472222005235718","0.0030602733311826053","False","20271566","100","-1.2235736153291348","-0.01849292254626047","0.9900990099009901","0.504950495049505","8.109406760035654","1952.6620483189326","13.874991745319676","23.44544807710845","23.595113531232492","1953.1871268352288","1992.459765211228","1994.4554035282001","3.178258951346379","1.536673706544983","1.0585684046586201","1952.6620483189326","-545.6871057854961","2440330.6300431527","0.0008001629059109927","1397","0.0253787682080139","-1.445965571882522","1.4440828042107998","-4095.9999999999995","4090.666666666666","C:\Users\kimeu\Downloads\starlink_pathB_wsl_package_v0_3_clean\starlink_pathB\outputs\coverage_null_global_stats\82_0_lst064_stress_full_polybeam_lines_S30_multi.npz","9.10175923472585","9444.443085672718","1.7798436919007438e-05","140609741.2109375","False","False","False","False","False","False","False","False","False","0","2","2","2","0.0","0.2812107439459313","0.0","0.9963509766045548","0.0002588706478842"
"82_0","81.33403506806889","mid","stress","64","2461041.9444444445","2461041.951267397","full_polybeam","lines","1000.0","single","coherent_ab","2","2","1","46538","89.637","0.6134387600806451","0.0002588706478842","0.2812107439459313","1086.298297023242","64.90740668411905","64.90740668411905","0.0590918004021087","False","20271583","100","0.7277904414454403","-0.2325183015808482","0.16831683168316833","0.6336633663366337","10.841850075492403","923.5659434511587","9.457559413058334","11.0560794179818","11.152886485801119","925.041626669227","936.9671069517591","937.2356871636141","1.2829122327948426","1.117111817911078","1.0572048939710246","923.5659434511587","-31.646730640599596","2440330.6300431527","0.0003784593497623013","1397","0.0253787682080139","-1.445965571882522","1.4440828042107998","-4095.9999999999995","4090.666666666666","C:\Users\kimeu\Downloads\starlink_pathB_wsl_package_v0_3_clean\starlink_pathB\outputs\coverage_null_global_stats\82_0_lst064_stress_full_polybeam_lines_S1000_single.npz","9.10175923472585","9444.443085672718","1.7798436919007438e-05","140609741.2109375","False","False","False","False","False","False","False","False","False","0","2","2","2","0.0","0.2812107439459313","0.0","0.9963509766045548","0.0002588706478842"
"82_0","81.33403506806889","mid","stress","64","2461041.9444444445","2461041.951267397","full_polybeam","lines","1000.0","multi","coherent_ab","2","2","2","46538;45222","89.637;81.702","0.6134387600806451","0.0002588706478842","0.2812107439459313","1086.298297023242","83.98197785120439","64.90740668411905","0.10200911103942017","False","20271600","100","-1.301395634104164","-0.70453698886642","0.9702970297029703","0.8118811881188119","285.911995607805","64858.7650359344","440.05193711868924","764.8243616798227","794.647327085046","65548.55666756042","66680.12907982286","66777.6167202257","79.88805517003357","1.0462469254728928","0.82921194162117","64858.7650359344","-16605.390206382082","2440330.6300431527","0.026577859670919874","1397","0.0253787682080139","-1.445965571882522","1.4440828042107998","-4095.9999999999995","4090.666666666666","C:\Users\kimeu\Downloads\starlink_pathB_wsl_package_v0_3_clean\starlink_pathB\outputs\coverage_null_global_stats\82_0_lst064_stress_full_polybeam_lines_S1000_multi.npz","9.10175923472585","9444.443085672718","1.7798436919007438e-05","140609741.2109375","False","False","False","False","False","False","False","False","False","0","2","2","2","0.0","0.2812107439459313","0.0","0.9963509766045548","0.0002588706478842"
"82_0","81.33403506806889","mid","stress","64","2461041.9444444445","2461041.951267397","full_polybeam","khz_comb","30.0","single","coherent_ab","2","2","1","46538","89.637","0.6134387600806451","0.0002588706478842","0.2812107439459313","1086.298297023242","1.6025216155219855","1.6025216155219855","0.0015715637554321873","False","20271617","100","0.7927572665474198","-0.08643196246959352","0.21782178217821782","0.5445544554455446","0.33358252475409245","28.03431014151863","0.29437817862071824","0.34204443315047683","0.34884960322900954","28.063778011703455","28.320407807473266","28.32596560759109","0.033355694503370614","1.261042285020534","1.158009945207546","28.03431014151863","-1.0111857950924512","2440330.6300431527","1.1487914709746891e-05","1397","0.0253787682080139","-1.445965571882522","1.4440828042107998","-4095.9999999999995","4090.666666666666","C:\Users\kimeu\Downloads\starlink_pathB_wsl_package_v0_3_clean\starlink_pathB\outputs\coverage_null_global_stats\82_0_lst064_stress_full_polybeam_khz_comb_S30_single.npz","9.10175923472585","9444.443085672718","1.7798436919007438e-05","140609741.2109375","False","False","False","False","False","False","False","False","False","0","2","2","2","0.0","0.2812107439459313","0.0","0.9963509766045548","0.0002588706478842"
"82_0","81.33403506806889","mid","stress","64","2461041.9444444445","2461041.951267397","full_polybeam","khz_comb","30.0","multi","coherent_ab","2","2","2","46538;45222","89.637;81.702","0.6134387600806451","0.0002588706478842","0.2812107439459313","1086.298297023242","2.0734603598601664","1.6025216155219855","0.002681966218431569","False","20271634","100","-1.243541880137314","-0.16789959900488288","0.9702970297029703","0.5643564356435643","6.877399237315785","1663.3737301471683","10.360153286566856","19.184034550426077","19.5648384148693","1668.2513410393315","1695.3144683356259","1697.3563918698146","1.8890279943689166","1.116235519981803","0.853377262807338","1663.3737301471683","-450.77554624375307","2440330.6300431527","0.0006816181830729038","1397","0.0253787682080139","-1.445965571882522","1.4440828042107998","-4095.9999999999995","4090.666666666666","C:\Users\kimeu\Downloads\starlink_pathB_wsl_package_v0_3_clean\starlink_pathB\outputs\coverage_null_global_stats\82_0_lst064_stress_full_polybeam_khz_comb_S30_multi.npz","9.10175923472585","9444.443085672718","1.7798436919007438e-05","140609741.2109375","False","False","False","False","False","False","False","False","False","0","2","2","2","0.0","0.2812107439459313","0.0","0.9963509766045548","0.0002588706478842"
"82_0","81.33403506806889","mid","stress","64","2461041.9444444445","2461041.951267397","full_polybeam","khz_comb","1000.0","single","coherent_ab","2","2","1","46538","89.637","0.6134387600806451","0.0002588706478842","0.2812107439459313","1086.298297023242","53.41738718406618","53.41738718406618","0.05238545851440625","False","20271651","100","0.8616981064160756","-0.06920437375223933","0.21782178217821782","0.5247524752475248","11.130031571507061","934.5397559618153","9.895255163925867","11.406387544157496","11.53694890797513","935.1634209275405","944.0987734876423","944.2425232679893","0.9665163132331145","1.1171719052889764","1.0152181138381002","934.5397559618153","-32.672231126373575","2440330.6300431527","0.0003829562045636782","1397","0.0253787682080139","-1.445965571882522","1.4440828042107998","-4095.9999999999995","4090.666666666666","C:\Users\kimeu\Downloads\starlink_pathB_wsl_package_v0_3_clean\starlink_pathB\outputs\coverage_null_global_stats\82_0_lst064_stress_full_polybeam_khz_comb_S1000_single.npz","9.10175923472585","9444.443085672718","1.7798436919007438e-05","140609741.2109375","False","False","False","False","False","False","False","False","False","0","2","2","2","0.0","0.2812107439459313","0.0","0.9963509766045548","0.0002588706478842"
"82_0","81.33403506806889","mid","stress","64","2461041.9444444445","2461041.951267397","full_polybeam","khz_comb","1000.0","multi","coherent_ab","2","2","2","46538;45222","89.637;81.702","0.6134387600806451","0.0002588706478842","0.2812107439459313","1086.298297023242","69.11534532867222","53.41738718406618","0.08939887394771898","False","20271668","100","-1.0925964128623817","-0.2710594521720262","0.9702970297029703","0.7326732673267327","233.42171948112173","55276.93634109509","352.81983654047326","654.2821022850505","659.0184073860761","55518.29213921206","56711.15275258323","56756.23808913618","73.70784464178996","1.2131442393941243","0.9008825128800002","55276.93634109509","-14060.4468692751","2440330.6300431527","0.022651412747344658","1397","0.0253787682080139","-1.445965571882522","1.4440828042107998","-4095.9999999999995","4090.666666666666","C:\Users\kimeu\Downloads\starlink_pathB_wsl_package_v0_3_clean\starlink_pathB\outputs\coverage_null_global_stats\82_0_lst064_stress_full_polybeam_khz_comb_S1000_multi.npz","9.10175923472585","9444.443085672718","1.7798436919007438e-05","140609741.2109375","False","False","False","False","False","False","False","False","False","0","2","2","2","0.0","0.2812107439459313","0.0","0.9963509766045548","0.0002588706478842"
