baseline_id,baseline_length_m,baseline_class,lst_stratum,lst_bin_id,lst_start,lst_end,beam_model,morphology,flux_jy,multiplicity,injection_mode,n_sat_visible,n_sat_ranked_visible,n_injected,selected_norad_ids,selected_peak_alts_deg,flag_fraction,pre_risk_score,metadata_beam_weighted_sat_exposure,metadata_n_sat_visible_center,metadata_n_sat_visible_any_bin,metadata_n_sat_visible_peak_bin,metadata_n_sat_peak_visible,metadata_beam_weighted_sat_exposure_center,metadata_beam_weighted_sat_exposure_bin_mean,metadata_max_sat_beam_response_center,metadata_max_sat_beam_response_bin,metadata_pre_risk_score_bin,metadata_null_mad_win_proxy,sat_peak_abs_jy_sum,sat_peak_abs_jy_max,sat_mean_abs_jy_sum,zero_coupling,seed,n_null,Z_PS_max,Z_PS_abs_integrated,PTE_global_max,PTE_global_absint,obs_max_bias,obs_abs_integrated,null_max_bias_p50,null_max_bias_p95,null_max_bias_p99,null_abs_integrated_p50,null_abs_integrated_p95,null_abs_integrated_p99,null_mad_win,Z_PS_bin_max,Z_PS_bin_p95,window_abs_bias_sum,window_signed_bias_sum,window_bg_abs_sum,relative_abs_bias,n_window_bins,kperp,kpar_min_window,kpar_max_window,tau_ns_min_window,tau_ns_max_window,null_global_stats_path,z_eff,X_mpc,Y_mpc_per_hz,nu_eff_hz,PS_gt_2,PS_gt_3,flag_exploratory,candidate_statistical,candidate_floor_1em08,candidate_floor_1em07,candidate_floor_1em06,candidate_floor_1em05,candidate_floor_1em04,candidate_floor_1em03,candidate_floor_1em02,candidate_floor_1em01
0_1,14.60794900739243,short,quiet,17,2461041.6180555555,2461041.624878509,frozen_polybeam,smooth,30.0,single,coherent_ab,2,19,1,45651,84.983,0.1657111055107527,6.108540873789748e-10,0.0684687078802128,0,2,2,2,0.0,0.0684687078802128,0.0,0.2805166207424566,6.108540873789748e-10,112086845.77031374,0.6729753400155015,0.6729753400155015,0.005114030846523009,False,20260622,100,0.5799812192439254,0.1907567333210129,0.2376237623762376,0.4158415841584158,882.2668473049998,31021.66595911915,804.8141883704811,981.0598613519221,983.4167875958979,30425.774087805818,32915.911096858355,32947.93313594652,90.07378345169127,1.1857460371847341,1.0809033214828576,31021.66595911915,-2628.709662487169,3315845847.160797,9.355581468204121e-06,1481,0.004558137949787341,-1.445965571882522,1.4440828042107998,-4095.9999999999995,4090.666666666666,C:\Users\kimeu\Downloads\starlink_pathB_wsl_package_v0_3_clean\starlink_pathB\paper_final_experiment_check\outputs\coverage_null_global_stats_all_tle_full\0_1_lst017_quiet_frozen_polybeam_smooth_S30_single.npz,9.10175923472585,9444.443085672718,1.7798436919007438e-05,140609741.2109375,False,False,False,False,False,False,False,False,False,False,False,False
0_1,14.60794900739243,short,quiet,17,2461041.6180555555,2461041.624878509,frozen_polybeam,smooth,30.0,multi,coherent_ab,2,19,12,45651;46168;58428;58428;57787;57787;55657;54377;54377;54377;54377;51856,84.983;83.229;81.222;81.222;77.601;77.601;77.599;74.834;74.834;74.834;74.834;72.547,0.1657111055107527,6.108540873789748e-10,0.0684687078802128,0,2,2,2,0.0,0.0684687078802128,0.0,0.2805166207424566,6.108540873789748e-10,112086845.77031374,5.351130699501337,2.8244797714226975,0.017632013128613944,False,20260639,100,-0.13735626168256143,-0.28239810078347577,0.5643564356435643,0.5841584158415841,3498.6360092684627,115906.51548062928,3722.628938872367,6506.089054206944,7433.9076801050505,128484.39580824468,189672.24745991954,213710.6668593759,1099.921906400472,2.6045130992772876,1.4888675406398588,115906.51548062928,-11885.996384995371,3315845847.160797,3.495533894613182e-05,1481,0.004558137949787341,-1.445965571882522,1.4440828042107998,-4095.9999999999995,4090.666666666666,C:\Users\kimeu\Downloads\starlink_pathB_wsl_package_v0_3_clean\starlink_pathB\paper_final_experiment_check\outputs\coverage_null_global_stats_all_tle_full\0_1_lst017_quiet_frozen_polybeam_smooth_S30_multi.npz,9.10175923472585,9444.443085672718,1.7798436919007438e-05,140609741.2109375,False,False,False,False,False,False,False,False,False,False,False,False
0_1,14.60794900739243,short,quiet,17,2461041.6180555555,2461041.624878509,frozen_polybeam,smooth,1000.0,single,coherent_ab,2,19,1,45651,84.983,0.1657111055107527,6.108540873789748e-10,0.0684687078802128,0,2,2,2,0.0,0.0684687078802128,0.0,0.2805166207424566,6.108540873789748e-10,112086845.77031374,22.43251133385005,22.43251133385005,0.1704676948841003,False,20260656,100,0.7290972083561372,-0.07039100910862157,0.21782178217821782,0.5148514851485149,31442.691776867956,1033339.2025277999,28947.771601855755,33172.74512587823,33541.44868894145,1039160.0651969324,1100041.7466660913,1102677.409671536,2308.060687094927,1.0993138352900251,1.0244599598829052,1033339.2025277999,-28189.341871663688,3315845847.160797,0.0003116366834159675,1481,0.004558137949787341,-1.445965571882522,1.4440828042107998,-4095.9999999999995,4090.666666666666,C:\Users\kimeu\Downloads\starlink_pathB_wsl_package_v0_3_clean\starlink_pathB\paper_final_experiment_check\outputs\coverage_null_global_stats_all_tle_full\0_1_lst017_quiet_frozen_polybeam_smooth_S1000_single.npz,9.10175923472585,9444.443085672718,1.7798436919007438e-05,140609741.2109375,False,False,False,False,False,False,False,False,False,False,False,False
0_1,14.60794900739243,short,quiet,17,2461041.6180555555,2461041.624878509,frozen_polybeam,smooth,1000.0,multi,coherent_ab,2,19,12,45651;46168;58428;58428;57787;57787;55657;54377;54377;54377;54377;51856,84.983;83.229;81.222;81.222;77.601;77.601;77.599;74.834;74.834;74.834;74.834;72.547,0.1657111055107527,6.108540873789748e-10,0.0684687078802128,0,2,2,2,0.0,0.0684687078802128,0.0,0.2805166207424566,6.108540873789748e-10,112086845.77031374,178.37102331671124,94.1493257140899,0.5877337709537982,False,20260673,100,0.16935308605283603,-0.18538822769496585,0.42574257425742573,0.5841584158415841,119278.37773724645,3859399.4656546954,110014.55650953203,209885.6363495823,251078.00845128085,4104402.140243118,6071760.3120442685,6798996.54889781,36895.470647562295,2.8327113980099106,1.6253927330530658,3859399.4656546954,-311891.7218803199,3315845847.160797,0.0011639260820762575,1481,0.004558137949787341,-1.445965571882522,1.4440828042107998,-4095.9999999999995,4090.666666666666,C:\Users\kimeu\Downloads\starlink_pathB_wsl_package_v0_3_clean\starlink_pathB\paper_final_experiment_check\outputs\coverage_null_global_stats_all_tle_full\0_1_lst017_quiet_frozen_polybeam_smooth_S1000_multi.npz,9.10175923472585,9444.443085672718,1.7798436919007438e-05,140609741.2109375,False,False,False,False,False,False,False,False,False,False,False,False
0_1,14.60794900739243,short,quiet,17,2461041.6180555555,2461041.624878509,frozen_polybeam,lines,30.0,single,coherent_ab,2,19,1,45651,84.983,0.1657111055107527,6.108540873789748e-10,0.0684687078802128,0,2,2,2,0.0,0.0684687078802128,0.0,0.2805166207424566,6.108540873789748e-10,112086845.77031374,0.6729750414411958,0.6729750414411958,0.005120068203025058,False,20260690,100,0.9559982650470193,0.6135935045812788,0.1485148514851485,0.37623762376237624,884.4130605272949,31015.960725263765,766.5366301182657,895.6376151617617,966.8238066072017,29477.13218974023,32926.40951167791,32958.73570919541,83.1660118829459,0.9507792167243018,0.8591119631515964,31015.960725263765,-2633.706294566876,3315845847.160797,9.35386087137352e-06,1481,0.004558137949787341,-1.445965571882522,1.4440828042107998,-4095.9999999999995,4090.666666666666,C:\Users\kimeu\Downloads\starlink_pathB_wsl_package_v0_3_clean\starlink_pathB\paper_final_experiment_check\outputs\coverage_null_global_stats_all_tle_full\0_1_lst017_quiet_frozen_polybeam_lines_S30_single.npz,9.10175923472585,9444.443085672718,1.7798436919007438e-05,140609741.2109375,False,False,False,False,False,False,False,False,False,False,False,False
0_1,14.60794900739243,short,quiet,17,2461041.6180555555,2461041.624878509,frozen_polybeam,lines,30.0,multi,coherent_ab,2,19,12,45651;46168;58428;58428;57787;57787;55657;54377;54377;54377;54377;51856,84.983;83.229;81.222;81.222;77.601;77.601;77.599;74.834;74.834;74.834;74.834;72.547,0.1657111055107527,6.108540873789748e-10,0.0684687078802128,0,2,2,2,0.0,0.0684687078802128,0.0,0.2805166207424566,6.108540873789748e-10,112086845.77031374,5.351063074197285,2.824420787551837,0.0176525053738433,False,20260707,100,0.07648075404465425,-0.35535201948024425,0.48514851485148514,0.6633663366336634,3507.3744267746806,115900.30797822433,3389.6791100353003,6900.998604468628,8248.532528531554,131416.67935510929,195786.8983710733,226210.42080317507,1037.9657544698566,2.745519115776711,1.4964926304434254,115900.30797822433,-11880.30254487129,3315845847.160797,3.495346687406e-05,1481,0.004558137949787341,-1.445965571882522,1.4440828042107998,-4095.9999999999995,4090.666666666666,C:\Users\kimeu\Downloads\starlink_pathB_wsl_package_v0_3_clean\starlink_pathB\paper_final_experiment_check\outputs\coverage_null_global_stats_all_tle_full\0_1_lst017_quiet_frozen_polybeam_lines_S30_multi.npz,9.10175923472585,9444.443085672718,1.7798436919007438e-05,140609741.2109375,False,False,False,False,False,False,False,False,False,False,False,False
0_1,14.60794900739243,short,quiet,17,2461041.6180555555,2461041.624878509,frozen_polybeam,lines,1000.0,single,coherent_ab,2,19,1,45651,84.983,0.1657111055107527,6.108540873789748e-10,0.0684687078802128,0,2,2,2,0.0,0.0684687078802128,0.0,0.2805166207424566,6.108540873789748e-10,112086845.77031374,22.4325013813732,22.4325013813732,0.17066894010083525,False,20260724,100,0.8130656669689569,0.2802164317081473,0.13861386138613863,0.42574257425742573,31523.59680664912,1033243.9021661602,28015.655102899298,33183.091177713126,33278.83514639407,1009472.5186458677,1094010.014954246,1102566.6552697076,2910.0653982628137,1.052569603715192,1.0082866892955924,1033243.9021661602,-28390.091149381922,3315845847.160797,0.00031160794252569924,1481,0.004558137949787341,-1.445965571882522,1.4440828042107998,-4095.9999999999995,4090.666666666666,C:\Users\kimeu\Downloads\starlink_pathB_wsl_package_v0_3_clean\starlink_pathB\paper_final_experiment_check\outputs\coverage_null_global_stats_all_tle_full\0_1_lst017_quiet_frozen_polybeam_lines_S1000_single.npz,9.10175923472585,9444.443085672718,1.7798436919007438e-05,140609741.2109375,False,False,False,False,False,False,False,False,False,False,False,False
0_1,14.60794900739243,short,quiet,17,2461041.6180555555,2461041.624878509,frozen_polybeam,lines,1000.0,multi,coherent_ab,2,19,12,45651;46168;58428;58428;57787;57787;55657;54377;54377;54377;54377;51856,84.983;83.229;81.222;81.222;77.601;77.601;77.599;74.834;74.834;74.834;74.834;72.547,0.1657111055107527,6.108540873789748e-10,0.0684687078802128,0,2,2,2,0.0,0.0684687078802128,0.0,0.2805166207424566,6.108540873789748e-10,112086845.77031374,178.36876913990955,94.14735958506124,0.5884168457947766,False,20260741,100,0.08301825114174967,-0.27360488040752523,0.4752475247524752,0.6138613861386139,119584.36619114131,3859320.7209165706,114992.6754200533,261142.8554065645,281014.5571415858,4241671.3699058555,6952404.824558044,7189103.910583425,37305.68824179098,2.5075845874163316,1.4213105718819574,3859320.7209165706,-311722.52026831626,3315845847.160797,0.0011639023340669246,1481,0.004558137949787341,-1.445965571882522,1.4440828042107998,-4095.9999999999995,4090.666666666666,C:\Users\kimeu\Downloads\starlink_pathB_wsl_package_v0_3_clean\starlink_pathB\paper_final_experiment_check\outputs\coverage_null_global_stats_all_tle_full\0_1_lst017_quiet_frozen_polybeam_lines_S1000_multi.npz,9.10175923472585,9444.443085672718,1.7798436919007438e-05,140609741.2109375,False,False,False,False,False,False,False,False,False,False,False,False
0_1,14.60794900739243,short,quiet,17,2461041.6180555555,2461041.624878509,frozen_polybeam,khz_comb,30.0,single,coherent_ab,2,19,1,45651,84.983,0.1657111055107527,6.108540873789748e-10,0.0684687078802128,0,2,2,2,0.0,0.0684687078802128,0.0,0.2805166207424566,6.108540873789748e-10,112086845.77031374,0.6553909686229452,0.6553909686229452,0.004624803602601466,False,20260758,100,0.7503783409324793,0.09068376564680201,0.18811881188118812,0.44554455445544555,784.8512924648821,27452.868357710475,715.836534935981,824.6782109249383,837.8413242147863,27232.24643107299,29370.69498613474,29393.82841919351,62.03512772358954,0.8040151689581585,0.7852914919278142,27452.868357710475,-2272.066187089942,3315845847.160797,8.279295728182622e-06,1481,0.004558137949787341,-1.445965571882522,1.4440828042107998,-4095.9999999999995,4090.666666666666,C:\Users\kimeu\Downloads\starlink_pathB_wsl_package_v0_3_clean\starlink_pathB\paper_final_experiment_check\outputs\coverage_null_global_stats_all_tle_full\0_1_lst017_quiet_frozen_polybeam_khz_comb_S30_single.npz,9.10175923472585,9444.443085672718,1.7798436919007438e-05,140609741.2109375,False,False,False,False,False,False,False,False,False,False,False,False
0_1,14.60794900739243,short,quiet,17,2461041.6180555555,2461041.624878509,frozen_polybeam,khz_comb,30.0,multi,coherent_ab,2,19,12,45651;46168;58428;58428;57787;57787;55657;54377;54377;54377;54377;51856,84.983;83.229;81.222;81.222;77.601;77.601;77.599;74.834;74.834;74.834;74.834;72.547,0.1657111055107527,6.108540873789748e-10,0.0684687078802128,0,2,2,2,0.0,0.0684687078802128,0.0,0.2805166207424566,6.108540873789748e-10,112086845.77031374,4.7061910875980155,2.3244370170823023,0.01580067811353768,False,20260775,100,0.05829897446867016,-0.49985852347881565,0.48514851485148514,0.7029702970297029,3040.9662343487144,100024.92920719812,2948.948736563325,5671.14736970067,7242.643349843102,117857.48241155563,173219.84714794953,187327.8919626243,1064.597662858665,3.1456012812381013,1.8825673581794748,100024.92920719812,-9212.447216523204,3315845847.160797,3.0165735627560843e-05,1481,0.004558137949787341,-1.445965571882522,1.4440828042107998,-4095.9999999999995,4090.666666666666,C:\Users\kimeu\Downloads\starlink_pathB_wsl_package_v0_3_clean\starlink_pathB\paper_final_experiment_check\outputs\coverage_null_global_stats_all_tle_full\0_1_lst017_quiet_frozen_polybeam_khz_comb_S30_multi.npz,9.10175923472585,9444.443085672718,1.7798436919007438e-05,140609741.2109375,False,False,False,False,False,False,False,False,False,False,False,False
0_1,14.60794900739243,short,quiet,17,2461041.6180555555,2461041.624878509,frozen_polybeam,khz_comb,1000.0,single,coherent_ab,2,19,1,45651,84.983,0.1657111055107527,6.108540873789748e-10,0.0684687078802128,0,2,2,2,0.0,0.0684687078802128,0.0,0.2805166207424566,6.108540873789748e-10,112086845.77031374,21.84636562076484,21.84636562076484,0.1541601200867155,False,20260792,100,0.8334702559558089,-0.07881430112987382,0.09900990099009901,0.5544554455445545,27892.3146555759,915137.6428939411,25199.597856912762,28201.124874622,28475.005628703908,920459.758691119,978330.4377849983,980815.7117964362,2179.0970770791173,1.1388853191465687,1.0229207942141734,915137.6428939411,-24519.707069264954,3315845847.160797,0.0002759892000641497,1481,0.004558137949787341,-1.445965571882522,1.4440828042107998,-4095.9999999999995,4090.666666666666,C:\Users\kimeu\Downloads\starlink_pathB_wsl_package_v0_3_clean\starlink_pathB\paper_final_experiment_check\outputs\coverage_null_global_stats_all_tle_full\0_1_lst017_quiet_frozen_polybeam_khz_comb_S1000_single.npz,9.10175923472585,9444.443085672718,1.7798436919007438e-05,140609741.2109375,False,False,False,False,False,False,False,False,False,False,False,False
0_1,14.60794900739243,short,quiet,17,2461041.6180555555,2461041.624878509,frozen_polybeam,khz_comb,1000.0,multi,coherent_ab,2,19,12,45651;46168;58428;58428;57787;57787;55657;54377;54377;54377;54377;51856,84.983;83.229;81.222;81.222;77.601;77.601;77.599;74.834;74.834;74.834;74.834;72.547,0.1657111055107527,6.108540873789748e-10,0.0684687078802128,0,2,2,2,0.0,0.0684687078802128,0.0,0.2805166207424566,6.108540873789748e-10,112086845.77031374,156.87303625326717,77.48123390274343,0.526689270451256,False,20260809,100,-0.06000566818874229,-0.477665752584241,0.5544554455445545,0.7029702970297029,103467.55307586491,3333414.1840740447,106432.53805824742,210668.6755815036,244992.57360134702,3971241.795214554,6214595.078730762,6446585.895334682,33327.76774209924,2.7378103182532794,1.510070307041627,3333414.1840740447,-243978.43209733022,3315845847.160797,0.0010052982972439115,1481,0.004558137949787341,-1.445965571882522,1.4440828042107998,-4095.9999999999995,4090.666666666666,C:\Users\kimeu\Downloads\starlink_pathB_wsl_package_v0_3_clean\starlink_pathB\paper_final_experiment_check\outputs\coverage_null_global_stats_all_tle_full\0_1_lst017_quiet_frozen_polybeam_khz_comb_S1000_multi.npz,9.10175923472585,9444.443085672718,1.7798436919007438e-05,140609741.2109375,False,False,False,False,False,False,False,False,False,False,False,False
0_1,14.60794900739243,short,quiet,17,2461041.6180555555,2461041.624878509,full_polybeam,smooth,30.0,single,coherent_ab,2,19,1,45651,84.983,0.1657111055107527,6.108540873789748e-10,0.0684687078802128,0,2,2,2,0.0,0.0684687078802128,0.0,0.2805166207424566,6.108540873789748e-10,112086845.77031374,1.1221520981671842,1.1221520981671842,0.007433065449553569,False,20260826,100,0.6402956578889822,-0.0725020513564603,0.16831683168316833,0.5148514851485149,960.9393065571785,35004.885193143826,862.0360320080072,1071.1234709501266,1091.1221398489922,35191.22129535186,37070.29241665858,37107.951870031626,104.18522122316062,1.0102904158940935,0.9769690169437916,35004.885193143826,-1366.6305315155062,3315845847.160797,1.0556849385238117e-05,1481,0.004558137949787341,-1.445965571882522,1.4440828042107998,-4095.9999999999995,4090.666666666666,C:\Users\kimeu\Downloads\starlink_pathB_wsl_package_v0_3_clean\starlink_pathB\paper_final_experiment_check\outputs\coverage_null_global_stats_all_tle_full\0_1_lst017_quiet_full_polybeam_smooth_S30_single.npz,9.10175923472585,9444.443085672718,1.7798436919007438e-05,140609741.2109375,False,False,False,False,False,False,False,False,False,False,False,False
0_1,14.60794900739243,short,quiet,17,2461041.6180555555,2461041.624878509,full_polybeam,smooth,30.0,multi,coherent_ab,2,19,12,45651;46168;58428;58428;57787;57787;55657;54377;54377;54377;54377;51856,84.983;83.229;81.222;81.222;77.601;77.601;77.599;74.834;74.834;74.834;74.834;72.547,0.1657111055107527,6.108540873789748e-10,0.0684687078802128,0,2,2,2,0.0,0.0684687078802128,0.0,0.2805166207424566,6.108540873789748e-10,112086845.77031374,14.819806056008101,5.976828421383456,0.03554625790906255,False,20260843,100,-0.6279388700873484,-0.9420005011431128,0.7722772277227723,0.8514851485148515,2929.144265346229,113324.91270266396,4051.4390709418803,7329.623002744093,9886.887587979287,159926.9628277783,256268.70062440287,276133.7058494386,1205.4954898357391,2.8917998070884794,1.4673059429801047,113324.91270266396,-1915.325417721128,3315845847.160797,3.417677356735349e-05,1481,0.004558137949787341,-1.445965571882522,1.4440828042107998,-4095.9999999999995,4090.666666666666,C:\Users\kimeu\Downloads\starlink_pathB_wsl_package_v0_3_clean\starlink_pathB\paper_final_experiment_check\outputs\coverage_null_global_stats_all_tle_full\0_1_lst017_quiet_full_polybeam_smooth_S30_multi.npz,9.10175923472585,9444.443085672718,1.7798436919007438e-05,140609741.2109375,False,False,False,False,False,False,False,False,False,False,False,False
0_1,14.60794900739243,short,quiet,17,2461041.6180555555,2461041.624878509,full_polybeam,smooth,1000.0,single,coherent_ab,2,19,1,45651,84.983,0.1657111055107527,6.108540873789748e-10,0.0684687078802128,0,2,2,2,0.0,0.0684687078802128,0.0,0.2805166207424566,6.108540873789748e-10,112086845.77031374,37.40506993890615,37.40506993890615,0.24776884831845225,False,20260860,100,0.7234810679629023,-0.062386955312998225,0.13861386138613863,0.5247524752475248,35940.250981297344,1176478.2773161838,30653.51938032359,38230.2485212557,38539.32819061004,1180846.4724791348,1236059.4027206372,1247429.9299748812,4928.74211999774,0.9988566106755893,0.9157831759014013,1176478.2773161838,83420.90605044289,3315845847.160797,0.0003548048768079936,1481,0.004558137949787341,-1.445965571882522,1.4440828042107998,-4095.9999999999995,4090.666666666666,C:\Users\kimeu\Downloads\starlink_pathB_wsl_package_v0_3_clean\starlink_pathB\paper_final_experiment_check\outputs\coverage_null_global_stats_all_tle_full\0_1_lst017_quiet_full_polybeam_smooth_S1000_single.npz,9.10175923472585,9444.443085672718,1.7798436919007438e-05,140609741.2109375,False,False,False,False,False,False,False,False,False,False,False,False
0_1,14.60794900739243,short,quiet,17,2461041.6180555555,2461041.624878509,full_polybeam,smooth,1000.0,multi,coherent_ab,2,19,12,45651;46168;58428;58428;57787;57787;55657;54377;54377;54377;54377;51856,84.983;83.229;81.222;81.222;77.601;77.601;77.599;74.834;74.834;74.834;74.834;72.547,0.1657111055107527,6.108540873789748e-10,0.0684687078802128,0,2,2,2,0.0,0.0684687078802128,0.0,0.2805166207424566,6.108540873789748e-10,112086845.77031374,493.9935352002701,199.22761404611526,1.1848752636354183,False,20260877,100,-0.4768391170576432,-0.9665400077880959,0.6633663366336634,0.8712871287128713,102365.73431093246,3774530.856215292,136840.08354683965,268073.6743773069,299558.86942717596,5478714.266814034,8559618.148107976,9418960.316393882,48764.09918311611,3.360740492624351,1.5929249822615268,3774530.856215292,87663.92033215915,3315845847.160797,0.0011383312223176012,1481,0.004558137949787341,-1.445965571882522,1.4440828042107998,-4095.9999999999995,4090.666666666666,C:\Users\kimeu\Downloads\starlink_pathB_wsl_package_v0_3_clean\starlink_pathB\paper_final_experiment_check\outputs\coverage_null_global_stats_all_tle_full\0_1_lst017_quiet_full_polybeam_smooth_S1000_multi.npz,9.10175923472585,9444.443085672718,1.7798436919007438e-05,140609741.2109375,False,False,False,False,False,False,False,False,False,False,False,False
0_1,14.60794900739243,short,quiet,17,2461041.6180555555,2461041.624878509,full_polybeam,lines,30.0,single,coherent_ab,2,19,1,45651,84.983,0.1657111055107527,6.108540873789748e-10,0.0684687078802128,0,2,2,2,0.0,0.0684687078802128,0.0,0.2805166207424566,6.108540873789748e-10,112086845.77031374,1.1221286641617036,1.1221286641617036,0.007440807934598033,False,20260894,100,0.9324541960079518,0.45129922887267043,0.12871287128712872,0.32673267326732675,963.044629689306,34985.522622406905,800.8160016667098,1050.9844725627452,1085.0935225387664,33817.98471680102,36959.81880843802,37090.722804117126,117.3480810020119,1.5631228054532758,1.3356462952160189,34985.522622406905,-1377.016158462079,3315845847.160797,1.0551009979056584e-05,1481,0.004558137949787341,-1.445965571882522,1.4440828042107998,-4095.9999999999995,4090.666666666666,C:\Users\kimeu\Downloads\starlink_pathB_wsl_package_v0_3_clean\starlink_pathB\paper_final_experiment_check\outputs\coverage_null_global_stats_all_tle_full\0_1_lst017_quiet_full_polybeam_lines_S30_single.npz,9.10175923472585,9444.443085672718,1.7798436919007438e-05,140609741.2109375,False,False,False,False,False,False,False,False,False,False,False,False
0_1,14.60794900739243,short,quiet,17,2461041.6180555555,2461041.624878509,full_polybeam,lines,30.0,multi,coherent_ab,2,19,12,45651;46168;58428;58428;57787;57787;55657;54377;54377;54377;54377;51856,84.983;83.229;81.222;81.222;77.601;77.601;77.599;74.834;74.834;74.834;74.834;72.547,0.1657111055107527,6.108540873789748e-10,0.0684687078802128,0,2,2,2,0.0,0.0684687078802128,0.0,0.2805166207424566,6.108540873789748e-10,112086845.77031374,14.818979128601285,5.9765189666595875,0.035578603803346605,False,20260911,100,-0.43098744827918156,-0.6921838521112069,0.6831683168316832,0.7623762376237624,2938.6721325814724,113300.25008984162,3716.7932902053,7562.07245221473,9340.4718389693,151866.7906967905,248551.0985205978,290768.0900450919,1217.751311937347,2.6814219755688296,1.4755488351903052,113300.25008984162,-1940.540649091602,3315845847.160797,3.416933576295632e-05,1481,0.004558137949787341,-1.445965571882522,1.4440828042107998,-4095.9999999999995,4090.666666666666,C:\Users\kimeu\Downloads\starlink_pathB_wsl_package_v0_3_clean\starlink_pathB\paper_final_experiment_check\outputs\coverage_null_global_stats_all_tle_full\0_1_lst017_quiet_full_polybeam_lines_S30_multi.npz,9.10175923472585,9444.443085672718,1.7798436919007438e-05,140609741.2109375,False,False,False,False,False,False,False,False,False,False,False,False
0_1,14.60794900739243,short,quiet,17,2461041.6180555555,2461041.624878509,full_polybeam,lines,1000.0,single,coherent_ab,2,19,1,45651,84.983,0.1657111055107527,6.108540873789748e-10,0.0684687078802128,0,2,2,2,0.0,0.0684687078802128,0.0,0.2805166207424566,6.108540873789748e-10,112086845.77031374,37.40428880539013,37.40428880539013,0.24802693115326782,False,20260928,100,0.6982096154959343,0.06763796913453934,0.1188118811881188,0.4752475247524752,36026.0781875737,1176262.2980545906,32155.5572177805,37424.32557479665,37981.397163071786,1170758.4800044491,1249768.37864655,1254867.0587972929,3739.035628478974,0.9461089746651209,0.884187282820028,1176262.2980545906,83004.72124498755,3315845847.160797,0.0003547397413126936,1481,0.004558137949787341,-1.445965571882522,1.4440828042107998,-4095.9999999999995,4090.666666666666,C:\Users\kimeu\Downloads\starlink_pathB_wsl_package_v0_3_clean\starlink_pathB\paper_final_experiment_check\outputs\coverage_null_global_stats_all_tle_full\0_1_lst017_quiet_full_polybeam_lines_S1000_single.npz,9.10175923472585,9444.443085672718,1.7798436919007438e-05,140609741.2109375,False,False,False,False,False,False,False,False,False,False,False,False
0_1,14.60794900739243,short,quiet,17,2461041.6180555555,2461041.624878509,full_polybeam,lines,1000.0,multi,coherent_ab,2,19,12,45651;46168;58428;58428;57787;57787;55657;54377;54377;54377;54377;51856,84.983;83.229;81.222;81.222;77.601;77.601;77.599;74.834;74.834;74.834;74.834;72.547,0.1657111055107527,6.108540873789748e-10,0.0684687078802128,0,2,2,2,0.0,0.0684687078802128,0.0,0.2805166207424566,6.108540873789748e-10,112086845.77031374,493.96597095337626,199.217298888653,1.1859534601115538,False,20260945,100,-0.5889397192196707,-0.8722129433438153,0.7821782178217822,0.8910891089108911,102727.0095089674,3773426.700494235,145932.5164920874,314889.4080472216,341618.68309271993,5659094.604215514,9235439.366365975,9702310.263783002,49481.6604613252,2.964486008511521,1.505864962951224,3773426.700494235,86885.34019677252,3315845847.160797,0.0011379982286345558,1481,0.004558137949787341,-1.445965571882522,1.4440828042107998,-4095.9999999999995,4090.666666666666,C:\Users\kimeu\Downloads\starlink_pathB_wsl_package_v0_3_clean\starlink_pathB\paper_final_experiment_check\outputs\coverage_null_global_stats_all_tle_full\0_1_lst017_quiet_full_polybeam_lines_S1000_multi.npz,9.10175923472585,9444.443085672718,1.7798436919007438e-05,140609741.2109375,False,False,False,False,False,False,False,False,False,False,False,False
0_1,14.60794900739243,short,quiet,17,2461041.6180555555,2461041.624878509,full_polybeam,khz_comb,30.0,single,coherent_ab,2,19,1,45651,84.983,0.1657111055107527,6.108540873789748e-10,0.0684687078802128,0,2,2,2,0.0,0.0684687078802128,0.0,0.2805166207424566,6.108540873789748e-10,112086845.77031374,0.9234875399594504,0.9234875399594504,0.006432935826559403,False,20260962,100,0.797962960168069,0.42942300209531203,0.0891089108910891,0.40594059405940597,846.9843701347709,30033.719240860075,717.2064791359007,874.048935392499,897.2973310861737,29168.25960357026,32120.39735408574,32160.949591450997,109.69680628366768,1.02033248230303,0.969691902264307,30033.719240860075,-1224.6007260738525,3315845847.160797,9.05763434888764e-06,1481,0.004558137949787341,-1.445965571882522,1.4440828042107998,-4095.9999999999995,4090.666666666666,C:\Users\kimeu\Downloads\starlink_pathB_wsl_package_v0_3_clean\starlink_pathB\paper_final_experiment_check\outputs\coverage_null_global_stats_all_tle_full\0_1_lst017_quiet_full_polybeam_khz_comb_S30_single.npz,9.10175923472585,9444.443085672718,1.7798436919007438e-05,140609741.2109375,False,False,False,False,False,False,False,False,False,False,False,False
0_1,14.60794900739243,short,quiet,17,2461041.6180555555,2461041.624878509,full_polybeam,khz_comb,30.0,multi,coherent_ab,2,19,12,45651;46168;58428;58428;57787;57787;55657;54377;54377;54377;54377;51856,84.983;83.229;81.222;81.222;77.601;77.601;77.599;74.834;74.834;74.834;74.834;72.547,0.1657111055107527,6.108540873789748e-10,0.0684687078802128,0,2,2,2,0.0,0.0684687078802128,0.0,0.2805166207424566,6.108540873789748e-10,112086845.77031374,12.195698245001207,4.918545416683262,0.03017231922633993,False,20260979,100,-0.655149702215103,-0.7585377700136506,0.7326732673267327,0.8316831683168316,2490.6873606964946,95074.47038163588,3624.7421672791243,7645.28044719249,9465.614269135604,133819.53630516113,229031.77009478735,250526.68838566155,1167.5339013263583,3.270315173069569,1.497908698274703,95074.47038163588,-1238.4223965633846,3315845847.160797,2.8672765491509105e-05,1481,0.004558137949787341,-1.445965571882522,1.4440828042107998,-4095.9999999999995,4090.666666666666,C:\Users\kimeu\Downloads\starlink_pathB_wsl_package_v0_3_clean\starlink_pathB\paper_final_experiment_check\outputs\coverage_null_global_stats_all_tle_full\0_1_lst017_quiet_full_polybeam_khz_comb_S30_multi.npz,9.10175923472585,9444.443085672718,1.7798436919007438e-05,140609741.2109375,False,False,False,False,False,False,False,False,False,False,False,False
0_1,14.60794900739243,short,quiet,17,2461041.6180555555,2461041.624878509,full_polybeam,khz_comb,1000.0,single,coherent_ab,2,19,1,45651,84.983,0.1657111055107527,6.108540873789748e-10,0.0684687078802128,0,2,2,2,0.0,0.0684687078802128,0.0,0.2805166207424566,6.108540873789748e-10,112086845.77031374,30.78291799864835,30.78291799864835,0.21443119421864681,False,20260996,100,1.1301812180818889,0.06040550841573524,0.0594059405940594,0.4752475247524752,31257.671167358756,1007852.9675540652,26737.348574202508,31244.092670654132,31492.22239972122,1002852.2496838337,1068447.1153921485,1080770.817094807,2697.7229581922293,0.9638808687413206,0.9326627497461591,1007852.9675540652,53569.97017416399,3315845847.160797,0.0003039504892596386,1481,0.004558137949787341,-1.445965571882522,1.4440828042107998,-4095.9999999999995,4090.666666666666,C:\Users\kimeu\Downloads\starlink_pathB_wsl_package_v0_3_clean\starlink_pathB\paper_final_experiment_check\outputs\coverage_null_global_stats_all_tle_full\0_1_lst017_quiet_full_polybeam_khz_comb_S1000_single.npz,9.10175923472585,9444.443085672718,1.7798436919007438e-05,140609741.2109375,False,False,False,False,False,False,False,False,False,False,False,False
0_1,14.60794900739243,short,quiet,17,2461041.6180555555,2461041.624878509,full_polybeam,khz_comb,1000.0,multi,coherent_ab,2,19,12,45651;46168;58428;58428;57787;57787;55657;54377;54377;54377;54377;51856,84.983;83.229;81.222;81.222;77.601;77.601;77.599;74.834;74.834;74.834;74.834;72.547,0.1657111055107527,6.108540873789748e-10,0.0684687078802128,0,2,2,2,0.0,0.0684687078802128,0.0,0.2805166207424566,6.108540873789748e-10,112086845.77031374,406.5232748333737,163.9515138894421,1.0057439742113312,False,20261013,100,-0.633092421933666,-0.8664121714910029,0.7326732673267327,0.8514851485148515,86451.00638960302,3170621.3496823832,127099.65476568788,248625.12752645422,287761.53132015304,4732312.701795008,7772711.174816325,8398348.127623532,43306.690721619874,2.5078329986825447,1.3622194753109507,3170621.3496823832,64214.62951896459,3315845847.160797,0.000956202880298925,1481,0.004558137949787341,-1.445965571882522,1.4440828042107998,-4095.9999999999995,4090.666666666666,C:\Users\kimeu\Downloads\starlink_pathB_wsl_package_v0_3_clean\starlink_pathB\paper_final_experiment_check\outputs\coverage_null_global_stats_all_tle_full\0_1_lst017_quiet_full_polybeam_khz_comb_S1000_multi.npz,9.10175923472585,9444.443085672718,1.7798436919007438e-05,140609741.2109375,False,False,False,False,False,False,False,False,False,False,False,False
0_1,14.60794900739243,short,typical,44,2461041.8055555555,2461041.8123785085,frozen_polybeam,smooth,30.0,single,coherent_ab,3,33,1,57722,86.861,0.1653330813172043,2.560265055874456e-08,0.2419547912000571,0,3,3,3,0.0,0.2419547912000571,0.0,0.7241364102878726,2.560265055874456e-08,9450380.56293815,1.882185193599271,1.882185193599271,0.009301788933507896,False,20261057,100,1.2088687632433772,0.6296851495095488,0.009900990099009901,0.297029702970297,3794.7665984178893,57375.397236978424,2142.1872858453426,3659.077882486372,3777.4764865917246,56915.900367129114,58108.95044536348,58350.40905767172,922.0599535070942,1.0343124949062046,0.9301740014317944,57375.397236978424,668.9738832879965,63167455.77674818,0.0009083062873350393,1481,0.004558137949787341,-1.445965571882522,1.4440828042107998,-4095.9999999999995,4090.666666666666,C:\Users\kimeu\Downloads\starlink_pathB_wsl_package_v0_3_clean\starlink_pathB\paper_final_experiment_check\outputs\coverage_null_global_stats_all_tle_full\0_1_lst044_typical_frozen_polybeam_smooth_S30_single.npz,9.10175923472585,9444.443085672718,1.7798436919007438e-05,140609741.2109375,False,False,True,True,True,True,True,True,True,False,False,False
0_1,14.60794900739243,short,typical,44,2461041.8055555555,2461041.8123785085,frozen_polybeam,smooth,30.0,multi,coherent_ab,3,33,12,57722;57722;55172;55172;55550;55550;44436;44436;58038;45454;45454;55537,86.861;86.861;84.716;84.716;84.082;84.082;81.894;81.894;81.335;80.006;80.006;79.784,0.1653330813172043,2.560265055874456e-08,0.2419547912000571,0,3,3,3,0.0,0.2419547912000571,0.0,0.7241364102878726,2.560265055874456e-08,9450380.56293815,14.566745613842688,2.946835109134021,0.055795920209761936,False,20261074,100,3.2030957516953134,1.426053426575102,0.0297029702970297,0.13861386138613863,9832.942114139907,150669.1550793554,3313.2540104995132,8301.944006807078,9977.6359674094,98831.81058643447,174360.3185572364,193688.89837157304,1372.8810255664284,3.6387664313804797,2.051739102883921,150669.1550793554,17478.162207154433,63167455.77674818,0.002385233871249512,1481,0.004558137949787341,-1.445965571882522,1.4440828042107998,-4095.9999999999995,4090.666666666666,C:\Users\kimeu\Downloads\starlink_pathB_wsl_package_v0_3_clean\starlink_pathB\paper_final_experiment_check\outputs\coverage_null_global_stats_all_tle_full\0_1_lst044_typical_frozen_polybeam_smooth_S30_multi.npz,9.10175923472585,9444.443085672718,1.7798436919007438e-05,140609741.2109375,True,True,True,False,False,False,False,False,False,False,False,False
0_1,14.60794900739243,short,typical,44,2461041.8055555555,2461041.8123785085,frozen_polybeam,smooth,1000.0,single,coherent_ab,3,33,1,57722,86.861,0.1653330813172043,2.560265055874456e-08,0.2419547912000571,0,3,3,3,0.0,0.2419547912000571,0.0,0.7241364102878726,2.560265055874456e-08,9450380.56293815,62.73950645330905,62.73950645330905,0.3100596311169299,False,20261091,100,1.195762899232008,-0.23017331716796482,0.009900990099009901,0.5841584158415841,144426.7544895513,1974724.731821767,81674.6331921618,142781.27577696356,144303.6391065493,2003861.4426098382,2112954.59395149,2122278.7812748025,35396.42012628744,0.9181213179375042,0.8669450276176984,1974724.731821767,535925.2171656339,63167455.77674818,0.0312617424200368,1481,0.004558137949787341,-1.445965571882522,1.4440828042107998,-4095.9999999999995,4090.666666666666,C:\Users\kimeu\Downloads\starlink_pathB_wsl_package_v0_3_clean\starlink_pathB\paper_final_experiment_check\outputs\coverage_null_global_stats_all_tle_full\0_1_lst044_typical_frozen_polybeam_smooth_S1000_single.npz,9.10175923472585,9444.443085672718,1.7798436919007438e-05,140609741.2109375,False,False,True,True,True,True,True,True,True,True,True,False
0_1,14.60794900739243,short,typical,44,2461041.8055555555,2461041.8123785085,frozen_polybeam,smooth,1000.0,multi,coherent_ab,3,33,12,57722;57722;55172;55172;55550;55550;44436;44436;58038;45454;45454;55537,86.861;86.861;84.716;84.716;84.082;84.082;81.894;81.894;81.335;80.006;80.006;79.784,0.1653330813172043,2.560265055874456e-08,0.2419547912000571,0,3,3,3,0.0,0.2419547912000571,0.0,0.7241364102878726,2.560265055874456e-08,9450380.56293815,485.55818712808946,98.22783697113401,1.8598640069920644,False,20261108,100,2.6931745761184107,1.28104816379306,0.0891089108910891,0.09900990099009901,411416.58183864923,6179883.886646082,163521.31691897346,447538.53954989585,560562.5050930235,4230244.708333509,6703422.4500618465,8411715.233949495,62084.00561515344,4.5038660532644705,2.118350883692868,6179883.886646082,4027301.3227950986,63167455.77674818,0.09783335121945635,1481,0.004558137949787341,-1.445965571882522,1.4440828042107998,-4095.9999999999995,4090.666666666666,C:\Users\kimeu\Downloads\starlink_pathB_wsl_package_v0_3_clean\starlink_pathB\paper_final_experiment_check\outputs\coverage_null_global_stats_all_tle_full\0_1_lst044_typical_frozen_polybeam_smooth_S1000_multi.npz,9.10175923472585,9444.443085672718,1.7798436919007438e-05,140609741.2109375,True,False,False,False,False,False,False,False,False,False,False,False
0_1,14.60794900739243,short,typical,44,2461041.8055555555,2461041.8123785085,frozen_polybeam,lines,30.0,single,coherent_ab,3,33,1,57722,86.861,0.1653330813172043,2.560265055874456e-08,0.2419547912000571,0,3,3,3,0.0,0.2419547912000571,0.0,0.7241364102878726,2.560265055874456e-08,9450380.56293815,1.882185193599271,1.882185193599271,0.009312789892471638,False,20261125,100,1.3028470481259566,0.7127060195162647,0.009900990099009901,0.27722772277227725,3801.267057658639,57386.95691963716,1987.764243713871,3743.484060979611,3792.3226387149607,57038.682008373136,58034.23859361136,58391.81692502351,938.8599314478342,1.2117924648042568,1.072227212884859,57386.95691963716,679.1943019938333,63167455.77674818,0.0009084892879405979,1481,0.004558137949787341,-1.445965571882522,1.4440828042107998,-4095.9999999999995,4090.666666666666,C:\Users\kimeu\Downloads\starlink_pathB_wsl_package_v0_3_clean\starlink_pathB\paper_final_experiment_check\outputs\coverage_null_global_stats_all_tle_full\0_1_lst044_typical_frozen_polybeam_lines_S30_single.npz,9.10175923472585,9444.443085672718,1.7798436919007438e-05,140609741.2109375,False,False,True,True,True,True,True,True,True,False,False,False
0_1,14.60794900739243,short,typical,44,2461041.8055555555,2461041.8123785085,frozen_polybeam,lines,30.0,multi,coherent_ab,3,33,12,57722;57722;55172;55172;55550;55550;44436;44436;58038;45454;45454;55537,86.861;86.861;84.716;84.716;84.082;84.082;81.894;81.894;81.335;80.006;80.006;79.784,0.1653330813172043,2.560265055874456e-08,0.2419547912000571,0,3,3,3,0.0,0.2419547912000571,0.0,0.7241364102878726,2.560265055874456e-08,9450380.56293815,14.566723011963202,2.946834600083045,0.055861716370314056,False,20261142,100,4.319364955946105,1.5776626942836054,0.0297029702970297,0.06930693069306931,9846.006315459032,150716.7038785016,2994.144977100892,8414.068410277738,11200.659825697066,99797.57190881696,152930.24960932817,182684.17247580446,1069.9529224951111,3.514271976282479,2.0671375575830133,150716.7038785016,17501.424508735254,63167455.77674818,0.002385986613283547,1481,0.004558137949787341,-1.445965571882522,1.4440828042107998,-4095.9999999999995,4090.666666666666,C:\Users\kimeu\Downloads\starlink_pathB_wsl_package_v0_3_clean\starlink_pathB\paper_final_experiment_check\outputs\coverage_null_global_stats_all_tle_full\0_1_lst044_typical_frozen_polybeam_lines_S30_multi.npz,9.10175923472585,9444.443085672718,1.7798436919007438e-05,140609741.2109375,True,True,True,False,False,False,False,False,False,False,False,False
0_1,14.60794900739243,short,typical,44,2461041.8055555555,2461041.8123785085,frozen_polybeam,lines,1000.0,single,coherent_ab,3,33,1,57722,86.861,0.1653330813172043,2.560265055874456e-08,0.2419547912000571,0,3,3,3,0.0,0.2419547912000571,0.0,0.7241364102878726,2.560265055874456e-08,9450380.56293815,62.73950645330905,62.73950645330905,0.3104263297490546,False,20261159,100,1.0804082438966252,0.08330101164982183,0.019801980198019802,0.4158415841584158,144703.84041385492,1974601.309750799,82332.35059790662,141591.92467191853,144210.5788571551,1961512.6416437281,2111052.807176041,2126248.0958758765,38938.05306771697,0.8176730156625236,0.7866040718149289,1974601.309750799,535877.0951346204,63167455.77674818,0.031259788533032004,1481,0.004558137949787341,-1.445965571882522,1.4440828042107998,-4095.9999999999995,4090.666666666666,C:\Users\kimeu\Downloads\starlink_pathB_wsl_package_v0_3_clean\starlink_pathB\paper_final_experiment_check\outputs\coverage_null_global_stats_all_tle_full\0_1_lst044_typical_frozen_polybeam_lines_S1000_single.npz,9.10175923472585,9444.443085672718,1.7798436919007438e-05,140609741.2109375,False,False,True,False,False,False,False,False,False,False,False,False
0_1,14.60794900739243,short,typical,44,2461041.8055555555,2461041.8123785085,frozen_polybeam,lines,1000.0,multi,coherent_ab,3,33,12,57722;57722;55172;55172;55550;55550;44436;44436;58038;45454;45454;55537,86.861;86.861;84.716;84.716;84.082;84.082;81.894;81.894;81.335;80.006;80.006;79.784,0.1653330813172043,2.560265055874456e-08,0.2419547912000571,0,3,3,3,0.0,0.2419547912000571,0.0,0.7241364102878726,2.560265055874456e-08,9450380.56293815,485.5574337321067,98.22782000276814,1.8620572123438017,False,20261176,100,4.358268067207532,2.1191943734883,0.04950495049504951,0.06930693069306931,412124.98984673806,6180818.578129278,135293.57081332768,392993.7478816463,438173.9314663779,3515441.430658421,6317685.252438251,8055234.114528798,42842.76028722244,4.598982983165745,2.7910470546406807,6180818.578129278,4025838.375397103,63167455.77674818,0.09784814826125109,1481,0.004558137949787341,-1.445965571882522,1.4440828042107998,-4095.9999999999995,4090.666666666666,C:\Users\kimeu\Downloads\starlink_pathB_wsl_package_v0_3_clean\starlink_pathB\paper_final_experiment_check\outputs\coverage_null_global_stats_all_tle_full\0_1_lst044_typical_frozen_polybeam_lines_S1000_multi.npz,9.10175923472585,9444.443085672718,1.7798436919007438e-05,140609741.2109375,True,True,True,False,False,False,False,False,False,False,False,False
0_1,14.60794900739243,short,typical,44,2461041.8055555555,2461041.8123785085,frozen_polybeam,khz_comb,30.0,single,coherent_ab,3,33,1,57722,86.861,0.1653330813172043,2.560265055874456e-08,0.2419547912000571,0,3,3,3,0.0,0.2419547912000571,0.0,0.7241364102878726,2.560265055874456e-08,9450380.56293815,1.8808165643877814,1.8808165643877814,0.008421804549641119,False,20261193,100,2.192946300377022,0.9110008807606762,0.009900990099009901,0.0891089108910891,3567.9466241286136,55912.02961454871,1706.5294396108366,3534.244162834296,3557.465379837239,55517.98896179828,55954.22799484802,56130.958308390655,572.5214020390413,1.437958558547244,1.2043932676642841,55912.02961454871,1353.1839230475057,63167455.77674818,0.00088513980699425,1481,0.004558137949787341,-1.445965571882522,1.4440828042107998,-4095.9999999999995,4090.666666666666,C:\Users\kimeu\Downloads\starlink_pathB_wsl_package_v0_3_clean\starlink_pathB\paper_final_experiment_check\outputs\coverage_null_global_stats_all_tle_full\0_1_lst044_typical_frozen_polybeam_khz_comb_S30_single.npz,9.10175923472585,9444.443085672718,1.7798436919007438e-05,140609741.2109375,True,False,True,True,True,True,True,True,True,False,False,False
0_1,14.60794900739243,short,typical,44,2461041.8055555555,2461041.8123785085,frozen_polybeam,khz_comb,30.0,multi,coherent_ab,3,33,12,57722;57722;55172;55172;55550;55550;44436;44436;58038;45454;45454;55537,86.861;86.861;84.716;84.716;84.082;84.082;81.894;81.894;81.335;80.006;80.006;79.784,0.1653330813172043,2.560265055874456e-08,0.2419547912000571,0,3,3,3,0.0,0.2419547912000571,0.0,0.7241364102878726,2.560265055874456e-08,9450380.56293815,14.164497046437008,2.8781604027292778,0.050427805438780865,False,20261210,100,2.62214641560112,1.20605267220444,0.0594059405940594,0.2079207920792079,8993.951256120112,138732.98338680895,3378.3523847291945,8969.801982209341,10501.122580742795,94213.37302882201,166157.01650997167,183920.23282248576,1444.4920104936464,3.4492587770656,2.0182093213574457,138732.98338680895,15940.575875661132,63167455.77674818,0.002196273091592147,1481,0.004558137949787341,-1.445965571882522,1.4440828042107998,-4095.9999999999995,4090.666666666666,C:\Users\kimeu\Downloads\starlink_pathB_wsl_package_v0_3_clean\starlink_pathB\paper_final_experiment_check\outputs\coverage_null_global_stats_all_tle_full\0_1_lst044_typical_frozen_polybeam_khz_comb_S30_multi.npz,9.10175923472585,9444.443085672718,1.7798436919007438e-05,140609741.2109375,True,False,False,False,False,False,False,False,False,False,False,False
0_1,14.60794900739243,short,typical,44,2461041.8055555555,2461041.8123785085,frozen_polybeam,khz_comb,1000.0,single,coherent_ab,3,33,1,57722,86.861,0.1653330813172043,2.560265055874456e-08,0.2419547912000571,0,3,3,3,0.0,0.2419547912000571,0.0,0.7241364102878726,2.560265055874456e-08,9450380.56293815,62.693885479592716,62.693885479592716,0.28072681832137064,False,20261227,100,1.0430786503409242,0.15921876172039787,0.009900990099009901,0.45544554455445546,134820.10551276943,1917086.7666567045,79344.02400591044,130834.30444313551,134640.51702383568,1897081.1616020647,2026244.831581098,2028023.7818561576,35872.75450045586,1.0820094080598952,0.9580900846083799,1917086.7666567045,518246.1360491377,63167455.77674818,0.03034927943642746,1481,0.004558137949787341,-1.445965571882522,1.4440828042107998,-4095.9999999999995,4090.666666666666,C:\Users\kimeu\Downloads\starlink_pathB_wsl_package_v0_3_clean\starlink_pathB\paper_final_experiment_check\outputs\coverage_null_global_stats_all_tle_full\0_1_lst044_typical_frozen_polybeam_khz_comb_S1000_single.npz,9.10175923472585,9444.443085672718,1.7798436919007438e-05,140609741.2109375,False,False,True,True,True,True,True,True,True,True,True,False
0_1,14.60794900739243,short,typical,44,2461041.8055555555,2461041.8123785085,frozen_polybeam,khz_comb,1000.0,multi,coherent_ab,3,33,12,57722;57722;55172;55172;55550;55550;44436;44436;58038;45454;45454;55537,86.861;86.861;84.716;84.716;84.082;84.082;81.894;81.894;81.335;80.006;80.006;79.784,0.1653330813172043,2.560265055874456e-08,0.2419547912000571,0,3,3,3,0.0,0.2419547912000571,0.0,0.7241364102878726,2.560265055874456e-08,9450380.56293815,472.14990154790036,95.93868009097592,1.6809268479593626,False,20261244,100,2.3242961453711906,1.0126441920853106,0.09900990099009901,0.2079207920792079,367999.5860216557,5424735.789339054,157218.41358063417,397784.19910048094,436620.4678555861,3728521.6110289474,6692464.036805981,7368386.393865737,61166.884162434144,3.9135955060860397,1.9575923048346742,5424735.789339054,3307598.584525046,63167455.77674818,0.0858786494189606,1481,0.004558137949787341,-1.445965571882522,1.4440828042107998,-4095.9999999999995,4090.666666666666,C:\Users\kimeu\Downloads\starlink_pathB_wsl_package_v0_3_clean\starlink_pathB\paper_final_experiment_check\outputs\coverage_null_global_stats_all_tle_full\0_1_lst044_typical_frozen_polybeam_khz_comb_S1000_multi.npz,9.10175923472585,9444.443085672718,1.7798436919007438e-05,140609741.2109375,True,False,False,False,False,False,False,False,False,False,False,False
0_1,14.60794900739243,short,typical,44,2461041.8055555555,2461041.8123785085,full_polybeam,smooth,30.0,single,coherent_ab,3,33,1,57722,86.861,0.1653330813172043,2.560265055874456e-08,0.2419547912000571,0,3,3,3,0.0,0.2419547912000571,0.0,0.7241364102878726,2.560265055874456e-08,9450380.56293815,2.5363374287966036,2.5363374287966036,0.012058604299154148,False,20261261,100,1.1407456893860466,0.7680508072927983,0.019801980198019802,0.37623762376237624,4753.857032672502,72884.96976348778,2670.5281598689617,4475.049606382986,4744.940367980432,70939.63818039538,75361.7720707865,75620.3033575821,1231.813616944768,1.0721637458127662,0.999852889727923,72884.96976348778,-3066.637647353191,63167455.77674818,0.0011538373497435779,1481,0.004558137949787341,-1.445965571882522,1.4440828042107998,-4095.9999999999995,4090.666666666666,C:\Users\kimeu\Downloads\starlink_pathB_wsl_package_v0_3_clean\starlink_pathB\paper_final_experiment_check\outputs\coverage_null_global_stats_all_tle_full\0_1_lst044_typical_full_polybeam_smooth_S30_single.npz,9.10175923472585,9444.443085672718,1.7798436919007438e-05,140609741.2109375,False,False,True,False,False,False,False,False,False,False,False,False
0_1,14.60794900739243,short,typical,44,2461041.8055555555,2461041.8123785085,full_polybeam,smooth,30.0,multi,coherent_ab,3,33,12,57722;57722;55172;55172;55550;55550;44436;44436;58038;45454;45454;55537,86.861;86.861;84.716;84.716;84.082;84.082;81.894;81.894;81.335;80.006;80.006;79.784,0.1653330813172043,2.560265055874456e-08,0.2419547912000571,0,3,3,3,0.0,0.2419547912000571,0.0,0.7241364102878726,2.560265055874456e-08,9450380.56293815,28.096672897587922,5.504942437287274,0.08675321734353943,False,20261278,100,2.6822207697479086,1.358355622232975,0.039603960396039604,0.10891089108910891,13098.747239025775,219496.19345941237,4412.992764964001,11934.355871913976,14123.387071544443,138826.12466756554,238483.2159487523,260324.73537103168,2184.183046344755,3.7703701252787916,2.184021410765763,219496.19345941237,16198.388902368046,63167455.77674818,0.0034748303657372963,1481,0.004558137949787341,-1.445965571882522,1.4440828042107998,-4095.9999999999995,4090.666666666666,C:\Users\kimeu\Downloads\starlink_pathB_wsl_package_v0_3_clean\starlink_pathB\paper_final_experiment_check\outputs\coverage_null_global_stats_all_tle_full\0_1_lst044_typical_full_polybeam_smooth_S30_multi.npz,9.10175923472585,9444.443085672718,1.7798436919007438e-05,140609741.2109375,True,False,True,False,False,False,False,False,False,False,False,False
0_1,14.60794900739243,short,typical,44,2461041.8055555555,2461041.8123785085,full_polybeam,smooth,1000.0,single,coherent_ab,3,33,1,57722,86.861,0.1653330813172043,2.560265055874456e-08,0.2419547912000571,0,3,3,3,0.0,0.2419547912000571,0.0,0.7241364102878726,2.560265055874456e-08,9450380.56293815,84.54458095988679,84.54458095988679,0.40195347663847175,False,20261295,100,1.28570559484828,-0.011805614437416833,0.019801980198019802,0.5247524752475248,183234.55061530275,2515071.891221787,101599.20449370262,181103.03908458524,183210.0124654018,2518074.4527414152,2764553.174260575,2779478.550332679,42826.5124040239,1.2666662687087722,1.056382068937907,2515071.891221787,635445.9177503501,63167455.77674818,0.039815944148688984,1481,0.004558137949787341,-1.445965571882522,1.4440828042107998,-4095.9999999999995,4090.666666666666,C:\Users\kimeu\Downloads\starlink_pathB_wsl_package_v0_3_clean\starlink_pathB\paper_final_experiment_check\outputs\coverage_null_global_stats_all_tle_full\0_1_lst044_typical_full_polybeam_smooth_S1000_single.npz,9.10175923472585,9444.443085672718,1.7798436919007438e-05,140609741.2109375,False,False,True,False,False,False,False,False,False,False,False,False
0_1,14.60794900739243,short,typical,44,2461041.8055555555,2461041.8123785085,full_polybeam,smooth,1000.0,multi,coherent_ab,3,33,12,57722;57722;55172;55172;55550;55550;44436;44436;58038;45454;45454;55537,86.861;86.861;84.716;84.716;84.082;84.082;81.894;81.894;81.335;80.006;80.006;79.784,0.1653330813172043,2.560265055874456e-08,0.2419547912000571,0,3,3,3,0.0,0.2419547912000571,0.0,0.7241364102878726,2.560265055874456e-08,9450380.56293815,936.5557632529307,183.49808124290902,2.8917739114513146,False,20261312,100,3.808285552816592,2.577302332451311,0.019801980198019802,0.009900990099009901,648971.3106372315,11829535.537760807,219016.64083776675,582430.5977589298,603554.094276461,5641619.84993087,10186190.167376244,11644133.155114755,76149.87052613913,6.496043380898624,3.3007691419071326,11829535.537760807,10166160.141130902,63167455.77674818,0.18727262943072714,1481,0.004558137949787341,-1.445965571882522,1.4440828042107998,-4095.9999999999995,4090.666666666666,C:\Users\kimeu\Downloads\starlink_pathB_wsl_package_v0_3_clean\starlink_pathB\paper_final_experiment_check\outputs\coverage_null_global_stats_all_tle_full\0_1_lst044_typical_full_polybeam_smooth_S1000_multi.npz,9.10175923472585,9444.443085672718,1.7798436919007438e-05,140609741.2109375,True,True,True,False,False,False,False,False,False,False,False,False
0_1,14.60794900739243,short,typical,44,2461041.8055555555,2461041.8123785085,full_polybeam,lines,30.0,single,coherent_ab,3,33,1,57722,86.861,0.1653330813172043,2.560265055874456e-08,0.2419547912000571,0,3,3,3,0.0,0.2419547912000571,0.0,0.7241364102878726,2.560265055874456e-08,9450380.56293815,2.5363003993522777,2.5363003993522777,0.012071650288844004,False,20261329,100,1.1504040360020895,0.8227567608667739,0.019801980198019802,0.3069306930693069,4760.779725119006,72902.47238882928,2651.128050824802,4748.349142971705,4760.3096135216065,70928.87010967162,75377.46357007265,75636.45929013274,1236.905048569548,0.8931251395287572,0.8479504912417787,72902.47238882928,-3052.7725004622894,63167455.77674818,0.0011541144326991327,1481,0.004558137949787341,-1.445965571882522,1.4440828042107998,-4095.9999999999995,4090.666666666666,C:\Users\kimeu\Downloads\starlink_pathB_wsl_package_v0_3_clean\starlink_pathB\paper_final_experiment_check\outputs\coverage_null_global_stats_all_tle_full\0_1_lst044_typical_full_polybeam_lines_S30_single.npz,9.10175923472585,9444.443085672718,1.7798436919007438e-05,140609741.2109375,False,False,True,False,False,False,False,False,False,False,False,False
0_1,14.60794900739243,short,typical,44,2461041.8055555555,2461041.8123785085,full_polybeam,lines,30.0,multi,coherent_ab,3,33,12,57722;57722;55172;55172;55550;55550;44436;44436;58038;45454;45454;55537,86.861;86.861;84.716;84.716;84.082;84.082;81.894;81.894;81.335;80.006;80.006;79.784,0.1653330813172043,2.560265055874456e-08,0.2419547912000571,0,3,3,3,0.0,0.2419547912000571,0.0,0.7241364102878726,2.560265055874456e-08,9450380.56293815,28.095798551122755,5.5047862137974555,0.0868411908735945,False,20261346,100,3.796339593825191,1.6418758151741388,0.009900990099009901,0.09900990099009901,13113.49845768977,219497.19560722774,3989.7367842767853,9691.702692077211,12437.017301174623,132390.26228641756,244319.7270269973,267710.14565395116,1621.006969553826,3.569164126590999,2.324183392273131,219497.19560722774,16218.949035733382,63167455.77674818,0.0034748462306760223,1481,0.004558137949787341,-1.445965571882522,1.4440828042107998,-4095.9999999999995,4090.666666666666,C:\Users\kimeu\Downloads\starlink_pathB_wsl_package_v0_3_clean\starlink_pathB\paper_final_experiment_check\outputs\coverage_null_global_stats_all_tle_full\0_1_lst044_typical_full_polybeam_lines_S30_multi.npz,9.10175923472585,9444.443085672718,1.7798436919007438e-05,140609741.2109375,True,True,True,True,True,True,True,True,True,True,False,False
0_1,14.60794900739243,short,typical,44,2461041.8055555555,2461041.8123785085,full_polybeam,lines,1000.0,single,coherent_ab,3,33,1,57722,86.861,0.1653330813172043,2.560265055874456e-08,0.2419547912000571,0,3,3,3,0.0,0.2419547912000571,0.0,0.7241364102878726,2.560265055874456e-08,9450380.56293815,84.54334664507594,84.54334664507594,0.4023883429614669,False,20261363,100,1.2664678082370067,-0.052798296727823726,0.019801980198019802,0.6237623762376238,183538.99312344007,2515067.1047475217,105081.2646128108,183265.4765312351,183461.77551635823,2524747.958219487,2761649.0455744243,2775865.407949743,41784.728001581854,1.0135732855427542,0.8533750835296888,2515067.1047475217,635376.8211533638,63167455.77674818,0.039815868374317415,1481,0.004558137949787341,-1.445965571882522,1.4440828042107998,-4095.9999999999995,4090.666666666666,C:\Users\kimeu\Downloads\starlink_pathB_wsl_package_v0_3_clean\starlink_pathB\paper_final_experiment_check\outputs\coverage_null_global_stats_all_tle_full\0_1_lst044_typical_full_polybeam_lines_S1000_single.npz,9.10175923472585,9444.443085672718,1.7798436919007438e-05,140609741.2109375,False,False,True,False,False,False,False,False,False,False,False,False
0_1,14.60794900739243,short,typical,44,2461041.8055555555,2461041.8123785085,full_polybeam,lines,1000.0,multi,coherent_ab,3,33,12,57722;57722;55172;55172;55550;55550;44436;44436;58038;45454;45454;55537,86.861;86.861;84.716;84.716;84.082;84.082;81.894;81.894;81.335;80.006;80.006;79.784,0.1653330813172043,2.560265055874456e-08,0.2419547912000571,0,3,3,3,0.0,0.2419547912000571,0.0,0.7241364102878726,2.560265055874456e-08,9450380.56293815,936.5266183707581,183.49287379324846,2.8947063624531495,False,20261380,100,4.548974317878928,2.2531860966823207,0.019801980198019802,0.019801980198019802,649960.9362312495,11825236.355559971,208250.75056713243,551352.7892627203,613776.3691144949,5859848.825577257,10285667.229003495,11171246.276402224,65493.76140159331,6.645580335414836,3.3072913605150003,11825236.355559971,10160010.635668883,63167455.77674818,0.1872045693490289,1481,0.004558137949787341,-1.445965571882522,1.4440828042107998,-4095.9999999999995,4090.666666666666,C:\Users\kimeu\Downloads\starlink_pathB_wsl_package_v0_3_clean\starlink_pathB\paper_final_experiment_check\outputs\coverage_null_global_stats_all_tle_full\0_1_lst044_typical_full_polybeam_lines_S1000_multi.npz,9.10175923472585,9444.443085672718,1.7798436919007438e-05,140609741.2109375,True,True,True,False,False,False,False,False,False,False,False,False
0_1,14.60794900739243,short,typical,44,2461041.8055555555,2461041.8123785085,full_polybeam,khz_comb,30.0,single,coherent_ab,3,33,1,57722,86.861,0.1653330813172043,2.560265055874456e-08,0.2419547912000571,0,3,3,3,0.0,0.2419547912000571,0.0,0.7241364102878726,2.560265055874456e-08,9450380.56293815,2.0873201899229614,2.0873201899229614,0.010552465516175741,False,20261397,100,1.2736143392993382,0.27938968574942946,0.009900990099009901,0.43564356435643564,4276.453119640704,64066.58810727991,2309.28775422083,4221.985892627318,4270.827237278046,63562.24042339301,66001.19409884296,66206.1988146087,1041.7869997192756,1.1769315136839331,1.0187231789042233,64066.58810727991,-1893.0398528087912,63167455.77674818,0.0010142341070963744,1481,0.004558137949787341,-1.445965571882522,1.4440828042107998,-4095.9999999999995,4090.666666666666,C:\Users\kimeu\Downloads\starlink_pathB_wsl_package_v0_3_clean\starlink_pathB\paper_final_experiment_check\outputs\coverage_null_global_stats_all_tle_full\0_1_lst044_typical_full_polybeam_khz_comb_S30_single.npz,9.10175923472585,9444.443085672718,1.7798436919007438e-05,140609741.2109375,False,False,True,True,True,True,True,True,True,True,False,False
0_1,14.60794900739243,short,typical,44,2461041.8055555555,2461041.8123785085,full_polybeam,khz_comb,30.0,multi,coherent_ab,3,33,12,57722;57722;55172;55172;55550;55550;44436;44436;58038;45454;45454;55537,86.861;86.861;84.716;84.716;84.082;84.082;81.894;81.894;81.335;80.006;80.006;79.784,0.1653330813172043,2.560265055874456e-08,0.2419547912000571,0,3,3,3,0.0,0.2419547912000571,0.0,0.7241364102878726,2.560265055874456e-08,9450380.56293815,23.122232517387772,4.530319597869163,0.07478095736137264,False,20261414,100,4.189205558269956,2.0407960317690117,0.019801980198019802,0.0891089108910891,11485.171650736127,187750.62734044023,3505.453211156535,8077.907381623563,9821.47887054784,112320.88831125866,204218.83241984787,232275.45260429627,1284.7892699121148,4.220057792610628,2.247376878587257,187750.62734044023,13653.634711479537,63167455.77674818,0.0029722683149374348,1481,0.004558137949787341,-1.445965571882522,1.4440828042107998,-4095.9999999999995,4090.666666666666,C:\Users\kimeu\Downloads\starlink_pathB_wsl_package_v0_3_clean\starlink_pathB\paper_final_experiment_check\outputs\coverage_null_global_stats_all_tle_full\0_1_lst044_typical_full_polybeam_khz_comb_S30_multi.npz,9.10175923472585,9444.443085672718,1.7798436919007438e-05,140609741.2109375,True,True,True,False,False,False,False,False,False,False,False,False
0_1,14.60794900739243,short,typical,44,2461041.8055555555,2461041.8123785085,full_polybeam,khz_comb,1000.0,single,coherent_ab,3,33,1,57722,86.861,0.1653330813172043,2.560265055874456e-08,0.2419547912000571,0,3,3,3,0.0,0.2419547912000571,0.0,0.7241364102878726,2.560265055874456e-08,9450380.56293815,69.57733966409873,69.57733966409873,0.3517488505391915,False,20261431,100,1.5888063195328659,-0.2211903138868676,0.009900990099009901,0.6435643564356436,162920.11683905078,2203132.878115451,90830.51231817104,158620.45070977267,162006.9822259981,2236424.0952141173,2402621.080685544,2407771.035683896,30603.96443913423,1.296880237839531,1.028718252759678,2203132.878115451,527463.1909464542,63167455.77674818,0.034877657347827204,1481,0.004558137949787341,-1.445965571882522,1.4440828042107998,-4095.9999999999995,4090.666666666666,C:\Users\kimeu\Downloads\starlink_pathB_wsl_package_v0_3_clean\starlink_pathB\paper_final_experiment_check\outputs\coverage_null_global_stats_all_tle_full\0_1_lst044_typical_full_polybeam_khz_comb_S1000_single.npz,9.10175923472585,9444.443085672718,1.7798436919007438e-05,140609741.2109375,False,False,True,True,True,True,True,True,True,True,True,False
0_1,14.60794900739243,short,typical,44,2461041.8055555555,2461041.8123785085,full_polybeam,khz_comb,1000.0,multi,coherent_ab,3,33,12,57722;57722;55172;55172;55550;55550;44436;44436;58038;45454;45454;55537,86.861;86.861;84.716;84.716;84.082;84.082;81.894;81.894;81.335;80.006;80.006;79.784,0.1653330813172043,2.560265055874456e-08,0.2419547912000571,0,3,3,3,0.0,0.2419547912000571,0.0,0.7241364102878726,2.560265055874456e-08,9450380.56293815,770.7410839129254,151.01065326230534,2.492698578712421,False,20261448,100,3.6372622924737934,2.4395250428372104,0.039603960396039604,0.04950495049504951,539127.7004323304,9087623.61292956,201811.30307030817,390668.44049039175,615494.8083093984,5151240.261331677,8318862.84071394,10266364.912411077,62551.65966760111,5.178002530647371,2.886422641755029,9087623.61292956,7276949.050164528,63167455.77674818,0.14386559504704158,1481,0.004558137949787341,-1.445965571882522,1.4440828042107998,-4095.9999999999995,4090.666666666666,C:\Users\kimeu\Downloads\starlink_pathB_wsl_package_v0_3_clean\starlink_pathB\paper_final_experiment_check\outputs\coverage_null_global_stats_all_tle_full\0_1_lst044_typical_full_polybeam_khz_comb_S1000_multi.npz,9.10175923472585,9444.443085672718,1.7798436919007438e-05,140609741.2109375,True,True,True,False,False,False,False,False,False,False,False,False
0_1,14.60794900739243,short,stress,0,2461041.5,2461041.506822953,frozen_polybeam,smooth,30.0,single,coherent_ab,4,10,1,58881,88.065,0.2350680443548387,1.9557868561271567e-06,0.5502745938468236,1,4,4,4,0.3308758856684498,0.5502745938468236,0.3308758856684498,0.7280464634021924,1.9557868561271567e-06,281357.1387510374,12.785545576725942,12.785545576725942,0.01706118717028575,False,20261421,100,-1.5498499206638052,0.19835339991657847,0.9702970297029703,0.43564356435643564,5965.620113831013,461572.6071081365,9838.403268299066,14693.644638986792,14706.827701800019,456741.32095098775,476383.6487302682,476696.87588269793,1685.4254184989259,1.1592353478454445,1.0886693408637658,461572.6071081365,-196777.47101146565,1106626167.551434,0.0004170989451021485,1481,0.004558137949787341,-1.445965571882522,1.4440828042107998,-4095.9999999999995,4090.666666666666,C:\Users\kimeu\Downloads\starlink_pathB_wsl_package_v0_3_clean\starlink_pathB\paper_final_experiment_check\outputs\coverage_null_global_stats_all_tle_full\0_1_lst000_stress_frozen_polybeam_smooth_S30_single.npz,9.10175923472585,9444.443085672718,1.7798436919007438e-05,140609741.2109375,False,False,False,False,False,False,False,False,False,False,False,False
0_1,14.60794900739243,short,stress,0,2461041.5,2461041.506822953,frozen_polybeam,smooth,30.0,multi,coherent_ab,4,10,10,58881;58881;46696;46696;48029;48029;54100;54100;58069;58069,88.065;88.065;86.822;86.617;85.104;85.104;83.508;83.508;77.989;77.989,0.2350680443548387,1.9557868561271567e-06,0.5502745938468236,1,4,4,4,0.3308758856684498,0.5502745938468236,0.3308758856684498,0.7280464634021924,1.9557868561271567e-06,281357.1387510374,59.098119943630785,12.785545576725942,0.08947949584342248,False,20261438,100,0.6251735772362443,1.9334534209593268,0.26732673267326734,0.019801980198019802,20380.52799975127,1336827.8562389016,14444.478092711419,31423.95510887429,34890.57149556659,790053.7335114924,1128160.2553385654,1174237.3313912977,6404.318665849976,3.635358524453589,2.1533551407139804,1336827.8562389016,-578626.7284096198,1106626167.551434,0.0012080211867724231,1481,0.004558137949787341,-1.445965571882522,1.4440828042107998,-4095.9999999999995,4090.666666666666,C:\Users\kimeu\Downloads\starlink_pathB_wsl_package_v0_3_clean\starlink_pathB\paper_final_experiment_check\outputs\coverage_null_global_stats_all_tle_full\0_1_lst000_stress_frozen_polybeam_smooth_S30_multi.npz,9.10175923472585,9444.443085672718,1.7798436919007438e-05,140609741.2109375,False,False,False,False,False,False,False,False,False,False,False,False
0_1,14.60794900739243,short,stress,0,2461041.5,2461041.506822953,frozen_polybeam,smooth,1000.0,single,coherent_ab,4,10,1,58881,88.065,0.2350680443548387,1.9557868561271567e-06,0.5502745938468236,1,4,4,4,0.3308758856684498,0.5502745938468236,0.3308758856684498,0.7280464634021924,1.9557868561271567e-06,281357.1387510374,426.18485255753137,426.18485255753137,0.5687062390095248,False,20261455,100,-1.070030491344337,1.5278564019908587,0.9207920792079208,0.12871287128712872,183530.53577470407,16285152.723577965,290706.02334548626,453636.0487005337,456074.0252887968,15221766.346434727,16400769.308698386,16478441.481410978,67557.7720388798,1.1822032407375336,1.046645234374188,16285152.723577965,-8442746.98045743,1106626167.551434,0.014716037991050902,1481,0.004558137949787341,-1.445965571882522,1.4440828042107998,-4095.9999999999995,4090.666666666666,C:\Users\kimeu\Downloads\starlink_pathB_wsl_package_v0_3_clean\starlink_pathB\paper_final_experiment_check\outputs\coverage_null_global_stats_all_tle_full\0_1_lst000_stress_frozen_polybeam_smooth_S1000_single.npz,9.10175923472585,9444.443085672718,1.7798436919007438e-05,140609741.2109375,False,False,False,False,False,False,False,False,False,False,False,False
0_1,14.60794900739243,short,stress,0,2461041.5,2461041.506822953,frozen_polybeam,smooth,1000.0,multi,coherent_ab,4,10,10,58881;58881;46696;46696;48029;48029;54100;54100;58069;58069,88.065;88.065;86.822;86.617;85.104;85.104;83.508;83.508;77.989;77.989,0.2350680443548387,1.9557868561271567e-06,0.5502745938468236,1,4,4,4,0.3308758856684498,0.5502745938468236,0.3308758856684498,0.7280464634021924,1.9557868561271567e-06,281357.1387510374,1969.9373314543595,426.18485255753137,2.982649861447416,False,20261472,100,0.5476953520640264,2.1779296042206715,0.3069306930693069,0.019801980198019802,579477.9146550484,49409355.98710118,419152.61504808627,870400.8874334212,1035134.2394096302,27940276.302386314,40558028.4532816,45337057.432680465,197441.7578817997,4.660289974956581,2.286369181351559,49409355.98710118,-26645928.0984225,1106626167.551434,0.04464864236531324,1481,0.004558137949787341,-1.445965571882522,1.4440828042107998,-4095.9999999999995,4090.666666666666,C:\Users\kimeu\Downloads\starlink_pathB_wsl_package_v0_3_clean\starlink_pathB\paper_final_experiment_check\outputs\coverage_null_global_stats_all_tle_full\0_1_lst000_stress_frozen_polybeam_smooth_S1000_multi.npz,9.10175923472585,9444.443085672718,1.7798436919007438e-05,140609741.2109375,False,False,False,False,False,False,False,False,False,False,False,False
0_1,14.60794900739243,short,stress,0,2461041.5,2461041.506822953,frozen_polybeam,lines,30.0,single,coherent_ab,4,10,1,58881,88.065,0.2350680443548387,1.9557868561271567e-06,0.5502745938468236,1,4,4,4,0.3308758856684498,0.5502745938468236,0.3308758856684498,0.7280464634021924,1.9557868561271567e-06,281357.1387510374,12.785349916509402,12.785349916509402,0.017080465452277913,False,20261489,100,-1.4167132277878989,0.3995893611187699,0.9603960396039604,0.37623762376237624,5992.357498403639,461484.45502241235,9893.37160367705,13804.141190116945,14639.049365825691,453762.3892960398,474708.57479089836,476086.98815610347,1857.255169914104,1.053876946231887,0.9525919374108053,461484.45502241235,-196717.87261906313,1106626167.551434,0.00041701928668785377,1481,0.004558137949787341,-1.445965571882522,1.4440828042107998,-4095.9999999999995,4090.666666666666,C:\Users\kimeu\Downloads\starlink_pathB_wsl_package_v0_3_clean\starlink_pathB\paper_final_experiment_check\outputs\coverage_null_global_stats_all_tle_full\0_1_lst000_stress_frozen_polybeam_lines_S30_single.npz,9.10175923472585,9444.443085672718,1.7798436919007438e-05,140609741.2109375,False,False,False,False,False,False,False,False,False,False,False,False
0_1,14.60794900739243,short,stress,0,2461041.5,2461041.506822953,frozen_polybeam,lines,30.0,multi,coherent_ab,4,10,10,58881;58881;46696;46696;48029;48029;54100;54100;58069;58069,88.065;88.065;86.822;86.617;85.104;85.104;83.508;83.508;77.989;77.989,0.2350680443548387,1.9557868561271567e-06,0.5502745938468236,1,4,4,4,0.3308758856684498,0.5502745938468236,0.3308758856684498,0.7280464634021924,1.9557868561271567e-06,281357.1387510374,59.09716816107211,12.785349916509402,0.08958045007898403,False,20261506,100,0.8578457333264556,2.614584441346329,0.22772277227722773,0.009900990099009901,20395.288302551955,1336306.2236106605,14480.451072788797,28741.15756810922,32467.58226434064,766357.1948339529,1064718.7933547478,1171776.6257157114,4650.606630417518,3.3180930254576144,2.2994318741828152,1336306.2236106605,-578332.4554081021,1106626167.551434,0.001207549814737732,1481,0.004558137949787341,-1.445965571882522,1.4440828042107998,-4095.9999999999995,4090.666666666666,C:\Users\kimeu\Downloads\starlink_pathB_wsl_package_v0_3_clean\starlink_pathB\paper_final_experiment_check\outputs\coverage_null_global_stats_all_tle_full\0_1_lst000_stress_frozen_polybeam_lines_S30_multi.npz,9.10175923472585,9444.443085672718,1.7798436919007438e-05,140609741.2109375,False,False,False,False,False,False,False,False,False,False,False,False
0_1,14.60794900739243,short,stress,0,2461041.5,2461041.506822953,frozen_polybeam,lines,1000.0,single,coherent_ab,4,10,1,58881,88.065,0.2350680443548387,1.9557868561271567e-06,0.5502745938468236,1,4,4,4,0.3308758856684498,0.5502745938468236,0.3308758856684498,0.7280464634021924,1.9557868561271567e-06,281357.1387510374,426.1783305503134,426.1783305503134,0.5693488484092639,False,20261523,100,-1.2454887695491204,2.0721161409689692,0.9306930693069307,0.09900990099009901,184443.58900539577,16283378.71475717,299145.1256490415,446620.51963566523,454442.5377824037,15154824.963222403,16379211.63072207,16429856.135629214,62116.27792670671,1.3161893129342634,1.1264455523815209,16283378.71475717,-8440257.662572237,1106626167.551434,0.014714434912366509,1481,0.004558137949787341,-1.445965571882522,1.4440828042107998,-4095.9999999999995,4090.666666666666,C:\Users\kimeu\Downloads\starlink_pathB_wsl_package_v0_3_clean\starlink_pathB\paper_final_experiment_check\outputs\coverage_null_global_stats_all_tle_full\0_1_lst000_stress_frozen_polybeam_lines_S1000_single.npz,9.10175923472585,9444.443085672718,1.7798436919007438e-05,140609741.2109375,False,False,False,False,False,False,False,False,False,False,False,False
0_1,14.60794900739243,short,stress,0,2461041.5,2461041.506822953,frozen_polybeam,lines,1000.0,multi,coherent_ab,4,10,10,58881;58881;46696;46696;48029;48029;54100;54100;58069;58069,88.065;88.065;86.822;86.617;85.104;85.104;83.508;83.508;77.989;77.989,0.2350680443548387,1.9557868561271567e-06,0.5502745938468236,1,4,4,4,0.3308758856684498,0.5502745938468236,0.3308758856684498,0.7280464634021924,1.9557868561271567e-06,281357.1387510374,1969.9056053690704,426.1783305503134,2.9860150026328003,False,20261540,100,0.9565386284309849,2.229988885379772,0.21782178217821782,0.019801980198019802,580535.6726134978,49402369.887317434,356785.4243539246,762255.3502030275,865549.8247775675,26018954.87667021,42416755.56975216,48010617.49281246,157774.57427853905,3.7789002198827806,2.2684034655239476,49402369.887317434,-26634227.66589006,1106626167.551434,0.044642329393517886,1481,0.004558137949787341,-1.445965571882522,1.4440828042107998,-4095.9999999999995,4090.666666666666,C:\Users\kimeu\Downloads\starlink_pathB_wsl_package_v0_3_clean\starlink_pathB\paper_final_experiment_check\outputs\coverage_null_global_stats_all_tle_full\0_1_lst000_stress_frozen_polybeam_lines_S1000_multi.npz,9.10175923472585,9444.443085672718,1.7798436919007438e-05,140609741.2109375,False,False,False,False,False,False,False,False,False,False,False,False
0_1,14.60794900739243,short,stress,0,2461041.5,2461041.506822953,frozen_polybeam,khz_comb,30.0,single,coherent_ab,4,10,1,58881,88.065,0.2350680443548387,1.9557868561271567e-06,0.5502745938468236,1,4,4,4,0.3308758856684498,0.5502745938468236,0.3308758856684498,0.7280464634021924,1.9557868561271567e-06,281357.1387510374,10.522065534025586,10.522065534025586,0.015036954177284281,False,20261557,100,-1.5904069439086215,0.06197409687603331,0.9801980198019802,0.48514851485148514,5312.454857740551,410368.03695417836,8369.93486023508,13375.552811861597,13444.11329577567,409412.6678770308,421081.2325059174,421295.93822501943,1296.6756821991876,0.9678888632321266,0.8735079722181359,410368.03695417836,-161280.883396309,1106626167.551434,0.0003708280618939053,1481,0.004558137949787341,-1.445965571882522,1.4440828042107998,-4095.9999999999995,4090.666666666666,C:\Users\kimeu\Downloads\starlink_pathB_wsl_package_v0_3_clean\starlink_pathB\paper_final_experiment_check\outputs\coverage_null_global_stats_all_tle_full\0_1_lst000_stress_frozen_polybeam_khz_comb_S30_single.npz,9.10175923472585,9444.443085672718,1.7798436919007438e-05,140609741.2109375,False,False,False,False,False,False,False,False,False,False,False,False
0_1,14.60794900739243,short,stress,0,2461041.5,2461041.506822953,frozen_polybeam,khz_comb,30.0,multi,coherent_ab,4,10,10,58881;58881;46696;46696;48029;48029;54100;54100;58069;58069,88.065;88.065;86.822;86.617;85.104;85.104;83.508;83.508;77.989;77.989,0.2350680443548387,1.9557868561271567e-06,0.5502745938468236,1,4,4,4,0.3308758856684498,0.5502745938468236,0.3308758856684498,0.7280464634021924,1.9557868561271567e-06,281357.1387510374,48.635686964123295,10.522065534025586,0.07881341066079002,False,20261574,100,0.8412851870570108,1.9448438515782738,0.1782178217821782,0.009900990099009901,19192.92191952467,1184196.3406726317,13012.000693383627,25919.215367329492,30365.66955995464,680720.6001347066,1111672.6441178182,1136008.3316691455,4955.482773527503,2.99641948708252,1.975623151188974,1184196.3406726317,-471499.26726499794,1106626167.551434,0.0010700960951364746,1481,0.004558137949787341,-1.445965571882522,1.4440828042107998,-4095.9999999999995,4090.666666666666,C:\Users\kimeu\Downloads\starlink_pathB_wsl_package_v0_3_clean\starlink_pathB\paper_final_experiment_check\outputs\coverage_null_global_stats_all_tle_full\0_1_lst000_stress_frozen_polybeam_khz_comb_S30_multi.npz,9.10175923472585,9444.443085672718,1.7798436919007438e-05,140609741.2109375,False,False,False,False,False,False,False,False,False,False,False,False
0_1,14.60794900739243,short,stress,0,2461041.5,2461041.506822953,frozen_polybeam,khz_comb,1000.0,single,coherent_ab,4,10,1,58881,88.065,0.2350680443548387,1.9557868561271567e-06,0.5502745938468236,1,4,4,4,0.3308758856684498,0.5502745938468236,0.3308758856684498,0.7280464634021924,1.9557868561271567e-06,281357.1387510374,350.7355178008528,350.7355178008528,0.5012318059094759,False,20261591,100,-1.597082113358295,1.2265389541352754,0.9603960396039604,0.15841584158415842,165008.05127482116,14288486.640438046,276961.8444812102,413389.86201212683,419448.4793986162,13548208.838062964,14365937.595093818,14433342.114649089,47281.09993498027,1.1423114327341821,0.9698347256823185,14288486.640438046,-6655657.779614644,1106626167.551434,0.012911755622093532,1481,0.004558137949787341,-1.445965571882522,1.4440828042107998,-4095.9999999999995,4090.666666666666,C:\Users\kimeu\Downloads\starlink_pathB_wsl_package_v0_3_clean\starlink_pathB\paper_final_experiment_check\outputs\coverage_null_global_stats_all_tle_full\0_1_lst000_stress_frozen_polybeam_khz_comb_S1000_single.npz,9.10175923472585,9444.443085672718,1.7798436919007438e-05,140609741.2109375,False,False,False,False,False,False,False,False,False,False,False,False
0_1,14.60794900739243,short,stress,0,2461041.5,2461041.506822953,frozen_polybeam,khz_comb,1000.0,multi,coherent_ab,4,10,10,58881;58881;46696;46696;48029;48029;54100;54100;58069;58069,88.065;88.065;86.822;86.617;85.104;85.104;83.508;83.508;77.989;77.989,0.2350680443548387,1.9557868561271567e-06,0.5502745938468236,1,4,4,4,0.3308758856684498,0.5502745938468236,0.3308758856684498,0.7280464634021924,1.9557868561271567e-06,281357.1387510374,1621.189565470776,350.7355178008528,2.627113688693001,False,20261608,100,1.171776877919648,2.047752588316593,0.21782178217821782,0.019801980198019802,556952.7302658409,42702943.69658673,307030.42264836,759088.0343776373,908184.8565555498,21752087.079939015,35103122.781778395,40130002.06540236,143858.6903799763,3.502327915527698,2.3758541305400933,42702943.69658673,-20590971.519455828,1106626167.551434,0.03858840948165268,1481,0.004558137949787341,-1.445965571882522,1.4440828042107998,-4095.9999999999995,4090.666666666666,C:\Users\kimeu\Downloads\starlink_pathB_wsl_package_v0_3_clean\starlink_pathB\paper_final_experiment_check\outputs\coverage_null_global_stats_all_tle_full\0_1_lst000_stress_frozen_polybeam_khz_comb_S1000_multi.npz,9.10175923472585,9444.443085672718,1.7798436919007438e-05,140609741.2109375,False,False,False,False,False,False,False,False,False,False,False,False
0_1,14.60794900739243,short,stress,0,2461041.5,2461041.506822953,full_polybeam,smooth,30.0,single,coherent_ab,4,10,1,58881,88.065,0.2350680443548387,1.9557868561271567e-06,0.5502745938468236,1,4,4,4,0.3308758856684498,0.5502745938468236,0.3308758856684498,0.7280464634021924,1.9557868561271567e-06,281357.1387510374,15.311914361011823,15.311914361011823,0.021971045609484846,False,20261625,100,-2.0027356108084162,0.05260234969348526,0.9504950495049505,0.48514851485148514,5334.250390395522,495671.895926775,8162.2506048688665,13578.057810022961,13639.746127246768,493892.3713538478,521369.05423526186,522914.0342053889,952.4272710615769,0.8742471226052079,0.8273251377092204,495671.895926775,-185418.4698260238,1106626167.551434,0.0004479126831272378,1481,0.004558137949787341,-1.445965571882522,1.4440828042107998,-4095.9999999999995,4090.666666666666,C:\Users\kimeu\Downloads\starlink_pathB_wsl_package_v0_3_clean\starlink_pathB\paper_final_experiment_check\outputs\coverage_null_global_stats_all_tle_full\0_1_lst000_stress_full_polybeam_smooth_S30_single.npz,9.10175923472585,9444.443085672718,1.7798436919007438e-05,140609741.2109375,False,False,False,False,False,False,False,False,False,False,False,False
0_1,14.60794900739243,short,stress,0,2461041.5,2461041.506822953,full_polybeam,smooth,30.0,multi,coherent_ab,4,10,10,58881;58881;46696;46696;48029;48029;54100;54100;58069;58069,88.065;88.065;86.822;86.617;85.104;85.104;83.508;83.508;77.989;77.989,0.2350680443548387,1.9557868561271567e-06,0.5502745938468236,1,4,4,4,0.3308758856684498,0.5502745938468236,0.3308758856684498,0.7280464634021924,1.9557868561271567e-06,281357.1387510374,84.56209118765969,15.311914361011823,0.13124060138493693,False,20261642,100,0.4298011755594584,2.851702081588373,0.38613861386138615,0.0297029702970297,14631.457162797451,1449250.1066315938,12164.027405804954,27608.85395939266,29829.377906109978,854034.8848651513,1328332.1006208917,1477110.7944167207,3872.1591875189915,3.6323199049777,2.0528381526980555,1449250.1066315938,-588554.4819477807,1106626167.551434,0.001309611275358022,1481,0.004558137949787341,-1.445965571882522,1.4440828042107998,-4095.9999999999995,4090.666666666666,C:\Users\kimeu\Downloads\starlink_pathB_wsl_package_v0_3_clean\starlink_pathB\paper_final_experiment_check\outputs\coverage_null_global_stats_all_tle_full\0_1_lst000_stress_full_polybeam_smooth_S30_multi.npz,9.10175923472585,9444.443085672718,1.7798436919007438e-05,140609741.2109375,False,False,False,False,False,False,False,False,False,False,False,False
0_1,14.60794900739243,short,stress,0,2461041.5,2461041.506822953,full_polybeam,smooth,1000.0,single,coherent_ab,4,10,1,58881,88.065,0.2350680443548387,1.9557868561271567e-06,0.5502745938468236,1,4,4,4,0.3308758856684498,0.5502745938468236,0.3308758856684498,0.7280464634021924,1.9557868561271567e-06,281357.1387510374,510.3971453670607,510.3971453670607,0.7323681869828286,False,20261659,100,-1.0354940693710746,1.154560351433283,0.9108910891089109,0.1782178217821782,151020.36731173843,19373215.15397308,206557.38445893396,371152.9692708639,371760.527484097,17875966.53835052,19526281.271093458,19555321.501227945,36175.19982265867,0.9901530934838455,0.8499908704393248,19373215.15397308,-11632670.166373076,1106626167.551434,0.017506557970555715,1481,0.004558137949787341,-1.445965571882522,1.4440828042107998,-4095.9999999999995,4090.666666666666,C:\Users\kimeu\Downloads\starlink_pathB_wsl_package_v0_3_clean\starlink_pathB\paper_final_experiment_check\outputs\coverage_null_global_stats_all_tle_full\0_1_lst000_stress_full_polybeam_smooth_S1000_single.npz,9.10175923472585,9444.443085672718,1.7798436919007438e-05,140609741.2109375,False,False,False,False,False,False,False,False,False,False,False,False
0_1,14.60794900739243,short,stress,0,2461041.5,2461041.506822953,full_polybeam,smooth,1000.0,multi,coherent_ab,4,10,10,58881;58881;46696;46696;48029;48029;54100;54100;58069;58069,88.065;88.065;86.822;86.617;85.104;85.104;83.508;83.508;77.989;77.989,0.2350680443548387,1.9557868561271567e-06,0.5502745938468236,1,4,4,4,0.3308758856684498,0.5502745938468236,0.3308758856684498,0.7280464634021924,1.9557868561271567e-06,281357.1387510374,2818.7363729219887,510.3971453670607,4.374686712831231,False,20261676,100,0.5847773477916618,1.9819384506629907,0.24752475247524752,0.04950495049504951,310753.55792022496,66096575.09626988,251382.27403260348,474159.74630403204,518553.74373020127,38535778.90160112,63402277.98609926,76954976.10645598,68479.70857915189,3.021267880697312,1.8667860829283083,66096575.09626988,-46155029.109703034,1106626167.551434,0.059728006651530614,1481,0.004558137949787341,-1.445965571882522,1.4440828042107998,-4095.9999999999995,4090.666666666666,C:\Users\kimeu\Downloads\starlink_pathB_wsl_package_v0_3_clean\starlink_pathB\paper_final_experiment_check\outputs\coverage_null_global_stats_all_tle_full\0_1_lst000_stress_full_polybeam_smooth_S1000_multi.npz,9.10175923472585,9444.443085672718,1.7798436919007438e-05,140609741.2109375,False,False,False,False,False,False,False,False,False,False,False,False
0_1,14.60794900739243,short,stress,0,2461041.5,2461041.506822953,full_polybeam,lines,30.0,single,coherent_ab,4,10,1,58881,88.065,0.2350680443548387,1.9557868561271567e-06,0.5502745938468236,1,4,4,4,0.3308758856684498,0.5502745938468236,0.3308758856684498,0.7280464634021924,1.9557868561271567e-06,281357.1387510374,15.311479827731139,15.311479827731139,0.02199379549212057,False,20261693,100,-1.8537904562788101,0.30843057994692263,0.9603960396039604,0.39603960396039606,5363.691872294992,495554.3851070097,8631.860111824237,13538.77571270354,13580.990377414542,487388.82353070285,520738.42780827166,522424.8798775071,1189.1038010856137,1.524858949362085,1.3369774224745954,495554.3851070097,-185349.19618901293,1106626167.551434,0.0004478064947655209,1481,0.004558137949787341,-1.445965571882522,1.4440828042107998,-4095.9999999999995,4090.666666666666,C:\Users\kimeu\Downloads\starlink_pathB_wsl_package_v0_3_clean\starlink_pathB\paper_final_experiment_check\outputs\coverage_null_global_stats_all_tle_full\0_1_lst000_stress_full_polybeam_lines_S30_single.npz,9.10175923472585,9444.443085672718,1.7798436919007438e-05,140609741.2109375,False,False,False,False,False,False,False,False,False,False,False,False
0_1,14.60794900739243,short,stress,0,2461041.5,2461041.506822953,full_polybeam,lines,30.0,multi,coherent_ab,4,10,10,58881;58881;46696;46696;48029;48029;54100;54100;58069;58069,88.065;88.065;86.822;86.617;85.104;85.104;83.508;83.508;77.989;77.989,0.2350680443548387,1.9557868561271567e-06,0.5502745938468236,1,4,4,4,0.3308758856684498,0.5502745938468236,0.3308758856684498,0.7280464634021924,1.9557868561271567e-06,281357.1387510374,84.55901454713748,15.311479827731139,0.1313705980610212,False,20261710,100,0.44152308477908386,1.938136797898914,0.39603960396039606,0.039603960396039604,14647.55789463222,1448429.6919185277,11797.652268855833,26490.460278168226,29396.733652719846,893253.4164969644,1361049.4977547382,1464631.1733486417,4353.645542516373,3.622111759392433,2.0155094519511993,1448429.6919185277,-588230.4305873592,1106626167.551434,0.0013088699096311647,1481,0.004558137949787341,-1.445965571882522,1.4440828042107998,-4095.9999999999995,4090.666666666666,C:\Users\kimeu\Downloads\starlink_pathB_wsl_package_v0_3_clean\starlink_pathB\paper_final_experiment_check\outputs\coverage_null_global_stats_all_tle_full\0_1_lst000_stress_full_polybeam_lines_S30_multi.npz,9.10175923472585,9444.443085672718,1.7798436919007438e-05,140609741.2109375,False,False,False,False,False,False,False,False,False,False,False,False
0_1,14.60794900739243,short,stress,0,2461041.5,2461041.506822953,full_polybeam,lines,1000.0,single,coherent_ab,4,10,1,58881,88.065,0.2350680443548387,1.9557868561271567e-06,0.5502745938468236,1,4,4,4,0.3308758856684498,0.5502745938468236,0.3308758856684498,0.7280464634021924,1.9557868561271567e-06,281357.1387510374,510.38266092437124,510.38266092437124,0.733126516404019,False,20261727,100,-0.9156989454471887,0.7942783013809758,0.8910891089108911,0.12871287128712872,152035.92323977873,19373274.756789763,221092.5321398843,369705.5966076644,371045.29731273855,17772351.410693265,19491656.137284383,19520014.258193176,50866.11141739786,1.3291920311952827,1.1700765886700841,19373274.756789763,-11627920.233151149,1106626167.551434,0.01750661183049363,1481,0.004558137949787341,-1.445965571882522,1.4440828042107998,-4095.9999999999995,4090.666666666666,C:\Users\kimeu\Downloads\starlink_pathB_wsl_package_v0_3_clean\starlink_pathB\paper_final_experiment_check\outputs\coverage_null_global_stats_all_tle_full\0_1_lst000_stress_full_polybeam_lines_S1000_single.npz,9.10175923472585,9444.443085672718,1.7798436919007438e-05,140609741.2109375,False,False,False,False,False,False,False,False,False,False,False,False
0_1,14.60794900739243,short,stress,0,2461041.5,2461041.506822953,full_polybeam,lines,1000.0,multi,coherent_ab,4,10,10,58881;58881;46696;46696;48029;48029;54100;54100;58069;58069,88.065;88.065;86.822;86.617;85.104;85.104;83.508;83.508;77.989;77.989,0.2350680443548387,1.9557868561271567e-06,0.5502745938468236,1,4,4,4,0.3308758856684498,0.5502745938468236,0.3308758856684498,0.7280464634021924,1.9557868561271567e-06,281357.1387510374,2818.6338182379154,510.38266092437124,4.379019935367372,False,20261744,100,0.6200576391101926,1.9289885269248008,0.25742574257425743,0.07920792079207921,312966.64930441976,66071766.28462894,236318.6507471474,486868.45522224205,578891.7997900232,37046890.97775728,68887999.49057226,78149091.59582959,83376.71129000979,3.549659066017751,1.900820128056932,66071766.28462894,-46132046.694983356,1106626167.551434,0.05970558823023498,1481,0.004558137949787341,-1.445965571882522,1.4440828042107998,-4095.9999999999995,4090.666666666666,C:\Users\kimeu\Downloads\starlink_pathB_wsl_package_v0_3_clean\starlink_pathB\paper_final_experiment_check\outputs\coverage_null_global_stats_all_tle_full\0_1_lst000_stress_full_polybeam_lines_S1000_multi.npz,9.10175923472585,9444.443085672718,1.7798436919007438e-05,140609741.2109375,False,False,False,False,False,False,False,False,False,False,False,False
0_1,14.60794900739243,short,stress,0,2461041.5,2461041.506822953,full_polybeam,khz_comb,30.0,single,coherent_ab,4,10,1,58881,88.065,0.2350680443548387,1.9557868561271567e-06,0.5502745938468236,1,4,4,4,0.3308758856684498,0.5502745938468236,0.3308758856684498,0.7280464634021924,1.9557868561271567e-06,281357.1387510374,12.601015632920815,12.601015632920815,0.01896125446156815,False,20261761,100,-1.7878590918932398,0.38183011996659716,0.9801980198019802,0.38613861386138615,4741.352858781815,435476.851652043,7364.760593904182,11921.38446556404,12470.575046805256,428053.0952515454,454936.26126841054,456063.472320417,989.7112606372684,0.7471842029320073,0.7140030075214912,435476.851652043,-151480.27208120195,1106626167.551434,0.0003935175802101235,1481,0.004558137949787341,-1.445965571882522,1.4440828042107998,-4095.9999999999995,4090.666666666666,C:\Users\kimeu\Downloads\starlink_pathB_wsl_package_v0_3_clean\starlink_pathB\paper_final_experiment_check\outputs\coverage_null_global_stats_all_tle_full\0_1_lst000_stress_full_polybeam_khz_comb_S30_single.npz,9.10175923472585,9444.443085672718,1.7798436919007438e-05,140609741.2109375,False,False,False,False,False,False,False,False,False,False,False,False
0_1,14.60794900739243,short,stress,0,2461041.5,2461041.506822953,full_polybeam,khz_comb,30.0,multi,coherent_ab,4,10,10,58881;58881;46696;46696;48029;48029;54100;54100;58069;58069,88.065;88.065;86.822;86.617;85.104;85.104;83.508;83.508;77.989;77.989,0.2350680443548387,1.9557868561271567e-06,0.5502745938468236,1,4,4,4,0.3308758856684498,0.5502745938468236,0.3308758856684498,0.7280464634021924,1.9557868561271567e-06,281357.1387510374,69.59023400749555,12.601015632920815,0.11227485096706255,False,20261778,100,0.45116753714050706,2.195860748877328,0.31683168316831684,0.009900990099009901,14143.44314302504,1254915.7533241815,11930.110834849998,22778.012535309885,24399.397271131398,730903.945462195,1086990.8215461029,1193858.2485630235,3308.908701580949,4.602789672868816,2.103951380094355,1254915.7533241815,-477451.35088879697,1106626167.551434,0.0011340015175141385,1481,0.004558137949787341,-1.445965571882522,1.4440828042107998,-4095.9999999999995,4090.666666666666,C:\Users\kimeu\Downloads\starlink_pathB_wsl_package_v0_3_clean\starlink_pathB\paper_final_experiment_check\outputs\coverage_null_global_stats_all_tle_full\0_1_lst000_stress_full_polybeam_khz_comb_S30_multi.npz,9.10175923472585,9444.443085672718,1.7798436919007438e-05,140609741.2109375,False,False,False,False,False,False,False,False,False,False,False,False
0_1,14.60794900739243,short,stress,0,2461041.5,2461041.506822953,full_polybeam,khz_comb,1000.0,single,coherent_ab,4,10,1,58881,88.065,0.2350680443548387,1.9557868561271567e-06,0.5502745938468236,1,4,4,4,0.3308758856684498,0.5502745938468236,0.3308758856684498,0.7280464634021924,1.9557868561271567e-06,281357.1387510374,420.03385443069374,420.03385443069374,0.6320418153856047,False,20261795,100,-1.3533181387660616,0.9047059840998157,0.9603960396039604,0.15841584158415842,138319.997290615,16261026.702754177,208615.8176703658,345740.41823080403,354933.9560190365,15269762.53960826,16376901.766048426,16391229.357807428,35035.28100140579,1.2592334638354112,1.0110857850966104,16261026.702754177,-8742403.231471587,1106626167.551434,0.014694236571988881,1481,0.004558137949787341,-1.445965571882522,1.4440828042107998,-4095.9999999999995,4090.666666666666,C:\Users\kimeu\Downloads\starlink_pathB_wsl_package_v0_3_clean\starlink_pathB\paper_final_experiment_check\outputs\coverage_null_global_stats_all_tle_full\0_1_lst000_stress_full_polybeam_khz_comb_S1000_single.npz,9.10175923472585,9444.443085672718,1.7798436919007438e-05,140609741.2109375,False,False,False,False,False,False,False,False,False,False,False,False
0_1,14.60794900739243,short,stress,0,2461041.5,2461041.506822953,full_polybeam,khz_comb,1000.0,multi,coherent_ab,4,10,10,58881;58881;46696;46696;48029;48029;54100;54100;58069;58069,88.065;88.065;86.822;86.617;85.104;85.104;83.508;83.508;77.989;77.989,0.2350680443548387,1.9557868561271567e-06,0.5502745938468236,1,4,4,4,0.3308758856684498,0.5502745938468236,0.3308758856684498,0.7280464634021924,1.9557868561271567e-06,281357.1387510374,2319.674466916518,420.03385443069374,3.7424950322354182,False,20261812,100,0.6262406089487843,1.6463068362226012,0.24752475247524752,0.07920792079207921,334114.5506695919,52984443.977718264,264390.7682717638,481691.0586809338,537012.0886549356,33898046.02886084,53517153.37626248,60967804.06396358,75095.81185102928,3.481777966973482,1.7748224552700003,52984443.977718264,-33752170.59249271,1106626167.551434,0.047879261788065064,1481,0.004558137949787341,-1.445965571882522,1.4440828042107998,-4095.9999999999995,4090.666666666666,C:\Users\kimeu\Downloads\starlink_pathB_wsl_package_v0_3_clean\starlink_pathB\paper_final_experiment_check\outputs\coverage_null_global_stats_all_tle_full\0_1_lst000_stress_full_polybeam_khz_comb_S1000_multi.npz,9.10175923472585,9444.443085672718,1.7798436919007438e-05,140609741.2109375,False,False,False,False,False,False,False,False,False,False,False,False
0_197,160.250312485456,mid,quiet,22,2461041.652777778,2461041.6596007315,frozen_polybeam,smooth,30.0,single,coherent_ab,3,22,1,56298,87.774,0.1653960853494623,3.763898124503042e-08,0.0434769020580605,0,3,3,3,0.0,0.0434769020580605,0.0,0.1229563272443203,3.763898124503042e-08,1155103.0506119488,1.6146460282659898,1.6146460282659898,0.0028235532106795857,False,20261851,100,-0.36325424996482186,-0.2809174949394538,0.693069306930693,0.6039603960396039,7.363900170092165,1347.3693978338897,7.692643899793666,8.533893009216627,8.640385714033764,1363.5087038732743,1422.6949369284507,1423.2429922945428,0.6104115999771693,1.1164082014461791,1.050289259840974,1347.3693978338897,84.97517435174072,2259634.4707073094,0.0005962775906016945,1299,0.05000312024881745,-1.445965571882522,1.4440828042107998,-4095.9999999999995,4090.666666666666,C:\Users\kimeu\Downloads\starlink_pathB_wsl_package_v0_3_clean\starlink_pathB\paper_final_experiment_check\outputs\coverage_null_global_stats_all_tle_full\0_197_lst022_quiet_frozen_polybeam_smooth_S30_single.npz,9.10175923472585,9444.443085672718,1.7798436919007438e-05,140609741.2109375,False,False,False,False,False,False,False,False,False,False,False,False
0_197,160.250312485456,mid,quiet,22,2461041.652777778,2461041.6596007315,frozen_polybeam,smooth,30.0,multi,coherent_ab,3,22,12,56298;56298;56504;56504;54806;54807;54807;49809;49809;45217;45217;56175,87.774;87.774;86.007;86.007;85.495;82.191;82.191;81.972;81.972;81.305;81.305;79.118,0.1653960853494623,3.763898124503042e-08,0.0434769020580605,0,3,3,3,0.0,0.0434769020580605,0.0,0.1229563272443203,3.763898124503042e-08,1155103.0506119488,5.478438863213242,1.6146460282659898,0.010244979376572167,False,20261868,100,0.5648913905017521,0.78524329645522,0.21782178217821782,0.12871287128712872,13.975802320390358,2852.9922032879067,10.920614763275125,17.97522485047614,18.772369231500527,2174.5061622970115,2978.708260818364,3193.0559796393777,3.647950403194727,3.8766037310238692,2.163988954773475,2852.9922032879067,-286.4056123006957,2259634.4707073094,0.001262590140251695,1299,0.05000312024881745,-1.445965571882522,1.4440828042107998,-4095.9999999999995,4090.666666666666,C:\Users\kimeu\Downloads\starlink_pathB_wsl_package_v0_3_clean\starlink_pathB\paper_final_experiment_check\outputs\coverage_null_global_stats_all_tle_full\0_197_lst022_quiet_frozen_polybeam_smooth_S30_multi.npz,9.10175923472585,9444.443085672718,1.7798436919007438e-05,140609741.2109375,False,False,False,False,False,False,False,False,False,False,False,False
0_197,160.250312485456,mid,quiet,22,2461041.652777778,2461041.6596007315,frozen_polybeam,smooth,1000.0,single,coherent_ab,3,22,1,56298,87.774,0.1653960853494623,3.763898124503042e-08,0.0434769020580605,0,3,3,3,0.0,0.0434769020580605,0.0,0.1229563272443203,3.763898124503042e-08,1155103.0506119488,53.821534275533004,53.821534275533004,0.09411844035598617,False,20261885,100,0.03414473778511648,-0.5519130684863583,0.49504950495049505,0.7227722772277227,231.07556923222182,45323.88452712807,230.06791966319452,268.37667441154133,270.52660952454755,46255.47928302195,49124.917779170166,49134.23144755283,19.904980011173166,1.1232371963111358,0.9935748963686785,45323.88452712807,-6376.2979100903285,2259634.4707073094,0.02005806032554496,1299,0.05000312024881745,-1.445965571882522,1.4440828042107998,-4095.9999999999995,4090.666666666666,C:\Users\kimeu\Downloads\starlink_pathB_wsl_package_v0_3_clean\starlink_pathB\paper_final_experiment_check\outputs\coverage_null_global_stats_all_tle_full\0_197_lst022_quiet_frozen_polybeam_smooth_S1000_single.npz,9.10175923472585,9444.443085672718,1.7798436919007438e-05,140609741.2109375,False,False,False,False,False,False,False,False,False,False,False,False
0_197,160.250312485456,mid,quiet,22,2461041.652777778,2461041.6596007315,frozen_polybeam,smooth,1000.0,multi,coherent_ab,3,22,12,56298;56298;56504;56504;54806;54807;54807;49809;49809;45217;45217;56175,87.774;87.774;86.007;86.007;85.495;82.191;82.191;81.972;81.972;81.305;81.305;79.118,0.1653960853494623,3.763898124503042e-08,0.0434769020580605,0,3,3,3,0.0,0.0434769020580605,0.0,0.1229563272443203,3.763898124503042e-08,1155103.0506119488,182.61462877377477,53.821534275533004,0.34149931255240545,False,20261902,100,0.2876014119818317,1.407559572326943,0.36633663366336633,0.039603960396039604,339.99188518730216,119703.9814242501,296.5978795028095,488.0156381803046,551.6738196024295,67429.73009474167,115487.92554976621,129294.2573100923,101.76881834194228,3.185274313554948,1.6438943807156716,119703.9814242501,-82147.0694531649,2259634.4707073094,0.052974931554651154,1299,0.05000312024881745,-1.445965571882522,1.4440828042107998,-4095.9999999999995,4090.666666666666,C:\Users\kimeu\Downloads\starlink_pathB_wsl_package_v0_3_clean\starlink_pathB\paper_final_experiment_check\outputs\coverage_null_global_stats_all_tle_full\0_197_lst022_quiet_frozen_polybeam_smooth_S1000_multi.npz,9.10175923472585,9444.443085672718,1.7798436919007438e-05,140609741.2109375,False,False,False,False,False,False,False,False,False,False,False,False
0_197,160.250312485456,mid,quiet,22,2461041.652777778,2461041.6596007315,frozen_polybeam,lines,30.0,single,coherent_ab,3,22,1,56298,87.774,0.1653960853494623,3.763898124503042e-08,0.0434769020580605,0,3,3,3,0.0,0.0434769020580605,0.0,0.1229563272443203,3.763898124503042e-08,1155103.0506119488,1.614533879432984,1.614533879432984,0.002825417363169042,False,20261919,100,-0.19035427841898356,-0.439051286267133,0.6633663366336634,0.7326732673267327,7.34639281046293,1347.5099133964752,7.54524448772554,8.576499130248658,8.628315273560792,1369.3833581075928,1423.3245418370611,1423.8284679668077,0.704599969772346,1.2294382263738726,1.1508857579691407,1347.5099133964752,85.58136076950227,2259634.4707073094,0.0005963397756871174,1299,0.05000312024881745,-1.445965571882522,1.4440828042107998,-4095.9999999999995,4090.666666666666,C:\Users\kimeu\Downloads\starlink_pathB_wsl_package_v0_3_clean\starlink_pathB\paper_final_experiment_check\outputs\coverage_null_global_stats_all_tle_full\0_197_lst022_quiet_frozen_polybeam_lines_S30_single.npz,9.10175923472585,9444.443085672718,1.7798436919007438e-05,140609741.2109375,False,False,False,False,False,False,False,False,False,False,False,False
0_197,160.250312485456,mid,quiet,22,2461041.652777778,2461041.6596007315,frozen_polybeam,lines,30.0,multi,coherent_ab,3,22,12,56298;56298;56504;56504;54806;54807;54807;49809;49809;45217;45217;56175,87.774;87.774;86.007;86.007;85.495;82.191;82.191;81.972;81.972;81.305;81.305;79.118,0.1653960853494623,3.763898124503042e-08,0.0434769020580605,0,3,3,3,0.0,0.0434769020580605,0.0,0.1229563272443203,3.763898124503042e-08,1155103.0506119488,5.47800419751422,1.614533879432984,0.010252684593174452,False,20261936,100,0.8285891567539141,1.053834579747866,0.22772277227722773,0.13861386138613863,13.9256244689509,2851.6048556156225,10.340937361883562,17.57617794911323,19.29504033433008,1936.6565862238615,3004.227292192177,3220.7078941876325,2.918018308137107,2.9351003277288523,1.9075941818168725,2851.6048556156225,-285.1459448706304,2259634.4707073094,0.0012619761702975857,1299,0.05000312024881745,-1.445965571882522,1.4440828042107998,-4095.9999999999995,4090.666666666666,C:\Users\kimeu\Downloads\starlink_pathB_wsl_package_v0_3_clean\starlink_pathB\paper_final_experiment_check\outputs\coverage_null_global_stats_all_tle_full\0_197_lst022_quiet_frozen_polybeam_lines_S30_multi.npz,9.10175923472585,9444.443085672718,1.7798436919007438e-05,140609741.2109375,False,False,False,False,False,False,False,False,False,False,False,False
0_197,160.250312485456,mid,quiet,22,2461041.652777778,2461041.6596007315,frozen_polybeam,lines,1000.0,single,coherent_ab,3,22,1,56298,87.774,0.1653960853494623,3.763898124503042e-08,0.0434769020580605,0,3,3,3,0.0,0.0434769020580605,0.0,0.1229563272443203,3.763898124503042e-08,1155103.0506119488,53.81779598109947,53.81779598109947,0.09418057877230136,False,20261953,100,-0.10205815595250749,-0.6312395135904422,0.6039603960396039,0.7326732673267327,230.4955424485106,45337.70489940269,233.58897874874833,265.8413751533165,269.89972606435913,46460.83573799286,49139.658314390326,49152.958567346686,20.44416911188125,1.58329212511749,1.3684238268718396,45337.70489940269,-6354.291683181332,2259634.4707073094,0.02006417652374152,1299,0.05000312024881745,-1.445965571882522,1.4440828042107998,-4095.9999999999995,4090.666666666666,C:\Users\kimeu\Downloads\starlink_pathB_wsl_package_v0_3_clean\starlink_pathB\paper_final_experiment_check\outputs\coverage_null_global_stats_all_tle_full\0_197_lst022_quiet_frozen_polybeam_lines_S1000_single.npz,9.10175923472585,9444.443085672718,1.7798436919007438e-05,140609741.2109375,False,False,False,False,False,False,False,False,False,False,False,False
0_197,160.250312485456,mid,quiet,22,2461041.652777778,2461041.6596007315,frozen_polybeam,lines,1000.0,multi,coherent_ab,3,22,12,56298;56298;56504;56504;54806;54807;54807;49809;49809;45217;45217;56175,87.774;87.774;86.007;86.007;85.495;82.191;82.191;81.972;81.972;81.305;81.305;79.118,0.1653960853494623,3.763898124503042e-08,0.0434769020580605,0,3,3,3,0.0,0.0434769020580605,0.0,0.1229563272443203,3.763898124503042e-08,1155103.0506119488,182.6001399171407,53.81779598109947,0.3417561531058149,False,20261970,100,0.11509147010239831,1.4562221201693752,0.4752475247524752,0.039603960396039604,337.8539039366824,119696.26907527095,323.7989714754781,508.919376911726,537.6295968328491,74738.4420689249,114386.30039437048,126397.47217431855,82.36858962454426,2.828814865459819,1.556328234477387,119696.26907527095,-82098.64995214519,2259634.4707073094,0.05297151845882564,1299,0.05000312024881745,-1.445965571882522,1.4440828042107998,-4095.9999999999995,4090.666666666666,C:\Users\kimeu\Downloads\starlink_pathB_wsl_package_v0_3_clean\starlink_pathB\paper_final_experiment_check\outputs\coverage_null_global_stats_all_tle_full\0_197_lst022_quiet_frozen_polybeam_lines_S1000_multi.npz,9.10175923472585,9444.443085672718,1.7798436919007438e-05,140609741.2109375,False,False,False,False,False,False,False,False,False,False,False,False
0_197,160.250312485456,mid,quiet,22,2461041.652777778,2461041.6596007315,frozen_polybeam,khz_comb,30.0,single,coherent_ab,3,22,1,56298,87.774,0.1653960853494623,3.763898124503042e-08,0.0434769020580605,0,3,3,3,0.0,0.0434769020580605,0.0,0.1229563272443203,3.763898124503042e-08,1155103.0506119488,1.3287263467354888,1.3287263467354888,0.002535232412672803,False,20261987,100,0.700693715730721,-0.7724105842792104,0.13861386138613863,0.6633663366336634,8.053246374811351,1273.3376262203774,7.279220786130509,8.131062248728904,8.244376346466561,1312.1234458983902,1348.6165216578556,1349.8774037685678,0.7450803331655607,1.1209227724295436,1.053288296979281,1273.3376262203774,87.18446671846944,2259634.4707073094,0.0005635148705364713,1299,0.05000312024881745,-1.445965571882522,1.4440828042107998,-4095.9999999999995,4090.666666666666,C:\Users\kimeu\Downloads\starlink_pathB_wsl_package_v0_3_clean\starlink_pathB\paper_final_experiment_check\outputs\coverage_null_global_stats_all_tle_full\0_197_lst022_quiet_frozen_polybeam_khz_comb_S30_single.npz,9.10175923472585,9444.443085672718,1.7798436919007438e-05,140609741.2109375,False,False,False,False,False,False,False,False,False,False,False,False
0_197,160.250312485456,mid,quiet,22,2461041.652777778,2461041.6596007315,frozen_polybeam,khz_comb,30.0,multi,coherent_ab,3,22,12,56298;56298;56504;56504;54806;54807;54807;49809;49809;45217;45217;56175,87.774;87.774;86.007;86.007;85.495;82.191;82.191;81.972;81.972;81.305;81.305;79.118,0.1653960853494623,3.763898124503042e-08,0.0434769020580605,0,3,3,3,0.0,0.0434769020580605,0.0,0.1229563272443203,3.763898124503042e-08,1155103.0506119488,4.567768036868844,1.3287263467354888,0.009219770258301424,False,20262004,100,0.9445253412827884,0.9140954120506539,0.2376237623762376,0.15841584158415842,13.232037626941747,2666.6047797880797,9.032412870615644,16.561527622498122,17.755271241569794,1778.5786585398746,3012.1070021820997,3096.3886602103025,2.9989752181387246,2.980393088890251,2.0330722221406115,2666.6047797880797,-255.68628385462142,2259634.4707073094,0.0011801044878525775,1299,0.05000312024881745,-1.445965571882522,1.4440828042107998,-4095.9999999999995,4090.666666666666,C:\Users\kimeu\Downloads\starlink_pathB_wsl_package_v0_3_clean\starlink_pathB\paper_final_experiment_check\outputs\coverage_null_global_stats_all_tle_full\0_197_lst022_quiet_frozen_polybeam_khz_comb_S30_multi.npz,9.10175923472585,9444.443085672718,1.7798436919007438e-05,140609741.2109375,False,False,False,False,False,False,False,False,False,False,False,False
0_197,160.250312485456,mid,quiet,22,2461041.652777778,2461041.6596007315,frozen_polybeam,khz_comb,1000.0,single,coherent_ab,3,22,1,56298,87.774,0.1653960853494623,3.763898124503042e-08,0.0434769020580605,0,3,3,3,0.0,0.0434769020580605,0.0,0.1229563272443203,3.763898124503042e-08,1155103.0506119488,44.290878224516284,44.290878224516284,0.08450774708909346,False,20262021,100,1.009052685613897,-0.4938182033391667,0.1485148514851485,0.6732673267326733,251.29810386835925,42838.69403236578,217.46377473892676,258.0793483902029,261.5662320205212,43671.44702828324,46405.95484883576,46435.80510955472,22.616204957631112,1.3696159355677477,1.183814758307656,42838.69403236578,-5354.832498825597,2259634.4707073094,0.0189582406303779,1299,0.05000312024881745,-1.445965571882522,1.4440828042107998,-4095.9999999999995,4090.666666666666,C:\Users\kimeu\Downloads\starlink_pathB_wsl_package_v0_3_clean\starlink_pathB\paper_final_experiment_check\outputs\coverage_null_global_stats_all_tle_full\0_197_lst022_quiet_frozen_polybeam_khz_comb_S1000_single.npz,9.10175923472585,9444.443085672718,1.7798436919007438e-05,140609741.2109375,False,False,False,False,False,False,False,False,False,False,False,False
0_197,160.250312485456,mid,quiet,22,2461041.652777778,2461041.6596007315,frozen_polybeam,khz_comb,1000.0,multi,coherent_ab,3,22,12,56298;56298;56504;56504;54806;54807;54807;49809;49809;45217;45217;56175,87.774;87.774;86.007;86.007;85.495;82.191;82.191;81.972;81.972;81.305;81.305;79.118,0.1653960853494623,3.763898124503042e-08,0.0434769020580605,0,3,3,3,0.0,0.0434769020580605,0.0,0.1229563272443203,3.763898124503042e-08,1155103.0506119488,152.2589345622948,44.290878224516284,0.3073256752767142,False,20262038,100,-0.2511912855943125,1.1041221818032065,0.5742574257425742,0.039603960396039604,306.15545616440613,111097.95656519633,338.7214343363206,497.3705093270747,556.766122334048,76505.57504177472,107948.65108607436,112791.00091733578,87.4451169685409,2.9438537683575787,1.367733602585314,111097.95656519633,-75789.71863298045,2259634.4707073094,0.049166339956931406,1299,0.05000312024881745,-1.445965571882522,1.4440828042107998,-4095.9999999999995,4090.666666666666,C:\Users\kimeu\Downloads\starlink_pathB_wsl_package_v0_3_clean\starlink_pathB\paper_final_experiment_check\outputs\coverage_null_global_stats_all_tle_full\0_197_lst022_quiet_frozen_polybeam_khz_comb_S1000_multi.npz,9.10175923472585,9444.443085672718,1.7798436919007438e-05,140609741.2109375,False,False,False,False,False,False,False,False,False,False,False,False
0_197,160.250312485456,mid,quiet,22,2461041.652777778,2461041.6596007315,full_polybeam,smooth,30.0,single,coherent_ab,3,22,1,56298,87.774,0.1653960853494623,3.763898124503042e-08,0.0434769020580605,0,3,3,3,0.0,0.0434769020580605,0.0,0.1229563272443203,3.763898124503042e-08,1155103.0506119488,1.9960651996059433,1.9960651996059433,0.0036137758614521475,False,20262055,100,-1.48259653850943,-0.48789347578255554,0.8217821782178217,0.6237623762376238,7.49792391304436,1470.8907919885405,8.5923337007996,9.273824109466863,9.383063154522775,1501.7677836868525,1547.3452871112138,1548.0171426837492,0.4978895267513508,0.9520757696149021,0.9125557055366902,1470.8907919885405,100.56696449506927,2259634.4707073094,0.0006509419160737635,1299,0.05000312024881745,-1.445965571882522,1.4440828042107998,-4095.9999999999995,4090.666666666666,C:\Users\kimeu\Downloads\starlink_pathB_wsl_package_v0_3_clean\starlink_pathB\paper_final_experiment_check\outputs\coverage_null_global_stats_all_tle_full\0_197_lst022_quiet_full_polybeam_smooth_S30_single.npz,9.10175923472585,9444.443085672718,1.7798436919007438e-05,140609741.2109375,False,False,False,False,False,False,False,False,False,False,False,False
0_197,160.250312485456,mid,quiet,22,2461041.652777778,2461041.6596007315,full_polybeam,smooth,30.0,multi,coherent_ab,3,22,12,56298;56298;56504;56504;54806;54807;54807;49809;49809;45217;45217;56175,87.774;87.774;86.007;86.007;85.495;82.191;82.191;81.972;81.972;81.305;81.305;79.118,0.1653960853494623,3.763898124503042e-08,0.0434769020580605,0,3,3,3,0.0,0.0434769020580605,0.0,0.1229563272443203,3.763898124503042e-08,1155103.0506119488,7.658582914174227,1.9960651996059433,0.014027378477070775,False,20262072,100,0.604110611246778,0.9819772549102662,0.3069306930693069,0.039603960396039604,15.570454490435623,3323.960916014244,12.111895455136164,19.207957998039113,20.08068261507484,2450.6015187350986,3290.6486465068033,3410.356661886115,3.8614883880277375,2.7628303239908854,1.8801595039752574,3323.960916014244,-314.0783149692635,2259634.4707073094,0.0014710170866590558,1299,0.05000312024881745,-1.445965571882522,1.4440828042107998,-4095.9999999999995,4090.666666666666,C:\Users\kimeu\Downloads\starlink_pathB_wsl_package_v0_3_clean\starlink_pathB\paper_final_experiment_check\outputs\coverage_null_global_stats_all_tle_full\0_197_lst022_quiet_full_polybeam_smooth_S30_multi.npz,9.10175923472585,9444.443085672718,1.7798436919007438e-05,140609741.2109375,False,False,False,False,False,False,False,False,False,False,False,False
0_197,160.250312485456,mid,quiet,22,2461041.652777778,2461041.6596007315,full_polybeam,smooth,1000.0,single,coherent_ab,3,22,1,56298,87.774,0.1653960853494623,3.763898124503042e-08,0.0434769020580605,0,3,3,3,0.0,0.0434769020580605,0.0,0.1229563272443203,3.763898124503042e-08,1155103.0506119488,66.53550665353143,66.53550665353143,0.12045919538173827,False,20262089,100,-1.0805140870928378,-0.792390762174604,0.7920792079207921,0.8514851485148515,234.7086849136922,50643.27811063297,265.01170946747175,292.945266876543,293.21687210590136,52282.7377306094,54534.13690315111,54578.89725485087,18.916097707442987,0.9699569069549555,0.9138429885718704,50643.27811063297,-11489.389900012771,2259634.4707073094,0.022412155048590954,1299,0.05000312024881745,-1.445965571882522,1.4440828042107998,-4095.9999999999995,4090.666666666666,C:\Users\kimeu\Downloads\starlink_pathB_wsl_package_v0_3_clean\starlink_pathB\paper_final_experiment_check\outputs\coverage_null_global_stats_all_tle_full\0_197_lst022_quiet_full_polybeam_smooth_S1000_single.npz,9.10175923472585,9444.443085672718,1.7798436919007438e-05,140609741.2109375,False,False,False,False,False,False,False,False,False,False,False,False
0_197,160.250312485456,mid,quiet,22,2461041.652777778,2461041.6596007315,full_polybeam,smooth,1000.0,multi,coherent_ab,3,22,12,56298;56298;56504;56504;54806;54807;54807;49809;49809;45217;45217;56175,87.774;87.774;86.007;86.007;85.495;82.191;82.191;81.972;81.972;81.305;81.305;79.118,0.1653960853494623,3.763898124503042e-08,0.0434769020580605,0,3,3,3,0.0,0.0434769020580605,0.0,0.1229563272443203,3.763898124503042e-08,1155103.0506119488,255.28609713914094,66.53550665353143,0.46757928256902587,False,20262106,100,0.23742600231992161,1.3307672589658233,0.40594059405940597,0.019801980198019802,433.9778908754015,154678.1580831634,395.8804875343442,547.3062776113109,599.2833961593435,97164.92837779417,148950.98252759708,153491.73984272068,108.2288639934693,3.3047510449438846,1.48566542679864,154678.1580831634,-113831.37929013847,2259634.4707073094,0.06845273431978852,1299,0.05000312024881745,-1.445965571882522,1.4440828042107998,-4095.9999999999995,4090.666666666666,C:\Users\kimeu\Downloads\starlink_pathB_wsl_package_v0_3_clean\starlink_pathB\paper_final_experiment_check\outputs\coverage_null_global_stats_all_tle_full\0_197_lst022_quiet_full_polybeam_smooth_S1000_multi.npz,9.10175923472585,9444.443085672718,1.7798436919007438e-05,140609741.2109375,False,False,False,False,False,False,False,False,False,False,False,False
0_197,160.250312485456,mid,quiet,22,2461041.652777778,2461041.6596007315,full_polybeam,lines,30.0,single,coherent_ab,3,22,1,56298,87.774,0.1653960853494623,3.763898124503042e-08,0.0434769020580605,0,3,3,3,0.0,0.0434769020580605,0.0,0.1229563272443203,3.763898124503042e-08,1155103.0506119488,1.99592655845561,1.99592655845561,0.0036159950500018667,False,20262123,100,-1.5126652805909686,-0.2858920946982035,0.7821782178217822,0.5841584158415841,7.477611273961884,1470.754277705149,8.63690230825273,9.326931717285026,9.366992059933118,1490.5518609749624,1547.9512857568488,1548.3043783396365,0.5169227457033685,0.9971343008462448,0.9084746050728139,1470.754277705149,101.33579145017669,2259634.4707073094,0.000650881501752261,1299,0.05000312024881745,-1.445965571882522,1.4440828042107998,-4095.9999999999995,4090.666666666666,C:\Users\kimeu\Downloads\starlink_pathB_wsl_package_v0_3_clean\starlink_pathB\paper_final_experiment_check\outputs\coverage_null_global_stats_all_tle_full\0_197_lst022_quiet_full_polybeam_lines_S30_single.npz,9.10175923472585,9444.443085672718,1.7798436919007438e-05,140609741.2109375,False,False,False,False,False,False,False,False,False,False,False,False
0_197,160.250312485456,mid,quiet,22,2461041.652777778,2461041.6596007315,full_polybeam,lines,30.0,multi,coherent_ab,3,22,12,56298;56298;56504;56504;54806;54807;54807;49809;49809;45217;45217;56175,87.774;87.774;86.007;86.007;85.495;82.191;82.191;81.972;81.972;81.305;81.305;79.118,0.1653960853494623,3.763898124503042e-08,0.0434769020580605,0,3,3,3,0.0,0.0434769020580605,0.0,0.1229563272443203,3.763898124503042e-08,1155103.0506119488,7.657827693352815,1.99592655845561,0.014036999827405755,False,20262140,100,0.5326808141057309,0.8892414070347577,0.2871287128712871,0.07920792079207921,15.629278280308426,3322.441941215761,13.094832684616904,19.69877863157428,20.221260047286247,2595.544357558536,3358.579658365059,3670.329236902232,3.209164079918935,3.018763999888858,2.0121368519740965,3322.441941215761,-312.3779845789841,2259634.4707073094,0.0014703448651921885,1299,0.05000312024881745,-1.445965571882522,1.4440828042107998,-4095.9999999999995,4090.666666666666,C:\Users\kimeu\Downloads\starlink_pathB_wsl_package_v0_3_clean\starlink_pathB\paper_final_experiment_check\outputs\coverage_null_global_stats_all_tle_full\0_197_lst022_quiet_full_polybeam_lines_S30_multi.npz,9.10175923472585,9444.443085672718,1.7798436919007438e-05,140609741.2109375,False,False,False,False,False,False,False,False,False,False,False,False
0_197,160.250312485456,mid,quiet,22,2461041.652777778,2461041.6596007315,full_polybeam,lines,1000.0,single,coherent_ab,3,22,1,56298,87.774,0.1653960853494623,3.763898124503042e-08,0.0434769020580605,0,3,3,3,0.0,0.0434769020580605,0.0,0.1229563272443203,3.763898124503042e-08,1155103.0506119488,66.53088528185367,66.53088528185367,0.12053316833339559,False,20262157,100,-1.130551950090987,-0.7797623066658153,0.7722772277227723,0.8514851485148515,234.06479260686137,50643.525523838194,266.169863536051,292.80095714615055,294.7110546594764,52261.817947912634,54573.25217377506,54621.40830525157,19.15398374425547,1.338216185896019,1.1794139694627503,50643.525523838194,-11455.26691519313,2259634.4707073094,0.0224122645411697,1299,0.05000312024881745,-1.445965571882522,1.4440828042107998,-4095.9999999999995,4090.666666666666,C:\Users\kimeu\Downloads\starlink_pathB_wsl_package_v0_3_clean\starlink_pathB\paper_final_experiment_check\outputs\coverage_null_global_stats_all_tle_full\0_197_lst022_quiet_full_polybeam_lines_S1000_single.npz,9.10175923472585,9444.443085672718,1.7798436919007438e-05,140609741.2109375,False,False,False,False,False,False,False,False,False,False,False,False
0_197,160.250312485456,mid,quiet,22,2461041.652777778,2461041.6596007315,full_polybeam,lines,1000.0,multi,coherent_ab,3,22,12,56298;56298;56504;56504;54806;54807;54807;49809;49809;45217;45217;56175,87.774;87.774;86.007;86.007;85.495;82.191;82.191;81.972;81.972;81.305;81.305;79.118,0.1653960853494623,3.763898124503042e-08,0.0434769020580605,0,3,3,3,0.0,0.0434769020580605,0.0,0.1229563272443203,3.763898124503042e-08,1155103.0506119488,255.26092311176055,66.53088528185367,0.4678999942468587,False,20262174,100,0.6858861884055133,1.6268426069002337,0.27722772277227725,0.0297029702970297,436.5050594427739,154650.1380221885,323.6389615418185,570.6207597224295,599.664827767877,84403.86070404953,141583.28365050658,162394.37297205094,110.99092149580781,3.310311878438406,1.4187084336641342,154650.1380221885,-113727.83959509086,2259634.4707073094,0.06844033405711854,1299,0.05000312024881745,-1.445965571882522,1.4440828042107998,-4095.9999999999995,4090.666666666666,C:\Users\kimeu\Downloads\starlink_pathB_wsl_package_v0_3_clean\starlink_pathB\paper_final_experiment_check\outputs\coverage_null_global_stats_all_tle_full\0_197_lst022_quiet_full_polybeam_lines_S1000_multi.npz,9.10175923472585,9444.443085672718,1.7798436919007438e-05,140609741.2109375,False,False,False,False,False,False,False,False,False,False,False,False
0_197,160.250312485456,mid,quiet,22,2461041.652777778,2461041.6596007315,full_polybeam,khz_comb,30.0,single,coherent_ab,3,22,1,56298,87.774,0.1653960853494623,3.763898124503042e-08,0.0434769020580605,0,3,3,3,0.0,0.0434769020580605,0.0,0.1229563272443203,3.763898124503042e-08,1155103.0506119488,1.6426042451957976,1.6426042451957976,0.003156737178461338,False,20262191,100,0.20124840836454042,-0.17162843706817912,0.4752475247524752,0.5445544554455446,8.061018264954328,1342.458600531057,7.9383237913421,8.52493437521016,8.538615320405825,1353.6456614524732,1422.0543763977555,1423.5860048268162,0.41121462456681,0.8819256678542123,0.8080563451764737,1342.458600531057,101.98645272860199,2259634.4707073094,0.0005941043199393402,1299,0.05000312024881745,-1.445965571882522,1.4440828042107998,-4095.9999999999995,4090.666666666666,C:\Users\kimeu\Downloads\starlink_pathB_wsl_package_v0_3_clean\starlink_pathB\paper_final_experiment_check\outputs\coverage_null_global_stats_all_tle_full\0_197_lst022_quiet_full_polybeam_khz_comb_S30_single.npz,9.10175923472585,9444.443085672718,1.7798436919007438e-05,140609741.2109375,False,False,False,False,False,False,False,False,False,False,False,False
0_197,160.250312485456,mid,quiet,22,2461041.652777778,2461041.6596007315,full_polybeam,khz_comb,30.0,multi,coherent_ab,3,22,12,56298;56298;56504;56504;54806;54807;54807;49809;49809;45217;45217;56175,87.774;87.774;86.007;86.007;85.495;82.191;82.191;81.972;81.972;81.305;81.305;79.118,0.1653960853494623,3.763898124503042e-08,0.0434769020580605,0,3,3,3,0.0,0.0434769020580605,0.0,0.1229563272443203,3.763898124503042e-08,1155103.0506119488,6.302226013672755,1.6426042451957976,0.012201740451697328,False,20262208,100,0.7346483375321015,0.9962828475001564,0.32673267326732675,0.04950495049504951,14.08260374360691,2973.887385583492,9.803018996889023,17.684813548573537,18.859300154732097,2111.3155428728373,2915.01060738115,3040.694386831314,3.9291457131107563,3.327116244431477,2.0450030198616878,2973.887385583492,-262.49265289889837,2259634.4707073094,0.0013160922371009004,1299,0.05000312024881745,-1.445965571882522,1.4440828042107998,-4095.9999999999995,4090.666666666666,C:\Users\kimeu\Downloads\starlink_pathB_wsl_package_v0_3_clean\starlink_pathB\paper_final_experiment_check\outputs\coverage_null_global_stats_all_tle_full\0_197_lst022_quiet_full_polybeam_khz_comb_S30_multi.npz,9.10175923472585,9444.443085672718,1.7798436919007438e-05,140609741.2109375,False,False,False,False,False,False,False,False,False,False,False,False
0_197,160.250312485456,mid,quiet,22,2461041.652777778,2461041.6596007315,full_polybeam,khz_comb,1000.0,single,coherent_ab,3,22,1,56298,87.774,0.1653960853494623,3.763898124503042e-08,0.0434769020580605,0,3,3,3,0.0,0.0434769020580605,0.0,0.1229563272443203,3.763898124503042e-08,1155103.0506119488,54.75347483985992,54.75347483985992,0.10522457261537788,False,20262225,100,0.4038433797358576,-1.0771887369526563,0.33663366336633666,0.801980198019802,252.41441570235838,45740.341611045835,242.07440833460578,266.2503004515207,267.75394235984567,47881.452881740064,49661.76563959422,49682.23492965171,17.26966386580534,1.4678378452080516,1.2237266818885395,45740.341611045835,-7962.880769573057,2259634.4707073094,0.02024236318041662,1299,0.05000312024881745,-1.445965571882522,1.4440828042107998,-4095.9999999999995,4090.666666666666,C:\Users\kimeu\Downloads\starlink_pathB_wsl_package_v0_3_clean\starlink_pathB\paper_final_experiment_check\outputs\coverage_null_global_stats_all_tle_full\0_197_lst022_quiet_full_polybeam_khz_comb_S1000_single.npz,9.10175923472585,9444.443085672718,1.7798436919007438e-05,140609741.2109375,False,False,False,False,False,False,False,False,False,False,False,False
0_197,160.250312485456,mid,quiet,22,2461041.652777778,2461041.6596007315,full_polybeam,khz_comb,1000.0,multi,coherent_ab,3,22,12,56298;56298;56504;56504;54806;54807;54807;49809;49809;45217;45217;56175,87.774;87.774;86.007;86.007;85.495;82.191;82.191;81.972;81.972;81.305;81.305;79.118,0.1653960853494623,3.763898124503042e-08,0.0434769020580605,0,3,3,3,0.0,0.0434769020580605,0.0,0.1229563272443203,3.763898124503042e-08,1155103.0506119488,210.07420045575844,54.75347483985992,0.4067246817232443,False,20262242,100,0.14908651915389665,1.257195684208698,0.45544554455445546,0.0297029702970297,351.2435838686333,130459.2347776983,325.84988607981154,519.4544700410987,562.2647064148352,79709.1381871077,120770.05189565873,132365.94759900152,114.885065428492,3.035667137693171,1.4232845276263886,130459.2347776983,-91358.15524347572,2259634.4707073094,0.05773466304789642,1299,0.05000312024881745,-1.445965571882522,1.4440828042107998,-4095.9999999999995,4090.666666666666,C:\Users\kimeu\Downloads\starlink_pathB_wsl_package_v0_3_clean\starlink_pathB\paper_final_experiment_check\outputs\coverage_null_global_stats_all_tle_full\0_197_lst022_quiet_full_polybeam_khz_comb_S1000_multi.npz,9.10175923472585,9444.443085672718,1.7798436919007438e-05,140609741.2109375,False,False,False,False,False,False,False,False,False,False,False,False
0_197,160.250312485456,mid,typical,36,2461041.75,2461041.756822953,frozen_polybeam,smooth,30.0,single,coherent_ab,4,38,1,53543,88.557,0.1655535954301075,3.3613473915769145e-07,0.3212071455869001,0,4,4,4,0.0,0.3212071455869001,0.0,0.5491919590577511,3.3613473915769145e-07,955590.4468303458,0.7688070612879124,0.7688070612879124,0.000994438347152525,False,20262273,100,-0.6441801684821995,0.5390396570210192,0.7722772277227723,0.2871287128712871,3.94085949647706,745.0434217030852,4.402058333496541,5.707924533344931,5.792397400817754,739.3361320934912,751.3596061288721,752.8871012263103,0.48289961267192894,1.001728099780148,0.8982351806356236,745.0434217030852,-215.7021214899214,3926871.5421165004,0.00018972951208419785,1299,0.05000312024881745,-1.445965571882522,1.4440828042107998,-4095.9999999999995,4090.666666666666,C:\Users\kimeu\Downloads\starlink_pathB_wsl_package_v0_3_clean\starlink_pathB\paper_final_experiment_check\outputs\coverage_null_global_stats_all_tle_full\0_197_lst036_typical_frozen_polybeam_smooth_S30_single.npz,9.10175923472585,9444.443085672718,1.7798436919007438e-05,140609741.2109375,False,False,False,False,False,False,False,False,False,False,False,False
0_197,160.250312485456,mid,typical,36,2461041.75,2461041.756822953,frozen_polybeam,smooth,30.0,multi,coherent_ab,4,38,12,53543;59506;59506;59938;59938;54550;54550;44436;44436;49397;49397;56746,88.557;87.418;87.418;86.813;86.813;86.794;86.794;85.894;85.894;85.351;85.351;84.166,0.1655535954301075,3.3613473915769145e-07,0.3212071455869001,0,4,4,4,0.0,0.3212071455869001,0.0,0.5491919590577511,3.3613473915769145e-07,955590.4468303458,5.357844631452354,0.8907891889362991,0.007586986767236279,False,20262290,100,-0.29284684070989936,1.0309309500645372,0.6138613861386139,0.13861386138613863,16.697733131137966,4081.543177973869,18.250857565019942,27.51661115433292,29.50107344849745,3243.3467104572815,4360.350922930328,4538.936165996333,3.57718757160319,3.2744598273661016,1.9788868547984204,4081.543177973869,47.60417433206622,3926871.5421165004,0.001039388004980169,1299,0.05000312024881745,-1.445965571882522,1.4440828042107998,-4095.9999999999995,4090.666666666666,C:\Users\kimeu\Downloads\starlink_pathB_wsl_package_v0_3_clean\starlink_pathB\paper_final_experiment_check\outputs\coverage_null_global_stats_all_tle_full\0_197_lst036_typical_frozen_polybeam_smooth_S30_multi.npz,9.10175923472585,9444.443085672718,1.7798436919007438e-05,140609741.2109375,False,False,False,False,False,False,False,False,False,False,False,False
0_197,160.250312485456,mid,typical,36,2461041.75,2461041.756822953,frozen_polybeam,smooth,1000.0,single,coherent_ab,4,38,1,53543,88.557,0.1655535954301075,3.3613473915769145e-07,0.3212071455869001,0,4,4,4,0.0,0.3212071455869001,0.0,0.5491919590577511,3.3613473915769145e-07,955590.4468303458,25.626902042930414,25.626902042930414,0.03314794490508415,False,20262307,100,-0.5497840839456936,3.1235169009038284,0.7326732673267327,0.1782178217821782,122.43595561434995,25797.916876096406,141.05088100424655,183.67363546394262,184.43923628983575,24522.7278077249,26116.014335996315,26154.48096506169,22.83732019618037,1.3132363565071823,1.1717240663614974,25797.916876096406,-10980.046603897303,3926871.5421165004,0.00656958512632982,1299,0.05000312024881745,-1.445965571882522,1.4440828042107998,-4095.9999999999995,4090.666666666666,C:\Users\kimeu\Downloads\starlink_pathB_wsl_package_v0_3_clean\starlink_pathB\paper_final_experiment_check\outputs\coverage_null_global_stats_all_tle_full\0_197_lst036_typical_frozen_polybeam_smooth_S1000_single.npz,9.10175923472585,9444.443085672718,1.7798436919007438e-05,140609741.2109375,False,False,False,False,False,False,False,False,False,False,False,False
0_197,160.250312485456,mid,typical,36,2461041.75,2461041.756822953,frozen_polybeam,smooth,1000.0,multi,coherent_ab,4,38,12,53543;59506;59506;59938;59938;54550;54550;44436;44436;49397;49397;56746,88.557;87.418;87.418;86.813;86.813;86.794;86.794;85.894;85.894;85.351;85.351;84.166,0.1655535954301075,3.3613473915769145e-07,0.3212071455869001,0,4,4,4,0.0,0.3212071455869001,0.0,0.5491919590577511,3.3613473915769145e-07,955590.4468303458,178.5948210484118,29.692972964543305,0.25289955890787597,False,20262324,100,0.04547934505477403,1.346594410995392,0.4752475247524752,0.04950495049504951,542.5494106166202,136022.91002893617,535.0480836246122,926.7401084540978,1024.478047510424,101775.48678126882,134867.18573099846,146011.63322250484,111.24996927348323,3.0549153789692336,2.221770389091016,136022.91002893617,1082.2447529018923,3926871.5421165004,0.034639001701497654,1299,0.05000312024881745,-1.445965571882522,1.4440828042107998,-4095.9999999999995,4090.666666666666,C:\Users\kimeu\Downloads\starlink_pathB_wsl_package_v0_3_clean\starlink_pathB\paper_final_experiment_check\outputs\coverage_null_global_stats_all_tle_full\0_197_lst036_typical_frozen_polybeam_smooth_S1000_multi.npz,9.10175923472585,9444.443085672718,1.7798436919007438e-05,140609741.2109375,False,False,False,False,False,False,False,False,False,False,False,False
0_197,160.250312485456,mid,typical,36,2461041.75,2461041.756822953,frozen_polybeam,lines,30.0,single,coherent_ab,4,38,1,53543,88.557,0.1655535954301075,3.3613473915769145e-07,0.3212071455869001,0,4,4,4,0.0,0.3212071455869001,0.0,0.5491919590577511,3.3613473915769145e-07,955590.4468303458,0.7687250450114714,0.7687250450114714,0.0009954477796750186,False,20262341,100,-0.585001427778227,0.09796079203961029,0.7722772277227723,0.40594059405940597,3.9586391332686617,744.6881295651829,4.337271688348039,5.82394155861507,5.8884016476131,743.7069134131864,751.3910349699518,752.5365284728355,0.4365530535677067,0.8464330460202408,0.8088027653045442,744.6881295651829,-215.77887206928693,3926871.5421165004,0.00018963903493614454,1299,0.05000312024881745,-1.445965571882522,1.4440828042107998,-4095.9999999999995,4090.666666666666,C:\Users\kimeu\Downloads\starlink_pathB_wsl_package_v0_3_clean\starlink_pathB\paper_final_experiment_check\outputs\coverage_null_global_stats_all_tle_full\0_197_lst036_typical_frozen_polybeam_lines_S30_single.npz,9.10175923472585,9444.443085672718,1.7798436919007438e-05,140609741.2109375,False,False,False,False,False,False,False,False,False,False,False,False
0_197,160.250312485456,mid,typical,36,2461041.75,2461041.756822953,frozen_polybeam,lines,30.0,multi,coherent_ab,4,38,12,53543;59506;59506;59938;59938;54550;54550;44436;44436;49397;49397;56746,88.557;87.418;87.418;86.813;86.813;86.794;86.794;85.894;85.894;85.351;85.351;84.166,0.1655535954301075,3.3613473915769145e-07,0.3212071455869001,0,4,4,4,0.0,0.3212071455869001,0.0,0.5491919590577511,3.3613473915769145e-07,955590.4468303458,5.357516104566566,0.8907705865037325,0.007596813774423599,False,20262358,100,-0.08176271642799189,0.9212837778834458,0.5544554455445545,0.12871287128712872,17.00026481443183,4087.150814803652,17.417217156439165,26.030165301275165,30.77563088173791,3295.2006584756787,4416.39431983452,4599.7473188559115,3.439593424880286,2.993058785591988,1.83432168486125,4087.150814803652,47.806473350027225,3926871.5421165004,0.0010408160213462862,1299,0.05000312024881745,-1.445965571882522,1.4440828042107998,-4095.9999999999995,4090.666666666666,C:\Users\kimeu\Downloads\starlink_pathB_wsl_package_v0_3_clean\starlink_pathB\paper_final_experiment_check\outputs\coverage_null_global_stats_all_tle_full\0_197_lst036_typical_frozen_polybeam_lines_S30_multi.npz,9.10175923472585,9444.443085672718,1.7798436919007438e-05,140609741.2109375,False,False,False,False,False,False,False,False,False,False,False,False
0_197,160.250312485456,mid,typical,36,2461041.75,2461041.756822953,frozen_polybeam,lines,1000.0,single,coherent_ab,4,38,1,53543,88.557,0.1655535954301075,3.3613473915769145e-07,0.3212071455869001,0,4,4,4,0.0,0.3212071455869001,0.0,0.5491919590577511,3.3613473915769145e-07,955590.4468303458,25.624168167049046,25.624168167049046,0.033181592655833946,False,20262375,100,-0.7105015809971921,3.3204631426221094,0.7425742574257426,0.16831683168316833,122.91096769243086,25793.06323469011,140.2022219584078,183.8431560914189,184.47503742429666,24501.739360981734,26185.985982811715,26194.321452973127,16.414870190426484,0.953917490006265,0.8486676972413529,25793.06323469011,-10983.38733545996,3926871.5421165004,0.006568349119153563,1299,0.05000312024881745,-1.445965571882522,1.4440828042107998,-4095.9999999999995,4090.666666666666,C:\Users\kimeu\Downloads\starlink_pathB_wsl_package_v0_3_clean\starlink_pathB\paper_final_experiment_check\outputs\coverage_null_global_stats_all_tle_full\0_197_lst036_typical_frozen_polybeam_lines_S1000_single.npz,9.10175923472585,9444.443085672718,1.7798436919007438e-05,140609741.2109375,False,False,False,False,False,False,False,False,False,False,False,False
0_197,160.250312485456,mid,typical,36,2461041.75,2461041.756822953,frozen_polybeam,lines,1000.0,multi,coherent_ab,4,38,12,53543;59506;59506;59938;59938;54550;54550;44436;44436;49397;49397;56746,88.557;87.418;87.418;86.813;86.813;86.794;86.794;85.894;85.894;85.351;85.351;84.166,0.1655535954301075,3.3613473915769145e-07,0.3212071455869001,0,4,4,4,0.0,0.3212071455869001,0.0,0.5491919590577511,3.3613473915769145e-07,955590.4468303458,178.58387015221882,29.692352883457747,0.25322712581411994,False,20262392,100,-0.25699433852463954,0.8730187678897218,0.6138613861386139,0.1485148514851485,552.4990540568697,136237.04067786416,600.6629913625105,864.7152935189118,985.634744938396,107282.47345723168,143457.73978266446,157945.54780365093,126.40796228882752,3.615505589196998,2.0962414058156016,136237.04067786416,1086.4618498889897,3926871.5421165004,0.034693531279720774,1299,0.05000312024881745,-1.445965571882522,1.4440828042107998,-4095.9999999999995,4090.666666666666,C:\Users\kimeu\Downloads\starlink_pathB_wsl_package_v0_3_clean\starlink_pathB\paper_final_experiment_check\outputs\coverage_null_global_stats_all_tle_full\0_197_lst036_typical_frozen_polybeam_lines_S1000_multi.npz,9.10175923472585,9444.443085672718,1.7798436919007438e-05,140609741.2109375,False,False,False,False,False,False,False,False,False,False,False,False
0_197,160.250312485456,mid,typical,36,2461041.75,2461041.756822953,frozen_polybeam,khz_comb,30.0,single,coherent_ab,4,38,1,53543,88.557,0.1655535954301075,3.3613473915769145e-07,0.3212071455869001,0,4,4,4,0.0,0.3212071455869001,0.0,0.5491919590577511,3.3613473915769145e-07,955590.4468303458,0.6630728316254533,0.6630728316254533,0.0009067317435586337,False,20262409,100,-1.1461034943622863,0.27316817763172724,0.9405940594059405,0.2871287128712871,3.36339037558173,729.6478121097412,4.11888698927487,5.23382497222301,5.292266282057935,727.719105760324,735.5546476227987,736.4045449407789,0.4446155929708766,1.2077138328055055,1.0656126576100573,729.6478121097412,-205.50669952001758,3926871.5421165004,0.00018580893321416784,1299,0.05000312024881745,-1.445965571882522,1.4440828042107998,-4095.9999999999995,4090.666666666666,C:\Users\kimeu\Downloads\starlink_pathB_wsl_package_v0_3_clean\starlink_pathB\paper_final_experiment_check\outputs\coverage_null_global_stats_all_tle_full\0_197_lst036_typical_frozen_polybeam_khz_comb_S30_single.npz,9.10175923472585,9444.443085672718,1.7798436919007438e-05,140609741.2109375,False,False,False,False,False,False,False,False,False,False,False,False
0_197,160.250312485456,mid,typical,36,2461041.75,2461041.756822953,frozen_polybeam,khz_comb,30.0,multi,coherent_ab,4,38,12,53543;59506;59506;59938;59938;54550;54550;44436;44436;49397;49397;56746,88.557;87.418;87.418;86.813;86.813;86.794;86.794;85.894;85.894;85.351;85.351;84.166,0.1655535954301075,3.3613473915769145e-07,0.3212071455869001,0,4,4,4,0.0,0.3212071455869001,0.0,0.5491919590577511,3.3613473915769145e-07,955590.4468303458,4.445965578427323,0.7330848626107515,0.006721470755593513,False,20262426,100,-0.27312012223176163,1.020043047946446,0.6039603960396039,0.09900990099009901,13.152118536547505,3651.6343209806173,14.347508917471714,22.312529090867276,23.887862963277424,2725.3820331007673,3927.723151089185,4304.590933112284,2.952106784780952,3.35673174904157,2.1000104613963324,3651.6343209806173,40.82690994395135,3926871.5421165004,0.0009299092883014106,1299,0.05000312024881745,-1.445965571882522,1.4440828042107998,-4095.9999999999995,4090.666666666666,C:\Users\kimeu\Downloads\starlink_pathB_wsl_package_v0_3_clean\starlink_pathB\paper_final_experiment_check\outputs\coverage_null_global_stats_all_tle_full\0_197_lst036_typical_frozen_polybeam_khz_comb_S30_multi.npz,9.10175923472585,9444.443085672718,1.7798436919007438e-05,140609741.2109375,False,False,False,False,False,False,False,False,False,False,False,False
0_197,160.250312485456,mid,typical,36,2461041.75,2461041.756822953,frozen_polybeam,khz_comb,1000.0,single,coherent_ab,4,38,1,53543,88.557,0.1655535954301075,3.3613473915769145e-07,0.3212071455869001,0,4,4,4,0.0,0.3212071455869001,0.0,0.5491919590577511,3.3613473915769145e-07,955590.4468303458,22.10242772084845,22.10242772084845,0.03022439145195446,False,20262443,100,-0.8817605720645636,2.243562754297626,0.9108910891089109,0.1485148514851485,104.9895501295614,25207.4068132987,126.15782683914222,163.11268435624842,166.54541639972973,24124.735338299724,25508.325683772284,25547.033850805237,16.192385424113127,1.071219245006024,0.9587454634347885,25207.4068132987,-10548.147089906142,3926871.5421165004,0.006419208406219584,1299,0.05000312024881745,-1.445965571882522,1.4440828042107998,-4095.9999999999995,4090.666666666666,C:\Users\kimeu\Downloads\starlink_pathB_wsl_package_v0_3_clean\starlink_pathB\paper_final_experiment_check\outputs\coverage_null_global_stats_all_tle_full\0_197_lst036_typical_frozen_polybeam_khz_comb_S1000_single.npz,9.10175923472585,9444.443085672718,1.7798436919007438e-05,140609741.2109375,False,False,False,False,False,False,False,False,False,False,False,False
0_197,160.250312485456,mid,typical,36,2461041.75,2461041.756822953,frozen_polybeam,khz_comb,1000.0,multi,coherent_ab,4,38,12,53543;59506;59506;59938;59938;54550;54550;44436;44436;49397;49397;56746,88.557;87.418;87.418;86.813;86.813;86.794;86.794;85.894;85.894;85.351;85.351;84.166,0.1655535954301075,3.3613473915769145e-07,0.3212071455869001,0,4,4,4,0.0,0.3212071455869001,0.0,0.5491919590577511,3.3613473915769145e-07,955590.4468303458,148.1988526142441,24.436162087025053,0.2240490251864504,False,20262460,100,-0.4894911092492951,1.0593842238182385,0.7425742574257426,0.13861386138613863,438.42951859011106,121738.13323151348,499.384909072077,716.3257704734086,750.499335740115,96810.28431729396,130670.81556932486,141270.99178029737,83.99304265899255,2.779745556057838,1.9287300401629222,121738.13323151348,1160.23385740331,3926871.5421165004,0.031001302672075494,1299,0.05000312024881745,-1.445965571882522,1.4440828042107998,-4095.9999999999995,4090.666666666666,C:\Users\kimeu\Downloads\starlink_pathB_wsl_package_v0_3_clean\starlink_pathB\paper_final_experiment_check\outputs\coverage_null_global_stats_all_tle_full\0_197_lst036_typical_frozen_polybeam_khz_comb_S1000_multi.npz,9.10175923472585,9444.443085672718,1.7798436919007438e-05,140609741.2109375,False,False,False,False,False,False,False,False,False,False,False,False
0_197,160.250312485456,mid,typical,36,2461041.75,2461041.756822953,full_polybeam,smooth,30.0,single,coherent_ab,4,38,1,53543,88.557,0.1655535954301075,3.3613473915769145e-07,0.3212071455869001,0,4,4,4,0.0,0.3212071455869001,0.0,0.5491919590577511,3.3613473915769145e-07,955590.4468303458,0.8627445791580899,0.8627445791580899,0.0011357310897091904,False,20262477,100,-0.5640458744697326,0.28156654370364304,0.7425742574257426,0.43564356435643564,3.8415651754949067,761.2501347066277,4.3000943129363804,6.012805319080599,6.115088458390301,754.5161855412873,776.4477533624093,776.6218973330576,0.5483129655824541,1.1116110391388656,0.9471649320331675,761.2501347066277,-245.688133825127,3926871.5421165004,0.00019385664301520034,1299,0.05000312024881745,-1.445965571882522,1.4440828042107998,-4095.9999999999995,4090.666666666666,C:\Users\kimeu\Downloads\starlink_pathB_wsl_package_v0_3_clean\starlink_pathB\paper_final_experiment_check\outputs\coverage_null_global_stats_all_tle_full\0_197_lst036_typical_full_polybeam_smooth_S30_single.npz,9.10175923472585,9444.443085672718,1.7798436919007438e-05,140609741.2109375,False,False,False,False,False,False,False,False,False,False,False,False
0_197,160.250312485456,mid,typical,36,2461041.75,2461041.756822953,full_polybeam,smooth,30.0,multi,coherent_ab,4,38,12,53543;59506;59506;59938;59938;54550;54550;44436;44436;49397;49397;56746,88.557;87.418;87.418;86.813;86.813;86.794;86.794;85.894;85.894;85.351;85.351;84.166,0.1655535954301075,3.3613473915769145e-07,0.3212071455869001,0,4,4,4,0.0,0.3212071455869001,0.0,0.5491919590577511,3.3613473915769145e-07,955590.4468303458,7.1444066274336215,1.1390739584851046,0.010037634122050188,False,20262494,100,0.35269225742354754,1.3744670471910392,0.33663366336633666,0.04950495049504951,22.499137068367418,4970.645790269976,20.182236074110392,34.42994526102016,35.94725021915327,3581.7946360708966,4904.461130242005,5042.89435894219,4.430855167233858,3.38457255035825,2.255196029649801,4970.645790269976,-171.47975062045037,3926871.5421165004,0.0012658030029652823,1299,0.05000312024881745,-1.445965571882522,1.4440828042107998,-4095.9999999999995,4090.666666666666,C:\Users\kimeu\Downloads\starlink_pathB_wsl_package_v0_3_clean\starlink_pathB\paper_final_experiment_check\outputs\coverage_null_global_stats_all_tle_full\0_197_lst036_typical_full_polybeam_smooth_S30_multi.npz,9.10175923472585,9444.443085672718,1.7798436919007438e-05,140609741.2109375,False,False,False,False,False,False,False,False,False,False,False,False
0_197,160.250312485456,mid,typical,36,2461041.75,2461041.756822953,full_polybeam,smooth,1000.0,single,coherent_ab,4,38,1,53543,88.557,0.1655535954301075,3.3613473915769145e-07,0.3212071455869001,0,4,4,4,0.0,0.3212071455869001,0.0,0.5491919590577511,3.3613473915769145e-07,955590.4468303458,28.75815263860299,28.75815263860299,0.03785770299030635,False,20262511,100,-0.5985028103020537,1.212596808959571,0.8415841584158416,0.21782178217821782,119.67107215142823,26073.52384015247,136.73832653906447,190.44696296514385,192.0996666558129,25193.67818045331,26656.775194406007,26734.572615488112,19.234170961181064,1.2603234938761503,1.1233951331159666,26073.52384015247,-11222.226671826396,3926871.5421165004,0.006639769995149725,1299,0.05000312024881745,-1.445965571882522,1.4440828042107998,-4095.9999999999995,4090.666666666666,C:\Users\kimeu\Downloads\starlink_pathB_wsl_package_v0_3_clean\starlink_pathB\paper_final_experiment_check\outputs\coverage_null_global_stats_all_tle_full\0_197_lst036_typical_full_polybeam_smooth_S1000_single.npz,9.10175923472585,9444.443085672718,1.7798436919007438e-05,140609741.2109375,False,False,False,False,False,False,False,False,False,False,False,False
0_197,160.250312485456,mid,typical,36,2461041.75,2461041.756822953,full_polybeam,smooth,1000.0,multi,coherent_ab,4,38,12,53543;59506;59506;59938;59938;54550;54550;44436;44436;49397;49397;56746,88.557;87.418;87.418;86.813;86.813;86.794;86.794;85.894;85.894;85.351;85.351;84.166,0.1655535954301075,3.3613473915769145e-07,0.3212071455869001,0,4,4,4,0.0,0.3212071455869001,0.0,0.5491919590577511,3.3613473915769145e-07,955590.4468303458,238.14688758112067,37.969131949503485,0.3345878040683396,False,20262528,100,0.24068114392485374,1.3439042125964256,0.4158415841584158,0.04950495049504951,727.3118706443902,166136.08332171245,666.7247068887265,1150.7473918878136,1224.533912208885,118985.24487295334,163677.55630380055,169664.83438790267,169.79095840116838,3.3125658608586144,2.055200232992299,166136.08332171245,-11718.647001897421,3926871.5421165004,0.04230749122803457,1299,0.05000312024881745,-1.445965571882522,1.4440828042107998,-4095.9999999999995,4090.666666666666,C:\Users\kimeu\Downloads\starlink_pathB_wsl_package_v0_3_clean\starlink_pathB\paper_final_experiment_check\outputs\coverage_null_global_stats_all_tle_full\0_197_lst036_typical_full_polybeam_smooth_S1000_multi.npz,9.10175923472585,9444.443085672718,1.7798436919007438e-05,140609741.2109375,False,False,False,False,False,False,False,False,False,False,False,False
0_197,160.250312485456,mid,typical,36,2461041.75,2461041.756822953,full_polybeam,lines,30.0,single,coherent_ab,4,38,1,53543,88.557,0.1655535954301075,3.3613473915769145e-07,0.3212071455869001,0,4,4,4,0.0,0.3212071455869001,0.0,0.5491919590577511,3.3613473915769145e-07,955590.4468303458,0.8626525416346783,0.8626525416346783,0.0011368696229406205,False,20262545,100,-0.606683113369885,0.10002328914019194,0.7722772277227723,0.46534653465346537,3.8595502459156705,760.8824159787586,4.311159735312685,6.00670589907254,6.078836664910759,758.4408696327496,776.2188793974024,776.6614810037363,0.5020848953554378,1.3587526571872464,1.2466878045270537,760.8824159787586,-245.7626824848225,3926871.5421165004,0.00019376300136588097,1299,0.05000312024881745,-1.445965571882522,1.4440828042107998,-4095.9999999999995,4090.666666666666,C:\Users\kimeu\Downloads\starlink_pathB_wsl_package_v0_3_clean\starlink_pathB\paper_final_experiment_check\outputs\coverage_null_global_stats_all_tle_full\0_197_lst036_typical_full_polybeam_lines_S30_single.npz,9.10175923472585,9444.443085672718,1.7798436919007438e-05,140609741.2109375,False,False,False,False,False,False,False,False,False,False,False,False
0_197,160.250312485456,mid,typical,36,2461041.75,2461041.756822953,full_polybeam,lines,30.0,multi,coherent_ab,4,38,12,53543;59506;59506;59938;59938;54550;54550;44436;44436;49397;49397;56746,88.557;87.418;87.418;86.813;86.813;86.794;86.794;85.894;85.894;85.351;85.351;84.166,0.1655535954301075,3.3613473915769145e-07,0.3212071455869001,0,4,4,4,0.0,0.3212071455869001,0.0,0.5491919590577511,3.3613473915769145e-07,955590.4468303458,7.143943529958978,1.1390416329683564,0.010048984922608641,False,20262562,100,0.26443255468126226,1.694749259758053,0.4158415841584158,0.04950495049504951,22.93819881213517,4973.888237110699,20.843245847077014,34.26659238075648,40.2696715103361,3653.9808348290017,4762.588066390298,5386.895438232715,5.3436174610687885,3.172172860710732,2.0935138122031787,4973.888237110699,-171.09913211070193,3926871.5421165004,0.0012666287103524348,1299,0.05000312024881745,-1.445965571882522,1.4440828042107998,-4095.9999999999995,4090.666666666666,C:\Users\kimeu\Downloads\starlink_pathB_wsl_package_v0_3_clean\starlink_pathB\paper_final_experiment_check\outputs\coverage_null_global_stats_all_tle_full\0_197_lst036_typical_full_polybeam_lines_S30_multi.npz,9.10175923472585,9444.443085672718,1.7798436919007438e-05,140609741.2109375,False,False,False,False,False,False,False,False,False,False,False,False
0_197,160.250312485456,mid,typical,36,2461041.75,2461041.756822953,full_polybeam,lines,1000.0,single,coherent_ab,4,38,1,53543,88.557,0.1655535954301075,3.3613473915769145e-07,0.3212071455869001,0,4,4,4,0.0,0.3212071455869001,0.0,0.5491919590577511,3.3613473915769145e-07,955590.4468303458,28.755084721155942,28.755084721155942,0.03789565409802067,False,20262579,100,-0.4428355956355522,0.7456798268852944,0.7425742574257426,0.25742574257425743,120.17192364128096,26067.28621521361,130.1890577571544,185.20302429253698,189.45177220027182,25376.01603498451,26672.729419637908,26748.21638578911,15.257274853656668,0.8351393159234728,0.7756175230561893,26067.28621521361,-11225.302252837537,3926871.5421165004,0.006638181548756213,1299,0.05000312024881745,-1.445965571882522,1.4440828042107998,-4095.9999999999995,4090.666666666666,C:\Users\kimeu\Downloads\starlink_pathB_wsl_package_v0_3_clean\starlink_pathB\paper_final_experiment_check\outputs\coverage_null_global_stats_all_tle_full\0_197_lst036_typical_full_polybeam_lines_S1000_single.npz,9.10175923472585,9444.443085672718,1.7798436919007438e-05,140609741.2109375,False,False,False,False,False,False,False,False,False,False,False,False
0_197,160.250312485456,mid,typical,36,2461041.75,2461041.756822953,full_polybeam,lines,1000.0,multi,coherent_ab,4,38,12,53543;59506;59506;59938;59938;54550;54550;44436;44436;49397;49397;56746,88.557;87.418;87.418;86.813;86.813;86.794;86.794;85.894;85.894;85.351;85.351;84.166,0.1655535954301075,3.3613473915769145e-07,0.3212071455869001,0,4,4,4,0.0,0.3212071455869001,0.0,0.5491919590577511,3.3613473915769145e-07,955590.4468303458,238.13145099863263,37.96805443227854,0.33496616408695473,False,20262596,100,0.31636073005329013,1.5895926165438312,0.3564356435643564,0.04950495049504951,741.4472320143018,166249.18965608868,683.4529022912112,1047.1831387582313,1126.7037748602884,119446.85277781247,164053.59246232457,170448.5393425805,123.64568602959775,3.461581443000549,2.1290481629120825,166249.18965608868,-11705.180192605076,3926871.5421165004,0.0423362943944135,1299,0.05000312024881745,-1.445965571882522,1.4440828042107998,-4095.9999999999995,4090.666666666666,C:\Users\kimeu\Downloads\starlink_pathB_wsl_package_v0_3_clean\starlink_pathB\paper_final_experiment_check\outputs\coverage_null_global_stats_all_tle_full\0_197_lst036_typical_full_polybeam_lines_S1000_multi.npz,9.10175923472585,9444.443085672718,1.7798436919007438e-05,140609741.2109375,False,False,False,False,False,False,False,False,False,False,False,False
0_197,160.250312485456,mid,typical,36,2461041.75,2461041.756822953,full_polybeam,khz_comb,30.0,single,coherent_ab,4,38,1,53543,88.557,0.1655535954301075,3.3613473915769145e-07,0.3212071455869001,0,4,4,4,0.0,0.3212071455869001,0.0,0.5491919590577511,3.3613473915769145e-07,955590.4468303458,0.7099443218564604,0.7099443218564604,0.0010144065963152884,False,20262613,100,-0.9513905640340986,0.05381819365493955,0.900990099009901,0.48514851485148514,3.2935068781807786,737.5380508827609,4.138958446131255,5.089009022980827,5.112998977885863,736.6644251635078,748.9945001942028,749.8910306938748,0.5993850388315991,1.031749771772838,0.9448748184402841,737.5380508827609,-230.31424859737413,3926871.5421165004,0.00018781822704728546,1299,0.05000312024881745,-1.445965571882522,1.4440828042107998,-4095.9999999999995,4090.666666666666,C:\Users\kimeu\Downloads\starlink_pathB_wsl_package_v0_3_clean\starlink_pathB\paper_final_experiment_check\outputs\coverage_null_global_stats_all_tle_full\0_197_lst036_typical_full_polybeam_khz_comb_S30_single.npz,9.10175923472585,9444.443085672718,1.7798436919007438e-05,140609741.2109375,False,False,False,False,False,False,False,False,False,False,False,False
0_197,160.250312485456,mid,typical,36,2461041.75,2461041.756822953,full_polybeam,khz_comb,30.0,multi,coherent_ab,4,38,12,53543;59506;59506;59938;59938;54550;54550;44436;44436;49397;49397;56746,88.557;87.418;87.418;86.813;86.813;86.794;86.794;85.894;85.894;85.351;85.351;84.166,0.1655535954301075,3.3613473915769145e-07,0.3212071455869001,0,4,4,4,0.0,0.3212071455869001,0.0,0.5491919590577511,3.3613473915769145e-07,955590.4468303458,5.879310498693707,0.9374065462690655,0.008673404305031817,False,20262630,100,0.1524126583259933,1.4270728899457985,0.42574257425742573,0.06930693069306931,18.201026364597965,4309.3880534199825,17.304368758358123,28.515690428612093,30.76978924692191,3298.675314782153,4404.805245956992,4595.493299788085,3.968090816509516,3.10216398046645,2.1083062654018057,4309.3880534199825,-144.8653251389031,3926871.5421165004,0.0010974099883841156,1299,0.05000312024881745,-1.445965571882522,1.4440828042107998,-4095.9999999999995,4090.666666666666,C:\Users\kimeu\Downloads\starlink_pathB_wsl_package_v0_3_clean\starlink_pathB\paper_final_experiment_check\outputs\coverage_null_global_stats_all_tle_full\0_197_lst036_typical_full_polybeam_khz_comb_S30_multi.npz,9.10175923472585,9444.443085672718,1.7798436919007438e-05,140609741.2109375,False,False,False,False,False,False,False,False,False,False,False,False
0_197,160.250312485456,mid,typical,36,2461041.75,2461041.756822953,full_polybeam,khz_comb,1000.0,single,coherent_ab,4,38,1,53543,88.557,0.1655535954301075,3.3613473915769145e-07,0.3212071455869001,0,4,4,4,0.0,0.3212071455869001,0.0,0.5491919590577511,3.3613473915769145e-07,955590.4468303458,23.664810728548677,23.664810728548677,0.033813553210509606,False,20262647,100,-0.8874036647425415,1.543907160710689,0.9207920792079208,0.15841584158415842,103.25262111893971,25273.678195423512,126.87074858410506,161.28054905045815,161.8355180080669,24379.171557300462,25668.650440564637,25761.726144424643,17.951479540053697,1.8181548540072614,1.595544447036002,25273.678195423512,-10615.469336069917,3926871.5421165004,0.006436084787688659,1299,0.05000312024881745,-1.445965571882522,1.4440828042107998,-4095.9999999999995,4090.666666666666,C:\Users\kimeu\Downloads\starlink_pathB_wsl_package_v0_3_clean\starlink_pathB\paper_final_experiment_check\outputs\coverage_null_global_stats_all_tle_full\0_197_lst036_typical_full_polybeam_khz_comb_S1000_single.npz,9.10175923472585,9444.443085672718,1.7798436919007438e-05,140609741.2109375,False,False,False,False,False,False,False,False,False,False,False,False
0_197,160.250312485456,mid,typical,36,2461041.75,2461041.756822953,full_polybeam,khz_comb,1000.0,multi,coherent_ab,4,38,12,53543;59506;59506;59938;59938;54550;54550;44436;44436;49397;49397;56746,88.557;87.418;87.418;86.813;86.813;86.794;86.794;85.894;85.894;85.351;85.351;84.166,0.1655535954301075,3.3613473915769145e-07,0.3212071455869001,0,4,4,4,0.0,0.3212071455869001,0.0,0.5491919590577511,3.3613473915769145e-07,955590.4468303458,195.97701662312352,31.246884875635516,0.28911347683439387,False,20262664,100,0.0017465345046262437,1.292069532351467,0.504950495049505,0.039603960396039604,591.1065030215586,143949.26366561465,590.7803184657645,922.4204173937961,971.3405141029523,108813.20020558307,140677.17243895849,148616.7079611587,125.9685784531456,2.9253577741364363,2.174341662782218,143949.26366561465,-8610.579482613812,3926871.5421165004,0.0366574923884648,1299,0.05000312024881745,-1.445965571882522,1.4440828042107998,-4095.9999999999995,4090.666666666666,C:\Users\kimeu\Downloads\starlink_pathB_wsl_package_v0_3_clean\starlink_pathB\paper_final_experiment_check\outputs\coverage_null_global_stats_all_tle_full\0_197_lst036_typical_full_polybeam_khz_comb_S1000_multi.npz,9.10175923472585,9444.443085672718,1.7798436919007438e-05,140609741.2109375,False,False,False,False,False,False,False,False,False,False,False,False
0_197,160.250312485456,mid,stress,0,2461041.5,2461041.506822953,frozen_polybeam,smooth,30.0,single,coherent_ab,4,10,1,58881,88.065,0.2313613071236559,0.0001386146167366,0.5502745938468236,1,4,4,4,0.3308758856684498,0.5502745938468236,0.3308758856684498,0.7280464634021924,0.0001386146167366,3969.816508545893,0.7401654403195707,0.7401654403195707,0.000719263180298022,False,20262645,100,-0.37953059575190434,-0.7332425648794291,0.7326732673267327,0.8217821782178217,4.972599988192087,1123.746087862453,5.350667677455931,7.437943226424977,7.480443825489674,1152.5791221577228,1192.7428406284569,1193.09618555034,0.6718909245246323,1.3148809221209732,1.0467742498910368,1123.746087862453,-122.27876092160685,6804380.162039771,0.00016515039740601207,1299,0.05000312024881745,-1.445965571882522,1.4440828042107998,-4095.9999999999995,4090.666666666666,C:\Users\kimeu\Downloads\starlink_pathB_wsl_package_v0_3_clean\starlink_pathB\paper_final_experiment_check\outputs\coverage_null_global_stats_all_tle_full\0_197_lst000_stress_frozen_polybeam_smooth_S30_single.npz,9.10175923472585,9444.443085672718,1.7798436919007438e-05,140609741.2109375,False,False,False,False,False,False,False,False,False,False,False,False
0_197,160.250312485456,mid,stress,0,2461041.5,2461041.506822953,frozen_polybeam,smooth,30.0,multi,coherent_ab,4,10,10,58881;58881;46696;46696;48029;48029;54100;54100;58069;58069,88.065;88.065;86.822;86.617;85.104;85.104;83.508;83.508;77.989;77.989,0.2313613071236559,0.0001386146167366,0.5502745938468236,1,4,4,4,0.3308758856684498,0.5502745938468236,0.3308758856684498,0.7280464634021924,0.0001386146167366,3969.816508545893,3.749572290918091,0.7401654403195707,0.0047155424365925205,False,20262662,100,1.5413725151639686,1.31269141953495,0.07920792079207921,0.07920792079207921,41.38113925828657,4569.259822101882,23.181061619943648,43.29767492388055,51.74549767982972,3196.344755102409,4750.5928735641755,4885.165249452541,7.964190400471125,3.7486248569677234,2.0947580953740452,4569.259822101882,-697.5415538928696,6804380.162039771,0.0006715174216150998,1299,0.05000312024881745,-1.445965571882522,1.4440828042107998,-4095.9999999999995,4090.666666666666,C:\Users\kimeu\Downloads\starlink_pathB_wsl_package_v0_3_clean\starlink_pathB\paper_final_experiment_check\outputs\coverage_null_global_stats_all_tle_full\0_197_lst000_stress_frozen_polybeam_smooth_S30_multi.npz,9.10175923472585,9444.443085672718,1.7798436919007438e-05,140609741.2109375,False,False,False,False,False,False,False,False,False,False,False,False
0_197,160.250312485456,mid,stress,0,2461041.5,2461041.506822953,frozen_polybeam,smooth,1000.0,single,coherent_ab,4,10,1,58881,88.065,0.2313613071236559,0.0001386146167366,0.5502745938468236,1,4,4,4,0.3308758856684498,0.5502745938468236,0.3308758856684498,0.7280464634021924,0.0001386146167366,3969.816508545893,24.67218134398569,24.67218134398569,0.02397543934326741,False,20262679,100,-0.632370701366526,-0.9659925170301843,0.7524752475247525,0.8514851485148515,167.34531924902694,37342.896127172964,191.79150788644256,249.91975359491136,251.92902047509543,38596.205921030356,39854.30039652197,39955.36580701129,26.074465981309913,1.0120359515150117,0.9612675404414359,37342.896127172964,-3127.107032201739,6804380.162039771,0.0054880672798826345,1299,0.05000312024881745,-1.445965571882522,1.4440828042107998,-4095.9999999999995,4090.666666666666,C:\Users\kimeu\Downloads\starlink_pathB_wsl_package_v0_3_clean\starlink_pathB\paper_final_experiment_check\outputs\coverage_null_global_stats_all_tle_full\0_197_lst000_stress_frozen_polybeam_smooth_S1000_single.npz,9.10175923472585,9444.443085672718,1.7798436919007438e-05,140609741.2109375,False,False,False,False,False,False,False,False,False,False,False,False
0_197,160.250312485456,mid,stress,0,2461041.5,2461041.506822953,frozen_polybeam,smooth,1000.0,multi,coherent_ab,4,10,10,58881;58881;46696;46696;48029;48029;54100;54100;58069;58069,88.065;88.065;86.822;86.617;85.104;85.104;83.508;83.508;77.989;77.989,0.2313613071236559,0.0001386146167366,0.5502745938468236,1,4,4,4,0.3308758856684498,0.5502745938468236,0.3308758856684498,0.7280464634021924,0.0001386146167366,3969.816508545893,124.98574303060305,24.67218134398569,0.15718474788641731,False,20262696,100,1.520349955240409,1.3419459427214906,0.1485148514851485,0.04950495049504951,1456.9002389938687,152846.33257450812,820.6119926583742,1682.7960151247748,1830.9272818844406,116708.74406765532,150888.58632845015,161238.85315364515,282.2840498252226,3.7080672596559525,2.1176401349731697,152846.33257450812,-6694.958333545021,6804380.162039771,0.022462932542659242,1299,0.05000312024881745,-1.445965571882522,1.4440828042107998,-4095.9999999999995,4090.666666666666,C:\Users\kimeu\Downloads\starlink_pathB_wsl_package_v0_3_clean\starlink_pathB\paper_final_experiment_check\outputs\coverage_null_global_stats_all_tle_full\0_197_lst000_stress_frozen_polybeam_smooth_S1000_multi.npz,9.10175923472585,9444.443085672718,1.7798436919007438e-05,140609741.2109375,False,False,False,False,False,False,False,False,False,False,False,False
0_197,160.250312485456,mid,stress,0,2461041.5,2461041.506822953,frozen_polybeam,lines,30.0,single,coherent_ab,4,10,1,58881,88.065,0.2313613071236559,0.0001386146167366,0.5502745938468236,1,4,4,4,0.3308758856684498,0.5502745938468236,0.3308758856684498,0.7280464634021924,0.0001386146167366,3969.816508545893,0.7400616436518366,0.7400616436518366,0.0007203255445332132,False,20262713,100,-0.36245582345905514,-0.5865618119322277,0.6633663366336634,0.7128712871287128,5.136311394700897,1124.184630896122,5.64086595113622,7.285607825975421,7.305608146515915,1148.753674812631,1191.2598400934457,1192.829021064575,0.938921004826625,0.8666375909998317,0.8175622159539605,1124.184630896122,-123.58944759108476,6804380.162039771,0.00016521484751362298,1299,0.05000312024881745,-1.445965571882522,1.4440828042107998,-4095.9999999999995,4090.666666666666,C:\Users\kimeu\Downloads\starlink_pathB_wsl_package_v0_3_clean\starlink_pathB\paper_final_experiment_check\outputs\coverage_null_global_stats_all_tle_full\0_197_lst000_stress_frozen_polybeam_lines_S30_single.npz,9.10175923472585,9444.443085672718,1.7798436919007438e-05,140609741.2109375,False,False,False,False,False,False,False,False,False,False,False,False
0_197,160.250312485456,mid,stress,0,2461041.5,2461041.506822953,frozen_polybeam,lines,30.0,multi,coherent_ab,4,10,10,58881;58881;46696;46696;48029;48029;54100;54100;58069;58069,88.065;88.065;86.822;86.617;85.104;85.104;83.508;83.508;77.989;77.989,0.2313613071236559,0.0001386146167366,0.5502745938468236,1,4,4,4,0.3308758856684498,0.5502745938468236,0.3308758856684498,0.7280464634021924,0.0001386146167366,3969.816508545893,3.7490186352178823,0.7400616436518366,0.004722903659773251,False,20262730,100,1.6933281480229414,1.1182471508553857,0.12871287128712872,0.07920792079207921,40.89961006323574,4570.49133355426,21.318175031148712,44.968974458226874,52.65772777442734,3272.5319167999346,4641.482136662652,4746.51906062399,7.799726828999155,3.2534398458889076,2.2801776989863956,4570.49133355426,-702.3093526924329,6804380.162039771,0.0006716984096585439,1299,0.05000312024881745,-1.445965571882522,1.4440828042107998,-4095.9999999999995,4090.666666666666,C:\Users\kimeu\Downloads\starlink_pathB_wsl_package_v0_3_clean\starlink_pathB\paper_final_experiment_check\outputs\coverage_null_global_stats_all_tle_full\0_197_lst000_stress_frozen_polybeam_lines_S30_multi.npz,9.10175923472585,9444.443085672718,1.7798436919007438e-05,140609741.2109375,False,False,False,False,False,False,False,False,False,False,False,False
0_197,160.250312485456,mid,stress,0,2461041.5,2461041.506822953,frozen_polybeam,lines,1000.0,single,coherent_ab,4,10,1,58881,88.065,0.2313613071236559,0.0001386146167366,0.5502745938468236,1,4,4,4,0.3308758856684498,0.5502745938468236,0.3308758856684498,0.7280464634021924,0.0001386146167366,3969.816508545893,24.66872145506122,24.66872145506122,0.024010851484440435,False,20262747,100,-0.7307469441575911,-1.3125335897555608,0.7227722772277227,0.9108910891089109,172.8403869461472,37358.46441719921,199.71432376212033,243.40915638656261,246.3067342939339,38976.46852416804,39956.533907548255,39992.63253235455,24.80506035372855,1.0030372299802606,0.9431042115113932,37358.46441719921,-3171.2633551390873,6804380.162039771,0.005490355260515036,1299,0.05000312024881745,-1.445965571882522,1.4440828042107998,-4095.9999999999995,4090.666666666666,C:\Users\kimeu\Downloads\starlink_pathB_wsl_package_v0_3_clean\starlink_pathB\paper_final_experiment_check\outputs\coverage_null_global_stats_all_tle_full\0_197_lst000_stress_frozen_polybeam_lines_S1000_single.npz,9.10175923472585,9444.443085672718,1.7798436919007438e-05,140609741.2109375,False,False,False,False,False,False,False,False,False,False,False,False
0_197,160.250312485456,mid,stress,0,2461041.5,2461041.506822953,frozen_polybeam,lines,1000.0,multi,coherent_ab,4,10,10,58881;58881;46696;46696;48029;48029;54100;54100;58069;58069,88.065;88.065;86.822;86.617;85.104;85.104;83.508;83.508;77.989;77.989,0.2313613071236559,0.0001386146167366,0.5502745938468236,1,4,4,4,0.3308758856684498,0.5502745938468236,0.3308758856684498,0.7280464634021924,0.0001386146167366,3969.816508545893,124.96728784059606,24.66872145506122,0.15743012199244172,False,20262764,100,1.6906510482850385,1.05072354500035,0.0594059405940594,0.06930693069306931,1438.6949497437017,152863.14352259843,750.71258020616,1418.0946024783013,1638.613748955015,112810.17656646349,154042.24505254722,162853.70127060844,274.47281413074234,3.78751097089973,2.3716594767529298,152863.14352259843,-6863.352046320049,6804380.162039771,0.022465403149487487,1299,0.05000312024881745,-1.445965571882522,1.4440828042107998,-4095.9999999999995,4090.666666666666,C:\Users\kimeu\Downloads\starlink_pathB_wsl_package_v0_3_clean\starlink_pathB\paper_final_experiment_check\outputs\coverage_null_global_stats_all_tle_full\0_197_lst000_stress_frozen_polybeam_lines_S1000_multi.npz,9.10175923472585,9444.443085672718,1.7798436919007438e-05,140609741.2109375,False,False,False,False,False,False,False,False,False,False,False,False
0_197,160.250312485456,mid,stress,0,2461041.5,2461041.506822953,frozen_polybeam,khz_comb,30.0,single,coherent_ab,4,10,1,58881,88.065,0.2313613071236559,0.0001386146167366,0.5502745938468236,1,4,4,4,0.3308758856684498,0.5502745938468236,0.3308758856684498,0.7280464634021924,0.0001386146167366,3969.816508545893,0.609054673088625,0.609054673088625,0.0006418924920473326,False,20262781,100,-0.1287584710141649,-0.9280145915692996,0.5445544554455446,0.9207920792079208,5.801491132107913,1069.8895479820642,5.862533071248436,6.880725445454845,6.919808814902681,1095.8154387390352,1127.4939976686571,1128.5835691527382,0.31976322463697215,1.2521565010469626,1.1043658349396173,1069.8895479820642,-110.4547052994165,6804380.162039771,0.0001572354163794017,1299,0.05000312024881745,-1.445965571882522,1.4440828042107998,-4095.9999999999995,4090.666666666666,C:\Users\kimeu\Downloads\starlink_pathB_wsl_package_v0_3_clean\starlink_pathB\paper_final_experiment_check\outputs\coverage_null_global_stats_all_tle_full\0_197_lst000_stress_frozen_polybeam_khz_comb_S30_single.npz,9.10175923472585,9444.443085672718,1.7798436919007438e-05,140609741.2109375,False,False,False,False,False,False,False,False,False,False,False,False
0_197,160.250312485456,mid,stress,0,2461041.5,2461041.506822953,frozen_polybeam,khz_comb,30.0,multi,coherent_ab,4,10,10,58881;58881;46696;46696;48029;48029;54100;54100;58069;58069,88.065;88.065;86.822;86.617;85.104;85.104;83.508;83.508;77.989;77.989,0.2313613071236559,0.0001386146167366,0.5502745938468236,1,4,4,4,0.3308758856684498,0.5502745938468236,0.3308758856684498,0.7280464634021924,0.0001386146167366,3969.816508545893,3.189295026352716,0.609054673088625,0.004247458879991825,False,20262798,100,1.408813252454636,1.1490431445449152,0.12871287128712872,0.10891089108910891,38.224307851167396,4098.325370510982,21.456512720891624,46.56467237033794,52.80953132754602,3078.1813276102444,4300.2464090372705,4667.920071836633,8.027836799847137,3.856391827155821,2.029428955626502,4098.325370510982,-608.0710284598617,6804380.162039771,0.000602306936548709,1299,0.05000312024881745,-1.445965571882522,1.4440828042107998,-4095.9999999999995,4090.666666666666,C:\Users\kimeu\Downloads\starlink_pathB_wsl_package_v0_3_clean\starlink_pathB\paper_final_experiment_check\outputs\coverage_null_global_stats_all_tle_full\0_197_lst000_stress_frozen_polybeam_khz_comb_S30_multi.npz,9.10175923472585,9444.443085672718,1.7798436919007438e-05,140609741.2109375,False,False,False,False,False,False,False,False,False,False,False,False
0_197,160.250312485456,mid,stress,0,2461041.5,2461041.506822953,frozen_polybeam,khz_comb,1000.0,single,coherent_ab,4,10,1,58881,88.065,0.2313613071236559,0.0001386146167366,0.5502745938468236,1,4,4,4,0.3308758856684498,0.5502745938468236,0.3308758856684498,0.7280464634021924,0.0001386146167366,3969.816508545893,20.301822436287505,20.301822436287505,0.021396416401577748,False,20262815,100,-0.19026838388472347,-0.8373469272314281,0.5544554455445545,0.8712871287128713,193.5085390946915,35530.257694361295,197.1385167135304,230.0906680715898,233.17976674431586,36514.54461289029,37712.393504789514,37762.53064579281,12.868067258599694,0.8118982319177187,0.7699709999024945,35530.257694361295,-2887.958808054626,6804380.162039771,0.005221674399172646,1299,0.05000312024881745,-1.445965571882522,1.4440828042107998,-4095.9999999999995,4090.666666666666,C:\Users\kimeu\Downloads\starlink_pathB_wsl_package_v0_3_clean\starlink_pathB\paper_final_experiment_check\outputs\coverage_null_global_stats_all_tle_full\0_197_lst000_stress_frozen_polybeam_khz_comb_S1000_single.npz,9.10175923472585,9444.443085672718,1.7798436919007438e-05,140609741.2109375,False,False,False,False,False,False,False,False,False,False,False,False
0_197,160.250312485456,mid,stress,0,2461041.5,2461041.506822953,frozen_polybeam,khz_comb,1000.0,multi,coherent_ab,4,10,10,58881;58881;46696;46696;48029;48029;54100;54100;58069;58069,88.065;88.065;86.822;86.617;85.104;85.104;83.508;83.508;77.989;77.989,0.2313613071236559,0.0001386146167366,0.5502745938468236,1,4,4,4,0.3308758856684498,0.5502745938468236,0.3308758856684498,0.7280464634021924,0.0001386146167366,3969.816508545893,106.30983421175719,20.301822436287505,0.14158196266639417,False,20262832,100,1.8162306764368765,1.1342067203683983,0.0891089108910891,0.10891089108910891,1310.9849556021072,136540.67888428326,710.8480712571418,1369.5972945556073,1701.9928324234174,100428.66575237627,140899.30590818406,148241.8762675077,222.87190066950825,3.799105713244493,2.3371303778088857,136540.67888428326,-5109.168080498068,6804380.162039771,0.02006658588037386,1299,0.05000312024881745,-1.445965571882522,1.4440828042107998,-4095.9999999999995,4090.666666666666,C:\Users\kimeu\Downloads\starlink_pathB_wsl_package_v0_3_clean\starlink_pathB\paper_final_experiment_check\outputs\coverage_null_global_stats_all_tle_full\0_197_lst000_stress_frozen_polybeam_khz_comb_S1000_multi.npz,9.10175923472585,9444.443085672718,1.7798436919007438e-05,140609741.2109375,False,False,False,False,False,False,False,False,False,False,False,False
0_197,160.250312485456,mid,stress,0,2461041.5,2461041.506822953,full_polybeam,smooth,30.0,single,coherent_ab,4,10,1,58881,88.065,0.2313613071236559,0.0001386146167366,0.5502745938468236,1,4,4,4,0.3308758856684498,0.5502745938468236,0.3308758856684498,0.7280464634021924,0.0001386146167366,3969.816508545893,0.8652801463982436,0.8652801463982436,0.0008713856842342653,False,20262849,100,-0.48122463111185476,0.0760828593933739,0.8217821782178217,0.4752475247524752,5.944898105961329,1380.443010146509,6.43366266816156,8.86385861402032,8.9259764573125,1377.2625137850387,1419.088707627917,1420.1548886979908,0.6850588258585049,1.3952860716131856,1.2149140160674046,1380.443010146509,-180.63830148437722,6804380.162039771,0.00020287564440442572,1299,0.05000312024881745,-1.445965571882522,1.4440828042107998,-4095.9999999999995,4090.666666666666,C:\Users\kimeu\Downloads\starlink_pathB_wsl_package_v0_3_clean\starlink_pathB\paper_final_experiment_check\outputs\coverage_null_global_stats_all_tle_full\0_197_lst000_stress_full_polybeam_smooth_S30_single.npz,9.10175923472585,9444.443085672718,1.7798436919007438e-05,140609741.2109375,False,False,False,False,False,False,False,False,False,False,False,False
0_197,160.250312485456,mid,stress,0,2461041.5,2461041.506822953,full_polybeam,smooth,30.0,multi,coherent_ab,4,10,10,58881;58881;46696;46696;48029;48029;54100;54100;58069;58069,88.065;88.065;86.822;86.617;85.104;85.104;83.508;83.508;77.989;77.989,0.2313613071236559,0.0001386146167366,0.5502745938468236,1,4,4,4,0.3308758856684498,0.5502745938468236,0.3308758856684498,0.7280464634021924,0.0001386146167366,3969.816508545893,5.0910494495277,0.9933217063902388,0.0064491147298603065,False,20262866,100,0.7195337264124843,0.9333196695019289,0.24752475247524752,0.07920792079207921,45.822503353090724,6246.518588671996,33.37415817508736,56.23109861981937,63.430408976509796,4959.198748075198,6352.472855066523,6472.674414566404,11.669076076810597,3.8431655387600743,2.015041290493536,6246.518588671996,-1053.0116200453524,6804380.162039771,0.0009180143436899707,1299,0.05000312024881745,-1.445965571882522,1.4440828042107998,-4095.9999999999995,4090.666666666666,C:\Users\kimeu\Downloads\starlink_pathB_wsl_package_v0_3_clean\starlink_pathB\paper_final_experiment_check\outputs\coverage_null_global_stats_all_tle_full\0_197_lst000_stress_full_polybeam_smooth_S30_multi.npz,9.10175923472585,9444.443085672718,1.7798436919007438e-05,140609741.2109375,False,False,False,False,False,False,False,False,False,False,False,False
0_197,160.250312485456,mid,stress,0,2461041.5,2461041.506822953,full_polybeam,smooth,1000.0,single,coherent_ab,4,10,1,58881,88.065,0.2313613071236559,0.0001386146167366,0.5502745938468236,1,4,4,4,0.3308758856684498,0.5502745938468236,0.3308758856684498,0.7280464634021924,0.0001386146167366,3969.816508545893,28.842671546608123,28.842671546608123,0.02904618947447551,False,20262883,100,-0.9481359939506057,-0.8328761596459202,0.8415841584158416,0.7326732673267327,205.82372645744908,45806.27843831747,249.29536311132688,299.59583106721277,301.6340119215933,46587.76936201344,47591.56285620036,47606.22177762894,30.92511771459249,1.050676706635298,1.0004194354956117,45806.27843831747,-4311.364113237123,6804380.162039771,0.006731881133547068,1299,0.05000312024881745,-1.445965571882522,1.4440828042107998,-4095.9999999999995,4090.666666666666,C:\Users\kimeu\Downloads\starlink_pathB_wsl_package_v0_3_clean\starlink_pathB\paper_final_experiment_check\outputs\coverage_null_global_stats_all_tle_full\0_197_lst000_stress_full_polybeam_smooth_S1000_single.npz,9.10175923472585,9444.443085672718,1.7798436919007438e-05,140609741.2109375,False,False,False,False,False,False,False,False,False,False,False,False
0_197,160.250312485456,mid,stress,0,2461041.5,2461041.506822953,full_polybeam,smooth,1000.0,multi,coherent_ab,4,10,10,58881;58881;46696;46696;48029;48029;54100;54100;58069;58069,88.065;88.065;86.822;86.617;85.104;85.104;83.508;83.508;77.989;77.989,0.2313613071236559,0.0001386146167366,0.5502745938468236,1,4,4,4,0.3308758856684498,0.5502745938468236,0.3308758856684498,0.7280464634021924,0.0001386146167366,3969.816508545893,169.70164831759004,33.11072354634129,0.2149704909953436,False,20262900,100,0.6253502826429956,1.0510091319951425,0.26732673267326734,0.06930693069306931,1692.334013747386,211822.95417081256,1262.6127094066542,2183.6234033217843,2243.9572281665473,163434.93873170915,212135.39998840448,221370.01036076382,463.489114777487,3.517846914853194,2.065797053185648,211822.95417081256,-13653.209951410972,6804380.162039771,0.031130382066617765,1299,0.05000312024881745,-1.445965571882522,1.4440828042107998,-4095.9999999999995,4090.666666666666,C:\Users\kimeu\Downloads\starlink_pathB_wsl_package_v0_3_clean\starlink_pathB\paper_final_experiment_check\outputs\coverage_null_global_stats_all_tle_full\0_197_lst000_stress_full_polybeam_smooth_S1000_multi.npz,9.10175923472585,9444.443085672718,1.7798436919007438e-05,140609741.2109375,False,False,False,False,False,False,False,False,False,False,False,False
0_197,160.250312485456,mid,stress,0,2461041.5,2461041.506822953,full_polybeam,lines,30.0,single,coherent_ab,4,10,1,58881,88.065,0.2313613071236559,0.0001386146167366,0.5502745938468236,1,4,4,4,0.3308758856684498,0.5502745938468236,0.3308758856684498,0.7280464634021924,0.0001386146167366,3969.816508545893,0.8651588043428596,0.8651588043428596,0.0008725920634424869,False,20262917,100,-0.8040067704368095,-0.08638843504720763,0.801980198019802,0.5841584158415841,5.9522271721143625,1379.5514870442526,7.252984035190821,8.654371485816228,8.733673397900784,1383.102018963394,1420.4078862241508,1420.8780252189345,1.0912202691952189,1.1989517379447125,1.032465936269732,1379.5514870442526,-182.16055447097278,6804380.162039771,0.00020274462246252568,1299,0.05000312024881745,-1.445965571882522,1.4440828042107998,-4095.9999999999995,4090.666666666666,C:\Users\kimeu\Downloads\starlink_pathB_wsl_package_v0_3_clean\starlink_pathB\paper_final_experiment_check\outputs\coverage_null_global_stats_all_tle_full\0_197_lst000_stress_full_polybeam_lines_S30_single.npz,9.10175923472585,9444.443085672718,1.7798436919007438e-05,140609741.2109375,False,False,False,False,False,False,False,False,False,False,False,False
0_197,160.250312485456,mid,stress,0,2461041.5,2461041.506822953,full_polybeam,lines,30.0,multi,coherent_ab,4,10,10,58881;58881;46696;46696;48029;48029;54100;54100;58069;58069,88.065;88.065;86.822;86.617;85.104;85.104;83.508;83.508;77.989;77.989,0.2313613071236559,0.0001386146167366,0.5502745938468236,1,4,4,4,0.3308758856684498,0.5502745938468236,0.3308758856684498,0.7280464634021924,0.0001386146167366,3969.816508545893,5.090047966262172,0.9930584033850651,0.006457705504860651,False,20262934,100,0.631997605680219,1.0791326711741451,0.27722772277227725,0.0594059405940594,45.51561467284046,6244.499230702202,33.26183588839922,59.41656568552717,72.60308936537695,4627.254258118704,6218.918844442663,6470.898220208965,13.077677010944171,3.7383689362689263,2.1007790531288015,6244.499230702202,-1059.6174522944566,6804380.162039771,0.0009177175704466031,1299,0.05000312024881745,-1.445965571882522,1.4440828042107998,-4095.9999999999995,4090.666666666666,C:\Users\kimeu\Downloads\starlink_pathB_wsl_package_v0_3_clean\starlink_pathB\paper_final_experiment_check\outputs\coverage_null_global_stats_all_tle_full\0_197_lst000_stress_full_polybeam_lines_S30_multi.npz,9.10175923472585,9444.443085672718,1.7798436919007438e-05,140609741.2109375,False,False,False,False,False,False,False,False,False,False,False,False
0_197,160.250312485456,mid,stress,0,2461041.5,2461041.506822953,full_polybeam,lines,1000.0,single,coherent_ab,4,10,1,58881,88.065,0.2313613071236559,0.0001386146167366,0.5502745938468236,1,4,4,4,0.3308758856684498,0.5502745938468236,0.3308758856684498,0.7280464634021924,0.0001386146167366,3969.816508545893,28.838626811428657,28.838626811428657,0.029086402114749572,False,20262951,100,-0.684922725685905,-0.5982364659550035,0.7623762376237624,0.6831683168316832,206.01406903765746,45781.413996810414,240.19380547899345,293.77027228508285,295.11224238286354,46374.724503304606,47615.848345181395,47646.50555666461,33.65914945797658,1.2062319007886484,1.1139217632458789,45781.413996810414,-4363.253271770242,6804380.162039771,0.006728226951841323,1299,0.05000312024881745,-1.445965571882522,1.4440828042107998,-4095.9999999999995,4090.666666666666,C:\Users\kimeu\Downloads\starlink_pathB_wsl_package_v0_3_clean\starlink_pathB\paper_final_experiment_check\outputs\coverage_null_global_stats_all_tle_full\0_197_lst000_stress_full_polybeam_lines_S1000_single.npz,9.10175923472585,9444.443085672718,1.7798436919007438e-05,140609741.2109375,False,False,False,False,False,False,False,False,False,False,False,False
0_197,160.250312485456,mid,stress,0,2461041.5,2461041.506822953,full_polybeam,lines,1000.0,multi,coherent_ab,4,10,10,58881;58881;46696;46696;48029;48029;54100;54100;58069;58069,88.065;88.065;86.822;86.617;85.104;85.104;83.508;83.508;77.989;77.989,0.2313613071236559,0.0001386146167366,0.5502745938468236,1,4,4,4,0.3308758856684498,0.5502745938468236,0.3308758856684498,0.7280464634021924,0.0001386146167366,3969.816508545893,169.6682655420724,33.10194677950217,0.21525685016202173,False,20262968,100,0.9156589565501062,0.9994557631535436,0.18811881188118812,0.04950495049504951,1668.930083031286,211770.77859906954,1120.8168380701827,2020.5986425713736,2306.992107697194,163366.47397628776,210705.62887539592,218800.3531944741,403.7500165628153,3.887871157947968,2.3253719738394905,211770.77859906954,-13882.302150989377,6804380.162039771,0.031122714127657786,1299,0.05000312024881745,-1.445965571882522,1.4440828042107998,-4095.9999999999995,4090.666666666666,C:\Users\kimeu\Downloads\starlink_pathB_wsl_package_v0_3_clean\starlink_pathB\paper_final_experiment_check\outputs\coverage_null_global_stats_all_tle_full\0_197_lst000_stress_full_polybeam_lines_S1000_multi.npz,9.10175923472585,9444.443085672718,1.7798436919007438e-05,140609741.2109375,False,False,False,False,False,False,False,False,False,False,False,False
0_197,160.250312485456,mid,stress,0,2461041.5,2461041.506822953,full_polybeam,khz_comb,30.0,single,coherent_ab,4,10,1,58881,88.065,0.2313613071236559,0.0001386146167366,0.5502745938468236,1,4,4,4,0.3308758856684498,0.5502745938468236,0.3308758856684498,0.7280464634021924,0.0001386146167366,3969.816508545893,0.7120069216783796,0.7120069216783796,0.000761720259465623,False,20262985,100,-0.4665182625692415,-0.3602875191423909,0.6732673267326733,0.6633663366336634,6.110625819201232,1240.31081219157,6.395117958175433,7.834227209058554,7.874448263069935,1253.145149152339,1282.6788339977234,1282.9351106375263,0.4113179145979302,1.3267977409479037,1.1792814327674443,1240.31081219157,-157.33207381310103,6804380.162039771,0.00018228123394853913,1299,0.05000312024881745,-1.445965571882522,1.4440828042107998,-4095.9999999999995,4090.666666666666,C:\Users\kimeu\Downloads\starlink_pathB_wsl_package_v0_3_clean\starlink_pathB\paper_final_experiment_check\outputs\coverage_null_global_stats_all_tle_full\0_197_lst000_stress_full_polybeam_khz_comb_S30_single.npz,9.10175923472585,9444.443085672718,1.7798436919007438e-05,140609741.2109375,False,False,False,False,False,False,False,False,False,False,False,False
0_197,160.250312485456,mid,stress,0,2461041.5,2461041.506822953,full_polybeam,khz_comb,30.0,multi,coherent_ab,4,10,10,58881;58881;46696;46696;48029;48029;54100;54100;58069;58069,88.065;88.065;86.822;86.617;85.104;85.104;83.508;83.508;77.989;77.989,0.2313613071236559,0.0001386146167366,0.5502745938468236,1,4,4,4,0.3308758856684498,0.5502745938468236,0.3308758856684498,0.7280464634021924,0.0001386146167366,3969.816508545893,4.188999020135253,0.8172655162171124,0.005621129816293436,False,20263002,100,0.7273811505581693,1.0440980217292153,0.24752475247524752,0.0594059405940594,42.83393501571845,5343.723338988173,30.097230650149868,53.56245091120945,59.671716119408096,4037.120297548856,5336.929416485807,5513.15130291846,11.810574681745493,3.5619116753722713,2.0741611342672552,5343.723338988173,-898.7084286226859,6804380.162039771,0.0007853358001364621,1299,0.05000312024881745,-1.445965571882522,1.4440828042107998,-4095.9999999999995,4090.666666666666,C:\Users\kimeu\Downloads\starlink_pathB_wsl_package_v0_3_clean\starlink_pathB\paper_final_experiment_check\outputs\coverage_null_global_stats_all_tle_full\0_197_lst000_stress_full_polybeam_khz_comb_S30_multi.npz,9.10175923472585,9444.443085672718,1.7798436919007438e-05,140609741.2109375,False,False,False,False,False,False,False,False,False,False,False,False
0_197,160.250312485456,mid,stress,0,2461041.5,2461041.506822953,full_polybeam,khz_comb,1000.0,single,coherent_ab,4,10,1,58881,88.065,0.2313613071236559,0.0001386146167366,0.5502745938468236,1,4,4,4,0.3308758856684498,0.5502745938468236,0.3308758856684498,0.7280464634021924,0.0001386146167366,3969.816508545893,23.73356405594599,23.73356405594599,0.025390675315520767,False,20263019,100,-0.16769343737940964,-0.5856844157940329,0.5841584158415841,0.7128712871287128,211.33240244117042,41166.689395781315,216.4528756616819,262.2902934923077,266.1724248766519,41777.73326715497,42915.492927186155,43069.25735958345,20.5953907639705,1.1456736034525992,1.0538064302876868,41166.689395781315,-3983.642825696177,6804380.162039771,0.006050027837280721,1299,0.05000312024881745,-1.445965571882522,1.4440828042107998,-4095.9999999999995,4090.666666666666,C:\Users\kimeu\Downloads\starlink_pathB_wsl_package_v0_3_clean\starlink_pathB\paper_final_experiment_check\outputs\coverage_null_global_stats_all_tle_full\0_197_lst000_stress_full_polybeam_khz_comb_S1000_single.npz,9.10175923472585,9444.443085672718,1.7798436919007438e-05,140609741.2109375,False,False,False,False,False,False,False,False,False,False,False,False
0_197,160.250312485456,mid,stress,0,2461041.5,2461041.506822953,full_polybeam,khz_comb,1000.0,multi,coherent_ab,4,10,10,58881;58881;46696;46696;48029;48029;54100;54100;58069;58069,88.065;88.065;86.822;86.617;85.104;85.104;83.508;83.508;77.989;77.989,0.2313613071236559,0.0001386146167366,0.5502745938468236,1,4,4,4,0.3308758856684498,0.5502745938468236,0.3308758856684498,0.7280464634021924,0.0001386146167366,3969.816508545893,139.6333006711751,27.242183873903745,0.1873709938764479,False,20263036,100,1.5915682086511798,1.0709679011874944,0.13861386138613863,0.0891089108910891,1520.487694785057,179790.45817494087,861.5295653061621,1776.7396585457213,2098.7797165664892,127449.68571316978,185175.45118667654,193076.22662631207,279.25989398353704,4.019697800705965,2.223112828868092,179790.45817494087,-12666.848741094915,6804380.162039771,0.026422753269718033,1299,0.05000312024881745,-1.445965571882522,1.4440828042107998,-4095.9999999999995,4090.666666666666,C:\Users\kimeu\Downloads\starlink_pathB_wsl_package_v0_3_clean\starlink_pathB\paper_final_experiment_check\outputs\coverage_null_global_stats_all_tle_full\0_197_lst000_stress_full_polybeam_khz_comb_S1000_multi.npz,9.10175923472585,9444.443085672718,1.7798436919007438e-05,140609741.2109375,False,False,False,False,False,False,False,False,False,False,False,False
11_10,153.90399534464717,mid,quiet,16,2461041.611111111,2461041.6179340645,frozen_polybeam,smooth,30.0,single,coherent_ab,2,12,1,54789,86.016,0.1708459341397849,1.402136280872614e-07,0.0212303841364464,0,2,2,2,0.0,0.0212303841364464,0.0,0.0519940798441188,1.402136280872614e-07,151414.55524732452,0.5457231973114781,0.5457231973114781,0.0009413166748733627,False,20263069,100,0.28947168795985984,0.377808563358653,0.39603960396039606,0.36633663366336633,4.282443556683575,876.2665898179853,4.088321789941347,4.809294808652419,4.825028613340678,873.9796594582128,886.3678749934282,886.9869976086921,0.45231828647456496,1.1014835924546378,1.0423160361914514,876.2665898179853,213.45553489512452,3640729.683564343,0.0002406843314332812,1305,0.04802287038716557,-1.445965571882522,1.4440828042107998,-4095.9999999999995,4090.666666666666,C:\Users\kimeu\Downloads\starlink_pathB_wsl_package_v0_3_clean\starlink_pathB\paper_final_experiment_check\outputs\coverage_null_global_stats_all_tle_full\11_10_lst016_quiet_frozen_polybeam_smooth_S30_single.npz,9.10175923472585,9444.443085672718,1.7798436919007438e-05,140609741.2109375,False,False,False,False,False,False,False,False,False,False,False,False
11_10,153.90399534464717,mid,quiet,16,2461041.611111111,2461041.6179340645,frozen_polybeam,smooth,30.0,multi,coherent_ab,2,12,12,54789;52869;52869;58387;46128;44537;54377;54377;54377;54377;58045;58045,86.016;83.672;83.672;79.961;79.673;70.729;70.455;70.455;70.455;70.455;70.439;70.439,0.1708459341397849,1.402136280872614e-07,0.0212303841364464,0,2,2,2,0.0,0.0212303841364464,0.0,0.0519940798441188,1.402136280872614e-07,151414.55524732452,1.194313397496793,0.5457231973114781,0.0029001474134317824,False,20263086,100,0.3360168558056261,1.2442368026253374,0.3465346534653465,0.0594059405940594,5.204840367026463,1444.6338734477665,4.845387331292841,7.608480563369312,8.125873845729714,1144.4097124064892,1442.2239257258593,1455.884799175102,0.7215344911398915,3.131348726977651,1.9957720343748497,1444.6338734477665,117.16403358498407,3640729.683564343,0.000396797894655404,1305,0.04802287038716557,-1.445965571882522,1.4440828042107998,-4095.9999999999995,4090.666666666666,C:\Users\kimeu\Downloads\starlink_pathB_wsl_package_v0_3_clean\starlink_pathB\paper_final_experiment_check\outputs\coverage_null_global_stats_all_tle_full\11_10_lst016_quiet_frozen_polybeam_smooth_S30_multi.npz,9.10175923472585,9444.443085672718,1.7798436919007438e-05,140609741.2109375,False,False,False,False,False,False,False,False,False,False,False,False
11_10,153.90399534464717,mid,quiet,16,2461041.611111111,2461041.6179340645,frozen_polybeam,smooth,1000.0,single,coherent_ab,2,12,1,54789,86.016,0.1708459341397849,1.402136280872614e-07,0.0212303841364464,0,2,2,2,0.0,0.0212303841364464,0.0,0.0519940798441188,1.402136280872614e-07,151414.55524732452,18.190773243715935,18.190773243715935,0.03137722249577875,False,20263103,100,0.26369042118371705,-0.6784750578294912,0.36633663366336633,0.7920792079207921,139.43473419846714,28868.558371622905,134.24048463935696,155.2677761741666,155.6715926949657,29186.670605542462,29927.359303801717,29981.047096116923,13.28631246561008,1.1080069750383166,1.0555916703083614,28868.558371622905,5311.659694228898,3640729.683564343,0.007929333095490914,1305,0.04802287038716557,-1.445965571882522,1.4440828042107998,-4095.9999999999995,4090.666666666666,C:\Users\kimeu\Downloads\starlink_pathB_wsl_package_v0_3_clean\starlink_pathB\paper_final_experiment_check\outputs\coverage_null_global_stats_all_tle_full\11_10_lst016_quiet_frozen_polybeam_smooth_S1000_single.npz,9.10175923472585,9444.443085672718,1.7798436919007438e-05,140609741.2109375,False,False,False,False,False,False,False,False,False,False,False,False
11_10,153.90399534464717,mid,quiet,16,2461041.611111111,2461041.6179340645,frozen_polybeam,smooth,1000.0,multi,coherent_ab,2,12,12,54789;52869;52869;58387;46128;44537;54377;54377;54377;54377;58045;58045,86.016;83.672;83.672;79.961;79.673;70.729;70.455;70.455;70.455;70.455;70.439;70.439,0.1708459341397849,1.402136280872614e-07,0.0212303841364464,0,2,2,2,0.0,0.0212303841364464,0.0,0.0519940798441188,1.402136280872614e-07,151414.55524732452,39.81044658322645,18.190773243715935,0.0966715804477261,False,20263120,100,0.1124637545196773,1.0283213044678872,0.48514851485148514,0.09900990099009901,168.18601345400452,48078.37717812906,164.50511915926973,222.08530145303655,250.2593302121332,42179.308192225486,48410.2005300717,49296.84125643669,22.075816328667457,2.3822347975069222,1.5631735815916583,48078.37717812906,1088.009420491088,3640729.683564343,0.013205698131111845,1305,0.04802287038716557,-1.445965571882522,1.4440828042107998,-4095.9999999999995,4090.666666666666,C:\Users\kimeu\Downloads\starlink_pathB_wsl_package_v0_3_clean\starlink_pathB\paper_final_experiment_check\outputs\coverage_null_global_stats_all_tle_full\11_10_lst016_quiet_frozen_polybeam_smooth_S1000_multi.npz,9.10175923472585,9444.443085672718,1.7798436919007438e-05,140609741.2109375,False,False,False,False,False,False,False,False,False,False,False,False
11_10,153.90399534464717,mid,quiet,16,2461041.611111111,2461041.6179340645,frozen_polybeam,lines,30.0,single,coherent_ab,2,12,1,54789,86.016,0.1708459341397849,1.402136280872614e-07,0.0212303841364464,0,2,2,2,0.0,0.0212303841364464,0.0,0.0519940798441188,1.402136280872614e-07,151414.55524732452,0.5457077103589205,0.5457077103589205,0.0009419362165821142,False,20263137,100,0.22381493832121244,0.5268851613965756,0.2871287128712871,0.32673267326732675,4.283810944011293,876.756609234337,4.119088617346733,4.761740939167884,4.772443705575625,873.419282007876,886.9102202147536,887.4233442041593,0.49640872074087383,1.1154394171889022,1.0814292774088108,876.756609234337,214.01336958112273,3640729.683564343,0.0002408189251710596,1305,0.04802287038716557,-1.445965571882522,1.4440828042107998,-4095.9999999999995,4090.666666666666,C:\Users\kimeu\Downloads\starlink_pathB_wsl_package_v0_3_clean\starlink_pathB\paper_final_experiment_check\outputs\coverage_null_global_stats_all_tle_full\11_10_lst016_quiet_frozen_polybeam_lines_S30_single.npz,9.10175923472585,9444.443085672718,1.7798436919007438e-05,140609741.2109375,False,False,False,False,False,False,False,False,False,False,False,False
11_10,153.90399534464717,mid,quiet,16,2461041.611111111,2461041.6179340645,frozen_polybeam,lines,30.0,multi,coherent_ab,2,12,12,54789;52869;52869;58387;46128;44537;54377;54377;54377;54377;58045;58045,86.016;83.672;83.672;79.961;79.673;70.729;70.455;70.455;70.455;70.455;70.439;70.439,0.1708459341397849,1.402136280872614e-07,0.0212303841364464,0,2,2,2,0.0,0.0212303841364464,0.0,0.0519940798441188,1.402136280872614e-07,151414.55524732452,1.1942707630527385,0.5457077103589205,0.0029024631329354826,False,20263154,100,0.10845453458877588,1.0647693195872172,0.48514851485148514,0.06930693069306931,5.198258654070514,1446.6903448987837,5.096316828236965,6.918291403248395,7.75214574991636,1211.4747416902453,1452.5328331754033,1469.4091220660596,0.6339875025937118,2.889747094235944,1.7609102589415684,1446.6903448987837,118.26035645789091,3640729.683564343,0.000397362746108205,1305,0.04802287038716557,-1.445965571882522,1.4440828042107998,-4095.9999999999995,4090.666666666666,C:\Users\kimeu\Downloads\starlink_pathB_wsl_package_v0_3_clean\starlink_pathB\paper_final_experiment_check\outputs\coverage_null_global_stats_all_tle_full\11_10_lst016_quiet_frozen_polybeam_lines_S30_multi.npz,9.10175923472585,9444.443085672718,1.7798436919007438e-05,140609741.2109375,False,False,False,False,False,False,False,False,False,False,False,False
11_10,153.90399534464717,mid,quiet,16,2461041.611111111,2461041.6179340645,frozen_polybeam,lines,1000.0,single,coherent_ab,2,12,1,54789,86.016,0.1708459341397849,1.402136280872614e-07,0.0212303841364464,0,2,2,2,0.0,0.0212303841364464,0.0,0.0519940798441188,1.402136280872614e-07,151414.55524732452,18.190257011964015,18.190257011964015,0.031397873886070474,False,20263171,100,0.4114615731558052,-0.707337525830596,0.3564356435643564,0.7920792079207921,139.49891108908287,28884.671666640672,130.63132385096083,154.09211336789699,156.11757185737898,29155.06657635577,29940.77166357271,30010.446298458464,14.536243579424308,1.0807978693469003,1.0008403028606212,28884.671666640672,5331.042148648907,3640729.683564343,0.00793375893767593,1305,0.04802287038716557,-1.445965571882522,1.4440828042107998,-4095.9999999999995,4090.666666666666,C:\Users\kimeu\Downloads\starlink_pathB_wsl_package_v0_3_clean\starlink_pathB\paper_final_experiment_check\outputs\coverage_null_global_stats_all_tle_full\11_10_lst016_quiet_frozen_polybeam_lines_S1000_single.npz,9.10175923472585,9444.443085672718,1.7798436919007438e-05,140609741.2109375,False,False,False,False,False,False,False,False,False,False,False,False
11_10,153.90399534464717,mid,quiet,16,2461041.611111111,2461041.6179340645,frozen_polybeam,lines,1000.0,multi,coherent_ab,2,12,12,54789;52869;52869;58387;46128;44537;54377;54377;54377;54377;58045;58045,86.016;83.672;83.672;79.961;79.673;70.729;70.455;70.455;70.455;70.455;70.439;70.439,0.1708459341397849,1.402136280872614e-07,0.0212303841364464,0,2,2,2,0.0,0.0212303841364464,0.0,0.0519940798441188,1.402136280872614e-07,151414.55524732452,39.80902543509127,18.190257011964015,0.09674877109784943,False,20263188,100,0.220120769553671,0.9970826217293177,0.40594059405940597,0.0594059405940594,167.9378468937373,48141.59939495946,159.24322610434888,239.9935277717308,253.73834743300478,40317.105568304156,47871.9033108527,50338.8936297196,26.641926572792954,3.2010046002695587,1.9151051383547002,48141.59939495946,1125.8539286195942,3640729.683564343,0.013223063390915618,1305,0.04802287038716557,-1.445965571882522,1.4440828042107998,-4095.9999999999995,4090.666666666666,C:\Users\kimeu\Downloads\starlink_pathB_wsl_package_v0_3_clean\starlink_pathB\paper_final_experiment_check\outputs\coverage_null_global_stats_all_tle_full\11_10_lst016_quiet_frozen_polybeam_lines_S1000_multi.npz,9.10175923472585,9444.443085672718,1.7798436919007438e-05,140609741.2109375,False,False,False,False,False,False,False,False,False,False,False,False
11_10,153.90399534464717,mid,quiet,16,2461041.611111111,2461041.6179340645,frozen_polybeam,khz_comb,30.0,single,coherent_ab,2,12,1,54789,86.016,0.1708459341397849,1.402136280872614e-07,0.0212303841364464,0,2,2,2,0.0,0.0212303841364464,0.0,0.0519940798441188,1.402136280872614e-07,151414.55524732452,0.44910560354747503,0.44910560354747503,0.0008421249984560266,False,20263205,100,0.06893065174217948,0.8705584065010994,0.45544554455445546,0.38613861386138615,3.774460489692956,806.1024164611653,3.7357416968434336,4.309075571321,4.315364342960984,799.7195905116489,821.1350355216704,821.9503025600699,0.37886582144574277,1.0914525438365952,1.0168903651076415,806.1024164611653,172.1563122975403,3640729.683564343,0.0002214123229472988,1305,0.04802287038716557,-1.445965571882522,1.4440828042107998,-4095.9999999999995,4090.666666666666,C:\Users\kimeu\Downloads\starlink_pathB_wsl_package_v0_3_clean\starlink_pathB\paper_final_experiment_check\outputs\coverage_null_global_stats_all_tle_full\11_10_lst016_quiet_frozen_polybeam_khz_comb_S30_single.npz,9.10175923472585,9444.443085672718,1.7798436919007438e-05,140609741.2109375,False,False,False,False,False,False,False,False,False,False,False,False
11_10,153.90399534464717,mid,quiet,16,2461041.611111111,2461041.6179340645,frozen_polybeam,khz_comb,30.0,multi,coherent_ab,2,12,12,54789;52869;52869;58387;46128;44537;54377;54377;54377;54377;58045;58045,86.016;83.672;83.672;79.961;79.673;70.729;70.455;70.455;70.455;70.455;70.439;70.439,0.1708459341397849,1.402136280872614e-07,0.0212303841364464,0,2,2,2,0.0,0.0212303841364464,0.0,0.0519940798441188,1.402136280872614e-07,151414.55524732452,0.9844828808826782,0.44910560354747503,0.002598974974941718,False,20263222,100,0.06210967119778962,1.2665572196659745,0.49504950495049505,0.039603960396039604,4.506811108064539,1350.0988183689133,4.461149155470366,6.421438580299127,7.371420959839084,1054.1665696158088,1318.70130274075,1355.5539692730415,0.49587390321789826,3.3006910309848054,2.1056124436918644,1350.0988183689133,120.52360307938628,3640729.683564343,0.00037083193088016935,1305,0.04802287038716557,-1.445965571882522,1.4440828042107998,-4095.9999999999995,4090.666666666666,C:\Users\kimeu\Downloads\starlink_pathB_wsl_package_v0_3_clean\starlink_pathB\paper_final_experiment_check\outputs\coverage_null_global_stats_all_tle_full\11_10_lst016_quiet_frozen_polybeam_khz_comb_S30_multi.npz,9.10175923472585,9444.443085672718,1.7798436919007438e-05,140609741.2109375,False,False,False,False,False,False,False,False,False,False,False,False
11_10,153.90399534464717,mid,quiet,16,2461041.611111111,2461041.6179340645,frozen_polybeam,khz_comb,1000.0,single,coherent_ab,2,12,1,54789,86.016,0.1708459341397849,1.402136280872614e-07,0.0212303841364464,0,2,2,2,0.0,0.0212303841364464,0.0,0.0519940798441188,1.402136280872614e-07,151414.55524732452,14.970186784915834,14.970186784915834,0.02807083328186756,False,20263239,100,0.006676224762863862,-0.3311369485282742,0.504950495049505,0.7524752475247525,123.46977016122901,26607.724719778096,123.35248329065894,139.42091336125523,140.33232878783667,26729.778960436153,27682.967476769612,27724.281631954313,11.849347979935942,1.2790889985979645,1.2235546779924609,26607.724719778096,4251.491917484124,3640729.683564343,0.007308349433328055,1305,0.04802287038716557,-1.445965571882522,1.4440828042107998,-4095.9999999999995,4090.666666666666,C:\Users\kimeu\Downloads\starlink_pathB_wsl_package_v0_3_clean\starlink_pathB\paper_final_experiment_check\outputs\coverage_null_global_stats_all_tle_full\11_10_lst016_quiet_frozen_polybeam_khz_comb_S1000_single.npz,9.10175923472585,9444.443085672718,1.7798436919007438e-05,140609741.2109375,False,False,False,False,False,False,False,False,False,False,False,False
11_10,153.90399534464717,mid,quiet,16,2461041.611111111,2461041.6179340645,frozen_polybeam,khz_comb,1000.0,multi,coherent_ab,2,12,12,54789;52869;52869;58387;46128;44537;54377;54377;54377;54377;58045;58045,86.016;83.672;83.672;79.961;79.673;70.729;70.455;70.455;70.455;70.455;70.439;70.439,0.1708459341397849,1.402136280872614e-07,0.0212303841364464,0,2,2,2,0.0,0.0212303841364464,0.0,0.0519940798441188,1.402136280872614e-07,151414.55524732452,32.81609602942262,14.970186784915834,0.08663249916472393,False,20263256,100,-0.23264335319231133,1.0533009809521847,0.594059405940594,0.0594059405940594,147.50206966328778,44951.01007704636,155.06748976341476,220.56618166020823,247.03095846401052,36335.68003803883,44804.23957637059,45209.46595956777,21.934028542289695,3.475812191639791,1.9869791446982845,44951.01007704636,1729.7482708002253,3640729.683564343,0.012346703541318255,1305,0.04802287038716557,-1.445965571882522,1.4440828042107998,-4095.9999999999995,4090.666666666666,C:\Users\kimeu\Downloads\starlink_pathB_wsl_package_v0_3_clean\starlink_pathB\paper_final_experiment_check\outputs\coverage_null_global_stats_all_tle_full\11_10_lst016_quiet_frozen_polybeam_khz_comb_S1000_multi.npz,9.10175923472585,9444.443085672718,1.7798436919007438e-05,140609741.2109375,False,False,False,False,False,False,False,False,False,False,False,False
11_10,153.90399534464717,mid,quiet,16,2461041.611111111,2461041.6179340645,full_polybeam,smooth,30.0,single,coherent_ab,2,12,1,54789,86.016,0.1708459341397849,1.402136280872614e-07,0.0212303841364464,0,2,2,2,0.0,0.0212303841364464,0.0,0.0519940798441188,1.402136280872614e-07,151414.55524732452,0.8123684389808848,0.8123684389808848,0.0013123873067969393,False,20263273,100,0.7100008855902867,-4.373884517636995,0.06930693069306931,0.9108910891089109,5.093944485276552,1128.7538139944336,4.667579870621012,5.0969712758236705,5.187548909176084,1149.24266406054,1155.8848041154054,1157.1650172551979,0.40504032965236547,0.9670507032787047,0.9218458896934686,1128.7538139944336,159.8218390086625,3640729.683564343,0.00031003505123988284,1305,0.04802287038716557,-1.445965571882522,1.4440828042107998,-4095.9999999999995,4090.666666666666,C:\Users\kimeu\Downloads\starlink_pathB_wsl_package_v0_3_clean\starlink_pathB\paper_final_experiment_check\outputs\coverage_null_global_stats_all_tle_full\11_10_lst016_quiet_full_polybeam_smooth_S30_single.npz,9.10175923472585,9444.443085672718,1.7798436919007438e-05,140609741.2109375,False,False,False,False,False,False,False,False,False,False,False,False
11_10,153.90399534464717,mid,quiet,16,2461041.611111111,2461041.6179340645,full_polybeam,smooth,30.0,multi,coherent_ab,2,12,12,54789;52869;52869;58387;46128;44537;54377;54377;54377;54377;58045;58045,86.016;83.672;83.672;79.961;79.673;70.729;70.455;70.455;70.455;70.455;70.439;70.439,0.1708459341397849,1.402136280872614e-07,0.0212303841364464,0,2,2,2,0.0,0.0212303841364464,0.0,0.0519940798441188,1.402136280872614e-07,151414.55524732452,2.2867849375516323,0.8123684389808848,0.004324703440732619,False,20263290,100,0.30803907640401035,0.7770859265781561,0.3465346534653465,0.10891089108910891,7.089190879570197,2105.122152899124,6.556182808191352,9.133002811306188,10.76288875490635,1729.0924398461416,2142.7916305875115,2213.4750251110004,1.167089003993624,2.609948352037285,1.61350735325066,2105.122152899124,-232.23349225755774,3640729.683564343,0.000578214351480819,1305,0.04802287038716557,-1.445965571882522,1.4440828042107998,-4095.9999999999995,4090.666666666666,C:\Users\kimeu\Downloads\starlink_pathB_wsl_package_v0_3_clean\starlink_pathB\paper_final_experiment_check\outputs\coverage_null_global_stats_all_tle_full\11_10_lst016_quiet_full_polybeam_smooth_S30_multi.npz,9.10175923472585,9444.443085672718,1.7798436919007438e-05,140609741.2109375,False,False,False,False,False,False,False,False,False,False,False,False
11_10,153.90399534464717,mid,quiet,16,2461041.611111111,2461041.6179340645,full_polybeam,smooth,1000.0,single,coherent_ab,2,12,1,54789,86.016,0.1708459341397849,1.402136280872614e-07,0.0212303841364464,0,2,2,2,0.0,0.0212303841364464,0.0,0.0519940798441188,1.402136280872614e-07,151414.55524732452,27.078947966029492,27.078947966029492,0.04374624355989796,False,20263307,100,0.7733495401691334,-2.566231636932688,0.24752475247524752,0.9405940594059405,159.00545673808074,37138.65359677914,143.42398339347892,166.03597480496848,166.38014227433223,38536.16157538256,39135.96407844793,39322.5643360457,13.589663204126737,1.2904754593659091,1.2239047597058406,37138.65359677914,394.41833204306784,3640729.683564343,0.010200881917830192,1305,0.04802287038716557,-1.445965571882522,1.4440828042107998,-4095.9999999999995,4090.666666666666,C:\Users\kimeu\Downloads\starlink_pathB_wsl_package_v0_3_clean\starlink_pathB\paper_final_experiment_check\outputs\coverage_null_global_stats_all_tle_full\11_10_lst016_quiet_full_polybeam_smooth_S1000_single.npz,9.10175923472585,9444.443085672718,1.7798436919007438e-05,140609741.2109375,False,False,False,False,False,False,False,False,False,False,False,False
11_10,153.90399534464717,mid,quiet,16,2461041.611111111,2461041.6179340645,full_polybeam,smooth,1000.0,multi,coherent_ab,2,12,12,54789;52869;52869;58387;46128;44537;54377;54377;54377;54377;58045;58045,86.016;83.672;83.672;79.961;79.673;70.729;70.455;70.455;70.455;70.455;70.439;70.439,0.1708459341397849,1.402136280872614e-07,0.0212303841364464,0,2,2,2,0.0,0.0212303841364464,0.0,0.0519940798441188,1.402136280872614e-07,151414.55524732452,76.22616458505445,27.078947966029492,0.1441567813577539,False,20263324,100,0.5035933599790503,1.1354404547596684,0.2871287128712871,0.0891089108910891,222.15328665034144,72219.62460374783,199.29003605198568,287.9071938460358,319.8653199727073,56949.9802019133,72965.56362918523,74388.74691966051,30.622030562178622,2.2213684245944507,1.4626069916168776,72219.62460374783,-20401.49522765228,3640729.683564343,0.019836579719108245,1305,0.04802287038716557,-1.445965571882522,1.4440828042107998,-4095.9999999999995,4090.666666666666,C:\Users\kimeu\Downloads\starlink_pathB_wsl_package_v0_3_clean\starlink_pathB\paper_final_experiment_check\outputs\coverage_null_global_stats_all_tle_full\11_10_lst016_quiet_full_polybeam_smooth_S1000_multi.npz,9.10175923472585,9444.443085672718,1.7798436919007438e-05,140609741.2109375,False,False,False,False,False,False,False,False,False,False,False,False
11_10,153.90399534464717,mid,quiet,16,2461041.611111111,2461041.6179340645,full_polybeam,lines,30.0,single,coherent_ab,2,12,1,54789,86.016,0.1708459341397849,1.402136280872614e-07,0.0212303841364464,0,2,2,2,0.0,0.0212303841364464,0.0,0.0519940798441188,1.402136280872614e-07,151414.55524732452,0.8123372343722342,0.8123372343722342,0.0013132186352798295,False,20263341,100,1.2468314745757725,-1.950272343472479,0.04950495049504951,0.8514851485148515,5.126780836177204,1128.659455699004,4.43027650505519,5.096556714666531,5.180496815222641,1148.618762684658,1156.590762205671,1157.51030595143,0.3767836671247551,1.1788855472411488,1.0629809899328684,1128.659455699004,160.55088953264226,3640729.683564343,0.00031000913382671824,1305,0.04802287038716557,-1.445965571882522,1.4440828042107998,-4095.9999999999995,4090.666666666666,C:\Users\kimeu\Downloads\starlink_pathB_wsl_package_v0_3_clean\starlink_pathB\paper_final_experiment_check\outputs\coverage_null_global_stats_all_tle_full\11_10_lst016_quiet_full_polybeam_lines_S30_single.npz,9.10175923472585,9444.443085672718,1.7798436919007438e-05,140609741.2109375,False,False,True,False,False,False,False,False,False,False,False,False
11_10,153.90399534464717,mid,quiet,16,2461041.611111111,2461041.6179340645,full_polybeam,lines,30.0,multi,coherent_ab,2,12,12,54789;52869;52869;58387;46128;44537;54377;54377;54377;54377;58045;58045,86.016;83.672;83.672;79.961;79.673;70.729;70.455;70.455;70.455;70.455;70.439;70.439,0.1708459341397849,1.402136280872614e-07,0.0212303841364464,0,2,2,2,0.0,0.0212303841364464,0.0,0.0519940798441188,1.402136280872614e-07,151414.55524732452,2.2866453811801857,0.8123372343722342,0.004327686054910383,False,20263358,100,0.7044502304180601,0.927947058265419,0.31683168316831684,0.09900990099009901,7.070020410803636,2106.648137218979,6.020922194859338,9.195078697226744,9.773938284906693,1727.1833017744711,2123.763065500285,2175.769421967026,1.0044812562810534,2.6784591695079483,1.8270548198367835,2106.648137218979,-230.68122173166734,3640729.683564343,0.0005786334939199691,1305,0.04802287038716557,-1.445965571882522,1.4440828042107998,-4095.9999999999995,4090.666666666666,C:\Users\kimeu\Downloads\starlink_pathB_wsl_package_v0_3_clean\starlink_pathB\paper_final_experiment_check\outputs\coverage_null_global_stats_all_tle_full\11_10_lst016_quiet_full_polybeam_lines_S30_multi.npz,9.10175923472585,9444.443085672718,1.7798436919007438e-05,140609741.2109375,False,False,False,False,False,False,False,False,False,False,False,False
11_10,153.90399534464717,mid,quiet,16,2461041.611111111,2461041.6179340645,full_polybeam,lines,1000.0,single,coherent_ab,2,12,1,54789,86.016,0.1708459341397849,1.402136280872614e-07,0.0212303841364464,0,2,2,2,0.0,0.0212303841364464,0.0,0.0519940798441188,1.402136280872614e-07,151414.55524732452,27.077907812407805,27.077907812407805,0.043773954509327674,False,20263375,100,0.6402056791345465,-1.9899457147136224,0.13861386138613863,0.9405940594059405,160.02686647591236,37123.72631193763,150.50562231833783,164.06246992624864,164.85531839448092,38413.74643145836,39224.9590271343,39333.985240574475,10.03113751144167,0.939947430275326,0.8531237557736858,37123.72631193763,422.42105920663516,3640729.683564343,0.010196781837313668,1305,0.04802287038716557,-1.445965571882522,1.4440828042107998,-4095.9999999999995,4090.666666666666,C:\Users\kimeu\Downloads\starlink_pathB_wsl_package_v0_3_clean\starlink_pathB\paper_final_experiment_check\outputs\coverage_null_global_stats_all_tle_full\11_10_lst016_quiet_full_polybeam_lines_S1000_single.npz,9.10175923472585,9444.443085672718,1.7798436919007438e-05,140609741.2109375,False,False,False,False,False,False,False,False,False,False,False,False
11_10,153.90399534464717,mid,quiet,16,2461041.611111111,2461041.6179340645,full_polybeam,lines,1000.0,multi,coherent_ab,2,12,12,54789;52869;52869;58387;46128;44537;54377;54377;54377;54377;58045;58045,86.016;83.672;83.672;79.961;79.673;70.729;70.455;70.455;70.455;70.455;70.439;70.439,0.1708459341397849,1.402136280872614e-07,0.0212303841364464,0,2,2,2,0.0,0.0212303841364464,0.0,0.0519940798441188,1.402136280872614e-07,151414.55524732452,76.22151270600622,27.077907812407805,0.14425620183034604,False,20263392,100,0.48910024916961864,1.1580713462880095,0.36633663366336633,0.06930693069306931,221.5340580176005,72247.97671561336,196.00763142157535,280.3648943489552,329.2917991650408,55151.34365178563,72350.37420349685,75688.71797885411,35.202065201781636,3.143278566233164,1.8452129799908692,72247.97671561336,-20340.392070221867,3640729.683564343,0.019844367199731573,1305,0.04802287038716557,-1.445965571882522,1.4440828042107998,-4095.9999999999995,4090.666666666666,C:\Users\kimeu\Downloads\starlink_pathB_wsl_package_v0_3_clean\starlink_pathB\paper_final_experiment_check\outputs\coverage_null_global_stats_all_tle_full\11_10_lst016_quiet_full_polybeam_lines_S1000_multi.npz,9.10175923472585,9444.443085672718,1.7798436919007438e-05,140609741.2109375,False,False,False,False,False,False,False,False,False,False,False,False
11_10,153.90399534464717,mid,quiet,16,2461041.611111111,2461041.6179340645,full_polybeam,khz_comb,30.0,single,coherent_ab,2,12,1,54789,86.016,0.1708459341397849,1.402136280872614e-07,0.0212303841364464,0,2,2,2,0.0,0.0212303841364464,0.0,0.0519940798441188,1.402136280872614e-07,151414.55524732452,0.6685359158419762,0.6685359158419762,0.0011355861046057202,False,20263409,100,0.3282813737788434,-1.5199966592104617,0.3564356435643564,0.8316831683168316,4.34813489240878,982.2455525267887,4.254528028290906,4.471980227950917,4.496569902734527,993.0886758999488,1000.8883453541785,1001.5940987012522,0.19232576050330863,1.137408953285905,1.0315013853685064,982.2455525267887,128.6629209457018,3640729.683564343,0.00026979359576214176,1305,0.04802287038716557,-1.445965571882522,1.4440828042107998,-4095.9999999999995,4090.666666666666,C:\Users\kimeu\Downloads\starlink_pathB_wsl_package_v0_3_clean\starlink_pathB\paper_final_experiment_check\outputs\coverage_null_global_stats_all_tle_full\11_10_lst016_quiet_full_polybeam_khz_comb_S30_single.npz,9.10175923472585,9444.443085672718,1.7798436919007438e-05,140609741.2109375,False,False,False,False,False,False,False,False,False,False,False,False
11_10,153.90399534464717,mid,quiet,16,2461041.611111111,2461041.6179340645,full_polybeam,khz_comb,30.0,multi,coherent_ab,2,12,12,54789;52869;52869;58387;46128;44537;54377;54377;54377;54377;58045;58045,86.016;83.672;83.672;79.961;79.673;70.729;70.455;70.455;70.455;70.455;70.439;70.439,0.1708459341397849,1.402136280872614e-07,0.0212303841364464,0,2,2,2,0.0,0.0212303841364464,0.0,0.0519940798441188,1.402136280872614e-07,151414.55524732452,1.8818595275821473,0.6685359158419762,0.003736730895199903,False,20263426,100,0.6021840535926289,1.0239209334088855,0.3069306930693069,0.04950495049504951,5.966572986529627,1824.4718791526338,5.316826711982458,7.933420639003816,9.101521316832764,1480.1527499619542,1803.618399952976,1858.6021382821607,0.7277639711178381,2.9599374410867894,1.759940711914311,1824.4718791526338,-171.47801227016927,3640729.683564343,0.0005011280808319836,1305,0.04802287038716557,-1.445965571882522,1.4440828042107998,-4095.9999999999995,4090.666666666666,C:\Users\kimeu\Downloads\starlink_pathB_wsl_package_v0_3_clean\starlink_pathB\paper_final_experiment_check\outputs\coverage_null_global_stats_all_tle_full\11_10_lst016_quiet_full_polybeam_khz_comb_S30_multi.npz,9.10175923472585,9444.443085672718,1.7798436919007438e-05,140609741.2109375,False,False,False,False,False,False,False,False,False,False,False,False
11_10,153.90399534464717,mid,quiet,16,2461041.611111111,2461041.6179340645,full_polybeam,khz_comb,1000.0,single,coherent_ab,2,12,1,54789,86.016,0.1708459341397849,1.402136280872614e-07,0.0212303841364464,0,2,2,2,0.0,0.0212303841364464,0.0,0.0519940798441188,1.402136280872614e-07,151414.55524732452,22.284530528065876,22.284530528065876,0.037852870153524,False,20263443,100,0.14955948459367616,-1.9881050293306117,0.43564356435643564,0.8415841584158416,137.04609138384967,32362.795399068247,135.38830939789966,142.98986437377476,145.11082712470943,33127.56526307223,33674.010910996156,33794.57402734339,7.4763471791030724,0.8501916259442657,0.8188137248126336,32362.795399068247,790.8756493303983,3640729.683564343,0.008889095926337617,1305,0.04802287038716557,-1.445965571882522,1.4440828042107998,-4095.9999999999995,4090.666666666666,C:\Users\kimeu\Downloads\starlink_pathB_wsl_package_v0_3_clean\starlink_pathB\paper_final_experiment_check\outputs\coverage_null_global_stats_all_tle_full\11_10_lst016_quiet_full_polybeam_khz_comb_S1000_single.npz,9.10175923472585,9444.443085672718,1.7798436919007438e-05,140609741.2109375,False,False,False,False,False,False,False,False,False,False,False,False
11_10,153.90399534464717,mid,quiet,16,2461041.611111111,2461041.6179340645,full_polybeam,khz_comb,1000.0,multi,coherent_ab,2,12,12,54789;52869;52869;58387;46128;44537;54377;54377;54377;54377;58045;58045,86.016;83.672;83.672;79.961;79.673;70.729;70.455;70.455;70.455;70.455;70.439;70.439,0.1708459341397849,1.402136280872614e-07,0.0212303841364464,0,2,2,2,0.0,0.0212303841364464,0.0,0.0519940798441188,1.402136280872614e-07,151414.55524732452,62.72865091940491,22.284530528065876,0.12455769650666343,False,20263460,100,0.6568986543065748,0.8258595948723376,0.32673267326732675,0.039603960396039604,189.13234647265995,62052.64126253067,166.5664898475079,249.51116678559555,265.7102110818999,53107.49907392614,61403.39008237894,62782.47405656263,23.17018260511668,3.557677735076612,1.5897224069474716,62052.64126253067,-14473.071560029977,3640729.683564343,0.017044012232674183,1305,0.04802287038716557,-1.445965571882522,1.4440828042107998,-4095.9999999999995,4090.666666666666,C:\Users\kimeu\Downloads\starlink_pathB_wsl_package_v0_3_clean\starlink_pathB\paper_final_experiment_check\outputs\coverage_null_global_stats_all_tle_full\11_10_lst016_quiet_full_polybeam_khz_comb_S1000_multi.npz,9.10175923472585,9444.443085672718,1.7798436919007438e-05,140609741.2109375,False,False,False,False,False,False,False,False,False,False,False,False
11_10,153.90399534464717,mid,typical,44,2461041.8055555555,2461041.8123785085,frozen_polybeam,smooth,30.0,single,coherent_ab,3,33,1,57722,86.861,0.1693968413978494,9.162972995922386e-07,0.2419547912000571,0,3,3,3,0.0,0.2419547912000571,0.0,0.7241364102878726,9.162972995922386e-07,264057.0820275574,1.219114677085202,1.219114677085202,0.0049708209016023595,False,20263505,100,1.2854157220104898,-1.6863608377958645,0.18811881188118812,0.9108910891089109,17.858855039029095,4116.591544187791,16.54567127376916,18.408678625042352,18.474088150779483,4186.808890220513,4244.089909429171,4251.937639926715,0.6890613674595158,1.213860200209426,1.1147160328552745,4116.591544187791,173.36647477296896,1272287.795236844,0.003235582043307633,1305,0.04802287038716557,-1.445965571882522,1.4440828042107998,-4095.9999999999995,4090.666666666666,C:\Users\kimeu\Downloads\starlink_pathB_wsl_package_v0_3_clean\starlink_pathB\paper_final_experiment_check\outputs\coverage_null_global_stats_all_tle_full\11_10_lst044_typical_frozen_polybeam_smooth_S30_single.npz,9.10175923472585,9444.443085672718,1.7798436919007438e-05,140609741.2109375,False,False,False,False,False,False,False,False,False,False,False,False
11_10,153.90399534464717,mid,typical,44,2461041.8055555555,2461041.8123785085,frozen_polybeam,smooth,30.0,multi,coherent_ab,3,33,12,57722;57722;55172;55172;55550;55550;44436;44436;58038;45454;45454;55537,86.861;86.861;84.716;84.716;84.082;84.082;81.894;81.894;81.335;80.006;80.006;79.784,0.1693968413978494,9.162972995922386e-07,0.2419547912000571,0,3,3,3,0.0,0.2419547912000571,0.0,0.7241364102878726,9.162972995922386e-07,264057.0820275574,6.543593583740857,1.219114677085202,0.027365127300750337,False,20263522,100,0.8828919403128287,0.6624575415159286,0.1485148514851485,0.15841584158415842,39.544455982592126,8525.451254140266,29.590807914169204,43.654500500740895,45.8674912485234,6734.599336297273,8840.071900086477,9263.336208676896,7.604151016323158,3.484128955918342,2.2391505042137654,8525.451254140266,490.4437992596756,1272287.795236844,0.006700882682406932,1305,0.04802287038716557,-1.445965571882522,1.4440828042107998,-4095.9999999999995,4090.666666666666,C:\Users\kimeu\Downloads\starlink_pathB_wsl_package_v0_3_clean\starlink_pathB\paper_final_experiment_check\outputs\coverage_null_global_stats_all_tle_full\11_10_lst044_typical_frozen_polybeam_smooth_S30_multi.npz,9.10175923472585,9444.443085672718,1.7798436919007438e-05,140609741.2109375,False,False,False,False,False,False,False,False,False,False,False,False
11_10,153.90399534464717,mid,typical,44,2461041.8055555555,2461041.8123785085,frozen_polybeam,smooth,1000.0,single,coherent_ab,3,33,1,57722,86.861,0.1693968413978494,9.162972995922386e-07,0.2419547912000571,0,3,3,3,0.0,0.2419547912000571,0.0,0.7241364102878726,9.162972995922386e-07,264057.0820275574,40.63715590284008,40.63715590284008,0.16569403005341196,False,20263539,100,3.1399520428196617,-2.5920102267535277,0.0594059405940594,1.0,562.7035334035909,138133.5519212121,504.4881068072764,559.2749704225558,584.5154506163465,142112.4393023914,144298.30697143337,144447.25135147644,12.50521242449986,1.29924028117519,1.2002989224026577,138133.5519212121,-26232.670174100647,1272287.795236844,0.10857099505186853,1305,0.04802287038716557,-1.445965571882522,1.4440828042107998,-4095.9999999999995,4090.666666666666,C:\Users\kimeu\Downloads\starlink_pathB_wsl_package_v0_3_clean\starlink_pathB\paper_final_experiment_check\outputs\coverage_null_global_stats_all_tle_full\11_10_lst044_typical_frozen_polybeam_smooth_S1000_single.npz,9.10175923472585,9444.443085672718,1.7798436919007438e-05,140609741.2109375,True,True,True,False,False,False,False,False,False,False,False,False
11_10,153.90399534464717,mid,typical,44,2461041.8055555555,2461041.8123785085,frozen_polybeam,smooth,1000.0,multi,coherent_ab,3,33,12,57722;57722;55172;55172;55550;55550;44436;44436;58038;45454;45454;55537,86.861;86.861;84.716;84.716;84.082;84.082;81.894;81.894;81.335;80.006;80.006;79.784,0.1693968413978494,9.162972995922386e-07,0.2419547912000571,0,3,3,3,0.0,0.2419547912000571,0.0,0.7241364102878726,9.162972995922386e-07,264057.0820275574,218.11978612469525,40.63715590284008,0.9121709100250114,False,20263556,100,1.4745607924227642,0.8426506816915811,0.12871287128712872,0.1188118811881188,1447.567323839301,307857.8387757511,1035.2981294399005,1677.1551974066374,2030.7062159185461,235632.03507259273,320826.7393675436,330934.792123674,188.57938137794395,3.7247035091583913,2.058592924093777,307857.8387757511,71658.2734886571,1272287.795236844,0.24197185568257495,1305,0.04802287038716557,-1.445965571882522,1.4440828042107998,-4095.9999999999995,4090.666666666666,C:\Users\kimeu\Downloads\starlink_pathB_wsl_package_v0_3_clean\starlink_pathB\paper_final_experiment_check\outputs\coverage_null_global_stats_all_tle_full\11_10_lst044_typical_frozen_polybeam_smooth_S1000_multi.npz,9.10175923472585,9444.443085672718,1.7798436919007438e-05,140609741.2109375,False,False,False,False,False,False,False,False,False,False,False,False
11_10,153.90399534464717,mid,typical,44,2461041.8055555555,2461041.8123785085,frozen_polybeam,lines,30.0,single,coherent_ab,3,33,1,57722,86.861,0.1693968413978494,9.162972995922386e-07,0.2419547912000571,0,3,3,3,0.0,0.2419547912000571,0.0,0.7241364102878726,9.162972995922386e-07,264057.0820275574,1.219101071156608,1.219101071156608,0.004976517837118002,False,20263573,100,1.6692313995953711,-1.154232377023759,0.15841584158415842,0.9405940594059405,17.88208277349031,4118.069025441193,16.4652099241857,18.322997392725597,18.43435873710314,4181.477047803624,4251.164962887037,4255.462089662366,0.5725195706484385,1.2573245918678357,1.169160975999871,4118.069025441193,173.43247116526564,1272287.795236844,0.003236743322429332,1305,0.04802287038716557,-1.445965571882522,1.4440828042107998,-4095.9999999999995,4090.666666666666,C:\Users\kimeu\Downloads\starlink_pathB_wsl_package_v0_3_clean\starlink_pathB\paper_final_experiment_check\outputs\coverage_null_global_stats_all_tle_full\11_10_lst044_typical_frozen_polybeam_lines_S30_single.npz,9.10175923472585,9444.443085672718,1.7798436919007438e-05,140609741.2109375,False,False,False,False,False,False,False,False,False,False,False,False
11_10,153.90399534464717,mid,typical,44,2461041.8055555555,2461041.8123785085,frozen_polybeam,lines,30.0,multi,coherent_ab,3,33,12,57722;57722;55172;55172;55550;55550;44436;44436;58038;45454;45454;55537,86.861;86.861;84.716;84.716;84.082;84.082;81.894;81.894;81.335;80.006;80.006;79.784,0.1693968413978494,9.162972995922386e-07,0.2419547912000571,0,3,3,3,0.0,0.2419547912000571,0.0,0.7241364102878726,9.162972995922386e-07,264057.0820275574,6.543532736456191,1.219101071156608,0.027396343765302502,False,20263590,100,1.1599784011202203,0.7092690511555132,0.039603960396039604,0.16831683168316833,40.33267225719169,8525.634340062707,28.707272287965793,39.08562758981653,46.59730922182037,6447.809618148281,9073.829838283767,9698.316323474872,6.759802464330278,3.6817978305907424,2.518847888949989,8525.634340062707,489.6012700916908,1272287.795236844,0.0067010265853219226,1305,0.04802287038716557,-1.445965571882522,1.4440828042107998,-4095.9999999999995,4090.666666666666,C:\Users\kimeu\Downloads\starlink_pathB_wsl_package_v0_3_clean\starlink_pathB\paper_final_experiment_check\outputs\coverage_null_global_stats_all_tle_full\11_10_lst044_typical_frozen_polybeam_lines_S30_multi.npz,9.10175923472585,9444.443085672718,1.7798436919007438e-05,140609741.2109375,False,False,True,False,False,False,False,False,False,False,False,False
11_10,153.90399534464717,mid,typical,44,2461041.8055555555,2461041.8123785085,frozen_polybeam,lines,1000.0,single,coherent_ab,3,33,1,57722,86.861,0.1693968413978494,9.162972995922386e-07,0.2419547912000571,0,3,3,3,0.0,0.2419547912000571,0.0,0.7241364102878726,9.162972995922386e-07,264057.0820275574,40.63670237188694,40.63670237188694,0.16588392790393336,False,20263607,100,2.081890990036864,-2.204241456273104,0.09900990099009901,0.9900990099009901,562.608187197312,138177.416398591,505.4327152325188,578.6524452042037,584.531005459624,141670.0228868827,144324.09270383732,144420.34767032217,18.52370162199668,1.0432930122281059,0.9435465771255898,138177.416398591,-26224.474100399115,1272287.795236844,0.10860547190336636,1305,0.04802287038716557,-1.445965571882522,1.4440828042107998,-4095.9999999999995,4090.666666666666,C:\Users\kimeu\Downloads\starlink_pathB_wsl_package_v0_3_clean\starlink_pathB\paper_final_experiment_check\outputs\coverage_null_global_stats_all_tle_full\11_10_lst044_typical_frozen_polybeam_lines_S1000_single.npz,9.10175923472585,9444.443085672718,1.7798436919007438e-05,140609741.2109375,True,False,False,False,False,False,False,False,False,False,False,False
11_10,153.90399534464717,mid,typical,44,2461041.8055555555,2461041.8123785085,frozen_polybeam,lines,1000.0,multi,coherent_ab,3,33,12,57722;57722;55172;55172;55550;55550;44436;44436;58038;45454;45454;55537,86.861;86.861;84.716;84.716;84.082;84.082;81.894;81.894;81.335;80.006;80.006;79.784,0.1693968413978494,9.162972995922386e-07,0.2419547912000571,0,3,3,3,0.0,0.2419547912000571,0.0,0.7241364102878726,9.162972995922386e-07,264057.0820275574,218.11775788187305,40.63670237188694,0.9132114588434168,False,20263624,100,1.8184991140761992,0.9374855527949799,0.09900990099009901,0.10891089108910891,1479.5398138367345,307821.1339810337,1048.0959177109996,1558.4249578757672,1633.7822374061425,254638.25027352083,311752.97498613177,332571.1563583426,160.02478027998336,3.516251332064587,2.17871655703401,307821.1339810337,71649.19937478782,1272287.795236844,0.2419430062391905,1305,0.04802287038716557,-1.445965571882522,1.4440828042107998,-4095.9999999999995,4090.666666666666,C:\Users\kimeu\Downloads\starlink_pathB_wsl_package_v0_3_clean\starlink_pathB\paper_final_experiment_check\outputs\coverage_null_global_stats_all_tle_full\11_10_lst044_typical_frozen_polybeam_lines_S1000_multi.npz,9.10175923472585,9444.443085672718,1.7798436919007438e-05,140609741.2109375,False,False,False,False,False,False,False,False,False,False,False,False
11_10,153.90399534464717,mid,typical,44,2461041.8055555555,2461041.8123785085,frozen_polybeam,khz_comb,30.0,single,coherent_ab,3,33,1,57722,86.861,0.1693968413978494,9.162972995922386e-07,0.2419547912000571,0,3,3,3,0.0,0.2419547912000571,0.0,0.7241364102878726,9.162972995922386e-07,264057.0820275574,1.0032937265758237,1.0032937265758237,0.0044155666477526,False,20263641,100,1.0579680892961028,-1.5236220012654378,0.18811881188118812,1.0,15.03043109827604,3804.2978244960095,14.420941766181386,15.693810736086311,16.534956742857972,3859.762510764376,3921.238865654966,3923.5044148231314,0.3885702476819688,0.9646335450837564,0.9003279461906656,3804.2978244960095,128.78537640134033,1272287.795236844,0.0029901236487046676,1305,0.04802287038716557,-1.445965571882522,1.4440828042107998,-4095.9999999999995,4090.666666666666,C:\Users\kimeu\Downloads\starlink_pathB_wsl_package_v0_3_clean\starlink_pathB\paper_final_experiment_check\outputs\coverage_null_global_stats_all_tle_full\11_10_lst044_typical_frozen_polybeam_khz_comb_S30_single.npz,9.10175923472585,9444.443085672718,1.7798436919007438e-05,140609741.2109375,False,False,False,False,False,False,False,False,False,False,False,False
11_10,153.90399534464717,mid,typical,44,2461041.8055555555,2461041.8123785085,frozen_polybeam,khz_comb,30.0,multi,coherent_ab,3,33,12,57722;57722;55172;55172;55550;55550;44436;44436;58038;45454;45454;55537,86.861;86.861;84.716;84.716;84.082;84.082;81.894;81.894;81.335;80.006;80.006;79.784,0.1693968413978494,9.162972995922386e-07,0.2419547912000571,0,3,3,3,0.0,0.2419547912000571,0.0,0.7241364102878726,9.162972995922386e-07,264057.0820275574,5.996041687952763,1.1673442630157012,0.024629213415028616,False,20263658,100,0.9262644066424481,0.7055224902324312,0.13861386138613863,0.12871287128712872,36.94445737888964,7936.962635332444,27.62241941244565,41.47412751243257,44.878143011973044,6319.7851230218175,8187.97961321851,8513.765856290564,6.788157272120657,3.071772345745041,2.0962170346806293,7936.962635332444,481.1361613505645,1272287.795236844,0.006238339049581884,1305,0.04802287038716557,-1.445965571882522,1.4440828042107998,-4095.9999999999995,4090.666666666666,C:\Users\kimeu\Downloads\starlink_pathB_wsl_package_v0_3_clean\starlink_pathB\paper_final_experiment_check\outputs\coverage_null_global_stats_all_tle_full\11_10_lst044_typical_frozen_polybeam_khz_comb_S30_multi.npz,9.10175923472585,9444.443085672718,1.7798436919007438e-05,140609741.2109375,False,False,False,False,False,False,False,False,False,False,False,False
11_10,153.90399534464717,mid,typical,44,2461041.8055555555,2461041.8123785085,frozen_polybeam,khz_comb,1000.0,single,coherent_ab,3,33,1,57722,86.861,0.1693968413978494,9.162972995922386e-07,0.2419547912000571,0,3,3,3,0.0,0.2419547912000571,0.0,0.7241364102878726,9.162972995922386e-07,264057.0820275574,33.44312421919413,33.44312421919413,0.14718555492508664,False,20263675,100,0.9050135162736171,-2.2603027031711793,0.33663366336633666,0.9405940594059405,481.0754091359054,127667.913181755,457.216551543014,499.06505766671745,503.0882156166093,130388.52413899807,132121.93652210952,132510.4924468432,17.781589654411164,0.8590069862378655,0.8018769244512134,127667.913181755,-21810.93426779863,1272287.795236844,0.1003451527710276,1305,0.04802287038716557,-1.445965571882522,1.4440828042107998,-4095.9999999999995,4090.666666666666,C:\Users\kimeu\Downloads\starlink_pathB_wsl_package_v0_3_clean\starlink_pathB\paper_final_experiment_check\outputs\coverage_null_global_stats_all_tle_full\11_10_lst044_typical_frozen_polybeam_khz_comb_S1000_single.npz,9.10175923472585,9444.443085672718,1.7798436919007438e-05,140609741.2109375,False,False,False,False,False,False,False,False,False,False,False,False
11_10,153.90399534464717,mid,typical,44,2461041.8055555555,2461041.8123785085,frozen_polybeam,khz_comb,1000.0,multi,coherent_ab,3,33,12,57722;57722;55172;55172;55550;55550;44436;44436;58038;45454;45454;55537,86.861;86.861;84.716;84.716;84.082;84.082;81.894;81.894;81.335;80.006;80.006;79.784,0.1693968413978494,9.162972995922386e-07,0.2419547912000571,0,3,3,3,0.0,0.2419547912000571,0.0,0.7241364102878726,9.162972995922386e-07,264057.0820275574,199.8680562650921,38.9114754338567,0.8209737805009537,False,20263692,100,1.7652494341657883,0.9473920563855631,0.0594059405940594,0.09900990099009901,1429.308090247238,289469.6299455482,927.9853593077439,1425.05606706943,1749.7842305434983,220331.86836512593,300500.04517728795,319796.37971613393,191.55227753637848,3.4443125231611957,2.0968039282882582,289469.6299455482,81134.32581290684,1272287.795236844,0.22751898668623294,1305,0.04802287038716557,-1.445965571882522,1.4440828042107998,-4095.9999999999995,4090.666666666666,C:\Users\kimeu\Downloads\starlink_pathB_wsl_package_v0_3_clean\starlink_pathB\paper_final_experiment_check\outputs\coverage_null_global_stats_all_tle_full\11_10_lst044_typical_frozen_polybeam_khz_comb_S1000_multi.npz,9.10175923472585,9444.443085672718,1.7798436919007438e-05,140609741.2109375,False,False,False,False,False,False,False,False,False,False,False,False
11_10,153.90399534464717,mid,typical,44,2461041.8055555555,2461041.8123785085,full_polybeam,smooth,30.0,single,coherent_ab,3,33,1,57722,86.861,0.1693968413978494,9.162972995922386e-07,0.2419547912000571,0,3,3,3,0.0,0.2419547912000571,0.0,0.7241364102878726,9.162972995922386e-07,264057.0820275574,1.6503146348658888,1.6503146348658888,0.006984697671144471,False,20263709,100,1.6046520683124224,-1.7500620607883752,0.07920792079207921,0.9207920792079208,24.37121129007255,5100.109542183826,22.625686064926384,24.77953754885866,25.253989299259,5220.39711794332,5288.322931463167,5295.327717102986,0.733704619240342,1.5211809761288344,1.3891695697119706,5100.109542183826,379.8341941993608,1272287.795236844,0.004008613115112379,1305,0.04802287038716557,-1.445965571882522,1.4440828042107998,-4095.9999999999995,4090.666666666666,C:\Users\kimeu\Downloads\starlink_pathB_wsl_package_v0_3_clean\starlink_pathB\paper_final_experiment_check\outputs\coverage_null_global_stats_all_tle_full\11_10_lst044_typical_full_polybeam_smooth_S30_single.npz,9.10175923472585,9444.443085672718,1.7798436919007438e-05,140609741.2109375,False,False,False,False,False,False,False,False,False,False,False,False
11_10,153.90399534464717,mid,typical,44,2461041.8055555555,2461041.8123785085,full_polybeam,smooth,30.0,multi,coherent_ab,3,33,12,57722;57722;55172;55172;55550;55550;44436;44436;58038;45454;45454;55537,86.861;86.861;84.716;84.716;84.082;84.082;81.894;81.894;81.335;80.006;80.006;79.784,0.1693968413978494,9.162972995922386e-07,0.2419547912000571,0,3,3,3,0.0,0.2419547912000571,0.0,0.7241364102878726,9.162972995922386e-07,264057.0820275574,10.96716440829084,2.0820075538565272,0.04237881964484881,False,20263726,100,0.9086403186638371,0.8510146618730837,0.19801980198019803,0.0891089108910891,49.08573588870968,10883.404317192855,37.40154422693337,55.83444299747339,66.93872111857515,8117.92305543168,11089.636451015329,11650.711927706532,8.6732661383665,3.0073233006925397,2.081542157423685,10883.404317192855,1395.1714021832904,1272287.795236844,0.008554200046512937,1305,0.04802287038716557,-1.445965571882522,1.4440828042107998,-4095.9999999999995,4090.666666666666,C:\Users\kimeu\Downloads\starlink_pathB_wsl_package_v0_3_clean\starlink_pathB\paper_final_experiment_check\outputs\coverage_null_global_stats_all_tle_full\11_10_lst044_typical_full_polybeam_smooth_S30_multi.npz,9.10175923472585,9444.443085672718,1.7798436919007438e-05,140609741.2109375,False,False,False,False,False,False,False,False,False,False,False,False
11_10,153.90399534464717,mid,typical,44,2461041.8055555555,2461041.8123785085,full_polybeam,smooth,1000.0,single,coherent_ab,3,33,1,57722,86.861,0.1693968413978494,9.162972995922386e-07,0.2419547912000571,0,3,3,3,0.0,0.2419547912000571,0.0,0.7241364102878726,9.162972995922386e-07,264057.0820275574,55.01048782886297,55.01048782886297,0.2328232557048157,False,20263743,100,0.8384690230205638,-1.7631095152708034,0.26732673267326734,0.9900990099009901,717.7985175985045,172674.1102190088,679.8613863677947,753.4484368895478,760.9540937501705,180998.27721509268,186506.9490478419,186732.57273448427,30.517817299897047,1.3650001684941466,1.2684258686585805,172674.1102190088,-48181.74243603894,1272287.795236844,0.13571937958177496,1305,0.04802287038716557,-1.445965571882522,1.4440828042107998,-4095.9999999999995,4090.666666666666,C:\Users\kimeu\Downloads\starlink_pathB_wsl_package_v0_3_clean\starlink_pathB\paper_final_experiment_check\outputs\coverage_null_global_stats_all_tle_full\11_10_lst044_typical_full_polybeam_smooth_S1000_single.npz,9.10175923472585,9444.443085672718,1.7798436919007438e-05,140609741.2109375,False,False,False,False,False,False,False,False,False,False,False,False
11_10,153.90399534464717,mid,typical,44,2461041.8055555555,2461041.8123785085,full_polybeam,smooth,1000.0,multi,coherent_ab,3,33,12,57722;57722;55172;55172;55550;55550;44436;44436;58038;45454;45454;55537,86.861;86.861;84.716;84.716;84.082;84.082;81.894;81.894;81.335;80.006;80.006;79.784,0.1693968413978494,9.162972995922386e-07,0.2419547912000571,0,3,3,3,0.0,0.2419547912000571,0.0,0.7241364102878726,9.162972995922386e-07,264057.0820275574,365.5721469430279,69.40025179521757,1.4126273214949605,False,20263760,100,1.3246716770505982,0.9879990823614383,0.1188118811881188,0.1485148514851485,1867.3824676120066,396982.58893142827,1343.4183806417257,2013.0841696684838,2343.187691891986,314644.719031996,410026.1972257069,425170.24630463903,266.7898325915113,3.250213589610461,1.8718825005313593,396982.58893142827,72318.73343196712,1272287.795236844,0.31202263388648444,1305,0.04802287038716557,-1.445965571882522,1.4440828042107998,-4095.9999999999995,4090.666666666666,C:\Users\kimeu\Downloads\starlink_pathB_wsl_package_v0_3_clean\starlink_pathB\paper_final_experiment_check\outputs\coverage_null_global_stats_all_tle_full\11_10_lst044_typical_full_polybeam_smooth_S1000_multi.npz,9.10175923472585,9444.443085672718,1.7798436919007438e-05,140609741.2109375,False,False,False,False,False,False,False,False,False,False,False,False
11_10,153.90399534464717,mid,typical,44,2461041.8055555555,2461041.8123785085,full_polybeam,lines,30.0,single,coherent_ab,3,33,1,57722,86.861,0.1693968413978494,9.162972995922386e-07,0.2419547912000571,0,3,3,3,0.0,0.2419547912000571,0.0,0.7241364102878726,9.162972995922386e-07,264057.0820275574,1.6502678009680791,1.6502678009680791,0.006991838320567138,False,20263777,100,1.5172933646054636,-1.350476373412236,0.0594059405940594,0.900990099009901,24.421180714683942,5098.479038097688,22.713045670278916,24.33804618502013,25.142931235713416,5215.236492940905,5299.540954391661,5303.36963813594,0.759326660397619,1.2284633917540124,1.1327220498163466,5098.479038097688,379.81893266524145,1272287.795236844,0.00400733156223398,1305,0.04802287038716557,-1.445965571882522,1.4440828042107998,-4095.9999999999995,4090.666666666666,C:\Users\kimeu\Downloads\starlink_pathB_wsl_package_v0_3_clean\starlink_pathB\paper_final_experiment_check\outputs\coverage_null_global_stats_all_tle_full\11_10_lst044_typical_full_polybeam_lines_S30_single.npz,9.10175923472585,9444.443085672718,1.7798436919007438e-05,140609741.2109375,False,False,False,False,False,False,False,False,False,False,False,False
11_10,153.90399534464717,mid,typical,44,2461041.8055555555,2461041.8123785085,full_polybeam,lines,30.0,multi,coherent_ab,3,33,12,57722;57722;55172;55172;55550;55550;44436;44436;58038;45454;45454;55537,86.861;86.861;84.716;84.716;84.082;84.082;81.894;81.894;81.335;80.006;80.006;79.784,0.1693968413978494,9.162972995922386e-07,0.2419547912000571,0,3,3,3,0.0,0.2419547912000571,0.0,0.7241364102878726,9.162972995922386e-07,264057.0820275574,10.96661313428927,2.0819484690450887,0.04242024126916735,False,20263794,100,0.724931703371585,0.8989580866174931,0.26732673267326734,0.1782178217821782,49.094719645681835,10885.543434923173,37.64834679585317,60.83889163029914,66.83070026371729,7789.844309410473,11461.120156588491,12443.380975711065,10.649931132582651,2.8010274567517746,1.9963839801587697,10885.543434923173,1392.2146996076358,1272287.795236844,0.008555881362437154,1305,0.04802287038716557,-1.445965571882522,1.4440828042107998,-4095.9999999999995,4090.666666666666,C:\Users\kimeu\Downloads\starlink_pathB_wsl_package_v0_3_clean\starlink_pathB\paper_final_experiment_check\outputs\coverage_null_global_stats_all_tle_full\11_10_lst044_typical_full_polybeam_lines_S30_multi.npz,9.10175923472585,9444.443085672718,1.7798436919007438e-05,140609741.2109375,False,False,False,False,False,False,False,False,False,False,False,False
11_10,153.90399534464717,mid,typical,44,2461041.8055555555,2461041.8123785085,full_polybeam,lines,1000.0,single,coherent_ab,3,33,1,57722,86.861,0.1693968413978494,9.162972995922386e-07,0.2419547912000571,0,3,3,3,0.0,0.2419547912000571,0.0,0.7241364102878726,9.162972995922386e-07,264057.0820275574,55.00892669893599,55.00892669893599,0.23306127735223794,False,20263811,100,0.6526947102427323,-1.5636375031776906,0.25742574257425743,0.9900990099009901,717.915315646545,172531.15397173795,693.2753714570638,749.9984420141346,751.2998296174485,180899.0317248915,186628.71838208122,186704.72463391724,25.4627690542236,1.22296140204642,1.0904445875324023,172531.15397173795,-48154.45056611751,1272287.795236844,0.13560701801719338,1305,0.04802287038716557,-1.445965571882522,1.4440828042107998,-4095.9999999999995,4090.666666666666,C:\Users\kimeu\Downloads\starlink_pathB_wsl_package_v0_3_clean\starlink_pathB\paper_final_experiment_check\outputs\coverage_null_global_stats_all_tle_full\11_10_lst044_typical_full_polybeam_lines_S1000_single.npz,9.10175923472585,9444.443085672718,1.7798436919007438e-05,140609741.2109375,False,False,False,False,False,False,False,False,False,False,False,False
11_10,153.90399534464717,mid,typical,44,2461041.8055555555,2461041.8123785085,full_polybeam,lines,1000.0,multi,coherent_ab,3,33,12,57722;57722;55172;55172;55550;55550;44436;44436;58038;45454;45454;55537,86.861;86.861;84.716;84.716;84.082;84.082;81.894;81.894;81.335;80.006;80.006;79.784,0.1693968413978494,9.162972995922386e-07,0.2419547912000571,0,3,3,3,0.0,0.2419547912000571,0.0,0.7241364102878726,9.162972995922386e-07,264057.0820275574,365.5537711429757,69.39828230150293,1.4140080423055785,False,20263828,100,1.502537071018175,1.0274369683486582,0.06930693069306931,0.10891089108910891,1868.9427053199406,397016.8483781779,1319.6439892259111,2000.1905267556524,2195.824135016564,296704.6203126383,411219.0586252142,415635.86692191387,246.58087666796678,4.6042216356927135,2.3466786026357265,397016.8483781779,72253.77297866065,1272287.795236844,0.3120495613213603,1305,0.04802287038716557,-1.445965571882522,1.4440828042107998,-4095.9999999999995,4090.666666666666,C:\Users\kimeu\Downloads\starlink_pathB_wsl_package_v0_3_clean\starlink_pathB\paper_final_experiment_check\outputs\coverage_null_global_stats_all_tle_full\11_10_lst044_typical_full_polybeam_lines_S1000_multi.npz,9.10175923472585,9444.443085672718,1.7798436919007438e-05,140609741.2109375,False,False,False,False,False,False,False,False,False,False,False,False
11_10,153.90399534464717,mid,typical,44,2461041.8055555555,2461041.8123785085,full_polybeam,khz_comb,30.0,single,coherent_ab,3,33,1,57722,86.861,0.1693968413978494,9.162972995922386e-07,0.2419547912000571,0,3,3,3,0.0,0.2419547912000571,0.0,0.7241364102878726,9.162972995922386e-07,264057.0820275574,1.3581345887183291,1.3581345887183291,0.006015256061862556,False,20263845,100,0.5560152325284768,-1.3553397844774904,0.2871287128712871,0.9702970297029703,20.270283488097448,4484.633397499574,19.537420360763463,21.004032660921553,21.18730629424476,4585.779955430169,4649.431334817679,4652.590192321435,0.8890213404766314,1.0795778114673835,0.9785726676537942,4484.633397499574,303.70731356685735,1272287.795236844,0.003524857673153056,1305,0.04802287038716557,-1.445965571882522,1.4440828042107998,-4095.9999999999995,4090.666666666666,C:\Users\kimeu\Downloads\starlink_pathB_wsl_package_v0_3_clean\starlink_pathB\paper_final_experiment_check\outputs\coverage_null_global_stats_all_tle_full\11_10_lst044_typical_full_polybeam_khz_comb_S30_single.npz,9.10175923472585,9444.443085672718,1.7798436919007438e-05,140609741.2109375,False,False,False,False,False,False,False,False,False,False,False,False
11_10,153.90399534464717,mid,typical,44,2461041.8055555555,2461041.8123785085,full_polybeam,khz_comb,30.0,multi,coherent_ab,3,33,12,57722;57722;55172;55172;55550;55550;44436;44436;58038;45454;45454;55537,86.861;86.861;84.716;84.716;84.082;84.082;81.894;81.894;81.335;80.006;80.006;79.784,0.1693968413978494,9.162972995922386e-07,0.2419547912000571,0,3,3,3,0.0,0.2419547912000571,0.0,0.7241364102878726,9.162972995922386e-07,264057.0820275574,9.025284629581815,1.713398410900704,0.03646723932766307,False,20263862,100,1.0719146642057213,0.9767981381634238,0.12871287128712872,0.09900990099009901,44.02886007713914,9539.96925227984,32.90399758542031,47.43564652208047,51.183307975576355,6776.511148229192,9824.70021907033,10165.17028252325,7.0001999241910084,3.042070771618332,2.0844919980579144,9539.96925227984,1210.830783309474,1272287.795236844,0.0074982793106994445,1305,0.04802287038716557,-1.445965571882522,1.4440828042107998,-4095.9999999999995,4090.666666666666,C:\Users\kimeu\Downloads\starlink_pathB_wsl_package_v0_3_clean\starlink_pathB\paper_final_experiment_check\outputs\coverage_null_global_stats_all_tle_full\11_10_lst044_typical_full_polybeam_khz_comb_S30_multi.npz,9.10175923472585,9444.443085672718,1.7798436919007438e-05,140609741.2109375,False,False,False,False,False,False,False,False,False,False,False,False
11_10,153.90399534464717,mid,typical,44,2461041.8055555555,2461041.8123785085,full_polybeam,khz_comb,1000.0,single,coherent_ab,3,33,1,57722,86.861,0.1693968413978494,9.162972995922386e-07,0.2419547912000571,0,3,3,3,0.0,0.2419547912000571,0.0,0.7241364102878726,9.162972995922386e-07,264057.0820275574,45.27115295727764,45.27115295727764,0.20050853539541855,False,20263879,100,0.5991418806329252,-3.0316108272928357,0.3069306930693069,0.9900990099009901,614.3959803696212,150632.42862455721,589.7991560470421,639.0007620714678,660.6185629463771,156880.00744577474,160757.94368970438,160883.4443070405,27.690153625253117,1.2838266943906234,1.184169996895018,150632.42862455721,-34327.353123188506,1272287.795236844,0.11839493327570283,1305,0.04802287038716557,-1.445965571882522,1.4440828042107998,-4095.9999999999995,4090.666666666666,C:\Users\kimeu\Downloads\starlink_pathB_wsl_package_v0_3_clean\starlink_pathB\paper_final_experiment_check\outputs\coverage_null_global_stats_all_tle_full\11_10_lst044_typical_full_polybeam_khz_comb_S1000_single.npz,9.10175923472585,9444.443085672718,1.7798436919007438e-05,140609741.2109375,False,False,False,False,False,False,False,False,False,False,False,False
11_10,153.90399534464717,mid,typical,44,2461041.8055555555,2461041.8123785085,full_polybeam,khz_comb,1000.0,multi,coherent_ab,3,33,12,57722;57722;55172;55172;55550;55550;44436;44436;58038;45454;45454;55537,86.861;86.861;84.716;84.716;84.082;84.082;81.894;81.894;81.335;80.006;80.006;79.784,0.1693968413978494,9.162972995922386e-07,0.2419547912000571,0,3,3,3,0.0,0.2419547912000571,0.0,0.7241364102878726,9.162972995922386e-07,264057.0820275574,300.84282098606053,57.1132803633568,1.215574644255436,False,20263896,100,1.4412511492133728,1.0045102184198038,0.06930693069306931,0.04950495049504951,1623.484884005999,345123.10994242027,1093.6700055841914,1636.966031120618,1823.3344210460775,256343.00049033941,340742.89101856045,363567.01658730296,247.94793046567042,3.664071645653893,2.3724396809840163,345123.10994242027,73217.22761000859,1272287.795236844,0.27126182553545086,1305,0.04802287038716557,-1.445965571882522,1.4440828042107998,-4095.9999999999995,4090.666666666666,C:\Users\kimeu\Downloads\starlink_pathB_wsl_package_v0_3_clean\starlink_pathB\paper_final_experiment_check\outputs\coverage_null_global_stats_all_tle_full\11_10_lst044_typical_full_polybeam_khz_comb_S1000_multi.npz,9.10175923472585,9444.443085672718,1.7798436919007438e-05,140609741.2109375,False,False,False,False,False,False,False,False,False,False,False,False
11_10,153.90399534464717,mid,stress,64,2461041.9444444445,2461041.951267397,frozen_polybeam,smooth,30.0,single,coherent_ab,2,9,1,51870,86.524,1.0,281210743945.93134,0.2812107439459313,0,2,2,2,0.0,0.2812107439459313,0.0,0.9963509766045548,281210743945.93134,0.0,0.7076992076031522,0.7076992076031522,0.0014768139409119673,False,20263933,100,,,1.0,1.0,0.0,0.0,0.0,0.0,0.0,0.0,0.0,0.0,0.0,,,0.0,0.0,0.0,0.0,1305,0.04802287038716557,-1.445965571882522,1.4440828042107998,-4095.9999999999995,4090.666666666666,C:\Users\kimeu\Downloads\starlink_pathB_wsl_package_v0_3_clean\starlink_pathB\paper_final_experiment_check\outputs\coverage_null_global_stats_all_tle_full\11_10_lst064_stress_frozen_polybeam_smooth_S30_single.npz,9.10175923472585,9444.443085672718,1.7798436919007438e-05,140609741.2109375,False,False,False,False,False,False,False,False,False,False,False,False
11_10,153.90399534464717,mid,stress,64,2461041.9444444445,2461041.951267397,frozen_polybeam,smooth,30.0,multi,coherent_ab,2,9,9,51870;57800;48417;48417;45222;51872;51872;56474;56474,86.524;83.588;82.197;82.197;81.702;79.581;79.581;72.726;72.726,1.0,281210743945.93134,0.2812107439459313,0,2,2,2,0.0,0.2812107439459313,0.0,0.9963509766045548,281210743945.93134,0.0,1.2053388594351757,0.7076992076031522,0.0031416707077355135,False,20263950,100,,,1.0,1.0,0.0,0.0,0.0,0.0,0.0,0.0,0.0,0.0,0.0,,,0.0,0.0,0.0,0.0,1305,0.04802287038716557,-1.445965571882522,1.4440828042107998,-4095.9999999999995,4090.666666666666,C:\Users\kimeu\Downloads\starlink_pathB_wsl_package_v0_3_clean\starlink_pathB\paper_final_experiment_check\outputs\coverage_null_global_stats_all_tle_full\11_10_lst064_stress_frozen_polybeam_smooth_S30_multi.npz,9.10175923472585,9444.443085672718,1.7798436919007438e-05,140609741.2109375,False,False,False,False,False,False,False,False,False,False,False,False
11_10,153.90399534464717,mid,stress,64,2461041.9444444445,2461041.951267397,frozen_polybeam,smooth,1000.0,single,coherent_ab,2,9,1,51870,86.524,1.0,281210743945.93134,0.2812107439459313,0,2,2,2,0.0,0.2812107439459313,0.0,0.9963509766045548,281210743945.93134,0.0,23.589973586771734,23.589973586771734,0.04922713136373224,False,20263967,100,,,1.0,1.0,0.0,0.0,0.0,0.0,0.0,0.0,0.0,0.0,0.0,,,0.0,0.0,0.0,0.0,1305,0.04802287038716557,-1.445965571882522,1.4440828042107998,-4095.9999999999995,4090.666666666666,C:\Users\kimeu\Downloads\starlink_pathB_wsl_package_v0_3_clean\starlink_pathB\paper_final_experiment_check\outputs\coverage_null_global_stats_all_tle_full\11_10_lst064_stress_frozen_polybeam_smooth_S1000_single.npz,9.10175923472585,9444.443085672718,1.7798436919007438e-05,140609741.2109375,False,False,False,False,False,False,False,False,False,False,False,False
11_10,153.90399534464717,mid,stress,64,2461041.9444444445,2461041.951267397,frozen_polybeam,smooth,1000.0,multi,coherent_ab,2,9,9,51870;57800;48417;48417;45222;51872;51872;56474;56474,86.524;83.588;82.197;82.197;81.702;79.581;79.581;72.726;72.726,1.0,281210743945.93134,0.2812107439459313,0,2,2,2,0.0,0.2812107439459313,0.0,0.9963509766045548,281210743945.93134,0.0,40.17796198117252,23.589973586771734,0.10472235692451712,False,20263984,100,,,1.0,1.0,0.0,0.0,0.0,0.0,0.0,0.0,0.0,0.0,0.0,,,0.0,0.0,0.0,0.0,1305,0.04802287038716557,-1.445965571882522,1.4440828042107998,-4095.9999999999995,4090.666666666666,C:\Users\kimeu\Downloads\starlink_pathB_wsl_package_v0_3_clean\starlink_pathB\paper_final_experiment_check\outputs\coverage_null_global_stats_all_tle_full\11_10_lst064_stress_frozen_polybeam_smooth_S1000_multi.npz,9.10175923472585,9444.443085672718,1.7798436919007438e-05,140609741.2109375,False,False,False,False,False,False,False,False,False,False,False,False
11_10,153.90399534464717,mid,stress,64,2461041.9444444445,2461041.951267397,frozen_polybeam,lines,30.0,single,coherent_ab,2,9,1,51870,86.524,1.0,281210743945.93134,0.2812107439459313,0,2,2,2,0.0,0.2812107439459313,0.0,0.9963509766045548,281210743945.93134,0.0,0.7076336479268117,0.7076336479268117,0.001477908939988559,False,20264001,100,,,1.0,1.0,0.0,0.0,0.0,0.0,0.0,0.0,0.0,0.0,0.0,,,0.0,0.0,0.0,0.0,1305,0.04802287038716557,-1.445965571882522,1.4440828042107998,-4095.9999999999995,4090.666666666666,C:\Users\kimeu\Downloads\starlink_pathB_wsl_package_v0_3_clean\starlink_pathB\paper_final_experiment_check\outputs\coverage_null_global_stats_all_tle_full\11_10_lst064_stress_frozen_polybeam_lines_S30_single.npz,9.10175923472585,9444.443085672718,1.7798436919007438e-05,140609741.2109375,False,False,False,False,False,False,False,False,False,False,False,False
11_10,153.90399534464717,mid,stress,64,2461041.9444444445,2461041.951267397,frozen_polybeam,lines,30.0,multi,coherent_ab,2,9,9,51870;57800;48417;48417;45222;51872;51872;56474;56474,86.524;83.588;82.197;82.197;81.702;79.581;79.581;72.726;72.726,1.0,281210743945.93134,0.2812107439459313,0,2,2,2,0.0,0.2812107439459313,0.0,0.9963509766045548,281210743945.93134,0.0,1.205259524308429,0.7076336479268117,0.003144631623204025,False,20264018,100,,,1.0,1.0,0.0,0.0,0.0,0.0,0.0,0.0,0.0,0.0,0.0,,,0.0,0.0,0.0,0.0,1305,0.04802287038716557,-1.445965571882522,1.4440828042107998,-4095.9999999999995,4090.666666666666,C:\Users\kimeu\Downloads\starlink_pathB_wsl_package_v0_3_clean\starlink_pathB\paper_final_experiment_check\outputs\coverage_null_global_stats_all_tle_full\11_10_lst064_stress_frozen_polybeam_lines_S30_multi.npz,9.10175923472585,9444.443085672718,1.7798436919007438e-05,140609741.2109375,False,False,False,False,False,False,False,False,False,False,False,False
11_10,153.90399534464717,mid,stress,64,2461041.9444444445,2461041.951267397,frozen_polybeam,lines,1000.0,single,coherent_ab,2,9,1,51870,86.524,1.0,281210743945.93134,0.2812107439459313,0,2,2,2,0.0,0.2812107439459313,0.0,0.9963509766045548,281210743945.93134,0.0,23.587788264227058,23.587788264227058,0.04926363133295197,False,20264035,100,,,1.0,1.0,0.0,0.0,0.0,0.0,0.0,0.0,0.0,0.0,0.0,,,0.0,0.0,0.0,0.0,1305,0.04802287038716557,-1.445965571882522,1.4440828042107998,-4095.9999999999995,4090.666666666666,C:\Users\kimeu\Downloads\starlink_pathB_wsl_package_v0_3_clean\starlink_pathB\paper_final_experiment_check\outputs\coverage_null_global_stats_all_tle_full\11_10_lst064_stress_frozen_polybeam_lines_S1000_single.npz,9.10175923472585,9444.443085672718,1.7798436919007438e-05,140609741.2109375,False,False,False,False,False,False,False,False,False,False,False,False
11_10,153.90399534464717,mid,stress,64,2461041.9444444445,2461041.951267397,frozen_polybeam,lines,1000.0,multi,coherent_ab,2,9,9,51870;57800;48417;48417;45222;51872;51872;56474;56474,86.524;83.588;82.197;82.197;81.702;79.581;79.581;72.726;72.726,1.0,281210743945.93134,0.2812107439459313,0,2,2,2,0.0,0.2812107439459313,0.0,0.9963509766045548,281210743945.93134,0.0,40.175317476947626,23.587788264227058,0.10482105410680082,False,20264052,100,,,1.0,1.0,0.0,0.0,0.0,0.0,0.0,0.0,0.0,0.0,0.0,,,0.0,0.0,0.0,0.0,1305,0.04802287038716557,-1.445965571882522,1.4440828042107998,-4095.9999999999995,4090.666666666666,C:\Users\kimeu\Downloads\starlink_pathB_wsl_package_v0_3_clean\starlink_pathB\paper_final_experiment_check\outputs\coverage_null_global_stats_all_tle_full\11_10_lst064_stress_frozen_polybeam_lines_S1000_multi.npz,9.10175923472585,9444.443085672718,1.7798436919007438e-05,140609741.2109375,False,False,False,False,False,False,False,False,False,False,False,False
11_10,153.90399534464717,mid,stress,64,2461041.9444444445,2461041.951267397,frozen_polybeam,khz_comb,30.0,single,coherent_ab,2,9,1,51870,86.524,1.0,281210743945.93134,0.2812107439459313,0,2,2,2,0.0,0.2812107439459313,0.0,0.9963509766045548,281210743945.93134,0.0,0.5823671363075459,0.5823671363075459,0.001318262915427418,False,20264069,100,,,1.0,1.0,0.0,0.0,0.0,0.0,0.0,0.0,0.0,0.0,0.0,,,0.0,0.0,0.0,0.0,1305,0.04802287038716557,-1.445965571882522,1.4440828042107998,-4095.9999999999995,4090.666666666666,C:\Users\kimeu\Downloads\starlink_pathB_wsl_package_v0_3_clean\starlink_pathB\paper_final_experiment_check\outputs\coverage_null_global_stats_all_tle_full\11_10_lst064_stress_frozen_polybeam_khz_comb_S30_single.npz,9.10175923472585,9444.443085672718,1.7798436919007438e-05,140609741.2109375,False,False,False,False,False,False,False,False,False,False,False,False
11_10,153.90399534464717,mid,stress,64,2461041.9444444445,2461041.951267397,frozen_polybeam,khz_comb,30.0,multi,coherent_ab,2,9,9,51870;57800;48417;48417;45222;51872;51872;56474;56474,86.524;83.588;82.197;82.197;81.702;79.581;79.581;72.726;72.726,1.0,281210743945.93134,0.2812107439459313,0,2,2,2,0.0,0.2812107439459313,0.0,0.9963509766045548,281210743945.93134,0.0,0.9948613586777784,0.5823671363075459,0.0027970635589455303,False,20264086,100,,,1.0,1.0,0.0,0.0,0.0,0.0,0.0,0.0,0.0,0.0,0.0,,,0.0,0.0,0.0,0.0,1305,0.04802287038716557,-1.445965571882522,1.4440828042107998,-4095.9999999999995,4090.666666666666,C:\Users\kimeu\Downloads\starlink_pathB_wsl_package_v0_3_clean\starlink_pathB\paper_final_experiment_check\outputs\coverage_null_global_stats_all_tle_full\11_10_lst064_stress_frozen_polybeam_khz_comb_S30_multi.npz,9.10175923472585,9444.443085672718,1.7798436919007438e-05,140609741.2109375,False,False,False,False,False,False,False,False,False,False,False,False
11_10,153.90399534464717,mid,stress,64,2461041.9444444445,2461041.951267397,frozen_polybeam,khz_comb,1000.0,single,coherent_ab,2,9,1,51870,86.524,1.0,281210743945.93134,0.2812107439459313,0,2,2,2,0.0,0.2812107439459313,0.0,0.9963509766045548,281210743945.93134,0.0,19.412237876918194,19.412237876918194,0.04394209718091392,False,20264103,100,,,1.0,1.0,0.0,0.0,0.0,0.0,0.0,0.0,0.0,0.0,0.0,,,0.0,0.0,0.0,0.0,1305,0.04802287038716557,-1.445965571882522,1.4440828042107998,-4095.9999999999995,4090.666666666666,C:\Users\kimeu\Downloads\starlink_pathB_wsl_package_v0_3_clean\starlink_pathB\paper_final_experiment_check\outputs\coverage_null_global_stats_all_tle_full\11_10_lst064_stress_frozen_polybeam_khz_comb_S1000_single.npz,9.10175923472585,9444.443085672718,1.7798436919007438e-05,140609741.2109375,False,False,False,False,False,False,False,False,False,False,False,False
11_10,153.90399534464717,mid,stress,64,2461041.9444444445,2461041.951267397,frozen_polybeam,khz_comb,1000.0,multi,coherent_ab,2,9,9,51870;57800;48417;48417;45222;51872;51872;56474;56474,86.524;83.588;82.197;82.197;81.702;79.581;79.581;72.726;72.726,1.0,281210743945.93134,0.2812107439459313,0,2,2,2,0.0,0.2812107439459313,0.0,0.9963509766045548,281210743945.93134,0.0,33.162045289259275,19.412237876918194,0.09323545196485099,False,20264120,100,,,1.0,1.0,0.0,0.0,0.0,0.0,0.0,0.0,0.0,0.0,0.0,,,0.0,0.0,0.0,0.0,1305,0.04802287038716557,-1.445965571882522,1.4440828042107998,-4095.9999999999995,4090.666666666666,C:\Users\kimeu\Downloads\starlink_pathB_wsl_package_v0_3_clean\starlink_pathB\paper_final_experiment_check\outputs\coverage_null_global_stats_all_tle_full\11_10_lst064_stress_frozen_polybeam_khz_comb_S1000_multi.npz,9.10175923472585,9444.443085672718,1.7798436919007438e-05,140609741.2109375,False,False,False,False,False,False,False,False,False,False,False,False
11_10,153.90399534464717,mid,stress,64,2461041.9444444445,2461041.951267397,full_polybeam,smooth,30.0,single,coherent_ab,2,9,1,51870,86.524,1.0,281210743945.93134,0.2812107439459313,0,2,2,2,0.0,0.2812107439459313,0.0,0.9963509766045548,281210743945.93134,0.0,0.9993907150581431,0.9993907150581431,0.0019129922007584375,False,20264137,100,,,1.0,1.0,0.0,0.0,0.0,0.0,0.0,0.0,0.0,0.0,0.0,,,0.0,0.0,0.0,0.0,1305,0.04802287038716557,-1.445965571882522,1.4440828042107998,-4095.9999999999995,4090.666666666666,C:\Users\kimeu\Downloads\starlink_pathB_wsl_package_v0_3_clean\starlink_pathB\paper_final_experiment_check\outputs\coverage_null_global_stats_all_tle_full\11_10_lst064_stress_full_polybeam_smooth_S30_single.npz,9.10175923472585,9444.443085672718,1.7798436919007438e-05,140609741.2109375,False,False,False,False,False,False,False,False,False,False,False,False
11_10,153.90399534464717,mid,stress,64,2461041.9444444445,2461041.951267397,full_polybeam,smooth,30.0,multi,coherent_ab,2,9,9,51870;57800;48417;48417;45222;51872;51872;56474;56474,86.524;83.588;82.197;82.197;81.702;79.581;79.581;72.726;72.726,1.0,281210743945.93134,0.2812107439459313,0,2,2,2,0.0,0.2812107439459313,0.0,0.9963509766045548,281210743945.93134,0.0,2.2996995785234535,0.9993907150581431,0.005276337167406765,False,20264154,100,,,1.0,1.0,0.0,0.0,0.0,0.0,0.0,0.0,0.0,0.0,0.0,,,0.0,0.0,0.0,0.0,1305,0.04802287038716557,-1.445965571882522,1.4440828042107998,-4095.9999999999995,4090.666666666666,C:\Users\kimeu\Downloads\starlink_pathB_wsl_package_v0_3_clean\starlink_pathB\paper_final_experiment_check\outputs\coverage_null_global_stats_all_tle_full\11_10_lst064_stress_full_polybeam_smooth_S30_multi.npz,9.10175923472585,9444.443085672718,1.7798436919007438e-05,140609741.2109375,False,False,False,False,False,False,False,False,False,False,False,False
11_10,153.90399534464717,mid,stress,64,2461041.9444444445,2461041.951267397,full_polybeam,smooth,1000.0,single,coherent_ab,2,9,1,51870,86.524,1.0,281210743945.93134,0.2812107439459313,0,2,2,2,0.0,0.2812107439459313,0.0,0.9963509766045548,281210743945.93134,0.0,33.31302383527144,33.31302383527144,0.0637664066919479,False,20264171,100,,,1.0,1.0,0.0,0.0,0.0,0.0,0.0,0.0,0.0,0.0,0.0,,,0.0,0.0,0.0,0.0,1305,0.04802287038716557,-1.445965571882522,1.4440828042107998,-4095.9999999999995,4090.666666666666,C:\Users\kimeu\Downloads\starlink_pathB_wsl_package_v0_3_clean\starlink_pathB\paper_final_experiment_check\outputs\coverage_null_global_stats_all_tle_full\11_10_lst064_stress_full_polybeam_smooth_S1000_single.npz,9.10175923472585,9444.443085672718,1.7798436919007438e-05,140609741.2109375,False,False,False,False,False,False,False,False,False,False,False,False
11_10,153.90399534464717,mid,stress,64,2461041.9444444445,2461041.951267397,full_polybeam,smooth,1000.0,multi,coherent_ab,2,9,9,51870;57800;48417;48417;45222;51872;51872;56474;56474,86.524;83.588;82.197;82.197;81.702;79.581;79.581;72.726;72.726,1.0,281210743945.93134,0.2812107439459313,0,2,2,2,0.0,0.2812107439459313,0.0,0.9963509766045548,281210743945.93134,0.0,76.65665261744844,33.31302383527144,0.1758779055802255,False,20264188,100,,,1.0,1.0,0.0,0.0,0.0,0.0,0.0,0.0,0.0,0.0,0.0,,,0.0,0.0,0.0,0.0,1305,0.04802287038716557,-1.445965571882522,1.4440828042107998,-4095.9999999999995,4090.666666666666,C:\Users\kimeu\Downloads\starlink_pathB_wsl_package_v0_3_clean\starlink_pathB\paper_final_experiment_check\outputs\coverage_null_global_stats_all_tle_full\11_10_lst064_stress_full_polybeam_smooth_S1000_multi.npz,9.10175923472585,9444.443085672718,1.7798436919007438e-05,140609741.2109375,False,False,False,False,False,False,False,False,False,False,False,False
11_10,153.90399534464717,mid,stress,64,2461041.9444444445,2461041.951267397,full_polybeam,lines,30.0,single,coherent_ab,2,9,1,51870,86.524,1.0,281210743945.93134,0.2812107439459313,0,2,2,2,0.0,0.2812107439459313,0.0,0.9963509766045548,281210743945.93134,0.0,0.9992981337310582,0.9992981337310582,0.0019142663902390038,False,20264205,100,,,1.0,1.0,0.0,0.0,0.0,0.0,0.0,0.0,0.0,0.0,0.0,,,0.0,0.0,0.0,0.0,1305,0.04802287038716557,-1.445965571882522,1.4440828042107998,-4095.9999999999995,4090.666666666666,C:\Users\kimeu\Downloads\starlink_pathB_wsl_package_v0_3_clean\starlink_pathB\paper_final_experiment_check\outputs\coverage_null_global_stats_all_tle_full\11_10_lst064_stress_full_polybeam_lines_S30_single.npz,9.10175923472585,9444.443085672718,1.7798436919007438e-05,140609741.2109375,False,False,False,False,False,False,False,False,False,False,False,False
11_10,153.90399534464717,mid,stress,64,2461041.9444444445,2461041.951267397,full_polybeam,lines,30.0,multi,coherent_ab,2,9,9,51870;57800;48417;48417;45222;51872;51872;56474;56474,86.524;83.588;82.197;82.197;81.702;79.581;79.581;72.726;72.726,1.0,281210743945.93134,0.2812107439459313,0,2,2,2,0.0,0.2812107439459313,0.0,0.9963509766045548,281210743945.93134,0.0,2.2995097865970715,0.9992981337310582,0.0052803043246355385,False,20264222,100,,,1.0,1.0,0.0,0.0,0.0,0.0,0.0,0.0,0.0,0.0,0.0,,,0.0,0.0,0.0,0.0,1305,0.04802287038716557,-1.445965571882522,1.4440828042107998,-4095.9999999999995,4090.666666666666,C:\Users\kimeu\Downloads\starlink_pathB_wsl_package_v0_3_clean\starlink_pathB\paper_final_experiment_check\outputs\coverage_null_global_stats_all_tle_full\11_10_lst064_stress_full_polybeam_lines_S30_multi.npz,9.10175923472585,9444.443085672718,1.7798436919007438e-05,140609741.2109375,False,False,False,False,False,False,False,False,False,False,False,False
11_10,153.90399534464717,mid,stress,64,2461041.9444444445,2461041.951267397,full_polybeam,lines,1000.0,single,coherent_ab,2,9,1,51870,86.524,1.0,281210743945.93134,0.2812107439459313,0,2,2,2,0.0,0.2812107439459313,0.0,0.9963509766045548,281210743945.93134,0.0,33.309937791035274,33.309937791035274,0.06380887967463346,False,20264239,100,,,1.0,1.0,0.0,0.0,0.0,0.0,0.0,0.0,0.0,0.0,0.0,,,0.0,0.0,0.0,0.0,1305,0.04802287038716557,-1.445965571882522,1.4440828042107998,-4095.9999999999995,4090.666666666666,C:\Users\kimeu\Downloads\starlink_pathB_wsl_package_v0_3_clean\starlink_pathB\paper_final_experiment_check\outputs\coverage_null_global_stats_all_tle_full\11_10_lst064_stress_full_polybeam_lines_S1000_single.npz,9.10175923472585,9444.443085672718,1.7798436919007438e-05,140609741.2109375,False,False,False,False,False,False,False,False,False,False,False,False
11_10,153.90399534464717,mid,stress,64,2461041.9444444445,2461041.951267397,full_polybeam,lines,1000.0,multi,coherent_ab,2,9,9,51870;57800;48417;48417;45222;51872;51872;56474;56474,86.524;83.588;82.197;82.197;81.702;79.581;79.581;72.726;72.726,1.0,281210743945.93134,0.2812107439459313,0,2,2,2,0.0,0.2812107439459313,0.0,0.9963509766045548,281210743945.93134,0.0,76.65032621990238,33.309937791035274,0.17601014415451793,False,20264256,100,,,1.0,1.0,0.0,0.0,0.0,0.0,0.0,0.0,0.0,0.0,0.0,,,0.0,0.0,0.0,0.0,1305,0.04802287038716557,-1.445965571882522,1.4440828042107998,-4095.9999999999995,4090.666666666666,C:\Users\kimeu\Downloads\starlink_pathB_wsl_package_v0_3_clean\starlink_pathB\paper_final_experiment_check\outputs\coverage_null_global_stats_all_tle_full\11_10_lst064_stress_full_polybeam_lines_S1000_multi.npz,9.10175923472585,9444.443085672718,1.7798436919007438e-05,140609741.2109375,False,False,False,False,False,False,False,False,False,False,False,False
11_10,153.90399534464717,mid,stress,64,2461041.9444444445,2461041.951267397,full_polybeam,khz_comb,30.0,single,coherent_ab,2,9,1,51870,86.524,1.0,281210743945.93134,0.2812107439459313,0,2,2,2,0.0,0.2812107439459313,0.0,0.9963509766045548,281210743945.93134,0.0,0.8224006788871936,0.8224006788871936,0.0016635944447622889,False,20264273,100,,,1.0,1.0,0.0,0.0,0.0,0.0,0.0,0.0,0.0,0.0,0.0,,,0.0,0.0,0.0,0.0,1305,0.04802287038716557,-1.445965571882522,1.4440828042107998,-4095.9999999999995,4090.666666666666,C:\Users\kimeu\Downloads\starlink_pathB_wsl_package_v0_3_clean\starlink_pathB\paper_final_experiment_check\outputs\coverage_null_global_stats_all_tle_full\11_10_lst064_stress_full_polybeam_khz_comb_S30_single.npz,9.10175923472585,9444.443085672718,1.7798436919007438e-05,140609741.2109375,False,False,False,False,False,False,False,False,False,False,False,False
11_10,153.90399534464717,mid,stress,64,2461041.9444444445,2461041.951267397,full_polybeam,khz_comb,30.0,multi,coherent_ab,2,9,9,51870;57800;48417;48417;45222;51872;51872;56474;56474,86.524;83.588;82.197;82.197;81.702;79.581;79.581;72.726;72.726,1.0,281210743945.93134,0.2812107439459313,0,2,2,2,0.0,0.2812107439459313,0.0,0.9963509766045548,281210743945.93134,0.0,1.892446654077446,0.8224006788871936,0.004517069595699094,False,20264290,100,,,1.0,1.0,0.0,0.0,0.0,0.0,0.0,0.0,0.0,0.0,0.0,,,0.0,0.0,0.0,0.0,1305,0.04802287038716557,-1.445965571882522,1.4440828042107998,-4095.9999999999995,4090.666666666666,C:\Users\kimeu\Downloads\starlink_pathB_wsl_package_v0_3_clean\starlink_pathB\paper_final_experiment_check\outputs\coverage_null_global_stats_all_tle_full\11_10_lst064_stress_full_polybeam_khz_comb_S30_multi.npz,9.10175923472585,9444.443085672718,1.7798436919007438e-05,140609741.2109375,False,False,False,False,False,False,False,False,False,False,False,False
11_10,153.90399534464717,mid,stress,64,2461041.9444444445,2461041.951267397,full_polybeam,khz_comb,1000.0,single,coherent_ab,2,9,1,51870,86.524,1.0,281210743945.93134,0.2812107439459313,0,2,2,2,0.0,0.2812107439459313,0.0,0.9963509766045548,281210743945.93134,0.0,27.413355962906454,27.413355962906454,0.05545314815874295,False,20264307,100,,,1.0,1.0,0.0,0.0,0.0,0.0,0.0,0.0,0.0,0.0,0.0,,,0.0,0.0,0.0,0.0,1305,0.04802287038716557,-1.445965571882522,1.4440828042107998,-4095.9999999999995,4090.666666666666,C:\Users\kimeu\Downloads\starlink_pathB_wsl_package_v0_3_clean\starlink_pathB\paper_final_experiment_check\outputs\coverage_null_global_stats_all_tle_full\11_10_lst064_stress_full_polybeam_khz_comb_S1000_single.npz,9.10175923472585,9444.443085672718,1.7798436919007438e-05,140609741.2109375,False,False,False,False,False,False,False,False,False,False,False,False
11_10,153.90399534464717,mid,stress,64,2461041.9444444445,2461041.951267397,full_polybeam,khz_comb,1000.0,multi,coherent_ab,2,9,9,51870;57800;48417;48417;45222;51872;51872;56474;56474,86.524;83.588;82.197;82.197;81.702;79.581;79.581;72.726;72.726,1.0,281210743945.93134,0.2812107439459313,0,2,2,2,0.0,0.2812107439459313,0.0,0.9963509766045548,281210743945.93134,0.0,63.08155513591487,27.413355962906454,0.1505689865233031,False,20264324,100,,,1.0,1.0,0.0,0.0,0.0,0.0,0.0,0.0,0.0,0.0,0.0,,,0.0,0.0,0.0,0.0,1305,0.04802287038716557,-1.445965571882522,1.4440828042107998,-4095.9999999999995,4090.666666666666,C:\Users\kimeu\Downloads\starlink_pathB_wsl_package_v0_3_clean\starlink_pathB\paper_final_experiment_check\outputs\coverage_null_global_stats_all_tle_full\11_10_lst064_stress_full_polybeam_khz_comb_S1000_multi.npz,9.10175923472585,9444.443085672718,1.7798436919007438e-05,140609741.2109375,False,False,False,False,False,False,False,False,False,False,False,False
157_146,140.36979839670377,mid,quiet,16,2461041.611111111,2461041.6179340645,frozen_polybeam,smooth,30.0,single,coherent_ab,2,12,1,54789,86.016,0.1657426075268817,1.2547272640388289e-08,0.0212303841364464,0,2,2,2,0.0,0.0212303841364464,0.0,0.0519940798441188,1.2547272640388289e-08,1692031.786103713,0.5552679732925958,0.5552679732925958,0.0008756629769652131,False,20264293,100,0.8202364604971478,-0.774508962865738,0.039603960396039604,0.8712871287128713,7.831207156606979,732.9771087557677,6.669424265854104,7.7449995435254095,7.87541406771641,754.6572996813911,782.895627846365,783.6743184409812,0.955348685494755,1.4199844253103275,1.2401577277180267,732.9771087557677,-152.8908680101971,7185194.357100749,0.00010201214780382454,1323,0.043799776734723475,-1.445965571882522,1.4440828042107998,-4095.9999999999995,4090.666666666666,C:\Users\kimeu\Downloads\starlink_pathB_wsl_package_v0_3_clean\starlink_pathB\paper_final_experiment_check\outputs\coverage_null_global_stats_all_tle_full\157_146_lst016_quiet_frozen_polybeam_smooth_S30_single.npz,9.10175923472585,9444.443085672718,1.7798436919007438e-05,140609741.2109375,False,False,True,False,False,False,False,False,False,False,False,False
157_146,140.36979839670377,mid,quiet,16,2461041.611111111,2461041.6179340645,frozen_polybeam,smooth,30.0,multi,coherent_ab,2,12,12,54789;52869;52869;58387;46128;44537;54377;54377;54377;54377;58045;58045,86.016;83.672;83.672;79.961;79.673;70.729;70.455;70.455;70.455;70.455;70.439;70.439,0.1657426075268817,1.2547272640388289e-08,0.0212303841364464,0,2,2,2,0.0,0.0212303841364464,0.0,0.0519940798441188,1.2547272640388289e-08,1692031.786103713,1.2260719384250016,0.5552679732925958,0.0028542961755071705,False,20264310,100,1.4751016910106245,0.9781952451989282,0.04950495049504951,0.1485148514851485,8.827716601274005,1091.020432645623,6.7979470327791205,8.646468553998783,9.266500246025862,963.2483148060885,1179.9734997402345,1264.877616346935,0.928112838701054,3.0122558212269257,1.7710644600586973,1091.020432645623,-98.6759367880982,7185194.357100749,0.00015184285607631825,1323,0.043799776734723475,-1.445965571882522,1.4440828042107998,-4095.9999999999995,4090.666666666666,C:\Users\kimeu\Downloads\starlink_pathB_wsl_package_v0_3_clean\starlink_pathB\paper_final_experiment_check\outputs\coverage_null_global_stats_all_tle_full\157_146_lst016_quiet_frozen_polybeam_smooth_S30_multi.npz,9.10175923472585,9444.443085672718,1.7798436919007438e-05,140609741.2109375,False,False,True,False,False,False,False,False,False,False,False,False
157_146,140.36979839670377,mid,quiet,16,2461041.611111111,2461041.6179340645,frozen_polybeam,smooth,1000.0,single,coherent_ab,2,12,1,54789,86.016,0.1657426075268817,1.2547272640388289e-08,0.0212303841364464,0,2,2,2,0.0,0.0212303841364464,0.0,0.0519940798441188,1.2547272640388289e-08,1692031.786103713,18.508932443086525,18.508932443086525,0.029188765898840445,False,20264327,100,0.8592593405382019,-0.8889133869163587,0.04950495049504951,0.8613861386138614,258.79077800669984,24475.47491448239,212.5780479755249,257.0688326811669,260.33465891484565,25132.07913656861,26147.80581039359,26188.495238912434,36.275496704744,0.9819367582881561,0.8950826973484238,24475.47491448239,-5359.356671521331,7185194.357100749,0.0034063761810833367,1323,0.043799776734723475,-1.445965571882522,1.4440828042107998,-4095.9999999999995,4090.666666666666,C:\Users\kimeu\Downloads\starlink_pathB_wsl_package_v0_3_clean\starlink_pathB\paper_final_experiment_check\outputs\coverage_null_global_stats_all_tle_full\157_146_lst016_quiet_frozen_polybeam_smooth_S1000_single.npz,9.10175923472585,9444.443085672718,1.7798436919007438e-05,140609741.2109375,False,False,True,False,False,False,False,False,False,False,False,False
157_146,140.36979839670377,mid,quiet,16,2461041.611111111,2461041.6179340645,frozen_polybeam,smooth,1000.0,multi,coherent_ab,2,12,12,54789;52869;52869;58387;46128;44537;54377;54377;54377;54377;58045;58045,86.016;83.672;83.672;79.961;79.673;70.729;70.455;70.455;70.455;70.455;70.439;70.439,0.1657426075268817,1.2547272640388289e-08,0.0212303841364464,0,2,2,2,0.0,0.0212303841364464,0.0,0.0519940798441188,1.2547272640388289e-08,1692031.786103713,40.86906461416671,18.508932443086525,0.09514320585023904,False,20264344,100,1.590824896366486,0.9796724178106982,0.039603960396039604,0.18811881188118812,291.0680057521531,36386.15926121462,230.90126411484016,287.55479737240637,306.0180260243375,32304.682344969908,40162.37509961673,41770.107492857045,25.509979982633013,3.101913530595769,1.5849627699421331,36386.15926121462,-3534.306301531731,7185194.357100749,0.00506404662878132,1323,0.043799776734723475,-1.445965571882522,1.4440828042107998,-4095.9999999999995,4090.666666666666,C:\Users\kimeu\Downloads\starlink_pathB_wsl_package_v0_3_clean\starlink_pathB\paper_final_experiment_check\outputs\coverage_null_global_stats_all_tle_full\157_146_lst016_quiet_frozen_polybeam_smooth_S1000_multi.npz,9.10175923472585,9444.443085672718,1.7798436919007438e-05,140609741.2109375,False,False,True,False,False,False,False,False,False,False,False,False
157_146,140.36979839670377,mid,quiet,16,2461041.611111111,2461041.6179340645,frozen_polybeam,lines,30.0,single,coherent_ab,2,12,1,54789,86.016,0.1657426075268817,1.2547272640388289e-08,0.0212303841364464,0,2,2,2,0.0,0.0212303841364464,0.0,0.0519940798441188,1.2547272640388289e-08,1692031.786103713,0.5552679344675452,0.5552679344675452,0.0008763918547621951,False,20264361,100,1.0223955789603683,-0.9198169487849869,0.0594059405940594,0.8712871287128713,7.884689534857898,732.5897959311674,6.558303774201704,7.863324594683763,7.942728952836042,759.8941417764404,783.0421088685335,783.940785410759,0.8750379573957616,1.1887260988741462,1.0820840245205026,732.5897959311674,-153.11838122723367,7185194.357100749,0.00010195824351044693,1323,0.043799776734723475,-1.445965571882522,1.4440828042107998,-4095.9999999999995,4090.666666666666,C:\Users\kimeu\Downloads\starlink_pathB_wsl_package_v0_3_clean\starlink_pathB\paper_final_experiment_check\outputs\coverage_null_global_stats_all_tle_full\157_146_lst016_quiet_frozen_polybeam_lines_S30_single.npz,9.10175923472585,9444.443085672718,1.7798436919007438e-05,140609741.2109375,False,False,False,False,False,False,False,False,False,False,False,False
157_146,140.36979839670377,mid,quiet,16,2461041.611111111,2461041.6179340645,frozen_polybeam,lines,30.0,multi,coherent_ab,2,12,12,54789;52869;52869;58387;46128;44537;54377;54377;54377;54377;58045;58045,86.016;83.672;83.672;79.961;79.673;70.729;70.455;70.455;70.455;70.455;70.439;70.439,0.1657426075268817,1.2547272640388289e-08,0.0212303841364464,0,2,2,2,0.0,0.0212303841364464,0.0,0.0519940798441188,1.2547272640388289e-08,1692031.786103713,1.226065274204192,0.5552679344675452,0.0028568154372513132,False,20264378,100,1.7544244345415279,0.9907893650724947,0.019801980198019802,0.1782178217821782,8.865077047623345,1090.5345017585973,6.558363176050989,8.372800926016499,8.866322621277652,961.6403115611212,1248.465274182563,1293.3044990013502,0.8868191530509648,2.5098013994273543,1.6965286434458537,1090.5345017585973,-98.87683755247605,7185194.357100749,0.0001517752266062058,1323,0.043799776734723475,-1.445965571882522,1.4440828042107998,-4095.9999999999995,4090.666666666666,C:\Users\kimeu\Downloads\starlink_pathB_wsl_package_v0_3_clean\starlink_pathB\paper_final_experiment_check\outputs\coverage_null_global_stats_all_tle_full\157_146_lst016_quiet_frozen_polybeam_lines_S30_multi.npz,9.10175923472585,9444.443085672718,1.7798436919007438e-05,140609741.2109375,False,False,True,False,False,False,False,False,False,False,False,False
157_146,140.36979839670377,mid,quiet,16,2461041.611111111,2461041.6179340645,frozen_polybeam,lines,1000.0,single,coherent_ab,2,12,1,54789,86.016,0.1657426075268817,1.2547272640388289e-08,0.0212303841364464,0,2,2,2,0.0,0.0212303841364464,0.0,0.0519940798441188,1.2547272640388289e-08,1692031.786103713,18.508931148918172,18.508931148918172,0.02921306182540651,False,20264395,100,0.9868807779508618,-0.710860700244924,0.0594059405940594,0.8415841584158416,260.5781500087687,24462.688904499963,216.3756279252666,259.34251767637306,262.81479943138487,25037.47868181071,26169.977734869753,26226.959828575364,30.21053136001683,1.0817781437627754,0.9535983544935106,24462.688904499963,-5366.924079235045,7185194.357100749,0.0034045966871201995,1323,0.043799776734723475,-1.445965571882522,1.4440828042107998,-4095.9999999999995,4090.666666666666,C:\Users\kimeu\Downloads\starlink_pathB_wsl_package_v0_3_clean\starlink_pathB\paper_final_experiment_check\outputs\coverage_null_global_stats_all_tle_full\157_146_lst016_quiet_frozen_polybeam_lines_S1000_single.npz,9.10175923472585,9444.443085672718,1.7798436919007438e-05,140609741.2109375,False,False,False,False,False,False,False,False,False,False,False,False
157_146,140.36979839670377,mid,quiet,16,2461041.611111111,2461041.6179340645,frozen_polybeam,lines,1000.0,multi,coherent_ab,2,12,12,54789;52869;52869;58387;46128;44537;54377;54377;54377;54377;58045;58045,86.016;83.672;83.672;79.961;79.673;70.729;70.455;70.455;70.455;70.455;70.439;70.439,0.1657426075268817,1.2547272640388289e-08,0.0212303841364464,0,2,2,2,0.0,0.0212303841364464,0.0,0.0519940798441188,1.2547272640388289e-08,1692031.786103713,40.86884247347307,18.508931148918172,0.09522718124171045,False,20264412,100,1.5889746099594988,0.826612970054853,0.04950495049504951,0.22772277227722773,292.3228876162939,36370.51894158377,223.54518846139035,286.5313036359979,307.1406146792215,32301.088110406425,40711.3977466936,42524.300658047636,29.194879671001218,2.2648221755498605,1.502745998958914,36370.51894158377,-3540.7649709288035,7185194.357100749,0.005061869886044307,1323,0.043799776734723475,-1.445965571882522,1.4440828042107998,-4095.9999999999995,4090.666666666666,C:\Users\kimeu\Downloads\starlink_pathB_wsl_package_v0_3_clean\starlink_pathB\paper_final_experiment_check\outputs\coverage_null_global_stats_all_tle_full\157_146_lst016_quiet_frozen_polybeam_lines_S1000_multi.npz,9.10175923472585,9444.443085672718,1.7798436919007438e-05,140609741.2109375,False,False,True,False,False,False,False,False,False,False,False,False
157_146,140.36979839670377,mid,quiet,16,2461041.611111111,2461041.6179340645,frozen_polybeam,khz_comb,30.0,single,coherent_ab,2,12,1,54789,86.016,0.1657426075268817,1.2547272640388289e-08,0.0212303841364464,0,2,2,2,0.0,0.0212303841364464,0.0,0.0519940798441188,1.2547272640388289e-08,1692031.786103713,0.4569734605281452,0.4569734605281452,0.0007746071062716143,False,20264429,100,0.24320264762607038,-0.8483010737133208,0.40594059405940597,0.7920792079207921,6.960989901859648,690.121392141536,6.678832751145819,7.520324305981921,7.527433852671675,710.7822826922932,734.2924063802598,734.5815162989041,0.7825259828969138,1.0840732892932,0.983980467815677,690.121392141536,-138.41172827229764,7185194.357100749,9.604770001239081e-05,1323,0.043799776734723475,-1.445965571882522,1.4440828042107998,-4095.9999999999995,4090.666666666666,C:\Users\kimeu\Downloads\starlink_pathB_wsl_package_v0_3_clean\starlink_pathB\paper_final_experiment_check\outputs\coverage_null_global_stats_all_tle_full\157_146_lst016_quiet_frozen_polybeam_khz_comb_S30_single.npz,9.10175923472585,9444.443085672718,1.7798436919007438e-05,140609741.2109375,False,False,False,False,False,False,False,False,False,False,False,False
157_146,140.36979839670377,mid,quiet,16,2461041.611111111,2461041.6179340645,frozen_polybeam,khz_comb,30.0,multi,coherent_ab,2,12,12,54789;52869;52869;58387;46128;44537;54377;54377;54377;54377;58045;58045,86.016;83.672;83.672;79.961;79.673;70.729;70.455;70.455;70.455;70.455;70.439;70.439,0.1657426075268817,1.2547272640388289e-08,0.0212303841364464,0,2,2,2,0.0,0.0212303841364464,0.0,0.0519940798441188,1.2547272640388289e-08,1692031.786103713,1.023288046018201,0.4569734605281452,0.002542577578634205,False,20264446,100,0.7327488609963694,0.9748453391501489,0.26732673267326734,0.19801980198019803,7.189106424677448,1033.767892754087,6.228000860267457,8.089949483950658,8.667902832343396,900.8019017428223,1186.8110257318692,1224.7683656986335,0.8846916816692101,2.868849752870321,1.8017383758092993,1033.767892754087,-90.0170812588832,7185194.357100749,0.00014387472925244792,1323,0.043799776734723475,-1.445965571882522,1.4440828042107998,-4095.9999999999995,4090.666666666666,C:\Users\kimeu\Downloads\starlink_pathB_wsl_package_v0_3_clean\starlink_pathB\paper_final_experiment_check\outputs\coverage_null_global_stats_all_tle_full\157_146_lst016_quiet_frozen_polybeam_khz_comb_S30_multi.npz,9.10175923472585,9444.443085672718,1.7798436919007438e-05,140609741.2109375,False,False,False,False,False,False,False,False,False,False,False,False
157_146,140.36979839670377,mid,quiet,16,2461041.611111111,2461041.6179340645,frozen_polybeam,khz_comb,1000.0,single,coherent_ab,2,12,1,54789,86.016,0.1657426075268817,1.2547272640388289e-08,0.0212303841364464,0,2,2,2,0.0,0.0212303841364464,0.0,0.0519940798441188,1.2547272640388289e-08,1692031.786103713,15.232448684271509,15.232448684271509,0.025820236875720475,False,20264463,100,0.22176655940867657,-0.7560742624403508,0.4158415841584158,0.7722772277227723,229.2583221140594,23028.015650492223,221.2572584552272,247.9291339593925,248.35995055912753,23644.87031225561,24458.938025523603,24543.296700461407,24.334793840225757,0.9852164933044674,0.9073843445785649,23028.015650492223,-4813.097309642155,7185194.357100749,0.003204925922112997,1323,0.043799776734723475,-1.445965571882522,1.4440828042107998,-4095.9999999999995,4090.666666666666,C:\Users\kimeu\Downloads\starlink_pathB_wsl_package_v0_3_clean\starlink_pathB\paper_final_experiment_check\outputs\coverage_null_global_stats_all_tle_full\157_146_lst016_quiet_frozen_polybeam_khz_comb_S1000_single.npz,9.10175923472585,9444.443085672718,1.7798436919007438e-05,140609741.2109375,False,False,False,False,False,False,False,False,False,False,False,False
157_146,140.36979839670377,mid,quiet,16,2461041.611111111,2461041.6179340645,frozen_polybeam,khz_comb,1000.0,multi,coherent_ab,2,12,12,54789;52869;52869;58387;46128;44537;54377;54377;54377;54377;58045;58045,86.016;83.672;83.672;79.961;79.673;70.729;70.455;70.455;70.455;70.455;70.439;70.439,0.1657426075268817,1.2547272640388289e-08,0.0212303841364464,0,2,2,2,0.0,0.0212303841364464,0.0,0.0519940798441188,1.2547272640388289e-08,1692031.786103713,34.10960153394004,15.232448684271509,0.08475258595447352,False,20264480,100,0.4171185544227514,0.8338313490919578,0.31683168316831684,0.2376237623762376,237.5303234763196,34473.27529637894,220.82879739487453,272.6105344672986,311.55591948590575,30775.13850040541,40212.29183711006,41502.8707992141,27.006770357366804,3.1304569863690554,1.5289322130767202,34473.27529637894,-3148.085359144893,7185194.357100749,0.004797820849802179,1323,0.043799776734723475,-1.445965571882522,1.4440828042107998,-4095.9999999999995,4090.666666666666,C:\Users\kimeu\Downloads\starlink_pathB_wsl_package_v0_3_clean\starlink_pathB\paper_final_experiment_check\outputs\coverage_null_global_stats_all_tle_full\157_146_lst016_quiet_frozen_polybeam_khz_comb_S1000_multi.npz,9.10175923472585,9444.443085672718,1.7798436919007438e-05,140609741.2109375,False,False,False,False,False,False,False,False,False,False,False,False
157_146,140.36979839670377,mid,quiet,16,2461041.611111111,2461041.6179340645,full_polybeam,smooth,30.0,single,coherent_ab,2,12,1,54789,86.016,0.1657426075268817,1.2547272640388289e-08,0.0212303841364464,0,2,2,2,0.0,0.0212303841364464,0.0,0.0519940798441188,1.2547272640388289e-08,1692031.786103713,0.8047483800406526,0.8047483800406526,0.00123744410431464,False,20264497,100,0.9908562808605985,-2.530488479517114,0.06930693069306931,0.8910891089108911,10.100252697666292,817.2106561901895,8.358631907873132,10.126760177316829,10.159939275812503,859.1031352458322,870.4716523344342,870.9551394924054,1.1855474420644896,1.2528305431262499,1.01930339109367,817.2106561901895,-147.91680924859827,7185194.357100749,0.00011373535851296538,1323,0.043799776734723475,-1.445965571882522,1.4440828042107998,-4095.9999999999995,4090.666666666666,C:\Users\kimeu\Downloads\starlink_pathB_wsl_package_v0_3_clean\starlink_pathB\paper_final_experiment_check\outputs\coverage_null_global_stats_all_tle_full\157_146_lst016_quiet_full_polybeam_smooth_S30_single.npz,9.10175923472585,9444.443085672718,1.7798436919007438e-05,140609741.2109375,False,False,False,False,False,False,False,False,False,False,False,False
157_146,140.36979839670377,mid,quiet,16,2461041.611111111,2461041.6179340645,full_polybeam,smooth,30.0,multi,coherent_ab,2,12,12,54789;52869;52869;58387;46128;44537;54377;54377;54377;54377;58045;58045,86.016;83.672;83.672;79.961;79.673;70.729;70.455;70.455;70.455;70.455;70.439;70.439,0.1657426075268817,1.2547272640388289e-08,0.0212303841364464,0,2,2,2,0.0,0.0212303841364464,0.0,0.0519940798441188,1.2547272640388289e-08,1692031.786103713,2.2520350490803036,0.8047483800406526,0.0042548100129322095,False,20264514,100,0.5005080667881061,1.0756854377879432,0.297029702970297,0.1485148514851485,11.767856546295661,1568.005246685193,10.504055811273247,14.926823633074854,17.138316801031984,1270.7451645182819,1633.271169528075,1747.2600873046454,1.703113244632732,2.4789254492244206,1.750150632388333,1568.005246685193,-9.5477643091222,7185194.357100749,0.00021822725576457316,1323,0.043799776734723475,-1.445965571882522,1.4440828042107998,-4095.9999999999995,4090.666666666666,C:\Users\kimeu\Downloads\starlink_pathB_wsl_package_v0_3_clean\starlink_pathB\paper_final_experiment_check\outputs\coverage_null_global_stats_all_tle_full\157_146_lst016_quiet_full_polybeam_smooth_S30_multi.npz,9.10175923472585,9444.443085672718,1.7798436919007438e-05,140609741.2109375,False,False,False,False,False,False,False,False,False,False,False,False
157_146,140.36979839670377,mid,quiet,16,2461041.611111111,2461041.6179340645,full_polybeam,smooth,1000.0,single,coherent_ab,2,12,1,54789,86.016,0.1657426075268817,1.2547272640388289e-08,0.0212303841364464,0,2,2,2,0.0,0.0212303841364464,0.0,0.0519940798441188,1.2547272640388289e-08,1692031.786103713,26.824946001355084,26.824946001355084,0.041248136810487994,False,20264531,100,1.465233220584612,-1.5499213064991046,0.04950495049504951,0.801980198019802,330.01032892470903,27391.00831925332,273.99177126323775,324.45675840152273,332.05003329102107,28481.48878838258,29263.8586947819,29280.176468887516,25.78702077666094,1.4547185050967342,1.276268074449868,27391.00831925332,-5815.576088192546,7185194.357100749,0.0038121457761520713,1323,0.043799776734723475,-1.445965571882522,1.4440828042107998,-4095.9999999999995,4090.666666666666,C:\Users\kimeu\Downloads\starlink_pathB_wsl_package_v0_3_clean\starlink_pathB\paper_final_experiment_check\outputs\coverage_null_global_stats_all_tle_full\157_146_lst016_quiet_full_polybeam_smooth_S1000_single.npz,9.10175923472585,9444.443085672718,1.7798436919007438e-05,140609741.2109375,False,False,True,False,False,False,False,False,False,False,False,False
157_146,140.36979839670377,mid,quiet,16,2461041.611111111,2461041.6179340645,full_polybeam,smooth,1000.0,multi,coherent_ab,2,12,12,54789;52869;52869;58387;46128;44537;54377;54377;54377;54377;58045;58045,86.016;83.672;83.672;79.961;79.673;70.729;70.455;70.455;70.455;70.455;70.439;70.439,0.1657426075268817,1.2547272640388289e-08,0.0212303841364464,0,2,2,2,0.0,0.0212303841364464,0.0,0.0519940798441188,1.2547272640388289e-08,1692031.786103713,75.06783496934347,26.824946001355084,0.14182700043107363,False,20264548,100,0.6413769912948128,1.0198716319928496,0.26732673267326734,0.15841584158415842,378.1937429417958,52226.76306137739,324.95059872029833,447.8466634482266,528.4623865488641,42278.50598099912,56411.049148418155,59849.50401393116,55.99204410245602,3.0938638239662577,1.8748170141486045,52226.76306137739,-2200.0844154280885,7185194.357100749,0.007268663931096648,1323,0.043799776734723475,-1.445965571882522,1.4440828042107998,-4095.9999999999995,4090.666666666666,C:\Users\kimeu\Downloads\starlink_pathB_wsl_package_v0_3_clean\starlink_pathB\paper_final_experiment_check\outputs\coverage_null_global_stats_all_tle_full\157_146_lst016_quiet_full_polybeam_smooth_S1000_multi.npz,9.10175923472585,9444.443085672718,1.7798436919007438e-05,140609741.2109375,False,False,False,False,False,False,False,False,False,False,False,False
157_146,140.36979839670377,mid,quiet,16,2461041.611111111,2461041.6179340645,full_polybeam,lines,30.0,single,coherent_ab,2,12,1,54789,86.016,0.1657426075268817,1.2547272640388289e-08,0.0212303841364464,0,2,2,2,0.0,0.0212303841364464,0.0,0.0519940798441188,1.2547272640388289e-08,1692031.786103713,0.8047483800406526,0.8047483800406526,0.0012383955251213112,False,20264565,100,1.2495686718321255,-1.1956950720176838,0.04950495049504951,0.900990099009901,10.16910168763934,817.2999441506553,8.461246575023324,10.084052564084232,10.230586870390107,848.9305250956902,869.9100952941998,870.215497167647,0.921864094348166,1.0412897827921288,0.909383953282776,817.2999441506553,-148.108357271028,7185194.357100749,0.00011374778517201289,1323,0.043799776734723475,-1.445965571882522,1.4440828042107998,-4095.9999999999995,4090.666666666666,C:\Users\kimeu\Downloads\starlink_pathB_wsl_package_v0_3_clean\starlink_pathB\paper_final_experiment_check\outputs\coverage_null_global_stats_all_tle_full\157_146_lst016_quiet_full_polybeam_lines_S30_single.npz,9.10175923472585,9444.443085672718,1.7798436919007438e-05,140609741.2109375,False,False,True,False,False,False,False,False,False,False,False,False
157_146,140.36979839670377,mid,quiet,16,2461041.611111111,2461041.6179340645,full_polybeam,lines,30.0,multi,coherent_ab,2,12,12,54789;52869;52869;58387;46128;44537;54377;54377;54377;54377;58045;58045,86.016;83.672;83.672;79.961;79.673;70.729;70.455;70.455;70.455;70.455;70.439;70.439,0.1657426075268817,1.2547272640388289e-08,0.0212303841364464,0,2,2,2,0.0,0.0212303841364464,0.0,0.0519940798441188,1.2547272640388289e-08,1692031.786103713,2.2519540060514043,0.8047483800406526,0.004258176207723373,False,20264582,100,0.9223417588244123,0.9417840008273735,0.24752475247524752,0.12871287128712872,11.80500736961767,1568.2798014371517,9.966685222546971,13.712911962672296,16.20517173273708,1308.0139069587917,1697.9732213978161,1820.4879663935562,1.3443295712000918,2.9325526019468957,1.8855957059480473,1568.2798014371517,-9.82235122958226,7185194.357100749,0.00021826546694416184,1323,0.043799776734723475,-1.445965571882522,1.4440828042107998,-4095.9999999999995,4090.666666666666,C:\Users\kimeu\Downloads\starlink_pathB_wsl_package_v0_3_clean\starlink_pathB\paper_final_experiment_check\outputs\coverage_null_global_stats_all_tle_full\157_146_lst016_quiet_full_polybeam_lines_S30_multi.npz,9.10175923472585,9444.443085672718,1.7798436919007438e-05,140609741.2109375,False,False,False,False,False,False,False,False,False,False,False,False
157_146,140.36979839670377,mid,quiet,16,2461041.611111111,2461041.6179340645,full_polybeam,lines,1000.0,single,coherent_ab,2,12,1,54789,86.016,0.1657426075268817,1.2547272640388289e-08,0.0212303841364464,0,2,2,2,0.0,0.0212303841364464,0.0,0.0519940798441188,1.2547272640388289e-08,1692031.786103713,26.824946001355084,26.824946001355084,0.04127985083737705,False,20264599,100,1.1524810126690115,-1.0433786778801302,0.039603960396039604,0.8217821782178217,332.30061054606995,27390.737507622896,280.2499529297165,329.7251964114768,334.35510369988316,28245.607186895963,29270.996268081813,29282.14200330657,30.46270368099613,0.9594045404956267,0.8512750747644138,27390.737507622896,-5821.932827954564,7185194.357100749,0.0038121080859217222,1323,0.043799776734723475,-1.445965571882522,1.4440828042107998,-4095.9999999999995,4090.666666666666,C:\Users\kimeu\Downloads\starlink_pathB_wsl_package_v0_3_clean\starlink_pathB\paper_final_experiment_check\outputs\coverage_null_global_stats_all_tle_full\157_146_lst016_quiet_full_polybeam_lines_S1000_single.npz,9.10175923472585,9444.443085672718,1.7798436919007438e-05,140609741.2109375,False,False,True,False,False,False,False,False,False,False,False,False
157_146,140.36979839670377,mid,quiet,16,2461041.611111111,2461041.6179340645,full_polybeam,lines,1000.0,multi,coherent_ab,2,12,12,54789;52869;52869;58387;46128;44537;54377;54377;54377;54377;58045;58045,86.016;83.672;83.672;79.961;79.673;70.729;70.455;70.455;70.455;70.455;70.439;70.439,0.1657426075268817,1.2547272640388289e-08,0.0212303841364464,0,2,2,2,0.0,0.0212303841364464,0.0,0.0519940798441188,1.2547272640388289e-08,1692031.786103713,75.06513353504681,26.824946001355084,0.14193920692411244,False,20264616,100,0.5334401986189312,0.7885322190928966,0.31683168316831684,0.1782178217821782,379.426903671545,52233.09726021818,327.4189629990524,495.4946538429372,532.9758080997226,44884.059404576874,58029.148406559296,61161.50595691929,65.75971494803343,3.3223879195964483,1.7758526147155758,52233.09726021818,-2208.430523044545,7185194.357100749,0.007269545493727523,1323,0.043799776734723475,-1.445965571882522,1.4440828042107998,-4095.9999999999995,4090.666666666666,C:\Users\kimeu\Downloads\starlink_pathB_wsl_package_v0_3_clean\starlink_pathB\paper_final_experiment_check\outputs\coverage_null_global_stats_all_tle_full\157_146_lst016_quiet_full_polybeam_lines_S1000_multi.npz,9.10175923472585,9444.443085672718,1.7798436919007438e-05,140609741.2109375,False,False,False,False,False,False,False,False,False,False,False,False
157_146,140.36979839670377,mid,quiet,16,2461041.611111111,2461041.6179340645,full_polybeam,khz_comb,30.0,single,coherent_ab,2,12,1,54789,86.016,0.1657426075268817,1.2547272640388289e-08,0.0212303841364464,0,2,2,2,0.0,0.0212303841364464,0.0,0.0519940798441188,1.2547272640388289e-08,1692031.786103713,0.6622904534082914,0.6622904534082914,0.0010631453053476833,False,20264633,100,0.8026461029711783,-1.2074771466068306,0.0594059405940594,0.8910891089108911,8.653905056964504,733.4981156837969,7.528361822100123,8.590066335834125,8.949764538753097,758.3766239709482,776.297834024094,777.4359007901469,0.9458321774654905,1.0835596277442634,0.9912327399508143,733.4981156837969,-132.71519375918203,7185194.357100749,0.00010208465898475234,1323,0.043799776734723475,-1.445965571882522,1.4440828042107998,-4095.9999999999995,4090.666666666666,C:\Users\kimeu\Downloads\starlink_pathB_wsl_package_v0_3_clean\starlink_pathB\paper_final_experiment_check\outputs\coverage_null_global_stats_all_tle_full\157_146_lst016_quiet_full_polybeam_khz_comb_S30_single.npz,9.10175923472585,9444.443085672718,1.7798436919007438e-05,140609741.2109375,False,False,False,False,False,False,False,False,False,False,False,False
157_146,140.36979839670377,mid,quiet,16,2461041.611111111,2461041.6179340645,full_polybeam,khz_comb,30.0,multi,coherent_ab,2,12,12,54789;52869;52869;58387;46128;44537;54377;54377;54377;54377;58045;58045,86.016;83.672;83.672;79.961;79.673;70.729;70.455;70.455;70.455;70.455;70.439;70.439,0.1657426075268817,1.2547272640388289e-08,0.0212303841364464,0,2,2,2,0.0,0.0212303841364464,0.0,0.0519940798441188,1.2547272640388289e-08,1692031.786103713,1.8533092786680239,0.6622904534082914,0.0036632165540812418,False,20264650,100,0.5236532885015037,0.7517124738320444,0.297029702970297,0.19801980198019803,9.85093202988719,1351.7807657116964,8.747917305456212,12.413571854457768,15.677259693731177,1154.3538820041304,1507.3038754248657,1547.717006498992,1.420736306887875,2.6914275359470206,1.6918676301219742,1351.7807657116964,-15.024083526886734,7185194.357100749,0.00018813419631102986,1323,0.043799776734723475,-1.445965571882522,1.4440828042107998,-4095.9999999999995,4090.666666666666,C:\Users\kimeu\Downloads\starlink_pathB_wsl_package_v0_3_clean\starlink_pathB\paper_final_experiment_check\outputs\coverage_null_global_stats_all_tle_full\157_146_lst016_quiet_full_polybeam_khz_comb_S30_multi.npz,9.10175923472585,9444.443085672718,1.7798436919007438e-05,140609741.2109375,False,False,False,False,False,False,False,False,False,False,False,False
157_146,140.36979839670377,mid,quiet,16,2461041.611111111,2461041.6179340645,full_polybeam,khz_comb,1000.0,single,coherent_ab,2,12,1,54789,86.016,0.1657426075268817,1.2547272640388289e-08,0.0212303841364464,0,2,2,2,0.0,0.0212303841364464,0.0,0.0519940798441188,1.2547272640388289e-08,1692031.786103713,22.07634844694305,22.07634844694305,0.03543817684492278,False,20264667,100,0.8498136730756839,-1.3779543190857644,0.10891089108910891,0.8316831683168316,281.869365569979,24514.736534843956,239.88673805157487,289.6483811619743,290.168243629643,25328.718847839467,26045.079215154266,26105.822290233493,33.321297617188975,0.7909103563046838,0.7367622526435387,24514.736534843956,-5032.569550865932,7185194.357100749,0.00341184042024101,1323,0.043799776734723475,-1.445965571882522,1.4440828042107998,-4095.9999999999995,4090.666666666666,C:\Users\kimeu\Downloads\starlink_pathB_wsl_package_v0_3_clean\starlink_pathB\paper_final_experiment_check\outputs\coverage_null_global_stats_all_tle_full\157_146_lst016_quiet_full_polybeam_khz_comb_S1000_single.npz,9.10175923472585,9444.443085672718,1.7798436919007438e-05,140609741.2109375,False,False,False,False,False,False,False,False,False,False,False,False
157_146,140.36979839670377,mid,quiet,16,2461041.611111111,2461041.6179340645,full_polybeam,khz_comb,1000.0,multi,coherent_ab,2,12,12,54789;52869;52869;58387;46128;44537;54377;54377;54377;54377;58045;58045,86.016;83.672;83.672;79.961;79.673;70.729;70.455;70.455;70.455;70.455;70.439;70.439,0.1657426075268817,1.2547272640388289e-08,0.0212303841364464,0,2,2,2,0.0,0.0212303841364464,0.0,0.0519940798441188,1.2547272640388289e-08,1692031.786103713,61.77697595560082,22.07634844694305,0.12210721846937472,False,20264684,100,0.5545854099219157,0.7536441391713605,0.31683168316831684,0.2079207920792079,318.78097600006004,45046.567396781145,283.74720360937954,419.3125190127004,488.2197578306341,38807.69037578063,50677.999117859275,53059.23969486067,42.60832565077271,2.6829779604171806,1.6745854289679654,45046.567396781145,-1762.76664756129,7185194.357100749,0.006269359624526231,1323,0.043799776734723475,-1.445965571882522,1.4440828042107998,-4095.9999999999995,4090.666666666666,C:\Users\kimeu\Downloads\starlink_pathB_wsl_package_v0_3_clean\starlink_pathB\paper_final_experiment_check\outputs\coverage_null_global_stats_all_tle_full\157_146_lst016_quiet_full_polybeam_khz_comb_S1000_multi.npz,9.10175923472585,9444.443085672718,1.7798436919007438e-05,140609741.2109375,False,False,False,False,False,False,False,False,False,False,False,False
157_146,140.36979839670377,mid,typical,46,2461041.8194444445,2461041.826267397,frozen_polybeam,smooth,30.0,single,coherent_ab,6,45,1,54917,88.061,0.1653855846774193,1.874030786702616e-07,0.2357282416768072,0,6,6,6,0.0,0.2357282416768072,0.0,0.4552977482091947,1.874030786702616e-07,1257867.4979591686,6.957526751680563,6.957526751680563,0.01309441735745608,False,20264731,100,-1.4049929209329475,0.7079287190940313,0.8415841584158416,0.1782178217821782,31.619331871163013,6259.287414805284,38.73409939302974,57.57144565922481,58.13998654480712,6139.715283930984,6361.744043924199,6362.685164602029,3.415565215899278,1.3093999222946995,1.0824505545731915,6259.287414805284,-2076.5938002383227,3916710.068483179,0.0015980982266653487,1323,0.043799776734723475,-1.445965571882522,1.4440828042107998,-4095.9999999999995,4090.666666666666,C:\Users\kimeu\Downloads\starlink_pathB_wsl_package_v0_3_clean\starlink_pathB\paper_final_experiment_check\outputs\coverage_null_global_stats_all_tle_full\157_146_lst046_typical_frozen_polybeam_smooth_S30_single.npz,9.10175923472585,9444.443085672718,1.7798436919007438e-05,140609741.2109375,False,False,False,False,False,False,False,False,False,False,False,False
157_146,140.36979839670377,mid,typical,46,2461041.8194444445,2461041.826267397,frozen_polybeam,smooth,30.0,multi,coherent_ab,6,45,12,54917;54917;53220;53220;52302;55196;55196;57175;48310;54358;54358;44436,88.061;88.061;87.099;87.098;85.837;85.026;85.026;83.071;82.739;80.284;80.284;79.866,0.1653855846774193,1.874030786702616e-07,0.2357282416768072,0,6,6,6,0.0,0.2357282416768072,0.0,0.4552977482091947,1.874030786702616e-07,1257867.4979591686,40.08383220037329,8.405274699927453,0.0773076796352129,False,20264748,100,3.4115286756231593,2.085279248843207,0.0297029702970297,0.0297029702970297,158.81752630810493,24147.73307486734,83.9127786401832,140.89812257368058,159.14248879030777,15865.198948529627,21387.151599188677,24341.471836086286,14.809361124221141,3.6113443502381606,2.2294933023253023,24147.73307486734,-2799.3692858879294,3916710.068483179,0.006165310337667913,1323,0.043799776734723475,-1.445965571882522,1.4440828042107998,-4095.9999999999995,4090.666666666666,C:\Users\kimeu\Downloads\starlink_pathB_wsl_package_v0_3_clean\starlink_pathB\paper_final_experiment_check\outputs\coverage_null_global_stats_all_tle_full\157_146_lst046_typical_frozen_polybeam_smooth_S30_multi.npz,9.10175923472585,9444.443085672718,1.7798436919007438e-05,140609741.2109375,True,True,True,False,False,False,False,False,False,False,False,False
157_146,140.36979839670377,mid,typical,46,2461041.8194444445,2461041.826267397,frozen_polybeam,smooth,1000.0,single,coherent_ab,6,45,1,54917,88.061,0.1653855846774193,1.874030786702616e-07,0.2357282416768072,0,6,6,6,0.0,0.2357282416768072,0.0,0.4552977482091947,1.874030786702616e-07,1257867.4979591686,231.9175583893521,231.9175583893521,0.43648057858186945,False,20264765,100,-0.9688068616180169,1.5170376447014655,0.7920792079207921,0.1188118811881188,794.2510335810166,306065.338682893,931.9602640054995,1252.1987060187525,1269.2461965287182,248517.1572695867,311200.47609807027,311986.8020209541,95.87422126719957,1.708245654291833,1.4578190008914176,306065.338682893,-235020.25250931186,3916710.068483179,0.07814347585891715,1323,0.043799776734723475,-1.445965571882522,1.4440828042107998,-4095.9999999999995,4090.666666666666,C:\Users\kimeu\Downloads\starlink_pathB_wsl_package_v0_3_clean\starlink_pathB\paper_final_experiment_check\outputs\coverage_null_global_stats_all_tle_full\157_146_lst046_typical_frozen_polybeam_smooth_S1000_single.npz,9.10175923472585,9444.443085672718,1.7798436919007438e-05,140609741.2109375,False,False,False,False,False,False,False,False,False,False,False,False
157_146,140.36979839670377,mid,typical,46,2461041.8194444445,2461041.826267397,frozen_polybeam,smooth,1000.0,multi,coherent_ab,6,45,12,54917;54917;53220;53220;52302;55196;55196;57175;48310;54358;54358;44436,88.061;88.061;87.099;87.098;85.837;85.026;85.026;83.071;82.739;80.284;80.284;79.866,0.1653855846774193,1.874030786702616e-07,0.2357282416768072,0,6,6,6,0.0,0.2357282416768072,0.0,0.4552977482091947,1.874030786702616e-07,1257867.4979591686,1336.127740012443,280.175823330915,2.5769226545070967,False,20264782,100,0.4338164254970159,1.2359155682237097,0.38613861386138615,0.0297029702970297,1620.5831908399696,3436608.785793764,1456.9299541267656,2313.2885952163465,2700.6524923192856,1851259.5090956003,3159963.7670446057,3460446.5857387725,254.44540463176008,3.839404408593512,0.855214915691701,3436608.785793764,-3351126.174454296,3916710.068483179,0.8774223074225804,1323,0.043799776734723475,-1.445965571882522,1.4440828042107998,-4095.9999999999995,4090.666666666666,C:\Users\kimeu\Downloads\starlink_pathB_wsl_package_v0_3_clean\starlink_pathB\paper_final_experiment_check\outputs\coverage_null_global_stats_all_tle_full\157_146_lst046_typical_frozen_polybeam_smooth_S1000_multi.npz,9.10175923472585,9444.443085672718,1.7798436919007438e-05,140609741.2109375,False,False,False,False,False,False,False,False,False,False,False,False
157_146,140.36979839670377,mid,typical,46,2461041.8194444445,2461041.826267397,frozen_polybeam,lines,30.0,single,coherent_ab,6,45,1,54917,88.061,0.1653855846774193,1.874030786702616e-07,0.2357282416768072,0,6,6,6,0.0,0.2357282416768072,0.0,0.4552977482091947,1.874030786702616e-07,1257867.4979591686,6.957449102207584,6.957449102207584,0.013109463673139081,False,20264799,100,-1.373402863340552,0.7191467639055643,0.900990099009901,0.15841584158415842,31.651256744640705,6259.513847223763,39.43956543718889,56.52439458383805,57.141500126352,6112.276573229265,6333.735766860657,6362.7180187564345,3.8249099265001405,1.3622905281206565,1.2283010088565895,6259.513847223763,-2076.0839541402356,3916710.068483179,0.0015981560385570945,1323,0.043799776734723475,-1.445965571882522,1.4440828042107998,-4095.9999999999995,4090.666666666666,C:\Users\kimeu\Downloads\starlink_pathB_wsl_package_v0_3_clean\starlink_pathB\paper_final_experiment_check\outputs\coverage_null_global_stats_all_tle_full\157_146_lst046_typical_frozen_polybeam_lines_S30_single.npz,9.10175923472585,9444.443085672718,1.7798436919007438e-05,140609741.2109375,False,False,False,False,False,False,False,False,False,False,False,False
157_146,140.36979839670377,mid,typical,46,2461041.8194444445,2461041.826267397,frozen_polybeam,lines,30.0,multi,coherent_ab,6,45,12,54917;54917;53220;53220;52302;55196;55196;57175;48310;54358;54358;44436,88.061;88.061;87.099;87.098;85.837;85.026;85.026;83.071;82.739;80.284;80.284;79.866,0.1653855846774193,1.874030786702616e-07,0.2357282416768072,0,6,6,6,0.0,0.2357282416768072,0.0,0.4552977482091947,1.874030786702616e-07,1257867.4979591686,40.083341025950325,8.4051808928644,0.07739604197849496,False,20264816,100,2.558131966133162,1.5961869570862497,0.0297029702970297,0.04950495049504951,159.79555194699614,24145.406984661855,89.97628639548384,145.4440921133794,193.59111289867445,16302.479122172259,23798.18966869105,25341.9450740096,18.408921068728887,3.6999532812200493,2.1692416700492996,24145.406984661855,-2802.211431823834,3916710.068483179,0.006164716448877367,1323,0.043799776734723475,-1.445965571882522,1.4440828042107998,-4095.9999999999995,4090.666666666666,C:\Users\kimeu\Downloads\starlink_pathB_wsl_package_v0_3_clean\starlink_pathB\paper_final_experiment_check\outputs\coverage_null_global_stats_all_tle_full\157_146_lst046_typical_frozen_polybeam_lines_S30_multi.npz,9.10175923472585,9444.443085672718,1.7798436919007438e-05,140609741.2109375,True,False,True,False,False,False,False,False,False,False,False,False
157_146,140.36979839670377,mid,typical,46,2461041.8194444445,2461041.826267397,frozen_polybeam,lines,1000.0,single,coherent_ab,6,45,1,54917,88.061,0.1653855846774193,1.874030786702616e-07,0.2357282416768072,0,6,6,6,0.0,0.2357282416768072,0.0,0.4552977482091947,1.874030786702616e-07,1257867.4979591686,231.9149700735862,231.9149700735862,0.4369821224379695,False,20264833,100,-1.0840808088275011,0.8579489977263178,0.801980198019802,0.10891089108910891,792.2874660276057,305999.09069975157,935.1486091469396,1183.9506894664062,1260.1117663463735,265147.6294414118,308271.9804857157,311952.49855025136,88.88499836693143,1.0401124791752079,0.9461085493718508,305999.09069975157,-235025.3666376021,3916710.068483179,0.07812656166767422,1323,0.043799776734723475,-1.445965571882522,1.4440828042107998,-4095.9999999999995,4090.666666666666,C:\Users\kimeu\Downloads\starlink_pathB_wsl_package_v0_3_clean\starlink_pathB\paper_final_experiment_check\outputs\coverage_null_global_stats_all_tle_full\157_146_lst046_typical_frozen_polybeam_lines_S1000_single.npz,9.10175923472585,9444.443085672718,1.7798436919007438e-05,140609741.2109375,False,False,False,False,False,False,False,False,False,False,False,False
157_146,140.36979839670377,mid,typical,46,2461041.8194444445,2461041.826267397,frozen_polybeam,lines,1000.0,multi,coherent_ab,6,45,12,54917;54917;53220;53220;52302;55196;55196;57175;48310;54358;54358;44436,88.061;88.061;87.099;87.098;85.837;85.026;85.026;83.071;82.739;80.284;80.284;79.866,0.1653855846774193,1.874030786702616e-07,0.2357282416768072,0,6,6,6,0.0,0.2357282416768072,0.0,0.4552977482091947,1.874030786702616e-07,1257867.4979591686,1336.1113675316776,280.17269642881337,2.5798680659498325,False,20264850,100,1.1772442980589992,1.7022311445746658,0.24752475247524752,0.009900990099009901,1638.675732379671,3436848.605583921,1291.7992886710408,2194.360941824384,2382.766523909428,1539278.7658203219,3129608.514232662,3186753.073849031,198.73951086221268,3.6415640807820533,0.8726488591704977,3436848.605583921,-3351835.255665639,3916710.068483179,0.8774835373287936,1323,0.043799776734723475,-1.445965571882522,1.4440828042107998,-4095.9999999999995,4090.666666666666,C:\Users\kimeu\Downloads\starlink_pathB_wsl_package_v0_3_clean\starlink_pathB\paper_final_experiment_check\outputs\coverage_null_global_stats_all_tle_full\157_146_lst046_typical_frozen_polybeam_lines_S1000_multi.npz,9.10175923472585,9444.443085672718,1.7798436919007438e-05,140609741.2109375,False,False,False,False,False,False,False,False,False,False,False,False
157_146,140.36979839670377,mid,typical,46,2461041.8194444445,2461041.826267397,frozen_polybeam,khz_comb,30.0,single,coherent_ab,6,45,1,54917,88.061,0.1653855846774193,1.874030786702616e-07,0.2357282416768072,0,6,6,6,0.0,0.2357282416768072,0.0,0.4552977482091947,1.874030786702616e-07,1257867.4979591686,5.725829631658782,5.725829631658782,0.011649126160903306,False,20264867,100,-1.219189259046155,0.8279302260636032,0.9504950495049505,0.1188118811881188,27.910047377620685,5911.093191150879,38.60154496195764,56.70638598573087,57.55970946066089,5812.553397607318,5935.669487088712,5946.557262388867,5.914845682977443,1.0228967675306442,0.9199521832515366,5911.093191150879,-1855.8843321676763,3916710.068483179,0.0015091985589426237,1323,0.043799776734723475,-1.445965571882522,1.4440828042107998,-4095.9999999999995,4090.666666666666,C:\Users\kimeu\Downloads\starlink_pathB_wsl_package_v0_3_clean\starlink_pathB\paper_final_experiment_check\outputs\coverage_null_global_stats_all_tle_full\157_146_lst046_typical_frozen_polybeam_khz_comb_S30_single.npz,9.10175923472585,9444.443085672718,1.7798436919007438e-05,140609741.2109375,False,False,False,False,False,False,False,False,False,False,False,False
157_146,140.36979839670377,mid,typical,46,2461041.8194444445,2461041.826267397,frozen_polybeam,khz_comb,30.0,multi,coherent_ab,6,45,12,54917;54917;53220;53220;52302;55196;55196;57175;48310;54358;54358;44436,88.061;88.061;87.099;87.098;85.837;85.026;85.026;83.071;82.739;80.284;80.284;79.866,0.1653855846774193,1.874030786702616e-07,0.2357282416768072,0,6,6,6,0.0,0.2357282416768072,0.0,0.4552977482091947,1.874030786702616e-07,1257867.4979591686,32.98776370790431,6.91728147900424,0.06872576699846353,False,20264884,100,2.460970670149064,1.7671938406635896,0.0297029702970297,0.009900990099009901,162.43810293071027,23254.630484585912,88.93839278159385,134.72285791549893,171.1231701042497,16204.590817510612,21602.573568192453,22448.361974471933,20.144439720927004,3.408432519989713,2.0764284061323917,23254.630484585912,-2457.3858944373947,3916710.068483179,0.005937286671206611,1323,0.043799776734723475,-1.445965571882522,1.4440828042107998,-4095.9999999999995,4090.666666666666,C:\Users\kimeu\Downloads\starlink_pathB_wsl_package_v0_3_clean\starlink_pathB\paper_final_experiment_check\outputs\coverage_null_global_stats_all_tle_full\157_146_lst046_typical_frozen_polybeam_khz_comb_S30_multi.npz,9.10175923472585,9444.443085672718,1.7798436919007438e-05,140609741.2109375,True,False,True,False,False,False,False,False,False,False,False,False
157_146,140.36979839670377,mid,typical,46,2461041.8194444445,2461041.826267397,frozen_polybeam,khz_comb,1000.0,single,coherent_ab,6,45,1,54917,88.061,0.1653855846774193,1.874030786702616e-07,0.2357282416768072,0,6,6,6,0.0,0.2357282416768072,0.0,0.4552977482091947,1.874030786702616e-07,1257867.4979591686,190.86098772195945,190.86098772195945,0.3883042053634435,False,20264901,100,-0.8468346193885399,0.9782756228008621,0.9108910891089109,0.1188118811881188,757.0990154245246,277225.54905839317,915.9756581288103,1248.7714006916144,1306.8818757918968,235744.49680252164,278857.74005798344,279121.18750235584,126.5428041641486,1.1402417530987374,0.9827809465928182,277225.54905839317,-202788.46806539016,3916710.068483179,0.07078020691119322,1323,0.043799776734723475,-1.445965571882522,1.4440828042107998,-4095.9999999999995,4090.666666666666,C:\Users\kimeu\Downloads\starlink_pathB_wsl_package_v0_3_clean\starlink_pathB\paper_final_experiment_check\outputs\coverage_null_global_stats_all_tle_full\157_146_lst046_typical_frozen_polybeam_khz_comb_S1000_single.npz,9.10175923472585,9444.443085672718,1.7798436919007438e-05,140609741.2109375,False,False,False,False,False,False,False,False,False,False,False,False
157_146,140.36979839670377,mid,typical,46,2461041.8194444445,2461041.826267397,frozen_polybeam,khz_comb,1000.0,multi,coherent_ab,6,45,12,54917;54917;53220;53220;52302;55196;55196;57175;48310;54358;54358;44436,88.061;88.061;87.099;87.098;85.837;85.026;85.026;83.071;82.739;80.284;80.284;79.866,0.1653855846774193,1.874030786702616e-07,0.2357282416768072,0,6,6,6,0.0,0.2357282416768072,0.0,0.4552977482091947,1.874030786702616e-07,1257867.4979591686,1099.5921235968103,230.57604930014136,2.290858899948785,False,20264918,100,2.9458330837017437,1.4418318757070623,0.019801980198019802,0.009900990099009901,3145.403164608324,2958192.865236739,1612.162434615267,2374.8452142605042,2624.139802311422,1769038.714484422,2775466.0627176682,2875627.9711886602,351.05746831179636,3.1540312827543633,0.888409223144035,2958192.865236739,-2861154.8797088447,3916710.068483179,0.7552749153021572,1323,0.043799776734723475,-1.445965571882522,1.4440828042107998,-4095.9999999999995,4090.666666666666,C:\Users\kimeu\Downloads\starlink_pathB_wsl_package_v0_3_clean\starlink_pathB\paper_final_experiment_check\outputs\coverage_null_global_stats_all_tle_full\157_146_lst046_typical_frozen_polybeam_khz_comb_S1000_multi.npz,9.10175923472585,9444.443085672718,1.7798436919007438e-05,140609741.2109375,True,False,True,False,False,False,False,False,False,False,False,False
157_146,140.36979839670377,mid,typical,46,2461041.8194444445,2461041.826267397,full_polybeam,smooth,30.0,single,coherent_ab,6,45,1,54917,88.061,0.1653855846774193,1.874030786702616e-07,0.2357282416768072,0,6,6,6,0.0,0.2357282416768072,0.0,0.4552977482091947,1.874030786702616e-07,1257867.4979591686,8.33051303909315,8.33051303909315,0.016828603272567265,False,20264935,100,-0.9080159145102862,1.2536438323559511,0.9108910891089109,0.1188118811881188,34.383005228496586,7249.660731092939,43.18062563728745,67.81590567460026,69.48180213389598,6979.836883532975,7275.987831143126,7284.0391161554935,6.535032675404636,1.5278021757030713,1.2621139760151536,7249.660731092939,-2697.0518794503237,3916710.068483179,0.001850956696904683,1323,0.043799776734723475,-1.445965571882522,1.4440828042107998,-4095.9999999999995,4090.666666666666,C:\Users\kimeu\Downloads\starlink_pathB_wsl_package_v0_3_clean\starlink_pathB\paper_final_experiment_check\outputs\coverage_null_global_stats_all_tle_full\157_146_lst046_typical_full_polybeam_smooth_S30_single.npz,9.10175923472585,9444.443085672718,1.7798436919007438e-05,140609741.2109375,False,False,False,False,False,False,False,False,False,False,False,False
157_146,140.36979839670377,mid,typical,46,2461041.8194444445,2461041.826267397,full_polybeam,smooth,30.0,multi,coherent_ab,6,45,12,54917;54917;53220;53220;52302;55196;55196;57175;48310;54358;54358;44436,88.061;88.061;87.099;87.098;85.837;85.026;85.026;83.071;82.739;80.284;80.284;79.866,0.1653855846774193,1.874030786702616e-07,0.2357282416768072,0,6,6,6,0.0,0.2357282416768072,0.0,0.4552977482091947,1.874030786702616e-07,1257867.4979591686,57.57030336742266,11.092828295703711,0.11041134754215716,False,20264952,100,2.5633721171695365,2.271654911578931,0.04950495049504951,0.019801980198019802,230.10605571784458,30535.91778124219,124.37187515692113,213.5245110402187,293.5376861166157,20244.3995529994,26719.36161387062,29239.96802869936,27.82144943821902,3.507749514688522,2.0506404857692764,30535.91778124219,-8137.864566223063,3916710.068483179,0.007796318146435539,1323,0.043799776734723475,-1.445965571882522,1.4440828042107998,-4095.9999999999995,4090.666666666666,C:\Users\kimeu\Downloads\starlink_pathB_wsl_package_v0_3_clean\starlink_pathB\paper_final_experiment_check\outputs\coverage_null_global_stats_all_tle_full\157_146_lst046_typical_full_polybeam_smooth_S30_multi.npz,9.10175923472585,9444.443085672718,1.7798436919007438e-05,140609741.2109375,True,False,True,False,False,False,False,False,False,False,False,False
157_146,140.36979839670377,mid,typical,46,2461041.8194444445,2461041.826267397,full_polybeam,smooth,1000.0,single,coherent_ab,6,45,1,54917,88.061,0.1653855846774193,1.874030786702616e-07,0.2357282416768072,0,6,6,6,0.0,0.2357282416768072,0.0,0.4552977482091947,1.874030786702616e-07,1257867.4979591686,277.68376796977174,277.68376796977174,0.5609534424189089,False,20264969,100,-0.8819225034711079,1.0865610658404476,0.7326732673267327,0.12871287128712872,724.4193489931704,430899.3137740359,845.2415264996189,951.4866594047246,955.9704451340311,368744.05217256345,435934.4835876269,436330.2217724347,92.40431211041232,1.0183091119780545,0.8826294982054582,430899.3137740359,-371287.6456263729,3916710.068483179,0.11001562695216548,1323,0.043799776734723475,-1.445965571882522,1.4440828042107998,-4095.9999999999995,4090.666666666666,C:\Users\kimeu\Downloads\starlink_pathB_wsl_package_v0_3_clean\starlink_pathB\paper_final_experiment_check\outputs\coverage_null_global_stats_all_tle_full\157_146_lst046_typical_full_polybeam_smooth_S1000_single.npz,9.10175923472585,9444.443085672718,1.7798436919007438e-05,140609741.2109375,False,False,False,False,False,False,False,False,False,False,False,False
157_146,140.36979839670377,mid,typical,46,2461041.8194444445,2461041.826267397,full_polybeam,smooth,1000.0,multi,coherent_ab,6,45,12,54917;54917;53220;53220;52302;55196;55196;57175;48310;54358;54358;44436,88.061;88.061;87.099;87.098;85.837;85.026;85.026;83.071;82.739;80.284;80.284;79.866,0.1653855846774193,1.874030786702616e-07,0.2357282416768072,0,6,6,6,0.0,0.2357282416768072,0.0,0.4552977482091947,1.874030786702616e-07,1257867.4979591686,1919.0101122474223,369.7609431901238,3.680378251405239,False,20264986,100,0.040019703594292806,1.5873852745385222,0.49504950495049505,0.009900990099009901,1578.7707206715086,5798618.921330004,1560.3039943886936,2358.007998868116,2661.7352347828355,2986182.611511926,5224901.417688821,5351510.555523329,311.2375934068282,2.4630631809337697,0.634844528994315,5798618.921330004,-5741668.556437641,3916710.068483179,1.480482042311503,1323,0.043799776734723475,-1.445965571882522,1.4440828042107998,-4095.9999999999995,4090.666666666666,C:\Users\kimeu\Downloads\starlink_pathB_wsl_package_v0_3_clean\starlink_pathB\paper_final_experiment_check\outputs\coverage_null_global_stats_all_tle_full\157_146_lst046_typical_full_polybeam_smooth_S1000_multi.npz,9.10175923472585,9444.443085672718,1.7798436919007438e-05,140609741.2109375,False,False,False,False,False,False,False,False,False,False,False,False
157_146,140.36979839670377,mid,typical,46,2461041.8194444445,2461041.826267397,full_polybeam,lines,30.0,single,coherent_ab,6,45,1,54917,88.061,0.1653855846774193,1.874030786702616e-07,0.2357282416768072,0,6,6,6,0.0,0.2357282416768072,0.0,0.4552977482091947,1.874030786702616e-07,1257867.4979591686,8.330339072223122,8.330339072223122,0.016846355880230004,False,20265003,100,-0.8211075645337794,0.8827582097590894,0.9207920792079208,0.18811881188118812,34.44202221714568,7248.071821241402,43.20899795816467,68.36446699181815,68.85876037116614,7015.159450717243,7290.734626048829,7300.236548998791,7.201546278812202,1.1020289960220797,1.0052915322143454,7248.071821241402,-2696.4390994689966,3916710.068483179,0.0018505510222890603,1323,0.043799776734723475,-1.445965571882522,1.4440828042107998,-4095.9999999999995,4090.666666666666,C:\Users\kimeu\Downloads\starlink_pathB_wsl_package_v0_3_clean\starlink_pathB\paper_final_experiment_check\outputs\coverage_null_global_stats_all_tle_full\157_146_lst046_typical_full_polybeam_lines_S30_single.npz,9.10175923472585,9444.443085672718,1.7798436919007438e-05,140609741.2109375,False,False,False,False,False,False,False,False,False,False,False,False
157_146,140.36979839670377,mid,typical,46,2461041.8194444445,2461041.826267397,full_polybeam,lines,30.0,multi,coherent_ab,6,45,12,54917;54917;53220;53220;52302;55196;55196;57175;48310;54358;54358;44436,88.061;88.061;87.099;87.098;85.837;85.026;85.026;83.071;82.739;80.284;80.284;79.866,0.1653855846774193,1.874030786702616e-07,0.2357282416768072,0,6,6,6,0.0,0.2357282416768072,0.0,0.4552977482091947,1.874030786702616e-07,1257867.4979591686,57.56863344159827,11.092596643150104,0.11052302442948539,False,20265020,100,2.5213739058446984,2.2355107082450614,0.0297029702970297,0.009900990099009901,231.24283874004448,30533.608068460086,132.67365102113473,201.4948480388811,237.98246519220615,19919.59735134586,27613.64498729312,29333.149801077096,26.36816623326058,3.324199865405473,2.0341112030615025,30533.608068460086,-8137.423172338295,3916710.068483179,0.007795728439068458,1323,0.043799776734723475,-1.445965571882522,1.4440828042107998,-4095.9999999999995,4090.666666666666,C:\Users\kimeu\Downloads\starlink_pathB_wsl_package_v0_3_clean\starlink_pathB\paper_final_experiment_check\outputs\coverage_null_global_stats_all_tle_full\157_146_lst046_typical_full_polybeam_lines_S30_multi.npz,9.10175923472585,9444.443085672718,1.7798436919007438e-05,140609741.2109375,True,False,True,False,False,False,False,False,False,False,False,False
157_146,140.36979839670377,mid,typical,46,2461041.8194444445,2461041.826267397,full_polybeam,lines,1000.0,single,coherent_ab,6,45,1,54917,88.061,0.1653855846774193,1.874030786702616e-07,0.2357282416768072,0,6,6,6,0.0,0.2357282416768072,0.0,0.4552977482091947,1.874030786702616e-07,1257867.4979591686,277.6779690741041,277.6779690741041,0.5615451960076668,False,20265037,100,-0.9024748718786797,0.8045700399887002,0.6633663366336634,0.0891089108910891,723.409765919735,430699.95936384494,850.0884170403141,952.9478504541721,956.8482366382626,377181.0197196068,435669.18743496784,436132.90705032507,94.67696250192796,0.8694958950895814,0.7799505887445816,430699.95936384494,-371242.184613085,3916710.068483179,0.10996472851784042,1323,0.043799776734723475,-1.445965571882522,1.4440828042107998,-4095.9999999999995,4090.666666666666,C:\Users\kimeu\Downloads\starlink_pathB_wsl_package_v0_3_clean\starlink_pathB\paper_final_experiment_check\outputs\coverage_null_global_stats_all_tle_full\157_146_lst046_typical_full_polybeam_lines_S1000_single.npz,9.10175923472585,9444.443085672718,1.7798436919007438e-05,140609741.2109375,False,False,False,False,False,False,False,False,False,False,False,False
157_146,140.36979839670377,mid,typical,46,2461041.8194444445,2461041.826267397,full_polybeam,lines,1000.0,multi,coherent_ab,6,45,12,54917;54917;53220;53220;52302;55196;55196;57175;48310;54358;54358;44436,88.061;88.061;87.099;87.098;85.837;85.026;85.026;83.071;82.739;80.284;80.284;79.866,0.1653855846774193,1.874030786702616e-07,0.2357282416768072,0,6,6,6,0.0,0.2357282416768072,0.0,0.4552977482091947,1.874030786702616e-07,1257867.4979591686,1918.954448053276,369.7532214383368,3.68410081431618,False,20265054,100,0.28777372918658833,2.3035606872989374,0.45544554455445546,0.009900990099009901,1531.7005624739545,5799268.0504817255,1404.589384192142,2696.0504027989527,3117.1682871429402,2328298.761362712,5026032.125324115,5305994.260412436,297.9261359944189,2.8164927244525177,0.6160775494403719,5799268.0504817255,-5741489.037993788,3916710.068483179,1.4806477755775278,1323,0.043799776734723475,-1.445965571882522,1.4440828042107998,-4095.9999999999995,4090.666666666666,C:\Users\kimeu\Downloads\starlink_pathB_wsl_package_v0_3_clean\starlink_pathB\paper_final_experiment_check\outputs\coverage_null_global_stats_all_tle_full\157_146_lst046_typical_full_polybeam_lines_S1000_multi.npz,9.10175923472585,9444.443085672718,1.7798436919007438e-05,140609741.2109375,False,False,False,False,False,False,False,False,False,False,False,False
157_146,140.36979839670377,mid,typical,46,2461041.8194444445,2461041.826267397,full_polybeam,khz_comb,30.0,single,coherent_ab,6,45,1,54917,88.061,0.1653855846774193,1.874030786702616e-07,0.2357282416768072,0,6,6,6,0.0,0.2357282416768072,0.0,0.4552977482091947,1.874030786702616e-07,1257867.4979591686,6.855688284714231,6.855688284714231,0.014603770209947534,False,20265071,100,-0.9105903094064188,1.3001908234921533,0.9306930693069307,0.0594059405940594,30.317067567722916,6580.252873523954,41.88399115615903,64.29297004846858,66.37735886109633,6401.685827894758,6573.358937764363,6601.338258469085,8.567830115672677,1.3529735381453587,1.256151030937709,6580.252873523954,-2352.0130026515617,3916710.068483179,0.0016800459463348235,1323,0.043799776734723475,-1.445965571882522,1.4440828042107998,-4095.9999999999995,4090.666666666666,C:\Users\kimeu\Downloads\starlink_pathB_wsl_package_v0_3_clean\starlink_pathB\paper_final_experiment_check\outputs\coverage_null_global_stats_all_tle_full\157_146_lst046_typical_full_polybeam_khz_comb_S30_single.npz,9.10175923472585,9444.443085672718,1.7798436919007438e-05,140609741.2109375,False,False,False,False,False,False,False,False,False,False,False,False
157_146,140.36979839670377,mid,typical,46,2461041.8194444445,2461041.826267397,full_polybeam,khz_comb,30.0,multi,coherent_ab,6,45,12,54917;54917;53220;53220;52302;55196;55196;57175;48310;54358;54358;44436,88.061;88.061;87.099;87.098;85.837;85.026;85.026;83.071;82.739;80.284;80.284;79.866,0.1653855846774193,1.874030786702616e-07,0.2357282416768072,0,6,6,6,0.0,0.2357282416768072,0.0,0.4552977482091947,1.874030786702616e-07,1257867.4979591686,47.37773605981763,9.128966323481206,0.09508779765483939,False,20265088,100,2.269349088705488,1.9007219617951228,0.0594059405940594,0.019801980198019802,216.8375576983911,27158.133936311126,119.87353990495983,214.74719341611578,239.9620796964969,18730.97287590913,24565.7548315155,26049.89131149673,28.81942418153949,3.3318642371670637,1.8339256412701181,27158.133936311126,-6478.393415732411,3916710.068483179,0.006933914806420337,1323,0.043799776734723475,-1.445965571882522,1.4440828042107998,-4095.9999999999995,4090.666666666666,C:\Users\kimeu\Downloads\starlink_pathB_wsl_package_v0_3_clean\starlink_pathB\paper_final_experiment_check\outputs\coverage_null_global_stats_all_tle_full\157_146_lst046_typical_full_polybeam_khz_comb_S30_multi.npz,9.10175923472585,9444.443085672718,1.7798436919007438e-05,140609741.2109375,True,False,False,False,False,False,False,False,False,False,False,False
157_146,140.36979839670377,mid,typical,46,2461041.8194444445,2461041.826267397,full_polybeam,khz_comb,1000.0,single,coherent_ab,6,45,1,54917,88.061,0.1653855846774193,1.874030786702616e-07,0.2357282416768072,0,6,6,6,0.0,0.2357282416768072,0.0,0.4552977482091947,1.874030786702616e-07,1257867.4979591686,228.52294282380774,228.52294282380774,0.48679234033158436,False,20265105,100,-0.8206268062237938,0.8015392739796695,0.7722772277227723,0.13861386138613863,702.8191206057863,353250.7854964985,839.4391201149297,1040.3373956123587,1051.2606316322806,313940.6198782239,356093.25448419736,357317.0245840796,112.2909055976952,1.054951936343013,0.8884799702153898,353250.7854964985,-288656.2515304392,3916710.068483179,0.09019069048256147,1323,0.043799776734723475,-1.445965571882522,1.4440828042107998,-4095.9999999999995,4090.666666666666,C:\Users\kimeu\Downloads\starlink_pathB_wsl_package_v0_3_clean\starlink_pathB\paper_final_experiment_check\outputs\coverage_null_global_stats_all_tle_full\157_146_lst046_typical_full_polybeam_khz_comb_S1000_single.npz,9.10175923472585,9444.443085672718,1.7798436919007438e-05,140609741.2109375,False,False,False,False,False,False,False,False,False,False,False,False
157_146,140.36979839670377,mid,typical,46,2461041.8194444445,2461041.826267397,full_polybeam,khz_comb,1000.0,multi,coherent_ab,6,45,12,54917;54917;53220;53220;52302;55196;55196;57175;48310;54358;54358;44436,88.061;88.061;87.099;87.098;85.837;85.026;85.026;83.071;82.739;80.284;80.284;79.866,0.1653855846774193,1.874030786702616e-07,0.2357282416768072,0,6,6,6,0.0,0.2357282416768072,0.0,0.4552977482091947,1.874030786702616e-07,1257867.4979591686,1579.2578686605877,304.29887744937355,3.1695932551613124,False,20265122,100,0.05921118832512463,1.206276045115521,0.46534653465346537,0.009900990099009901,1680.3612867420507,4395526.588491934,1652.4960888781275,2440.4205806023074,3126.230541061251,2513343.0394612583,4073392.028259786,4275697.123312148,317.42005188279745,3.2586191567168252,0.6743098286053641,4395526.588491934,-4333249.887289729,3916710.068483179,1.1222496716981112,1323,0.043799776734723475,-1.445965571882522,1.4440828042107998,-4095.9999999999995,4090.666666666666,C:\Users\kimeu\Downloads\starlink_pathB_wsl_package_v0_3_clean\starlink_pathB\paper_final_experiment_check\outputs\coverage_null_global_stats_all_tle_full\157_146_lst046_typical_full_polybeam_khz_comb_S1000_multi.npz,9.10175923472585,9444.443085672718,1.7798436919007438e-05,140609741.2109375,False,False,False,False,False,False,False,False,False,False,False,False
157_146,140.36979839670377,mid,stress,0,2461041.5,2461041.506822953,frozen_polybeam,smooth,30.0,single,coherent_ab,4,10,1,58881,88.065,0.2350680443548387,9.752069536292108e-05,0.5502745938468236,1,4,4,4,0.3308758856684498,0.5502745938468236,0.3308758856684498,0.7280464634021924,9.752069536292108e-05,5642.644279749944,1.035972188875185,1.035972188875185,0.0012706653636642175,False,20265093,100,0.2636389105858775,-0.5640440586642781,0.43564356435643564,0.7722772277227723,19.82315370313154,3626.3240953601107,18.677864104072796,22.462470070218114,22.826067967726775,3685.949239292827,3802.4260690646724,3803.2002259873025,2.930095750180044,1.4056864008397216,1.2553287336894945,3626.3240953601107,878.543968942929,20329787.10384278,0.00017837491739766694,1323,0.043799776734723475,-1.445965571882522,1.4440828042107998,-4095.9999999999995,4090.666666666666,C:\Users\kimeu\Downloads\starlink_pathB_wsl_package_v0_3_clean\starlink_pathB\paper_final_experiment_check\outputs\coverage_null_global_stats_all_tle_full\157_146_lst000_stress_frozen_polybeam_smooth_S30_single.npz,9.10175923472585,9444.443085672718,1.7798436919007438e-05,140609741.2109375,False,False,False,False,False,False,False,False,False,False,False,False
157_146,140.36979839670377,mid,stress,0,2461041.5,2461041.506822953,frozen_polybeam,smooth,30.0,multi,coherent_ab,4,10,10,58881;58881;46696;46696;48029;48029;54100;54100;58069;58069,88.065;88.065;86.822;86.617;85.104;85.104;83.508;83.508;77.989;77.989,0.2350680443548387,9.752069536292108e-05,0.5502745938468236,1,4,4,4,0.3308758856684498,0.5502745938468236,0.3308758856684498,0.7280464634021924,9.752069536292108e-05,5642.644279749944,5.042952663593234,1.035972188875185,0.007165823100320608,False,20265110,100,0.4463207244917321,1.3335793340009454,0.3564356435643564,0.0891089108910891,36.568445059914666,10244.73639353029,31.572134458473556,54.71519857262574,70.87772219419932,7490.244586069001,10635.124745471314,11199.16231714939,7.550546383398796,3.6775777624852894,2.1805089644636113,10244.73639353029,1866.7068948935366,20329787.10384278,0.0005039273820823144,1323,0.043799776734723475,-1.445965571882522,1.4440828042107998,-4095.9999999999995,4090.666666666666,C:\Users\kimeu\Downloads\starlink_pathB_wsl_package_v0_3_clean\starlink_pathB\paper_final_experiment_check\outputs\coverage_null_global_stats_all_tle_full\157_146_lst000_stress_frozen_polybeam_smooth_S30_multi.npz,9.10175923472585,9444.443085672718,1.7798436919007438e-05,140609741.2109375,False,False,False,False,False,False,False,False,False,False,False,False
157_146,140.36979839670377,mid,stress,0,2461041.5,2461041.506822953,frozen_polybeam,smooth,1000.0,single,coherent_ab,4,10,1,58881,88.065,0.2350680443548387,9.752069536292108e-05,0.5502745938468236,1,4,4,4,0.3308758856684498,0.5502745938468236,0.3308758856684498,0.7280464634021924,9.752069536292108e-05,5642.644279749944,34.53240629583949,34.53240629583949,0.0423555121221406,False,20265127,100,-0.2110505848412699,-0.5014912428330602,0.5742574257425742,0.6831683168316832,660.8677585187106,121271.91795834126,679.7404929809018,764.2583578367855,768.5042016894686,123273.22424245346,126550.84088082836,127001.42542668495,60.31485300255008,0.886743095976404,0.8379404193378902,121271.91795834126,29295.045574899403,20329787.10384278,0.005965233051329799,1323,0.043799776734723475,-1.445965571882522,1.4440828042107998,-4095.9999999999995,4090.666666666666,C:\Users\kimeu\Downloads\starlink_pathB_wsl_package_v0_3_clean\starlink_pathB\paper_final_experiment_check\outputs\coverage_null_global_stats_all_tle_full\157_146_lst000_stress_frozen_polybeam_smooth_S1000_single.npz,9.10175923472585,9444.443085672718,1.7798436919007438e-05,140609741.2109375,False,False,False,False,False,False,False,False,False,False,False,False
157_146,140.36979839670377,mid,stress,0,2461041.5,2461041.506822953,frozen_polybeam,smooth,1000.0,multi,coherent_ab,4,10,10,58881;58881;46696;46696;48029;48029;54100;54100;58069;58069,88.065;88.065;86.822;86.617;85.104;85.104;83.508;83.508;77.989;77.989,0.2350680443548387,9.752069536292108e-05,0.5502745938468236,1,4,4,4,0.3308758856684498,0.5502745938468236,0.3308758856684498,0.7280464634021924,9.752069536292108e-05,5642.644279749944,168.09842211977445,34.53240629583949,0.23886077001068695,False,20265144,100,0.36518311837603934,1.720126646970792,0.39603960396039606,0.09900990099009901,1263.484604524965,343566.5817154795,1126.0352854973244,1973.1669603527441,2339.1787362898467,243319.59793642798,354741.8889925079,384199.3146230696,253.8679662761133,3.3469414707913927,2.13526948400886,343566.5817154795,64140.34318615026,20329787.10384278,0.01689966451495883,1323,0.043799776734723475,-1.445965571882522,1.4440828042107998,-4095.9999999999995,4090.666666666666,C:\Users\kimeu\Downloads\starlink_pathB_wsl_package_v0_3_clean\starlink_pathB\paper_final_experiment_check\outputs\coverage_null_global_stats_all_tle_full\157_146_lst000_stress_frozen_polybeam_smooth_S1000_multi.npz,9.10175923472585,9444.443085672718,1.7798436919007438e-05,140609741.2109375,False,False,False,False,False,False,False,False,False,False,False,False
157_146,140.36979839670377,mid,stress,0,2461041.5,2461041.506822953,frozen_polybeam,lines,30.0,single,coherent_ab,4,10,1,58881,88.065,0.2350680443548387,9.752069536292108e-05,0.5502745938468236,1,4,4,4,0.3308758856684498,0.5502745938468236,0.3308758856684498,0.7280464634021924,9.752069536292108e-05,5642.644279749944,1.0358888768192613,1.0358888768192613,0.0012718818851912448,False,20265161,100,-0.10119615189342954,-0.5279357011456975,0.5643564356435643,0.7425742574257426,19.81668543061096,3624.664673908325,20.108016467187554,22.89309467847197,23.15441173005922,3675.013797767533,3802.190899733623,3804.0232557759173,1.9417743505364342,1.0948772575282093,0.9975585383000194,3624.664673908325,875.219230278969,20329787.10384278,0.00017829329227078737,1323,0.043799776734723475,-1.445965571882522,1.4440828042107998,-4095.9999999999995,4090.666666666666,C:\Users\kimeu\Downloads\starlink_pathB_wsl_package_v0_3_clean\starlink_pathB\paper_final_experiment_check\outputs\coverage_null_global_stats_all_tle_full\157_146_lst000_stress_frozen_polybeam_lines_S30_single.npz,9.10175923472585,9444.443085672718,1.7798436919007438e-05,140609741.2109375,False,False,False,False,False,False,False,False,False,False,False,False
157_146,140.36979839670377,mid,stress,0,2461041.5,2461041.506822953,frozen_polybeam,lines,30.0,multi,coherent_ab,4,10,10,58881;58881;46696;46696;48029;48029;54100;54100;58069;58069,88.065;88.065;86.822;86.617;85.104;85.104;83.508;83.508;77.989;77.989,0.2350680443548387,9.752069536292108e-05,0.5502745938468236,1,4,4,4,0.3308758856684498,0.5502745938468236,0.3308758856684498,0.7280464634021924,9.752069536292108e-05,5642.644279749944,5.042589233945235,1.0358888768192613,0.007174423637954628,False,20265178,100,0.5146182395928052,1.3319211340825297,0.38613861386138615,0.06930693069306931,37.050882720366644,10254.107861199536,31.199781642396374,54.47617636947251,63.35142644586625,7620.603498125114,10575.001052876662,11392.41458450748,7.668817982388646,3.245424746398095,2.1999699763341787,10254.107861199536,1868.5480321495006,20329787.10384278,0.0005043883543306404,1323,0.043799776734723475,-1.445965571882522,1.4440828042107998,-4095.9999999999995,4090.666666666666,C:\Users\kimeu\Downloads\starlink_pathB_wsl_package_v0_3_clean\starlink_pathB\paper_final_experiment_check\outputs\coverage_null_global_stats_all_tle_full\157_146_lst000_stress_frozen_polybeam_lines_S30_multi.npz,9.10175923472585,9444.443085672718,1.7798436919007438e-05,140609741.2109375,False,False,False,False,False,False,False,False,False,False,False,False
157_146,140.36979839670377,mid,stress,0,2461041.5,2461041.506822953,frozen_polybeam,lines,1000.0,single,coherent_ab,4,10,1,58881,88.065,0.2350680443548387,9.752069536292108e-05,0.5502745938468236,1,4,4,4,0.3308758856684498,0.5502745938468236,0.3308758856684498,0.7280464634021924,9.752069536292108e-05,5642.644279749944,34.5296292273087,34.5296292273087,0.04239606283970815,False,20265195,100,0.050829227699087196,-0.39359915657352973,0.48514851485148514,0.6237623762376238,660.6155811943318,121210.96242376757,653.8610354889715,759.8968927123457,769.7581960067458,122699.77708704513,126830.20340222568,127047.41202866597,89.63108174098033,1.1398526157858082,1.0484172653736685,121210.96242376757,29183.910170198673,20329787.10384278,0.005962234715230049,1323,0.043799776734723475,-1.445965571882522,1.4440828042107998,-4095.9999999999995,4090.666666666666,C:\Users\kimeu\Downloads\starlink_pathB_wsl_package_v0_3_clean\starlink_pathB\paper_final_experiment_check\outputs\coverage_null_global_stats_all_tle_full\157_146_lst000_stress_frozen_polybeam_lines_S1000_single.npz,9.10175923472585,9444.443085672718,1.7798436919007438e-05,140609741.2109375,False,False,False,False,False,False,False,False,False,False,False,False
157_146,140.36979839670377,mid,stress,0,2461041.5,2461041.506822953,frozen_polybeam,lines,1000.0,multi,coherent_ab,4,10,10,58881;58881;46696;46696;48029;48029;54100;54100;58069;58069,88.065;88.065;86.822;86.617;85.104;85.104;83.508;83.508;77.989;77.989,0.2350680443548387,9.752069536292108e-05,0.5502745938468236,1,4,4,4,0.3308758856684498,0.5502745938468236,0.3308758856684498,0.7280464634021924,9.752069536292108e-05,5642.644279749944,168.08630779817452,34.5296292273087,0.2391474545984876,False,20265212,100,0.4443376034293659,1.273690590322109,0.2871287128712871,0.06930693069306931,1266.889791807287,343980.33929694735,1069.3878686732896,1851.186195096311,1959.580717700729,250395.90893738327,346643.3669072625,354779.26989790425,299.8018198428581,3.8551608327922957,2.2412279928254324,343980.33929694735,64177.3437855287,20329787.10384278,0.016920016798008055,1323,0.043799776734723475,-1.445965571882522,1.4440828042107998,-4095.9999999999995,4090.666666666666,C:\Users\kimeu\Downloads\starlink_pathB_wsl_package_v0_3_clean\starlink_pathB\paper_final_experiment_check\outputs\coverage_null_global_stats_all_tle_full\157_146_lst000_stress_frozen_polybeam_lines_S1000_multi.npz,9.10175923472585,9444.443085672718,1.7798436919007438e-05,140609741.2109375,False,False,False,False,False,False,False,False,False,False,False,False
157_146,140.36979839670377,mid,stress,0,2461041.5,2461041.506822953,frozen_polybeam,khz_comb,30.0,single,coherent_ab,4,10,1,58881,88.065,0.2350680443548387,9.752069536292108e-05,0.5502745938468236,1,4,4,4,0.3308758856684498,0.5502745938468236,0.3308758856684498,0.7280464634021924,9.752069536292108e-05,5642.644279749944,0.8525140664148679,0.8525140664148679,0.0011495165784068942,False,20265229,100,0.017445901148749103,-0.4798269946125156,0.48514851485148514,0.6633663366336634,18.887384988105623,3434.2143172006795,18.83275722203325,22.28039738579205,22.39537011802481,3486.759500682696,3582.242222472023,3583.5877249441787,2.112010329102759,0.9413227165558448,0.915437543165773,3434.2143172006795,713.5693041233469,20329787.10384278,0.0001689252474538475,1323,0.043799776734723475,-1.445965571882522,1.4440828042107998,-4095.9999999999995,4090.666666666666,C:\Users\kimeu\Downloads\starlink_pathB_wsl_package_v0_3_clean\starlink_pathB\paper_final_experiment_check\outputs\coverage_null_global_stats_all_tle_full\157_146_lst000_stress_frozen_polybeam_khz_comb_S30_single.npz,9.10175923472585,9444.443085672718,1.7798436919007438e-05,140609741.2109375,False,False,False,False,False,False,False,False,False,False,False,False
157_146,140.36979839670377,mid,stress,0,2461041.5,2461041.506822953,frozen_polybeam,khz_comb,30.0,multi,coherent_ab,4,10,10,58881;58881;46696;46696;48029;48029;54100;54100;58069;58069,88.065;88.065;86.822;86.617;85.104;85.104;83.508;83.508;77.989;77.989,0.2350680443548387,9.752069536292108e-05,0.5502745938468236,1,4,4,4,0.3308758856684498,0.5502745938468236,0.3308758856684498,0.7280464634021924,9.752069536292108e-05,5642.644279749944,4.4395687051351285,0.8525140664148679,0.00648564875891675,False,20265246,100,0.9519641497052892,1.8082295787403477,0.24752475247524752,0.0594059405940594,36.89641617694542,9734.583076627565,29.111077068853774,49.98804030473911,55.18882839777253,7199.402120243612,9511.74552453087,10613.763318536196,5.516110338215185,2.885837702757923,2.054263682462943,9734.583076627565,1661.0107707174282,20329787.10384278,0.000478833498201637,1323,0.043799776734723475,-1.445965571882522,1.4440828042107998,-4095.9999999999995,4090.666666666666,C:\Users\kimeu\Downloads\starlink_pathB_wsl_package_v0_3_clean\starlink_pathB\paper_final_experiment_check\outputs\coverage_null_global_stats_all_tle_full\157_146_lst000_stress_frozen_polybeam_khz_comb_S30_multi.npz,9.10175923472585,9444.443085672718,1.7798436919007438e-05,140609741.2109375,False,False,False,False,False,False,False,False,False,False,False,False
157_146,140.36979839670377,mid,stress,0,2461041.5,2461041.506822953,frozen_polybeam,khz_comb,1000.0,single,coherent_ab,4,10,1,58881,88.065,0.2350680443548387,9.752069536292108e-05,0.5502745938468236,1,4,4,4,0.3308758856684498,0.5502745938468236,0.3308758856684498,0.7280464634021924,9.752069536292108e-05,5642.644279749944,28.41713554716226,28.41713554716226,0.038317219280229804,False,20265263,100,0.09553800817953205,-0.4060769732905224,0.4752475247524752,0.6831683168316832,627.9458061548576,114799.82793604227,615.5333944448212,722.206986913732,737.6592531103438,116117.15542226633,119319.29445776682,119756.54523772938,87.63064209488357,1.2678712303609487,1.174764487373834,114799.82793604227,23698.805200574658,20329787.10384278,0.005646878019413325,1323,0.043799776734723475,-1.445965571882522,1.4440828042107998,-4095.9999999999995,4090.666666666666,C:\Users\kimeu\Downloads\starlink_pathB_wsl_package_v0_3_clean\starlink_pathB\paper_final_experiment_check\outputs\coverage_null_global_stats_all_tle_full\157_146_lst000_stress_frozen_polybeam_khz_comb_S1000_single.npz,9.10175923472585,9444.443085672718,1.7798436919007438e-05,140609741.2109375,False,False,False,False,False,False,False,False,False,False,False,False
157_146,140.36979839670377,mid,stress,0,2461041.5,2461041.506822953,frozen_polybeam,khz_comb,1000.0,multi,coherent_ab,4,10,10,58881;58881;46696;46696;48029;48029;54100;54100;58069;58069,88.065;88.065;86.822;86.617;85.104;85.104;83.508;83.508;77.989;77.989,0.2350680443548387,9.752069536292108e-05,0.5502745938468236,1,4,4,4,0.3308758856684498,0.5502745938468236,0.3308758856684498,0.7280464634021924,9.752069536292108e-05,5642.644279749944,147.98562350450425,28.41713554716226,0.21618829196389167,False,20265280,100,0.6082927774079888,1.3585593700392402,0.32673267326732675,0.06930693069306931,1230.2317336196393,326216.0572377958,955.2660756353689,1655.343985752909,1846.1399201845627,220470.85564672766,336081.7225521809,361224.0540430432,304.88903102559925,3.5984655943033856,2.3939667461593026,326216.0572377958,55424.88868349257,20329787.10384278,0.016046211186153233,1323,0.043799776734723475,-1.445965571882522,1.4440828042107998,-4095.9999999999995,4090.666666666666,C:\Users\kimeu\Downloads\starlink_pathB_wsl_package_v0_3_clean\starlink_pathB\paper_final_experiment_check\outputs\coverage_null_global_stats_all_tle_full\157_146_lst000_stress_frozen_polybeam_khz_comb_S1000_multi.npz,9.10175923472585,9444.443085672718,1.7798436919007438e-05,140609741.2109375,False,False,False,False,False,False,False,False,False,False,False,False
157_146,140.36979839670377,mid,stress,0,2461041.5,2461041.506822953,full_polybeam,smooth,30.0,single,coherent_ab,4,10,1,58881,88.065,0.2350680443548387,9.752069536292108e-05,0.5502745938468236,1,4,4,4,0.3308758856684498,0.5502745938468236,0.3308758856684498,0.7280464634021924,9.752069536292108e-05,5642.644279749944,1.2126514374439832,1.2126514374439832,0.001470706732442998,False,20265297,100,0.19265006664045825,-0.04459375995237231,0.46534653465346537,0.5346534653465347,22.210559145667503,3927.2800339445253,21.330544406053377,24.479376547700667,24.88458228992902,3933.1460166211145,4028.761370036223,4029.376021659629,3.081036100447818,1.132727613777258,1.053232152065935,3927.2800339445253,1316.9158023327334,20329787.10384278,0.00019317861096549221,1323,0.043799776734723475,-1.445965571882522,1.4440828042107998,-4095.9999999999995,4090.666666666666,C:\Users\kimeu\Downloads\starlink_pathB_wsl_package_v0_3_clean\starlink_pathB\paper_final_experiment_check\outputs\coverage_null_global_stats_all_tle_full\157_146_lst000_stress_full_polybeam_smooth_S30_single.npz,9.10175923472585,9444.443085672718,1.7798436919007438e-05,140609741.2109375,False,False,False,False,False,False,False,False,False,False,False,False
157_146,140.36979839670377,mid,stress,0,2461041.5,2461041.506822953,full_polybeam,smooth,30.0,multi,coherent_ab,4,10,10,58881;58881;46696;46696;48029;48029;54100;54100;58069;58069,88.065;88.065;86.822;86.617;85.104;85.104;83.508;83.508;77.989;77.989,0.2350680443548387,9.752069536292108e-05,0.5502745938468236,1,4,4,4,0.3308758856684498,0.5502745938468236,0.3308758856684498,0.7280464634021924,9.752069536292108e-05,5642.644279749944,6.276888479061429,1.2126514374439832,0.009384734762359754,False,20265314,100,0.8812747648063377,1.595033843551824,0.24752475247524752,0.09900990099009901,48.411420410557184,12246.708929427155,38.12016457539312,73.23378154570018,94.28657663539217,9035.389818365958,12889.211662847269,13523.574799360576,7.876495777969012,3.5520742170704147,2.074374844448833,12246.708929427155,2113.307603957993,20329787.10384278,0.0006024022222599791,1323,0.043799776734723475,-1.445965571882522,1.4440828042107998,-4095.9999999999995,4090.666666666666,C:\Users\kimeu\Downloads\starlink_pathB_wsl_package_v0_3_clean\starlink_pathB\paper_final_experiment_check\outputs\coverage_null_global_stats_all_tle_full\157_146_lst000_stress_full_polybeam_smooth_S30_multi.npz,9.10175923472585,9444.443085672718,1.7798436919007438e-05,140609741.2109375,False,False,False,False,False,False,False,False,False,False,False,False
157_146,140.36979839670377,mid,stress,0,2461041.5,2461041.506822953,full_polybeam,smooth,1000.0,single,coherent_ab,4,10,1,58881,88.065,0.2350680443548387,9.752069536292108e-05,0.5502745938468236,1,4,4,4,0.3308758856684498,0.5502745938468236,0.3308758856684498,0.7280464634021924,9.752069536292108e-05,5642.644279749944,40.4217145814661,40.4217145814661,0.04902355774809991,False,20265331,100,0.18609496976125695,0.2339187908077808,0.3564356435643564,0.4158415841584158,740.4771302344161,131814.27498334693,710.5771077133904,820.6939869607479,834.1251211610512,130819.02522248134,133908.01347125665,134622.3716437865,108.37095126454369,1.29368800517861,1.140310153782762,131814.27498334693,44437.65358152704,20329787.10384278,0.006483800066869914,1323,0.043799776734723475,-1.445965571882522,1.4440828042107998,-4095.9999999999995,4090.666666666666,C:\Users\kimeu\Downloads\starlink_pathB_wsl_package_v0_3_clean\starlink_pathB\paper_final_experiment_check\outputs\coverage_null_global_stats_all_tle_full\157_146_lst000_stress_full_polybeam_smooth_S1000_single.npz,9.10175923472585,9444.443085672718,1.7798436919007438e-05,140609741.2109375,False,False,False,False,False,False,False,False,False,False,False,False
157_146,140.36979839670377,mid,stress,0,2461041.5,2461041.506822953,full_polybeam,smooth,1000.0,multi,coherent_ab,4,10,10,58881;58881;46696;46696;48029;48029;54100;54100;58069;58069,88.065;88.065;86.822;86.617;85.104;85.104;83.508;83.508;77.989;77.989,0.2350680443548387,9.752069536292108e-05,0.5502745938468236,1,4,4,4,0.3308758856684498,0.5502745938468236,0.3308758856684498,0.7280464634021924,9.752069536292108e-05,5642.644279749944,209.2296159687143,40.4217145814661,0.31282449207865837,False,20265348,100,1.0014839002752198,1.635552218402534,0.25742574257425743,0.0594059405940594,1858.7800480979058,413350.15510178753,1309.0063655009908,2519.2411943885404,2698.997744513442,293617.0662396272,410551.41540030413,450130.838686493,370.2678281828921,4.511369897720585,2.3695030215696913,413350.15510178753,84081.42532546536,20329787.10384278,0.020332242191737227,1323,0.043799776734723475,-1.445965571882522,1.4440828042107998,-4095.9999999999995,4090.666666666666,C:\Users\kimeu\Downloads\starlink_pathB_wsl_package_v0_3_clean\starlink_pathB\paper_final_experiment_check\outputs\coverage_null_global_stats_all_tle_full\157_146_lst000_stress_full_polybeam_smooth_S1000_multi.npz,9.10175923472585,9444.443085672718,1.7798436919007438e-05,140609741.2109375,False,False,False,False,False,False,False,False,False,False,False,False
157_146,140.36979839670377,mid,stress,0,2461041.5,2461041.506822953,full_polybeam,lines,30.0,single,coherent_ab,4,10,1,58881,88.065,0.2350680443548387,9.752069536292108e-05,0.5502745938468236,1,4,4,4,0.3308758856684498,0.5502745938468236,0.3308758856684498,0.7280464634021924,9.752069536292108e-05,5642.644279749944,1.212553916984016,1.212553916984016,0.0014721397928632173,False,20265365,100,0.06635961693082096,0.2140298869764659,0.49504950495049505,0.45544554455445546,22.32679811591879,3924.370952559512,22.088636875549128,24.675966877158864,24.925106167830528,3899.1443368737328,4024.2290046195585,4027.215482471947,2.420712525545241,1.026189454589261,0.9358232240642446,3924.370952559512,1313.6925810005082,20329787.10384278,0.00019303551643281688,1323,0.043799776734723475,-1.445965571882522,1.4440828042107998,-4095.9999999999995,4090.666666666666,C:\Users\kimeu\Downloads\starlink_pathB_wsl_package_v0_3_clean\starlink_pathB\paper_final_experiment_check\outputs\coverage_null_global_stats_all_tle_full\157_146_lst000_stress_full_polybeam_lines_S30_single.npz,9.10175923472585,9444.443085672718,1.7798436919007438e-05,140609741.2109375,False,False,False,False,False,False,False,False,False,False,False,False
157_146,140.36979839670377,mid,stress,0,2461041.5,2461041.506822953,full_polybeam,lines,30.0,multi,coherent_ab,4,10,10,58881;58881;46696;46696;48029;48029;54100;54100;58069;58069,88.065;88.065;86.822;86.617;85.104;85.104;83.508;83.508;77.989;77.989,0.2350680443548387,9.752069536292108e-05,0.5502745938468236,1,4,4,4,0.3308758856684498,0.5502745938468236,0.3308758856684498,0.7280464634021924,9.752069536292108e-05,5642.644279749944,6.276466511940928,1.212553916984016,0.009395184723249453,False,20265382,100,0.8180431708182114,1.4783023378888835,0.297029702970297,0.09900990099009901,47.530304221378174,12242.113606119932,35.97063076131235,83.229220220384,89.98495939745897,9201.437570328488,12611.129921935677,13157.904940803113,9.53115093373708,3.363219787870911,2.1209362329716046,12242.113606119932,2121.042579262874,20329787.10384278,0.0006021761833308083,1323,0.043799776734723475,-1.445965571882522,1.4440828042107998,-4095.9999999999995,4090.666666666666,C:\Users\kimeu\Downloads\starlink_pathB_wsl_package_v0_3_clean\starlink_pathB\paper_final_experiment_check\outputs\coverage_null_global_stats_all_tle_full\157_146_lst000_stress_full_polybeam_lines_S30_multi.npz,9.10175923472585,9444.443085672718,1.7798436919007438e-05,140609741.2109375,False,False,False,False,False,False,False,False,False,False,False,False
157_146,140.36979839670377,mid,stress,0,2461041.5,2461041.506822953,full_polybeam,lines,1000.0,single,coherent_ab,4,10,1,58881,88.065,0.2350680443548387,9.752069536292108e-05,0.5502745938468236,1,4,4,4,0.3308758856684498,0.5502745938468236,0.3308758856684498,0.7280464634021924,9.752069536292108e-05,5642.644279749944,40.41846389946719,40.41846389946719,0.04907132642877389,False,20265399,100,0.18794453633557898,0.2798998594477727,0.44554455445544555,0.4158415841584158,744.5073496179757,131711.21744730778,717.6623350712434,821.6678147745021,825.819757919764,130428.12718048174,134859.39685241724,134869.11100603756,96.34073223312953,1.0232050326964373,0.953624382227405,131711.21744730778,44328.84404351526,20329787.10384278,0.006478730779350436,1323,0.043799776734723475,-1.445965571882522,1.4440828042107998,-4095.9999999999995,4090.666666666666,C:\Users\kimeu\Downloads\starlink_pathB_wsl_package_v0_3_clean\starlink_pathB\paper_final_experiment_check\outputs\coverage_null_global_stats_all_tle_full\157_146_lst000_stress_full_polybeam_lines_S1000_single.npz,9.10175923472585,9444.443085672718,1.7798436919007438e-05,140609741.2109375,False,False,False,False,False,False,False,False,False,False,False,False
157_146,140.36979839670377,mid,stress,0,2461041.5,2461041.506822953,full_polybeam,lines,1000.0,multi,coherent_ab,4,10,10,58881;58881;46696;46696;48029;48029;54100;54100;58069;58069,88.065;88.065;86.822;86.617;85.104;85.104;83.508;83.508;77.989;77.989,0.2350680443548387,9.752069536292108e-05,0.5502745938468236,1,4,4,4,0.3308758856684498,0.5502745938468236,0.3308758856684498,0.7280464634021924,9.752069536292108e-05,5642.644279749944,209.21555039803093,40.41846389946719,0.31317282410831504,False,20265416,100,1.3655240410593594,1.648639830464035,0.18811881188118812,0.0297029702970297,1829.0545098731382,413273.6732845091,1190.3110741501005,2345.346176292427,2633.9589852983145,296820.243842577,394119.50494053034,427480.3098538126,315.5027169915593,3.3634673020370327,2.339024231457294,413273.6732845091,84302.8729182749,20329787.10384278,0.02032848013476694,1323,0.043799776734723475,-1.445965571882522,1.4440828042107998,-4095.9999999999995,4090.666666666666,C:\Users\kimeu\Downloads\starlink_pathB_wsl_package_v0_3_clean\starlink_pathB\paper_final_experiment_check\outputs\coverage_null_global_stats_all_tle_full\157_146_lst000_stress_full_polybeam_lines_S1000_multi.npz,9.10175923472585,9444.443085672718,1.7798436919007438e-05,140609741.2109375,False,False,False,False,False,False,False,False,False,False,False,False
157_146,140.36979839670377,mid,stress,0,2461041.5,2461041.506822953,full_polybeam,khz_comb,30.0,single,coherent_ab,4,10,1,58881,88.065,0.2350680443548387,9.752069536292108e-05,0.5502745938468236,1,4,4,4,0.3308758856684498,0.5502745938468236,0.3308758856684498,0.7280464634021924,9.752069536292108e-05,5642.644279749944,0.9979055607676729,0.9979055607676729,0.0013052226042680525,False,20265433,100,0.23255885188632291,-0.05854784237355321,0.27722772277227725,0.5247524752475248,20.22262135615165,3605.735064434318,19.10932254873478,22.437194512496625,22.813254195857517,3612.4725495724633,3708.246850784485,3711.2104338370523,3.228902069511605,1.065097547868188,1.0166071279533564,3605.735064434318,1074.2184840698724,20329787.10384278,0.00017736216547751028,1323,0.043799776734723475,-1.445965571882522,1.4440828042107998,-4095.9999999999995,4090.666666666666,C:\Users\kimeu\Downloads\starlink_pathB_wsl_package_v0_3_clean\starlink_pathB\paper_final_experiment_check\outputs\coverage_null_global_stats_all_tle_full\157_146_lst000_stress_full_polybeam_khz_comb_S30_single.npz,9.10175923472585,9444.443085672718,1.7798436919007438e-05,140609741.2109375,False,False,False,False,False,False,False,False,False,False,False,False
157_146,140.36979839670377,mid,stress,0,2461041.5,2461041.506822953,full_polybeam,khz_comb,30.0,multi,coherent_ab,4,10,10,58881;58881;46696;46696;48029;48029;54100;54100;58069;58069,88.065;88.065;86.822;86.617;85.104;85.104;83.508;83.508;77.989;77.989,0.2350680443548387,9.752069536292108e-05,0.5502745938468236,1,4,4,4,0.3308758856684498,0.5502745938468236,0.3308758856684498,0.7280464634021924,9.752069536292108e-05,5642.644279749944,5.4227697964628545,0.9979055607676729,0.008231114204932645,False,20265450,100,0.525036281924678,1.226391697839323,0.32673267326732675,0.13861386138613863,40.275018412430654,11015.725159214418,33.22771157014358,66.65469045117133,76.62769560329266,8337.195211258697,11439.397653816142,12308.06362774191,9.05336165892004,3.322522460800819,2.0923407213179868,11015.725159214418,1853.2008349461778,20329787.10384278,0.0005418514765032735,1323,0.043799776734723475,-1.445965571882522,1.4440828042107998,-4095.9999999999995,4090.666666666666,C:\Users\kimeu\Downloads\starlink_pathB_wsl_package_v0_3_clean\starlink_pathB\paper_final_experiment_check\outputs\coverage_null_global_stats_all_tle_full\157_146_lst000_stress_full_polybeam_khz_comb_S30_multi.npz,9.10175923472585,9444.443085672718,1.7798436919007438e-05,140609741.2109375,False,False,False,False,False,False,False,False,False,False,False,False
157_146,140.36979839670377,mid,stress,0,2461041.5,2461041.506822953,full_polybeam,khz_comb,1000.0,single,coherent_ab,4,10,1,58881,88.065,0.2350680443548387,9.752069536292108e-05,0.5502745938468236,1,4,4,4,0.3308758856684498,0.5502745938468236,0.3308758856684498,0.7280464634021924,9.752069536292108e-05,5642.644279749944,33.263518692255765,33.263518692255765,0.04350742014226842,False,20265467,100,0.22660442276447432,-0.16478122760947667,0.297029702970297,0.5742574257425742,674.4386548670736,120858.76059333154,643.0888241323337,761.8379445119936,770.5413515426719,121311.74252193024,123870.16518685162,124233.76171918264,93.31314404094883,1.4622100681413694,1.3693278935232538,120858.76059333154,36115.346789709605,20329787.10384278,0.005944910292271902,1323,0.043799776734723475,-1.445965571882522,1.4440828042107998,-4095.9999999999995,4090.666666666666,C:\Users\kimeu\Downloads\starlink_pathB_wsl_package_v0_3_clean\starlink_pathB\paper_final_experiment_check\outputs\coverage_null_global_stats_all_tle_full\157_146_lst000_stress_full_polybeam_khz_comb_S1000_single.npz,9.10175923472585,9444.443085672718,1.7798436919007438e-05,140609741.2109375,False,False,False,False,False,False,False,False,False,False,False,False
157_146,140.36979839670377,mid,stress,0,2461041.5,2461041.506822953,full_polybeam,khz_comb,1000.0,multi,coherent_ab,4,10,10,58881;58881;46696;46696;48029;48029;54100;54100;58069;58069,88.065;88.065;86.822;86.617;85.104;85.104;83.508;83.508;77.989;77.989,0.2350680443548387,9.752069536292108e-05,0.5502745938468236,1,4,4,4,0.3308758856684498,0.5502745938468236,0.3308758856684498,0.7280464634021924,9.752069536292108e-05,5642.644279749944,180.75899321542852,33.263518692255765,0.2743704734977549,False,20265484,100,0.5416828232619663,1.4864141752242115,0.36633663366336633,0.0594059405940594,1501.018592960434,370652.5912834351,1175.7293954092784,2323.0427888077998,2508.623738558066,279071.9261061171,370779.1037786502,392222.3174780698,405.04248701218967,3.8581020683719482,2.1387640516139994,370652.5912834351,70089.99003772528,20329787.10384278,0.01823199571103101,1323,0.043799776734723475,-1.445965571882522,1.4440828042107998,-4095.9999999999995,4090.666666666666,C:\Users\kimeu\Downloads\starlink_pathB_wsl_package_v0_3_clean\starlink_pathB\paper_final_experiment_check\outputs\coverage_null_global_stats_all_tle_full\157_146_lst000_stress_full_polybeam_khz_comb_S1000_multi.npz,9.10175923472585,9444.443085672718,1.7798436919007438e-05,140609741.2109375,False,False,False,False,False,False,False,False,False,False,False,False
159_76,156.200250406372,mid,quiet,22,2461041.652777778,2461041.6596007315,frozen_polybeam,smooth,30.0,single,coherent_ab,3,22,1,56298,87.774,0.1653960853494623,1.856210936167349e-08,0.0434769020580605,0,3,3,3,0.0,0.0434769020580605,0.0,0.1229563272443203,1.856210936167349e-08,2342239.3010909874,1.1180981086253718,1.1180981086253718,0.0012462960673136538,False,20265523,100,0.08032425485739948,-1.3519628834688702,0.43564356435643564,0.7029702970297029,3.684978819645039,714.7291157953337,3.6445424975696596,5.293825750286987,5.317331655296339,748.5597112561363,767.4893354035974,768.3881361700999,0.33954781946602,1.17043420432391,1.0738728374612532,714.7291157953337,107.19922954787377,2853791.4132691333,0.00025044896850978416,1303,0.04873937393834462,-1.445965571882522,1.4440828042107998,-4095.9999999999995,4090.666666666666,C:\Users\kimeu\Downloads\starlink_pathB_wsl_package_v0_3_clean\starlink_pathB\paper_final_experiment_check\outputs\coverage_null_global_stats_all_tle_full\159_76_lst022_quiet_frozen_polybeam_smooth_S30_single.npz,9.10175923472585,9444.443085672718,1.7798436919007438e-05,140609741.2109375,False,False,False,False,False,False,False,False,False,False,False,False
159_76,156.200250406372,mid,quiet,22,2461041.652777778,2461041.6596007315,frozen_polybeam,smooth,30.0,multi,coherent_ab,3,22,12,56298;56298;56504;56504;54806;54807;54807;49809;49809;45217;45217;56175,87.774;87.774;86.007;86.007;85.495;82.191;82.191;81.972;81.972;81.305;81.305;79.118,0.1653960853494623,1.856210936167349e-08,0.0434769020580605,0,3,3,3,0.0,0.0434769020580605,0.0,0.1229563272443203,1.856210936167349e-08,2342239.3010909874,4.419977397090982,1.1180981086253718,0.005955321219905903,False,20265540,100,0.18756299544712401,0.7168765050752884,0.4158415841584158,0.13861386138613863,7.409419696287841,1934.5618400237445,6.936866416278917,11.692427528245844,13.997658209736857,1601.1085100999624,2212.820986747223,2577.923370674943,1.6993374410904494,3.8289068792728456,2.0324946233676906,1934.5618400237445,-335.87856820887924,2853791.4132691333,0.0006778918147376531,1303,0.04873937393834462,-1.445965571882522,1.4440828042107998,-4095.9999999999995,4090.666666666666,C:\Users\kimeu\Downloads\starlink_pathB_wsl_package_v0_3_clean\starlink_pathB\paper_final_experiment_check\outputs\coverage_null_global_stats_all_tle_full\159_76_lst022_quiet_frozen_polybeam_smooth_S30_multi.npz,9.10175923472585,9444.443085672718,1.7798436919007438e-05,140609741.2109375,False,False,False,False,False,False,False,False,False,False,False,False
159_76,156.200250406372,mid,quiet,22,2461041.652777778,2461041.6596007315,frozen_polybeam,smooth,1000.0,single,coherent_ab,3,22,1,56298,87.774,0.1653960853494623,1.856210936167349e-08,0.0434769020580605,0,3,3,3,0.0,0.0434769020580605,0.0,0.1229563272443203,1.856210936167349e-08,2342239.3010909874,37.269936954179045,37.269936954179045,0.04154320224378846,False,20265557,100,0.14546042850227212,-0.4025736840946162,0.40594059405940597,0.6138613861386139,125.12434195450987,24078.858625546232,122.08894943100472,175.38423125964331,177.42681653888104,24593.51192709947,25961.8949342314,26019.62979054535,14.074922159717062,1.10786865221928,0.978055156302213,24078.858625546232,2134.7451922140535,2853791.4132691333,0.008437497748990325,1303,0.04873937393834462,-1.445965571882522,1.4440828042107998,-4095.9999999999995,4090.666666666666,C:\Users\kimeu\Downloads\starlink_pathB_wsl_package_v0_3_clean\starlink_pathB\paper_final_experiment_check\outputs\coverage_null_global_stats_all_tle_full\159_76_lst022_quiet_frozen_polybeam_smooth_S1000_single.npz,9.10175923472585,9444.443085672718,1.7798436919007438e-05,140609741.2109375,False,False,False,False,False,False,False,False,False,False,False,False
159_76,156.200250406372,mid,quiet,22,2461041.652777778,2461041.6596007315,frozen_polybeam,smooth,1000.0,multi,coherent_ab,3,22,12,56298;56298;56504;56504;54806;54807;54807;49809;49809;45217;45217;56175,87.774;87.774;86.007;86.007;85.495;82.191;82.191;81.972;81.972;81.305;81.305;79.118,0.1653960853494623,1.856210936167349e-08,0.0434769020580605,0,3,3,3,0.0,0.0434769020580605,0.0,0.1229563272443203,1.856210936167349e-08,2342239.3010909874,147.33257990303272,37.269936954179045,0.19851070733019674,False,20265574,100,0.0826218628603738,0.6230106604280828,0.46534653465346537,0.21782178217821782,262.4222783616515,68657.963661115,255.58453594708044,424.09816097259915,481.54941916789124,58373.46943025604,81612.24605479688,86376.51282381843,55.82050458125536,3.7193453109094454,1.7892926982257238,68657.963661115,-16608.701399850434,2853791.4132691333,0.024058508040174013,1303,0.04873937393834462,-1.445965571882522,1.4440828042107998,-4095.9999999999995,4090.666666666666,C:\Users\kimeu\Downloads\starlink_pathB_wsl_package_v0_3_clean\starlink_pathB\paper_final_experiment_check\outputs\coverage_null_global_stats_all_tle_full\159_76_lst022_quiet_frozen_polybeam_smooth_S1000_multi.npz,9.10175923472585,9444.443085672718,1.7798436919007438e-05,140609741.2109375,False,False,False,False,False,False,False,False,False,False,False,False
159_76,156.200250406372,mid,quiet,22,2461041.652777778,2461041.6596007315,frozen_polybeam,lines,30.0,single,coherent_ab,3,22,1,56298,87.774,0.1653960853494623,1.856210936167349e-08,0.0434769020580605,0,3,3,3,0.0,0.0434769020580605,0.0,0.1229563272443203,1.856210936167349e-08,2342239.3010909874,1.117994530510078,1.117994530510078,0.0012480425480126155,False,20265591,100,-0.09134484547000382,-0.3831963278163067,0.5544554455445545,0.594059405940594,3.6326804976433777,715.1515810528125,3.6933679584933543,5.16207453524512,5.274939091116003,731.3315189415653,768.1992761801858,768.2935534967322,0.4481164903043009,0.9350348599637024,0.8834452597974971,715.1515810528125,107.26813049304778,2853791.4132691333,0.00025059700499749474,1303,0.04873937393834462,-1.445965571882522,1.4440828042107998,-4095.9999999999995,4090.666666666666,C:\Users\kimeu\Downloads\starlink_pathB_wsl_package_v0_3_clean\starlink_pathB\paper_final_experiment_check\outputs\coverage_null_global_stats_all_tle_full\159_76_lst022_quiet_frozen_polybeam_lines_S30_single.npz,9.10175923472585,9444.443085672718,1.7798436919007438e-05,140609741.2109375,False,False,False,False,False,False,False,False,False,False,False,False
159_76,156.200250406372,mid,quiet,22,2461041.652777778,2461041.6596007315,frozen_polybeam,lines,30.0,multi,coherent_ab,3,22,12,56298;56298;56504;56504;54806;54807;54807;49809;49809;45217;45217;56175,87.774;87.774;86.007;86.007;85.495;82.191;82.191;81.972;81.972;81.305;81.305;79.118,0.1653960853494623,1.856210936167349e-08,0.0434769020580605,0,3,3,3,0.0,0.0434769020580605,0.0,0.1229563272443203,1.856210936167349e-08,2342239.3010909874,4.419647005951552,1.117994530510078,0.005962982871080478,False,20265608,100,0.00991970160806685,0.7983598206824539,0.49504950495049505,0.21782178217821782,7.460512218243821,1934.8232070688155,7.437295334747432,12.691953925184178,14.310000262463362,1646.4636032629376,2423.50934556484,2604.882641269323,1.5786335114580652,3.3772700651453738,1.8062263587015177,1934.8232070688155,-336.4387772467162,2853791.4132691333,0.0006779834006341751,1303,0.04873937393834462,-1.445965571882522,1.4440828042107998,-4095.9999999999995,4090.666666666666,C:\Users\kimeu\Downloads\starlink_pathB_wsl_package_v0_3_clean\starlink_pathB\paper_final_experiment_check\outputs\coverage_null_global_stats_all_tle_full\159_76_lst022_quiet_frozen_polybeam_lines_S30_multi.npz,9.10175923472585,9444.443085672718,1.7798436919007438e-05,140609741.2109375,False,False,False,False,False,False,False,False,False,False,False,False
159_76,156.200250406372,mid,quiet,22,2461041.652777778,2461041.6596007315,frozen_polybeam,lines,1000.0,single,coherent_ab,3,22,1,56298,87.774,0.1653960853494623,1.856210936167349e-08,0.0434769020580605,0,3,3,3,0.0,0.0434769020580605,0.0,0.1229563272443203,1.856210936167349e-08,2342239.3010909874,37.266484350335936,37.266484350335936,0.04160141826708718,False,20265625,100,-0.028821259174459705,-0.4899414693784449,0.5148514851485149,0.6138613861386139,123.41800688347394,24090.59155814629,124.07498264696721,178.5370744414685,179.5508151499389,24684.509108121892,25978.450391034094,26011.118875221207,15.374903608270415,1.0411819074378827,0.9986399905875034,24090.59155814629,2137.527622063,2853791.4132691333,0.008441609098034795,1303,0.04873937393834462,-1.445965571882522,1.4440828042107998,-4095.9999999999995,4090.666666666666,C:\Users\kimeu\Downloads\starlink_pathB_wsl_package_v0_3_clean\starlink_pathB\paper_final_experiment_check\outputs\coverage_null_global_stats_all_tle_full\159_76_lst022_quiet_frozen_polybeam_lines_S1000_single.npz,9.10175923472585,9444.443085672718,1.7798436919007438e-05,140609741.2109375,False,False,False,False,False,False,False,False,False,False,False,False
159_76,156.200250406372,mid,quiet,22,2461041.652777778,2461041.6596007315,frozen_polybeam,lines,1000.0,multi,coherent_ab,3,22,12,56298;56298;56504;56504;54806;54807;54807;49809;49809;45217;45217;56175,87.774;87.774;86.007;86.007;85.495;82.191;82.191;81.972;81.972;81.305;81.305;79.118,0.1653960853494623,1.856210936167349e-08,0.0434769020580605,0,3,3,3,0.0,0.0434769020580605,0.0,0.1229563272443203,1.856210936167349e-08,2342239.3010909874,147.32156686505178,37.266484350335936,0.1987660957026826,False,20265642,100,0.33117320142506523,0.9124310895181013,0.40594059405940597,0.12871287128712872,263.86208056490614,68679.3493537776,232.61253486815895,394.31097256588146,414.99878881493026,53061.292329155214,80241.55057565134,85582.79144280785,63.645034439982624,3.8942556116964604,1.9391465069889648,68679.3493537776,-16626.96041898789,2853791.4132691333,0.024066001822853136,1303,0.04873937393834462,-1.445965571882522,1.4440828042107998,-4095.9999999999995,4090.666666666666,C:\Users\kimeu\Downloads\starlink_pathB_wsl_package_v0_3_clean\starlink_pathB\paper_final_experiment_check\outputs\coverage_null_global_stats_all_tle_full\159_76_lst022_quiet_frozen_polybeam_lines_S1000_multi.npz,9.10175923472585,9444.443085672718,1.7798436919007438e-05,140609741.2109375,False,False,False,False,False,False,False,False,False,False,False,False
159_76,156.200250406372,mid,quiet,22,2461041.652777778,2461041.6596007315,frozen_polybeam,khz_comb,30.0,single,coherent_ab,3,22,1,56298,87.774,0.1653960853494623,1.856210936167349e-08,0.0434769020580605,0,3,3,3,0.0,0.0434769020580605,0.0,0.1229563272443203,1.856210936167349e-08,2342239.3010909874,0.9200852376765339,0.9200852376765339,0.0010690447133189433,False,20265659,100,0.23203933231264876,-0.08663993020130478,0.37623762376237624,0.5247524752475248,3.3798518816083742,616.6292981881547,3.239417027983677,4.442811603691507,4.473838868809671,618.9984094758975,658.9450764090358,659.8041736237265,0.4082153233861163,0.9409211099472058,0.8762746014295343,616.6292981881547,101.57472313278925,2853791.4132691333,0.00021607370998491475,1303,0.04873937393834462,-1.445965571882522,1.4440828042107998,-4095.9999999999995,4090.666666666666,C:\Users\kimeu\Downloads\starlink_pathB_wsl_package_v0_3_clean\starlink_pathB\paper_final_experiment_check\outputs\coverage_null_global_stats_all_tle_full\159_76_lst022_quiet_frozen_polybeam_khz_comb_S30_single.npz,9.10175923472585,9444.443085672718,1.7798436919007438e-05,140609741.2109375,False,False,False,False,False,False,False,False,False,False,False,False
159_76,156.200250406372,mid,quiet,22,2461041.652777778,2461041.6596007315,frozen_polybeam,khz_comb,30.0,multi,coherent_ab,3,22,12,56298;56298;56504;56504;54806;54807;54807;49809;49809;45217;45217;56175,87.774;87.774;86.007;86.007;85.495;82.191;82.191;81.972;81.972;81.305;81.305;79.118,0.1653960853494623,1.856210936167349e-08,0.0434769020580605,0,3,3,3,0.0,0.0434769020580605,0.0,0.1229563272443203,1.856210936167349e-08,2342239.3010909874,3.6442432367731965,0.9200852376765339,0.005160920502498755,False,20265676,100,0.10258887061177684,0.9069249754096284,0.44554455445544555,0.16831683168316833,6.898618435801836,1697.1067683070323,6.6551356032823605,11.489402049722365,14.528120261787372,1353.1271075522718,1993.7461346172086,2420.300757166613,1.600825895111484,3.3604034094298965,1.9393655216091978,1697.1067683070323,-273.6501977592321,2853791.4132691333,0.0005946849375241928,1303,0.04873937393834462,-1.445965571882522,1.4440828042107998,-4095.9999999999995,4090.666666666666,C:\Users\kimeu\Downloads\starlink_pathB_wsl_package_v0_3_clean\starlink_pathB\paper_final_experiment_check\outputs\coverage_null_global_stats_all_tle_full\159_76_lst022_quiet_frozen_polybeam_khz_comb_S30_multi.npz,9.10175923472585,9444.443085672718,1.7798436919007438e-05,140609741.2109375,False,False,False,False,False,False,False,False,False,False,False,False
159_76,156.200250406372,mid,quiet,22,2461041.652777778,2461041.6596007315,frozen_polybeam,khz_comb,1000.0,single,coherent_ab,3,22,1,56298,87.774,0.1653960853494623,1.856210936167349e-08,0.0434769020580605,0,3,3,3,0.0,0.0434769020580605,0.0,0.1229563272443203,1.856210936167349e-08,2342239.3010909874,30.66950792255113,30.66950792255113,0.03563482377729811,False,20265693,100,0.14017415241520298,-0.23005153790627822,0.42574257425742573,0.594059405940594,114.31135450432794,20732.8797096788,112.29197998864157,149.00391943204355,150.0364907077479,20988.674778419016,22129.418623158763,22146.58941420506,9.716837428904284,1.0599491786104085,0.9907037948016072,20732.8797096788,2513.181954629329,2853791.4132691333,0.0072650298172733125,1303,0.04873937393834462,-1.445965571882522,1.4440828042107998,-4095.9999999999995,4090.666666666666,C:\Users\kimeu\Downloads\starlink_pathB_wsl_package_v0_3_clean\starlink_pathB\paper_final_experiment_check\outputs\coverage_null_global_stats_all_tle_full\159_76_lst022_quiet_frozen_polybeam_khz_comb_S1000_single.npz,9.10175923472585,9444.443085672718,1.7798436919007438e-05,140609741.2109375,False,False,False,False,False,False,False,False,False,False,False,False
159_76,156.200250406372,mid,quiet,22,2461041.652777778,2461041.6596007315,frozen_polybeam,khz_comb,1000.0,multi,coherent_ab,3,22,12,56298;56298;56504;56504;54806;54807;54807;49809;49809;45217;45217;56175,87.774;87.774;86.007;86.007;85.495;82.191;82.191;81.972;81.972;81.305;81.305;79.118,0.1653960853494623,1.856210936167349e-08,0.0434769020580605,0,3,3,3,0.0,0.0434769020580605,0.0,0.1229563272443203,1.856210936167349e-08,2342239.3010909874,121.47477455910655,30.66950792255113,0.1720306834166252,False,20265710,100,0.16009196932396283,0.8157583631051031,0.42574257425742573,0.16831683168316833,246.30352114201196,59248.28289118642,233.0199757784644,373.9287671676166,399.18024606200424,48480.80676125735,68401.44235685376,77156.0097798389,55.9655093171491,3.459521874102539,1.9339524991034445,59248.28289118642,-11107.404384851488,2853791.4132691333,0.02076125207178864,1303,0.04873937393834462,-1.445965571882522,1.4440828042107998,-4095.9999999999995,4090.666666666666,C:\Users\kimeu\Downloads\starlink_pathB_wsl_package_v0_3_clean\starlink_pathB\paper_final_experiment_check\outputs\coverage_null_global_stats_all_tle_full\159_76_lst022_quiet_frozen_polybeam_khz_comb_S1000_multi.npz,9.10175923472585,9444.443085672718,1.7798436919007438e-05,140609741.2109375,False,False,False,False,False,False,False,False,False,False,False,False
159_76,156.200250406372,mid,quiet,22,2461041.652777778,2461041.6596007315,full_polybeam,smooth,30.0,single,coherent_ab,3,22,1,56298,87.774,0.1653960853494623,1.856210936167349e-08,0.0434769020580605,0,3,3,3,0.0,0.0434769020580605,0.0,0.1229563272443203,1.856210936167349e-08,2342239.3010909874,1.3832201613632504,1.3832201613632504,0.0018441148862823606,False,20265727,100,-0.05196863202302797,-0.648321324639301,0.5643564356435643,0.7524752475247525,4.370788263368013,826.8545960267714,4.401753997424294,6.336908779308078,6.409065012949904,849.999306553691,886.3560723425295,888.0807481286904,0.40189823492210053,1.006444871337988,0.9249923603422312,826.8545960267714,57.23749832492112,2853791.4132691333,0.00028973897397763075,1303,0.04873937393834462,-1.445965571882522,1.4440828042107998,-4095.9999999999995,4090.666666666666,C:\Users\kimeu\Downloads\starlink_pathB_wsl_package_v0_3_clean\starlink_pathB\paper_final_experiment_check\outputs\coverage_null_global_stats_all_tle_full\159_76_lst022_quiet_full_polybeam_smooth_S30_single.npz,9.10175923472585,9444.443085672718,1.7798436919007438e-05,140609741.2109375,False,False,False,False,False,False,False,False,False,False,False,False
159_76,156.200250406372,mid,quiet,22,2461041.652777778,2461041.6596007315,full_polybeam,smooth,30.0,multi,coherent_ab,3,22,12,56298;56298;56504;56504;54806;54807;54807;49809;49809;45217;45217;56175,87.774;87.774;86.007;86.007;85.495;82.191;82.191;81.972;81.972;81.305;81.305;79.118,0.1653960853494623,1.856210936167349e-08,0.0434769020580605,0,3,3,3,0.0,0.0434769020580605,0.0,0.1229563272443203,1.856210936167349e-08,2342239.3010909874,6.352773677376664,1.3832201613632504,0.009394215359376887,False,20265744,100,0.9126698748569332,0.6551261222984893,0.24752475247524752,0.19801980198019803,13.200432446592458,2696.575065374922,10.141761318888712,17.343369669294315,19.465605590963435,2273.773659730416,3257.7601548897196,3545.6344420008445,2.2604508692011223,3.4273612870557666,1.9990940151469068,2696.575065374922,-572.3083222321068,2853791.4132691333,0.0009449096569695983,1303,0.04873937393834462,-1.445965571882522,1.4440828042107998,-4095.9999999999995,4090.666666666666,C:\Users\kimeu\Downloads\starlink_pathB_wsl_package_v0_3_clean\starlink_pathB\paper_final_experiment_check\outputs\coverage_null_global_stats_all_tle_full\159_76_lst022_quiet_full_polybeam_smooth_S30_multi.npz,9.10175923472585,9444.443085672718,1.7798436919007438e-05,140609741.2109375,False,False,False,False,False,False,False,False,False,False,False,False
159_76,156.200250406372,mid,quiet,22,2461041.652777778,2461041.6596007315,full_polybeam,smooth,1000.0,single,coherent_ab,3,22,1,56298,87.774,0.1653960853494623,1.856210936167349e-08,0.0434769020580605,0,3,3,3,0.0,0.0434769020580605,0.0,0.1229563272443203,1.856210936167349e-08,2342239.3010909874,46.10733871210836,46.10733871210836,0.06147049620941202,False,20265761,100,0.02537127851669204,0.0191049341040197,0.49504950495049505,0.49504950495049505,147.0576293963859,28665.41985100873,146.14034355189438,212.40311578222335,218.1714845434341,28642.54724971955,31212.957741380043,32080.611595902534,24.38587497674439,1.8046013668092042,1.4186879377129094,28665.41985100873,-4845.72187552226,2853791.4132691333,0.010044679410599016,1303,0.04873937393834462,-1.445965571882522,1.4440828042107998,-4095.9999999999995,4090.666666666666,C:\Users\kimeu\Downloads\starlink_pathB_wsl_package_v0_3_clean\starlink_pathB\paper_final_experiment_check\outputs\coverage_null_global_stats_all_tle_full\159_76_lst022_quiet_full_polybeam_smooth_S1000_single.npz,9.10175923472585,9444.443085672718,1.7798436919007438e-05,140609741.2109375,False,False,False,False,False,False,False,False,False,False,False,False
159_76,156.200250406372,mid,quiet,22,2461041.652777778,2461041.6596007315,full_polybeam,smooth,1000.0,multi,coherent_ab,3,22,12,56298;56298;56504;56504;54806;54807;54807;49809;49809;45217;45217;56175,87.774;87.774;86.007;86.007;85.495;82.191;82.191;81.972;81.972;81.305;81.305;79.118,0.1653960853494623,1.856210936167349e-08,0.0434769020580605,0,3,3,3,0.0,0.0434769020580605,0.0,0.1229563272443203,1.856210936167349e-08,2342239.3010909874,211.75912257922218,46.10733871210836,0.3131405119792295,False,20265778,100,0.43115498084494697,1.0411929544419185,0.3465346534653465,0.0891089108910891,357.3487126137097,111907.80017597924,316.0705747161678,532.4610660228083,647.5343470529185,83833.49538184956,115719.8584974024,123923.7765309302,64.5747441574963,3.060631201570047,1.5704419615618852,111907.80017597924,-68196.93688501453,2853791.4132691333,0.03921372797452787,1303,0.04873937393834462,-1.445965571882522,1.4440828042107998,-4095.9999999999995,4090.666666666666,C:\Users\kimeu\Downloads\starlink_pathB_wsl_package_v0_3_clean\starlink_pathB\paper_final_experiment_check\outputs\coverage_null_global_stats_all_tle_full\159_76_lst022_quiet_full_polybeam_smooth_S1000_multi.npz,9.10175923472585,9444.443085672718,1.7798436919007438e-05,140609741.2109375,False,False,False,False,False,False,False,False,False,False,False,False
159_76,156.200250406372,mid,quiet,22,2461041.652777778,2461041.6596007315,full_polybeam,lines,30.0,single,coherent_ab,3,22,1,56298,87.774,0.1653960853494623,1.856210936167349e-08,0.0434769020580605,0,3,3,3,0.0,0.0434769020580605,0.0,0.1229563272443203,1.856210936167349e-08,2342239.3010909874,1.383092022932244,1.383092022932244,0.0018460248874511136,False,20265795,100,-0.2876657135245119,-1.3483923760774246,0.6336633663366337,0.8514851485148515,4.3084099122716,826.7673786727198,4.5532837845243535,6.36593379799965,6.3819222878592425,864.731784147268,885.2982300898241,886.6916518965546,0.5741565862963398,1.316205846146916,1.110385799312308,826.7673786727198,57.43526720575289,2853791.4132691333,0.00028970841205441306,1303,0.04873937393834462,-1.445965571882522,1.4440828042107998,-4095.9999999999995,4090.666666666666,C:\Users\kimeu\Downloads\starlink_pathB_wsl_package_v0_3_clean\starlink_pathB\paper_final_experiment_check\outputs\coverage_null_global_stats_all_tle_full\159_76_lst022_quiet_full_polybeam_lines_S30_single.npz,9.10175923472585,9444.443085672718,1.7798436919007438e-05,140609741.2109375,False,False,False,False,False,False,False,False,False,False,False,False
159_76,156.200250406372,mid,quiet,22,2461041.652777778,2461041.6596007315,full_polybeam,lines,30.0,multi,coherent_ab,3,22,12,56298;56298;56504;56504;54806;54807;54807;49809;49809;45217;45217;56175,87.774;87.774;86.007;86.007;85.495;82.191;82.191;81.972;81.972;81.305;81.305;79.118,0.1653960853494623,1.856210936167349e-08,0.0434769020580605,0,3,3,3,0.0,0.0434769020580605,0.0,0.1229563272443203,1.856210936167349e-08,2342239.3010909874,6.352330200413178,1.383092022932244,0.009403297987759287,False,20265812,100,1.0980057894613078,0.684099068936085,0.1782178217821782,0.2079207920792079,13.102917027850708,2695.116103568223,9.138472489815285,16.364387502739373,18.113016380129768,2172.1834263901283,3164.1957880478126,3201.2665828665804,2.435307020261007,3.4489262333381956,2.001260486987159,2695.116103568223,-572.8523351149465,2853791.4132691333,0.0009443984206543177,1303,0.04873937393834462,-1.445965571882522,1.4440828042107998,-4095.9999999999995,4090.666666666666,C:\Users\kimeu\Downloads\starlink_pathB_wsl_package_v0_3_clean\starlink_pathB\paper_final_experiment_check\outputs\coverage_null_global_stats_all_tle_full\159_76_lst022_quiet_full_polybeam_lines_S30_multi.npz,9.10175923472585,9444.443085672718,1.7798436919007438e-05,140609741.2109375,False,False,False,False,False,False,False,False,False,False,False,False
159_76,156.200250406372,mid,quiet,22,2461041.652777778,2461041.6596007315,full_polybeam,lines,1000.0,single,coherent_ab,3,22,1,56298,87.774,0.1653960853494623,1.856210936167349e-08,0.0434769020580605,0,3,3,3,0.0,0.0434769020580605,0.0,0.1229563272443203,1.856210936167349e-08,2342239.3010909874,46.10306743107482,46.10306743107482,0.06153416291503715,False,20265829,100,-0.039022306005319536,-0.2260898570625212,0.5346534653465347,0.6534653465346535,145.06873717995222,28662.009849454924,146.56382552419836,215.65561038898446,216.02443158776603,28951.531224057268,31932.17233902336,32136.499740371193,25.84222656287193,1.1764103326082875,1.039558217958537,28662.009849454924,-4834.125281508264,2853791.4132691333,0.010043484508428537,1303,0.04873937393834462,-1.445965571882522,1.4440828042107998,-4095.9999999999995,4090.666666666666,C:\Users\kimeu\Downloads\starlink_pathB_wsl_package_v0_3_clean\starlink_pathB\paper_final_experiment_check\outputs\coverage_null_global_stats_all_tle_full\159_76_lst022_quiet_full_polybeam_lines_S1000_single.npz,9.10175923472585,9444.443085672718,1.7798436919007438e-05,140609741.2109375,False,False,False,False,False,False,False,False,False,False,False,False
159_76,156.200250406372,mid,quiet,22,2461041.652777778,2461041.6596007315,full_polybeam,lines,1000.0,multi,coherent_ab,3,22,12,56298;56298;56504;56504;54806;54807;54807;49809;49809;45217;45217;56175,87.774;87.774;86.007;86.007;85.495;82.191;82.191;81.972;81.972;81.305;81.305;79.118,0.1653960853494623,1.856210936167349e-08,0.0434769020580605,0,3,3,3,0.0,0.0434769020580605,0.0,0.1229563272443203,1.856210936167349e-08,2342239.3010909874,211.74434001377261,46.10306743107482,0.3134432662586429,False,20265846,100,0.3867893379592588,1.179692428559853,0.3465346534653465,0.0891089108910891,352.98618727487155,111805.68837546234,311.20928352948886,509.0251646131172,566.3301806447797,83980.50197636531,115431.17366874573,130227.77289863773,72.85137611205778,3.5345763843943248,1.4473178721015734,111805.68837546234,-68180.15360981764,2853791.4132691333,0.039177946872923135,1303,0.04873937393834462,-1.445965571882522,1.4440828042107998,-4095.9999999999995,4090.666666666666,C:\Users\kimeu\Downloads\starlink_pathB_wsl_package_v0_3_clean\starlink_pathB\paper_final_experiment_check\outputs\coverage_null_global_stats_all_tle_full\159_76_lst022_quiet_full_polybeam_lines_S1000_multi.npz,9.10175923472585,9444.443085672718,1.7798436919007438e-05,140609741.2109375,False,False,False,False,False,False,False,False,False,False,False,False
159_76,156.200250406372,mid,quiet,22,2461041.652777778,2461041.6596007315,full_polybeam,khz_comb,30.0,single,coherent_ab,3,22,1,56298,87.774,0.1653960853494623,1.856210936167349e-08,0.0434769020580605,0,3,3,3,0.0,0.0434769020580605,0.0,0.1229563272443203,1.856210936167349e-08,2342239.3010909874,1.1382547212172258,1.1382547212172258,0.001555210854200382,False,20265863,100,-0.2092120510998896,-0.6429239025646766,0.594059405940594,0.7524752475247525,3.678301492223909,698.8701575880946,3.7662734711420853,5.276154123066817,5.358902701919169,719.788374809656,747.8276538361229,749.1392838370322,0.28361792048417556,1.2587332391099364,1.1174459880615717,698.8701575880946,58.85818607315183,2853791.4132691333,0.0002448918145659113,1303,0.04873937393834462,-1.445965571882522,1.4440828042107998,-4095.9999999999995,4090.666666666666,C:\Users\kimeu\Downloads\starlink_pathB_wsl_package_v0_3_clean\starlink_pathB\paper_final_experiment_check\outputs\coverage_null_global_stats_all_tle_full\159_76_lst022_quiet_full_polybeam_khz_comb_S30_single.npz,9.10175923472585,9444.443085672718,1.7798436919007438e-05,140609741.2109375,False,False,False,False,False,False,False,False,False,False,False,False
159_76,156.200250406372,mid,quiet,22,2461041.652777778,2461041.6596007315,full_polybeam,khz_comb,30.0,multi,coherent_ab,3,22,12,56298;56298;56504;56504;54806;54807;54807;49809;49809;45217;45217;56175,87.774;87.774;86.007;86.007;85.495;82.191;82.191;81.972;81.972;81.305;81.305;79.118,0.1653960853494623,1.856210936167349e-08,0.0434769020580605,0,3,3,3,0.0,0.0434769020580605,0.0,0.1229563272443203,1.856210936167349e-08,2342239.3010909874,5.2278299068067735,1.1382547212172258,0.007944933404533536,False,20265880,100,0.3285518631527779,0.7160599511846281,0.297029702970297,0.18811881188118812,10.04789306503335,2260.411779866298,9.162172579600337,13.231816681599366,15.507956968143224,1897.4711425940463,2532.788295754165,2676.724782210562,1.8183134838163824,3.24055196604329,1.9296623857552826,2260.411779866298,-461.1106704510321,2853791.4132691333,0.000792073229093119,1303,0.04873937393834462,-1.445965571882522,1.4440828042107998,-4095.9999999999995,4090.666666666666,C:\Users\kimeu\Downloads\starlink_pathB_wsl_package_v0_3_clean\starlink_pathB\paper_final_experiment_check\outputs\coverage_null_global_stats_all_tle_full\159_76_lst022_quiet_full_polybeam_khz_comb_S30_multi.npz,9.10175923472585,9444.443085672718,1.7798436919007438e-05,140609741.2109375,False,False,False,False,False,False,False,False,False,False,False,False
159_76,156.200250406372,mid,quiet,22,2461041.652777778,2461041.6596007315,full_polybeam,khz_comb,1000.0,single,coherent_ab,3,22,1,56298,87.774,0.1653960853494623,1.856210936167349e-08,0.0434769020580605,0,3,3,3,0.0,0.0434769020580605,0.0,0.1229563272443203,1.856210936167349e-08,2342239.3010909874,37.941824040574204,37.941824040574204,0.05184036180667944,False,20265897,100,-0.08964483233768111,-0.3722937016783513,0.5544554455445545,0.6237623762376238,124.03147026914121,23935.524291356658,126.17844326407601,175.13129124345818,179.88066419036716,24346.39770287151,26361.44368386473,26363.668321969006,16.15389764436668,0.9950605468861939,0.922548629665548,23935.524291356658,-2542.2975012250886,2853791.4132691333,0.00838727181673644,1303,0.04873937393834462,-1.445965571882522,1.4440828042107998,-4095.9999999999995,4090.666666666666,C:\Users\kimeu\Downloads\starlink_pathB_wsl_package_v0_3_clean\starlink_pathB\paper_final_experiment_check\outputs\coverage_null_global_stats_all_tle_full\159_76_lst022_quiet_full_polybeam_khz_comb_S1000_single.npz,9.10175923472585,9444.443085672718,1.7798436919007438e-05,140609741.2109375,False,False,False,False,False,False,False,False,False,False,False,False
159_76,156.200250406372,mid,quiet,22,2461041.652777778,2461041.6596007315,full_polybeam,khz_comb,1000.0,multi,coherent_ab,3,22,12,56298;56298;56504;56504;54806;54807;54807;49809;49809;45217;45217;56175,87.774;87.774;86.007;86.007;85.495;82.191;82.191;81.972;81.972;81.305;81.305;79.118,0.1653960853494623,1.856210936167349e-08,0.0434769020580605,0,3,3,3,0.0,0.0434769020580605,0.0,0.1229563272443203,1.856210936167349e-08,2342239.3010909874,174.26099689355908,37.941824040574204,0.26483111348445126,False,20265914,100,0.09033476280430294,1.1658540787997362,0.4752475247524752,0.09900990099009901,279.0367100522617,88670.70839412686,270.79729860719726,458.2052638263433,498.72328386971367,61429.66621232583,91217.44171333092,104623.88196562439,61.520135889003996,4.331565779715752,1.7140891511846974,88670.70839412686,-47467.76830333927,2853791.4132691333,0.031071194615639754,1303,0.04873937393834462,-1.445965571882522,1.4440828042107998,-4095.9999999999995,4090.666666666666,C:\Users\kimeu\Downloads\starlink_pathB_wsl_package_v0_3_clean\starlink_pathB\paper_final_experiment_check\outputs\coverage_null_global_stats_all_tle_full\159_76_lst022_quiet_full_polybeam_khz_comb_S1000_multi.npz,9.10175923472585,9444.443085672718,1.7798436919007438e-05,140609741.2109375,False,False,False,False,False,False,False,False,False,False,False,False
159_76,156.200250406372,mid,typical,44,2461041.8055555555,2461041.8123785085,frozen_polybeam,smooth,30.0,single,coherent_ab,3,33,1,57722,86.861,0.1653015793010752,1.9250990235090578e-07,0.2419547912000571,0,3,3,3,0.0,0.2419547912000571,0.0,0.7241364102878726,1.9250990235090578e-07,1256843.3532267006,0.3591075797874435,0.3591075797874435,0.0011972696325458258,False,20265953,100,0.524627773192713,-0.39947430569315695,0.2376237623762376,0.7128712871287128,5.086193518300661,556.9230508471784,4.691140732229599,5.572057656809216,5.626179958872777,562.0219562345519,585.9114734572614,586.3735143452786,0.5079019208015438,0.9376021089098485,0.8472382319107629,556.9230508471784,17.256435119757644,2078209.3784254282,0.00026798216610355956,1303,0.04873937393834462,-1.445965571882522,1.4440828042107998,-4095.9999999999995,4090.666666666666,C:\Users\kimeu\Downloads\starlink_pathB_wsl_package_v0_3_clean\starlink_pathB\paper_final_experiment_check\outputs\coverage_null_global_stats_all_tle_full\159_76_lst044_typical_frozen_polybeam_smooth_S30_single.npz,9.10175923472585,9444.443085672718,1.7798436919007438e-05,140609741.2109375,False,False,False,False,False,False,False,False,False,False,False,False
159_76,156.200250406372,mid,typical,44,2461041.8055555555,2461041.8123785085,frozen_polybeam,smooth,30.0,multi,coherent_ab,3,33,12,57722;57722;55172;55172;55550;55550;44436;44436;58038;45454;45454;55537,86.861;86.861;84.716;84.716;84.082;84.082;81.894;81.894;81.335;80.006;80.006;79.784,0.1653015793010752,1.9250990235090578e-07,0.2419547912000571,0,3,3,3,0.0,0.2419547912000571,0.0,0.7241364102878726,1.9250990235090578e-07,1256843.3532267006,2.793938923739812,0.6213347709914437,0.007021683641938091,False,20265970,100,1.8608391306953636,1.73289696538388,0.009900990099009901,0.0297029702970297,14.621996441558167,1598.4196293157765,9.039935423429597,12.457350158519239,13.643248762145381,1146.7740276384163,1470.999534835975,1681.0832695157708,2.0233068584253715,3.3695283088031713,2.3157461249836584,1598.4196293157765,24.451880681822516,2078209.3784254282,0.0007691331036754496,1303,0.04873937393834462,-1.445965571882522,1.4440828042107998,-4095.9999999999995,4090.666666666666,C:\Users\kimeu\Downloads\starlink_pathB_wsl_package_v0_3_clean\starlink_pathB\paper_final_experiment_check\outputs\coverage_null_global_stats_all_tle_full\159_76_lst044_typical_frozen_polybeam_smooth_S30_multi.npz,9.10175923472585,9444.443085672718,1.7798436919007438e-05,140609741.2109375,False,False,True,True,True,True,True,True,True,False,False,False
159_76,156.200250406372,mid,typical,44,2461041.8055555555,2461041.8123785085,frozen_polybeam,smooth,1000.0,single,coherent_ab,3,33,1,57722,86.861,0.1653015793010752,1.9250990235090578e-07,0.2419547912000571,0,3,3,3,0.0,0.2419547912000571,0.0,0.7241364102878726,1.9250990235090578e-07,1256843.3532267006,11.970252659581451,11.970252659581451,0.03990898775152753,False,20265987,100,0.5446935574547248,-0.7313569249609245,0.3069306930693069,0.8415841584158416,164.1793632017916,18533.51508937109,151.9008989465067,182.37915367856172,184.53813078678894,18875.633131774972,19623.423970200314,19707.725563085452,15.204348513781952,0.9124304808847576,0.8580374979165136,18533.51508937109,-239.6867743944365,2078209.3784254282,0.0089180211011333,1303,0.04873937393834462,-1.445965571882522,1.4440828042107998,-4095.9999999999995,4090.666666666666,C:\Users\kimeu\Downloads\starlink_pathB_wsl_package_v0_3_clean\starlink_pathB\paper_final_experiment_check\outputs\coverage_null_global_stats_all_tle_full\159_76_lst044_typical_frozen_polybeam_smooth_S1000_single.npz,9.10175923472585,9444.443085672718,1.7798436919007438e-05,140609741.2109375,False,False,False,False,False,False,False,False,False,False,False,False
159_76,156.200250406372,mid,typical,44,2461041.8055555555,2461041.8123785085,frozen_polybeam,smooth,1000.0,multi,coherent_ab,3,33,12,57722;57722;55172;55172;55550;55550;44436;44436;58038;45454;45454;55537,86.861;86.861;84.716;84.716;84.082;84.082;81.894;81.894;81.335;80.006;80.006;79.784,0.1653015793010752,1.9250990235090578e-07,0.2419547912000571,0,3,3,3,0.0,0.2419547912000571,0.0,0.7241364102878726,1.9250990235090578e-07,1256843.3532267006,93.13129745799372,20.71115903304812,0.23405612139793636,False,20266004,100,1.732343553536507,1.5235740879606177,0.07920792079207921,0.04950495049504951,433.27305511581517,54910.51420885023,253.67419068851717,452.98171938943676,476.24885567130303,38361.74570383121,52162.866285281874,56923.421193864895,69.9271078311254,3.613295984732233,2.092578234630616,54910.51420885023,-15376.2412078698,2078209.3784254282,0.026422031763928242,1303,0.04873937393834462,-1.445965571882522,1.4440828042107998,-4095.9999999999995,4090.666666666666,C:\Users\kimeu\Downloads\starlink_pathB_wsl_package_v0_3_clean\starlink_pathB\paper_final_experiment_check\outputs\coverage_null_global_stats_all_tle_full\159_76_lst044_typical_frozen_polybeam_smooth_S1000_multi.npz,9.10175923472585,9444.443085672718,1.7798436919007438e-05,140609741.2109375,False,False,False,False,False,False,False,False,False,False,False,False
159_76,156.200250406372,mid,typical,44,2461041.8055555555,2461041.8123785085,frozen_polybeam,lines,30.0,single,coherent_ab,3,33,1,57722,86.861,0.1653015793010752,1.9250990235090578e-07,0.2419547912000571,0,3,3,3,0.0,0.2419547912000571,0.0,0.7241364102878726,1.9250990235090578e-07,1256843.3532267006,0.3590973887563885,0.3590973887563885,0.0011983426468609307,False,20266021,100,0.5568214225597791,-0.47128568177076635,0.297029702970297,0.7623762376237624,5.073029744407904,557.1605550818019,4.546021609706372,5.577153035557734,5.656543512831769,561.7418528113037,586.2784537927422,586.722504533929,0.6383772294375376,1.0578445015882092,0.9866617983807829,557.1605550818019,17.51499688511468,2078209.3784254282,0.0002680964492153043,1303,0.04873937393834462,-1.445965571882522,1.4440828042107998,-4095.9999999999995,4090.666666666666,C:\Users\kimeu\Downloads\starlink_pathB_wsl_package_v0_3_clean\starlink_pathB\paper_final_experiment_check\outputs\coverage_null_global_stats_all_tle_full\159_76_lst044_typical_frozen_polybeam_lines_S30_single.npz,9.10175923472585,9444.443085672718,1.7798436919007438e-05,140609741.2109375,False,False,False,False,False,False,False,False,False,False,False,False
159_76,156.200250406372,mid,typical,44,2461041.8055555555,2461041.8123785085,frozen_polybeam,lines,30.0,multi,coherent_ab,3,33,12,57722;57722;55172;55172;55550;55550;44436;44436;58038;45454;45454;55537,86.861;86.861;84.716;84.716;84.082;84.082;81.894;81.894;81.335;80.006;80.006;79.784,0.1653015793010752,1.9250990235090578e-07,0.2419547912000571,0,3,3,3,0.0,0.2419547912000571,0.0,0.7241364102878726,1.9250990235090578e-07,1256843.3532267006,2.7938784375536354,0.6213217956002713,0.007029445288414468,False,20266038,100,1.9708084128949497,1.8153719922672125,0.039603960396039604,0.0297029702970297,14.69624996972334,1597.2874846378456,8.590475738981468,13.578393005061796,14.871399362837282,1067.758154927581,1546.4029568423434,1611.0709103693334,2.0896441638567467,3.7335296975908348,2.68068008174216,1597.2874846378456,23.649639721316262,2078209.3784254282,0.0007685883343708338,1303,0.04873937393834462,-1.445965571882522,1.4440828042107998,-4095.9999999999995,4090.666666666666,C:\Users\kimeu\Downloads\starlink_pathB_wsl_package_v0_3_clean\starlink_pathB\paper_final_experiment_check\outputs\coverage_null_global_stats_all_tle_full\159_76_lst044_typical_frozen_polybeam_lines_S30_multi.npz,9.10175923472585,9444.443085672718,1.7798436919007438e-05,140609741.2109375,False,False,True,False,False,False,False,False,False,False,False,False
159_76,156.200250406372,mid,typical,44,2461041.8055555555,2461041.8123785085,frozen_polybeam,lines,1000.0,single,coherent_ab,3,33,1,57722,86.861,0.1653015793010752,1.9250990235090578e-07,0.2419547912000571,0,3,3,3,0.0,0.2419547912000571,0.0,0.7241364102878726,1.9250990235090578e-07,1256843.3532267006,11.969912958546285,11.969912958546285,0.03994475489536435,False,20266055,100,0.439632624211138,-0.6546259851821534,0.297029702970297,0.7920792079207921,163.77194175670093,18542.244671238866,151.842709123061,180.88502524273176,185.5994842908421,18828.272852144437,19641.759367777817,19690.49294576729,18.302002026065566,0.86957254328171,0.8200769001612476,18542.244671238866,-230.40237438211005,2078209.3784254282,0.008922221631627678,1303,0.04873937393834462,-1.445965571882522,1.4440828042107998,-4095.9999999999995,4090.666666666666,C:\Users\kimeu\Downloads\starlink_pathB_wsl_package_v0_3_clean\starlink_pathB\paper_final_experiment_check\outputs\coverage_null_global_stats_all_tle_full\159_76_lst044_typical_frozen_polybeam_lines_S1000_single.npz,9.10175923472585,9444.443085672718,1.7798436919007438e-05,140609741.2109375,False,False,False,False,False,False,False,False,False,False,False,False
159_76,156.200250406372,mid,typical,44,2461041.8055555555,2461041.8123785085,frozen_polybeam,lines,1000.0,multi,coherent_ab,3,33,12,57722;57722;55172;55172;55550;55550;44436;44436;58038;45454;45454;55537,86.861;86.861;84.716;84.716;84.082;84.082;81.894;81.894;81.335;80.006;80.006;79.784,0.1653015793010752,1.9250990235090578e-07,0.2419547912000571,0,3,3,3,0.0,0.2419547912000571,0.0,0.7241364102878726,1.9250990235090578e-07,1256843.3532267006,93.12928125178783,20.710726520009043,0.23431484294714894,False,20266072,100,2.3758884255863304,1.799627794812552,0.019801980198019802,0.0594059405940594,435.8085099875675,54875.090660519374,255.5126033486108,401.4331343687659,431.93656275084567,36961.07443251643,54424.238000074576,56294.53056369032,51.18418932884879,3.534797300770599,2.2868249166213457,54875.090660519374,-15390.95454654792,2078209.3784254282,0.026404986538024346,1303,0.04873937393834462,-1.445965571882522,1.4440828042107998,-4095.9999999999995,4090.666666666666,C:\Users\kimeu\Downloads\starlink_pathB_wsl_package_v0_3_clean\starlink_pathB\paper_final_experiment_check\outputs\coverage_null_global_stats_all_tle_full\159_76_lst044_typical_frozen_polybeam_lines_S1000_multi.npz,9.10175923472585,9444.443085672718,1.7798436919007438e-05,140609741.2109375,True,False,True,False,False,False,False,False,False,False,False,False
159_76,156.200250406372,mid,typical,44,2461041.8055555555,2461041.8123785085,frozen_polybeam,khz_comb,30.0,single,coherent_ab,3,33,1,57722,86.861,0.1653015793010752,1.9250990235090578e-07,0.2419547912000571,0,3,3,3,0.0,0.2419547912000571,0.0,0.7241364102878726,1.9250990235090578e-07,1256843.3532267006,0.295529358388007,0.295529358388007,0.0010401045840308883,False,20266089,100,0.8074343251714146,-0.7826092962953196,0.24752475247524752,0.7920792079207921,4.345335557976796,492.71551012647706,3.5282643027662743,4.671782523624995,4.735817961040288,499.010928237283,513.4114598382833,514.4981017557178,0.6825409749039864,1.324955295428399,1.1577394088523307,492.71551012647706,8.991881065342936,2078209.3784254282,0.00023708655886241206,1303,0.04873937393834462,-1.445965571882522,1.4440828042107998,-4095.9999999999995,4090.666666666666,C:\Users\kimeu\Downloads\starlink_pathB_wsl_package_v0_3_clean\starlink_pathB\paper_final_experiment_check\outputs\coverage_null_global_stats_all_tle_full\159_76_lst044_typical_frozen_polybeam_khz_comb_S30_single.npz,9.10175923472585,9444.443085672718,1.7798436919007438e-05,140609741.2109375,False,False,False,False,False,False,False,False,False,False,False,False
159_76,156.200250406372,mid,typical,44,2461041.8055555555,2461041.8123785085,frozen_polybeam,khz_comb,30.0,multi,coherent_ab,3,33,12,57722;57722;55172;55172;55550;55550;44436;44436;58038;45454;45454;55537,86.861;86.861;84.716;84.716;84.082;84.082;81.894;81.894;81.335;80.006;80.006;79.784,0.1653015793010752,1.9250990235090578e-07,0.2419547912000571,0,3,3,3,0.0,0.2419547912000571,0.0,0.7241364102878726,1.9250990235090578e-07,1256843.3532267006,2.2995116969418494,0.5113343548448901,0.006036680147980077,False,20266106,100,1.964452888827623,1.65450990602711,0.06930693069306931,0.04950495049504951,11.9122780111461,1386.6055389515593,6.890260114733735,11.997786077883688,13.25927350037299,980.6588130591442,1350.4859736514206,1450.8955571065883,1.7242992612959824,3.3452345898128586,2.3681070731049174,1386.6055389515593,-4.813701800891884,2078209.3784254282,0.000667211664689018,1303,0.04873937393834462,-1.445965571882522,1.4440828042107998,-4095.9999999999995,4090.666666666666,C:\Users\kimeu\Downloads\starlink_pathB_wsl_package_v0_3_clean\starlink_pathB\paper_final_experiment_check\outputs\coverage_null_global_stats_all_tle_full\159_76_lst044_typical_frozen_polybeam_khz_comb_S30_multi.npz,9.10175923472585,9444.443085672718,1.7798436919007438e-05,140609741.2109375,False,False,False,False,False,False,False,False,False,False,False,False
159_76,156.200250406372,mid,typical,44,2461041.8055555555,2461041.8123785085,frozen_polybeam,khz_comb,1000.0,single,coherent_ab,3,33,1,57722,86.861,0.1653015793010752,1.9250990235090578e-07,0.2419547912000571,0,3,3,3,0.0,0.2419547912000571,0.0,0.7241364102878726,1.9250990235090578e-07,1256843.3532267006,9.850978612933568,9.850978612933568,0.03467015280102962,False,20266123,100,0.438130730713515,-0.7572721872075167,0.24752475247524752,0.8217821782178217,141.11428042970147,16390.83597192217,128.41288766085665,155.09035393013733,155.74188166180312,16672.95439820703,17183.08884063387,17269.80101925234,19.553460769841422,1.151533226264237,1.0914096988239772,16390.83597192217,-135.97597281207345,2078209.3784254282,0.007886999328403001,1303,0.04873937393834462,-1.445965571882522,1.4440828042107998,-4095.9999999999995,4090.666666666666,C:\Users\kimeu\Downloads\starlink_pathB_wsl_package_v0_3_clean\starlink_pathB\paper_final_experiment_check\outputs\coverage_null_global_stats_all_tle_full\159_76_lst044_typical_frozen_polybeam_khz_comb_S1000_single.npz,9.10175923472585,9444.443085672718,1.7798436919007438e-05,140609741.2109375,False,False,False,False,False,False,False,False,False,False,False,False
159_76,156.200250406372,mid,typical,44,2461041.8055555555,2461041.8123785085,frozen_polybeam,khz_comb,1000.0,multi,coherent_ab,3,33,12,57722;57722;55172;55172;55550;55550;44436;44436;58038;45454;45454;55537,86.861;86.861;84.716;84.716;84.082;84.082;81.894;81.894;81.335;80.006;80.006;79.784,0.1653015793010752,1.9250990235090578e-07,0.2419547912000571,0,3,3,3,0.0,0.2419547912000571,0.0,0.7241364102878726,1.9250990235090578e-07,1256843.3532267006,76.65038989806162,17.04447849482966,0.20122267159933593,False,20266140,100,1.4708012990617652,1.4056674426267646,0.0891089108910891,0.04950495049504951,360.5185464597557,46867.663538385656,234.47222182599592,369.5716778360768,432.7951514078678,34030.23433158419,43841.47173320402,50780.128546960004,57.80324050957199,3.19201974770542,1.920578816209607,46867.663538385656,-10365.150726507685,2078209.3784254282,0.022551944969998794,1303,0.04873937393834462,-1.445965571882522,1.4440828042107998,-4095.9999999999995,4090.666666666666,C:\Users\kimeu\Downloads\starlink_pathB_wsl_package_v0_3_clean\starlink_pathB\paper_final_experiment_check\outputs\coverage_null_global_stats_all_tle_full\159_76_lst044_typical_frozen_polybeam_khz_comb_S1000_multi.npz,9.10175923472585,9444.443085672718,1.7798436919007438e-05,140609741.2109375,False,False,False,False,False,False,False,False,False,False,False,False
159_76,156.200250406372,mid,typical,44,2461041.8055555555,2461041.8123785085,full_polybeam,smooth,30.0,single,coherent_ab,3,33,1,57722,86.861,0.1653015793010752,1.9250990235090578e-07,0.2419547912000571,0,3,3,3,0.0,0.2419547912000571,0.0,0.7241364102878726,1.9250990235090578e-07,1256843.3532267006,0.4873218271030097,0.4873218271030097,0.0018463791761258942,False,20266157,100,0.8067046565544908,-0.5045098571837024,0.13861386138613863,0.7029702970297029,7.542219542915518,752.6318034601973,6.695484605770048,7.8165657090316465,8.074364808070976,761.7151280803059,788.4141053818224,788.8351698339421,0.707960324996634,1.0656747224584076,0.985411683815134,752.6318034601973,30.04533121188934,2078209.3784254282,0.0003621539827861015,1303,0.04873937393834462,-1.445965571882522,1.4440828042107998,-4095.9999999999995,4090.666666666666,C:\Users\kimeu\Downloads\starlink_pathB_wsl_package_v0_3_clean\starlink_pathB\paper_final_experiment_check\outputs\coverage_null_global_stats_all_tle_full\159_76_lst044_typical_full_polybeam_smooth_S30_single.npz,9.10175923472585,9444.443085672718,1.7798436919007438e-05,140609741.2109375,False,False,False,False,False,False,False,False,False,False,False,False
159_76,156.200250406372,mid,typical,44,2461041.8055555555,2461041.8123785085,full_polybeam,smooth,30.0,multi,coherent_ab,3,33,12,57722;57722;55172;55172;55550;55550;44436;44436;58038;45454;45454;55537,86.861;86.861;84.716;84.716;84.082;84.082;81.894;81.894;81.335;80.006;80.006;79.784,0.1653015793010752,1.9250990235090578e-07,0.2419547912000571,0,3,3,3,0.0,0.2419547912000571,0.0,0.7241364102878726,1.9250990235090578e-07,1256843.3532267006,5.2498228831196485,1.1692388360220807,0.01410560004616589,False,20266174,100,1.9767886318586971,2.0177814329538184,0.039603960396039604,0.06930693069306931,23.47176795399355,2727.7629849218165,13.929506518907601,22.322839597737055,24.367527449263857,1728.8453550909653,2736.661188597857,2979.895818902407,3.255870181944374,4.287877632906589,2.489565031609547,2727.7629849218165,115.40136752534772,2078209.3784254282,0.001312554458294538,1303,0.04873937393834462,-1.445965571882522,1.4440828042107998,-4095.9999999999995,4090.666666666666,C:\Users\kimeu\Downloads\starlink_pathB_wsl_package_v0_3_clean\starlink_pathB\paper_final_experiment_check\outputs\coverage_null_global_stats_all_tle_full\159_76_lst044_typical_full_polybeam_smooth_S30_multi.npz,9.10175923472585,9444.443085672718,1.7798436919007438e-05,140609741.2109375,False,False,True,False,False,False,False,False,False,False,False,False
159_76,156.200250406372,mid,typical,44,2461041.8055555555,2461041.8123785085,full_polybeam,smooth,1000.0,single,coherent_ab,3,33,1,57722,86.861,0.1653015793010752,1.9250990235090578e-07,0.2419547912000571,0,3,3,3,0.0,0.2419547912000571,0.0,0.7241364102878726,1.9250990235090578e-07,1256843.3532267006,16.24406090343366,16.24406090343366,0.06154597253752981,False,20266191,100,0.6679706629858961,-0.8500944825498249,0.26732673267326734,0.9306930693069307,239.4233554805851,25158.508820814975,209.08488798098654,256.15040068536933,262.73068357056536,25582.181218462814,26782.322942005154,26820.474074742233,30.6346028636774,1.3780588029814418,1.2471891992239734,25158.508820814975,-2067.950258845719,2078209.3784254282,0.012105858573247572,1303,0.04873937393834462,-1.445965571882522,1.4440828042107998,-4095.9999999999995,4090.666666666666,C:\Users\kimeu\Downloads\starlink_pathB_wsl_package_v0_3_clean\starlink_pathB\paper_final_experiment_check\outputs\coverage_null_global_stats_all_tle_full\159_76_lst044_typical_full_polybeam_smooth_S1000_single.npz,9.10175923472585,9444.443085672718,1.7798436919007438e-05,140609741.2109375,False,False,False,False,False,False,False,False,False,False,False,False
159_76,156.200250406372,mid,typical,44,2461041.8055555555,2461041.8123785085,full_polybeam,smooth,1000.0,multi,coherent_ab,3,33,12,57722;57722;55172;55172;55550;55550;44436;44436;58038;45454;45454;55537,86.861;86.861;84.716;84.716;84.082;84.082;81.894;81.894;81.335;80.006;80.006;79.784,0.1653015793010752,1.9250990235090578e-07,0.2419547912000571,0,3,3,3,0.0,0.2419547912000571,0.0,0.7241364102878726,1.9250990235090578e-07,1256843.3532267006,174.9940961039883,38.974627867402695,0.4701866682055297,False,20266208,100,0.898843621543162,2.115023554082381,0.16831683168316833,0.04950495049504951,537.4870769080603,122954.36323873,401.5407912964688,663.8766412575881,718.6828564052998,72341.7279830129,114822.98240064937,135218.36151809947,102.01386674220436,3.172989886734916,1.7286723875524541,122954.36323873,-85075.23945799161,2078209.3784254282,0.05916360714909647,1303,0.04873937393834462,-1.445965571882522,1.4440828042107998,-4095.9999999999995,4090.666666666666,C:\Users\kimeu\Downloads\starlink_pathB_wsl_package_v0_3_clean\starlink_pathB\paper_final_experiment_check\outputs\coverage_null_global_stats_all_tle_full\159_76_lst044_typical_full_polybeam_smooth_S1000_multi.npz,9.10175923472585,9444.443085672718,1.7798436919007438e-05,140609741.2109375,False,False,False,False,False,False,False,False,False,False,False,False
159_76,156.200250406372,mid,typical,44,2461041.8055555555,2461041.8123785085,full_polybeam,lines,30.0,single,coherent_ab,3,33,1,57722,86.861,0.1653015793010752,1.9250990235090578e-07,0.2419547912000571,0,3,3,3,0.0,0.2419547912000571,0.0,0.7241364102878726,1.9250990235090578e-07,1256843.3532267006,0.4872965956540189,0.4872965956540189,0.0018477751550607293,False,20266225,100,0.756645481565311,-0.1905048870276638,0.1485148514851485,0.5643564356435643,7.54189141206507,753.00716796952,6.59464738599371,7.829290683983163,8.02430789994567,755.5240194665762,785.7835169741566,788.6827739740756,0.8443945785981555,0.9787767055180963,0.9036570583404565,753.00716796952,30.316048647027586,2078209.3784254282,0.0003623346019831947,1303,0.04873937393834462,-1.445965571882522,1.4440828042107998,-4095.9999999999995,4090.666666666666,C:\Users\kimeu\Downloads\starlink_pathB_wsl_package_v0_3_clean\starlink_pathB\paper_final_experiment_check\outputs\coverage_null_global_stats_all_tle_full\159_76_lst044_typical_full_polybeam_lines_S30_single.npz,9.10175923472585,9444.443085672718,1.7798436919007438e-05,140609741.2109375,False,False,False,False,False,False,False,False,False,False,False,False
159_76,156.200250406372,mid,typical,44,2461041.8055555555,2461041.8123785085,full_polybeam,lines,30.0,multi,coherent_ab,3,33,12,57722;57722;55172;55172;55550;55550;44436;44436;58038;45454;45454;55537,86.861;86.861;84.716;84.716;84.082;84.082;81.894;81.894;81.335;80.006;80.006;79.784,0.1653015793010752,1.9250990235090578e-07,0.2419547912000571,0,3,3,3,0.0,0.2419547912000571,0.0,0.7241364102878726,1.9250990235090578e-07,1256843.3532267006,5.249564613578801,1.1691782978142506,0.01411747893120392,False,20266242,100,1.633902426686303,1.7257478929361427,0.0891089108910891,0.07920792079207921,23.54899640710846,2727.186369210771,14.424515779654485,23.976527814214887,26.245955220952432,1885.79550566936,2814.390757231619,2909.4017976932455,3.766674048414586,3.9727675259919217,2.299255450611976,2727.186369210771,114.07493071467306,2078209.3784254282,0.0013122770003458676,1303,0.04873937393834462,-1.445965571882522,1.4440828042107998,-4095.9999999999995,4090.666666666666,C:\Users\kimeu\Downloads\starlink_pathB_wsl_package_v0_3_clean\starlink_pathB\paper_final_experiment_check\outputs\coverage_null_global_stats_all_tle_full\159_76_lst044_typical_full_polybeam_lines_S30_multi.npz,9.10175923472585,9444.443085672718,1.7798436919007438e-05,140609741.2109375,False,False,False,False,False,False,False,False,False,False,False,False
159_76,156.200250406372,mid,typical,44,2461041.8055555555,2461041.8123785085,full_polybeam,lines,1000.0,single,coherent_ab,3,33,1,57722,86.861,0.1653015793010752,1.9250990235090578e-07,0.2419547912000571,0,3,3,3,0.0,0.2419547912000571,0.0,0.7241364102878726,1.9250990235090578e-07,1256843.3532267006,16.24321985513396,16.24321985513396,0.06159250516869095,False,20266259,100,0.6837687879213132,-0.6719616503101303,0.19801980198019803,0.8910891089108911,239.44946814804962,25169.619633506074,219.3153000683592,258.1426119775307,261.3502721670828,25479.754001090245,26684.2452513132,26813.98531770681,19.860968443418642,1.0507792603600101,0.9904107688040551,25169.619633506074,-2056.2627599987445,2078209.3784254282,0.012111204912652274,1303,0.04873937393834462,-1.445965571882522,1.4440828042107998,-4095.9999999999995,4090.666666666666,C:\Users\kimeu\Downloads\starlink_pathB_wsl_package_v0_3_clean\starlink_pathB\paper_final_experiment_check\outputs\coverage_null_global_stats_all_tle_full\159_76_lst044_typical_full_polybeam_lines_S1000_single.npz,9.10175923472585,9444.443085672718,1.7798436919007438e-05,140609741.2109375,False,False,False,False,False,False,False,False,False,False,False,False
159_76,156.200250406372,mid,typical,44,2461041.8055555555,2461041.8123785085,full_polybeam,lines,1000.0,multi,coherent_ab,3,33,12,57722;57722;55172;55172;55550;55550;44436;44436;58038;45454;45454;55537,86.861;86.861;84.716;84.716;84.082;84.082;81.894;81.894;81.335;80.006;80.006;79.784,0.1653015793010752,1.9250990235090578e-07,0.2419547912000571,0,3,3,3,0.0,0.2419547912000571,0.0,0.7241364102878726,1.9250990235090578e-07,1256843.3532267006,174.9854871192934,38.97260992714169,0.47058263104013065,False,20266276,100,1.0512431764678456,2.2088974745769656,0.1782178217821782,0.09900990099009901,539.692985821976,122915.69269897355,393.1748837247311,619.8579213565123,687.3780963244512,68748.74579187742,135932.42998799207,156404.1371958253,94.00784535191013,3.102226707975412,1.6603694832515627,122915.69269897355,-85050.34832097034,2078209.3784254282,0.0591449995245915,1303,0.04873937393834462,-1.445965571882522,1.4440828042107998,-4095.9999999999995,4090.666666666666,C:\Users\kimeu\Downloads\starlink_pathB_wsl_package_v0_3_clean\starlink_pathB\paper_final_experiment_check\outputs\coverage_null_global_stats_all_tle_full\159_76_lst044_typical_full_polybeam_lines_S1000_multi.npz,9.10175923472585,9444.443085672718,1.7798436919007438e-05,140609741.2109375,False,False,False,False,False,False,False,False,False,False,False,False
159_76,156.200250406372,mid,typical,44,2461041.8055555555,2461041.8123785085,full_polybeam,khz_comb,30.0,single,coherent_ab,3,33,1,57722,86.861,0.1653015793010752,1.9250990235090578e-07,0.2419547912000571,0,3,3,3,0.0,0.2419547912000571,0.0,0.7241364102878726,1.9250990235090578e-07,1256843.3532267006,0.40103452369014264,0.40103452369014264,0.0015653849248731479,False,20266293,100,0.8680092785235006,-0.42936271512708596,0.1782178217821782,0.7524752475247525,6.348177970629877,641.2845379057708,5.255635009060086,6.4758523526722005,6.6029794107316775,646.2021897878251,669.9896268830691,670.2971732119258,0.8489657312920826,1.5246144506813184,1.3905567216103987,641.2845379057708,19.63805867888859,2078209.3784254282,0.00030857551917682377,1303,0.04873937393834462,-1.445965571882522,1.4440828042107998,-4095.9999999999995,4090.666666666666,C:\Users\kimeu\Downloads\starlink_pathB_wsl_package_v0_3_clean\starlink_pathB\paper_final_experiment_check\outputs\coverage_null_global_stats_all_tle_full\159_76_lst044_typical_full_polybeam_khz_comb_S30_single.npz,9.10175923472585,9444.443085672718,1.7798436919007438e-05,140609741.2109375,False,False,False,False,False,False,False,False,False,False,False,False
159_76,156.200250406372,mid,typical,44,2461041.8055555555,2461041.8123785085,full_polybeam,khz_comb,30.0,multi,coherent_ab,3,33,12,57722;57722;55172;55172;55550;55550;44436;44436;58038;45454;45454;55537,86.861;86.861;84.716;84.716;84.082;84.082;81.894;81.894;81.335;80.006;80.006;79.784,0.1653015793010752,1.9250990235090578e-07,0.2419547912000571,0,3,3,3,0.0,0.2419547912000571,0.0,0.7241364102878726,1.9250990235090578e-07,1256843.3532267006,4.320277759301107,0.9622083674594266,0.011817082295641932,False,20266310,100,1.6441751484004163,1.8753725588538155,0.07920792079207921,0.09900990099009901,19.220418831414918,2279.6036085732994,12.790613517212023,19.570969852398832,21.660457879884827,1610.4702147949235,2489.938499326401,2713.9988428020365,2.6377021170053467,3.8275481076383833,2.1857271775287437,2279.6036085732994,83.72874569778708,2078209.3784254282,0.0010969075744911032,1303,0.04873937393834462,-1.445965571882522,1.4440828042107998,-4095.9999999999995,4090.666666666666,C:\Users\kimeu\Downloads\starlink_pathB_wsl_package_v0_3_clean\starlink_pathB\paper_final_experiment_check\outputs\coverage_null_global_stats_all_tle_full\159_76_lst044_typical_full_polybeam_khz_comb_S30_multi.npz,9.10175923472585,9444.443085672718,1.7798436919007438e-05,140609741.2109375,False,False,False,False,False,False,False,False,False,False,False,False
159_76,156.200250406372,mid,typical,44,2461041.8055555555,2461041.8123785085,full_polybeam,khz_comb,1000.0,single,coherent_ab,3,33,1,57722,86.861,0.1653015793010752,1.9250990235090578e-07,0.2419547912000571,0,3,3,3,0.0,0.2419547912000571,0.0,0.7241364102878726,1.9250990235090578e-07,1256843.3532267006,13.36781745633809,13.36781745633809,0.0521794974957716,False,20266327,100,0.7777509245080586,-0.8319276178622966,0.1188118811881188,0.9207920792079208,203.24848757508425,21377.07522506451,175.87600748296495,207.8592652957715,217.15474526022768,21718.179552534762,22656.97732456516,22674.044662982233,23.738300147658947,1.6537746966748832,1.5722767151302897,21377.07522506451,-1335.7266250730875,2078209.3784254282,0.01028629523424681,1303,0.04873937393834462,-1.445965571882522,1.4440828042107998,-4095.9999999999995,4090.666666666666,C:\Users\kimeu\Downloads\starlink_pathB_wsl_package_v0_3_clean\starlink_pathB\paper_final_experiment_check\outputs\coverage_null_global_stats_all_tle_full\159_76_lst044_typical_full_polybeam_khz_comb_S1000_single.npz,9.10175923472585,9444.443085672718,1.7798436919007438e-05,140609741.2109375,False,False,False,False,False,False,False,False,False,False,False,False
159_76,156.200250406372,mid,typical,44,2461041.8055555555,2461041.8123785085,full_polybeam,khz_comb,1000.0,multi,coherent_ab,3,33,12,57722;57722;55172;55172;55550;55550;44436;44436;58038;45454;45454;55537,86.861;86.861;84.716;84.716;84.082;84.082;81.894;81.894;81.335;80.006;80.006;79.784,0.1653015793010752,1.9250990235090578e-07,0.2419547912000571,0,3,3,3,0.0,0.2419547912000571,0.0,0.7241364102878726,1.9250990235090578e-07,1256843.3532267006,144.00925864337026,32.07361224864756,0.3939027431880643,False,20266344,100,1.1083512477226758,2.082523429561595,0.19801980198019803,0.06930693069306931,475.0432822061025,93524.3003362549,334.74484980881255,594.1791798079303,688.7479479756839,54468.98971647628,96594.66917790046,103129.67026848717,85.37906770571124,3.3250112961146074,1.843505732539522,93524.3003362549,-56898.29148867935,2078209.3784254282,0.045002347360742996,1303,0.04873937393834462,-1.445965571882522,1.4440828042107998,-4095.9999999999995,4090.666666666666,C:\Users\kimeu\Downloads\starlink_pathB_wsl_package_v0_3_clean\starlink_pathB\paper_final_experiment_check\outputs\coverage_null_global_stats_all_tle_full\159_76_lst044_typical_full_polybeam_khz_comb_S1000_multi.npz,9.10175923472585,9444.443085672718,1.7798436919007438e-05,140609741.2109375,False,False,False,False,False,False,False,False,False,False,False,False
159_76,156.200250406372,mid,stress,0,2461041.5,2461041.506822953,frozen_polybeam,smooth,30.0,single,coherent_ab,4,10,1,58881,88.065,0.2313613071236559,8.574847721632174e-05,0.5502745938468236,1,4,4,4,0.3308758856684498,0.5502745938468236,0.3308758856684498,0.7280464634021924,8.574847721632174e-05,6417.310390931139,0.8495087067535764,0.8495087067535764,0.0010327480651012796,False,20266317,100,-2.8235984791868023,-0.16725251379642206,0.8613861386138614,0.5346534653465347,12.528482069006714,2607.151838137346,17.697182464073194,19.481655400944145,19.848433780442065,2612.3702391010775,2645.332598778496,2646.505717561905,1.2346800299947063,0.9819861043572954,0.917864323214407,2607.151838137346,100.87341479028603,11210403.618008923,0.0002325653854201194,1303,0.04873937393834462,-1.445965571882522,1.4440828042107998,-4095.9999999999995,4090.666666666666,C:\Users\kimeu\Downloads\starlink_pathB_wsl_package_v0_3_clean\starlink_pathB\paper_final_experiment_check\outputs\coverage_null_global_stats_all_tle_full\159_76_lst000_stress_frozen_polybeam_smooth_S30_single.npz,9.10175923472585,9444.443085672718,1.7798436919007438e-05,140609741.2109375,False,False,False,False,False,False,False,False,False,False,False,False
159_76,156.200250406372,mid,stress,0,2461041.5,2461041.506822953,frozen_polybeam,smooth,30.0,multi,coherent_ab,4,10,10,58881;58881;46696;46696;48029;48029;54100;54100;58069;58069,88.065;88.065;86.822;86.617;85.104;85.104;83.508;83.508;77.989;77.989,0.2313613071236559,8.574847721632174e-05,0.5502745938468236,1,4,4,4,0.3308758856684498,0.5502745938468236,0.3308758856684498,0.7280464634021924,8.574847721632174e-05,6417.310390931139,7.4517406806086,2.389388103934631,0.011728511348896345,False,20266334,100,1.5833989139997466,0.9211908316926891,0.04950495049504951,0.019801980198019802,101.63652620007633,15716.069027670987,57.30139285952464,94.05849160133036,115.04519541738188,11362.529933046731,15313.0547058136,15435.12185063237,18.885725823081884,2.9998339905482387,2.0918436404498117,15716.069027670987,-1155.2041246155866,11210403.618008923,0.0014019182148289424,1303,0.04873937393834462,-1.445965571882522,1.4440828042107998,-4095.9999999999995,4090.666666666666,C:\Users\kimeu\Downloads\starlink_pathB_wsl_package_v0_3_clean\starlink_pathB\paper_final_experiment_check\outputs\coverage_null_global_stats_all_tle_full\159_76_lst000_stress_frozen_polybeam_smooth_S30_multi.npz,9.10175923472585,9444.443085672718,1.7798436919007438e-05,140609741.2109375,False,False,True,False,False,False,False,False,False,False,False,False
159_76,156.200250406372,mid,stress,0,2461041.5,2461041.506822953,frozen_polybeam,smooth,1000.0,single,coherent_ab,4,10,1,58881,88.065,0.2313613071236559,8.574847721632174e-05,0.5502745938468236,1,4,4,4,0.3308758856684498,0.5502745938468236,0.3308758856684498,0.7280464634021924,8.574847721632174e-05,6417.310390931139,28.316956891785882,28.316956891785882,0.03442493550337598,False,20266351,100,-4.323229055189386,-0.23112631285074953,0.8910891089108911,0.5841584158415841,417.6638464353455,86850.51086372875,612.1652240214717,664.3941283104461,669.6901733966478,87072.2804542178,88163.00252696584,88247.83203422053,30.34523043136869,1.273298714217913,1.1442738882036305,86850.51086372875,3012.9241580314083,11210403.618008923,0.007747313461953143,1303,0.04873937393834462,-1.445965571882522,1.4440828042107998,-4095.9999999999995,4090.666666666666,C:\Users\kimeu\Downloads\starlink_pathB_wsl_package_v0_3_clean\starlink_pathB\paper_final_experiment_check\outputs\coverage_null_global_stats_all_tle_full\159_76_lst000_stress_frozen_polybeam_smooth_S1000_single.npz,9.10175923472585,9444.443085672718,1.7798436919007438e-05,140609741.2109375,False,False,False,False,False,False,False,False,False,False,False,False
159_76,156.200250406372,mid,stress,0,2461041.5,2461041.506822953,frozen_polybeam,smooth,1000.0,multi,coherent_ab,4,10,10,58881;58881;46696;46696;48029;48029;54100;54100;58069;58069,88.065;88.065;86.822;86.617;85.104;85.104;83.508;83.508;77.989;77.989,0.2313613071236559,8.574847721632174e-05,0.5502745938468236,1,4,4,4,0.3308758856684498,0.5502745938468236,0.3308758856684498,0.7280464634021924,8.574847721632174e-05,6417.310390931139,248.39135602028665,79.64627013115438,0.3909503782965447,False,20266368,100,0.32003842927336573,1.0863233664984233,0.3564356435643564,0.009900990099009901,1989.1036233427803,617560.943246094,1736.6470349268457,2713.8592596210974,3092.5020577933,368792.3826844399,595167.2738626488,606089.3782755999,532.0599668050709,4.171879379883077,2.3956750142860743,617560.943246094,-228879.4870994857,11210403.618008923,0.05508819880972126,1303,0.04873937393834462,-1.445965571882522,1.4440828042107998,-4095.9999999999995,4090.666666666666,C:\Users\kimeu\Downloads\starlink_pathB_wsl_package_v0_3_clean\starlink_pathB\paper_final_experiment_check\outputs\coverage_null_global_stats_all_tle_full\159_76_lst000_stress_frozen_polybeam_smooth_S1000_multi.npz,9.10175923472585,9444.443085672718,1.7798436919007438e-05,140609741.2109375,False,False,False,False,False,False,False,False,False,False,False,False
159_76,156.200250406372,mid,stress,0,2461041.5,2461041.506822953,frozen_polybeam,lines,30.0,single,coherent_ab,4,10,1,58881,88.065,0.2313613071236559,8.574847721632174e-05,0.5502745938468236,1,4,4,4,0.3308758856684498,0.5502745938468236,0.3308758856684498,0.7280464634021924,8.574847721632174e-05,6417.310390931139,0.8495086473548354,0.8495086473548354,0.0010340077278022297,False,20266385,100,-2.9971665076515923,0.0043123078640517004,0.8514851485148515,0.504950495049505,12.908394045189198,2610.388917743883,17.925701877124084,19.352619293909083,19.529811344836634,2610.2466661086446,2646.213762258595,2647.4238351258796,1.129109030629479,1.1763867373344126,1.0276149136609019,2610.388917743883,96.58923177263549,11210403.618008923,0.00023285414216045092,1303,0.04873937393834462,-1.445965571882522,1.4440828042107998,-4095.9999999999995,4090.666666666666,C:\Users\kimeu\Downloads\starlink_pathB_wsl_package_v0_3_clean\starlink_pathB\paper_final_experiment_check\outputs\coverage_null_global_stats_all_tle_full\159_76_lst000_stress_frozen_polybeam_lines_S30_single.npz,9.10175923472585,9444.443085672718,1.7798436919007438e-05,140609741.2109375,False,False,False,False,False,False,False,False,False,False,False,False
159_76,156.200250406372,mid,stress,0,2461041.5,2461041.506822953,frozen_polybeam,lines,30.0,multi,coherent_ab,4,10,10,58881;58881;46696;46696;48029;48029;54100;54100;58069;58069,88.065;88.065;86.822;86.617;85.104;85.104;83.508;83.508;77.989;77.989,0.2313613071236559,8.574847721632174e-05,0.5502745938468236,1,4,4,4,0.3308758856684498,0.5502745938468236,0.3308758856684498,0.7280464634021924,8.574847721632174e-05,6417.310390931139,7.451532552681039,2.3892963230171063,0.011738794050297959,False,20266402,100,1.4934370515710562,0.86027543447788,0.019801980198019802,0.0297029702970297,101.22172818153922,15714.492877746783,59.53447986570609,98.1416015841558,100.83110099227628,12210.342671435468,15383.325441281044,15775.06382460691,18.827485060355684,3.57666814944994,2.2164489826410825,15714.492877746783,-1168.6128123628996,11210403.618008923,0.0014017776177569804,1303,0.04873937393834462,-1.445965571882522,1.4440828042107998,-4095.9999999999995,4090.666666666666,C:\Users\kimeu\Downloads\starlink_pathB_wsl_package_v0_3_clean\starlink_pathB\paper_final_experiment_check\outputs\coverage_null_global_stats_all_tle_full\159_76_lst000_stress_frozen_polybeam_lines_S30_multi.npz,9.10175923472585,9444.443085672718,1.7798436919007438e-05,140609741.2109375,False,False,True,False,False,False,False,False,False,False,False,False
159_76,156.200250406372,mid,stress,0,2461041.5,2461041.506822953,frozen_polybeam,lines,1000.0,single,coherent_ab,4,10,1,58881,88.065,0.2313613071236559,8.574847721632174e-05,0.5502745938468236,1,4,4,4,0.3308758856684498,0.5502745938468236,0.3308758856684498,0.7280464634021924,8.574847721632174e-05,6417.310390931139,28.316954911827846,28.316954911827846,0.034466924260074326,False,20266419,100,-2.227967660814427,-0.2015499308129665,0.8415841584158416,0.5643564356435643,430.2852778645756,86955.50719934302,584.0326907470935,656.8104070988022,659.8997618750502,87158.17791931031,88216.33467468635,88297.88266955837,46.545204002100945,1.155136911157985,1.034006470729565,86955.50719934302,2867.5602502666807,11210403.618008923,0.0077566794347755305,1303,0.04873937393834462,-1.445965571882522,1.4440828042107998,-4095.9999999999995,4090.666666666666,C:\Users\kimeu\Downloads\starlink_pathB_wsl_package_v0_3_clean\starlink_pathB\paper_final_experiment_check\outputs\coverage_null_global_stats_all_tle_full\159_76_lst000_stress_frozen_polybeam_lines_S1000_single.npz,9.10175923472585,9444.443085672718,1.7798436919007438e-05,140609741.2109375,False,False,False,False,False,False,False,False,False,False,False,False
159_76,156.200250406372,mid,stress,0,2461041.5,2461041.506822953,frozen_polybeam,lines,1000.0,multi,coherent_ab,4,10,10,58881;58881;46696;46696;48029;48029;54100;54100;58069;58069,88.065;88.065;86.822;86.617;85.104;85.104;83.508;83.508;77.989;77.989,0.2313613071236559,8.574847721632174e-05,0.5502745938468236,1,4,4,4,0.3308758856684498,0.5502745938468236,0.3308758856684498,0.7280464634021924,8.574847721632174e-05,6417.310390931139,248.38441842270134,79.6432107672369,0.39129313500993207,False,20266436,100,0.36569593170412146,1.105124817554981,0.3069306930693069,0.039603960396039604,1979.4081138007896,617550.157851076,1753.5657627676665,2575.583285627293,2888.868844165252,431474.44905609137,591833.4288939363,631947.7866005055,416.5443628548692,3.734332972345828,2.0889086104738284,617550.157851076,-229261.86739820652,11210403.618008923,0.05508723672170145,1303,0.04873937393834462,-1.445965571882522,1.4440828042107998,-4095.9999999999995,4090.666666666666,C:\Users\kimeu\Downloads\starlink_pathB_wsl_package_v0_3_clean\starlink_pathB\paper_final_experiment_check\outputs\coverage_null_global_stats_all_tle_full\159_76_lst000_stress_frozen_polybeam_lines_S1000_multi.npz,9.10175923472585,9444.443085672718,1.7798436919007438e-05,140609741.2109375,False,False,False,False,False,False,False,False,False,False,False,False
159_76,156.200250406372,mid,stress,0,2461041.5,2461041.506822953,frozen_polybeam,khz_comb,30.0,single,coherent_ab,4,10,1,58881,88.065,0.2313613071236559,8.574847721632174e-05,0.5502745938468236,1,4,4,4,0.3308758856684498,0.5502745938468236,0.3308758856684498,0.7280464634021924,8.574847721632174e-05,6417.310390931139,0.6991271820919689,0.6991271820919689,0.0009175954729105112,False,20266453,100,-1.610169065675968,0.89703188347138,0.8217821782178217,0.31683168316831684,12.899744608715991,2288.4822997565525,16.18848797435021,17.836928422752315,17.875347702538058,2267.63932409081,2299.0199369254597,2301.593097538715,1.37763608660498,1.1495304296369362,1.054140208213287,2288.4822997565525,85.56699910237923,11210403.618008923,0.00020413915303461744,1303,0.04873937393834462,-1.445965571882522,1.4440828042107998,-4095.9999999999995,4090.666666666666,C:\Users\kimeu\Downloads\starlink_pathB_wsl_package_v0_3_clean\starlink_pathB\paper_final_experiment_check\outputs\coverage_null_global_stats_all_tle_full\159_76_lst000_stress_frozen_polybeam_khz_comb_S30_single.npz,9.10175923472585,9444.443085672718,1.7798436919007438e-05,140609741.2109375,False,False,False,False,False,False,False,False,False,False,False,False
159_76,156.200250406372,mid,stress,0,2461041.5,2461041.506822953,frozen_polybeam,khz_comb,30.0,multi,coherent_ab,4,10,10,58881;58881;46696;46696;48029;48029;54100;54100;58069;58069,88.065;88.065;86.822;86.617;85.104;85.104;83.508;83.508;77.989;77.989,0.2313613071236559,8.574847721632174e-05,0.5502745938468236,1,4,4,4,0.3308758856684498,0.5502745938468236,0.3308758856684498,0.7280464634021924,8.574847721632174e-05,6417.310390931139,6.132449589587827,1.966339025146998,0.01047335863764735,False,20266470,100,1.568289682431807,1.0502094150966228,0.009900990099009901,0.009900990099009901,90.89932506725745,14098.963885017069,46.61935275920587,84.10981052977112,89.4066397200065,9169.407632902015,13438.928464958322,14093.513681164592,19.043951182124147,4.0435458540625655,2.30935253546614,14098.963885017069,-1104.8964350884494,11210403.618008923,0.0012576678204848776,1303,0.04873937393834462,-1.445965571882522,1.4440828042107998,-4095.9999999999995,4090.666666666666,C:\Users\kimeu\Downloads\starlink_pathB_wsl_package_v0_3_clean\starlink_pathB\paper_final_experiment_check\outputs\coverage_null_global_stats_all_tle_full\159_76_lst000_stress_frozen_polybeam_khz_comb_S30_multi.npz,9.10175923472585,9444.443085672718,1.7798436919007438e-05,140609741.2109375,False,False,True,True,True,True,True,True,True,True,False,False
159_76,156.200250406372,mid,stress,0,2461041.5,2461041.506822953,frozen_polybeam,khz_comb,1000.0,single,coherent_ab,4,10,1,58881,88.065,0.2313613071236559,8.574847721632174e-05,0.5502745938468236,1,4,4,4,0.3308758856684498,0.5502745938468236,0.3308758856684498,0.7280464634021924,8.574847721632174e-05,6417.310390931139,23.30423940306563,23.30423940306563,0.030586515763683715,False,20266487,100,-1.7768084445467742,0.6723397267846031,0.7821782178217822,0.3465346534653465,429.21098814330617,76175.95145744653,541.3999408373857,596.169270018617,600.3217630896786,75649.1684684259,76786.0640262855,76868.07370586455,42.58782770858306,0.8470392015751788,0.8214672945406669,76175.95145744653,2616.060850462179,11210403.618008923,0.006795112295071506,1303,0.04873937393834462,-1.445965571882522,1.4440828042107998,-4095.9999999999995,4090.666666666666,C:\Users\kimeu\Downloads\starlink_pathB_wsl_package_v0_3_clean\starlink_pathB\paper_final_experiment_check\outputs\coverage_null_global_stats_all_tle_full\159_76_lst000_stress_frozen_polybeam_khz_comb_S1000_single.npz,9.10175923472585,9444.443085672718,1.7798436919007438e-05,140609741.2109375,False,False,False,False,False,False,False,False,False,False,False,False
159_76,156.200250406372,mid,stress,0,2461041.5,2461041.506822953,frozen_polybeam,khz_comb,1000.0,multi,coherent_ab,4,10,10,58881;58881;46696;46696;48029;48029;54100;54100;58069;58069,88.065;88.065;86.822;86.617;85.104;85.104;83.508;83.508;77.989;77.989,0.2313613071236559,8.574847721632174e-05,0.5502745938468236,1,4,4,4,0.3308758856684498,0.5502745938468236,0.3308758856684498,0.7280464634021924,8.574847721632174e-05,6417.310390931139,204.41498631959422,65.5446341715666,0.34911195458824507,False,20266504,100,0.7315782284830329,1.0342985233299171,0.18811881188118812,0.009900990099009901,1987.129083967382,539988.8790918702,1526.3257662184187,2225.334682776248,2958.421836599617,337620.97583341616,507113.9557836128,515325.3704471568,424.845310668019,3.3474163049045624,2.022655119155266,539988.8790918702,-204952.70177920302,11210403.618008923,0.048168549277245155,1303,0.04873937393834462,-1.445965571882522,1.4440828042107998,-4095.9999999999995,4090.666666666666,C:\Users\kimeu\Downloads\starlink_pathB_wsl_package_v0_3_clean\starlink_pathB\paper_final_experiment_check\outputs\coverage_null_global_stats_all_tle_full\159_76_lst000_stress_frozen_polybeam_khz_comb_S1000_multi.npz,9.10175923472585,9444.443085672718,1.7798436919007438e-05,140609741.2109375,False,False,False,False,False,False,False,False,False,False,False,False
159_76,156.200250406372,mid,stress,0,2461041.5,2461041.506822953,full_polybeam,smooth,30.0,single,coherent_ab,4,10,1,58881,88.065,0.2313613071236559,8.574847721632174e-05,0.5502745938468236,1,4,4,4,0.3308758856684498,0.5502745938468236,0.3308758856684498,0.7280464634021924,8.574847721632174e-05,6417.310390931139,1.004819668734686,1.004819668734686,0.00123941404702646,False,20266521,100,-2.669637403930196,0.000956323592569534,0.8712871287128713,0.504950495049505,14.789783591695596,3025.124764600713,20.071434423400206,22.781631122031104,24.075426587365946,3025.0910576672277,3064.928242977867,3065.2931111686853,1.334422673102381,1.0627007519902292,1.0124062451053408,3025.124764600713,152.73764949237483,11210403.618008923,0.000269849763459097,1303,0.04873937393834462,-1.445965571882522,1.4440828042107998,-4095.9999999999995,4090.666666666666,C:\Users\kimeu\Downloads\starlink_pathB_wsl_package_v0_3_clean\starlink_pathB\paper_final_experiment_check\outputs\coverage_null_global_stats_all_tle_full\159_76_lst000_stress_full_polybeam_smooth_S30_single.npz,9.10175923472585,9444.443085672718,1.7798436919007438e-05,140609741.2109375,False,False,False,False,False,False,False,False,False,False,False,False
159_76,156.200250406372,mid,stress,0,2461041.5,2461041.506822953,full_polybeam,smooth,30.0,multi,coherent_ab,4,10,10,58881;58881;46696;46696;48029;48029;54100;54100;58069;58069,88.065;88.065;86.822;86.617;85.104;85.104;83.508;83.508;77.989;77.989,0.2313613071236559,8.574847721632174e-05,0.5502745938468236,1,4,4,4,0.3308758856684498,0.5502745938468236,0.3308758856684498,0.7280464634021924,8.574847721632174e-05,6417.310390931139,10.321284798943594,3.256588535633325,0.015486989946528772,False,20266538,100,0.9065233349524611,0.8306468758826452,0.09900990099009901,0.09900990099009901,101.32455698624835,20383.666177618874,71.33383962636981,108.9689005584827,127.46276284922246,14398.89572255374,20693.414706877422,21235.256106192573,22.314330971274103,3.08483227271644,2.072081282641274,20383.666177618874,-1160.7365747723013,11210403.618008923,0.0018182812030847477,1303,0.04873937393834462,-1.445965571882522,1.4440828042107998,-4095.9999999999995,4090.666666666666,C:\Users\kimeu\Downloads\starlink_pathB_wsl_package_v0_3_clean\starlink_pathB\paper_final_experiment_check\outputs\coverage_null_global_stats_all_tle_full\159_76_lst000_stress_full_polybeam_smooth_S30_multi.npz,9.10175923472585,9444.443085672718,1.7798436919007438e-05,140609741.2109375,False,False,False,False,False,False,False,False,False,False,False,False
159_76,156.200250406372,mid,stress,0,2461041.5,2461041.506822953,full_polybeam,smooth,1000.0,single,coherent_ab,4,10,1,58881,88.065,0.2313613071236559,8.574847721632174e-05,0.5502745938468236,1,4,4,4,0.3308758856684498,0.5502745938468236,0.3308758856684498,0.7280464634021924,8.574847721632174e-05,6417.310390931139,33.493988957822864,33.493988957822864,0.041313801567548686,False,20266555,100,-2.4733516329455942,0.0713661823870677,0.9108910891089109,0.49504950495049505,495.6342946823788,100999.63395720892,683.5404584609569,812.278650335061,818.0853014561701,100932.8675814897,102103.3869126062,102162.90644904668,51.242601104157075,1.2274990634523952,1.1246662815523005,100999.63395720892,4007.525225255831,11210403.618008923,0.009009455626999757,1303,0.04873937393834462,-1.445965571882522,1.4440828042107998,-4095.9999999999995,4090.666666666666,C:\Users\kimeu\Downloads\starlink_pathB_wsl_package_v0_3_clean\starlink_pathB\paper_final_experiment_check\outputs\coverage_null_global_stats_all_tle_full\159_76_lst000_stress_full_polybeam_smooth_S1000_single.npz,9.10175923472585,9444.443085672718,1.7798436919007438e-05,140609741.2109375,False,False,False,False,False,False,False,False,False,False,False,False
159_76,156.200250406372,mid,stress,0,2461041.5,2461041.506822953,full_polybeam,smooth,1000.0,multi,coherent_ab,4,10,10,58881;58881;46696;46696;48029;48029;54100;54100;58069;58069,88.065;88.065;86.822;86.617;85.104;85.104;83.508;83.508;77.989;77.989,0.2313613071236559,8.574847721632174e-05,0.5502745938468236,1,4,4,4,0.3308758856684498,0.5502745938468236,0.3308758856684498,0.7280464634021924,8.574847721632174e-05,6417.310390931139,344.042826631453,108.5529511877775,0.5162329982176258,False,20266572,100,0.9521957506843188,1.0780393166794435,0.1782178217821782,0.04950495049504951,2837.541842991812,916075.9782445615,1924.5106745164812,3282.6748424677835,3822.2613071135856,524190.234876314,909225.450625504,951778.6805031941,646.7484084109246,3.4632994789622695,2.14659740969514,916075.9782445615,-337407.50467797456,11210403.618008923,0.08171659196756606,1303,0.04873937393834462,-1.445965571882522,1.4440828042107998,-4095.9999999999995,4090.666666666666,C:\Users\kimeu\Downloads\starlink_pathB_wsl_package_v0_3_clean\starlink_pathB\paper_final_experiment_check\outputs\coverage_null_global_stats_all_tle_full\159_76_lst000_stress_full_polybeam_smooth_S1000_multi.npz,9.10175923472585,9444.443085672718,1.7798436919007438e-05,140609741.2109375,False,False,False,False,False,False,False,False,False,False,False,False
159_76,156.200250406372,mid,stress,0,2461041.5,2461041.506822953,full_polybeam,lines,30.0,single,coherent_ab,4,10,1,58881,88.065,0.2313613071236559,8.574847721632174e-05,0.5502745938468236,1,4,4,4,0.3308758856684498,0.5502745938468236,0.3308758856684498,0.7280464634021924,8.574847721632174e-05,6417.310390931139,1.0048197720158711,1.0048197720158711,0.001240845121000626,False,20266589,100,-3.022761235928047,0.059925490596947316,0.8415841584158416,0.46534653465346537,15.183814167117816,3031.141080838298,20.66560582926104,22.91608480875875,23.550748941390484,3028.6483417384634,3065.9247217977004,3068.122627518227,1.2231921521106415,0.949026130508695,0.8511741867139818,3031.141080838298,148.2037984324358,11210403.618008923,0.000270386436039549,1303,0.04873937393834462,-1.445965571882522,1.4440828042107998,-4095.9999999999995,4090.666666666666,C:\Users\kimeu\Downloads\starlink_pathB_wsl_package_v0_3_clean\starlink_pathB\paper_final_experiment_check\outputs\coverage_null_global_stats_all_tle_full\159_76_lst000_stress_full_polybeam_lines_S30_single.npz,9.10175923472585,9444.443085672718,1.7798436919007438e-05,140609741.2109375,False,False,False,False,False,False,False,False,False,False,False,False
159_76,156.200250406372,mid,stress,0,2461041.5,2461041.506822953,full_polybeam,lines,30.0,multi,coherent_ab,4,10,10,58881;58881;46696;46696;48029;48029;54100;54100;58069;58069,88.065;88.065;86.822;86.617;85.104;85.104;83.508;83.508;77.989;77.989,0.2313613071236559,8.574847721632174e-05,0.5502745938468236,1,4,4,4,0.3308758856684498,0.5502745938468236,0.3308758856684498,0.7280464634021924,8.574847721632174e-05,6417.310390931139,10.320913783846766,3.256419923346841,0.015499411300573052,False,20266606,100,0.9510852885229305,0.9182605363418573,0.15841584158415842,0.0594059405940594,100.63568951883644,20379.453690855873,65.00231718404939,110.02250912863418,119.58582431737311,13375.432220098492,20375.964283025925,20684.364608539603,25.270478535241637,3.575465385409228,2.2421189718817542,20379.453690855873,-1177.2925551999647,11210403.618008923,0.0018179054372420057,1303,0.04873937393834462,-1.445965571882522,1.4440828042107998,-4095.9999999999995,4090.666666666666,C:\Users\kimeu\Downloads\starlink_pathB_wsl_package_v0_3_clean\starlink_pathB\paper_final_experiment_check\outputs\coverage_null_global_stats_all_tle_full\159_76_lst000_stress_full_polybeam_lines_S30_multi.npz,9.10175923472585,9444.443085672718,1.7798436919007438e-05,140609741.2109375,False,False,False,False,False,False,False,False,False,False,False,False
159_76,156.200250406372,mid,stress,0,2461041.5,2461041.506822953,full_polybeam,lines,1000.0,single,coherent_ab,4,10,1,58881,88.065,0.2313613071236559,8.574847721632174e-05,0.5502745938468236,1,4,4,4,0.3308758856684498,0.5502745938468236,0.3308758856684498,0.7280464634021924,8.574847721632174e-05,6417.310390931139,33.49399240052904,33.49399240052904,0.041361504033354195,False,20266623,100,-1.5666003607372418,0.04475192449059063,0.7722772277227723,0.49504950495049505,508.8147285027517,101179.97341657909,674.7815287181038,796.559072428125,805.4177284559122,101126.34179651018,102251.6321283411,102350.34878289101,71.4560496286831,0.9329212616187341,0.859219451136585,101179.97341657909,3852.07006227877,11210403.618008923,0.009025542421509141,1303,0.04873937393834462,-1.445965571882522,1.4440828042107998,-4095.9999999999995,4090.666666666666,C:\Users\kimeu\Downloads\starlink_pathB_wsl_package_v0_3_clean\starlink_pathB\paper_final_experiment_check\outputs\coverage_null_global_stats_all_tle_full\159_76_lst000_stress_full_polybeam_lines_S1000_single.npz,9.10175923472585,9444.443085672718,1.7798436919007438e-05,140609741.2109375,False,False,False,False,False,False,False,False,False,False,False,False
159_76,156.200250406372,mid,stress,0,2461041.5,2461041.506822953,full_polybeam,lines,1000.0,multi,coherent_ab,4,10,10,58881;58881;46696;46696;48029;48029;54100;54100;58069;58069,88.065;88.065;86.822;86.617;85.104;85.104;83.508;83.508;77.989;77.989,0.2313613071236559,8.574847721632174e-05,0.5502745938468236,1,4,4,4,0.3308758856684498,0.5502745938468236,0.3308758856684498,0.7280464634021924,8.574847721632174e-05,6417.310390931139,344.03045946155896,108.54733077822803,0.516647043352435,False,20266640,100,0.995431294160393,1.2292419842487303,0.1485148514851485,0.0297029702970297,2822.401319697665,916232.0952637243,1925.8001927216005,3200.2583988313104,3339.1902835566175,514457.1049049281,846789.3687370522,928433.5217344024,607.5247770784008,4.049848187546709,2.1222308045470557,916232.0952637243,-337824.5719704699,11210403.618008923,0.0817305180512721,1303,0.04873937393834462,-1.445965571882522,1.4440828042107998,-4095.9999999999995,4090.666666666666,C:\Users\kimeu\Downloads\starlink_pathB_wsl_package_v0_3_clean\starlink_pathB\paper_final_experiment_check\outputs\coverage_null_global_stats_all_tle_full\159_76_lst000_stress_full_polybeam_lines_S1000_multi.npz,9.10175923472585,9444.443085672718,1.7798436919007438e-05,140609741.2109375,False,False,False,False,False,False,False,False,False,False,False,False
159_76,156.200250406372,mid,stress,0,2461041.5,2461041.506822953,full_polybeam,khz_comb,30.0,single,coherent_ab,4,10,1,58881,88.065,0.2313613071236559,8.574847721632174e-05,0.5502745938468236,1,4,4,4,0.3308758856684498,0.5502745938468236,0.3308758856684498,0.7280464634021924,8.574847721632174e-05,6417.310390931139,0.8269448673738119,0.8269448673738119,0.0010820574436384877,False,20266657,100,-1.6155321308783104,0.5267449976258088,0.7722772277227723,0.32673267326732675,14.631096007818996,2598.924015030062,18.034349789626503,20.798887230872786,21.258209115388016,2583.222822351016,2614.982633556755,2617.1402677091296,1.4208712931849732,0.9957406499524852,0.9032165913946072,2598.924015030062,127.50045695666986,11210403.618008923,0.00023183144011470092,1303,0.04873937393834462,-1.445965571882522,1.4440828042107998,-4095.9999999999995,4090.666666666666,C:\Users\kimeu\Downloads\starlink_pathB_wsl_package_v0_3_clean\starlink_pathB\paper_final_experiment_check\outputs\coverage_null_global_stats_all_tle_full\159_76_lst000_stress_full_polybeam_khz_comb_S30_single.npz,9.10175923472585,9444.443085672718,1.7798436919007438e-05,140609741.2109375,False,False,False,False,False,False,False,False,False,False,False,False
159_76,156.200250406372,mid,stress,0,2461041.5,2461041.506822953,full_polybeam,khz_comb,30.0,multi,coherent_ab,4,10,10,58881;58881;46696;46696;48029;48029;54100;54100;58069;58069,88.065;88.065;86.822;86.617;85.104;85.104;83.508;83.508;77.989;77.989,0.2313613071236559,8.574847721632174e-05,0.5502745938468236,1,4,4,4,0.3308758856684498,0.5502745938468236,0.3308758856684498,0.7280464634021924,8.574847721632174e-05,6417.310390931139,8.493888076104563,2.679962931285709,0.013451132011872233,False,20266674,100,0.807071558647452,0.853229638015227,0.15841584158415842,0.06930693069306931,90.06083075314382,17534.62040987875,64.64560003577935,97.50544282533082,102.23929311103453,13627.279099152864,17562.398336607563,18290.028872170475,21.240171438523248,3.137213682655966,2.128826921390216,17534.62040987875,-1079.6127539722572,11210403.618008923,0.0015641381887187636,1303,0.04873937393834462,-1.445965571882522,1.4440828042107998,-4095.9999999999995,4090.666666666666,C:\Users\kimeu\Downloads\starlink_pathB_wsl_package_v0_3_clean\starlink_pathB\paper_final_experiment_check\outputs\coverage_null_global_stats_all_tle_full\159_76_lst000_stress_full_polybeam_khz_comb_S30_multi.npz,9.10175923472585,9444.443085672718,1.7798436919007438e-05,140609741.2109375,False,False,False,False,False,False,False,False,False,False,False,False
159_76,156.200250406372,mid,stress,0,2461041.5,2461041.506822953,full_polybeam,khz_comb,1000.0,single,coherent_ab,4,10,1,58881,88.065,0.2313613071236559,8.574847721632174e-05,0.5502745938468236,1,4,4,4,0.3308758856684498,0.5502745938468236,0.3308758856684498,0.7280464634021924,8.574847721632174e-05,6417.310390931139,27.564828912460392,27.564828912460392,0.03606858145461624,False,20266691,100,-1.8326163722762658,0.8337933336987686,0.8316831683168316,0.2871287128712871,489.583281883577,86705.43046031198,605.5908699229494,706.0779648655374,717.1233622883005,86013.36532397245,87220.53837255586,87247.80266460622,42.69635879359521,1.3008218882226146,1.160188502611259,86705.43046031198,3517.845909921173,11210403.618008923,0.007734371875872897,1303,0.04873937393834462,-1.445965571882522,1.4440828042107998,-4095.9999999999995,4090.666666666666,C:\Users\kimeu\Downloads\starlink_pathB_wsl_package_v0_3_clean\starlink_pathB\paper_final_experiment_check\outputs\coverage_null_global_stats_all_tle_full\159_76_lst000_stress_full_polybeam_khz_comb_S1000_single.npz,9.10175923472585,9444.443085672718,1.7798436919007438e-05,140609741.2109375,False,False,False,False,False,False,False,False,False,False,False,False
159_76,156.200250406372,mid,stress,0,2461041.5,2461041.506822953,full_polybeam,khz_comb,1000.0,multi,coherent_ab,4,10,10,58881;58881;46696;46696;48029;48029;54100;54100;58069;58069,88.065;88.065;86.822;86.617;85.104;85.104;83.508;83.508;77.989;77.989,0.2313613071236559,8.574847721632174e-05,0.5502745938468236,1,4,4,4,0.3308758856684498,0.5502745938468236,0.3308758856684498,0.7280464634021924,8.574847721632174e-05,6417.310390931139,283.12960253681877,89.33209770952364,0.44837106706240776,False,20266708,100,0.5402778150820949,0.9169387822107745,0.25742574257425743,0.04950495049504951,2354.670931456314,740621.423797502,1902.6723207768487,3050.746918180504,3503.8415255620444,526632.341630347,717597.9706104903,753488.0180904095,564.281704132593,3.312140683053873,2.028196616282747,740621.423797502,-266250.65463796485,11210403.618008923,0.06606554492005379,1303,0.04873937393834462,-1.445965571882522,1.4440828042107998,-4095.9999999999995,4090.666666666666,C:\Users\kimeu\Downloads\starlink_pathB_wsl_package_v0_3_clean\starlink_pathB\paper_final_experiment_check\outputs\coverage_null_global_stats_all_tle_full\159_76_lst000_stress_full_polybeam_khz_comb_S1000_multi.npz,9.10175923472585,9444.443085672718,1.7798436919007438e-05,140609741.2109375,False,False,False,False,False,False,False,False,False,False,False,False
23_80,207.2758462936688,long,quiet,48,2461041.833333333,2461041.8401562865,frozen_polybeam,smooth,30.0,single,coherent_ab,2,35,1,53005,89.168,0.1671706989247312,5.820419561578807e-09,0.0149220859960422,0,2,2,2,0.0,0.0149220859960422,0.0,0.0457676818690719,5.820419561578807e-09,2563747.4821479414,1.3796424815775308,1.3796424815775308,0.001979893061783736,False,20266773,100,-0.5507983937706835,-0.5661238142811291,0.6831683168316832,0.693069306930693,9.75645956507833,1844.588372905925,11.161981018853567,14.82591971327729,14.864502131850386,1851.5761695083868,1866.4697460501386,1867.398195882733,1.7211583104437977,1.888368668796484,1.4189343041765117,1844.588372905925,-407.15225783512153,5016469.09829277,0.00036770651563141987,1239,0.06467656072644712,-1.445965571882522,1.4440828042107998,-4095.9999999999995,4090.666666666666,C:\Users\kimeu\Downloads\starlink_pathB_wsl_package_v0_3_clean\starlink_pathB\paper_final_experiment_check\outputs\coverage_null_global_stats_all_tle_full\23_80_lst048_quiet_frozen_polybeam_smooth_S30_single.npz,9.10175923472585,9444.443085672718,1.7798436919007438e-05,140609741.2109375,False,False,False,False,False,False,False,False,False,False,False,False
23_80,207.2758462936688,long,quiet,48,2461041.833333333,2461041.8401562865,frozen_polybeam,smooth,30.0,multi,coherent_ab,2,35,12,53005;45654;45654;57260;57260;57500;57500;54553;54553;57120;55418;55418,89.168;88.462;88.462;87.660;87.659;87.369;87.369;86.970;86.970;82.359;81.503;81.502,0.1671706989247312,5.820419561578807e-09,0.0149220859960422,0,2,2,2,0.0,0.0149220859960422,0.0,0.0457676818690719,5.820419561578807e-09,2563747.4821479414,7.149874253987045,1.3796424815775308,0.013756600436838752,False,20266790,100,-0.007110445178044007,1.5145998094745887,0.504950495049505,0.0297029702970297,17.355065021900373,3639.6220455473126,17.384961463795435,28.33991959185987,30.555859851503307,2903.74212735226,3575.156189269189,3873.0087525868958,2.8359509558858917,3.6237308665899937,1.7880784038976898,3639.6220455473126,-590.2450024299314,5016469.09829277,0.0007255346288858765,1239,0.06467656072644712,-1.445965571882522,1.4440828042107998,-4095.9999999999995,4090.666666666666,C:\Users\kimeu\Downloads\starlink_pathB_wsl_package_v0_3_clean\starlink_pathB\paper_final_experiment_check\outputs\coverage_null_global_stats_all_tle_full\23_80_lst048_quiet_frozen_polybeam_smooth_S30_multi.npz,9.10175923472585,9444.443085672718,1.7798436919007438e-05,140609741.2109375,False,False,False,False,False,False,False,False,False,False,False,False
23_80,207.2758462936688,long,quiet,48,2461041.833333333,2461041.8401562865,frozen_polybeam,smooth,1000.0,single,coherent_ab,2,35,1,53005,89.168,0.1671706989247312,5.820419561578807e-09,0.0149220859960422,0,2,2,2,0.0,0.0149220859960422,0.0,0.0457676818690719,5.820419561578807e-09,2563747.4821479414,45.98808271925102,45.98808271925102,0.06599643539279121,False,20266807,100,-0.2690713877490434,0.1529070706179398,0.6336633663366337,0.42574257425742573,315.09703354667863,62418.52547901339,330.914283018506,471.5840357090855,485.7649878602389,62285.00737586494,63280.11215213317,63339.38594845642,39.649658398588144,0.897876007349923,0.8353785337439017,62418.52547901339,-17374.791206197577,5016469.09829277,0.012442721016711929,1239,0.06467656072644712,-1.445965571882522,1.4440828042107998,-4095.9999999999995,4090.666666666666,C:\Users\kimeu\Downloads\starlink_pathB_wsl_package_v0_3_clean\starlink_pathB\paper_final_experiment_check\outputs\coverage_null_global_stats_all_tle_full\23_80_lst048_quiet_frozen_polybeam_smooth_S1000_single.npz,9.10175923472585,9444.443085672718,1.7798436919007438e-05,140609741.2109375,False,False,False,False,False,False,False,False,False,False,False,False
23_80,207.2758462936688,long,quiet,48,2461041.833333333,2461041.8401562865,frozen_polybeam,smooth,1000.0,multi,coherent_ab,2,35,12,53005;45654;45654;57260;57260;57500;57500;54553;54553;57120;55418;55418,89.168;88.462;88.462;87.660;87.659;87.369;87.369;86.970;86.970;82.359;81.503;81.502,0.1671706989247312,5.820419561578807e-09,0.0149220859960422,0,2,2,2,0.0,0.0149220859960422,0.0,0.0457676818690719,5.820419561578807e-09,2563747.4821479414,238.3291417995682,45.98808271925102,0.4585533478946251,False,20266824,100,0.2737647799646861,2.145222529142293,0.40594059405940597,0.0297029702970297,562.2978737204976,138281.3374879286,523.6855123670123,759.018077507912,864.9473114485403,103150.26459918421,125891.38346340197,138390.45271707623,95.13159778206864,3.496142448614483,1.6919278377556835,138281.3374879286,-72206.17545271039,5016469.09829277,0.02756547180465822,1239,0.06467656072644712,-1.445965571882522,1.4440828042107998,-4095.9999999999995,4090.666666666666,C:\Users\kimeu\Downloads\starlink_pathB_wsl_package_v0_3_clean\starlink_pathB\paper_final_experiment_check\outputs\coverage_null_global_stats_all_tle_full\23_80_lst048_quiet_frozen_polybeam_smooth_S1000_multi.npz,9.10175923472585,9444.443085672718,1.7798436919007438e-05,140609741.2109375,False,False,False,False,False,False,False,False,False,False,False,False
23_80,207.2758462936688,long,quiet,48,2461041.833333333,2461041.8401562865,frozen_polybeam,lines,30.0,single,coherent_ab,2,35,1,53005,89.168,0.1671706989247312,5.820419561578807e-09,0.0149220859960422,0,2,2,2,0.0,0.0149220859960422,0.0,0.0457676818690719,5.820419561578807e-09,2563747.4821479414,1.3796136703766895,1.3796136703766895,0.0019810968803993805,False,20266841,100,-0.31796931448661025,-1.2019197088940694,0.6633663366336634,0.7920792079207921,9.720314104400131,1844.8308385030687,10.280585329456017,14.955539136003427,14.999830143865948,1855.272343472754,1866.481926817784,1867.2294802965241,1.1884724307783472,1.375060388339522,1.288891018998108,1844.8308385030687,-405.6500751242943,5016469.09829277,0.00036775484954764515,1239,0.06467656072644712,-1.445965571882522,1.4440828042107998,-4095.9999999999995,4090.666666666666,C:\Users\kimeu\Downloads\starlink_pathB_wsl_package_v0_3_clean\starlink_pathB\paper_final_experiment_check\outputs\coverage_null_global_stats_all_tle_full\23_80_lst048_quiet_frozen_polybeam_lines_S30_single.npz,9.10175923472585,9444.443085672718,1.7798436919007438e-05,140609741.2109375,False,False,False,False,False,False,False,False,False,False,False,False
23_80,207.2758462936688,long,quiet,48,2461041.833333333,2461041.8401562865,frozen_polybeam,lines,30.0,multi,coherent_ab,2,35,12,53005;45654;45654;57260;57260;57500;57500;54553;54553;57120;55418;55418,89.168;88.462;88.462;87.660;87.659;87.369;87.369;86.970;86.970;82.359;81.503;81.502,0.1671706989247312,5.820419561578807e-09,0.0149220859960422,0,2,2,2,0.0,0.0149220859960422,0.0,0.0457676818690719,5.820419561578807e-09,2563747.4821479414,7.149705002155344,1.3796136703766895,0.013772496880823168,False,20266858,100,0.09070948518414976,1.2047771937990712,0.46534653465346537,0.07920792079207921,17.32740175125946,3637.365934290371,16.981220611331082,25.63920386620939,33.1905128438865,2927.9314107589103,3775.237857877523,3956.943414795672,2.5741076527194764,3.3501888873767434,1.8717882714028513,3637.365934290371,-591.9576735569462,5016469.09829277,0.0007250848879998599,1239,0.06467656072644712,-1.445965571882522,1.4440828042107998,-4095.9999999999995,4090.666666666666,C:\Users\kimeu\Downloads\starlink_pathB_wsl_package_v0_3_clean\starlink_pathB\paper_final_experiment_check\outputs\coverage_null_global_stats_all_tle_full\23_80_lst048_quiet_frozen_polybeam_lines_S30_multi.npz,9.10175923472585,9444.443085672718,1.7798436919007438e-05,140609741.2109375,False,False,False,False,False,False,False,False,False,False,False,False
23_80,207.2758462936688,long,quiet,48,2461041.833333333,2461041.8401562865,frozen_polybeam,lines,1000.0,single,coherent_ab,2,35,1,53005,89.168,0.1671706989247312,5.820419561578807e-09,0.0149220859960422,0,2,2,2,0.0,0.0149220859960422,0.0,0.0457676818690719,5.820419561578807e-09,2563747.4821479414,45.98712234588965,45.98712234588965,0.06603656267997936,False,20266875,100,-0.2029633693483715,0.08951203581163031,0.5742574257425742,0.44554455445544555,314.0312446681028,62414.393282016885,326.4866800944344,470.7203915215563,487.58142934704966,62332.18539853745,63364.188647429684,63448.95648322301,41.39208039012345,0.8275459105791563,0.7585001770986032,62414.393282016885,-17323.11993189934,5016469.09829277,0.012441897290518159,1239,0.06467656072644712,-1.445965571882522,1.4440828042107998,-4095.9999999999995,4090.666666666666,C:\Users\kimeu\Downloads\starlink_pathB_wsl_package_v0_3_clean\starlink_pathB\paper_final_experiment_check\outputs\coverage_null_global_stats_all_tle_full\23_80_lst048_quiet_frozen_polybeam_lines_S1000_single.npz,9.10175923472585,9444.443085672718,1.7798436919007438e-05,140609741.2109375,False,False,False,False,False,False,False,False,False,False,False,False
23_80,207.2758462936688,long,quiet,48,2461041.833333333,2461041.8401562865,frozen_polybeam,lines,1000.0,multi,coherent_ab,2,35,12,53005;45654;45654;57260;57260;57500;57500;54553;54553;57120;55418;55418,89.168;88.462;88.462;87.660;87.659;87.369;87.369;86.970;86.970;82.359;81.503;81.502,0.1671706989247312,5.820419561578807e-09,0.0149220859960422,0,2,2,2,0.0,0.0149220859960422,0.0,0.0457676818690719,5.820419561578807e-09,2563747.4821479414,238.32350007184485,45.98712234588965,0.4590832293607723,False,20266892,100,0.4051632086145837,1.9235873474847607,0.31683168316831684,0.019801980198019802,561.5639552028479,138270.96942605142,519.3817257008309,683.2345678672139,778.151846086768,98680.03147344565,124534.97509308506,133175.1785483896,70.22237806467842,3.1637256929143533,1.7804221302067955,138270.96942605142,-72288.46049657508,5016469.09829277,0.027563404999964715,1239,0.06467656072644712,-1.445965571882522,1.4440828042107998,-4095.9999999999995,4090.666666666666,C:\Users\kimeu\Downloads\starlink_pathB_wsl_package_v0_3_clean\starlink_pathB\paper_final_experiment_check\outputs\coverage_null_global_stats_all_tle_full\23_80_lst048_quiet_frozen_polybeam_lines_S1000_multi.npz,9.10175923472585,9444.443085672718,1.7798436919007438e-05,140609741.2109375,False,False,False,False,False,False,False,False,False,False,False,False
23_80,207.2758462936688,long,quiet,48,2461041.833333333,2461041.8401562865,frozen_polybeam,khz_comb,30.0,single,coherent_ab,2,35,1,53005,89.168,0.1671706989247312,5.820419561578807e-09,0.0149220859960422,0,2,2,2,0.0,0.0149220859960422,0.0,0.0457676818690719,5.820419561578807e-09,2563747.4821479414,1.1353921125456607,1.1353921125456607,0.0017707353959845623,False,20266909,100,-0.7629554076526288,-0.5498875831132352,0.8118811881188119,0.7029702970297029,8.612703843937197,1757.692866743393,10.34672971493228,13.894214298411498,14.15528071718305,1765.3144497315693,1781.319597817715,1781.785862490846,1.5329656424848963,1.0821301207145138,0.9405606589769557,1757.692866743393,-362.7487358502209,5016469.09829277,0.0003503844700930342,1239,0.06467656072644712,-1.445965571882522,1.4440828042107998,-4095.9999999999995,4090.666666666666,C:\Users\kimeu\Downloads\starlink_pathB_wsl_package_v0_3_clean\starlink_pathB\paper_final_experiment_check\outputs\coverage_null_global_stats_all_tle_full\23_80_lst048_quiet_frozen_polybeam_khz_comb_S30_single.npz,9.10175923472585,9444.443085672718,1.7798436919007438e-05,140609741.2109375,False,False,False,False,False,False,False,False,False,False,False,False
23_80,207.2758462936688,long,quiet,48,2461041.833333333,2461041.8401562865,frozen_polybeam,khz_comb,30.0,multi,coherent_ab,2,35,12,53005;45654;45654;57260;57260;57500;57500;54553;54553;57120;55418;55418,89.168;88.462;88.462;87.660;87.659;87.369;87.369;86.970;86.970;82.359;81.503;81.502,0.1671706989247312,5.820419561578807e-09,0.0149220859960422,0,2,2,2,0.0,0.0149220859960422,0.0,0.0457676818690719,5.820419561578807e-09,2563747.4821479414,6.187697335864481,1.1353921125456607,0.012290130913456635,False,20266926,100,0.5468074534743458,2.403328949405097,0.27722772277227725,0.019801980198019802,18.935458304535132,3443.8204660557276,16.731851772891787,24.632887516487425,30.948113191027375,2696.1648955863757,3248.0187256502013,3392.6117469496285,2.718163832025084,3.7387840041763876,1.8616457150600632,3443.8204660557276,-562.1735512283446,5016469.09829277,0.0006865028765407418,1239,0.06467656072644712,-1.445965571882522,1.4440828042107998,-4095.9999999999995,4090.666666666666,C:\Users\kimeu\Downloads\starlink_pathB_wsl_package_v0_3_clean\starlink_pathB\paper_final_experiment_check\outputs\coverage_null_global_stats_all_tle_full\23_80_lst048_quiet_frozen_polybeam_khz_comb_S30_multi.npz,9.10175923472585,9444.443085672718,1.7798436919007438e-05,140609741.2109375,False,False,False,False,False,False,False,False,False,False,False,False
23_80,207.2758462936688,long,quiet,48,2461041.833333333,2461041.8401562865,frozen_polybeam,khz_comb,1000.0,single,coherent_ab,2,35,1,53005,89.168,0.1671706989247312,5.820419561578807e-09,0.0149220859960422,0,2,2,2,0.0,0.0149220859960422,0.0,0.0457676818690719,5.820419561578807e-09,2563747.4821479414,37.846403751522026,37.846403751522026,0.05902451319948541,False,20266943,100,-0.9385492135431368,-0.020688128863370906,0.9108910891089109,0.5148514851485149,277.3627864463501,59246.43290045845,336.0067462685388,452.83130721440483,461.46063353836576,59258.48754629541,59792.41814472207,59973.654174123054,42.14462963519918,1.1910216167348378,1.0940663349008597,59246.43290045845,-15332.856314673472,5016469.09829277,0.011810385300812775,1239,0.06467656072644712,-1.445965571882522,1.4440828042107998,-4095.9999999999995,4090.666666666666,C:\Users\kimeu\Downloads\starlink_pathB_wsl_package_v0_3_clean\starlink_pathB\paper_final_experiment_check\outputs\coverage_null_global_stats_all_tle_full\23_80_lst048_quiet_frozen_polybeam_khz_comb_S1000_single.npz,9.10175923472585,9444.443085672718,1.7798436919007438e-05,140609741.2109375,False,False,False,False,False,False,False,False,False,False,False,False
23_80,207.2758462936688,long,quiet,48,2461041.833333333,2461041.8401562865,frozen_polybeam,khz_comb,1000.0,multi,coherent_ab,2,35,12,53005;45654;45654;57260;57260;57500;57500;54553;54553;57120;55418;55418,89.168;88.462;88.462;87.660;87.659;87.369;87.369;86.970;86.970;82.359;81.503;81.502,0.1671706989247312,5.820419561578807e-09,0.0149220859960422,0,2,2,2,0.0,0.0149220859960422,0.0,0.0457676818690719,5.820419561578807e-09,2563747.4821479414,206.2565778621494,37.846403751522026,0.4096710304485545,False,20266960,100,1.4731363380377287,2.612312943698427,0.1485148514851485,0.04950495049504951,596.7807481369273,130557.65321185962,456.3159445564447,704.8086249301143,809.1007884183335,91459.31824371673,119127.58656023245,135169.05792429333,64.31326795789352,3.283755867801759,1.6894317828888359,130557.65321185962,-69062.850587886,5016469.09829277,0.026025806329852935,1239,0.06467656072644712,-1.445965571882522,1.4440828042107998,-4095.9999999999995,4090.666666666666,C:\Users\kimeu\Downloads\starlink_pathB_wsl_package_v0_3_clean\starlink_pathB\paper_final_experiment_check\outputs\coverage_null_global_stats_all_tle_full\23_80_lst048_quiet_frozen_polybeam_khz_comb_S1000_multi.npz,9.10175923472585,9444.443085672718,1.7798436919007438e-05,140609741.2109375,False,False,False,False,False,False,False,False,False,False,False,False
23_80,207.2758462936688,long,quiet,48,2461041.833333333,2461041.8401562865,full_polybeam,smooth,30.0,single,coherent_ab,2,35,1,53005,89.168,0.1671706989247312,5.820419561578807e-09,0.0149220859960422,0,2,2,2,0.0,0.0149220859960422,0.0,0.0457676818690719,5.820419561578807e-09,2563747.4821479414,1.4874310344740103,1.4874310344740103,0.002289083051352793,False,20266977,100,-0.48518238340271436,0.5797496963660741,0.7128712871287128,0.26732673267326734,9.648970217794158,1970.5112208804026,10.67315121005663,15.200962649844405,15.326777576722417,1962.1760725412655,1992.6854307078816,1994.6186789599158,1.4237957496886793,1.2866799367098742,1.1135048281505653,1970.5112208804026,-426.97124914206114,5016469.09829277,0.00039280840413250364,1239,0.06467656072644712,-1.445965571882522,1.4440828042107998,-4095.9999999999995,4090.666666666666,C:\Users\kimeu\Downloads\starlink_pathB_wsl_package_v0_3_clean\starlink_pathB\paper_final_experiment_check\outputs\coverage_null_global_stats_all_tle_full\23_80_lst048_quiet_full_polybeam_smooth_S30_single.npz,9.10175923472585,9444.443085672718,1.7798436919007438e-05,140609741.2109375,False,False,False,False,False,False,False,False,False,False,False,False
23_80,207.2758462936688,long,quiet,48,2461041.833333333,2461041.8401562865,full_polybeam,smooth,30.0,multi,coherent_ab,2,35,12,53005;45654;45654;57260;57260;57500;57500;54553;54553;57120;55418;55418,89.168;88.462;88.462;87.660;87.659;87.369;87.369;86.970;86.970;82.359;81.503;81.502,0.1671706989247312,5.820419561578807e-09,0.0149220859960422,0,2,2,2,0.0,0.0149220859960422,0.0,0.0457676818690719,5.820419561578807e-09,2563747.4821479414,8.738018723364345,1.4874310344740103,0.01717620464582823,False,20266994,100,-0.2532309228734719,1.1687100190923772,0.6336633663366337,0.12871287128712872,19.063489084783214,4089.791814174768,19.875497970115248,27.42251924862571,29.472539694482023,3413.4589752254965,4250.552795950682,4679.219158979229,2.1628183618120147,3.4581328547015278,1.8253897295718513,4089.791814174768,-588.4511647026077,5016469.09829277,0.0008152730005984941,1239,0.06467656072644712,-1.445965571882522,1.4440828042107998,-4095.9999999999995,4090.666666666666,C:\Users\kimeu\Downloads\starlink_pathB_wsl_package_v0_3_clean\starlink_pathB\paper_final_experiment_check\outputs\coverage_null_global_stats_all_tle_full\23_80_lst048_quiet_full_polybeam_smooth_S30_multi.npz,9.10175923472585,9444.443085672718,1.7798436919007438e-05,140609741.2109375,False,False,False,False,False,False,False,False,False,False,False,False
23_80,207.2758462936688,long,quiet,48,2461041.833333333,2461041.8401562865,full_polybeam,smooth,1000.0,single,coherent_ab,2,35,1,53005,89.168,0.1671706989247312,5.820419561578807e-09,0.0149220859960422,0,2,2,2,0.0,0.0149220859960422,0.0,0.0457676818690719,5.820419561578807e-09,2563747.4821479414,49.58103448246702,49.58103448246702,0.07630276837842644,False,20267011,100,-0.6616215860210402,0.9695670830883457,0.7623762376237624,0.12871287128712872,305.6666884684355,67456.0439334155,345.17701046275533,483.3487329965484,500.53797168991844,66113.94349510403,67663.07900845449,67764.08461398147,40.2788355944997,1.3835064468998075,1.286044334445763,67456.0439334155,-20412.616761414676,5016469.09829277,0.013446917066901196,1239,0.06467656072644712,-1.445965571882522,1.4440828042107998,-4095.9999999999995,4090.666666666666,C:\Users\kimeu\Downloads\starlink_pathB_wsl_package_v0_3_clean\starlink_pathB\paper_final_experiment_check\outputs\coverage_null_global_stats_all_tle_full\23_80_lst048_quiet_full_polybeam_smooth_S1000_single.npz,9.10175923472585,9444.443085672718,1.7798436919007438e-05,140609741.2109375,False,False,False,False,False,False,False,False,False,False,False,False
23_80,207.2758462936688,long,quiet,48,2461041.833333333,2461041.8401562865,full_polybeam,smooth,1000.0,multi,coherent_ab,2,35,12,53005;45654;45654;57260;57260;57500;57500;54553;54553;57120;55418;55418,89.168;88.462;88.462;87.660;87.659;87.369;87.369;86.970;86.970;82.359;81.503;81.502,0.1671706989247312,5.820419561578807e-09,0.0149220859960422,0,2,2,2,0.0,0.0149220859960422,0.0,0.0457676818690719,5.820419561578807e-09,2563747.4821479414,291.2672907788116,49.58103448246702,0.572540154860941,False,20267028,100,-0.029539607548504786,1.7234946460804774,0.5445544554455446,0.019801980198019802,585.0309119989724,154021.9267313049,589.2160748832684,920.9352374173628,965.134437462156,116261.25650977038,145017.6761003372,152369.88180585834,95.56165185088776,3.424934836081819,1.7199252694793974,154021.9267313049,-80261.04177469715,5016469.09829277,0.030703254363457045,1239,0.06467656072644712,-1.445965571882522,1.4440828042107998,-4095.9999999999995,4090.666666666666,C:\Users\kimeu\Downloads\starlink_pathB_wsl_package_v0_3_clean\starlink_pathB\paper_final_experiment_check\outputs\coverage_null_global_stats_all_tle_full\23_80_lst048_quiet_full_polybeam_smooth_S1000_multi.npz,9.10175923472585,9444.443085672718,1.7798436919007438e-05,140609741.2109375,False,False,False,False,False,False,False,False,False,False,False,False
23_80,207.2758462936688,long,quiet,48,2461041.833333333,2461041.8401562865,full_polybeam,lines,30.0,single,coherent_ab,2,35,1,53005,89.168,0.1671706989247312,5.820419561578807e-09,0.0149220859960422,0,2,2,2,0.0,0.0149220859960422,0.0,0.0457676818690719,5.820419561578807e-09,2563747.4821479414,1.4873999723149047,1.4873999723149047,0.002290477459239403,False,20267045,100,-0.46292438254096857,0.3700681149399629,0.6831683168316832,0.32673267326732675,9.602840554046907,1971.0933518193974,10.615439315244885,15.52893444121437,15.602643113569393,1963.7103982020924,1990.2679870198724,1995.6178286934137,1.4753781249036706,0.89966239198729,0.8656431330872744,1971.0933518193974,-425.3195732814762,5016469.09829277,0.0003929244480924262,1239,0.06467656072644712,-1.445965571882522,1.4440828042107998,-4095.9999999999995,4090.666666666666,C:\Users\kimeu\Downloads\starlink_pathB_wsl_package_v0_3_clean\starlink_pathB\paper_final_experiment_check\outputs\coverage_null_global_stats_all_tle_full\23_80_lst048_quiet_full_polybeam_lines_S30_single.npz,9.10175923472585,9444.443085672718,1.7798436919007438e-05,140609741.2109375,False,False,False,False,False,False,False,False,False,False,False,False
23_80,207.2758462936688,long,quiet,48,2461041.833333333,2461041.8401562865,full_polybeam,lines,30.0,multi,coherent_ab,2,35,12,53005;45654;45654;57260;57260;57500;57500;54553;54553;57120;55418;55418,89.168;88.462;88.462;87.660;87.659;87.369;87.369;86.970;86.970;82.359;81.503;81.502,0.1671706989247312,5.820419561578807e-09,0.0149220859960422,0,2,2,2,0.0,0.0149220859960422,0.0,0.0457676818690719,5.820419561578807e-09,2563747.4821479414,8.737656099038352,1.4873999723149047,0.01719458916585259,False,20267062,100,0.1319923234725654,1.0929423938163294,0.46534653465346537,0.10891089108910891,19.368348396008514,4084.565809138637,18.943214936733057,27.05173700360119,31.72010282236523,3440.786818385439,4289.647164493269,4352.351325148681,2.172464142471256,3.6082572433841174,1.9041174364117568,4084.565809138637,-591.011545577031,5016469.09829277,0.0008142312309924758,1239,0.06467656072644712,-1.445965571882522,1.4440828042107998,-4095.9999999999995,4090.666666666666,C:\Users\kimeu\Downloads\starlink_pathB_wsl_package_v0_3_clean\starlink_pathB\paper_final_experiment_check\outputs\coverage_null_global_stats_all_tle_full\23_80_lst048_quiet_full_polybeam_lines_S30_multi.npz,9.10175923472585,9444.443085672718,1.7798436919007438e-05,140609741.2109375,False,False,False,False,False,False,False,False,False,False,False,False
23_80,207.2758462936688,long,quiet,48,2461041.833333333,2461041.8401562865,full_polybeam,lines,1000.0,single,coherent_ab,2,35,1,53005,89.168,0.1671706989247312,5.820419561578807e-09,0.0149220859960422,0,2,2,2,0.0,0.0149220859960422,0.0,0.0457676818690719,5.820419561578807e-09,2563747.4821479414,49.57999907716351,49.57999907716351,0.07634924864131341,False,20267079,100,-0.6004090874302409,0.7495488982937619,0.693069306930693,0.2079207920792079,304.36143320263045,67462.34349133186,344.6848618431327,481.13968033736325,502.4772521679526,66089.76754088802,67756.64974120182,67806.35619835263,45.29874809996551,0.9120211356494616,0.8684473340652732,67462.34349133186,-20353.3655930967,5016469.09829277,0.013448172842187144,1239,0.06467656072644712,-1.445965571882522,1.4440828042107998,-4095.9999999999995,4090.666666666666,C:\Users\kimeu\Downloads\starlink_pathB_wsl_package_v0_3_clean\starlink_pathB\paper_final_experiment_check\outputs\coverage_null_global_stats_all_tle_full\23_80_lst048_quiet_full_polybeam_lines_S1000_single.npz,9.10175923472585,9444.443085672718,1.7798436919007438e-05,140609741.2109375,False,False,False,False,False,False,False,False,False,False,False,False
23_80,207.2758462936688,long,quiet,48,2461041.833333333,2461041.8401562865,full_polybeam,lines,1000.0,multi,coherent_ab,2,35,12,53005;45654;45654;57260;57260;57500;57500;54553;54553;57120;55418;55418,89.168;88.462;88.462;87.660;87.659;87.369;87.369;86.970;86.970;82.359;81.503;81.502,0.1671706989247312,5.820419561578807e-09,0.0149220859960422,0,2,2,2,0.0,0.0149220859960422,0.0,0.0457676818690719,5.820419561578807e-09,2563747.4821479414,291.25520330127836,49.57999907716351,0.5731529721950864,False,20267096,100,-0.011315679752240333,1.697612783918603,0.5247524752475248,0.0297029702970297,592.6161087024066,154069.29487497368,594.4234602485467,849.7434616073913,985.0869487838296,118866.493750408,145335.56096480036,155948.20175880432,107.73033027520069,3.672772426429121,1.7411815591515758,154069.29487497368,-80364.47619256945,5016469.09829277,0.030712696890210552,1239,0.06467656072644712,-1.445965571882522,1.4440828042107998,-4095.9999999999995,4090.666666666666,C:\Users\kimeu\Downloads\starlink_pathB_wsl_package_v0_3_clean\starlink_pathB\paper_final_experiment_check\outputs\coverage_null_global_stats_all_tle_full\23_80_lst048_quiet_full_polybeam_lines_S1000_multi.npz,9.10175923472585,9444.443085672718,1.7798436919007438e-05,140609741.2109375,False,False,False,False,False,False,False,False,False,False,False,False
23_80,207.2758462936688,long,quiet,48,2461041.833333333,2461041.8401562865,full_polybeam,khz_comb,30.0,single,coherent_ab,2,35,1,53005,89.168,0.1671706989247312,5.820419561578807e-09,0.0149220859960422,0,2,2,2,0.0,0.0149220859960422,0.0,0.0457676818690719,5.820419561578807e-09,2563747.4821479414,1.2240979000344874,1.2240979000344874,0.002014416805322073,False,20267113,100,-0.8886494731073128,0.2852783098776362,0.8118811881188119,0.42574257425742573,8.518632600441379,1831.584261496158,10.460756091980102,14.349118941135567,14.542972240120289,1825.8055975203504,1850.1611574102276,1853.2902466216326,1.4740844263653798,1.1552242505706007,1.0183407398002613,1831.584261496158,-376.36823628227745,5016469.09829277,0.00036511423186469784,1239,0.06467656072644712,-1.445965571882522,1.4440828042107998,-4095.9999999999995,4090.666666666666,C:\Users\kimeu\Downloads\starlink_pathB_wsl_package_v0_3_clean\starlink_pathB\paper_final_experiment_check\outputs\coverage_null_global_stats_all_tle_full\23_80_lst048_quiet_full_polybeam_khz_comb_S30_single.npz,9.10175923472585,9444.443085672718,1.7798436919007438e-05,140609741.2109375,False,False,False,False,False,False,False,False,False,False,False,False
23_80,207.2758462936688,long,quiet,48,2461041.833333333,2461041.8401562865,full_polybeam,khz_comb,30.0,multi,coherent_ab,2,35,12,53005;45654;45654;57260;57260;57500;57500;54553;54553;57120;55418;55418,89.168;88.462;88.462;87.660;87.659;87.369;87.369;86.970;86.970;82.359;81.503;81.502,0.1671706989247312,5.820419561578807e-09,0.0149220859960422,0,2,2,2,0.0,0.0149220859960422,0.0,0.0457676818690719,5.820419561578807e-09,2563747.4821479414,7.348678097832852,1.2240979000344874,0.014983415941108262,False,20267130,100,0.42263821246188255,0.9655809248440146,0.33663366336633666,0.09900990099009901,19.718153628635264,3736.842242658599,17.79518031176849,25.00633606630181,28.660880819479765,3172.6877829055866,3892.625537035046,4037.038120744021,3.0688842009610653,4.148385179326075,2.0913029098294835,3736.842242658599,-552.4411519126099,5016469.09829277,0.0007449148334094872,1239,0.06467656072644712,-1.445965571882522,1.4440828042107998,-4095.9999999999995,4090.666666666666,C:\Users\kimeu\Downloads\starlink_pathB_wsl_package_v0_3_clean\starlink_pathB\paper_final_experiment_check\outputs\coverage_null_global_stats_all_tle_full\23_80_lst048_quiet_full_polybeam_khz_comb_S30_multi.npz,9.10175923472585,9444.443085672718,1.7798436919007438e-05,140609741.2109375,False,False,False,False,False,False,False,False,False,False,False,False
23_80,207.2758462936688,long,quiet,48,2461041.833333333,2461041.8401562865,full_polybeam,khz_comb,1000.0,single,coherent_ab,2,35,1,53005,89.168,0.1671706989247312,5.820419561578807e-09,0.0149220859960422,0,2,2,2,0.0,0.0149220859960422,0.0,0.0457676818690719,5.820419561578807e-09,2563747.4821479414,40.803263334482914,40.803263334482914,0.06714722684406911,False,20267147,100,-0.7288582689891686,0.733578041840038,0.900990099009901,0.13861386138613863,270.56646401437183,62236.109841751175,349.2197630669011,472.0352685977261,472.74969758218987,60952.75066165841,62358.731263977716,62382.46808859045,72.78633675495644,1.4858129602786205,1.3063973372608986,62236.109841751175,-17184.284750187617,5016469.09829277,0.01240635766358686,1239,0.06467656072644712,-1.445965571882522,1.4440828042107998,-4095.9999999999995,4090.666666666666,C:\Users\kimeu\Downloads\starlink_pathB_wsl_package_v0_3_clean\starlink_pathB\paper_final_experiment_check\outputs\coverage_null_global_stats_all_tle_full\23_80_lst048_quiet_full_polybeam_khz_comb_S1000_single.npz,9.10175923472585,9444.443085672718,1.7798436919007438e-05,140609741.2109375,False,False,False,False,False,False,False,False,False,False,False,False
23_80,207.2758462936688,long,quiet,48,2461041.833333333,2461041.8401562865,full_polybeam,khz_comb,1000.0,multi,coherent_ab,2,35,12,53005;45654;45654;57260;57260;57500;57500;54553;54553;57120;55418;55418,89.168;88.462;88.462;87.660;87.659;87.369;87.369;86.970;86.970;82.359;81.503;81.502,0.1671706989247312,5.820419561578807e-09,0.0149220859960422,0,2,2,2,0.0,0.0149220859960422,0.0,0.0457676818690719,5.820419561578807e-09,2563747.4821479414,244.95593659442838,40.803263334482914,0.49944719803694204,False,20267164,100,0.5250675513574838,1.7419650528764847,0.3465346534653465,0.0297029702970297,592.3064422002735,139835.62482300424,529.7986201106141,799.0916824095478,836.1879157572617,105252.1447303073,136219.66404712337,143773.3199946342,80.29623671369791,3.867601113611963,1.6750565899569654,139835.62482300424,-72299.81602925318,5016469.09829277,0.027875308724735055,1239,0.06467656072644712,-1.445965571882522,1.4440828042107998,-4095.9999999999995,4090.666666666666,C:\Users\kimeu\Downloads\starlink_pathB_wsl_package_v0_3_clean\starlink_pathB\paper_final_experiment_check\outputs\coverage_null_global_stats_all_tle_full\23_80_lst048_quiet_full_polybeam_khz_comb_S1000_multi.npz,9.10175923472585,9444.443085672718,1.7798436919007438e-05,140609741.2109375,False,False,False,False,False,False,False,False,False,False,False,False
23_80,207.2758462936688,long,typical,44,2461041.8055555555,2461041.8123785085,frozen_polybeam,smooth,30.0,single,coherent_ab,3,33,1,57722,86.861,0.167023689516129,8.145571291565058e-08,0.2419547912000571,0,3,3,3,0.0,0.2419547912000571,0.0,0.7241364102878726,8.145571291565058e-08,2970384.55056685,1.5892969420070293,1.5892969420070293,0.007350488661115739,False,20267177,100,-1.8049818352170433,-0.16278032106958676,0.9702970297029703,0.5445544554455446,11.194614123515294,2178.858449948696,15.219966156189003,19.364917015933138,19.468767108432154,2195.4703614530245,2333.6880472690805,2334.0786506637705,1.5042050267238665,0.9946023647080751,0.8484876923856861,2178.858449948696,-491.7661124970657,1566056.4445053064,0.001391302629987238,1239,0.06467656072644712,-1.445965571882522,1.4440828042107998,-4095.9999999999995,4090.666666666666,C:\Users\kimeu\Downloads\starlink_pathB_wsl_package_v0_3_clean\starlink_pathB\paper_final_experiment_check\outputs\coverage_null_global_stats_all_tle_full\23_80_lst044_typical_frozen_polybeam_smooth_S30_single.npz,9.10175923472585,9444.443085672718,1.7798436919007438e-05,140609741.2109375,False,False,False,False,False,False,False,False,False,False,False,False
23_80,207.2758462936688,long,typical,44,2461041.8055555555,2461041.8123785085,frozen_polybeam,smooth,30.0,multi,coherent_ab,3,33,12,57722;57722;55172;55172;55550;55550;44436;44436;58038;45454;45454;55537,86.861;86.861;84.716;84.716;84.082;84.082;81.894;81.894;81.335;80.006;80.006;79.784,0.167023689516129,8.145571291565058e-08,0.2419547912000571,0,3,3,3,0.0,0.2419547912000571,0.0,0.7241364102878726,8.145571291565058e-08,2970384.55056685,4.334288498216576,1.5892969420070293,0.01847464461858508,False,20267194,100,0.48611476406687837,1.322525021531953,0.36633663366336633,0.09900990099009901,23.108302629031414,4826.8399522046575,17.298929915002645,36.92255198889183,38.99369686935603,2540.818445328464,4943.4759361822835,5040.621506260446,8.060582610547485,4.102358317785147,2.2310032585000683,4826.8399522046575,-1220.7466268199294,1566056.4445053064,0.003082162184600813,1239,0.06467656072644712,-1.445965571882522,1.4440828042107998,-4095.9999999999995,4090.666666666666,C:\Users\kimeu\Downloads\starlink_pathB_wsl_package_v0_3_clean\starlink_pathB\paper_final_experiment_check\outputs\coverage_null_global_stats_all_tle_full\23_80_lst044_typical_frozen_polybeam_smooth_S30_multi.npz,9.10175923472585,9444.443085672718,1.7798436919007438e-05,140609741.2109375,False,False,False,False,False,False,False,False,False,False,False,False
23_80,207.2758462936688,long,typical,44,2461041.8055555555,2461041.8123785085,frozen_polybeam,smooth,1000.0,single,coherent_ab,3,33,1,57722,86.861,0.167023689516129,8.145571291565058e-08,0.2419547912000571,0,3,3,3,0.0,0.2419547912000571,0.0,0.7241364102878726,8.145571291565058e-08,2970384.55056685,52.976564733567656,52.976564733567656,0.245016288703858,False,20267211,100,-1.2983234651799134,0.7828100604124951,0.9801980198019802,0.009900990099009901,244.462668366873,103564.07866184134,358.2316909075912,466.7585256629349,481.827355250374,100283.61519380649,103265.85602021878,103467.41127219347,59.1040341458862,0.8284868743742645,0.7916839250042432,103564.07866184134,-79579.02914490752,1566056.4445053064,0.06613048911819756,1239,0.06467656072644712,-1.445965571882522,1.4440828042107998,-4095.9999999999995,4090.666666666666,C:\Users\kimeu\Downloads\starlink_pathB_wsl_package_v0_3_clean\starlink_pathB\paper_final_experiment_check\outputs\coverage_null_global_stats_all_tle_full\23_80_lst044_typical_frozen_polybeam_smooth_S1000_single.npz,9.10175923472585,9444.443085672718,1.7798436919007438e-05,140609741.2109375,False,False,False,False,False,False,False,False,False,False,False,False
23_80,207.2758462936688,long,typical,44,2461041.8055555555,2461041.8123785085,frozen_polybeam,smooth,1000.0,multi,coherent_ab,3,33,12,57722;57722;55172;55172;55550;55550;44436;44436;58038;45454;45454;55537,86.861;86.861;84.716;84.716;84.082;84.082;81.894;81.894;81.335;80.006;80.006;79.784,0.167023689516129,8.145571291565058e-08,0.2419547912000571,0,3,3,3,0.0,0.2419547912000571,0.0,0.7241364102878726,8.145571291565058e-08,2970384.55056685,144.4762832738859,52.976564733567656,0.6158214872861694,False,20267228,100,0.6448778215561142,1.24230848089992,0.2871287128712871,0.009900990099009901,544.7281757693718,323000.78268701525,435.5798411090309,660.8423817138628,733.2749892325976,166526.91472014628,299974.9239724826,305663.3713726218,114.1604512975996,2.7767399494967755,1.1369835032550526,323000.78268701525,-293572.614880555,1566056.4445053064,0.20625104785992968,1239,0.06467656072644712,-1.445965571882522,1.4440828042107998,-4095.9999999999995,4090.666666666666,C:\Users\kimeu\Downloads\starlink_pathB_wsl_package_v0_3_clean\starlink_pathB\paper_final_experiment_check\outputs\coverage_null_global_stats_all_tle_full\23_80_lst044_typical_frozen_polybeam_smooth_S1000_multi.npz,9.10175923472585,9444.443085672718,1.7798436919007438e-05,140609741.2109375,False,False,False,False,False,False,False,False,False,False,False,False
23_80,207.2758462936688,long,typical,44,2461041.8055555555,2461041.8123785085,frozen_polybeam,lines,30.0,single,coherent_ab,3,33,1,57722,86.861,0.167023689516129,8.145571291565058e-08,0.2419547912000571,0,3,3,3,0.0,0.2419547912000571,0.0,0.7241364102878726,8.145571291565058e-08,2970384.55056685,1.5892903619125796,1.5892903619125796,0.0073590948154065835,False,20267245,100,-1.7805168419130823,-0.3390943247353815,0.9900990099009901,0.6138613861386139,11.317577647429061,2179.816660071201,15.950142591640088,19.077515423498426,19.33435506540827,2219.6374071941345,2329.10079128687,2332.7711574997743,1.754896204288798,1.057135429929689,0.9102520831361358,2179.816660071201,-492.66098287051386,1566056.4445053064,0.001391914491792007,1239,0.06467656072644712,-1.445965571882522,1.4440828042107998,-4095.9999999999995,4090.666666666666,C:\Users\kimeu\Downloads\starlink_pathB_wsl_package_v0_3_clean\starlink_pathB\paper_final_experiment_check\outputs\coverage_null_global_stats_all_tle_full\23_80_lst044_typical_frozen_polybeam_lines_S30_single.npz,9.10175923472585,9444.443085672718,1.7798436919007438e-05,140609741.2109375,False,False,False,False,False,False,False,False,False,False,False,False
23_80,207.2758462936688,long,typical,44,2461041.8055555555,2461041.8123785085,frozen_polybeam,lines,30.0,multi,coherent_ab,3,33,12,57722;57722;55172;55172;55550;55550;44436;44436;58038;45454;45454;55537,86.861;86.861;84.716;84.716;84.082;84.082;81.894;81.894;81.335;80.006;80.006;79.784,0.167023689516129,8.145571291565058e-08,0.2419547912000571,0,3,3,3,0.0,0.2419547912000571,0.0,0.7241364102878726,8.145571291565058e-08,2970384.55056685,4.334215213863479,1.5892903619125796,0.01849579259011978,False,20267262,100,0.13345740637710957,1.090452788240813,0.46534653465346537,0.09900990099009901,23.075674189930282,4828.623761680323,21.860042336365098,38.49421762150375,39.57203233708698,3331.133042064985,5002.496516472098,5237.629297168598,6.143776313457238,3.0692015843035985,1.8769813629002101,4828.623761680323,-1222.6255159866937,1566056.4445053064,0.003083301230055991,1239,0.06467656072644712,-1.445965571882522,1.4440828042107998,-4095.9999999999995,4090.666666666666,C:\Users\kimeu\Downloads\starlink_pathB_wsl_package_v0_3_clean\starlink_pathB\paper_final_experiment_check\outputs\coverage_null_global_stats_all_tle_full\23_80_lst044_typical_frozen_polybeam_lines_S30_multi.npz,9.10175923472585,9444.443085672718,1.7798436919007438e-05,140609741.2109375,False,False,False,False,False,False,False,False,False,False,False,False
23_80,207.2758462936688,long,typical,44,2461041.8055555555,2461041.8123785085,frozen_polybeam,lines,1000.0,single,coherent_ab,3,33,1,57722,86.861,0.167023689516129,8.145571291565058e-08,0.2419547912000571,0,3,3,3,0.0,0.2419547912000571,0.0,0.7241364102878726,8.145571291565058e-08,2970384.55056685,52.97634539708601,52.97634539708601,0.24530316051355286,False,20267279,100,-1.2677640162688946,0.8957449793655157,0.9504950495049505,0.04950495049504951,238.5427523817316,103625.4638655243,361.7123690791532,476.55650485875276,482.69302489102375,98152.42344159109,103618.55828168223,103674.34377830097,65.53015170377284,1.025837647656723,0.9667774679504371,103625.4638655243,-79629.22348305065,1566056.4445053064,0.06616968643059223,1239,0.06467656072644712,-1.445965571882522,1.4440828042107998,-4095.9999999999995,4090.666666666666,C:\Users\kimeu\Downloads\starlink_pathB_wsl_package_v0_3_clean\starlink_pathB\paper_final_experiment_check\outputs\coverage_null_global_stats_all_tle_full\23_80_lst044_typical_frozen_polybeam_lines_S1000_single.npz,9.10175923472585,9444.443085672718,1.7798436919007438e-05,140609741.2109375,False,False,False,False,False,False,False,False,False,False,False,False
23_80,207.2758462936688,long,typical,44,2461041.8055555555,2461041.8123785085,frozen_polybeam,lines,1000.0,multi,coherent_ab,3,33,12,57722;57722;55172;55172;55550;55550;44436;44436;58038;45454;45454;55537,86.861;86.861;84.716;84.716;84.082;84.082;81.894;81.894;81.335;80.006;80.006;79.784,0.167023689516129,8.145571291565058e-08,0.2419547912000571,0,3,3,3,0.0,0.2419547912000571,0.0,0.7241364102878726,8.145571291565058e-08,2970384.55056685,144.47384046211607,52.97634539708601,0.6165264196706595,False,20267296,100,0.5414231450514131,1.214803718355262,0.25742574257425743,0.009900990099009901,550.4882885093502,323121.374116292,475.0770717846126,699.6102300698459,753.5042866948636,192128.56036902886,294615.53640534036,317942.09165468655,93.94531672060748,2.6897541388485995,1.1594141946907022,323121.374116292,-293722.1678258063,1566056.4445053064,0.2063280511056938,1239,0.06467656072644712,-1.445965571882522,1.4440828042107998,-4095.9999999999995,4090.666666666666,C:\Users\kimeu\Downloads\starlink_pathB_wsl_package_v0_3_clean\starlink_pathB\paper_final_experiment_check\outputs\coverage_null_global_stats_all_tle_full\23_80_lst044_typical_frozen_polybeam_lines_S1000_multi.npz,9.10175923472585,9444.443085672718,1.7798436919007438e-05,140609741.2109375,False,False,False,False,False,False,False,False,False,False,False,False
23_80,207.2758462936688,long,typical,44,2461041.8055555555,2461041.8123785085,frozen_polybeam,khz_comb,30.0,single,coherent_ab,3,33,1,57722,86.861,0.167023689516129,8.145571291565058e-08,0.2419547912000571,0,3,3,3,0.0,0.2419547912000571,0.0,0.7241364102878726,8.145571291565058e-08,2970384.55056685,1.375165137282752,1.375165137282752,0.006612577173404089,False,20267313,100,-1.5090525138766948,-0.5164610125959057,0.9306930693069307,0.6534653465346535,10.971562091133364,2078.829315686017,14.72868020778224,17.906646758458084,18.00871183501106,2127.1828726827553,2212.5581232909617,2215.8509522890326,1.6792930853225698,1.1957724791033975,0.9967755120730117,2078.829315686017,-468.2104130888597,1566056.4445053064,0.0013274293675555784,1239,0.06467656072644712,-1.445965571882522,1.4440828042107998,-4095.9999999999995,4090.666666666666,C:\Users\kimeu\Downloads\starlink_pathB_wsl_package_v0_3_clean\starlink_pathB\paper_final_experiment_check\outputs\coverage_null_global_stats_all_tle_full\23_80_lst044_typical_frozen_polybeam_khz_comb_S30_single.npz,9.10175923472585,9444.443085672718,1.7798436919007438e-05,140609741.2109375,False,False,False,False,False,False,False,False,False,False,False,False
23_80,207.2758462936688,long,typical,44,2461041.8055555555,2461041.8123785085,frozen_polybeam,khz_comb,30.0,multi,coherent_ab,3,33,12,57722;57722;55172;55172;55550;55550;44436;44436;58038;45454;45454;55537,86.861;86.861;84.716;84.716;84.082;84.082;81.894;81.894;81.335;80.006;80.006;79.784,0.167023689516129,8.145571291565058e-08,0.2419547912000571,0,3,3,3,0.0,0.2419547912000571,0.0,0.7241364102878726,8.145571291565058e-08,2970384.55056685,3.829100931945049,1.375165137282752,0.01668822575299584,False,20267330,100,0.76250421993595,1.1306189526929806,0.25742574257425743,0.0594059405940594,26.83643017051861,4567.093269589861,19.401900557447334,35.0498716026157,36.47427921479468,2841.5894568742165,4539.1414274780645,4824.225052033108,6.5763852762584065,3.9818273331388028,2.093885757407638,4567.093269589861,-1152.1461027382888,1566056.4445053064,0.0029163018265491295,1239,0.06467656072644712,-1.445965571882522,1.4440828042107998,-4095.9999999999995,4090.666666666666,C:\Users\kimeu\Downloads\starlink_pathB_wsl_package_v0_3_clean\starlink_pathB\paper_final_experiment_check\outputs\coverage_null_global_stats_all_tle_full\23_80_lst044_typical_frozen_polybeam_khz_comb_S30_multi.npz,9.10175923472585,9444.443085672718,1.7798436919007438e-05,140609741.2109375,False,False,False,False,False,False,False,False,False,False,False,False
23_80,207.2758462936688,long,typical,44,2461041.8055555555,2461041.8123785085,frozen_polybeam,khz_comb,1000.0,single,coherent_ab,3,33,1,57722,86.861,0.167023689516129,8.145571291565058e-08,0.2419547912000571,0,3,3,3,0.0,0.2419547912000571,0.0,0.7241364102878726,8.145571291565058e-08,2970384.55056685,45.83883790942508,45.83883790942508,0.22041923911346958,False,20267347,100,-1.4349692483612002,0.8854635878790611,0.9504950495049505,0.04950495049504951,261.52265695679574,98616.83248604284,364.29842613401115,425.74737044005536,429.13031687936257,92780.83634397875,98559.21170902229,98660.55846482184,48.308565976099715,1.112455054571289,0.9864353299728091,98616.83248604284,-75940.3768623487,1566056.4445053064,0.0629714419502896,1239,0.06467656072644712,-1.445965571882522,1.4440828042107998,-4095.9999999999995,4090.666666666666,C:\Users\kimeu\Downloads\starlink_pathB_wsl_package_v0_3_clean\starlink_pathB\paper_final_experiment_check\outputs\coverage_null_global_stats_all_tle_full\23_80_lst044_typical_frozen_polybeam_khz_comb_S1000_single.npz,9.10175923472585,9444.443085672718,1.7798436919007438e-05,140609741.2109375,False,False,False,False,False,False,False,False,False,False,False,False
23_80,207.2758462936688,long,typical,44,2461041.8055555555,2461041.8123785085,frozen_polybeam,khz_comb,1000.0,multi,coherent_ab,3,33,12,57722;57722;55172;55172;55550;55550;44436;44436;58038;45454;45454;55537,86.861;86.861;84.716;84.716;84.082;84.082;81.894;81.894;81.335;80.006;80.006;79.784,0.167023689516129,8.145571291565058e-08,0.2419547912000571,0,3,3,3,0.0,0.2419547912000571,0.0,0.7241364102878726,8.145571291565058e-08,2970384.55056685,127.63669773150167,45.83883790942508,0.5562741917665279,False,20267364,100,1.8468131622256805,1.4791862019653923,0.0594059405940594,0.009900990099009901,636.91830707498,306097.1099655928,405.37545671235796,631.7475603332401,703.8791271273805,135937.17280059707,271538.9665390912,297533.548815167,84.56378597835453,3.3550199940529186,1.2221012260200332,306097.1099655928,-280011.7501171098,1566056.4445053064,0.19545726531094748,1239,0.06467656072644712,-1.445965571882522,1.4440828042107998,-4095.9999999999995,4090.666666666666,C:\Users\kimeu\Downloads\starlink_pathB_wsl_package_v0_3_clean\starlink_pathB\paper_final_experiment_check\outputs\coverage_null_global_stats_all_tle_full\23_80_lst044_typical_frozen_polybeam_khz_comb_S1000_multi.npz,9.10175923472585,9444.443085672718,1.7798436919007438e-05,140609741.2109375,False,False,False,False,False,False,False,False,False,False,False,False
23_80,207.2758462936688,long,typical,44,2461041.8055555555,2461041.8123785085,full_polybeam,smooth,30.0,single,coherent_ab,3,33,1,57722,86.861,0.167023689516129,8.145571291565058e-08,0.2419547912000571,0,3,3,3,0.0,0.2419547912000571,0.0,0.7241364102878726,8.145571291565058e-08,2970384.55056685,2.1470879896082202,2.1470879896082202,0.00979323093991428,False,20267381,100,-1.3851545232761704,-0.7980359898318975,0.9207920792079208,0.8514851485148515,11.722264737087244,2350.7242129282663,15.612340798252717,21.064661924985298,21.206745021711093,2471.0342535838763,2670.3753873640785,2671.716797432963,1.894243792173711,1.3579762347031226,1.19150560214307,2350.7242129282663,-472.8111115141556,1566056.4445053064,0.0015010469266136986,1239,0.06467656072644712,-1.445965571882522,1.4440828042107998,-4095.9999999999995,4090.666666666666,C:\Users\kimeu\Downloads\starlink_pathB_wsl_package_v0_3_clean\starlink_pathB\paper_final_experiment_check\outputs\coverage_null_global_stats_all_tle_full\23_80_lst044_typical_full_polybeam_smooth_S30_single.npz,9.10175923472585,9444.443085672718,1.7798436919007438e-05,140609741.2109375,False,False,False,False,False,False,False,False,False,False,False,False
23_80,207.2758462936688,long,typical,44,2461041.8055555555,2461041.8123785085,full_polybeam,smooth,30.0,multi,coherent_ab,3,33,12,57722;57722;55172;55172;55550;55550;44436;44436;58038;45454;45454;55537,86.861;86.861;84.716;84.716;84.082;84.082;81.894;81.894;81.335;80.006;80.006;79.784,0.167023689516129,8.145571291565058e-08,0.2419547912000571,0,3,3,3,0.0,0.2419547912000571,0.0,0.7241364102878726,8.145571291565058e-08,2970384.55056685,6.089978302431208,2.1470879896082202,0.02520421704964468,False,20267398,100,0.01615170123317972,0.9023140656584506,0.49504950495049505,0.0891089108910891,22.12346524152133,5132.086762709571,21.949090229041758,36.89129830650785,41.25474029028156,3722.178653106972,5239.468329800702,5411.8318014891665,7.281854270525862,3.9187296223396797,1.9458220641221193,5132.086762709571,-1222.2557392006504,1566056.4445053064,0.003277076494091961,1239,0.06467656072644712,-1.445965571882522,1.4440828042107998,-4095.9999999999995,4090.666666666666,C:\Users\kimeu\Downloads\starlink_pathB_wsl_package_v0_3_clean\starlink_pathB\paper_final_experiment_check\outputs\coverage_null_global_stats_all_tle_full\23_80_lst044_typical_full_polybeam_smooth_S30_multi.npz,9.10175923472585,9444.443085672718,1.7798436919007438e-05,140609741.2109375,False,False,False,False,False,False,False,False,False,False,False,False
23_80,207.2758462936688,long,typical,44,2461041.8055555555,2461041.8123785085,full_polybeam,smooth,1000.0,single,coherent_ab,3,33,1,57722,86.861,0.167023689516129,8.145571291565058e-08,0.2419547912000571,0,3,3,3,0.0,0.2419547912000571,0.0,0.7241364102878726,8.145571291565058e-08,2970384.55056685,71.56959965360737,71.56959965360737,0.32644103133047603,False,20267415,100,-1.8341144308104693,0.26497014805341473,0.9108910891089109,0.37623762376237624,282.17267723634484,106007.27536513108,413.5817683123612,501.61199993387226,520.1847153331361,104897.73484158458,107746.81374304749,108071.41774961473,48.3253477280723,1.2201697337802286,1.1815583454958059,106007.27536513108,-76768.23945329982,1566056.4445053064,0.06769058403805948,1239,0.06467656072644712,-1.445965571882522,1.4440828042107998,-4095.9999999999995,4090.666666666666,C:\Users\kimeu\Downloads\starlink_pathB_wsl_package_v0_3_clean\starlink_pathB\paper_final_experiment_check\outputs\coverage_null_global_stats_all_tle_full\23_80_lst044_typical_full_polybeam_smooth_S1000_single.npz,9.10175923472585,9444.443085672718,1.7798436919007438e-05,140609741.2109375,False,False,False,False,False,False,False,False,False,False,False,False
23_80,207.2758462936688,long,typical,44,2461041.8055555555,2461041.8123785085,full_polybeam,smooth,1000.0,multi,coherent_ab,3,33,12,57722;57722;55172;55172;55550;55550;44436;44436;58038;45454;45454;55537,86.861;86.861;84.716;84.716;84.082;84.082;81.894;81.894;81.335;80.006;80.006;79.784,0.167023689516129,8.145571291565058e-08,0.2419547912000571,0,3,3,3,0.0,0.2419547912000571,0.0,0.7241364102878726,8.145571291565058e-08,2970384.55056685,202.99927674770703,71.56959965360737,0.8401405683214896,False,20267432,100,0.6421738545096524,1.1575589149290744,0.25742574257425743,0.009900990099009901,631.678800248405,321002.1230728065,512.3314109152298,794.845228561088,859.8796256034553,162327.0802224489,282621.7707359876,310347.30786218384,125.35345484339132,2.5898343377780164,1.216935464589226,321002.1230728065,-283063.1865562117,1566056.4445053064,0.20497481058175157,1239,0.06467656072644712,-1.445965571882522,1.4440828042107998,-4095.9999999999995,4090.666666666666,C:\Users\kimeu\Downloads\starlink_pathB_wsl_package_v0_3_clean\starlink_pathB\paper_final_experiment_check\outputs\coverage_null_global_stats_all_tle_full\23_80_lst044_typical_full_polybeam_smooth_S1000_multi.npz,9.10175923472585,9444.443085672718,1.7798436919007438e-05,140609741.2109375,False,False,False,False,False,False,False,False,False,False,False,False
23_80,207.2758462936688,long,typical,44,2461041.8055555555,2461041.8123785085,full_polybeam,lines,30.0,single,coherent_ab,3,33,1,57722,86.861,0.167023689516129,8.145571291565058e-08,0.2419547912000571,0,3,3,3,0.0,0.2419547912000571,0.0,0.7241364102878726,8.145571291565058e-08,2970384.55056685,2.14705513221481,2.14705513221481,0.00980363109811262,False,20267449,100,-1.14518622798058,-0.7381602179277627,0.8712871287128713,0.8217821782178217,11.634413368945388,2352.3828889161505,15.042800630085317,20.516784135210226,21.056350653940125,2458.4976002608896,2661.999369802924,2672.718460407327,2.007468878149666,0.8678153253843707,0.8254448594533034,2352.3828889161505,-473.5185817969981,1566056.4445053064,0.0015021060685071494,1239,0.06467656072644712,-1.445965571882522,1.4440828042107998,-4095.9999999999995,4090.666666666666,C:\Users\kimeu\Downloads\starlink_pathB_wsl_package_v0_3_clean\starlink_pathB\paper_final_experiment_check\outputs\coverage_null_global_stats_all_tle_full\23_80_lst044_typical_full_polybeam_lines_S30_single.npz,9.10175923472585,9444.443085672718,1.7798436919007438e-05,140609741.2109375,False,False,False,False,False,False,False,False,False,False,False,False
23_80,207.2758462936688,long,typical,44,2461041.8055555555,2461041.8123785085,full_polybeam,lines,30.0,multi,coherent_ab,3,33,12,57722;57722;55172;55172;55550;55550;44436;44436;58038;45454;45454;55537,86.861;86.861;84.716;84.716;84.082;84.082;81.894;81.894;81.335;80.006;80.006;79.784,0.167023689516129,8.145571291565058e-08,0.2419547912000571,0,3,3,3,0.0,0.2419547912000571,0.0,0.7241364102878726,8.145571291565058e-08,2970384.55056685,6.089776143539224,2.14705513221481,0.025230127336590687,False,20267466,100,0.11214118574050083,1.1213207606593798,0.44554455445544555,0.07920792079207921,22.45451012810065,5136.442562082695,21.2318883916829,33.66878587882188,37.46335832563116,3280.9199052523545,5189.628881908135,5555.0787589687725,7.3536502945248685,3.38491427099441,1.920062842977046,5136.442562082695,-1223.9082485386198,1566056.4445053064,0.003279857874921756,1239,0.06467656072644712,-1.445965571882522,1.4440828042107998,-4095.9999999999995,4090.666666666666,C:\Users\kimeu\Downloads\starlink_pathB_wsl_package_v0_3_clean\starlink_pathB\paper_final_experiment_check\outputs\coverage_null_global_stats_all_tle_full\23_80_lst044_typical_full_polybeam_lines_S30_multi.npz,9.10175923472585,9444.443085672718,1.7798436919007438e-05,140609741.2109375,False,False,False,False,False,False,False,False,False,False,False,False
23_80,207.2758462936688,long,typical,44,2461041.8055555555,2461041.8123785085,full_polybeam,lines,1000.0,single,coherent_ab,3,33,1,57722,86.861,0.167023689516129,8.145571291565058e-08,0.2419547912000571,0,3,3,3,0.0,0.2419547912000571,0.0,0.7241364102878726,8.145571291565058e-08,2970384.55056685,71.56850440716036,71.56850440716036,0.3267877032704206,False,20267483,100,-1.4293633708169833,0.20364949493064832,0.9504950495049505,0.3564356435643564,281.88675243250816,106056.46418935407,410.95279676618657,512.3288341032423,522.762877091795,105330.26593479872,107872.5797792806,108175.0495379602,60.90393530618121,1.1250505391920063,0.9951011099767313,106056.46418935407,-76799.84892033195,1566056.4445053064,0.06772199339395822,1239,0.06467656072644712,-1.445965571882522,1.4440828042107998,-4095.9999999999995,4090.666666666666,C:\Users\kimeu\Downloads\starlink_pathB_wsl_package_v0_3_clean\starlink_pathB\paper_final_experiment_check\outputs\coverage_null_global_stats_all_tle_full\23_80_lst044_typical_full_polybeam_lines_S1000_single.npz,9.10175923472585,9444.443085672718,1.7798436919007438e-05,140609741.2109375,False,False,False,False,False,False,False,False,False,False,False,False
23_80,207.2758462936688,long,typical,44,2461041.8055555555,2461041.8123785085,full_polybeam,lines,1000.0,multi,coherent_ab,3,33,12,57722;57722;55172;55172;55550;55550;44436;44436;58038;45454;45454;55537,86.861;86.861;84.716;84.716;84.082;84.082;81.894;81.894;81.335;80.006;80.006;79.784,0.167023689516129,8.145571291565058e-08,0.2419547912000571,0,3,3,3,0.0,0.2419547912000571,0.0,0.7241364102878726,8.145571291565058e-08,2970384.55056685,202.9925381179741,71.56850440716036,0.841004244553023,False,20267500,100,0.6891307607288771,1.0740760637575495,0.18811881188118812,0.019801980198019802,635.4090041669438,321137.22904868016,524.8364809447726,799.7262040236255,826.3924337413218,176215.43305590958,307228.1858222239,316603.1688838492,108.22350331087247,2.4517440207617103,1.0196793350369437,321137.22904868016,-283155.7526832987,1566056.4445053064,0.20506108204172843,1239,0.06467656072644712,-1.445965571882522,1.4440828042107998,-4095.9999999999995,4090.666666666666,C:\Users\kimeu\Downloads\starlink_pathB_wsl_package_v0_3_clean\starlink_pathB\paper_final_experiment_check\outputs\coverage_null_global_stats_all_tle_full\23_80_lst044_typical_full_polybeam_lines_S1000_multi.npz,9.10175923472585,9444.443085672718,1.7798436919007438e-05,140609741.2109375,False,False,False,False,False,False,False,False,False,False,False,False
23_80,207.2758462936688,long,typical,44,2461041.8055555555,2461041.8123785085,full_polybeam,khz_comb,30.0,single,coherent_ab,3,33,1,57722,86.861,0.167023689516129,8.145571291565058e-08,0.2419547912000571,0,3,3,3,0.0,0.2419547912000571,0.0,0.7241364102878726,8.145571291565058e-08,2970384.55056685,1.766979781848475,1.766979781848475,0.008521685197771613,False,20267517,100,-1.4554827373690076,-0.6739987694289422,0.9306930693069307,0.7623762376237624,10.642451040552714,2114.733581089877,14.196345383845767,18.57299037050737,18.94114003290758,2222.682292419945,2402.3749611595736,2407.8768555513902,1.646923617273778,0.8298067674925853,0.762518382057508,2114.733581089877,-446.62348317699707,1566056.4445053064,0.001350355913740957,1239,0.06467656072644712,-1.445965571882522,1.4440828042107998,-4095.9999999999995,4090.666666666666,C:\Users\kimeu\Downloads\starlink_pathB_wsl_package_v0_3_clean\starlink_pathB\paper_final_experiment_check\outputs\coverage_null_global_stats_all_tle_full\23_80_lst044_typical_full_polybeam_khz_comb_S30_single.npz,9.10175923472585,9444.443085672718,1.7798436919007438e-05,140609741.2109375,False,False,False,False,False,False,False,False,False,False,False,False
23_80,207.2758462936688,long,typical,44,2461041.8055555555,2461041.8123785085,full_polybeam,khz_comb,30.0,multi,coherent_ab,3,33,12,57722;57722;55172;55172;55550;55550;44436;44436;58038;45454;45454;55537,86.861;86.861;84.716;84.716;84.082;84.082;81.894;81.894;81.335;80.006;80.006;79.784,0.167023689516129,8.145571291565058e-08,0.2419547912000571,0,3,3,3,0.0,0.2419547912000571,0.0,0.7241364102878726,8.145571291565058e-08,2970384.55056685,5.025761161326969,1.766979781848475,0.021926992396095694,False,20267534,100,0.30833144895181397,0.865442247718143,0.3564356435643564,0.1188118811881188,23.86539331462143,4619.390227284035,20.120487065325776,35.883609570954924,38.08817655825548,3210.577291073637,4826.151255630592,5060.661484376962,8.192173288981692,3.517715633693118,1.9566258486314332,4619.390227284035,-1134.489444225274,1566056.4445053064,0.0029496958704724277,1239,0.06467656072644712,-1.445965571882522,1.4440828042107998,-4095.9999999999995,4090.666666666666,C:\Users\kimeu\Downloads\starlink_pathB_wsl_package_v0_3_clean\starlink_pathB\paper_final_experiment_check\outputs\coverage_null_global_stats_all_tle_full\23_80_lst044_typical_full_polybeam_khz_comb_S30_multi.npz,9.10175923472585,9444.443085672718,1.7798436919007438e-05,140609741.2109375,False,False,False,False,False,False,False,False,False,False,False,False
23_80,207.2758462936688,long,typical,44,2461041.8055555555,2461041.8123785085,full_polybeam,khz_comb,1000.0,single,coherent_ab,3,33,1,57722,86.861,0.167023689516129,8.145571291565058e-08,0.2419547912000571,0,3,3,3,0.0,0.2419547912000571,0.0,0.7241364102878726,8.145571291565058e-08,2970384.55056685,58.89932606161583,58.89932606161583,0.28405617325905375,False,20267551,100,-2.0580448250651706,0.34691537824433677,0.9702970297029703,0.3069306930693069,258.1205153495133,95220.14622692633,385.5184992238326,467.5088708888059,481.1755111745896,93468.65010639907,97288.29915714129,97478.48462324057,41.752619696442025,1.4034461461491405,1.227075222663946,95220.14622692633,-68993.34237448843,1566056.4445053064,0.060802499527406836,1239,0.06467656072644712,-1.445965571882522,1.4440828042107998,-4095.9999999999995,4090.666666666666,C:\Users\kimeu\Downloads\starlink_pathB_wsl_package_v0_3_clean\starlink_pathB\paper_final_experiment_check\outputs\coverage_null_global_stats_all_tle_full\23_80_lst044_typical_full_polybeam_khz_comb_S1000_single.npz,9.10175923472585,9444.443085672718,1.7798436919007438e-05,140609741.2109375,False,False,False,False,False,False,False,False,False,False,False,False
23_80,207.2758462936688,long,typical,44,2461041.8055555555,2461041.8123785085,full_polybeam,khz_comb,1000.0,multi,coherent_ab,3,33,12,57722;57722;55172;55172;55550;55550;44436;44436;58038;45454;45454;55537,86.861;86.861;84.716;84.716;84.082;84.082;81.894;81.894;81.335;80.006;80.006;79.784,0.167023689516129,8.145571291565058e-08,0.2419547912000571,0,3,3,3,0.0,0.2419547912000571,0.0,0.7241364102878726,8.145571291565058e-08,2970384.55056685,167.5253720442323,58.89932606161583,0.7308997465365232,False,20267568,100,0.9259767945128815,0.9650792224803248,0.16831683168316833,0.009900990099009901,595.8649197596051,286621.6547265708,450.4942208901367,682.5448719210214,743.4026336455931,169631.0011481169,269836.2580295817,272534.6881203226,105.88947116940642,3.3226219040109863,1.213251094481106,286621.6547265708,-253230.21397944004,1566056.4445053064,0.18302127980904945,1239,0.06467656072644712,-1.445965571882522,1.4440828042107998,-4095.9999999999995,4090.666666666666,C:\Users\kimeu\Downloads\starlink_pathB_wsl_package_v0_3_clean\starlink_pathB\paper_final_experiment_check\outputs\coverage_null_global_stats_all_tle_full\23_80_lst044_typical_full_polybeam_khz_comb_S1000_multi.npz,9.10175923472585,9444.443085672718,1.7798436919007438e-05,140609741.2109375,False,False,False,False,False,False,False,False,False,False,False,False
23_80,207.2758462936688,long,stress,0,2461041.5,2461041.506822953,frozen_polybeam,smooth,30.0,single,coherent_ab,4,10,1,58881,88.065,0.2671055947580645,0.0001112423478926,0.5502745938468236,1,4,4,4,0.3308758856684498,0.5502745938468236,0.3308758856684498,0.7280464634021924,0.0001112423478926,4946.628727918531,1.1104044748835575,1.1104044748835575,0.00150092328812666,False,20267541,100,0.7841434267032014,-0.5191811498766562,0.19801980198019803,0.6039603960396039,21.734435653414323,3390.890612134829,17.735384373078887,24.909612637086866,24.934391745771354,3426.0381231073507,3492.911578094723,3496.5731742389285,3.4398338918681475,1.1569293739157653,1.0356831502367068,3390.890612134829,942.8152246801932,8696461.184763726,0.0003899161440604942,1239,0.06467656072644712,-1.445965571882522,1.4440828042107998,-4095.9999999999995,4090.666666666666,C:\Users\kimeu\Downloads\starlink_pathB_wsl_package_v0_3_clean\starlink_pathB\paper_final_experiment_check\outputs\coverage_null_global_stats_all_tle_full\23_80_lst000_stress_frozen_polybeam_smooth_S30_single.npz,9.10175923472585,9444.443085672718,1.7798436919007438e-05,140609741.2109375,False,False,False,False,False,False,False,False,False,False,False,False
23_80,207.2758462936688,long,stress,0,2461041.5,2461041.506822953,frozen_polybeam,smooth,30.0,multi,coherent_ab,4,10,10,58881;58881;46696;46696;48029;48029;54100;54100;58069;58069,88.065;88.065;86.822;86.617;85.104;85.104;83.508;83.508;77.989;77.989,0.2671055947580645,0.0001112423478926,0.5502745938468236,1,4,4,4,0.3308758856684498,0.5502745938468236,0.3308758856684498,0.7280464634021924,0.0001112423478926,4946.628727918531,4.7407376956905924,1.1104044748835575,0.007121747200830358,False,20267558,100,1.5971136643506694,0.9850596494015649,0.019801980198019802,0.009900990099009901,48.52878934229908,7596.512838043934,27.433959827063518,43.807233580305,47.53052202545461,5677.435762254614,7453.295206801119,7529.20344190049,8.908738243464498,3.162426235480053,2.122950556880539,7596.512838043934,1993.0389186099999,8696461.184763726,0.0008735177075651288,1239,0.06467656072644712,-1.445965571882522,1.4440828042107998,-4095.9999999999995,4090.666666666666,C:\Users\kimeu\Downloads\starlink_pathB_wsl_package_v0_3_clean\starlink_pathB\paper_final_experiment_check\outputs\coverage_null_global_stats_all_tle_full\23_80_lst000_stress_frozen_polybeam_smooth_S30_multi.npz,9.10175923472585,9444.443085672718,1.7798436919007438e-05,140609741.2109375,False,False,True,False,False,False,False,False,False,False,False,False
23_80,207.2758462936688,long,stress,0,2461041.5,2461041.506822953,frozen_polybeam,smooth,1000.0,single,coherent_ab,4,10,1,58881,88.065,0.2671055947580645,0.0001112423478926,0.5502745938468236,1,4,4,4,0.3308758856684498,0.5502745938468236,0.3308758856684498,0.7280464634021924,0.0001112423478926,4946.628727918531,37.013482496118584,37.013482496118584,0.050030776270888686,False,20267575,100,0.5318002399679531,-0.6473090044779848,0.25742574257425743,0.6831683168316832,724.1151870804471,113123.64376096446,636.9308634247634,823.7407396333647,827.9642652113303,114479.26207883185,116784.84096344416,117187.12027828455,110.57727367802431,1.009617696993107,0.925033360053028,113123.64376096446,29560.679131596164,8696461.184763726,0.013008008816178937,1239,0.06467656072644712,-1.445965571882522,1.4440828042107998,-4095.9999999999995,4090.666666666666,C:\Users\kimeu\Downloads\starlink_pathB_wsl_package_v0_3_clean\starlink_pathB\paper_final_experiment_check\outputs\coverage_null_global_stats_all_tle_full\23_80_lst000_stress_frozen_polybeam_smooth_S1000_single.npz,9.10175923472585,9444.443085672718,1.7798436919007438e-05,140609741.2109375,False,False,False,False,False,False,False,False,False,False,False,False
23_80,207.2758462936688,long,stress,0,2461041.5,2461041.506822953,frozen_polybeam,smooth,1000.0,multi,coherent_ab,4,10,10,58881;58881;46696;46696;48029;48029;54100;54100;58069;58069,88.065;88.065;86.822;86.617;85.104;85.104;83.508;83.508;77.989;77.989,0.2671055947580645,0.0001112423478926,0.5502745938468236,1,4,4,4,0.3308758856684498,0.5502745938468236,0.3308758856684498,0.7280464634021924,0.0001112423478926,4946.628727918531,158.02458985635315,37.013482496118584,0.23739157336101196,False,20267592,100,1.7721868429553171,1.0051033823318491,0.009900990099009901,0.019801980198019802,1553.5982924001737,250057.36491812012,878.878278325732,1387.8335874554407,1471.9755455715358,185131.7982363716,245418.81197129915,249703.22544719535,256.7970846506299,4.169368789555211,2.0190153818545946,250057.36491812012,47372.59330564029,8696461.184763726,0.02875392180858839,1239,0.06467656072644712,-1.445965571882522,1.4440828042107998,-4095.9999999999995,4090.666666666666,C:\Users\kimeu\Downloads\starlink_pathB_wsl_package_v0_3_clean\starlink_pathB\paper_final_experiment_check\outputs\coverage_null_global_stats_all_tle_full\23_80_lst000_stress_frozen_polybeam_smooth_S1000_multi.npz,9.10175923472585,9444.443085672718,1.7798436919007438e-05,140609741.2109375,False,False,True,True,True,True,True,True,True,True,True,False
23_80,207.2758462936688,long,stress,0,2461041.5,2461041.506822953,frozen_polybeam,lines,30.0,single,coherent_ab,4,10,1,58881,88.065,0.2671055947580645,0.0001112423478926,0.5502745938468236,1,4,4,4,0.3308758856684498,0.5502745938468236,0.3308758856684498,0.7280464634021924,0.0001112423478926,4946.628727918531,1.1104005870354556,1.1104005870354556,0.0015021057038435103,False,20267609,100,0.21840972620678817,-1.0910901064403502,0.27722772277227725,0.6633663366336634,21.74361418814283,3389.450737618029,20.81139953937418,24.68241081247543,25.062333150202722,3452.3488475589975,3494.9887183605683,3500.2339355471627,2.8788560718576264,1.1006872313925475,1.0629918419690054,3389.450737618029,940.6574699723514,8696461.184763726,0.0003897505738950891,1239,0.06467656072644712,-1.445965571882522,1.4440828042107998,-4095.9999999999995,4090.666666666666,C:\Users\kimeu\Downloads\starlink_pathB_wsl_package_v0_3_clean\starlink_pathB\paper_final_experiment_check\outputs\coverage_null_global_stats_all_tle_full\23_80_lst000_stress_frozen_polybeam_lines_S30_single.npz,9.10175923472585,9444.443085672718,1.7798436919007438e-05,140609741.2109375,False,False,False,False,False,False,False,False,False,False,False,False
23_80,207.2758462936688,long,stress,0,2461041.5,2461041.506822953,frozen_polybeam,lines,30.0,multi,coherent_ab,4,10,10,58881;58881;46696;46696;48029;48029;54100;54100;58069;58069,88.065;88.065;86.822;86.617;85.104;85.104;83.508;83.508;77.989;77.989,0.2671055947580645,0.0001112423478926,0.5502745938468236,1,4,4,4,0.3308758856684498,0.5502745938468236,0.3308758856684498,0.7280464634021924,0.0001112423478926,4946.628727918531,4.740711268809636,1.1104005870354556,0.007127268990896666,False,20267626,100,1.9196870072657186,1.1339121762296658,0.009900990099009901,0.019801980198019802,48.637576268883834,7587.367163990188,25.06698359197253,42.860774886719646,45.93803659303892,5318.121381914121,7372.764376774422,7526.869041385222,8.28163492058411,2.916552940223776,2.0054083760026855,7587.367163990188,1994.5300566511041,8696461.184763726,0.0008724660528909529,1239,0.06467656072644712,-1.445965571882522,1.4440828042107998,-4095.9999999999995,4090.666666666666,C:\Users\kimeu\Downloads\starlink_pathB_wsl_package_v0_3_clean\starlink_pathB\paper_final_experiment_check\outputs\coverage_null_global_stats_all_tle_full\23_80_lst000_stress_frozen_polybeam_lines_S30_multi.npz,9.10175923472585,9444.443085672718,1.7798436919007438e-05,140609741.2109375,False,False,True,True,True,True,True,True,True,False,False,False
23_80,207.2758462936688,long,stress,0,2461041.5,2461041.506822953,frozen_polybeam,lines,1000.0,single,coherent_ab,4,10,1,58881,88.065,0.2671055947580645,0.0001112423478926,0.5502745938468236,1,4,4,4,0.3308758856684498,0.5502745938468236,0.3308758856684498,0.7280464634021924,0.0001112423478926,4946.628727918531,37.013352901181854,37.013352901181854,0.05007019012811702,False,20267643,100,0.5413457545947206,-0.9147166313356861,0.2079207920792079,0.7524752475247525,724.3638084711264,113086.40348187988,665.3809841370507,831.6104344496382,836.0851670736517,114865.25890011218,117208.46419839872,117380.1148057277,73.48976073701579,1.0224141118903791,0.9292297314427074,113086.40348187988,29488.873267108047,8696461.184763726,0.013003726582487165,1239,0.06467656072644712,-1.445965571882522,1.4440828042107998,-4095.9999999999995,4090.666666666666,C:\Users\kimeu\Downloads\starlink_pathB_wsl_package_v0_3_clean\starlink_pathB\paper_final_experiment_check\outputs\coverage_null_global_stats_all_tle_full\23_80_lst000_stress_frozen_polybeam_lines_S1000_single.npz,9.10175923472585,9444.443085672718,1.7798436919007438e-05,140609741.2109375,False,False,False,False,False,False,False,False,False,False,False,False
23_80,207.2758462936688,long,stress,0,2461041.5,2461041.506822953,frozen_polybeam,lines,1000.0,multi,coherent_ab,4,10,10,58881;58881;46696;46696;48029;48029;54100;54100;58069;58069,88.065;88.065;86.822;86.617;85.104;85.104;83.508;83.508;77.989;77.989,0.2671055947580645,0.0001112423478926,0.5502745938468236,1,4,4,4,0.3308758856684498,0.5502745938468236,0.3308758856684498,0.7280464634021924,0.0001112423478926,4946.628727918531,158.0237089603212,37.013352901181854,0.23757563302988885,False,20267660,100,1.4293644685041023,1.0458022045977153,0.039603960396039604,0.019801980198019802,1557.6798462283457,249710.43952996493,862.995830649838,1347.3127514687417,1571.7997788940563,173169.32506181416,240953.88175279042,245921.61830909387,327.80858877383923,3.6960640289266133,2.271361498090499,249710.43952996493,47431.399827060086,8696461.184763726,0.028714029100418426,1239,0.06467656072644712,-1.445965571882522,1.4440828042107998,-4095.9999999999995,4090.666666666666,C:\Users\kimeu\Downloads\starlink_pathB_wsl_package_v0_3_clean\starlink_pathB\paper_final_experiment_check\outputs\coverage_null_global_stats_all_tle_full\23_80_lst000_stress_frozen_polybeam_lines_S1000_multi.npz,9.10175923472585,9444.443085672718,1.7798436919007438e-05,140609741.2109375,False,False,True,False,False,False,False,False,False,False,False,False
23_80,207.2758462936688,long,stress,0,2461041.5,2461041.506822953,frozen_polybeam,khz_comb,30.0,single,coherent_ab,4,10,1,58881,88.065,0.2671055947580645,0.0001112423478926,0.5502745938468236,1,4,4,4,0.3308758856684498,0.5502745938468236,0.3308758856684498,0.7280464634021924,0.0001112423478926,4946.628727918531,0.9138355869885632,0.9138355869885632,0.0013439780592600424,False,20267677,100,0.2517055190796501,-1.0316465229085607,0.42574257425742573,0.7227722772277227,18.01763621424044,3039.085493563549,17.24644229943806,21.775173334781176,21.80115805783156,3088.7392464908335,3132.5268688443316,3135.109880238149,2.06655448478341,1.198460453985883,1.0567313856006477,3039.085493563549,801.2602570965373,8696461.184763726,0.00034946231909688193,1239,0.06467656072644712,-1.445965571882522,1.4440828042107998,-4095.9999999999995,4090.666666666666,C:\Users\kimeu\Downloads\starlink_pathB_wsl_package_v0_3_clean\starlink_pathB\paper_final_experiment_check\outputs\coverage_null_global_stats_all_tle_full\23_80_lst000_stress_frozen_polybeam_khz_comb_S30_single.npz,9.10175923472585,9444.443085672718,1.7798436919007438e-05,140609741.2109375,False,False,False,False,False,False,False,False,False,False,False,False
23_80,207.2758462936688,long,stress,0,2461041.5,2461041.506822953,frozen_polybeam,khz_comb,30.0,multi,coherent_ab,4,10,10,58881;58881;46696;46696;48029;48029;54100;54100;58069;58069,88.065;88.065;86.822;86.617;85.104;85.104;83.508;83.508;77.989;77.989,0.2671055947580645,0.0001112423478926,0.5502745938468236,1,4,4,4,0.3308758856684498,0.5502745938468236,0.3308758856684498,0.7280464634021924,0.0001112423478926,4946.628727918531,3.901502498879369,0.9138355869885632,0.00634512548955074,False,20267694,100,1.4300354905478927,0.9840741640978404,0.019801980198019802,0.0297029702970297,41.50007484339284,6785.509895042647,21.986046123495726,36.47609312462664,40.70045821451902,4601.3081842695665,6615.533041142676,6848.0270928733025,9.203989788175605,3.3538025476720623,2.251838161351299,6785.509895042647,1698.3689671798352,8696461.184763726,0.0007802610453699165,1239,0.06467656072644712,-1.445965571882522,1.4440828042107998,-4095.9999999999995,4090.666666666666,C:\Users\kimeu\Downloads\starlink_pathB_wsl_package_v0_3_clean\starlink_pathB\paper_final_experiment_check\outputs\coverage_null_global_stats_all_tle_full\23_80_lst000_stress_frozen_polybeam_khz_comb_S30_multi.npz,9.10175923472585,9444.443085672718,1.7798436919007438e-05,140609741.2109375,False,False,True,False,False,False,False,False,False,False,False,False
23_80,207.2758462936688,long,stress,0,2461041.5,2461041.506822953,frozen_polybeam,khz_comb,1000.0,single,coherent_ab,4,10,1,58881,88.065,0.2671055947580645,0.0001112423478926,0.5502745938468236,1,4,4,4,0.3308758856684498,0.5502745938468236,0.3308758856684498,0.7280464634021924,0.0001112423478926,4946.628727918531,30.46118623295209,30.46118623295209,0.04479926864200142,False,20267711,100,0.14498972568635235,-1.2771106753978492,0.40594059405940597,0.7920792079207921,600.7471560591498,101368.08939158941,586.9237762851163,721.91148009937,726.7472324866537,102884.12273652511,104898.26012383132,105172.0266856467,64.30622499756112,1.07721659934668,1.002411588640635,101368.08939158941,24999.22124528531,8696461.184763726,0.011656245826657304,1239,0.06467656072644712,-1.445965571882522,1.4440828042107998,-4095.9999999999995,4090.666666666666,C:\Users\kimeu\Downloads\starlink_pathB_wsl_package_v0_3_clean\starlink_pathB\paper_final_experiment_check\outputs\coverage_null_global_stats_all_tle_full\23_80_lst000_stress_frozen_polybeam_khz_comb_S1000_single.npz,9.10175923472585,9444.443085672718,1.7798436919007438e-05,140609741.2109375,False,False,False,False,False,False,False,False,False,False,False,False
23_80,207.2758462936688,long,stress,0,2461041.5,2461041.506822953,frozen_polybeam,khz_comb,1000.0,multi,coherent_ab,4,10,10,58881;58881;46696;46696;48029;48029;54100;54100;58069;58069,88.065;88.065;86.822;86.617;85.104;85.104;83.508;83.508;77.989;77.989,0.2671055947580645,0.0001112423478926,0.5502745938468236,1,4,4,4,0.3308758856684498,0.5502745938468236,0.3308758856684498,0.7280464634021924,0.0001112423478926,4946.628727918531,130.050083295979,30.46118623295209,0.21150418298502474,False,20267728,100,1.3491441155646642,0.9339755128387058,0.06930693069306931,0.009900990099009901,1339.115320578224,223705.13438522918,762.0158871866606,1358.3291958961522,1443.0184319053926,160500.42229148833,219106.33409013855,222378.07666400817,288.51494116243794,2.8836354243040527,1.9300494498899368,223705.13438522918,41646.17103653398,8696461.184763726,0.025723697218031912,1239,0.06467656072644712,-1.445965571882522,1.4440828042107998,-4095.9999999999995,4090.666666666666,C:\Users\kimeu\Downloads\starlink_pathB_wsl_package_v0_3_clean\starlink_pathB\paper_final_experiment_check\outputs\coverage_null_global_stats_all_tle_full\23_80_lst000_stress_frozen_polybeam_khz_comb_S1000_multi.npz,9.10175923472585,9444.443085672718,1.7798436919007438e-05,140609741.2109375,False,False,False,False,False,False,False,False,False,False,False,False
23_80,207.2758462936688,long,stress,0,2461041.5,2461041.506822953,full_polybeam,smooth,30.0,single,coherent_ab,4,10,1,58881,88.065,0.2671055947580645,0.0001112423478926,0.5502745938468236,1,4,4,4,0.3308758856684498,0.5502745938468236,0.3308758856684498,0.7280464634021924,0.0001112423478926,4946.628727918531,1.3087932040086259,1.3087932040086259,0.001775915334091224,False,20267745,100,0.6916311583923641,-0.5392260583585617,0.2376237623762376,0.7326732673267327,22.922040435010274,3779.436600212125,20.06405121355874,26.12959191695136,26.46679630913328,3830.853786293702,3909.107160290497,3911.864792706601,2.7871608980623535,1.6542653466057,1.4421988982102545,3779.436600212125,1131.3271974808997,8696461.184763726,0.00043459477595711346,1239,0.06467656072644712,-1.445965571882522,1.4440828042107998,-4095.9999999999995,4090.666666666666,C:\Users\kimeu\Downloads\starlink_pathB_wsl_package_v0_3_clean\starlink_pathB\paper_final_experiment_check\outputs\coverage_null_global_stats_all_tle_full\23_80_lst000_stress_full_polybeam_smooth_S30_single.npz,9.10175923472585,9444.443085672718,1.7798436919007438e-05,140609741.2109375,False,False,False,False,False,False,False,False,False,False,False,False
23_80,207.2758462936688,long,stress,0,2461041.5,2461041.506822953,full_polybeam,smooth,30.0,multi,coherent_ab,4,10,10,58881;58881;46696;46696;48029;48029;54100;54100;58069;58069,88.065;88.065;86.822;86.617;85.104;85.104;83.508;83.508;77.989;77.989,0.2671055947580645,0.0001112423478926,0.5502745938468236,1,4,4,4,0.3308758856684498,0.5502745938468236,0.3308758856684498,0.7280464634021924,0.0001112423478926,4946.628727918531,6.702080293456056,1.3087932040086259,0.009601673652735435,False,20267762,100,1.7483778739181688,1.3365740706366125,0.039603960396039604,0.009900990099009901,50.1336093158919,9234.519901223848,25.917403316649143,46.107247388650826,52.23290871326601,5857.005818360995,8612.429196587238,9104.11665530382,9.342149325801529,4.170632592178396,2.5517943079363796,9234.519901223848,2801.5714384297817,8696461.184763726,0.0010618709961475832,1239,0.06467656072644712,-1.445965571882522,1.4440828042107998,-4095.9999999999995,4090.666666666666,C:\Users\kimeu\Downloads\starlink_pathB_wsl_package_v0_3_clean\starlink_pathB\paper_final_experiment_check\outputs\coverage_null_global_stats_all_tle_full\23_80_lst000_stress_full_polybeam_smooth_S30_multi.npz,9.10175923472585,9444.443085672718,1.7798436919007438e-05,140609741.2109375,False,False,True,False,False,False,False,False,False,False,False,False
23_80,207.2758462936688,long,stress,0,2461041.5,2461041.506822953,full_polybeam,smooth,1000.0,single,coherent_ab,4,10,1,58881,88.065,0.2671055947580645,0.0001112423478926,0.5502745938468236,1,4,4,4,0.3308758856684498,0.5502745938468236,0.3308758856684498,0.7280464634021924,0.0001112423478926,4946.628727918531,43.62644013362086,43.62644013362086,0.05919717780304082,False,20267779,100,0.35622904657652976,-0.37987054756789346,0.25742574257425743,0.594059405940594,754.6250295619923,126075.04566238855,696.8451570951295,859.1592000805376,879.5369678512651,127243.2504510954,131899.36201218533,131984.5315652947,109.40149445186421,0.8575319488040739,0.8353180537448847,126075.04566238855,35736.08777376678,8696461.184763726,0.01449728147850221,1239,0.06467656072644712,-1.445965571882522,1.4440828042107998,-4095.9999999999995,4090.666666666666,C:\Users\kimeu\Downloads\starlink_pathB_wsl_package_v0_3_clean\starlink_pathB\paper_final_experiment_check\outputs\coverage_null_global_stats_all_tle_full\23_80_lst000_stress_full_polybeam_smooth_S1000_single.npz,9.10175923472585,9444.443085672718,1.7798436919007438e-05,140609741.2109375,False,False,False,False,False,False,False,False,False,False,False,False
23_80,207.2758462936688,long,stress,0,2461041.5,2461041.506822953,full_polybeam,smooth,1000.0,multi,coherent_ab,4,10,10,58881;58881;46696;46696;48029;48029;54100;54100;58069;58069,88.065;88.065;86.822;86.617;85.104;85.104;83.508;83.508;77.989;77.989,0.2671055947580645,0.0001112423478926,0.5502745938468236,1,4,4,4,0.3308758856684498,0.5502745938468236,0.3308758856684498,0.7280464634021924,0.0001112423478926,4946.628727918531,223.4026764485352,43.62644013362086,0.32005578842451454,False,20267796,100,1.392377739190671,1.1110301739342734,0.06930693069306931,0.04950495049504951,1507.6897487264578,301650.2795164058,949.0566438185738,1525.3392193584757,1749.0332587285473,217806.8514905981,293297.14464796166,309136.157142887,270.61109682570805,5.008504442611638,2.1199189524434363,301650.2795164058,37920.36672440163,8696461.184763726,0.034686555037455886,1239,0.06467656072644712,-1.445965571882522,1.4440828042107998,-4095.9999999999995,4090.666666666666,C:\Users\kimeu\Downloads\starlink_pathB_wsl_package_v0_3_clean\starlink_pathB\paper_final_experiment_check\outputs\coverage_null_global_stats_all_tle_full\23_80_lst000_stress_full_polybeam_smooth_S1000_multi.npz,9.10175923472585,9444.443085672718,1.7798436919007438e-05,140609741.2109375,False,False,False,False,False,False,False,False,False,False,False,False
23_80,207.2758462936688,long,stress,0,2461041.5,2461041.506822953,full_polybeam,lines,30.0,single,coherent_ab,4,10,1,58881,88.065,0.2671055947580645,0.0001112423478926,0.5502745938468236,1,4,4,4,0.3308758856684498,0.5502745938468236,0.3308758856684498,0.7280464634021924,0.0001112423478926,4946.628727918531,1.308790025440975,1.308790025440975,0.0017772809049811434,False,20267813,100,0.666782653311139,-0.42345973020722755,0.25742574257425743,0.7326732673267327,22.927411575492926,3778.1202592852414,19.874322667767956,26.569537678704545,26.637570339340165,3818.5886078819103,3912.6242815904498,3914.8174366885105,3.088383067398226,1.214484636387327,1.109256785153486,3778.1202592852414,1128.9559620964023,8696461.184763726,0.00043444341083296505,1239,0.06467656072644712,-1.445965571882522,1.4440828042107998,-4095.9999999999995,4090.666666666666,C:\Users\kimeu\Downloads\starlink_pathB_wsl_package_v0_3_clean\starlink_pathB\paper_final_experiment_check\outputs\coverage_null_global_stats_all_tle_full\23_80_lst000_stress_full_polybeam_lines_S30_single.npz,9.10175923472585,9444.443085672718,1.7798436919007438e-05,140609741.2109375,False,False,False,False,False,False,False,False,False,False,False,False
23_80,207.2758462936688,long,stress,0,2461041.5,2461041.506822953,full_polybeam,lines,30.0,multi,coherent_ab,4,10,10,58881;58881;46696;46696;48029;48029;54100;54100;58069;58069,88.065;88.065;86.822;86.617;85.104;85.104;83.508;83.508;77.989;77.989,0.2671055947580645,0.0001112423478926,0.5502745938468236,1,4,4,4,0.3308758856684498,0.5502745938468236,0.3308758856684498,0.7280464634021924,0.0001112423478926,4946.628727918531,6.702013270322169,1.308790025440975,0.00960857537575047,False,20267830,100,1.4055078425398975,1.2859816990484376,0.039603960396039604,0.019801980198019802,50.229266314036806,9227.858334260041,28.392709454846845,48.901191640608516,52.77808119644049,6623.311180501305,8572.879727297088,8896.017452395761,10.479170143720346,3.602600923690724,2.2856199549491785,9227.858334260041,2803.2827917067134,8696461.184763726,0.0010611049872133423,1239,0.06467656072644712,-1.445965571882522,1.4440828042107998,-4095.9999999999995,4090.666666666666,C:\Users\kimeu\Downloads\starlink_pathB_wsl_package_v0_3_clean\starlink_pathB\paper_final_experiment_check\outputs\coverage_null_global_stats_all_tle_full\23_80_lst000_stress_full_polybeam_lines_S30_multi.npz,9.10175923472585,9444.443085672718,1.7798436919007438e-05,140609741.2109375,False,False,True,False,False,False,False,False,False,False,False,False
23_80,207.2758462936688,long,stress,0,2461041.5,2461041.506822953,full_polybeam,lines,1000.0,single,coherent_ab,4,10,1,58881,88.065,0.2671055947580645,0.0001112423478926,0.5502745938468236,1,4,4,4,0.3308758856684498,0.5502745938468236,0.3308758856684498,0.7280464634021924,0.0001112423478926,4946.628727918531,43.626334181365834,43.626334181365834,0.059242696832704785,False,20267847,100,0.7692837652648468,-0.2951632007352558,0.19801980198019803,0.6336633663366337,754.7131601393887,126025.13872378874,653.6140164750132,853.5350179186486,886.6715271163872,126953.5916992116,131953.17508283939,132058.6470658994,88.64146271063146,1.1865710904931537,1.0759732123888563,126025.13872378874,35656.81552947389,8696461.184763726,0.014491542714476304,1239,0.06467656072644712,-1.445965571882522,1.4440828042107998,-4095.9999999999995,4090.666666666666,C:\Users\kimeu\Downloads\starlink_pathB_wsl_package_v0_3_clean\starlink_pathB\paper_final_experiment_check\outputs\coverage_null_global_stats_all_tle_full\23_80_lst000_stress_full_polybeam_lines_S1000_single.npz,9.10175923472585,9444.443085672718,1.7798436919007438e-05,140609741.2109375,False,False,False,False,False,False,False,False,False,False,False,False
23_80,207.2758462936688,long,stress,0,2461041.5,2461041.506822953,full_polybeam,lines,1000.0,multi,coherent_ab,4,10,10,58881;58881;46696;46696;48029;48029;54100;54100;58069;58069,88.065;88.065;86.822;86.617;85.104;85.104;83.508;83.508;77.989;77.989,0.2671055947580645,0.0001112423478926,0.5502745938468236,1,4,4,4,0.3308758856684498,0.5502745938468236,0.3308758856684498,0.7280464634021924,0.0001112423478926,4946.628727918531,223.40044234407227,43.626334181365834,0.32028584585834907,False,20267864,100,1.2314210226204878,1.0084783618148883,0.09900990099009901,0.009900990099009901,1494.2454904521874,301294.3463975702,949.2081326762182,1628.0772356068837,1739.7462301105236,229705.1909942922,289670.27590498846,297561.03067147173,298.53531378498155,3.370876134842788,2.086466035312149,301294.3463975702,38010.75711730341,8696461.184763726,0.03464562653662394,1239,0.06467656072644712,-1.445965571882522,1.4440828042107998,-4095.9999999999995,4090.666666666666,C:\Users\kimeu\Downloads\starlink_pathB_wsl_package_v0_3_clean\starlink_pathB\paper_final_experiment_check\outputs\coverage_null_global_stats_all_tle_full\23_80_lst000_stress_full_polybeam_lines_S1000_multi.npz,9.10175923472585,9444.443085672718,1.7798436919007438e-05,140609741.2109375,False,False,False,False,False,False,False,False,False,False,False,False
23_80,207.2758462936688,long,stress,0,2461041.5,2461041.506822953,full_polybeam,khz_comb,30.0,single,coherent_ab,4,10,1,58881,88.065,0.2671055947580645,0.0001112423478926,0.5502745938468236,1,4,4,4,0.3308758856684498,0.5502745938468236,0.3308758856684498,0.7280464634021924,0.0001112423478926,4946.628727918531,1.0771057896652931,1.0771057896652931,0.0015593135948956632,False,20267881,100,0.7200590377340866,-0.4713459245079361,0.15841584158415842,0.6534653465346535,19.699627050336858,3304.203857800885,17.684246557326333,22.20135909410219,23.03657155849516,3336.8834740379525,3408.1326378406616,3412.3745112883257,1.8878389800406694,1.648569373104527,1.4249177996977374,3304.203857800885,956.0457556349833,8696461.184763726,0.00037994809470200114,1239,0.06467656072644712,-1.445965571882522,1.4440828042107998,-4095.9999999999995,4090.666666666666,C:\Users\kimeu\Downloads\starlink_pathB_wsl_package_v0_3_clean\starlink_pathB\paper_final_experiment_check\outputs\coverage_null_global_stats_all_tle_full\23_80_lst000_stress_full_polybeam_khz_comb_S30_single.npz,9.10175923472585,9444.443085672718,1.7798436919007438e-05,140609741.2109375,False,False,False,False,False,False,False,False,False,False,False,False
23_80,207.2758462936688,long,stress,0,2461041.5,2461041.506822953,full_polybeam,khz_comb,30.0,multi,coherent_ab,4,10,10,58881;58881;46696;46696;48029;48029;54100;54100;58069;58069,88.065;88.065;86.822;86.617;85.104;85.104;83.508;83.508;77.989;77.989,0.2671055947580645,0.0001112423478926,0.5502745938468236,1,4,4,4,0.3308758856684498,0.5502745938468236,0.3308758856684498,0.7280464634021924,0.0001112423478926,4946.628727918531,5.515611485077896,1.0771057896652931,0.008313896461961344,False,20267898,100,1.4639448321558126,1.2913217549192626,0.0297029702970297,0.0297029702970297,42.708978813224405,7984.395998622011,24.13056257164908,41.67956685761637,43.63120746246834,5576.171608263856,7734.328986295637,8085.31550762995,8.559728348642267,4.517263344317639,2.5074451310796686,7984.395998622011,2371.1729556091695,8696461.184763726,0.0009181201213903813,1239,0.06467656072644712,-1.445965571882522,1.4440828042107998,-4095.9999999999995,4090.666666666666,C:\Users\kimeu\Downloads\starlink_pathB_wsl_package_v0_3_clean\starlink_pathB\paper_final_experiment_check\outputs\coverage_null_global_stats_all_tle_full\23_80_lst000_stress_full_polybeam_khz_comb_S30_multi.npz,9.10175923472585,9444.443085672718,1.7798436919007438e-05,140609741.2109375,False,False,True,False,False,False,False,False,False,False,False,False
23_80,207.2758462936688,long,stress,0,2461041.5,2461041.506822953,full_polybeam,khz_comb,1000.0,single,coherent_ab,4,10,1,58881,88.065,0.2671055947580645,0.0001112423478926,0.5502745938468236,1,4,4,4,0.3308758856684498,0.5502745938468236,0.3308758856684498,0.7280464634021924,0.0001112423478926,4946.628727918531,35.90352632217645,35.90352632217645,0.051977119829855443,False,20267915,100,0.5845412526056083,-0.3446767688368627,0.19801980198019803,0.6534653465346535,653.8717723811496,110233.05974268186,593.6076182503584,761.9191195367263,767.4818152325239,110947.13098823301,114649.08397396942,115085.58605904246,69.53763298604525,1.4339543887227397,1.2041416936992275,110233.05974268186,30221.60089801788,8696461.184763726,0.012675622578044863,1239,0.06467656072644712,-1.445965571882522,1.4440828042107998,-4095.9999999999995,4090.666666666666,C:\Users\kimeu\Downloads\starlink_pathB_wsl_package_v0_3_clean\starlink_pathB\paper_final_experiment_check\outputs\coverage_null_global_stats_all_tle_full\23_80_lst000_stress_full_polybeam_khz_comb_S1000_single.npz,9.10175923472585,9444.443085672718,1.7798436919007438e-05,140609741.2109375,False,False,False,False,False,False,False,False,False,False,False,False
23_80,207.2758462936688,long,stress,0,2461041.5,2461041.506822953,full_polybeam,khz_comb,1000.0,multi,coherent_ab,4,10,10,58881;58881;46696;46696;48029;48029;54100;54100;58069;58069,88.065;88.065;86.822;86.617;85.104;85.104;83.508;83.508;77.989;77.989,0.2671055947580645,0.0001112423478926,0.5502745938468236,1,4,4,4,0.3308758856684498,0.5502745938468236,0.3308758856684498,0.7280464634021924,0.0001112423478926,4946.628727918531,183.85371616926327,35.90352632217645,0.27712988206537814,False,20267932,100,1.216160546628981,1.098985617698893,0.07920792079207921,0.04950495049504951,1349.6062282598286,261039.25006545888,903.0953213984376,1430.394900252851,1494.5344369903746,202724.7218504406,256046.7291777424,272986.01447947,247.637930303129,3.497134006638077,2.0575535291155607,261039.25006545888,40152.72605436566,8696461.184763726,0.030016721114423172,1239,0.06467656072644712,-1.445965571882522,1.4440828042107998,-4095.9999999999995,4090.666666666666,C:\Users\kimeu\Downloads\starlink_pathB_wsl_package_v0_3_clean\starlink_pathB\paper_final_experiment_check\outputs\coverage_null_global_stats_all_tle_full\23_80_lst000_stress_full_polybeam_khz_comb_S1000_multi.npz,9.10175923472585,9444.443085672718,1.7798436919007438e-05,140609741.2109375,False,False,False,False,False,False,False,False,False,False,False,False
4_196,190.65540049004915,long,quiet,48,2461041.833333333,2461041.8401562865,frozen_polybeam,smooth,30.0,single,coherent_ab,2,35,1,53005,89.168,0.1663831485215053,5.3123270866481575e-09,0.0149220859960422,0,2,2,2,0.0,0.0149220859960422,0.0,0.0457676818690719,5.3123270866481575e-09,2808954.6732818866,0.7997767840307693,0.7997767840307693,0.0008431922084193624,False,20267997,100,-1.107116413794843,-0.7145603042303968,0.9900990099009901,0.7227722772277227,3.3330555129650747,949.0392557785204,5.7897258292377956,9.478896397069365,9.795590150884745,1015.0473329102628,1090.3007247167736,1090.9076096683816,1.4966821977886866,1.3614791361927516,1.2274789735860074,949.0392557785204,20.84832216947214,18440185.57615971,5.1465819140425604e-05,1261,0.059490460698200555,-1.445965571882522,1.4440828042107998,-4095.9999999999995,4090.666666666666,C:\Users\kimeu\Downloads\starlink_pathB_wsl_package_v0_3_clean\starlink_pathB\paper_final_experiment_check\outputs\coverage_null_global_stats_all_tle_full\4_196_lst048_quiet_frozen_polybeam_smooth_S30_single.npz,9.10175923472585,9444.443085672718,1.7798436919007438e-05,140609741.2109375,False,False,False,False,False,False,False,False,False,False,False,False
4_196,190.65540049004915,long,quiet,48,2461041.833333333,2461041.8401562865,frozen_polybeam,smooth,30.0,multi,coherent_ab,2,35,12,53005;45654;45654;57260;57260;57500;57500;54553;54553;57120;55418;55418,89.168;88.462;88.462;87.660;87.659;87.369;87.369;86.970;86.970;82.359;81.503;81.502,0.1663831485215053,5.3123270866481575e-09,0.0149220859960422,0,2,2,2,0.0,0.0149220859960422,0.0,0.0457676818690719,5.3123270866481575e-09,2808954.6732818866,7.267178338895057,2.4342263429677042,0.01581339045540727,False,20268014,100,0.6535405777940823,0.4556876991664725,0.2871287128712871,0.3564356435643564,51.89515526702962,6940.436621474375,44.679708559648134,62.663597413800744,65.98373640983519,6595.852833002861,7793.612021935678,8095.869335134604,7.446748212714738,3.168600738719656,1.3846257145811514,6940.436621474375,609.1049416732883,18440185.57615971,0.0003763756385644665,1261,0.059490460698200555,-1.445965571882522,1.4440828042107998,-4095.9999999999995,4090.666666666666,C:\Users\kimeu\Downloads\starlink_pathB_wsl_package_v0_3_clean\starlink_pathB\paper_final_experiment_check\outputs\coverage_null_global_stats_all_tle_full\4_196_lst048_quiet_frozen_polybeam_smooth_S30_multi.npz,9.10175923472585,9444.443085672718,1.7798436919007438e-05,140609741.2109375,False,False,False,False,False,False,False,False,False,False,False,False
4_196,190.65540049004915,long,quiet,48,2461041.833333333,2461041.8401562865,frozen_polybeam,smooth,1000.0,single,coherent_ab,2,35,1,53005,89.168,0.1663831485215053,5.3123270866481575e-09,0.0149220859960422,0,2,2,2,0.0,0.0149220859960422,0.0,0.0457676818690719,5.3123270866481575e-09,2808954.6732818866,26.659226134358978,26.659226134358978,0.028106406947312087,False,20268031,100,-1.3049111550676096,-0.8573557194769457,1.0,0.7821782178217822,110.72774394563749,31493.156963458263,174.02998124369014,322.54889435810037,326.18617635837376,33968.96511058924,36193.17779560656,36497.99401327855,32.72006216355703,0.9229350446875804,0.7977578957495266,31493.156963458263,621.4288783135944,18440185.57615971,0.0017078546652032622,1261,0.059490460698200555,-1.445965571882522,1.4440828042107998,-4095.9999999999995,4090.666666666666,C:\Users\kimeu\Downloads\starlink_pathB_wsl_package_v0_3_clean\starlink_pathB\paper_final_experiment_check\outputs\coverage_null_global_stats_all_tle_full\4_196_lst048_quiet_frozen_polybeam_smooth_S1000_single.npz,9.10175923472585,9444.443085672718,1.7798436919007438e-05,140609741.2109375,False,False,False,False,False,False,False,False,False,False,False,False
4_196,190.65540049004915,long,quiet,48,2461041.833333333,2461041.8401562865,frozen_polybeam,smooth,1000.0,multi,coherent_ab,2,35,12,53005;45654;45654;57260;57260;57500;57500;54553;54553;57120;55418;55418,89.168;88.462;88.462;87.660;87.659;87.369;87.369;86.970;86.970;82.359;81.503;81.502,0.1663831485215053,5.3123270866481575e-09,0.0149220859960422,0,2,2,2,0.0,0.0149220859960422,0.0,0.0457676818690719,5.3123270866481575e-09,2808954.6732818866,242.2392779631686,81.1408780989235,0.5271130151802425,False,20268048,100,0.06295198317976579,1.576194950544545,0.4752475247524752,0.0891089108910891,1531.5573257496762,252516.82919506196,1514.2986971233277,1971.7098202865097,2213.8136602150885,215514.62149898824,257087.5339459892,266881.45149427495,184.91531071338795,3.3220625313791885,1.4468099840644362,252516.82919506196,-74038.20527624575,18440185.57615971,0.013693833402714068,1261,0.059490460698200555,-1.445965571882522,1.4440828042107998,-4095.9999999999995,4090.666666666666,C:\Users\kimeu\Downloads\starlink_pathB_wsl_package_v0_3_clean\starlink_pathB\paper_final_experiment_check\outputs\coverage_null_global_stats_all_tle_full\4_196_lst048_quiet_frozen_polybeam_smooth_S1000_multi.npz,9.10175923472585,9444.443085672718,1.7798436919007438e-05,140609741.2109375,False,False,False,False,False,False,False,False,False,False,False,False
4_196,190.65540049004915,long,quiet,48,2461041.833333333,2461041.8401562865,frozen_polybeam,lines,30.0,single,coherent_ab,2,35,1,53005,89.168,0.1663831485215053,5.3123270866481575e-09,0.0149220859960422,0,2,2,2,0.0,0.0149220859960422,0.0,0.0457676818690719,5.3123270866481575e-09,2808954.6732818866,0.7997600822186256,0.7997600822186256,0.0008437485261965388,False,20268065,100,-1.1279096693014723,-0.8801707428603245,0.9900990099009901,0.7227722772277227,3.2824527101329295,948.7904892653311,5.799872634764142,9.192347581236026,9.640138032355352,1026.429360345153,1090.2900303974354,1090.7626647504426,1.5054188496651477,1.0772561179363775,1.007373245795164,948.7904892653311,20.311795447206023,18440185.57615971,5.145232868436908e-05,1261,0.059490460698200555,-1.445965571882522,1.4440828042107998,-4095.9999999999995,4090.666666666666,C:\Users\kimeu\Downloads\starlink_pathB_wsl_package_v0_3_clean\starlink_pathB\paper_final_experiment_check\outputs\coverage_null_global_stats_all_tle_full\4_196_lst048_quiet_frozen_polybeam_lines_S30_single.npz,9.10175923472585,9444.443085672718,1.7798436919007438e-05,140609741.2109375,False,False,False,False,False,False,False,False,False,False,False,False
4_196,190.65540049004915,long,quiet,48,2461041.833333333,2461041.8401562865,frozen_polybeam,lines,30.0,multi,coherent_ab,2,35,12,53005;45654;45654;57260;57260;57500;57500;54553;54553;57120;55418;55418,89.168;88.462;88.462;87.660;87.659;87.369;87.369;86.970;86.970;82.359;81.503;81.502,0.1663831485215053,5.3123270866481575e-09,0.0149220859960422,0,2,2,2,0.0,0.0149220859960422,0.0,0.0457676818690719,5.3123270866481575e-09,2808954.6732818866,7.266967555800123,2.434223155794415,0.01582869854775571,False,20268082,100,0.672211693019586,0.5576350351981347,0.31683168316831684,0.3069306930693069,52.10364278571433,6944.319920227495,44.057019231613594,61.53907911411297,65.06118594465954,6553.719750318742,7661.797189827373,7944.020006163038,8.07390482579649,3.156739429155034,1.4118287543068653,6944.319920227495,603.9276750268921,18440185.57615971,0.00037658622748381774,1261,0.059490460698200555,-1.445965571882522,1.4440828042107998,-4095.9999999999995,4090.666666666666,C:\Users\kimeu\Downloads\starlink_pathB_wsl_package_v0_3_clean\starlink_pathB\paper_final_experiment_check\outputs\coverage_null_global_stats_all_tle_full\4_196_lst048_quiet_frozen_polybeam_lines_S30_multi.npz,9.10175923472585,9444.443085672718,1.7798436919007438e-05,140609741.2109375,False,False,False,False,False,False,False,False,False,False,False,False
4_196,190.65540049004915,long,quiet,48,2461041.833333333,2461041.8401562865,frozen_polybeam,lines,1000.0,single,coherent_ab,2,35,1,53005,89.168,0.1663831485215053,5.3123270866481575e-09,0.0149220859960422,0,2,2,2,0.0,0.0149220859960422,0.0,0.0457676818690719,5.3123270866481575e-09,2808954.6732818866,26.65866940728752,26.65866940728752,0.02812495087321797,False,20268099,100,-2.0514392871249094,-1.1619362861626426,1.0,0.801980198019802,110.33458957928815,31487.948035546517,184.59482265940096,317.9828357917269,323.9339300978733,34473.67666372644,36493.1070265167,36543.322813912186,24.415950948912723,1.943792754707603,1.798839938619796,31487.948035546517,604.0072832561555,18440185.57615971,0.001707572188224371,1261,0.059490460698200555,-1.445965571882522,1.4440828042107998,-4095.9999999999995,4090.666666666666,C:\Users\kimeu\Downloads\starlink_pathB_wsl_package_v0_3_clean\starlink_pathB\paper_final_experiment_check\outputs\coverage_null_global_stats_all_tle_full\4_196_lst048_quiet_frozen_polybeam_lines_S1000_single.npz,9.10175923472585,9444.443085672718,1.7798436919007438e-05,140609741.2109375,False,False,False,False,False,False,False,False,False,False,False,False
4_196,190.65540049004915,long,quiet,48,2461041.833333333,2461041.8401562865,frozen_polybeam,lines,1000.0,multi,coherent_ab,2,35,12,53005;45654;45654;57260;57260;57500;57500;54553;54553;57120;55418;55418,89.168;88.462;88.462;87.660;87.659;87.369;87.369;86.970;86.970;82.359;81.503;81.502,0.1663831485215053,5.3123270866481575e-09,0.0149220859960422,0,2,2,2,0.0,0.0149220859960422,0.0,0.0457676818690719,5.3123270866481575e-09,2808954.6732818866,242.23225186000408,81.14077185981387,0.5276232849251906,False,20268116,100,0.046107986623026724,1.3869569531929011,0.48514851485148514,0.0594059405940594,1534.7680919903578,252703.03116660164,1515.3796528802995,2083.3595552674574,2329.8948774326873,225437.576007141,248695.42851912347,273390.1617136402,283.62381396801175,3.4092852480266695,1.2447513056449315,252703.03116660164,-74193.07422684344,18440185.57615971,0.01370393102189315,1261,0.059490460698200555,-1.445965571882522,1.4440828042107998,-4095.9999999999995,4090.666666666666,C:\Users\kimeu\Downloads\starlink_pathB_wsl_package_v0_3_clean\starlink_pathB\paper_final_experiment_check\outputs\coverage_null_global_stats_all_tle_full\4_196_lst048_quiet_frozen_polybeam_lines_S1000_multi.npz,9.10175923472585,9444.443085672718,1.7798436919007438e-05,140609741.2109375,False,False,False,False,False,False,False,False,False,False,False,False
4_196,190.65540049004915,long,quiet,48,2461041.833333333,2461041.8401562865,frozen_polybeam,khz_comb,30.0,single,coherent_ab,2,35,1,53005,89.168,0.1663831485215053,5.3123270866481575e-09,0.0149220859960422,0,2,2,2,0.0,0.0149220859960422,0.0,0.0457676818690719,5.3123270866481575e-09,2808954.6732818866,0.6581851925488426,0.6581851925488426,0.0007424096366949541,False,20268133,100,-0.8285464113277604,-0.7846924052232404,0.8217821782178217,0.7623762376237624,4.533732290976332,882.7576923263953,5.99407610551134,8.823660372499763,8.895997549432941,945.6146296297625,1009.4496381372891,1010.9373940376327,1.1888150079416846,1.3338086880721727,1.2125976904036952,882.7576923263953,-20.535812725871274,18440185.57615971,4.7871410441100096e-05,1261,0.059490460698200555,-1.445965571882522,1.4440828042107998,-4095.9999999999995,4090.666666666666,C:\Users\kimeu\Downloads\starlink_pathB_wsl_package_v0_3_clean\starlink_pathB\paper_final_experiment_check\outputs\coverage_null_global_stats_all_tle_full\4_196_lst048_quiet_frozen_polybeam_khz_comb_S30_single.npz,9.10175923472585,9444.443085672718,1.7798436919007438e-05,140609741.2109375,False,False,False,False,False,False,False,False,False,False,False,False
4_196,190.65540049004915,long,quiet,48,2461041.833333333,2461041.8401562865,frozen_polybeam,khz_comb,30.0,multi,coherent_ab,2,35,12,53005;45654;45654;57260;57260;57500;57500;54553;54553;57120;55418;55418,89.168;88.462;88.462;87.660;87.659;87.369;87.369;86.970;86.970;82.359;81.503;81.502,0.1663831485215053,5.3123270866481575e-09,0.0149220859960422,0,2,2,2,0.0,0.0149220859960422,0.0,0.0457676818690719,5.3123270866481575e-09,2808954.6732818866,6.286258657572761,2.309014888875177,0.014199028536378593,False,20268150,100,1.0051352206533912,0.529722665279751,0.1485148514851485,0.27722772277227725,53.9027529855739,6467.053897009404,44.49992961895805,57.44198239758261,61.637402627995954,6178.645862119369,7058.245780011768,7296.836835903169,6.3097156914373045,3.64079974140585,1.4298231854653238,6467.053897009404,358.2656722494926,18440185.57615971,0.00035070438257249964,1261,0.059490460698200555,-1.445965571882522,1.4440828042107998,-4095.9999999999995,4090.666666666666,C:\Users\kimeu\Downloads\starlink_pathB_wsl_package_v0_3_clean\starlink_pathB\paper_final_experiment_check\outputs\coverage_null_global_stats_all_tle_full\4_196_lst048_quiet_frozen_polybeam_khz_comb_S30_multi.npz,9.10175923472585,9444.443085672718,1.7798436919007438e-05,140609741.2109375,False,False,False,False,False,False,False,False,False,False,False,False
4_196,190.65540049004915,long,quiet,48,2461041.833333333,2461041.8401562865,frozen_polybeam,khz_comb,1000.0,single,coherent_ab,2,35,1,53005,89.168,0.1663831485215053,5.3123270866481575e-09,0.0149220859960422,0,2,2,2,0.0,0.0149220859960422,0.0,0.0457676818690719,5.3123270866481575e-09,2808954.6732818866,21.939506418294748,21.939506418294748,0.0247469878898318,False,20268167,100,-0.7772458573242186,-0.8606972663855293,0.7821782178217822,0.8118811881188119,151.83047607113258,29314.537120484747,193.4732215206477,293.93976755945675,297.0370486741432,31593.37111949525,33806.67650759961,33830.79251417495,36.137403294280375,1.1833328709401372,1.0323506453027256,29314.537120484747,-689.1977094118627,18440185.57615971,0.0015897094418824008,1261,0.059490460698200555,-1.445965571882522,1.4440828042107998,-4095.9999999999995,4090.666666666666,C:\Users\kimeu\Downloads\starlink_pathB_wsl_package_v0_3_clean\starlink_pathB\paper_final_experiment_check\outputs\coverage_null_global_stats_all_tle_full\4_196_lst048_quiet_frozen_polybeam_khz_comb_S1000_single.npz,9.10175923472585,9444.443085672718,1.7798436919007438e-05,140609741.2109375,False,False,False,False,False,False,False,False,False,False,False,False
4_196,190.65540049004915,long,quiet,48,2461041.833333333,2461041.8401562865,frozen_polybeam,khz_comb,1000.0,multi,coherent_ab,2,35,12,53005;45654;45654;57260;57260;57500;57500;54553;54553;57120;55418;55418,89.168;88.462;88.462;87.660;87.659;87.369;87.369;86.970;86.970;82.359;81.503;81.502,0.1663831485215053,5.3123270866481575e-09,0.0149220859960422,0,2,2,2,0.0,0.0149220859960422,0.0,0.0457676818690719,5.3123270866481575e-09,2808954.6732818866,209.5419552524254,76.9671629625059,0.47330095121261984,False,20268184,100,0.4959913497992714,1.0467772451876707,0.36633663366336633,0.15841584158415842,1603.6967936388173,236490.4904575203,1425.5974575805612,1945.8397524033076,2102.1528051613946,209560.83186820208,257040.7046049154,269086.9440720639,242.19445861067106,3.6848165640006214,1.3097770497846113,236490.4904575203,-78173.69908902256,18440185.57615971,0.012824734842325325,1261,0.059490460698200555,-1.445965571882522,1.4440828042107998,-4095.9999999999995,4090.666666666666,C:\Users\kimeu\Downloads\starlink_pathB_wsl_package_v0_3_clean\starlink_pathB\paper_final_experiment_check\outputs\coverage_null_global_stats_all_tle_full\4_196_lst048_quiet_frozen_polybeam_khz_comb_S1000_multi.npz,9.10175923472585,9444.443085672718,1.7798436919007438e-05,140609741.2109375,False,False,False,False,False,False,False,False,False,False,False,False
4_196,190.65540049004915,long,quiet,48,2461041.833333333,2461041.8401562865,full_polybeam,smooth,30.0,single,coherent_ab,2,35,1,53005,89.168,0.1663831485215053,5.3123270866481575e-09,0.0149220859960422,0,2,2,2,0.0,0.0149220859960422,0.0,0.0457676818690719,5.3123270866481575e-09,2808954.6732818866,0.8623617510403513,0.8623617510403513,0.0010066512132571673,False,20268201,100,-0.7282120935039958,-0.7076603367179526,0.900990099009901,0.8118811881188119,3.8576221174371312,873.601385836068,4.620635748831319,8.711515173348925,8.888854829403245,927.1532203709814,999.5644646876924,1001.0982400459501,0.7067249340143462,0.872174919878428,0.7895297831276799,873.601385836068,-13.78691787460328,18440185.57615971,4.7374869533064716e-05,1261,0.059490460698200555,-1.445965571882522,1.4440828042107998,-4095.9999999999995,4090.666666666666,C:\Users\kimeu\Downloads\starlink_pathB_wsl_package_v0_3_clean\starlink_pathB\paper_final_experiment_check\outputs\coverage_null_global_stats_all_tle_full\4_196_lst048_quiet_full_polybeam_smooth_S30_single.npz,9.10175923472585,9444.443085672718,1.7798436919007438e-05,140609741.2109375,False,False,False,False,False,False,False,False,False,False,False,False
4_196,190.65540049004915,long,quiet,48,2461041.833333333,2461041.8401562865,full_polybeam,smooth,30.0,multi,coherent_ab,2,35,12,53005;45654;45654;57260;57260;57500;57500;54553;54553;57120;55418;55418,89.168;88.462;88.462;87.660;87.659;87.369;87.369;86.970;86.970;82.359;81.503;81.502,0.1663831485215053,5.3123270866481575e-09,0.0149220859960422,0,2,2,2,0.0,0.0149220859960422,0.0,0.0457676818690719,5.3123270866481575e-09,2808954.6732818866,12.00579045407335,5.8161810259278335,0.023328868874031385,False,20268218,100,-0.025097255001172623,1.9271053695953908,0.5148514851485149,0.039603960396039604,51.274304263180966,9991.569205642074,51.50835305288092,69.68116828545098,73.63647636255064,9062.862433454873,9777.270430158536,10046.90618925139,6.2900801666128245,2.805941504904262,1.355482424341066,9991.569205642074,2274.2335206530315,18440185.57615971,0.0005418366948844386,1261,0.059490460698200555,-1.445965571882522,1.4440828042107998,-4095.9999999999995,4090.666666666666,C:\Users\kimeu\Downloads\starlink_pathB_wsl_package_v0_3_clean\starlink_pathB\paper_final_experiment_check\outputs\coverage_null_global_stats_all_tle_full\4_196_lst048_quiet_full_polybeam_smooth_S30_multi.npz,9.10175923472585,9444.443085672718,1.7798436919007438e-05,140609741.2109375,False,False,False,False,False,False,False,False,False,False,False,False
4_196,190.65540049004915,long,quiet,48,2461041.833333333,2461041.8401562865,full_polybeam,smooth,1000.0,single,coherent_ab,2,35,1,53005,89.168,0.1663831485215053,5.3123270866481575e-09,0.0149220859960422,0,2,2,2,0.0,0.0149220859960422,0.0,0.0457676818690719,5.3123270866481575e-09,2808954.6732818866,28.745391701345042,28.745391701345042,0.033555040441905576,False,20268235,100,-0.9571982737089648,-1.163424926922554,0.9405940594059405,0.9108910891089109,129.30110463808523,28906.274695376815,162.40442099910797,291.9897647325761,295.4739410823601,31424.005774652192,33510.00861534245,33661.42852999784,23.326286315816105,1.1327553024306427,1.032278932475468,28906.274695376815,-931.633812288154,18440185.57615971,0.0015675696199472164,1261,0.059490460698200555,-1.445965571882522,1.4440828042107998,-4095.9999999999995,4090.666666666666,C:\Users\kimeu\Downloads\starlink_pathB_wsl_package_v0_3_clean\starlink_pathB\paper_final_experiment_check\outputs\coverage_null_global_stats_all_tle_full\4_196_lst048_quiet_full_polybeam_smooth_S1000_single.npz,9.10175923472585,9444.443085672718,1.7798436919007438e-05,140609741.2109375,False,False,False,False,False,False,False,False,False,False,False,False
4_196,190.65540049004915,long,quiet,48,2461041.833333333,2461041.8401562865,full_polybeam,smooth,1000.0,multi,coherent_ab,2,35,12,53005;45654;45654;57260;57260;57500;57500;54553;54553;57120;55418;55418,89.168;88.462;88.462;87.660;87.659;87.369;87.369;86.970;86.970;82.359;81.503;81.502,0.1663831485215053,5.3123270866481575e-09,0.0149220859960422,0,2,2,2,0.0,0.0149220859960422,0.0,0.0457676818690719,5.3123270866481575e-09,2808954.6732818866,400.1930151357784,193.87270086426113,0.7776289624677127,False,20268252,100,-0.6180481299952308,1.2655306697643447,0.7722772277227723,0.039603960396039604,1637.0693938908298,371632.20286160277,1800.412468090701,2314.4923680751544,2534.0833025072093,327440.3348757315,369703.64495108195,383177.4626697817,178.2602176519215,3.0876057994988964,1.1971952733244047,371632.20286160277,88355.48215377798,18440185.57615971,0.020153387357558127,1261,0.059490460698200555,-1.445965571882522,1.4440828042107998,-4095.9999999999995,4090.666666666666,C:\Users\kimeu\Downloads\starlink_pathB_wsl_package_v0_3_clean\starlink_pathB\paper_final_experiment_check\outputs\coverage_null_global_stats_all_tle_full\4_196_lst048_quiet_full_polybeam_smooth_S1000_multi.npz,9.10175923472585,9444.443085672718,1.7798436919007438e-05,140609741.2109375,False,False,False,False,False,False,False,False,False,False,False,False
4_196,190.65540049004915,long,quiet,48,2461041.833333333,2461041.8401562865,full_polybeam,lines,30.0,single,coherent_ab,2,35,1,53005,89.168,0.1663831485215053,5.3123270866481575e-09,0.0149220859960422,0,2,2,2,0.0,0.0149220859960422,0.0,0.0457676818690719,5.3123270866481575e-09,2808954.6732818866,0.8623372782754191,0.8623372782754191,0.0010072715593623348,False,20268269,100,-0.9362218020281929,-1.2941431372866221,0.9108910891089109,0.8514851485148515,3.87269212789397,874.3318852634065,5.0115189654279675,8.6044680554769,8.75551212145263,949.3682234715143,1000.0202582908565,1000.6183676442176,0.8204553417754141,1.054283048274075,0.9952574080189941,874.3318852634065,-14.29473411012713,18440185.57615971,4.741448407079925e-05,1261,0.059490460698200555,-1.445965571882522,1.4440828042107998,-4095.9999999999995,4090.666666666666,C:\Users\kimeu\Downloads\starlink_pathB_wsl_package_v0_3_clean\starlink_pathB\paper_final_experiment_check\outputs\coverage_null_global_stats_all_tle_full\4_196_lst048_quiet_full_polybeam_lines_S30_single.npz,9.10175923472585,9444.443085672718,1.7798436919007438e-05,140609741.2109375,False,False,False,False,False,False,False,False,False,False,False,False
4_196,190.65540049004915,long,quiet,48,2461041.833333333,2461041.8401562865,full_polybeam,lines,30.0,multi,coherent_ab,2,35,12,53005;45654;45654;57260;57260;57500;57500;54553;54553;57120;55418;55418,89.168;88.462;88.462;87.660;87.659;87.369;87.369;86.970;86.970;82.359;81.503;81.502,0.1663831485215053,5.3123270866481575e-09,0.0149220859960422,0,2,2,2,0.0,0.0149220859960422,0.0,0.0457676818690719,5.3123270866481575e-09,2808954.6732818866,12.005268500012985,5.81595761541107,0.023349269330273727,False,20268286,100,-0.20457618278780834,1.3216207779263727,0.594059405940594,0.07920792079207921,51.399119602567225,9991.451151879843,53.45813334289414,70.05670571277497,73.08319061916512,9232.907192087132,10020.94400480055,10176.899501364653,6.788599349936703,3.026421281470878,1.2298607849833383,9991.451151879843,2267.9721800055713,18440185.57615971,0.0005418302929010234,1261,0.059490460698200555,-1.445965571882522,1.4440828042107998,-4095.9999999999995,4090.666666666666,C:\Users\kimeu\Downloads\starlink_pathB_wsl_package_v0_3_clean\starlink_pathB\paper_final_experiment_check\outputs\coverage_null_global_stats_all_tle_full\4_196_lst048_quiet_full_polybeam_lines_S30_multi.npz,9.10175923472585,9444.443085672718,1.7798436919007438e-05,140609741.2109375,False,False,False,False,False,False,False,False,False,False,False,False
4_196,190.65540049004915,long,quiet,48,2461041.833333333,2461041.8401562865,full_polybeam,lines,1000.0,single,coherent_ab,2,35,1,53005,89.168,0.1663831485215053,5.3123270866481575e-09,0.0149220859960422,0,2,2,2,0.0,0.0149220859960422,0.0,0.0457676818690719,5.3123270866481575e-09,2808954.6732818866,28.744575942513965,28.744575942513965,0.03357571864541115,False,20268303,100,-1.1358063490168404,-1.5886893503068764,0.9801980198019802,0.9702970297029703,129.83726866923098,28924.61234734451,159.68850678662784,287.0482943645082,290.0545724713364,31996.079550170114,33510.350502045825,33660.30326940836,17.726951681990613,1.9916516210289315,1.7209151147257993,28924.61234734451,-947.6808444583278,18440185.57615971,0.00156856405961226,1261,0.059490460698200555,-1.445965571882522,1.4440828042107998,-4095.9999999999995,4090.666666666666,C:\Users\kimeu\Downloads\starlink_pathB_wsl_package_v0_3_clean\starlink_pathB\paper_final_experiment_check\outputs\coverage_null_global_stats_all_tle_full\4_196_lst048_quiet_full_polybeam_lines_S1000_single.npz,9.10175923472585,9444.443085672718,1.7798436919007438e-05,140609741.2109375,False,False,False,False,False,False,False,False,False,False,False,False
4_196,190.65540049004915,long,quiet,48,2461041.833333333,2461041.8401562865,full_polybeam,lines,1000.0,multi,coherent_ab,2,35,12,53005;45654;45654;57260;57260;57500;57500;54553;54553;57120;55418;55418,89.168;88.462;88.462;87.660;87.659;87.369;87.369;86.970;86.970;82.359;81.503;81.502,0.1663831485215053,5.3123270866481575e-09,0.0149220859960422,0,2,2,2,0.0,0.0149220859960422,0.0,0.0457676818690719,5.3123270866481575e-09,2808954.6732818866,400.1756166670996,193.8652538470357,0.7783089776757911,False,20268320,100,-0.6515754480354589,2.0737085541997207,0.7029702970297029,0.019801980198019802,1638.174399943342,371396.14819947537,1883.4339150397318,2330.1094056934385,2428.654969437002,320096.94361207867,355039.97019970155,369183.09645430336,253.88506750061424,4.114029100902971,1.4792361170857555,371396.14819947537,88121.58097207893,18440185.57615971,0.020140586257419928,1261,0.059490460698200555,-1.445965571882522,1.4440828042107998,-4095.9999999999995,4090.666666666666,C:\Users\kimeu\Downloads\starlink_pathB_wsl_package_v0_3_clean\starlink_pathB\paper_final_experiment_check\outputs\coverage_null_global_stats_all_tle_full\4_196_lst048_quiet_full_polybeam_lines_S1000_multi.npz,9.10175923472585,9444.443085672718,1.7798436919007438e-05,140609741.2109375,False,False,False,False,False,False,False,False,False,False,False,False
4_196,190.65540049004915,long,quiet,48,2461041.833333333,2461041.8401562865,full_polybeam,khz_comb,30.0,single,coherent_ab,2,35,1,53005,89.168,0.1663831485215053,5.3123270866481575e-09,0.0149220859960422,0,2,2,2,0.0,0.0149220859960422,0.0,0.0457676818690719,5.3123270866481575e-09,2808954.6732818866,0.7096848669531324,0.7096848669531324,0.000872683466813077,False,20268337,100,-0.15787041677862382,-1.32211569310691,0.5445544554455446,0.8712871287128713,4.818536670514732,817.4665079403906,5.032482258840901,7.947915861275033,7.998759623999685,877.7242221766664,922.8979317993219,924.3222655360145,0.914068166166544,1.0607892375458654,0.9642669270685174,817.4665079403906,-44.858597452617545,18440185.57615971,4.4330709393578315e-05,1261,0.059490460698200555,-1.445965571882522,1.4440828042107998,-4095.9999999999995,4090.666666666666,C:\Users\kimeu\Downloads\starlink_pathB_wsl_package_v0_3_clean\starlink_pathB\paper_final_experiment_check\outputs\coverage_null_global_stats_all_tle_full\4_196_lst048_quiet_full_polybeam_khz_comb_S30_single.npz,9.10175923472585,9444.443085672718,1.7798436919007438e-05,140609741.2109375,False,False,False,False,False,False,False,False,False,False,False,False
4_196,190.65540049004915,long,quiet,48,2461041.833333333,2461041.8401562865,full_polybeam,khz_comb,30.0,multi,coherent_ab,2,35,12,53005;45654;45654;57260;57260;57500;57500;54553;54553;57120;55418;55418,89.168;88.462;88.462;87.660;87.659;87.369;87.369;86.970;86.970;82.359;81.503;81.502,0.1663831485215053,5.3123270866481575e-09,0.0149220859960422,0,2,2,2,0.0,0.0149220859960422,0.0,0.0457676818690719,5.3123270866481575e-09,2808954.6732818866,9.880075456331118,4.78640690885196,0.02011895146876566,False,20268354,100,0.44392531604390006,1.1448698267030122,0.33663366336633666,0.10891089108910891,50.68590146057613,8533.104928141353,46.52265806625837,60.47762099441679,62.901653756537875,7841.753622815391,8677.52779704399,8956.24492275416,6.325544179241206,2.8239344683506866,1.3766151870963779,8533.104928141353,1745.4417730420605,18440185.57615971,0.0004627450679874572,1261,0.059490460698200555,-1.445965571882522,1.4440828042107998,-4095.9999999999995,4090.666666666666,C:\Users\kimeu\Downloads\starlink_pathB_wsl_package_v0_3_clean\starlink_pathB\paper_final_experiment_check\outputs\coverage_null_global_stats_all_tle_full\4_196_lst048_quiet_full_polybeam_khz_comb_S30_multi.npz,9.10175923472585,9444.443085672718,1.7798436919007438e-05,140609741.2109375,False,False,False,False,False,False,False,False,False,False,False,False
4_196,190.65540049004915,long,quiet,48,2461041.833333333,2461041.8401562865,full_polybeam,khz_comb,1000.0,single,coherent_ab,2,35,1,53005,89.168,0.1663831485215053,5.3123270866481575e-09,0.0149220859960422,0,2,2,2,0.0,0.0149220859960422,0.0,0.0457676818690719,5.3123270866481575e-09,2808954.6732818866,23.656162231771077,23.656162231771077,0.029089448893769212,False,20268371,100,-0.13280231240829074,-0.9954627683372288,0.5742574257425742,0.9207920792079208,161.58419506163045,27074.603371999307,166.99595722372942,260.8971915410284,266.26067739950463,28717.740227409384,30645.54492825914,31008.246564893878,27.485843466329243,0.7797366347685789,0.7585173686358232,27074.603371999307,-1784.1599472764178,18440185.57615971,0.0014682392029179228,1261,0.059490460698200555,-1.445965571882522,1.4440828042107998,-4095.9999999999995,4090.666666666666,C:\Users\kimeu\Downloads\starlink_pathB_wsl_package_v0_3_clean\starlink_pathB\paper_final_experiment_check\outputs\coverage_null_global_stats_all_tle_full\4_196_lst048_quiet_full_polybeam_khz_comb_S1000_single.npz,9.10175923472585,9444.443085672718,1.7798436919007438e-05,140609741.2109375,False,False,False,False,False,False,False,False,False,False,False,False
4_196,190.65540049004915,long,quiet,48,2461041.833333333,2461041.8401562865,full_polybeam,khz_comb,1000.0,multi,coherent_ab,2,35,12,53005;45654;45654;57260;57260;57500;57500;54553;54553;57120;55418;55418,89.168;88.462;88.462;87.660;87.659;87.369;87.369;86.970;86.970;82.359;81.503;81.502,0.1663831485215053,5.3123270866481575e-09,0.0149220859960422,0,2,2,2,0.0,0.0149220859960422,0.0,0.0457676818690719,5.3123270866481575e-09,2808954.6732818866,329.3358485443705,159.54689696173202,0.670631715625522,False,20268388,100,-0.1762401422710333,1.5155832727137997,0.5742574257425742,0.04950495049504951,1608.072937679146,311650.55421415466,1651.4596131299058,2056.4663678884212,2324.6880658561427,272331.8418325432,305425.83008703607,322105.12157431885,166.04566529992735,2.9513848531269695,1.6495603066472477,311650.55421415466,46668.38202378671,18440185.57615971,0.016900619189921296,1261,0.059490460698200555,-1.445965571882522,1.4440828042107998,-4095.9999999999995,4090.666666666666,C:\Users\kimeu\Downloads\starlink_pathB_wsl_package_v0_3_clean\starlink_pathB\paper_final_experiment_check\outputs\coverage_null_global_stats_all_tle_full\4_196_lst048_quiet_full_polybeam_khz_comb_S1000_multi.npz,9.10175923472585,9444.443085672718,1.7798436919007438e-05,140609741.2109375,False,False,False,False,False,False,False,False,False,False,False,False
4_196,190.65540049004915,long,typical,53,2461041.8680555555,2461041.8748785085,frozen_polybeam,smooth,30.0,single,coherent_ab,3,37,1,59849,87.319,0.1665616599462365,1.04736401041449e-07,0.3041325609933296,1,3,3,3,0.0023396773596836,0.3041325609933296,0.0023396773596836,0.4996640359057469,1.04736401041449e-07,2903790.4488714524,15.311123278975447,15.311123278975447,0.02963906797898532,False,20268410,100,0.1202713869686601,0.05414708957235608,0.42574257425742573,0.46534653465346537,140.80762290645998,28089.705729472706,138.80342777090846,157.6157748314575,157.82454076010941,27958.518914208435,30630.31244515287,30666.918889581364,11.239673318722907,1.3706999404459579,1.268365274501742,28089.705729472706,-2502.7932608264055,4081507.6017729165,0.006882188757230578,1261,0.059490460698200555,-1.445965571882522,1.4440828042107998,-4095.9999999999995,4090.666666666666,C:\Users\kimeu\Downloads\starlink_pathB_wsl_package_v0_3_clean\starlink_pathB\paper_final_experiment_check\outputs\coverage_null_global_stats_all_tle_full\4_196_lst053_typical_frozen_polybeam_smooth_S30_single.npz,9.10175923472585,9444.443085672718,1.7798436919007438e-05,140609741.2109375,False,False,False,False,False,False,False,False,False,False,False,False
4_196,190.65540049004915,long,typical,53,2461041.8680555555,2461041.8748785085,frozen_polybeam,smooth,30.0,multi,coherent_ab,3,37,12,59849;59849;51771;57225;57225;58067;58067;57221;57221;58240;58240;58912,87.319;87.318;86.889;86.065;86.065;84.828;84.828;84.099;84.099;82.316;82.316;81.953,0.1665616599462365,1.04736401041449e-07,0.3041325609933296,1,3,3,3,0.0023396773596836,0.3041325609933296,0.0023396773596836,0.4996640359057469,1.04736401041449e-07,2903790.4488714524,38.28930951638285,15.311123278975447,0.07669093980051551,False,20268427,100,1.4443775157464236,0.7507549666513541,0.0594059405940594,0.12871287128712872,285.13056612493347,56417.17648255001,190.4732864445245,282.32316920822626,320.7802032264308,41566.887077834195,60146.98515092955,60956.00376326348,44.20275154216421,2.1418685431889157,1.6354604078163357,56417.17648255001,-11639.621916581968,4081507.6017729165,0.013822631730011635,1261,0.059490460698200555,-1.445965571882522,1.4440828042107998,-4095.9999999999995,4090.666666666666,C:\Users\kimeu\Downloads\starlink_pathB_wsl_package_v0_3_clean\starlink_pathB\paper_final_experiment_check\outputs\coverage_null_global_stats_all_tle_full\4_196_lst053_typical_frozen_polybeam_smooth_S30_multi.npz,9.10175923472585,9444.443085672718,1.7798436919007438e-05,140609741.2109375,False,False,False,False,False,False,False,False,False,False,False,False
4_196,190.65540049004915,long,typical,53,2461041.8680555555,2461041.8748785085,frozen_polybeam,smooth,1000.0,single,coherent_ab,3,37,1,59849,87.319,0.1665616599462365,1.04736401041449e-07,0.3041325609933296,1,3,3,3,0.0023396773596836,0.3041325609933296,0.0023396773596836,0.4996640359057469,1.04736401041449e-07,2903790.4488714524,510.37077596584834,510.37077596584834,0.9879689326328445,False,20268444,100,0.15180989574994977,-0.20088068384826652,0.4752475247524752,0.5742574257425742,2145.727526214596,3592709.8735585697,2057.480976081046,3226.7674743178322,3244.5975765220574,3634511.4981488185,3811275.854899373,3813829.65323981,392.0790691985394,1.4525576239970197,1.2947708788921337,3592709.8735585697,-3526120.743704726,4081507.6017729165,0.8802408874598141,1261,0.059490460698200555,-1.445965571882522,1.4440828042107998,-4095.9999999999995,4090.666666666666,C:\Users\kimeu\Downloads\starlink_pathB_wsl_package_v0_3_clean\starlink_pathB\paper_final_experiment_check\outputs\coverage_null_global_stats_all_tle_full\4_196_lst053_typical_frozen_polybeam_smooth_S1000_single.npz,9.10175923472585,9444.443085672718,1.7798436919007438e-05,140609741.2109375,False,False,False,False,False,False,False,False,False,False,False,False
4_196,190.65540049004915,long,typical,53,2461041.8680555555,2461041.8748785085,frozen_polybeam,smooth,1000.0,multi,coherent_ab,3,37,12,59849;59849;51771;57225;57225;58067;58067;57221;57221;58240;58240;58912,87.319;87.318;86.889;86.065;86.065;84.828;84.828;84.099;84.099;82.316;82.316;81.953,0.1665616599462365,1.04736401041449e-07,0.3041325609933296,1,3,3,3,0.0023396773596836,0.3041325609933296,0.0023396773596836,0.4996640359057469,1.04736401041449e-07,2903790.4488714524,1276.3103172127614,510.37077596584834,2.556364660017184,False,20268461,100,1.3453009237933231,1.0385140853699646,0.13861386138613863,0.039603960396039604,4988.7225946740255,14858739.633844241,3201.6239413583917,5958.315273842478,6565.066797561936,7128596.530531369,14625464.890830854,15278529.894830924,895.9939792025621,4.107867069994655,0.057272658741373564,14858739.633844241,-14758175.337380622,4081507.6017729165,3.640502746433679,1261,0.059490460698200555,-1.445965571882522,1.4440828042107998,-4095.9999999999995,4090.666666666666,C:\Users\kimeu\Downloads\starlink_pathB_wsl_package_v0_3_clean\starlink_pathB\paper_final_experiment_check\outputs\coverage_null_global_stats_all_tle_full\4_196_lst053_typical_frozen_polybeam_smooth_S1000_multi.npz,9.10175923472585,9444.443085672718,1.7798436919007438e-05,140609741.2109375,False,False,False,False,False,False,False,False,False,False,False,False
4_196,190.65540049004915,long,typical,53,2461041.8680555555,2461041.8748785085,frozen_polybeam,lines,30.0,single,coherent_ab,3,37,1,59849,87.319,0.1665616599462365,1.04736401041449e-07,0.3041325609933296,1,3,3,3,0.0023396773596836,0.3041325609933296,0.0023396773596836,0.4996640359057469,1.04736401041449e-07,2903790.4488714524,15.311059887022287,15.311059887022287,0.02967379855579946,False,20268478,100,0.41619188857166356,0.26562313116197434,0.297029702970297,0.43564356435643564,142.19384749788878,28101.571418890504,133.96437587062928,154.56068770418258,158.15738629659984,27496.42137548844,30624.938981707175,30661.558456048868,13.336883106998812,1.5179242394244037,1.40070204424873,28101.571418890504,-2527.1219962375435,4081507.6017729165,0.006885095940206948,1261,0.059490460698200555,-1.445965571882522,1.4440828042107998,-4095.9999999999995,4090.666666666666,C:\Users\kimeu\Downloads\starlink_pathB_wsl_package_v0_3_clean\starlink_pathB\paper_final_experiment_check\outputs\coverage_null_global_stats_all_tle_full\4_196_lst053_typical_frozen_polybeam_lines_S30_single.npz,9.10175923472585,9444.443085672718,1.7798436919007438e-05,140609741.2109375,False,False,False,False,False,False,False,False,False,False,False,False
4_196,190.65540049004915,long,typical,53,2461041.8680555555,2461041.8748785085,frozen_polybeam,lines,30.0,multi,coherent_ab,3,37,12,59849;59849;51771;57225;57225;58067;58067;57221;57221;58240;58240;58912,87.319;87.318;86.889;86.065;86.065;84.828;84.828;84.099;84.099;82.316;82.316;81.953,0.1665616599462365,1.04736401041449e-07,0.3041325609933296,1,3,3,3,0.0023396773596836,0.3041325609933296,0.0023396773596836,0.4996640359057469,1.04736401041449e-07,2903790.4488714524,38.28904723532922,15.311059887022287,0.07678166952882394,False,20268495,100,1.1607228326675492,0.8603722094661628,0.04950495049504951,0.10891089108910891,287.9904121286627,56442.670388125654,165.25818051953593,275.2137836482547,294.1633095471299,33268.838587273305,57753.30751061433,61395.34531571706,71.3191416421524,2.9393249019480523,2.0169976320018628,56442.670388125654,-11687.899877083019,4081507.6017729165,0.013828877928245976,1261,0.059490460698200555,-1.445965571882522,1.4440828042107998,-4095.9999999999995,4090.666666666666,C:\Users\kimeu\Downloads\starlink_pathB_wsl_package_v0_3_clean\starlink_pathB\paper_final_experiment_check\outputs\coverage_null_global_stats_all_tle_full\4_196_lst053_typical_frozen_polybeam_lines_S30_multi.npz,9.10175923472585,9444.443085672718,1.7798436919007438e-05,140609741.2109375,False,False,True,False,False,False,False,False,False,False,False,False
4_196,190.65540049004915,long,typical,53,2461041.8680555555,2461041.8748785085,frozen_polybeam,lines,1000.0,single,coherent_ab,3,37,1,59849,87.319,0.1665616599462365,1.04736401041449e-07,0.3041325609933296,1,3,3,3,0.0023396773596836,0.3041325609933296,0.0023396773596836,0.4996640359057469,1.04736401041449e-07,2903790.4488714524,510.368662900743,510.368662900743,0.989126618526649,False,20268512,100,0.06763663001487465,-0.025769879191558608,0.43564356435643564,0.5148514851485149,2097.578365277448,3595541.9796355865,2075.382838233052,2904.0160001669415,3149.6111484891167,3599488.665497659,3801976.4435981303,3813590.5239402372,221.33979605231025,0.925902878264843,0.8174590561684003,3595541.9796355865,-3528400.2659532824,4081507.6017729165,0.8809347747076993,1261,0.059490460698200555,-1.445965571882522,1.4440828042107998,-4095.9999999999995,4090.666666666666,C:\Users\kimeu\Downloads\starlink_pathB_wsl_package_v0_3_clean\starlink_pathB\paper_final_experiment_check\outputs\coverage_null_global_stats_all_tle_full\4_196_lst053_typical_frozen_polybeam_lines_S1000_single.npz,9.10175923472585,9444.443085672718,1.7798436919007438e-05,140609741.2109375,False,False,False,False,False,False,False,False,False,False,False,False
4_196,190.65540049004915,long,typical,53,2461041.8680555555,2461041.8748785085,frozen_polybeam,lines,1000.0,multi,coherent_ab,3,37,12,59849;59849;51771;57225;57225;58067;58067;57221;57221;58240;58240;58912,87.319;87.318;86.889;86.065;86.065;84.828;84.828;84.099;84.099;82.316;82.316;81.953,0.1665616599462365,1.04736401041449e-07,0.3041325609933296,1,3,3,3,0.0023396773596836,0.3041325609933296,0.0023396773596836,0.4996640359057469,1.04736401041449e-07,2903790.4488714524,1276.3015745109747,510.368662900743,2.559388984294132,False,20268529,100,1.6255544043110737,1.310049864646537,0.0891089108910891,0.019801980198019802,5017.562667278005,14868527.517216384,2921.3092368124535,5653.707473242912,6966.207116714801,6478643.247617263,14342207.795449061,14685787.109621283,869.7977530744993,4.81960788658292,-0.017086282360786912,14868527.517216384,-14765826.189868938,4081507.6017729165,3.6429008513319503,1261,0.059490460698200555,-1.445965571882522,1.4440828042107998,-4095.9999999999995,4090.666666666666,C:\Users\kimeu\Downloads\starlink_pathB_wsl_package_v0_3_clean\starlink_pathB\paper_final_experiment_check\outputs\coverage_null_global_stats_all_tle_full\4_196_lst053_typical_frozen_polybeam_lines_S1000_multi.npz,9.10175923472585,9444.443085672718,1.7798436919007438e-05,140609741.2109375,False,False,False,False,False,False,False,False,False,False,False,False
4_196,190.65540049004915,long,typical,53,2461041.8680555555,2461041.8748785085,frozen_polybeam,khz_comb,30.0,single,coherent_ab,3,37,1,59849,87.319,0.1665616599462365,1.04736401041449e-07,0.3041325609933296,1,3,3,3,0.0023396773596836,0.3041325609933296,0.0023396773596836,0.4996640359057469,1.04736401041449e-07,2903790.4488714524,13.470282978801839,13.470282978801839,0.026677076103925366,False,20268546,100,0.6208234810266721,-0.07533956604449449,0.24752475247524752,0.5346534653465347,142.05056168648207,27436.272647913884,132.12963656777265,147.29661872905245,147.64910937546722,27572.14134238563,29486.45874580938,29554.101613317624,10.778542568916237,0.9112159414563287,0.8924472007763087,27436.272647913884,-1769.1198306437539,4081507.6017729165,0.006722092747296654,1261,0.059490460698200555,-1.445965571882522,1.4440828042107998,-4095.9999999999995,4090.666666666666,C:\Users\kimeu\Downloads\starlink_pathB_wsl_package_v0_3_clean\starlink_pathB\paper_final_experiment_check\outputs\coverage_null_global_stats_all_tle_full\4_196_lst053_typical_frozen_polybeam_khz_comb_S30_single.npz,9.10175923472585,9444.443085672718,1.7798436919007438e-05,140609741.2109375,False,False,False,False,False,False,False,False,False,False,False,False
4_196,190.65540049004915,long,typical,53,2461041.8680555555,2461041.8748785085,frozen_polybeam,khz_comb,30.0,multi,coherent_ab,3,37,12,59849;59849;51771;57225;57225;58067;58067;57221;57221;58240;58240;58912,87.319;87.318;86.889;86.065;86.065;84.828;84.828;84.099;84.099;82.316;82.316;81.953,0.1665616599462365,1.04736401041449e-07,0.3041325609933296,1,3,3,3,0.0023396773596836,0.3041325609933296,0.0023396773596836,0.4996640359057469,1.04736401041449e-07,2903790.4488714524,33.9267565142721,13.470282978801839,0.06898726849174715,False,20268563,100,1.2880436392472026,0.8012022561274983,0.0297029702970297,0.13861386138613863,289.20385093949426,55365.8359549087,190.01134658964384,275.8182749496049,295.75228759819686,40839.34052786915,57797.45554846119,60172.316767760574,51.94267147067967,2.4114293298049314,1.8070865282582298,55365.8359549087,-9818.58373585126,4081507.6017729165,0.013565045408921696,1261,0.059490460698200555,-1.445965571882522,1.4440828042107998,-4095.9999999999995,4090.666666666666,C:\Users\kimeu\Downloads\starlink_pathB_wsl_package_v0_3_clean\starlink_pathB\paper_final_experiment_check\outputs\coverage_null_global_stats_all_tle_full\4_196_lst053_typical_frozen_polybeam_khz_comb_S30_multi.npz,9.10175923472585,9444.443085672718,1.7798436919007438e-05,140609741.2109375,False,False,True,False,False,False,False,False,False,False,False,False
4_196,190.65540049004915,long,typical,53,2461041.8680555555,2461041.8748785085,frozen_polybeam,khz_comb,1000.0,single,coherent_ab,3,37,1,59849,87.319,0.1665616599462365,1.04736401041449e-07,0.3041325609933296,1,3,3,3,0.0023396773596836,0.3041325609933296,0.0023396773596836,0.4996640359057469,1.04736401041449e-07,2903790.4488714524,449.009432626728,449.009432626728,0.8892358701308458,False,20268580,100,-0.09264275990900842,-0.1927813559956801,0.5346534653465347,0.5643564356435643,1892.7112528622456,3436261.916038759,1945.9852651036217,2380.114189994108,2436.3843104040457,3471271.0980218817,3653099.4726691674,3654155.6331692585,387.8644052956065,1.156491403163714,1.0396360044830575,3436261.916038759,-3378613.563325612,4081507.6017729165,0.8419099635012619,1261,0.059490460698200555,-1.445965571882522,1.4440828042107998,-4095.9999999999995,4090.666666666666,C:\Users\kimeu\Downloads\starlink_pathB_wsl_package_v0_3_clean\starlink_pathB\paper_final_experiment_check\outputs\coverage_null_global_stats_all_tle_full\4_196_lst053_typical_frozen_polybeam_khz_comb_S1000_single.npz,9.10175923472585,9444.443085672718,1.7798436919007438e-05,140609741.2109375,False,False,False,False,False,False,False,False,False,False,False,False
4_196,190.65540049004915,long,typical,53,2461041.8680555555,2461041.8748785085,frozen_polybeam,khz_comb,1000.0,multi,coherent_ab,3,37,12,59849;59849;51771;57225;57225;58067;58067;57221;57221;58240;58240;58912,87.319;87.318;86.889;86.065;86.065;84.828;84.828;84.099;84.099;82.316;82.316;81.953,0.1665616599462365,1.04736401041449e-07,0.3041325609933296,1,3,3,3,0.0023396773596836,0.3041325609933296,0.0023396773596836,0.4996640359057469,1.04736401041449e-07,2903790.4488714524,1130.8918838090701,449.009432626728,2.299575616391573,False,20268597,100,0.3666575987719267,0.8471717965452471,0.39603960396039606,0.04950495049504951,2775.204958790946,14248952.295571564,2407.0021183501067,4035.7521215088414,4419.136307953674,8004264.132201489,14056142.329139829,14741078.095157882,677.3333331211361,2.7192451435426306,0.0015610662359600202,14248952.295571564,-14188035.887642713,4081507.6017729165,3.4911002712287327,1261,0.059490460698200555,-1.445965571882522,1.4440828042107998,-4095.9999999999995,4090.666666666666,C:\Users\kimeu\Downloads\starlink_pathB_wsl_package_v0_3_clean\starlink_pathB\paper_final_experiment_check\outputs\coverage_null_global_stats_all_tle_full\4_196_lst053_typical_frozen_polybeam_khz_comb_S1000_multi.npz,9.10175923472585,9444.443085672718,1.7798436919007438e-05,140609741.2109375,False,False,False,False,False,False,False,False,False,False,False,False
4_196,190.65540049004915,long,typical,53,2461041.8680555555,2461041.8748785085,full_polybeam,smooth,30.0,single,coherent_ab,3,37,1,59849,87.319,0.1665616599462365,1.04736401041449e-07,0.3041325609933296,1,3,3,3,0.0023396773596836,0.3041325609933296,0.0023396773596836,0.4996640359057469,1.04736401041449e-07,2903790.4488714524,19.719834659739767,19.719834659739767,0.036495589513837766,False,20268614,100,-0.26530992418067695,-0.15188115815976078,0.6237623762376238,0.5544554455445545,129.91863519126582,29189.80250941874,140.91638272754972,197.416054271768,200.6963469623578,29631.52702098004,33169.35038570614,33320.242859532205,27.9592974563152,0.7849284665529855,0.7444875761059964,29189.80250941874,-2264.0016586336287,4081507.6017729165,0.0071517207261207446,1261,0.059490460698200555,-1.445965571882522,1.4440828042107998,-4095.9999999999995,4090.666666666666,C:\Users\kimeu\Downloads\starlink_pathB_wsl_package_v0_3_clean\starlink_pathB\paper_final_experiment_check\outputs\coverage_null_global_stats_all_tle_full\4_196_lst053_typical_full_polybeam_smooth_S30_single.npz,9.10175923472585,9444.443085672718,1.7798436919007438e-05,140609741.2109375,False,False,False,False,False,False,False,False,False,False,False,False
4_196,190.65540049004915,long,typical,53,2461041.8680555555,2461041.8748785085,full_polybeam,smooth,30.0,multi,coherent_ab,3,37,12,59849;59849;51771;57225;57225;58067;58067;57221;57221;58240;58240;58912,87.319;87.318;86.889;86.065;86.065;84.828;84.828;84.099;84.099;82.316;82.316;81.953,0.1665616599462365,1.04736401041449e-07,0.3041325609933296,1,3,3,3,0.0023396773596836,0.3041325609933296,0.0023396773596836,0.4996640359057469,1.04736401041449e-07,2903790.4488714524,55.37680392897142,19.719834659739767,0.10237273816167142,False,20268631,100,0.43680155822597755,0.5145660059107342,0.3465346534653465,0.2376237623762376,249.14939207076532,58494.71396876761,208.61546570008204,379.6349652357948,408.59186323551177,48306.05023611133,67115.37068502308,70503.2523153305,62.590799568957664,2.893868194727975,1.7443199727986554,58494.71396876761,-11566.145144327744,4081507.6017729165,0.014331644009032056,1261,0.059490460698200555,-1.445965571882522,1.4440828042107998,-4095.9999999999995,4090.666666666666,C:\Users\kimeu\Downloads\starlink_pathB_wsl_package_v0_3_clean\starlink_pathB\paper_final_experiment_check\outputs\coverage_null_global_stats_all_tle_full\4_196_lst053_typical_full_polybeam_smooth_S30_multi.npz,9.10175923472585,9444.443085672718,1.7798436919007438e-05,140609741.2109375,False,False,False,False,False,False,False,False,False,False,False,False
4_196,190.65540049004915,long,typical,53,2461041.8680555555,2461041.8748785085,full_polybeam,smooth,1000.0,single,coherent_ab,3,37,1,59849,87.319,0.1665616599462365,1.04736401041449e-07,0.3041325609933296,1,3,3,3,0.0023396773596836,0.3041325609933296,0.0023396773596836,0.4996640359057469,1.04736401041449e-07,2903790.4488714524,657.3278219913257,657.3278219913257,1.2165196504612585,False,20268648,100,-0.5527395724801668,-0.030783408983345834,0.7425742574257426,0.5247524752475248,3669.7489290396334,3363998.638536265,4228.877303810363,6095.311136878198,6538.005470377923,3368503.058345447,3641786.8699197415,3649535.709246853,682.2868144790837,0.824848845333105,0.7716109425828047,3363998.638536265,-3141743.812446145,4081507.6017729165,0.8242049180736595,1261,0.059490460698200555,-1.445965571882522,1.4440828042107998,-4095.9999999999995,4090.666666666666,C:\Users\kimeu\Downloads\starlink_pathB_wsl_package_v0_3_clean\starlink_pathB\paper_final_experiment_check\outputs\coverage_null_global_stats_all_tle_full\4_196_lst053_typical_full_polybeam_smooth_S1000_single.npz,9.10175923472585,9444.443085672718,1.7798436919007438e-05,140609741.2109375,False,False,False,False,False,False,False,False,False,False,False,False
4_196,190.65540049004915,long,typical,53,2461041.8680555555,2461041.8748785085,full_polybeam,smooth,1000.0,multi,coherent_ab,3,37,12,59849;59849;51771;57225;57225;58067;58067;57221;57221;58240;58240;58912,87.319;87.318;86.889;86.065;86.065;84.828;84.828;84.099;84.099;82.316;82.316;81.953,0.1665616599462365,1.04736401041449e-07,0.3041325609933296,1,3,3,3,0.0023396773596836,0.3041325609933296,0.0023396773596836,0.4996640359057469,1.04736401041449e-07,2903790.4488714524,1845.8934642990478,657.3278219913257,3.412424605389046,False,20268665,100,1.118696602334943,1.1591091914362106,0.10891089108910891,0.039603960396039604,14080.416108967216,14245156.792848976,8963.68980451029,14773.57391825797,16146.61709666855,6963970.217484385,13803427.866583878,14787012.673180122,3085.0049995000554,4.412701099193754,0.9326022735539236,14245156.792848976,-13681293.591419058,4081507.6017729165,3.49017034457101,1261,0.059490460698200555,-1.445965571882522,1.4440828042107998,-4095.9999999999995,4090.666666666666,C:\Users\kimeu\Downloads\starlink_pathB_wsl_package_v0_3_clean\starlink_pathB\paper_final_experiment_check\outputs\coverage_null_global_stats_all_tle_full\4_196_lst053_typical_full_polybeam_smooth_S1000_multi.npz,9.10175923472585,9444.443085672718,1.7798436919007438e-05,140609741.2109375,False,False,False,False,False,False,False,False,False,False,False,False
4_196,190.65540049004915,long,typical,53,2461041.8680555555,2461041.8748785085,full_polybeam,lines,30.0,single,coherent_ab,3,37,1,59849,87.319,0.1665616599462365,1.04736401041449e-07,0.3041325609933296,1,3,3,3,0.0023396773596836,0.3041325609933296,0.0023396773596836,0.4996640359057469,1.04736401041449e-07,2903790.4488714524,19.719532882463504,19.719532882463504,0.036535390434119075,False,20268682,100,-0.7003170988310529,-0.5246948226675073,0.7029702970297029,0.6534653465346535,131.82618371490844,29196.41320825833,162.2051871671356,201.13296009677796,201.47516415523975,30598.727631760943,33227.578879619614,33344.75483960368,29.258684594216902,1.1398440407181414,1.0711904558961,29196.41320825833,-2288.5249547868852,4081507.6017729165,0.007153340396959216,1261,0.059490460698200555,-1.445965571882522,1.4440828042107998,-4095.9999999999995,4090.666666666666,C:\Users\kimeu\Downloads\starlink_pathB_wsl_package_v0_3_clean\starlink_pathB\paper_final_experiment_check\outputs\coverage_null_global_stats_all_tle_full\4_196_lst053_typical_full_polybeam_lines_S30_single.npz,9.10175923472585,9444.443085672718,1.7798436919007438e-05,140609741.2109375,False,False,False,False,False,False,False,False,False,False,False,False
4_196,190.65540049004915,long,typical,53,2461041.8680555555,2461041.8748785085,full_polybeam,lines,30.0,multi,coherent_ab,3,37,12,59849;59849;51771;57225;57225;58067;58067;57221;57221;58240;58240;58912,87.319;87.318;86.889;86.065;86.065;84.828;84.828;84.099;84.099;82.316;82.316;81.953,0.1665616599462365,1.04736401041449e-07,0.3041325609933296,1,3,3,3,0.0023396773596836,0.3041325609933296,0.0023396773596836,0.4996640359057469,1.04736401041449e-07,2903790.4488714524,55.37552331250282,19.719532882463504,0.10248191597958346,False,20268699,100,0.3836759531207104,0.7330407466523573,0.3465346534653465,0.13861386138613863,249.887028487341,58505.820955446245,203.99025339143282,349.7719857255184,396.73129704865096,42584.18575243074,64786.63126221004,68382.74212321918,80.68514703663502,2.782865906882346,1.9051088405623855,58505.820955446245,-11616.823289445801,4081507.6017729165,0.014334365304142178,1261,0.059490460698200555,-1.445965571882522,1.4440828042107998,-4095.9999999999995,4090.666666666666,C:\Users\kimeu\Downloads\starlink_pathB_wsl_package_v0_3_clean\starlink_pathB\paper_final_experiment_check\outputs\coverage_null_global_stats_all_tle_full\4_196_lst053_typical_full_polybeam_lines_S30_multi.npz,9.10175923472585,9444.443085672718,1.7798436919007438e-05,140609741.2109375,False,False,False,False,False,False,False,False,False,False,False,False
4_196,190.65540049004915,long,typical,53,2461041.8680555555,2461041.8748785085,full_polybeam,lines,1000.0,single,coherent_ab,3,37,1,59849,87.319,0.1665616599462365,1.04736401041449e-07,0.3041325609933296,1,3,3,3,0.0023396773596836,0.3041325609933296,0.0023396773596836,0.4996640359057469,1.04736401041449e-07,2903790.4488714524,657.3177627487836,657.3177627487836,1.217846347803969,False,20268716,100,-0.5818292297772977,-0.26825155469636974,0.7425742574257426,0.6039603960396039,3720.4713388182226,3367122.5813275874,4551.607044924749,6124.580545030986,6350.2765357717435,3424317.73556225,3632383.985503726,3649016.424537236,963.5015309465998,1.3574064323672492,1.1423696503245708,3367122.5813275874,-3143958.156331548,4081507.6017729165,0.8249703075072025,1261,0.059490460698200555,-1.445965571882522,1.4440828042107998,-4095.9999999999995,4090.666666666666,C:\Users\kimeu\Downloads\starlink_pathB_wsl_package_v0_3_clean\starlink_pathB\paper_final_experiment_check\outputs\coverage_null_global_stats_all_tle_full\4_196_lst053_typical_full_polybeam_lines_S1000_single.npz,9.10175923472585,9444.443085672718,1.7798436919007438e-05,140609741.2109375,False,False,False,False,False,False,False,False,False,False,False,False
4_196,190.65540049004915,long,typical,53,2461041.8680555555,2461041.8748785085,full_polybeam,lines,1000.0,multi,coherent_ab,3,37,12,59849;59849;51771;57225;57225;58067;58067;57221;57221;58240;58240;58912,87.319;87.318;86.889;86.065;86.065;84.828;84.828;84.099;84.099;82.316;82.316;81.953,0.1665616599462365,1.04736401041449e-07,0.3041325609933296,1,3,3,3,0.0023396773596836,0.3041325609933296,0.0023396773596836,0.4996640359057469,1.04736401041449e-07,2903790.4488714524,1845.8507770834278,657.3177627487836,3.4160638659861156,False,20268733,100,1.3222589938782152,0.9650435088134267,0.06930693069306931,0.019801980198019802,14521.838088464148,14249528.96497655,8098.515166593041,14976.606521203483,16668.844413517585,7057397.484835937,13355340.142271351,14224849.565138634,3276.5683394816842,3.592049479298347,0.9976412019425861,14249528.96497655,-13688254.09288646,4081507.6017729165,3.491241559561685,1261,0.059490460698200555,-1.445965571882522,1.4440828042107998,-4095.9999999999995,4090.666666666666,C:\Users\kimeu\Downloads\starlink_pathB_wsl_package_v0_3_clean\starlink_pathB\paper_final_experiment_check\outputs\coverage_null_global_stats_all_tle_full\4_196_lst053_typical_full_polybeam_lines_S1000_multi.npz,9.10175923472585,9444.443085672718,1.7798436919007438e-05,140609741.2109375,False,False,False,False,False,False,False,False,False,False,False,False
4_196,190.65540049004915,long,typical,53,2461041.8680555555,2461041.8748785085,full_polybeam,khz_comb,30.0,single,coherent_ab,3,37,1,59849,87.319,0.1665616599462365,1.04736401041449e-07,0.3041325609933296,1,3,3,3,0.0023396773596836,0.3041325609933296,0.0023396773596836,0.4996640359057469,1.04736401041449e-07,2903790.4488714524,16.228747640432314,16.228747640432314,0.032003314201546486,False,20268750,100,-0.5676529376506642,-0.17403163228838595,0.6435643564356436,0.5643564356435643,131.59019416950105,27585.218928707895,150.0559712483382,175.56517551911648,179.50140020837432,28013.57425690759,30548.24645636113,30730.786414363803,21.941216507709214,0.9584901501492963,0.895080756742143,27585.218928707895,-1408.3353032072114,4081507.6017729165,0.006758585704146548,1261,0.059490460698200555,-1.445965571882522,1.4440828042107998,-4095.9999999999995,4090.666666666666,C:\Users\kimeu\Downloads\starlink_pathB_wsl_package_v0_3_clean\starlink_pathB\paper_final_experiment_check\outputs\coverage_null_global_stats_all_tle_full\4_196_lst053_typical_full_polybeam_khz_comb_S30_single.npz,9.10175923472585,9444.443085672718,1.7798436919007438e-05,140609741.2109375,False,False,False,False,False,False,False,False,False,False,False,False
4_196,190.65540049004915,long,typical,53,2461041.8680555555,2461041.8748785085,full_polybeam,khz_comb,30.0,multi,coherent_ab,3,37,12,59849;59849;51771;57225;57225;58067;58067;57221;57221;58240;58240;58912,87.319;87.318;86.889;86.065;86.065;84.828;84.828;84.099;84.099;82.316;82.316;81.953,0.1665616599462365,1.04736401041449e-07,0.3041325609933296,1,3,3,3,0.0023396773596836,0.3041325609933296,0.0023396773596836,0.4996640359057469,1.04736401041449e-07,2903790.4488714524,45.57285401494843,16.228747640432314,0.08910105994670851,False,20268767,100,0.3745524248899919,0.7189221506722612,0.31683168316831684,0.19801980198019803,238.91963680896333,55140.6936825579,196.58773361010935,334.8149161070058,345.28832620503994,39072.6213636117,61366.00639613838,64412.416426276955,76.23092427467463,2.8873113945323245,1.8597076764166813,55140.6936825579,-9033.136833830366,4081507.6017729165,0.01350988386218024,1261,0.059490460698200555,-1.445965571882522,1.4440828042107998,-4095.9999999999995,4090.666666666666,C:\Users\kimeu\Downloads\starlink_pathB_wsl_package_v0_3_clean\starlink_pathB\paper_final_experiment_check\outputs\coverage_null_global_stats_all_tle_full\4_196_lst053_typical_full_polybeam_khz_comb_S30_multi.npz,9.10175923472585,9444.443085672718,1.7798436919007438e-05,140609741.2109375,False,False,False,False,False,False,False,False,False,False,False,False
4_196,190.65540049004915,long,typical,53,2461041.8680555555,2461041.8748785085,full_polybeam,khz_comb,1000.0,single,coherent_ab,3,37,1,59849,87.319,0.1665616599462365,1.04736401041449e-07,0.3041325609933296,1,3,3,3,0.0023396773596836,0.3041325609933296,0.0023396773596836,0.4996640359057469,1.04736401041449e-07,2903790.4488714524,540.9582546810772,540.9582546810772,1.0667771400515493,False,20268784,100,-0.4500172511976445,-0.2083710708841814,0.6435643564356436,0.5742574257425742,2995.362548319088,3028603.894523603,3526.5673410566696,5242.876823214569,5277.971291235,3066500.870191043,3279479.833208953,3282008.071936068,796.1755313549502,1.2256463233391106,1.1618832246194093,3028603.894523603,-2870177.926307991,4081507.6017729165,0.7420306881721951,1261,0.059490460698200555,-1.445965571882522,1.4440828042107998,-4095.9999999999995,4090.666666666666,C:\Users\kimeu\Downloads\starlink_pathB_wsl_package_v0_3_clean\starlink_pathB\paper_final_experiment_check\outputs\coverage_null_global_stats_all_tle_full\4_196_lst053_typical_full_polybeam_khz_comb_S1000_single.npz,9.10175923472585,9444.443085672718,1.7798436919007438e-05,140609741.2109375,False,False,False,False,False,False,False,False,False,False,False,False
4_196,190.65540049004915,long,typical,53,2461041.8680555555,2461041.8748785085,full_polybeam,khz_comb,1000.0,multi,coherent_ab,3,37,12,59849;59849;51771;57225;57225;58067;58067;57221;57221;58240;58240;58912,87.319;87.318;86.889;86.065;86.065;84.828;84.828;84.099;84.099;82.316;82.316;81.953,0.1665616599462365,1.04736401041449e-07,0.3041325609933296,1,3,3,3,0.0023396773596836,0.3041325609933296,0.0023396773596836,0.4996640359057469,1.04736401041449e-07,2903790.4488714524,1519.0951338316145,540.9582546810772,2.970035331556951,False,20268801,100,1.601107899899218,1.1218084585374892,0.0891089108910891,0.039603960396039604,10521.935460183762,12731677.719790919,5841.159743608983,11062.812943732153,13046.110258715968,6157690.902665648,11904554.8654812,12827166.714354267,1971.8470992559924,3.8782902899182705,0.6432381587595111,12731677.719790919,-12414571.375792056,4081507.6017729165,3.11935661084168,1261,0.059490460698200555,-1.445965571882522,1.4440828042107998,-4095.9999999999995,4090.666666666666,C:\Users\kimeu\Downloads\starlink_pathB_wsl_package_v0_3_clean\starlink_pathB\paper_final_experiment_check\outputs\coverage_null_global_stats_all_tle_full\4_196_lst053_typical_full_polybeam_khz_comb_S1000_multi.npz,9.10175923472585,9444.443085672718,1.7798436919007438e-05,140609741.2109375,False,False,False,False,False,False,False,False,False,False,False,False
4_196,190.65540049004915,long,stress,0,2461041.5,2461041.506822953,frozen_polybeam,smooth,30.0,single,coherent_ab,4,10,1,58881,88.065,0.2652994791666667,0.0001677236185346,0.5502745938468236,1,4,4,4,0.3308758856684498,0.5502745938468236,0.3308758856684498,0.7280464634021924,0.0001677236185346,3280.8414143128903,0.5004659152382887,0.5004659152382887,0.0006470719780214205,False,20268765,100,0.2982003239331584,-0.29043310862334815,0.33663366336633666,0.5742574257425742,14.643766533728922,2406.7510082023764,14.089685144698706,15.887539652647407,17.104951502705443,2444.1810415248137,2571.520632903034,2572.345271835725,1.253260801227725,0.9011241741580788,0.815475879401771,2406.7510082023764,172.9680240465534,7539724.135843243,0.0003192094252839935,1261,0.059490460698200555,-1.445965571882522,1.4440828042107998,-4095.9999999999995,4090.666666666666,C:\Users\kimeu\Downloads\starlink_pathB_wsl_package_v0_3_clean\starlink_pathB\paper_final_experiment_check\outputs\coverage_null_global_stats_all_tle_full\4_196_lst000_stress_frozen_polybeam_smooth_S30_single.npz,9.10175923472585,9444.443085672718,1.7798436919007438e-05,140609741.2109375,False,False,False,False,False,False,False,False,False,False,False,False
4_196,190.65540049004915,long,stress,0,2461041.5,2461041.506822953,frozen_polybeam,smooth,30.0,multi,coherent_ab,4,10,10,58881;58881;46696;46696;48029;48029;54100;54100;58069;58069,88.065;88.065;86.822;86.617;85.104;85.104;83.508;83.508;77.989;77.989,0.2652994791666667,0.0001677236185346,0.5502745938468236,1,4,4,4,0.3308758856684498,0.5502745938468236,0.3308758856684498,0.7280464634021924,0.0001677236185346,3280.8414143128903,5.870099410817268,2.0487313659108346,0.009329333548508987,False,20268782,100,0.7962111606417389,0.9578107956709259,0.1485148514851485,0.019801980198019802,55.34740883187436,14326.166487295384,40.650070655705804,72.72737550003562,87.74700996848759,9597.960440930341,13625.801592234573,14077.514494374842,12.450489617274798,3.8080000244051946,2.316122266528843,14326.166487295384,-1491.2698338469957,7539724.135843243,0.001900091598735017,1261,0.059490460698200555,-1.445965571882522,1.4440828042107998,-4095.9999999999995,4090.666666666666,C:\Users\kimeu\Downloads\starlink_pathB_wsl_package_v0_3_clean\starlink_pathB\paper_final_experiment_check\outputs\coverage_null_global_stats_all_tle_full\4_196_lst000_stress_frozen_polybeam_smooth_S30_multi.npz,9.10175923472585,9444.443085672718,1.7798436919007438e-05,140609741.2109375,False,False,False,False,False,False,False,False,False,False,False,False
4_196,190.65540049004915,long,stress,0,2461041.5,2461041.506822953,frozen_polybeam,smooth,1000.0,single,coherent_ab,4,10,1,58881,88.065,0.2652994791666667,0.0001677236185346,0.5502745938468236,1,4,4,4,0.3308758856684498,0.5502745938468236,0.3308758856684498,0.7280464634021924,0.0001677236185346,3280.8414143128903,16.68219717460962,16.68219717460962,0.02156906593404735,False,20268799,100,0.35707094272392426,-0.12869727065609024,0.31683168316831684,0.5346534653465347,494.6547915014453,80418.09892952471,470.90815644406575,527.2091350672948,559.9082495572834,80953.9030236642,85701.47758893782,85873.0073729997,44.85631284550982,1.0846602106632695,0.9811253943422166,80418.09892952471,5323.459684411216,7539724.135843243,0.010665920593463562,1261,0.059490460698200555,-1.445965571882522,1.4440828042107998,-4095.9999999999995,4090.666666666666,C:\Users\kimeu\Downloads\starlink_pathB_wsl_package_v0_3_clean\starlink_pathB\paper_final_experiment_check\outputs\coverage_null_global_stats_all_tle_full\4_196_lst000_stress_frozen_polybeam_smooth_S1000_single.npz,9.10175923472585,9444.443085672718,1.7798436919007438e-05,140609741.2109375,False,False,False,False,False,False,False,False,False,False,False,False
4_196,190.65540049004915,long,stress,0,2461041.5,2461041.506822953,frozen_polybeam,smooth,1000.0,multi,coherent_ab,4,10,10,58881;58881;46696;46696;48029;48029;54100;54100;58069;58069,88.065;88.065;86.822;86.617;85.104;85.104;83.508;83.508;77.989;77.989,0.2652994791666667,0.0001677236185346,0.5502745938468236,1,4,4,4,0.3308758856684498,0.5502745938468236,0.3308758856684498,0.7280464634021924,0.0001677236185346,3280.8414143128903,195.66998036057564,68.29104553036115,0.3109777849502996,False,20268816,100,0.6630928943306353,1.1045594492577941,0.24752475247524752,0.009900990099009901,1834.4293172278685,504678.7989944314,1397.7933005755172,2671.4649957788088,2890.95116960735,350855.7211477077,464835.8853805213,475135.2718985867,444.1413277154361,3.993683789947692,2.3442170627313264,504678.7989944314,-101293.78846808843,7539724.135843243,0.06693597668848769,1261,0.059490460698200555,-1.445965571882522,1.4440828042107998,-4095.9999999999995,4090.666666666666,C:\Users\kimeu\Downloads\starlink_pathB_wsl_package_v0_3_clean\starlink_pathB\paper_final_experiment_check\outputs\coverage_null_global_stats_all_tle_full\4_196_lst000_stress_frozen_polybeam_smooth_S1000_multi.npz,9.10175923472585,9444.443085672718,1.7798436919007438e-05,140609741.2109375,False,False,False,False,False,False,False,False,False,False,False,False
4_196,190.65540049004915,long,stress,0,2461041.5,2461041.506822953,frozen_polybeam,lines,30.0,single,coherent_ab,4,10,1,58881,88.065,0.2652994791666667,0.0001677236185346,0.5502745938468236,1,4,4,4,0.3308758856684498,0.5502745938468236,0.3308758856684498,0.7280464634021924,0.0001677236185346,3280.8414143128903,0.5003332551155696,0.5003332551155696,0.0006479627403163173,False,20268833,100,0.1983053547634824,-0.32502437377952564,0.33663366336633666,0.6039603960396039,14.477658857926144,2408.506378545422,14.16269211366307,16.914684750519882,17.09739283508494,2451.24621753363,2570.5036684513475,2571.590084382266,1.0712880587680047,0.9962398773348254,0.9570061617288232,2408.506378545422,175.18868559978432,7539724.135843243,0.00031944224153979004,1261,0.059490460698200555,-1.445965571882522,1.4440828042107998,-4095.9999999999995,4090.666666666666,C:\Users\kimeu\Downloads\starlink_pathB_wsl_package_v0_3_clean\starlink_pathB\paper_final_experiment_check\outputs\coverage_null_global_stats_all_tle_full\4_196_lst000_stress_frozen_polybeam_lines_S30_single.npz,9.10175923472585,9444.443085672718,1.7798436919007438e-05,140609741.2109375,False,False,False,False,False,False,False,False,False,False,False,False
4_196,190.65540049004915,long,stress,0,2461041.5,2461041.506822953,frozen_polybeam,lines,30.0,multi,coherent_ab,4,10,10,58881;58881;46696;46696;48029;48029;54100;54100;58069;58069,88.065;88.065;86.822;86.617;85.104;85.104;83.508;83.508;77.989;77.989,0.2652994791666667,0.0001677236185346,0.5502745938468236,1,4,4,4,0.3308758856684498,0.5502745938468236,0.3308758856684498,0.7280464634021924,0.0001677236185346,3280.8414143128903,5.8695417705519155,2.0485890667147215,0.009336964060782344,False,20268850,100,0.7148203373373757,0.9935109415327551,0.22772277227722773,0.009900990099009901,55.48494065575447,14322.151439122088,41.300801364437405,76.96595044202668,87.82892249163844,9545.328810160318,13792.263929759565,14194.344514353605,13.38388177196876,3.0191755542762704,2.0110254698454337,14322.151439122088,-1500.777246863176,7539724.135843243,0.001899559079494133,1261,0.059490460698200555,-1.445965571882522,1.4440828042107998,-4095.9999999999995,4090.666666666666,C:\Users\kimeu\Downloads\starlink_pathB_wsl_package_v0_3_clean\starlink_pathB\paper_final_experiment_check\outputs\coverage_null_global_stats_all_tle_full\4_196_lst000_stress_frozen_polybeam_lines_S30_multi.npz,9.10175923472585,9444.443085672718,1.7798436919007438e-05,140609741.2109375,False,False,False,False,False,False,False,False,False,False,False,False
4_196,190.65540049004915,long,stress,0,2461041.5,2461041.506822953,frozen_polybeam,lines,1000.0,single,coherent_ab,4,10,1,58881,88.065,0.2652994791666667,0.0001677236185346,0.5502745938468236,1,4,4,4,0.3308758856684498,0.5502745938468236,0.3308758856684498,0.7280464634021924,0.0001677236185346,3280.8414143128903,16.67777517051899,16.67777517051899,0.021598758010543905,False,20268867,100,0.36956063223130714,-0.24284743066954434,0.26732673267326734,0.5841584158415841,489.02644464084005,80473.86578194109,465.6419962763284,534.623838266266,563.0968241638947,81610.40961997071,85782.15615008069,85909.32047716959,42.67931419558954,0.9686492126963988,0.8886533255048072,80473.86578194109,5397.666329668786,7539724.135843243,0.010673316998346769,1261,0.059490460698200555,-1.445965571882522,1.4440828042107998,-4095.9999999999995,4090.666666666666,C:\Users\kimeu\Downloads\starlink_pathB_wsl_package_v0_3_clean\starlink_pathB\paper_final_experiment_check\outputs\coverage_null_global_stats_all_tle_full\4_196_lst000_stress_frozen_polybeam_lines_S1000_single.npz,9.10175923472585,9444.443085672718,1.7798436919007438e-05,140609741.2109375,False,False,False,False,False,False,False,False,False,False,False,False
4_196,190.65540049004915,long,stress,0,2461041.5,2461041.506822953,frozen_polybeam,lines,1000.0,multi,coherent_ab,4,10,10,58881;58881;46696;46696;48029;48029;54100;54100;58069;58069,88.065;88.065;86.822;86.617;85.104;85.104;83.508;83.508;77.989;77.989,0.2652994791666667,0.0001677236185346,0.5502745938468236,1,4,4,4,0.3308758856684498,0.5502745938468236,0.3308758856684498,0.7280464634021924,0.0001677236185346,3280.8414143128903,195.65139235173052,68.28630222382405,0.3112321353594116,False,20268884,100,0.5169462843985609,1.0240249011178684,0.297029702970297,0.009900990099009901,1814.336066689837,504664.86432913656,1458.4623653518674,2846.924702645513,2970.8000777684133,345649.3579762252,476811.27281691873,482557.2500713943,464.3297192327442,3.6288418848267048,2.222438531590338,504664.86432913656,-101607.30623709431,7539724.135843243,0.06693412852202381,1261,0.059490460698200555,-1.445965571882522,1.4440828042107998,-4095.9999999999995,4090.666666666666,C:\Users\kimeu\Downloads\starlink_pathB_wsl_package_v0_3_clean\starlink_pathB\paper_final_experiment_check\outputs\coverage_null_global_stats_all_tle_full\4_196_lst000_stress_frozen_polybeam_lines_S1000_multi.npz,9.10175923472585,9444.443085672718,1.7798436919007438e-05,140609741.2109375,False,False,False,False,False,False,False,False,False,False,False,False
4_196,190.65540049004915,long,stress,0,2461041.5,2461041.506822953,frozen_polybeam,khz_comb,30.0,single,coherent_ab,4,10,1,58881,88.065,0.2652994791666667,0.0001677236185346,0.5502745938468236,1,4,4,4,0.3308758856684498,0.5502745938468236,0.3308758856684498,0.7280464634021924,0.0001677236185346,3280.8414143128903,0.48556948729569255,0.48556948729569255,0.0005824079876258935,False,20268901,100,0.8403605043844649,-0.15258669469195016,0.0891089108910891,0.5544554455445545,14.19957499114389,2160.542582461583,12.899564840100538,14.30116748608889,14.35153329338251,2177.0367565868332,2295.147657759155,2300.90096530171,1.0434150933197088,1.10360805749217,1.0373007718959577,2160.542582461583,158.764131864193,7539724.135843243,0.00028655459318339477,1261,0.059490460698200555,-1.445965571882522,1.4440828042107998,-4095.9999999999995,4090.666666666666,C:\Users\kimeu\Downloads\starlink_pathB_wsl_package_v0_3_clean\starlink_pathB\paper_final_experiment_check\outputs\coverage_null_global_stats_all_tle_full\4_196_lst000_stress_frozen_polybeam_khz_comb_S30_single.npz,9.10175923472585,9444.443085672718,1.7798436919007438e-05,140609741.2109375,False,False,False,False,False,False,False,False,False,False,False,False
4_196,190.65540049004915,long,stress,0,2461041.5,2461041.506822953,frozen_polybeam,khz_comb,30.0,multi,coherent_ab,4,10,10,58881;58881;46696;46696;48029;48029;54100;54100;58069;58069,88.065;88.065;86.822;86.617;85.104;85.104;83.508;83.508;77.989;77.989,0.2652994791666667,0.0001677236185346,0.5502745938468236,1,4,4,4,0.3308758856684498,0.5502745938468236,0.3308758856684498,0.7280464634021924,0.0001677236185346,3280.8414143128903,4.981392967012123,1.685944346695328,0.008373376618212648,False,20268918,100,0.2642704657738239,0.9874244232436578,0.37623762376237624,0.0297029702970297,45.8303377313883,13035.03149442375,40.868107178445825,71.27301858580621,78.53292346759815,9373.902221474316,12508.514085940393,13085.440240586495,12.664974288941721,3.203334515802568,2.0232238790537322,13035.03149442375,-1462.6874239090453,7539724.135843243,0.0017288472707451268,1261,0.059490460698200555,-1.445965571882522,1.4440828042107998,-4095.9999999999995,4090.666666666666,C:\Users\kimeu\Downloads\starlink_pathB_wsl_package_v0_3_clean\starlink_pathB\paper_final_experiment_check\outputs\coverage_null_global_stats_all_tle_full\4_196_lst000_stress_frozen_polybeam_khz_comb_S30_multi.npz,9.10175923472585,9444.443085672718,1.7798436919007438e-05,140609741.2109375,False,False,False,False,False,False,False,False,False,False,False,False
4_196,190.65540049004915,long,stress,0,2461041.5,2461041.506822953,frozen_polybeam,khz_comb,1000.0,single,coherent_ab,4,10,1,58881,88.065,0.2652994791666667,0.0001677236185346,0.5502745938468236,1,4,4,4,0.3308758856684498,0.5502745938468236,0.3308758856684498,0.7280464634021924,0.0001677236185346,3280.8414143128903,16.185649576523087,16.185649576523087,0.019413599587529785,False,20268935,100,1.0573980637485552,-0.29819514389527224,0.019801980198019802,0.6237623762376238,478.33407974835427,72125.80021307398,412.0940982656102,474.75587049560545,476.6766097243456,73168.4631385259,76654.53947915394,76825.30245447585,42.25301421455595,1.4017068686404022,1.2411007802400866,72125.80021307398,4884.718348293847,7539724.135843243,0.009566105989235563,1261,0.059490460698200555,-1.445965571882522,1.4440828042107998,-4095.9999999999995,4090.666666666666,C:\Users\kimeu\Downloads\starlink_pathB_wsl_package_v0_3_clean\starlink_pathB\paper_final_experiment_check\outputs\coverage_null_global_stats_all_tle_full\4_196_lst000_stress_frozen_polybeam_khz_comb_S1000_single.npz,9.10175923472585,9444.443085672718,1.7798436919007438e-05,140609741.2109375,False,False,True,False,False,False,False,False,False,False,False,False
4_196,190.65540049004915,long,stress,0,2461041.5,2461041.506822953,frozen_polybeam,khz_comb,1000.0,multi,coherent_ab,4,10,10,58881;58881;46696;46696;48029;48029;54100;54100;58069;58069,88.065;88.065;86.822;86.617;85.104;85.104;83.508;83.508;77.989;77.989,0.2652994791666667,0.0001677236185346,0.5502745938468236,1,4,4,4,0.3308758856684498,0.5502745938468236,0.3308758856684498,0.7280464634021924,0.0001677236185346,3280.8414143128903,166.04643223373745,56.198144889844265,0.27911255394042145,False,20268952,100,0.4350018682827766,1.1615833131796598,0.3069306930693069,0.019801980198019802,1570.8035315458292,457987.33181256225,1317.8747756566527,2177.5835604242407,2562.273699989224,316808.72307615663,429104.83211333875,456113.4721152805,392.1778757562997,2.6789542994898525,1.9236939027739712,457987.33181256225,-99118.4997332166,7539724.135843243,0.06074324783785221,1261,0.059490460698200555,-1.445965571882522,1.4440828042107998,-4095.9999999999995,4090.666666666666,C:\Users\kimeu\Downloads\starlink_pathB_wsl_package_v0_3_clean\starlink_pathB\paper_final_experiment_check\outputs\coverage_null_global_stats_all_tle_full\4_196_lst000_stress_frozen_polybeam_khz_comb_S1000_multi.npz,9.10175923472585,9444.443085672718,1.7798436919007438e-05,140609741.2109375,False,False,False,False,False,False,False,False,False,False,False,False
4_196,190.65540049004915,long,stress,0,2461041.5,2461041.506822953,full_polybeam,smooth,30.0,single,coherent_ab,4,10,1,58881,88.065,0.2652994791666667,0.0001677236185346,0.5502745938468236,1,4,4,4,0.3308758856684498,0.5502745938468236,0.3308758856684498,0.7280464634021924,0.0001677236185346,3280.8414143128903,0.6027527291821213,0.6027527291821213,0.0007945203027946414,False,20268969,100,0.6623688023905002,-0.3504898315934988,0.19801980198019803,0.6237623762376238,17.627162374177715,2889.8419020608344,16.54613957287893,19.791785833632275,20.025702141129496,2949.034511896956,3101.7583583007026,3105.316779501783,1.1008065108562732,0.9039470340510485,0.8687285634357172,2889.8419020608344,220.84163075213627,7539724.135843243,0.00038328217982442595,1261,0.059490460698200555,-1.445965571882522,1.4440828042107998,-4095.9999999999995,4090.666666666666,C:\Users\kimeu\Downloads\starlink_pathB_wsl_package_v0_3_clean\starlink_pathB\paper_final_experiment_check\outputs\coverage_null_global_stats_all_tle_full\4_196_lst000_stress_full_polybeam_smooth_S30_single.npz,9.10175923472585,9444.443085672718,1.7798436919007438e-05,140609741.2109375,False,False,False,False,False,False,False,False,False,False,False,False
4_196,190.65540049004915,long,stress,0,2461041.5,2461041.506822953,full_polybeam,smooth,30.0,multi,coherent_ab,4,10,10,58881;58881;46696;46696;48029;48029;54100;54100;58069;58069,88.065;88.065;86.822;86.617;85.104;85.104;83.508;83.508;77.989;77.989,0.2652994791666667,0.0001677236185346,0.5502745938468236,1,4,4,4,0.3308758856684498,0.5502745938468236,0.3308758856684498,0.7280464634021924,0.0001677236185346,3280.8414143128903,8.267110729768282,2.7985978692345355,0.012371799378222952,False,20268986,100,0.9008290304932223,1.103445869621362,0.12871287128712872,0.019801980198019802,73.44014202852932,17900.308596229246,53.48206917658581,82.0579887306687,91.14796813264418,12243.48918099008,17112.7662065423,17590.225711056475,14.943496778990493,3.0184535329988003,2.008563985329782,17900.308596229246,-1228.927646970154,7539724.135843243,0.0023741330947551005,1261,0.059490460698200555,-1.445965571882522,1.4440828042107998,-4095.9999999999995,4090.666666666666,C:\Users\kimeu\Downloads\starlink_pathB_wsl_package_v0_3_clean\starlink_pathB\paper_final_experiment_check\outputs\coverage_null_global_stats_all_tle_full\4_196_lst000_stress_full_polybeam_smooth_S30_multi.npz,9.10175923472585,9444.443085672718,1.7798436919007438e-05,140609741.2109375,False,False,False,False,False,False,False,False,False,False,False,False
4_196,190.65540049004915,long,stress,0,2461041.5,2461041.506822953,full_polybeam,smooth,1000.0,single,coherent_ab,4,10,1,58881,88.065,0.2652994791666667,0.0001677236185346,0.5502745938468236,1,4,4,4,0.3308758856684498,0.5502745938468236,0.3308758856684498,0.7280464634021924,0.0001677236185346,3280.8414143128903,20.09175763940404,20.09175763940404,0.02648401009315472,False,20269003,100,0.7950041915767289,-0.09344175880999647,0.13861386138613863,0.5346534653465347,606.6638100905329,97294.29850231933,528.879886442649,641.3580645553616,652.58276522761,97839.82521484484,104060.42151939745,104262.21953137981,65.99278128619426,1.6739308001100819,1.475951762374282,97294.29850231933,6880.821367723277,7539724.135843243,0.012904225240787,1261,0.059490460698200555,-1.445965571882522,1.4440828042107998,-4095.9999999999995,4090.666666666666,C:\Users\kimeu\Downloads\starlink_pathB_wsl_package_v0_3_clean\starlink_pathB\paper_final_experiment_check\outputs\coverage_null_global_stats_all_tle_full\4_196_lst000_stress_full_polybeam_smooth_S1000_single.npz,9.10175923472585,9444.443085672718,1.7798436919007438e-05,140609741.2109375,False,False,False,False,False,False,False,False,False,False,False,False
4_196,190.65540049004915,long,stress,0,2461041.5,2461041.506822953,full_polybeam,smooth,1000.0,multi,coherent_ab,4,10,10,58881;58881;46696;46696;48029;48029;54100;54100;58069;58069,88.065;88.065;86.822;86.617;85.104;85.104;83.508;83.508;77.989;77.989,0.2652994791666667,0.0001677236185346,0.5502745938468236,1,4,4,4,0.3308758856684498,0.5502745938468236,0.3308758856684498,0.7280464634021924,0.0001677236185346,3280.8414143128903,275.57035765894284,93.28659564115118,0.4123933126074318,False,20269020,100,0.4802860026691288,0.936115018771123,0.31683168316831684,0.009900990099009901,2355.106176673232,660535.4465107054,1878.4505911377933,2980.0754950431506,3199.2168743147276,470969.7540715936,628421.2786295927,645035.4811690593,669.3923747722497,3.9197297626181,2.4382054235769894,660535.4465107054,-89889.6901915725,7539724.135843243,0.08760737589463956,1261,0.059490460698200555,-1.445965571882522,1.4440828042107998,-4095.9999999999995,4090.666666666666,C:\Users\kimeu\Downloads\starlink_pathB_wsl_package_v0_3_clean\starlink_pathB\paper_final_experiment_check\outputs\coverage_null_global_stats_all_tle_full\4_196_lst000_stress_full_polybeam_smooth_S1000_multi.npz,9.10175923472585,9444.443085672718,1.7798436919007438e-05,140609741.2109375,False,False,False,False,False,False,False,False,False,False,False,False
4_196,190.65540049004915,long,stress,0,2461041.5,2461041.506822953,full_polybeam,lines,30.0,single,coherent_ab,4,10,1,58881,88.065,0.2652994791666667,0.0001677236185346,0.5502745938468236,1,4,4,4,0.3308758856684498,0.5502745938468236,0.3308758856684498,0.7280464634021924,0.0001677236185346,3280.8414143128903,0.6025929555620048,0.6025929555620048,0.0007954924423440331,False,20269037,100,0.6260544066987669,-0.4710034550160234,0.21782178217821782,0.6138613861386139,17.443614561525465,2891.760434912515,16.343199447776897,19.34815962459688,20.124384502144967,2975.6214548136004,3105.3716952617897,3107.796934840739,1.1855516355608415,0.9665317825966471,0.9201131720159441,2891.760434912515,223.44170572997731,7539724.135843243,0.00038353663646197847,1261,0.059490460698200555,-1.445965571882522,1.4440828042107998,-4095.9999999999995,4090.666666666666,C:\Users\kimeu\Downloads\starlink_pathB_wsl_package_v0_3_clean\starlink_pathB\paper_final_experiment_check\outputs\coverage_null_global_stats_all_tle_full\4_196_lst000_stress_full_polybeam_lines_S30_single.npz,9.10175923472585,9444.443085672718,1.7798436919007438e-05,140609741.2109375,False,False,False,False,False,False,False,False,False,False,False,False
4_196,190.65540049004915,long,stress,0,2461041.5,2461041.506822953,full_polybeam,lines,30.0,multi,coherent_ab,4,10,10,58881;58881;46696;46696;48029;48029;54100;54100;58069;58069,88.065;88.065;86.822;86.617;85.104;85.104;83.508;83.508;77.989;77.989,0.2652994791666667,0.0001677236185346,0.5502745938468236,1,4,4,4,0.3308758856684498,0.5502745938468236,0.3308758856684498,0.7280464634021924,0.0001677236185346,3280.8414143128903,8.266217567215275,2.79833861336913,0.012380902328069876,False,20269054,100,1.0440553045101968,0.9560483235043703,0.13861386138613863,0.009900990099009901,73.55848861889066,17898.673098059182,46.30770836345164,81.30751779188131,88.2064407914066,11913.291655018591,17221.45136491627,17583.970678588714,17.604814027973134,3.8364728487220985,2.3195416650559157,17898.673098059182,-1239.1697512209926,7539724.135843243,0.0023739161772471655,1261,0.059490460698200555,-1.445965571882522,1.4440828042107998,-4095.9999999999995,4090.666666666666,C:\Users\kimeu\Downloads\starlink_pathB_wsl_package_v0_3_clean\starlink_pathB\paper_final_experiment_check\outputs\coverage_null_global_stats_all_tle_full\4_196_lst000_stress_full_polybeam_lines_S30_multi.npz,9.10175923472585,9444.443085672718,1.7798436919007438e-05,140609741.2109375,False,False,False,False,False,False,False,False,False,False,False,False
4_196,190.65540049004915,long,stress,0,2461041.5,2461041.506822953,full_polybeam,lines,1000.0,single,coherent_ab,4,10,1,58881,88.065,0.2652994791666667,0.0001677236185346,0.5502745938468236,1,4,4,4,0.3308758856684498,0.5502745938468236,0.3308758856684498,0.7280464634021924,0.0001677236185346,3280.8414143128903,20.086431852066827,20.086431852066827,0.0265164147448011,False,20269071,100,0.6448916836161191,-0.18934536719015277,0.2079207920792079,0.6237623762376238,600.2607435596437,97357.6692740992,567.4988915143558,649.5431213746847,653.951475911256,98206.05618195064,104023.25041146338,104273.00023715735,34.26554726830682,1.013898372243574,0.8788528439162986,97357.6692740992,6968.451106683095,7539724.135843243,0.012912630159937637,1261,0.059490460698200555,-1.445965571882522,1.4440828042107998,-4095.9999999999995,4090.666666666666,C:\Users\kimeu\Downloads\starlink_pathB_wsl_package_v0_3_clean\starlink_pathB\paper_final_experiment_check\outputs\coverage_null_global_stats_all_tle_full\4_196_lst000_stress_full_polybeam_lines_S1000_single.npz,9.10175923472585,9444.443085672718,1.7798436919007438e-05,140609741.2109375,False,False,False,False,False,False,False,False,False,False,False,False
4_196,190.65540049004915,long,stress,0,2461041.5,2461041.506822953,full_polybeam,lines,1000.0,multi,coherent_ab,4,10,10,58881;58881;46696;46696;48029;48029;54100;54100;58069;58069,88.065;88.065;86.822;86.617;85.104;85.104;83.508;83.508;77.989;77.989,0.2652994791666667,0.0001677236185346,0.5502745938468236,1,4,4,4,0.3308758856684498,0.5502745938468236,0.3308758856684498,0.7280464634021924,0.0001677236185346,3280.8414143128903,275.5405855738425,93.277953778971,0.41269674426899583,False,20269088,100,0.4600715011025668,0.8520601957161471,0.2871287128712871,0.019801980198019802,2349.454902317304,660447.5804742302,1883.5203267042766,3306.865578859282,3426.827486385101,473978.22013565485,640817.0263893075,655970.5130483451,683.0863572694409,3.4862432564256487,2.074588379211926,660447.5804742302,-90211.08179362514,7539724.135843243,0.08759572214777932,1261,0.059490460698200555,-1.445965571882522,1.4440828042107998,-4095.9999999999995,4090.666666666666,C:\Users\kimeu\Downloads\starlink_pathB_wsl_package_v0_3_clean\starlink_pathB\paper_final_experiment_check\outputs\coverage_null_global_stats_all_tle_full\4_196_lst000_stress_full_polybeam_lines_S1000_multi.npz,9.10175923472585,9444.443085672718,1.7798436919007438e-05,140609741.2109375,False,False,False,False,False,False,False,False,False,False,False,False
4_196,190.65540049004915,long,stress,0,2461041.5,2461041.506822953,full_polybeam,khz_comb,30.0,single,coherent_ab,4,10,1,58881,88.065,0.2652994791666667,0.0001677236185346,0.5502745938468236,1,4,4,4,0.3308758856684498,0.5502745938468236,0.3308758856684498,0.7280464634021924,0.0001677236185346,3280.8414143128903,0.4959209259167966,0.4959209259167966,0.0006988697056809324,False,20269105,100,1.0939619521688257,-0.08334595178008794,0.0891089108910891,0.5445544554455446,16.514566768899385,2515.2743617310684,14.506247850543332,16.82801083318145,16.899825048475996,2525.6516803775844,2703.9153987295504,2707.5026993538595,1.2382446663959854,0.8407214052582229,0.7908103470518203,2515.2743617310684,198.41396165473677,7539724.135843243,0.00033360296960649477,1261,0.059490460698200555,-1.445965571882522,1.4440828042107998,-4095.9999999999995,4090.666666666666,C:\Users\kimeu\Downloads\starlink_pathB_wsl_package_v0_3_clean\starlink_pathB\paper_final_experiment_check\outputs\coverage_null_global_stats_all_tle_full\4_196_lst000_stress_full_polybeam_khz_comb_S30_single.npz,9.10175923472585,9444.443085672718,1.7798436919007438e-05,140609741.2109375,False,False,False,False,False,False,False,False,False,False,False,False
4_196,190.65540049004915,long,stress,0,2461041.5,2461041.506822953,full_polybeam,khz_comb,30.0,multi,coherent_ab,4,10,10,58881;58881;46696;46696;48029;48029;54100;54100;58069;58069,88.065;88.065;86.822;86.617;85.104;85.104;83.508;83.508;77.989;77.989,0.2652994791666667,0.0001677236185346,0.5502745938468236,1,4,4,4,0.3308758856684498,0.5502745938468236,0.3308758856684498,0.7280464634021924,0.0001677236185346,3280.8414143128903,6.802917677555351,2.3029719537236577,0.01077899558495925,False,20269122,100,0.9682738671209652,1.2370520480495084,0.2079207920792079,0.009900990099009901,60.519628155578815,15541.787372056486,41.09571026139815,73.0375657561331,77.3570587139906,10032.561834461476,14909.840822390326,15117.26507786485,13.530524345773983,4.016545461254333,2.2220370983022657,15541.787372056486,-1223.774460609598,7539724.135843243,0.0020613204265885637,1261,0.059490460698200555,-1.445965571882522,1.4440828042107998,-4095.9999999999995,4090.666666666666,C:\Users\kimeu\Downloads\starlink_pathB_wsl_package_v0_3_clean\starlink_pathB\paper_final_experiment_check\outputs\coverage_null_global_stats_all_tle_full\4_196_lst000_stress_full_polybeam_khz_comb_S30_multi.npz,9.10175923472585,9444.443085672718,1.7798436919007438e-05,140609741.2109375,False,False,False,False,False,False,False,False,False,False,False,False
4_196,190.65540049004915,long,stress,0,2461041.5,2461041.506822953,full_polybeam,khz_comb,1000.0,single,coherent_ab,4,10,1,58881,88.065,0.2652994791666667,0.0001677236185346,0.5502745938468236,1,4,4,4,0.3308758856684498,0.5502745938468236,0.3308758856684498,0.7280464634021924,0.0001677236185346,3280.8414143128903,16.53069753055989,16.53069753055989,0.02329565685603108,False,20269139,100,1.0144553968834809,-0.3494250632380462,0.019801980198019802,0.6138613861386139,565.4424385105667,84525.45394777779,482.8594787766233,558.0681103172152,565.2431414132988,86071.52159069848,90644.44643666489,90785.55313962228,54.907730198778154,1.143747126373119,1.0665667657362228,84525.45394777779,6215.037531138183,7539724.135843243,0.011210682569399397,1261,0.059490460698200555,-1.445965571882522,1.4440828042107998,-4095.9999999999995,4090.666666666666,C:\Users\kimeu\Downloads\starlink_pathB_wsl_package_v0_3_clean\starlink_pathB\paper_final_experiment_check\outputs\coverage_null_global_stats_all_tle_full\4_196_lst000_stress_full_polybeam_khz_comb_S1000_single.npz,9.10175923472585,9444.443085672718,1.7798436919007438e-05,140609741.2109375,False,False,True,False,False,False,False,False,False,False,False,False
4_196,190.65540049004915,long,stress,0,2461041.5,2461041.506822953,full_polybeam,khz_comb,1000.0,multi,coherent_ab,4,10,10,58881;58881;46696;46696;48029;48029;54100;54100;58069;58069,88.065;88.065;86.822;86.617;85.104;85.104;83.508;83.508;77.989;77.989,0.2652994791666667,0.0001677236185346,0.5502745938468236,1,4,4,4,0.3308758856684498,0.5502745938468236,0.3308758856684498,0.7280464634021924,0.0001677236185346,3280.8414143128903,226.7639225851784,76.76573179078859,0.3592998528319749,False,20269156,100,0.5927445121388756,1.1178735133415196,0.27722772277227725,0.009900990099009901,1942.8129304318068,560902.0604327391,1579.9274955777728,2798.5648465889326,2975.806101876126,382100.387541845,532823.1994167458,553625.5719368934,412.9314865767087,3.3381931422830315,1.8233015443817886,560902.0604327391,-84935.21802787685,7539724.135843243,0.07439291548695472,1261,0.059490460698200555,-1.445965571882522,1.4440828042107998,-4095.9999999999995,4090.666666666666,C:\Users\kimeu\Downloads\starlink_pathB_wsl_package_v0_3_clean\starlink_pathB\paper_final_experiment_check\outputs\coverage_null_global_stats_all_tle_full\4_196_lst000_stress_full_polybeam_khz_comb_S1000_multi.npz,9.10175923472585,9444.443085672718,1.7798436919007438e-05,140609741.2109375,False,False,False,False,False,False,False,False,False,False,False,False
4_76,93.9206796714852,mid,quiet,17,2461041.6180555555,2461041.624878509,frozen_polybeam,smooth,30.0,single,coherent_ab,2,19,1,45651,84.983,0.1657111055107527,7.747507627984598e-08,0.0684687078802128,0,2,2,2,0.0,0.0684687078802128,0.0,0.2805166207424566,7.747507627984598e-08,883751.4097165731,0.6836764362774873,0.6836764362774873,0.005221089938276267,False,20269190,100,-0.24312414142172917,-1.221283421198243,0.6534653465346535,0.9108910891089109,18.76384113752283,1513.4422880122663,20.07721159047469,30.20203833017713,30.47456770979283,1609.01398494799,1689.483804711527,1705.396722889964,3.643637481269252,1.197876869965235,1.10122614725572,1513.4422880122663,35.04901025600523,5146801.042040682,0.0002940549431870391,1381,0.029306195829665968,-1.445965571882522,1.4440828042107998,-4095.9999999999995,4090.666666666666,C:\Users\kimeu\Downloads\starlink_pathB_wsl_package_v0_3_clean\starlink_pathB\paper_final_experiment_check\outputs\coverage_null_global_stats_all_tle_full\4_76_lst017_quiet_frozen_polybeam_smooth_S30_single.npz,9.10175923472585,9444.443085672718,1.7798436919007438e-05,140609741.2109375,False,False,False,False,False,False,False,False,False,False,False,False
4_76,93.9206796714852,mid,quiet,17,2461041.6180555555,2461041.624878509,frozen_polybeam,smooth,30.0,multi,coherent_ab,2,19,12,45651;46168;58428;58428;57787;57787;55657;54377;54377;54377;54377;51856,84.983;83.229;81.222;81.222;77.601;77.601;77.599;74.834;74.834;74.834;74.834;72.547,0.1657111055107527,7.747507627984598e-08,0.0684687078802128,0,2,2,2,0.0,0.0684687078802128,0.0,0.2805166207424566,7.747507627984598e-08,883751.4097165731,1.4417481266816201,0.6836764362774873,0.007809972926750678,False,20269207,100,0.6692790373980347,-0.5774296275461637,0.2871287128712871,0.7623762376237624,22.876467984970077,1624.0964285402222,20.37725597384997,30.26079352859633,34.48846739944151,1678.5526938489456,1891.6316243975396,1950.2099578760885,2.518673547623621,2.9181313289796176,1.1412467020088013,1624.0964285402222,142.5919299021739,5146801.042040682,0.0003155545386880305,1381,0.029306195829665968,-1.445965571882522,1.4440828042107998,-4095.9999999999995,4090.666666666666,C:\Users\kimeu\Downloads\starlink_pathB_wsl_package_v0_3_clean\starlink_pathB\paper_final_experiment_check\outputs\coverage_null_global_stats_all_tle_full\4_76_lst017_quiet_frozen_polybeam_smooth_S30_multi.npz,9.10175923472585,9444.443085672718,1.7798436919007438e-05,140609741.2109375,False,False,False,False,False,False,False,False,False,False,False,False
4_76,93.9206796714852,mid,quiet,17,2461041.6180555555,2461041.624878509,frozen_polybeam,smooth,1000.0,single,coherent_ab,2,19,1,45651,84.983,0.1657111055107527,7.747507627984598e-08,0.0684687078802128,0,2,2,2,0.0,0.0684687078802128,0.0,0.2805166207424566,7.747507627984598e-08,883751.4097165731,22.78921454258291,22.78921454258291,0.17403633127587553,False,20269224,100,0.18782533800179135,-0.01020057601707911,0.4158415841584158,0.504950495049505,805.4585681418939,63616.68564538298,784.4765122907047,1190.9061131477658,1202.8091573113404,63689.854327477704,77010.77263783106,77184.47507693095,75.34767639451275,0.8772045867041662,0.8081126937484465,63616.68564538298,40185.93426263418,5146801.042040682,0.012360432261853911,1381,0.029306195829665968,-1.445965571882522,1.4440828042107998,-4095.9999999999995,4090.666666666666,C:\Users\kimeu\Downloads\starlink_pathB_wsl_package_v0_3_clean\starlink_pathB\paper_final_experiment_check\outputs\coverage_null_global_stats_all_tle_full\4_76_lst017_quiet_frozen_polybeam_smooth_S1000_single.npz,9.10175923472585,9444.443085672718,1.7798436919007438e-05,140609741.2109375,False,False,False,False,False,False,False,False,False,False,False,False
4_76,93.9206796714852,mid,quiet,17,2461041.6180555555,2461041.624878509,frozen_polybeam,smooth,1000.0,multi,coherent_ab,2,19,12,45651;46168;58428;58428;57787;57787;55657;54377;54377;54377;54377;51856,84.983;83.229;81.222;81.222;77.601;77.601;77.599;74.834;74.834;74.834;74.834;72.547,0.1657111055107527,7.747507627984598e-08,0.0684687078802128,0,2,2,2,0.0,0.0684687078802128,0.0,0.2805166207424566,7.747507627984598e-08,883751.4097165731,48.05827088938732,22.78921454258291,0.2603324308916893,False,20269241,100,0.7651764061237167,-0.0756765852700405,0.297029702970297,0.5445544554455446,907.8965018160488,65909.21608073468,789.202306407411,1175.501927379971,1273.3573099586217,66506.41493021755,80716.15660891746,83277.065954005,104.62703419228455,2.8834709575718573,1.2159960518813793,65909.21608073468,39093.443680408156,5146801.042040682,0.012805860483505689,1381,0.029306195829665968,-1.445965571882522,1.4440828042107998,-4095.9999999999995,4090.666666666666,C:\Users\kimeu\Downloads\starlink_pathB_wsl_package_v0_3_clean\starlink_pathB\paper_final_experiment_check\outputs\coverage_null_global_stats_all_tle_full\4_76_lst017_quiet_frozen_polybeam_smooth_S1000_multi.npz,9.10175923472585,9444.443085672718,1.7798436919007438e-05,140609741.2109375,False,False,False,False,False,False,False,False,False,False,False,False
4_76,93.9206796714852,mid,quiet,17,2461041.6180555555,2461041.624878509,frozen_polybeam,lines,30.0,single,coherent_ab,2,19,1,45651,84.983,0.1657111055107527,7.747507627984598e-08,0.0684687078802128,0,2,2,2,0.0,0.0684687078802128,0.0,0.2805166207424566,7.747507627984598e-08,883751.4097165731,0.683676555394371,0.683676555394371,0.0052272588310239175,False,20269258,100,-0.35705688303325217,-0.8748730404734085,0.594059405940594,0.9108910891089109,18.9555506539582,1512.6522014472787,20.085908561290125,30.78922191442816,30.88420371535205,1592.5246361271645,1691.6060997126472,1706.8268244916176,2.135278717832989,1.0159112047600214,0.9062114915560379,1512.6522014472787,33.544113540071805,5146801.042040682,0.0002939014329661205,1381,0.029306195829665968,-1.445965571882522,1.4440828042107998,-4095.9999999999995,4090.666666666666,C:\Users\kimeu\Downloads\starlink_pathB_wsl_package_v0_3_clean\starlink_pathB\paper_final_experiment_check\outputs\coverage_null_global_stats_all_tle_full\4_76_lst017_quiet_frozen_polybeam_lines_S30_single.npz,9.10175923472585,9444.443085672718,1.7798436919007438e-05,140609741.2109375,False,False,False,False,False,False,False,False,False,False,False,False
4_76,93.9206796714852,mid,quiet,17,2461041.6180555555,2461041.624878509,frozen_polybeam,lines,30.0,multi,coherent_ab,2,19,12,45651;46168;58428;58428;57787;57787;55657;54377;54377;54377;54377;51856,84.983;83.229;81.222;81.222;77.601;77.601;77.599;74.834;74.834;74.834;74.834;72.547,0.1657111055107527,7.747507627984598e-08,0.0684687078802128,0,2,2,2,0.0,0.0684687078802128,0.0,0.2805166207424566,7.747507627984598e-08,883751.4097165731,1.4416888981287128,0.683676555394371,0.007818990099434523,False,20269275,100,0.6286192445236642,-0.4970076896722347,0.3564356435643564,0.693069306930693,23.448615103203338,1623.0690463977917,20.601599947278373,31.38008656475722,33.66790216739526,1683.1312541493644,1897.8059981792758,2009.0672906417255,3.054767144802099,3.2507109506603116,1.31947648810717,1623.0690463977917,140.80776954872243,5146801.042040682,0.00031535492301724033,1381,0.029306195829665968,-1.445965571882522,1.4440828042107998,-4095.9999999999995,4090.666666666666,C:\Users\kimeu\Downloads\starlink_pathB_wsl_package_v0_3_clean\starlink_pathB\paper_final_experiment_check\outputs\coverage_null_global_stats_all_tle_full\4_76_lst017_quiet_frozen_polybeam_lines_S30_multi.npz,9.10175923472585,9444.443085672718,1.7798436919007438e-05,140609741.2109375,False,False,False,False,False,False,False,False,False,False,False,False
4_76,93.9206796714852,mid,quiet,17,2461041.6180555555,2461041.624878509,frozen_polybeam,lines,1000.0,single,coherent_ab,2,19,1,45651,84.983,0.1657111055107527,7.747507627984598e-08,0.0684687078802128,0,2,2,2,0.0,0.0684687078802128,0.0,0.2805166207424566,7.747507627984598e-08,883751.4097165731,22.789218513145702,22.789218513145702,0.1742419610341306,False,20269292,100,0.240404738271612,-0.21714561480267527,0.43564356435643564,0.5544554455445545,815.4629462952362,63528.341535786225,784.5388336639153,1177.2424010084912,1216.0481342673677,65215.23137518676,76685.24662814345,77193.72964217274,86.7621344104864,0.8339609847622151,0.7728526226085123,63528.341535786225,40149.98438943905,5146801.042040682,0.012343267403745908,1381,0.029306195829665968,-1.445965571882522,1.4440828042107998,-4095.9999999999995,4090.666666666666,C:\Users\kimeu\Downloads\starlink_pathB_wsl_package_v0_3_clean\starlink_pathB\paper_final_experiment_check\outputs\coverage_null_global_stats_all_tle_full\4_76_lst017_quiet_frozen_polybeam_lines_S1000_single.npz,9.10175923472585,9444.443085672718,1.7798436919007438e-05,140609741.2109375,False,False,False,False,False,False,False,False,False,False,False,False
4_76,93.9206796714852,mid,quiet,17,2461041.6180555555,2461041.624878509,frozen_polybeam,lines,1000.0,multi,coherent_ab,2,19,12,45651;46168;58428;58428;57787;57787;55657;54377;54377;54377;54377;51856,84.983;83.229;81.222;81.222;77.601;77.601;77.599;74.834;74.834;74.834;74.834;72.547,0.1657111055107527,7.747507627984598e-08,0.0684687078802128,0,2,2,2,0.0,0.0684687078802128,0.0,0.2805166207424566,7.747507627984598e-08,883751.4097165731,48.056296604290424,22.789218513145702,0.26063300331448414,False,20269309,100,0.35810576926918514,-0.24020383590098873,0.36633663366336633,0.6039603960396039,914.9583626699095,65849.86813549485,838.4193750598533,1208.0441920429803,1377.654948712624,67942.53953255771,80558.92358649417,83278.39138129086,144.1608717671079,2.8909702820768697,1.257250474521578,65849.86813549485,39047.5009470413,5146801.042040682,0.012794329448061526,1381,0.029306195829665968,-1.445965571882522,1.4440828042107998,-4095.9999999999995,4090.666666666666,C:\Users\kimeu\Downloads\starlink_pathB_wsl_package_v0_3_clean\starlink_pathB\paper_final_experiment_check\outputs\coverage_null_global_stats_all_tle_full\4_76_lst017_quiet_frozen_polybeam_lines_S1000_multi.npz,9.10175923472585,9444.443085672718,1.7798436919007438e-05,140609741.2109375,False,False,False,False,False,False,False,False,False,False,False,False
4_76,93.9206796714852,mid,quiet,17,2461041.6180555555,2461041.624878509,frozen_polybeam,khz_comb,30.0,single,coherent_ab,2,19,1,45651,84.983,0.1657111055107527,7.747507627984598e-08,0.0684687078802128,0,2,2,2,0.0,0.0684687078802128,0.0,0.2805166207424566,7.747507627984598e-08,883751.4097165731,0.6742692875190915,0.6742692875190915,0.004724184171378337,False,20269326,100,0.2171811712415564,-1.2283708291450097,0.43564356435643564,0.8712871287128713,20.70358147000661,1430.7779845182613,19.994868611407583,33.60978928289187,34.338006324121814,1534.0471176390834,1619.0018480675635,1629.904841674241,2.20102079528624,0.86669558181621,0.8215942966980657,1430.7779845182613,17.131137193928847,5146801.042040682,0.00027799364553461825,1381,0.029306195829665968,-1.445965571882522,1.4440828042107998,-4095.9999999999995,4090.666666666666,C:\Users\kimeu\Downloads\starlink_pathB_wsl_package_v0_3_clean\starlink_pathB\paper_final_experiment_check\outputs\coverage_null_global_stats_all_tle_full\4_76_lst017_quiet_frozen_polybeam_khz_comb_S30_single.npz,9.10175923472585,9444.443085672718,1.7798436919007438e-05,140609741.2109375,False,False,False,False,False,False,False,False,False,False,False,False
4_76,93.9206796714852,mid,quiet,17,2461041.6180555555,2461041.624878509,frozen_polybeam,khz_comb,30.0,multi,coherent_ab,2,19,12,45651;46168;58428;58428;57787;57787;55657;54377;54377;54377;54377;51856,84.983;83.229;81.222;81.222;77.601;77.601;77.599;74.834;74.834;74.834;74.834;72.547,0.1657111055107527,7.747507627984598e-08,0.0684687078802128,0,2,2,2,0.0,0.0684687078802128,0.0,0.2805166207424566,7.747507627984598e-08,883751.4097165731,1.3048615484423625,0.6742692875190915,0.007003412705712031,False,20269343,100,0.3758731505787012,-0.591600890813516,0.33663366336633666,0.7326732673267327,23.7302313389373,1529.1060814820614,21.423334594801418,34.547119687807566,37.821071087758185,1599.114433178712,1788.187628417452,1854.5783470609663,4.139642681555415,2.662480601034741,1.4048846572072238,1529.1060814820614,110.98927758071122,5146801.042040682,0.0002970983469133243,1381,0.029306195829665968,-1.445965571882522,1.4440828042107998,-4095.9999999999995,4090.666666666666,C:\Users\kimeu\Downloads\starlink_pathB_wsl_package_v0_3_clean\starlink_pathB\paper_final_experiment_check\outputs\coverage_null_global_stats_all_tle_full\4_76_lst017_quiet_frozen_polybeam_khz_comb_S30_multi.npz,9.10175923472585,9444.443085672718,1.7798436919007438e-05,140609741.2109375,False,False,False,False,False,False,False,False,False,False,False,False
4_76,93.9206796714852,mid,quiet,17,2461041.6180555555,2461041.624878509,frozen_polybeam,khz_comb,1000.0,single,coherent_ab,2,19,1,45651,84.983,0.1657111055107527,7.747507627984598e-08,0.0684687078802128,0,2,2,2,0.0,0.0684687078802128,0.0,0.2805166207424566,7.747507627984598e-08,883751.4097165731,22.47564291730305,22.47564291730305,0.15747280571261124,False,20269360,100,0.2440474923364351,-0.06991853802482642,0.45544554455445546,0.5148514851485149,895.7281827102706,59027.92178254487,834.9687570251917,1280.3529366465032,1294.5391862996792,59494.55013407817,71400.13922306155,71837.2692819905,167.92498371257489,1.5041756950555514,1.3848970219073329,59027.92178254487,36673.524138159526,5146801.042040682,0.011468856344044839,1381,0.029306195829665968,-1.445965571882522,1.4440828042107998,-4095.9999999999995,4090.666666666666,C:\Users\kimeu\Downloads\starlink_pathB_wsl_package_v0_3_clean\starlink_pathB\paper_final_experiment_check\outputs\coverage_null_global_stats_all_tle_full\4_76_lst017_quiet_frozen_polybeam_khz_comb_S1000_single.npz,9.10175923472585,9444.443085672718,1.7798436919007438e-05,140609741.2109375,False,False,False,False,False,False,False,False,False,False,False,False
4_76,93.9206796714852,mid,quiet,17,2461041.6180555555,2461041.624878509,frozen_polybeam,khz_comb,1000.0,multi,coherent_ab,2,19,12,45651;46168;58428;58428;57787;57787;55657;54377;54377;54377;54377;51856,84.983;83.229;81.222;81.222;77.601;77.601;77.599;74.834;74.834;74.834;74.834;72.547,0.1657111055107527,7.747507627984598e-08,0.0684687078802128,0,2,2,2,0.0,0.0684687078802128,0.0,0.2805166207424566,7.747507627984598e-08,883751.4097165731,43.49538494807875,22.47564291730305,0.23344709019040105,False,20269377,100,0.5078268820303283,-0.13295346951619552,0.3564356435643564,0.5742574257425742,971.5275517696355,61235.602214161205,863.3660955791347,1318.8273814569432,1380.9182461335085,62092.97025289328,75142.72964726543,77664.41864567412,143.6590013517016,2.5446645077173367,1.1467773971735842,61235.602214161205,36240.58971567168,5146801.042040682,0.011897798596442652,1381,0.029306195829665968,-1.445965571882522,1.4440828042107998,-4095.9999999999995,4090.666666666666,C:\Users\kimeu\Downloads\starlink_pathB_wsl_package_v0_3_clean\starlink_pathB\paper_final_experiment_check\outputs\coverage_null_global_stats_all_tle_full\4_76_lst017_quiet_frozen_polybeam_khz_comb_S1000_multi.npz,9.10175923472585,9444.443085672718,1.7798436919007438e-05,140609741.2109375,False,False,False,False,False,False,False,False,False,False,False,False
4_76,93.9206796714852,mid,quiet,17,2461041.6180555555,2461041.624878509,full_polybeam,smooth,30.0,single,coherent_ab,2,19,1,45651,84.983,0.1657111055107527,7.747507627984598e-08,0.0684687078802128,0,2,2,2,0.0,0.0684687078802128,0.0,0.2805166207424566,7.747507627984598e-08,883751.4097165731,1.1395757039308634,1.1395757039308634,0.007564913793463531,False,20269394,100,1.0220907251289053,-0.45988697894164854,0.1782178217821782,0.6435643564356436,34.4228559473122,1794.1496079604465,27.468395711202902,36.679363670413295,37.15197544654424,1808.0816521200445,1866.3724155596854,1879.1950219438638,4.589337375908144,0.945884125302883,0.8593197308482802,1794.1496079604465,163.41140148413766,5146801.042040682,0.0003485950968971349,1381,0.029306195829665968,-1.445965571882522,1.4440828042107998,-4095.9999999999995,4090.666666666666,C:\Users\kimeu\Downloads\starlink_pathB_wsl_package_v0_3_clean\starlink_pathB\paper_final_experiment_check\outputs\coverage_null_global_stats_all_tle_full\4_76_lst017_quiet_full_polybeam_smooth_S30_single.npz,9.10175923472585,9444.443085672718,1.7798436919007438e-05,140609741.2109375,False,False,False,False,False,False,False,False,False,False,False,False
4_76,93.9206796714852,mid,quiet,17,2461041.6180555555,2461041.624878509,full_polybeam,smooth,30.0,multi,coherent_ab,2,19,12,45651;46168;58428;58428;57787;57787;55657;54377;54377;54377;54377;51856,84.983;83.229;81.222;81.222;77.601;77.601;77.599;74.834;74.834;74.834;74.834;72.547,0.1657111055107527,7.747507627984598e-08,0.0684687078802128,0,2,2,2,0.0,0.0684687078802128,0.0,0.2805166207424566,7.747507627984598e-08,883751.4097165731,3.770115265000274,1.1395757039308634,0.014006202437583425,False,20269411,100,1.3806283021556927,2.3619600066685367,0.0297029702970297,0.009900990099009901,44.708652136760065,2788.5006198838937,28.910100269182294,43.1125176540132,46.221486912959826,2183.295268895814,2606.2343849792514,2708.821479993325,7.718208609192516,3.743194469707696,1.9890749517573045,2788.5006198838937,444.1344115491064,5146801.042040682,0.0005417929694788176,1381,0.029306195829665968,-1.445965571882522,1.4440828042107998,-4095.9999999999995,4090.666666666666,C:\Users\kimeu\Downloads\starlink_pathB_wsl_package_v0_3_clean\starlink_pathB\paper_final_experiment_check\outputs\coverage_null_global_stats_all_tle_full\4_76_lst017_quiet_full_polybeam_smooth_S30_multi.npz,9.10175923472585,9444.443085672718,1.7798436919007438e-05,140609741.2109375,False,False,True,False,False,False,False,False,False,False,False,False
4_76,93.9206796714852,mid,quiet,17,2461041.6180555555,2461041.624878509,full_polybeam,smooth,1000.0,single,coherent_ab,2,19,1,45651,84.983,0.1657111055107527,7.747507627984598e-08,0.0684687078802128,0,2,2,2,0.0,0.0684687078802128,0.0,0.2805166207424566,7.747507627984598e-08,883751.4097165731,37.98585679769545,37.98585679769545,0.25216379311545106,False,20269428,100,0.7840978781858747,0.20977964332760302,0.22772277227722773,0.37623762376237624,1301.429729990603,90124.31713387252,1106.9105670460667,1389.6939440011788,1393.159972254697,88245.34997839914,98814.11875959577,98984.69578154362,167.3278063840262,1.1687927980564308,1.0472813574364666,90124.31713387252,67357.24060661747,5146801.042040682,0.017510744324039124,1381,0.029306195829665968,-1.445965571882522,1.4440828042107998,-4095.9999999999995,4090.666666666666,C:\Users\kimeu\Downloads\starlink_pathB_wsl_package_v0_3_clean\starlink_pathB\paper_final_experiment_check\outputs\coverage_null_global_stats_all_tle_full\4_76_lst017_quiet_full_polybeam_smooth_S1000_single.npz,9.10175923472585,9444.443085672718,1.7798436919007438e-05,140609741.2109375,False,False,False,False,False,False,False,False,False,False,False,False
4_76,93.9206796714852,mid,quiet,17,2461041.6180555555,2461041.624878509,full_polybeam,smooth,1000.0,multi,coherent_ab,2,19,12,45651;46168;58428;58428;57787;57787;55657;54377;54377;54377;54377;51856,84.983;83.229;81.222;81.222;77.601;77.601;77.599;74.834;74.834;74.834;74.834;72.547,0.1657111055107527,7.747507627984598e-08,0.0684687078802128,0,2,2,2,0.0,0.0684687078802128,0.0,0.2805166207424566,7.747507627984598e-08,883751.4097165731,125.67050883334248,37.98585679769545,0.4668734145861142,False,20269445,100,1.3400302035406217,1.1149465623940915,0.1485148514851485,0.16831683168316833,1613.4681353708584,114637.5182024558,1193.993806444094,1851.8037979172718,1967.2280493586852,100172.13294977575,122407.84858733293,126606.31511616714,211.13819520723337,3.0514488082590767,1.6518459048710872,114637.5182024558,63947.767916817786,5146801.042040682,0.022273547639798132,1381,0.029306195829665968,-1.445965571882522,1.4440828042107998,-4095.9999999999995,4090.666666666666,C:\Users\kimeu\Downloads\starlink_pathB_wsl_package_v0_3_clean\starlink_pathB\paper_final_experiment_check\outputs\coverage_null_global_stats_all_tle_full\4_76_lst017_quiet_full_polybeam_smooth_S1000_multi.npz,9.10175923472585,9444.443085672718,1.7798436919007438e-05,140609741.2109375,False,False,False,False,False,False,False,False,False,False,False,False
4_76,93.9206796714852,mid,quiet,17,2461041.6180555555,2461041.624878509,full_polybeam,lines,30.0,single,coherent_ab,2,19,1,45651,84.983,0.1657111055107527,7.747507627984598e-08,0.0684687078802128,0,2,2,2,0.0,0.0684687078802128,0.0,0.2805166207424566,7.747507627984598e-08,883751.4097165731,1.139551906066621,1.139551906066621,0.007572808039868152,False,20269462,100,1.0509842852855493,-0.5158234636490834,0.13861386138613863,0.6237623762376238,35.13712403537647,1794.18877174428,26.543832772844326,37.67652161748119,37.72845457642077,1812.620870667516,1865.5485067046727,1878.4057363223083,5.51492123261778,0.9721537455494681,0.8995312584924735,1794.18877174428,161.65981001578768,5146801.042040682,0.0003486027062419519,1381,0.029306195829665968,-1.445965571882522,1.4440828042107998,-4095.9999999999995,4090.666666666666,C:\Users\kimeu\Downloads\starlink_pathB_wsl_package_v0_3_clean\starlink_pathB\paper_final_experiment_check\outputs\coverage_null_global_stats_all_tle_full\4_76_lst017_quiet_full_polybeam_lines_S30_single.npz,9.10175923472585,9444.443085672718,1.7798436919007438e-05,140609741.2109375,False,False,False,False,False,False,False,False,False,False,False,False
4_76,93.9206796714852,mid,quiet,17,2461041.6180555555,2461041.624878509,full_polybeam,lines,30.0,multi,coherent_ab,2,19,12,45651;46168;58428;58428;57787;57787;55657;54377;54377;54377;54377;51856,84.983;83.229;81.222;81.222;77.601;77.601;77.599;74.834;74.834;74.834;74.834;72.547,0.1657111055107527,7.747507627984598e-08,0.0684687078802128,0,2,2,2,0.0,0.0684687078802128,0.0,0.2805166207424566,7.747507627984598e-08,883751.4097165731,3.769823613910145,1.139551906066621,0.01401873942149375,False,20269479,100,1.6575422149297028,1.8176866869420176,0.039603960396039604,0.009900990099009901,45.321355292442604,2788.7407948347086,30.106657722299133,44.28041812686206,48.7910308708851,2261.710535706051,2606.929005526527,2757.7803368309037,6.191198526867083,2.7551160405806523,1.8249813689556467,2788.7407948347086,441.8953507512334,5146801.042040682,0.0005418396343778205,1381,0.029306195829665968,-1.445965571882522,1.4440828042107998,-4095.9999999999995,4090.666666666666,C:\Users\kimeu\Downloads\starlink_pathB_wsl_package_v0_3_clean\starlink_pathB\paper_final_experiment_check\outputs\coverage_null_global_stats_all_tle_full\4_76_lst017_quiet_full_polybeam_lines_S30_multi.npz,9.10175923472585,9444.443085672718,1.7798436919007438e-05,140609741.2109375,False,False,True,False,False,False,False,False,False,False,False,False
4_76,93.9206796714852,mid,quiet,17,2461041.6180555555,2461041.624878509,full_polybeam,lines,1000.0,single,coherent_ab,2,19,1,45651,84.983,0.1657111055107527,7.747507627984598e-08,0.0684687078802128,0,2,2,2,0.0,0.0684687078802128,0.0,0.2805166207424566,7.747507627984598e-08,883751.4097165731,37.98506353555404,37.98506353555404,0.25242693466227173,False,20269496,100,1.020481140889766,0.22311516629994935,0.19801980198019803,0.39603960396039606,1329.3598039973149,90064.15119812217,1033.4748683210892,1413.994401772637,1416.3891152555464,87421.1763935214,98960.74442801054,99013.19506359058,195.5662353622065,1.0246222630693882,0.9442228312209067,90064.15119812217,67315.47305118383,5146801.042040682,0.01749905435676452,1381,0.029306195829665968,-1.445965571882522,1.4440828042107998,-4095.9999999999995,4090.666666666666,C:\Users\kimeu\Downloads\starlink_pathB_wsl_package_v0_3_clean\starlink_pathB\paper_final_experiment_check\outputs\coverage_null_global_stats_all_tle_full\4_76_lst017_quiet_full_polybeam_lines_S1000_single.npz,9.10175923472585,9444.443085672718,1.7798436919007438e-05,140609741.2109375,False,False,False,False,False,False,False,False,False,False,False,False
4_76,93.9206796714852,mid,quiet,17,2461041.6180555555,2461041.624878509,full_polybeam,lines,1000.0,multi,coherent_ab,2,19,12,45651;46168;58428;58428;57787;57787;55657;54377;54377;54377;54377;51856,84.983;83.229;81.222;81.222;77.601;77.601;77.599;74.834;74.834;74.834;74.834;72.547,0.1657111055107527,7.747507627984598e-08,0.0684687078802128,0,2,2,2,0.0,0.0684687078802128,0.0,0.2805166207424566,7.747507627984598e-08,883751.4097165731,125.66078713033819,37.98506353555404,0.4672913140497918,False,20269513,100,1.5507027008007717,1.1239000613332548,0.10891089108910891,0.13861386138613863,1635.890311077179,114595.71133726917,1157.6188476835814,1769.942071711372,1920.7432345469533,100253.58379563568,121416.4225506288,127632.27273736779,208.02806522084938,2.8136127134137157,1.6152032769674163,114595.71133726917,63888.53512303973,5146801.042040682,0.022265424756312806,1381,0.029306195829665968,-1.445965571882522,1.4440828042107998,-4095.9999999999995,4090.666666666666,C:\Users\kimeu\Downloads\starlink_pathB_wsl_package_v0_3_clean\starlink_pathB\paper_final_experiment_check\outputs\coverage_null_global_stats_all_tle_full\4_76_lst017_quiet_full_polybeam_lines_S1000_multi.npz,9.10175923472585,9444.443085672718,1.7798436919007438e-05,140609741.2109375,False,False,False,False,False,False,False,False,False,False,False,False
4_76,93.9206796714852,mid,quiet,17,2461041.6180555555,2461041.624878509,full_polybeam,khz_comb,30.0,single,coherent_ab,2,19,1,45651,84.983,0.1657111055107527,7.747507627984598e-08,0.0684687078802128,0,2,2,2,0.0,0.0684687078802128,0.0,0.2805166207424566,7.747507627984598e-08,883751.4097165731,0.9378264899558046,0.9378264899558046,0.006549940822549329,False,20269530,100,1.064954209906853,-0.7100194852407155,0.039603960396039604,0.7128712871287128,32.7452269000205,1602.5311819561862,24.522075585107814,32.55903723552401,33.26517084177278,1637.1298425616237,1690.3468350188055,1701.2269788679826,5.208148410598369,0.8816468299432738,0.8511214608908358,1602.5311819561862,116.07602513297199,5146801.042040682,0.0003113645095013795,1381,0.029306195829665968,-1.445965571882522,1.4440828042107998,-4095.9999999999995,4090.666666666666,C:\Users\kimeu\Downloads\starlink_pathB_wsl_package_v0_3_clean\starlink_pathB\paper_final_experiment_check\outputs\coverage_null_global_stats_all_tle_full\4_76_lst017_quiet_full_polybeam_khz_comb_S30_single.npz,9.10175923472585,9444.443085672718,1.7798436919007438e-05,140609741.2109375,False,False,True,False,False,False,False,False,False,False,False,False
4_76,93.9206796714852,mid,quiet,17,2461041.6180555555,2461041.624878509,full_polybeam,khz_comb,30.0,multi,coherent_ab,2,19,12,45651;46168;58428;58428;57787;57787;55657;54377;54377;54377;54377;51856,84.983;83.229;81.222;81.222;77.601;77.601;77.599;74.834;74.834;74.834;74.834;72.547,0.1657111055107527,7.747507627984598e-08,0.0684687078802128,0,2,2,2,0.0,0.0684687078802128,0.0,0.2805166207424566,7.747507627984598e-08,883751.4097165731,3.10248302755168,0.9378264899558046,0.01198784663177286,False,20269547,100,1.8288054319593088,2.4722884219589876,0.0594059405940594,0.009900990099009901,41.64197895710822,2403.2408981727394,27.57934660558385,40.55822483457705,45.88982343851811,1978.0302489984233,2264.624417326804,2363.5631611205245,5.186508859424066,3.2774271280248444,1.8629091438829068,2403.2408981727394,350.0957257765373,5146801.042040682,0.0004669387603177809,1381,0.029306195829665968,-1.445965571882522,1.4440828042107998,-4095.9999999999995,4090.666666666666,C:\Users\kimeu\Downloads\starlink_pathB_wsl_package_v0_3_clean\starlink_pathB\paper_final_experiment_check\outputs\coverage_null_global_stats_all_tle_full\4_76_lst017_quiet_full_polybeam_khz_comb_S30_multi.npz,9.10175923472585,9444.443085672718,1.7798436919007438e-05,140609741.2109375,False,False,False,False,False,False,False,False,False,False,False,False
4_76,93.9206796714852,mid,quiet,17,2461041.6180555555,2461041.624878509,full_polybeam,khz_comb,1000.0,single,coherent_ab,2,19,1,45651,84.983,0.1657111055107527,7.747507627984598e-08,0.0684687078802128,0,2,2,2,0.0,0.0684687078802128,0.0,0.2805166207424566,7.747507627984598e-08,883751.4097165731,31.26088299852682,31.26088299852682,0.2183313607516443,False,20269564,100,1.061109617202384,0.24979449526233485,0.2079207920792079,0.4158415841584158,1206.9087186475808,74382.76195588693,912.104453008862,1316.0838846359986,1336.8761255608279,72267.8156193752,82766.54106879544,83062.38649794189,187.39133997470344,0.8664097754251193,0.7943378310414935,74382.76195588693,52159.25178197098,5146801.042040682,0.014452231852038819,1381,0.029306195829665968,-1.445965571882522,1.4440828042107998,-4095.9999999999995,4090.666666666666,C:\Users\kimeu\Downloads\starlink_pathB_wsl_package_v0_3_clean\starlink_pathB\paper_final_experiment_check\outputs\coverage_null_global_stats_all_tle_full\4_76_lst017_quiet_full_polybeam_khz_comb_S1000_single.npz,9.10175923472585,9444.443085672718,1.7798436919007438e-05,140609741.2109375,False,False,False,False,False,False,False,False,False,False,False,False
4_76,93.9206796714852,mid,quiet,17,2461041.6180555555,2461041.624878509,full_polybeam,khz_comb,1000.0,multi,coherent_ab,2,19,12,45651;46168;58428;58428;57787;57787;55657;54377;54377;54377;54377;51856,84.983;83.229;81.222;81.222;77.601;77.601;77.599;74.834;74.834;74.834;74.834;72.547,0.1657111055107527,7.747507627984598e-08,0.0684687078802128,0,2,2,2,0.0,0.0684687078802128,0.0,0.2805166207424566,7.747507627984598e-08,883751.4097165731,103.41610091838936,31.26088299852682,0.399594887725762,False,20269581,100,1.770097244581184,1.2937138492837779,0.06930693069306931,0.06930693069306931,1470.12265361358,95490.96586585057,1070.1972754568797,1486.8816124656812,1622.9727920700195,83665.90731216109,96241.24780508301,101898.25499329662,152.3904818634419,3.2328573887012904,1.9665664318808207,95490.96586585057,50791.39058789679,5146801.042040682,0.01855345972883942,1381,0.029306195829665968,-1.445965571882522,1.4440828042107998,-4095.9999999999995,4090.666666666666,C:\Users\kimeu\Downloads\starlink_pathB_wsl_package_v0_3_clean\starlink_pathB\paper_final_experiment_check\outputs\coverage_null_global_stats_all_tle_full\4_76_lst017_quiet_full_polybeam_khz_comb_S1000_multi.npz,9.10175923472585,9444.443085672718,1.7798436919007438e-05,140609741.2109375,False,False,False,False,False,False,False,False,False,False,False,False
4_76,93.9206796714852,mid,typical,33,2461041.7291666665,2461041.73598962,frozen_polybeam,smooth,30.0,single,coherent_ab,5,49,1,49094,88.901,0.1653645833333333,4.328472795086945e-07,0.3314947967906838,0,5,5,5,0.0,0.3314947967906838,0.0,0.3484546838830035,4.328472795086945e-07,765847.0146028149,0.9705768591632766,0.9705768591632766,0.0020117363339675178,False,20269614,100,0.3216058336903993,0.3853330901450548,0.37623762376237624,0.2871287128712871,4.839771686644212,598.8192980081906,4.547748967099665,5.9333117412383665,6.1149451502040115,597.4614121109876,601.1973852922683,601.9575963472694,0.6124473042974614,1.482484496833362,1.3203937641316474,598.8192980081906,114.41041894706945,4122961.348041135,0.00014524009503331782,1381,0.029306195829665968,-1.445965571882522,1.4440828042107998,-4095.9999999999995,4090.666666666666,C:\Users\kimeu\Downloads\starlink_pathB_wsl_package_v0_3_clean\starlink_pathB\paper_final_experiment_check\outputs\coverage_null_global_stats_all_tle_full\4_76_lst033_typical_frozen_polybeam_smooth_S30_single.npz,9.10175923472585,9444.443085672718,1.7798436919007438e-05,140609741.2109375,False,False,False,False,False,False,False,False,False,False,False,False
4_76,93.9206796714852,mid,typical,33,2461041.7291666665,2461041.73598962,frozen_polybeam,smooth,30.0,multi,coherent_ab,5,49,12,49094;49094;47263;47263;58143;53859;53859;44436;44436;58145;47293;47293,88.901;88.901;87.689;87.689;87.577;86.276;86.276;86.141;86.141;85.854;84.425;84.425,0.1653645833333333,4.328472795086945e-07,0.3314947967906838,0,5,5,5,0.0,0.3314947967906838,0.0,0.3484546838830035,4.328472795086945e-07,765847.0146028149,8.398520191082662,2.017852555361835,0.018473701516796733,False,20269631,100,-0.03478434604906412,1.2255043932874845,0.5247524752475248,0.07920792079207921,23.58373532846781,3713.764034112551,23.83676283917748,39.423140281231284,45.95551033427311,3007.5821242440215,3788.693326315428,3892.9203709559333,4.906365571062111,3.4621654414818916,2.0124260076595757,3713.764034112551,912.5125263357244,4122961.348041135,0.0009007516007582759,1381,0.029306195829665968,-1.445965571882522,1.4440828042107998,-4095.9999999999995,4090.666666666666,C:\Users\kimeu\Downloads\starlink_pathB_wsl_package_v0_3_clean\starlink_pathB\paper_final_experiment_check\outputs\coverage_null_global_stats_all_tle_full\4_76_lst033_typical_frozen_polybeam_smooth_S30_multi.npz,9.10175923472585,9444.443085672718,1.7798436919007438e-05,140609741.2109375,False,False,False,False,False,False,False,False,False,False,False,False
4_76,93.9206796714852,mid,typical,33,2461041.7291666665,2461041.73598962,frozen_polybeam,smooth,1000.0,single,coherent_ab,5,49,1,49094,88.901,0.1653645833333333,4.328472795086945e-07,0.3314947967906838,0,5,5,5,0.0,0.3314947967906838,0.0,0.3484546838830035,4.328472795086945e-07,765847.0146028149,32.35256197210923,32.35256197210923,0.06705787779891725,False,20269648,100,0.5067151798748961,2.2315280197551366,0.3564356435643564,0.0891089108910891,176.67323952274023,21906.228753757117,153.86104788402235,205.0662971935329,211.14028469810017,20670.175147338654,21935.393076058823,21982.774769813605,30.365406592956788,1.1173208860940285,0.9685459171035191,21906.228753757117,607.6129675744208,4122961.348041135,0.00531322680581641,1381,0.029306195829665968,-1.445965571882522,1.4440828042107998,-4095.9999999999995,4090.666666666666,C:\Users\kimeu\Downloads\starlink_pathB_wsl_package_v0_3_clean\starlink_pathB\paper_final_experiment_check\outputs\coverage_null_global_stats_all_tle_full\4_76_lst033_typical_frozen_polybeam_smooth_S1000_single.npz,9.10175923472585,9444.443085672718,1.7798436919007438e-05,140609741.2109375,False,False,False,False,False,False,False,False,False,False,False,False
4_76,93.9206796714852,mid,typical,33,2461041.7291666665,2461041.73598962,frozen_polybeam,smooth,1000.0,multi,coherent_ab,5,49,12,49094;49094;47263;47263;58143;53859;53859;44436;44436;58145;47293;47293,88.901;88.901;87.689;87.689;87.577;86.276;86.276;86.141;86.141;85.854;84.425;84.425,0.1653645833333333,4.328472795086945e-07,0.3314947967906838,0,5,5,5,0.0,0.3314947967906838,0.0,0.3484546838830035,4.328472795086945e-07,765847.0146028149,279.95067303608874,67.26175184539451,0.6157900505598911,False,20269665,100,0.8682675370323666,2.198744258502645,0.26732673267326734,0.019801980198019802,826.2407206791777,140790.82649747102,662.9351416972916,1081.255170434654,1256.2539407320821,105164.13826220002,131851.65103591443,137145.56313396367,126.85963634058044,3.3518524873103472,1.9608992951664266,140790.82649747102,-33142.072732040135,4122961.348041135,0.034147986025714824,1381,0.029306195829665968,-1.445965571882522,1.4440828042107998,-4095.9999999999995,4090.666666666666,C:\Users\kimeu\Downloads\starlink_pathB_wsl_package_v0_3_clean\starlink_pathB\paper_final_experiment_check\outputs\coverage_null_global_stats_all_tle_full\4_76_lst033_typical_frozen_polybeam_smooth_S1000_multi.npz,9.10175923472585,9444.443085672718,1.7798436919007438e-05,140609741.2109375,False,False,False,False,False,False,False,False,False,False,False,False
4_76,93.9206796714852,mid,typical,33,2461041.7291666665,2461041.73598962,frozen_polybeam,lines,30.0,single,coherent_ab,5,49,1,49094,88.901,0.1653645833333333,4.328472795086945e-07,0.3314947967906838,0,5,5,5,0.0,0.3314947967906838,0.0,0.3484546838830035,4.328472795086945e-07,765847.0146028149,0.9705734608922097,0.9705734608922097,0.002014281836228453,False,20269682,100,0.11464282250475819,0.4906090580424551,0.43564356435643564,0.27722772277227725,4.863853375979943,598.6899286225563,4.748623483622168,5.951236901254333,6.105682524439353,594.1758195948221,601.8654247469378,602.3955825347673,0.6779447322799115,0.9916281036330007,0.9463702041067884,598.6899286225563,114.73269984796704,4122961.348041135,0.00014520871725052687,1381,0.029306195829665968,-1.445965571882522,1.4440828042107998,-4095.9999999999995,4090.666666666666,C:\Users\kimeu\Downloads\starlink_pathB_wsl_package_v0_3_clean\starlink_pathB\paper_final_experiment_check\outputs\coverage_null_global_stats_all_tle_full\4_76_lst033_typical_frozen_polybeam_lines_S30_single.npz,9.10175923472585,9444.443085672718,1.7798436919007438e-05,140609741.2109375,False,False,False,False,False,False,False,False,False,False,False,False
4_76,93.9206796714852,mid,typical,33,2461041.7291666665,2461041.73598962,frozen_polybeam,lines,30.0,multi,coherent_ab,5,49,12,49094;49094;47263;47263;58143;53859;53859;44436;44436;58145;47293;47293,88.901;88.901;87.689;87.689;87.577;86.276;86.276;86.141;86.141;85.854;84.425;84.425,0.1653645833333333,4.328472795086945e-07,0.3314947967906838,0,5,5,5,0.0,0.3314947967906838,0.0,0.3484546838830035,4.328472795086945e-07,765847.0146028149,8.398241757903165,2.017748079549363,0.01849238690709083,False,20269699,100,-0.132152094491997,2.3291592618621126,0.5445544554455446,0.0594059405940594,23.49636905169791,3712.6729311295876,24.37011585500204,36.70017662837827,40.20263838617508,2905.4808992914104,3712.633085249561,3972.7508367121522,4.459514222731741,3.254359882967686,1.817771957092566,3712.6729311295876,916.8546184088079,4122961.348041135,0.0009004869601539001,1381,0.029306195829665968,-1.445965571882522,1.4440828042107998,-4095.9999999999995,4090.666666666666,C:\Users\kimeu\Downloads\starlink_pathB_wsl_package_v0_3_clean\starlink_pathB\paper_final_experiment_check\outputs\coverage_null_global_stats_all_tle_full\4_76_lst033_typical_frozen_polybeam_lines_S30_multi.npz,9.10175923472585,9444.443085672718,1.7798436919007438e-05,140609741.2109375,False,False,False,False,False,False,False,False,False,False,False,False
4_76,93.9206796714852,mid,typical,33,2461041.7291666665,2461041.73598962,frozen_polybeam,lines,1000.0,single,coherent_ab,5,49,1,49094,88.901,0.1653645833333333,4.328472795086945e-07,0.3314947967906838,0,5,5,5,0.0,0.3314947967906838,0.0,0.3484546838830035,4.328472795086945e-07,765847.0146028149,32.352448696406995,32.352448696406995,0.06714272787428177,False,20269716,100,0.9563309913630502,2.479319410406029,0.27722772277227725,0.15841584158415842,177.35081762580876,21901.13967050542,140.97943769722997,195.91231050193517,209.91387355148365,20612.457072412173,22052.16794393138,22064.71138604073,25.652373386199088,0.8661767391504354,0.794320964652167,21901.13967050542,609.6559698366196,4122961.348041135,0.005311992478636963,1381,0.029306195829665968,-1.445965571882522,1.4440828042107998,-4095.9999999999995,4090.666666666666,C:\Users\kimeu\Downloads\starlink_pathB_wsl_package_v0_3_clean\starlink_pathB\paper_final_experiment_check\outputs\coverage_null_global_stats_all_tle_full\4_76_lst033_typical_frozen_polybeam_lines_S1000_single.npz,9.10175923472585,9444.443085672718,1.7798436919007438e-05,140609741.2109375,False,False,False,False,False,False,False,False,False,False,False,False
4_76,93.9206796714852,mid,typical,33,2461041.7291666665,2461041.73598962,frozen_polybeam,lines,1000.0,multi,coherent_ab,5,49,12,49094;49094;47263;47263;58143;53859;53859;44436;44436;58145;47293;47293,88.901;88.901;87.689;87.689;87.577;86.276;86.276;86.141;86.141;85.854;84.425;84.425,0.1653645833333333,4.328472795086945e-07,0.3314947967906838,0,5,5,5,0.0,0.3314947967906838,0.0,0.3484546838830035,4.328472795086945e-07,765847.0146028149,279.9413919301055,67.25826931831212,0.6164128969030276,False,20269733,100,0.2647008125529683,1.531150170445513,0.39603960396039606,0.0297029702970297,821.8705028887507,140758.62143742054,747.619433185724,1257.9193623377607,1400.8295102989237,109774.59434747824,137174.43742024794,144544.82158863198,189.20100740500158,3.76434844188366,2.1257246375796086,140758.62143742054,-33048.85734365127,4122961.348041135,0.034140174878014934,1381,0.029306195829665968,-1.445965571882522,1.4440828042107998,-4095.9999999999995,4090.666666666666,C:\Users\kimeu\Downloads\starlink_pathB_wsl_package_v0_3_clean\starlink_pathB\paper_final_experiment_check\outputs\coverage_null_global_stats_all_tle_full\4_76_lst033_typical_frozen_polybeam_lines_S1000_multi.npz,9.10175923472585,9444.443085672718,1.7798436919007438e-05,140609741.2109375,False,False,False,False,False,False,False,False,False,False,False,False
4_76,93.9206796714852,mid,typical,33,2461041.7291666665,2461041.73598962,frozen_polybeam,khz_comb,30.0,single,coherent_ab,5,49,1,49094,88.901,0.1653645833333333,4.328472795086945e-07,0.3314947967906838,0,5,5,5,0.0,0.3314947967906838,0.0,0.3484546838830035,4.328472795086945e-07,765847.0146028149,0.7987608964778339,0.7987608964778339,0.0017405780091741705,False,20269750,100,0.698312924114919,0.4265684260830512,0.33663366336633666,0.21782178217821782,5.411842746376351,561.9117464847526,4.79433749775194,6.364422578844187,6.513514016593236,559.1394311637403,565.0280118793518,565.3876655064669,0.5964397474862153,0.8757381507337991,0.8379210989440464,561.9117464847526,116.59686967916679,4122961.348041135,0.00013628838571375963,1381,0.029306195829665968,-1.445965571882522,1.4440828042107998,-4095.9999999999995,4090.666666666666,C:\Users\kimeu\Downloads\starlink_pathB_wsl_package_v0_3_clean\starlink_pathB\paper_final_experiment_check\outputs\coverage_null_global_stats_all_tle_full\4_76_lst033_typical_frozen_polybeam_khz_comb_S30_single.npz,9.10175923472585,9444.443085672718,1.7798436919007438e-05,140609741.2109375,False,False,False,False,False,False,False,False,False,False,False,False
4_76,93.9206796714852,mid,typical,33,2461041.7291666665,2461041.73598962,frozen_polybeam,khz_comb,30.0,multi,coherent_ab,5,49,12,49094;49094;47263;47263;58143;53859;53859;44436;44436;58145;47293;47293,88.901;88.901;87.689;87.689;87.577;86.276;86.276;86.141;86.141;85.854;84.425;84.425,0.1653645833333333,4.328472795086945e-07,0.3314947967906838,0,5,5,5,0.0,0.3314947967906838,0.0,0.3484546838830035,4.328472795086945e-07,765847.0146028149,6.91309316352392,1.6605628835201272,0.01628836759368867,False,20269767,100,0.48871385284426117,1.7533724331338731,0.31683168316831684,0.009900990099009901,28.646588849373074,3554.523982757146,24.690819611742086,39.21149439123919,44.00735198774357,2794.766192006484,3359.075260920622,3497.5351159971005,5.4594928747684435,3.6492986274822865,2.074812278435556,3554.523982757146,878.4417925524243,4122961.348041135,0.0008621288638677003,1381,0.029306195829665968,-1.445965571882522,1.4440828042107998,-4095.9999999999995,4090.666666666666,C:\Users\kimeu\Downloads\starlink_pathB_wsl_package_v0_3_clean\starlink_pathB\paper_final_experiment_check\outputs\coverage_null_global_stats_all_tle_full\4_76_lst033_typical_frozen_polybeam_khz_comb_S30_multi.npz,9.10175923472585,9444.443085672718,1.7798436919007438e-05,140609741.2109375,False,False,False,False,False,False,False,False,False,False,False,False
4_76,93.9206796714852,mid,typical,33,2461041.7291666665,2461041.73598962,frozen_polybeam,khz_comb,1000.0,single,coherent_ab,5,49,1,49094,88.901,0.1653645833333333,4.328472795086945e-07,0.3314947967906838,0,5,5,5,0.0,0.3314947967906838,0.0,0.3484546838830035,4.328472795086945e-07,765847.0146028149,26.6253632159278,26.6253632159278,0.05801926697247234,False,20269784,100,1.3219558187571845,6.705856916162021,0.2376237623762376,0.1782178217821782,199.87604765122342,20214.511152435385,149.20591864330243,231.4682190364978,233.95586157819906,18833.005249382448,20353.13426736929,20371.16818988569,25.8530075758963,1.4286100698028954,1.3222951986860008,20214.511152435385,2424.440657779807,4122961.348041135,0.004902910662026828,1381,0.029306195829665968,-1.445965571882522,1.4440828042107998,-4095.9999999999995,4090.666666666666,C:\Users\kimeu\Downloads\starlink_pathB_wsl_package_v0_3_clean\starlink_pathB\paper_final_experiment_check\outputs\coverage_null_global_stats_all_tle_full\4_76_lst033_typical_frozen_polybeam_khz_comb_S1000_single.npz,9.10175923472585,9444.443085672718,1.7798436919007438e-05,140609741.2109375,False,False,False,False,False,False,False,False,False,False,False,False
4_76,93.9206796714852,mid,typical,33,2461041.7291666665,2461041.73598962,frozen_polybeam,khz_comb,1000.0,multi,coherent_ab,5,49,12,49094;49094;47263;47263;58143;53859;53859;44436;44436;58145;47293;47293,88.901;88.901;87.689;87.689;87.577;86.276;86.276;86.141;86.141;85.854;84.425;84.425,0.1653645833333333,4.328472795086945e-07,0.3314947967906838,0,5,5,5,0.0,0.3314947967906838,0.0,0.3484546838830035,4.328472795086945e-07,765847.0146028149,230.43643878413062,55.352096117337574,0.5429455864562889,False,20269801,100,1.4485482201167825,2.0159213796750115,0.1782178217821782,0.0594059405940594,1000.9060858222456,128389.70011565892,701.5210164878469,1260.0501330178226,1542.8581357319667,95125.74625450262,127695.23934168297,137609.5664981545,139.40334190257875,4.225497686113689,2.029887838863288,128389.70011565892,-16644.538305646936,4122961.348041135,0.031140165836543266,1381,0.029306195829665968,-1.445965571882522,1.4440828042107998,-4095.9999999999995,4090.666666666666,C:\Users\kimeu\Downloads\starlink_pathB_wsl_package_v0_3_clean\starlink_pathB\paper_final_experiment_check\outputs\coverage_null_global_stats_all_tle_full\4_76_lst033_typical_frozen_polybeam_khz_comb_S1000_multi.npz,9.10175923472585,9444.443085672718,1.7798436919007438e-05,140609741.2109375,False,False,False,False,False,False,False,False,False,False,False,False
4_76,93.9206796714852,mid,typical,33,2461041.7291666665,2461041.73598962,full_polybeam,smooth,30.0,single,coherent_ab,5,49,1,49094,88.901,0.1653645833333333,4.328472795086945e-07,0.3314947967906838,0,5,5,5,0.0,0.3314947967906838,0.0,0.3484546838830035,4.328472795086945e-07,765847.0146028149,1.0638596732204137,1.0638596732204137,0.0025537766448779165,False,20269818,100,0.0014563528599015657,0.6703346488943643,0.504950495049505,0.24752475247524752,5.479284562756561,692.664133944497,5.477443858201525,8.058522138972103,8.114104114480005,683.0157522141533,693.5190219996525,693.7182511906493,0.852498214877869,1.663157613082525,1.5488763807720338,692.664133944497,134.01860246667113,4122961.348041135,0.00016800160745469747,1381,0.029306195829665968,-1.445965571882522,1.4440828042107998,-4095.9999999999995,4090.666666666666,C:\Users\kimeu\Downloads\starlink_pathB_wsl_package_v0_3_clean\starlink_pathB\paper_final_experiment_check\outputs\coverage_null_global_stats_all_tle_full\4_76_lst033_typical_full_polybeam_smooth_S30_single.npz,9.10175923472585,9444.443085672718,1.7798436919007438e-05,140609741.2109375,False,False,False,False,False,False,False,False,False,False,False,False
4_76,93.9206796714852,mid,typical,33,2461041.7291666665,2461041.73598962,full_polybeam,smooth,30.0,multi,coherent_ab,5,49,12,49094;49094;47263;47263;58143;53859;53859;44436;44436;58145;47293;47293,88.901;88.901;87.689;87.689;87.577;86.276;86.276;86.141;86.141;85.854;84.425;84.425,0.1653645833333333,4.328472795086945e-07,0.3314947967906838,0,5,5,5,0.0,0.3314947967906838,0.0,0.3484546838830035,4.328472795086945e-07,765847.0146028149,11.030584729126668,2.5432739277607173,0.02557057177744934,False,20269835,100,-0.011813646345636232,1.2128563833901038,0.504950495049505,0.07920792079207921,33.08227644863473,5211.6683458314,33.206419765597275,46.79811554165321,60.722606575834355,4220.89565912756,5266.198647525321,5933.6687232301465,7.087864126975546,3.797243542804607,2.3052280022671523,5211.6683458314,868.4646293984201,4122961.348041135,0.0012640594722789537,1381,0.029306195829665968,-1.445965571882522,1.4440828042107998,-4095.9999999999995,4090.666666666666,C:\Users\kimeu\Downloads\starlink_pathB_wsl_package_v0_3_clean\starlink_pathB\paper_final_experiment_check\outputs\coverage_null_global_stats_all_tle_full\4_76_lst033_typical_full_polybeam_smooth_S30_multi.npz,9.10175923472585,9444.443085672718,1.7798436919007438e-05,140609741.2109375,False,False,False,False,False,False,False,False,False,False,False,False
4_76,93.9206796714852,mid,typical,33,2461041.7291666665,2461041.73598962,full_polybeam,smooth,1000.0,single,coherent_ab,5,49,1,49094,88.901,0.1653645833333333,4.328472795086945e-07,0.3314947967906838,0,5,5,5,0.0,0.3314947967906838,0.0,0.3484546838830035,4.328472795086945e-07,765847.0146028149,35.46198910734712,35.46198910734712,0.0851258881625972,False,20269852,100,1.732565749559846,1.9837060866677503,0.31683168316831684,0.06930693069306931,196.7278663521513,25720.041449858283,154.02675284865956,269.3150534555894,276.2190978790925,24920.68888221241,25772.128407101853,25804.103643947925,16.62361528547092,1.4480607409405117,1.3626720706425082,25720.041449858283,-2976.385127235889,4122961.348041135,0.006238244620478473,1381,0.029306195829665968,-1.445965571882522,1.4440828042107998,-4095.9999999999995,4090.666666666666,C:\Users\kimeu\Downloads\starlink_pathB_wsl_package_v0_3_clean\starlink_pathB\paper_final_experiment_check\outputs\coverage_null_global_stats_all_tle_full\4_76_lst033_typical_full_polybeam_smooth_S1000_single.npz,9.10175923472585,9444.443085672718,1.7798436919007438e-05,140609741.2109375,False,False,False,False,False,False,False,False,False,False,False,False
4_76,93.9206796714852,mid,typical,33,2461041.7291666665,2461041.73598962,full_polybeam,smooth,1000.0,multi,coherent_ab,5,49,12,49094;49094;47263;47263;58143;53859;53859;44436;44436;58145;47293;47293,88.901;88.901;87.689;87.689;87.577;86.276;86.276;86.141;86.141;85.854;84.425;84.425,0.1653645833333333,4.328472795086945e-07,0.3314947967906838,0,5,5,5,0.0,0.3314947967906838,0.0,0.3484546838830035,4.328472795086945e-07,765847.0146028149,367.68615763755554,84.77579759202389,0.8523523925816446,False,20269869,100,0.6607023856206676,1.7402165100393991,0.32673267326732675,0.04950495049504951,997.6478827867522,223470.9283673605,800.2219934248301,1334.9402242114907,1501.0177053603632,174360.9528086366,217561.1995105305,231567.0940413493,201.54602276934725,3.28050204737124,1.9880860567666343,223470.9283673605,-126245.01870112465,4122961.348041135,0.05420155793445263,1381,0.029306195829665968,-1.445965571882522,1.4440828042107998,-4095.9999999999995,4090.666666666666,C:\Users\kimeu\Downloads\starlink_pathB_wsl_package_v0_3_clean\starlink_pathB\paper_final_experiment_check\outputs\coverage_null_global_stats_all_tle_full\4_76_lst033_typical_full_polybeam_smooth_S1000_multi.npz,9.10175923472585,9444.443085672718,1.7798436919007438e-05,140609741.2109375,False,False,False,False,False,False,False,False,False,False,False,False
4_76,93.9206796714852,mid,typical,33,2461041.7291666665,2461041.73598962,full_polybeam,lines,30.0,single,coherent_ab,5,49,1,49094,88.901,0.1653645833333333,4.328472795086945e-07,0.3314947967906838,0,5,5,5,0.0,0.3314947967906838,0.0,0.3484546838830035,4.328472795086945e-07,765847.0146028149,1.0638595988339772,1.0638595988339772,0.002556776576624748,False,20269886,100,0.12376510381933156,0.7069646233520632,0.46534653465346537,0.1782178217821782,5.5037747640097905,692.3152202224012,5.335645068617339,8.060694247766879,8.119029916527788,680.8706396940156,693.0845812391377,693.3229998038531,0.9162673680730222,0.9744162992617887,0.9105013339044535,692.3152202224012,134.30689105240344,4122961.348041135,0.00016791698048572004,1381,0.029306195829665968,-1.445965571882522,1.4440828042107998,-4095.9999999999995,4090.666666666666,C:\Users\kimeu\Downloads\starlink_pathB_wsl_package_v0_3_clean\starlink_pathB\paper_final_experiment_check\outputs\coverage_null_global_stats_all_tle_full\4_76_lst033_typical_full_polybeam_lines_S30_single.npz,9.10175923472585,9444.443085672718,1.7798436919007438e-05,140609741.2109375,False,False,False,False,False,False,False,False,False,False,False,False
4_76,93.9206796714852,mid,typical,33,2461041.7291666665,2461041.73598962,full_polybeam,lines,30.0,multi,coherent_ab,5,49,12,49094;49094;47263;47263;58143;53859;53859;44436;44436;58145;47293;47293,88.901;88.901;87.689;87.689;87.577;86.276;86.276;86.141;86.141;85.854;84.425;84.425,0.1653645833333333,4.328472795086945e-07,0.3314947967906838,0,5,5,5,0.0,0.3314947967906838,0.0,0.3484546838830035,4.328472795086945e-07,765847.0146028149,11.0301684945283,2.5431422478670425,0.025594132006766582,False,20269903,100,0.37904076247730323,1.4263261032468102,0.33663366336633666,0.10891089108910891,33.02435902948673,5207.60047896379,30.13761015251248,46.11235226731714,53.84280116517292,4069.6338037491696,5285.1708962261155,5697.915863463687,5.136876123092861,3.8593204285253853,2.0980711458325008,5207.60047896379,874.8054000464282,4122961.348041135,0.0012630728351207996,1381,0.029306195829665968,-1.445965571882522,1.4440828042107998,-4095.9999999999995,4090.666666666666,C:\Users\kimeu\Downloads\starlink_pathB_wsl_package_v0_3_clean\starlink_pathB\paper_final_experiment_check\outputs\coverage_null_global_stats_all_tle_full\4_76_lst033_typical_full_polybeam_lines_S30_multi.npz,9.10175923472585,9444.443085672718,1.7798436919007438e-05,140609741.2109375,False,False,False,False,False,False,False,False,False,False,False,False
4_76,93.9206796714852,mid,typical,33,2461041.7291666665,2461041.73598962,full_polybeam,lines,1000.0,single,coherent_ab,5,49,1,49094,88.901,0.1653645833333333,4.328472795086945e-07,0.3314947967906838,0,5,5,5,0.0,0.3314947967906838,0.0,0.3484546838830035,4.328472795086945e-07,765847.0146028149,35.46198662779925,35.46198662779925,0.08522588588749161,False,20269920,100,2.060447632893671,2.0119191632589186,0.2871287128712871,0.0594059405940594,197.31231650745042,25716.868947395204,151.79917009898492,273.4414044407713,278.8394640909459,24912.07448712083,25708.66789677555,25808.677689363314,14.898799754548065,1.3013983545177674,1.230811041553925,25716.868947395204,-2977.155335501235,4122961.348041135,0.006237475148684956,1381,0.029306195829665968,-1.445965571882522,1.4440828042107998,-4095.9999999999995,4090.666666666666,C:\Users\kimeu\Downloads\starlink_pathB_wsl_package_v0_3_clean\starlink_pathB\paper_final_experiment_check\outputs\coverage_null_global_stats_all_tle_full\4_76_lst033_typical_full_polybeam_lines_S1000_single.npz,9.10175923472585,9444.443085672718,1.7798436919007438e-05,140609741.2109375,True,False,False,False,False,False,False,False,False,False,False,False
4_76,93.9206796714852,mid,typical,33,2461041.7291666665,2461041.73598962,full_polybeam,lines,1000.0,multi,coherent_ab,5,49,12,49094;49094;47263;47263;58143;53859;53859;44436;44436;58145;47293;47293,88.901;88.901;87.689;87.689;87.577;86.276;86.276;86.141;86.141;85.854;84.425;84.425,0.1653645833333333,4.328472795086945e-07,0.3314947967906838,0,5,5,5,0.0,0.3314947967906838,0.0,0.3484546838830035,4.328472795086945e-07,765847.0146028149,367.6722831509435,84.77140826223476,0.8531377335588863,False,20269937,100,0.3139153604091053,1.656137938371042,0.39603960396039606,0.04950495049504951,992.3998526245832,223318.50693761063,906.1082625920458,1423.304516881341,1735.0084276891766,175101.0806770766,221552.12311382664,240222.29923692878,185.40946840459537,3.670528121433293,1.9164418738467988,223318.50693761063,-126081.49070054623,4122961.348041135,0.054164589014086134,1381,0.029306195829665968,-1.445965571882522,1.4440828042107998,-4095.9999999999995,4090.666666666666,C:\Users\kimeu\Downloads\starlink_pathB_wsl_package_v0_3_clean\starlink_pathB\paper_final_experiment_check\outputs\coverage_null_global_stats_all_tle_full\4_76_lst033_typical_full_polybeam_lines_S1000_multi.npz,9.10175923472585,9444.443085672718,1.7798436919007438e-05,140609741.2109375,False,False,False,False,False,False,False,False,False,False,False,False
4_76,93.9206796714852,mid,typical,33,2461041.7291666665,2461041.73598962,full_polybeam,khz_comb,30.0,single,coherent_ab,5,49,1,49094,88.901,0.1653645833333333,4.328472795086945e-07,0.3314947967906838,0,5,5,5,0.0,0.3314947967906838,0.0,0.3484546838830035,4.328472795086945e-07,765847.0146028149,0.8755333636570044,0.8755333636570044,0.0021786804221157145,False,20269954,100,0.36544396173325583,0.6934696954876974,0.36633663366336633,0.07920792079207921,5.343016973998488,631.7806298298455,4.9894355851674845,8.112674129432161,8.189058525008576,623.3047590950393,631.8042034407166,632.0709724441714,0.6525963060336153,0.8933801812583466,0.8559253390980227,631.7806298298455,132.4345686470355,4122961.348041135,0.0001532346719985652,1381,0.029306195829665968,-1.445965571882522,1.4440828042107998,-4095.9999999999995,4090.666666666666,C:\Users\kimeu\Downloads\starlink_pathB_wsl_package_v0_3_clean\starlink_pathB\paper_final_experiment_check\outputs\coverage_null_global_stats_all_tle_full\4_76_lst033_typical_full_polybeam_khz_comb_S30_single.npz,9.10175923472585,9444.443085672718,1.7798436919007438e-05,140609741.2109375,False,False,False,False,False,False,False,False,False,False,False,False
4_76,93.9206796714852,mid,typical,33,2461041.7291666665,2461041.73598962,full_polybeam,khz_comb,30.0,multi,coherent_ab,5,49,12,49094;49094;47263;47263;58143;53859;53859;44436;44436;58145;47293;47293,88.901;88.901;87.689;87.689;87.577;86.276;86.276;86.141;86.141;85.854;84.425;84.425,0.1653645833333333,4.328472795086945e-07,0.3314947967906838,0,5,5,5,0.0,0.3314947967906838,0.0,0.3484546838830035,4.328472795086945e-07,765847.0146028149,9.077589311881528,2.0929508827797347,0.021967785579325758,False,20269971,100,0.6627543500510193,1.1671274254100654,0.27722772277227725,0.09900990099009901,35.997049666169914,4560.974244150599,30.139104280923164,47.89774396449827,55.62846181585218,3670.730884866294,4624.80973209656,5056.272890324315,5.961681023388735,3.4384629451660493,2.0278611544697234,4560.974244150599,856.0387415379814,4122961.348041135,0.0011062374490407407,1381,0.029306195829665968,-1.445965571882522,1.4440828042107998,-4095.9999999999995,4090.666666666666,C:\Users\kimeu\Downloads\starlink_pathB_wsl_package_v0_3_clean\starlink_pathB\paper_final_experiment_check\outputs\coverage_null_global_stats_all_tle_full\4_76_lst033_typical_full_polybeam_khz_comb_S30_multi.npz,9.10175923472585,9444.443085672718,1.7798436919007438e-05,140609741.2109375,False,False,False,False,False,False,False,False,False,False,False,False
4_76,93.9206796714852,mid,typical,33,2461041.7291666665,2461041.73598962,full_polybeam,khz_comb,1000.0,single,coherent_ab,5,49,1,49094,88.901,0.1653645833333333,4.328472795086945e-07,0.3314947967906838,0,5,5,5,0.0,0.3314947967906838,0.0,0.3484546838830035,4.328472795086945e-07,765847.0146028149,29.18444545523348,29.18444545523348,0.07262268073719046,False,20269988,100,1.4817426501171616,3.4394367116806026,0.33663366336633666,0.13861386138613863,196.21272533399872,22819.563299615176,156.81553311201424,284.3427487756966,288.51216444759245,21801.709632107988,22964.250870814452,22974.96950215342,17.933641918824833,1.7095532405175153,1.5819987783250655,22819.563299615176,-35.1457613413329,4122961.348041135,0.005534750722428433,1381,0.029306195829665968,-1.445965571882522,1.4440828042107998,-4095.9999999999995,4090.666666666666,C:\Users\kimeu\Downloads\starlink_pathB_wsl_package_v0_3_clean\starlink_pathB\paper_final_experiment_check\outputs\coverage_null_global_stats_all_tle_full\4_76_lst033_typical_full_polybeam_khz_comb_S1000_single.npz,9.10175923472585,9444.443085672718,1.7798436919007438e-05,140609741.2109375,False,False,False,False,False,False,False,False,False,False,False,False
4_76,93.9206796714852,mid,typical,33,2461041.7291666665,2461041.73598962,full_polybeam,khz_comb,1000.0,multi,coherent_ab,5,49,12,49094;49094;47263;47263;58143;53859;53859;44436;44436;58145;47293;47293,88.901;88.901;87.689;87.689;87.577;86.276;86.276;86.141;86.141;85.854;84.425;84.425,0.1653645833333333,4.328472795086945e-07,0.3314947967906838,0,5,5,5,0.0,0.3314947967906838,0.0,0.3484546838830035,4.328472795086945e-07,765847.0146028149,302.5863103960509,69.76502942599114,0.7322595193108584,False,20270005,100,0.908166216038786,1.7723475948386498,0.19801980198019803,0.04950495049504951,1164.7142203708772,179204.8669806436,888.7128755668336,1379.3241852074136,1644.5386800897209,139128.72756369627,176655.55769317856,193319.45986459905,204.98489526006597,4.015166293197582,2.002050720593294,179204.8669806436,-77282.36527041481,4122961.348041135,0.04346508537262563,1381,0.029306195829665968,-1.445965571882522,1.4440828042107998,-4095.9999999999995,4090.666666666666,C:\Users\kimeu\Downloads\starlink_pathB_wsl_package_v0_3_clean\starlink_pathB\paper_final_experiment_check\outputs\coverage_null_global_stats_all_tle_full\4_76_lst033_typical_full_polybeam_khz_comb_S1000_multi.npz,9.10175923472585,9444.443085672718,1.7798436919007438e-05,140609741.2109375,False,False,False,False,False,False,False,False,False,False,False,False
4_76,93.9206796714852,mid,stress,0,2461041.5,2461041.506822953,frozen_polybeam,smooth,30.0,single,coherent_ab,4,10,1,58881,88.065,0.2350680443548387,7.117139047722464e-05,0.5502745938468236,1,4,4,4,0.3308758856684498,0.5502745938468236,0.3308758856684498,0.7280464634021924,7.117139047722464e-05,7731.682494287019,20.354254863409516,20.354254863409516,0.03375563502813629,False,20269989,100,-0.7800052169271411,-1.3859558800928171,0.8514851485148515,0.8910891089108911,306.4947490151126,62058.7600707111,405.4425527435096,548.2886494503749,554.2859158401806,63157.12934399863,64760.66676442964,64966.05294823029,85.56273450096887,1.0827097823499356,0.9748208910228504,62058.7600707111,4275.672144022952,7993977.983963837,0.007763188764743018,1381,0.029306195829665968,-1.445965571882522,1.4440828042107998,-4095.9999999999995,4090.666666666666,C:\Users\kimeu\Downloads\starlink_pathB_wsl_package_v0_3_clean\starlink_pathB\paper_final_experiment_check\outputs\coverage_null_global_stats_all_tle_full\4_76_lst000_stress_frozen_polybeam_smooth_S30_single.npz,9.10175923472585,9444.443085672718,1.7798436919007438e-05,140609741.2109375,False,False,False,False,False,False,False,False,False,False,False,False
4_76,93.9206796714852,mid,stress,0,2461041.5,2461041.506822953,frozen_polybeam,smooth,30.0,multi,coherent_ab,4,10,10,58881;58881;46696;46696;48029;48029;54100;54100;58069;58069,88.065;88.065;86.822;86.617;85.104;85.104;83.508;83.508;77.989;77.989,0.2350680443548387,7.117139047722464e-05,0.5502745938468236,1,4,4,4,0.3308758856684498,0.5502745938468236,0.3308758856684498,0.7280464634021924,7.117139047722464e-05,7731.682494287019,62.34010399411198,20.354254863409516,0.11659113545990428,False,20270006,100,0.3477769528515036,1.0004264924832953,0.37623762376237624,0.009900990099009901,677.0736596476127,136822.66277812366,570.0890205024343,1054.7999128379345,1136.5499262075487,95992.5672553366,132516.462333081,134953.80740346058,207.4897428300037,3.790145401002587,2.264186365871955,136822.66277812366,13029.648672381463,7993977.983963837,0.0171157167373483,1381,0.029306195829665968,-1.445965571882522,1.4440828042107998,-4095.9999999999995,4090.666666666666,C:\Users\kimeu\Downloads\starlink_pathB_wsl_package_v0_3_clean\starlink_pathB\paper_final_experiment_check\outputs\coverage_null_global_stats_all_tle_full\4_76_lst000_stress_frozen_polybeam_smooth_S30_multi.npz,9.10175923472585,9444.443085672718,1.7798436919007438e-05,140609741.2109375,False,False,False,False,False,False,False,False,False,False,False,False
4_76,93.9206796714852,mid,stress,0,2461041.5,2461041.506822953,frozen_polybeam,smooth,1000.0,single,coherent_ab,4,10,1,58881,88.065,0.2350680443548387,7.117139047722464e-05,0.5502745938468236,1,4,4,4,0.3308758856684498,0.5502745938468236,0.3308758856684498,0.7280464634021924,7.117139047722464e-05,7731.682494287019,678.4751621136505,678.4751621136505,1.12518783427121,False,20270023,100,-1.1159631015072298,-0.5454010775601165,0.8910891089108911,0.693069306930693,17171.42305434603,4067189.614540595,22223.7999289954,26590.19824438799,26777.094967371355,4255588.681680247,4595783.654373799,4600403.245280781,3053.668630030563,0.8684661557330767,0.8218650621939441,4067189.614540595,-196385.30375675904,7993977.983963837,0.5087816882532703,1381,0.029306195829665968,-1.445965571882522,1.4440828042107998,-4095.9999999999995,4090.666666666666,C:\Users\kimeu\Downloads\starlink_pathB_wsl_package_v0_3_clean\starlink_pathB\paper_final_experiment_check\outputs\coverage_null_global_stats_all_tle_full\4_76_lst000_stress_frozen_polybeam_smooth_S1000_single.npz,9.10175923472585,9444.443085672718,1.7798436919007438e-05,140609741.2109375,False,False,False,False,False,False,False,False,False,False,False,False
4_76,93.9206796714852,mid,stress,0,2461041.5,2461041.506822953,frozen_polybeam,smooth,1000.0,multi,coherent_ab,4,10,10,58881;58881;46696;46696;48029;48029;54100;54100;58069;58069,88.065;88.065;86.822;86.617;85.104;85.104;83.508;83.508;77.989;77.989,0.2350680443548387,7.117139047722464e-05,0.5502745938468236,1,4,4,4,0.3308758856684498,0.5502745938468236,0.3308758856684498,0.7280464634021924,7.117139047722464e-05,7731.682494287019,2078.0034664704,678.4751621136505,3.88637118199681,False,20270040,100,0.1387433995370122,0.23790354937842864,0.44554455445544555,0.4158415841584158,45573.12923823573,11243698.067462292,41795.2077554344,81854.25672666942,86418.08164209216,9519961.340689432,18481545.651614293,21018127.347561777,18366.085440322826,4.797701643712821,2.413964552553695,11243698.067462292,-1328527.0667344125,7993977.983963837,1.4065210199499538,1381,0.029306195829665968,-1.445965571882522,1.4440828042107998,-4095.9999999999995,4090.666666666666,C:\Users\kimeu\Downloads\starlink_pathB_wsl_package_v0_3_clean\starlink_pathB\paper_final_experiment_check\outputs\coverage_null_global_stats_all_tle_full\4_76_lst000_stress_frozen_polybeam_smooth_S1000_multi.npz,9.10175923472585,9444.443085672718,1.7798436919007438e-05,140609741.2109375,False,False,False,False,False,False,False,False,False,False,False,False
4_76,93.9206796714852,mid,stress,0,2461041.5,2461041.506822953,frozen_polybeam,lines,30.0,single,coherent_ab,4,10,1,58881,88.065,0.2350680443548387,7.117139047722464e-05,0.5502745938468236,1,4,4,4,0.3308758856684498,0.5502745938468236,0.3308758856684498,0.7280464634021924,7.117139047722464e-05,7731.682494287019,20.35421446514285,20.35421446514285,0.03379531344159796,False,20270057,100,-0.9721679278848347,-1.5441701108254267,0.900990099009901,0.8613861386138614,310.4325675166274,62135.600681637254,426.97099608313147,544.1729849424985,555.7912371836551,63355.910982471796,64804.6373451432,64951.70989688693,80.85443979112824,1.4076515314157099,1.2924301597224064,62135.600681637254,4197.486120414741,7993977.983963837,0.0077728010767959535,1381,0.029306195829665968,-1.445965571882522,1.4440828042107998,-4095.9999999999995,4090.666666666666,C:\Users\kimeu\Downloads\starlink_pathB_wsl_package_v0_3_clean\starlink_pathB\paper_final_experiment_check\outputs\coverage_null_global_stats_all_tle_full\4_76_lst000_stress_frozen_polybeam_lines_S30_single.npz,9.10175923472585,9444.443085672718,1.7798436919007438e-05,140609741.2109375,False,False,False,False,False,False,False,False,False,False,False,False
4_76,93.9206796714852,mid,stress,0,2461041.5,2461041.506822953,frozen_polybeam,lines,30.0,multi,coherent_ab,4,10,10,58881;58881;46696;46696;48029;48029;54100;54100;58069;58069,88.065;88.065;86.822;86.617;85.104;85.104;83.508;83.508;77.989;77.989,0.2350680443548387,7.117139047722464e-05,0.5502745938468236,1,4,4,4,0.3308758856684498,0.5502745938468236,0.3308758856684498,0.7280464634021924,7.117139047722464e-05,7731.682494287019,62.33971596896889,20.35421446514285,0.11673009144611945,False,20270074,100,0.48087609359333183,0.8452482626597979,0.32673267326732675,0.009900990099009901,670.3491943202525,136990.93329320318,515.9499252179753,1074.7520902166586,1243.7037609933077,90241.1571802049,132084.24145499777,135609.7976946931,216.56489408994457,3.775553339708454,2.4209538720845214,136990.93329320318,12865.320555397302,7993977.983963837,0.01713676639690667,1381,0.029306195829665968,-1.445965571882522,1.4440828042107998,-4095.9999999999995,4090.666666666666,C:\Users\kimeu\Downloads\starlink_pathB_wsl_package_v0_3_clean\starlink_pathB\paper_final_experiment_check\outputs\coverage_null_global_stats_all_tle_full\4_76_lst000_stress_frozen_polybeam_lines_S30_multi.npz,9.10175923472585,9444.443085672718,1.7798436919007438e-05,140609741.2109375,False,False,False,False,False,False,False,False,False,False,False,False
4_76,93.9206796714852,mid,stress,0,2461041.5,2461041.506822953,frozen_polybeam,lines,1000.0,single,coherent_ab,4,10,1,58881,88.065,0.2350680443548387,7.117139047722464e-05,0.5502745938468236,1,4,4,4,0.3308758856684498,0.5502745938468236,0.3308758856684498,0.7280464634021924,7.117139047722464e-05,7731.682494287019,678.4738155047618,678.4738155047618,1.1265104480532653,False,20270091,100,-1.823589370002582,-1.0848351922102182,0.9108910891089109,0.7722772277227723,17266.501250685076,4063270.8322042692,24086.247152427954,26892.39608740693,26917.973777609302,4383939.906840201,4602012.346911059,4603582.257451163,2522.4185161253918,1.4292708925773823,1.2881635053253717,4063270.8322042692,-199072.79674892192,7993977.983963837,0.5082914714495479,1381,0.029306195829665968,-1.445965571882522,1.4440828042107998,-4095.9999999999995,4090.666666666666,C:\Users\kimeu\Downloads\starlink_pathB_wsl_package_v0_3_clean\starlink_pathB\paper_final_experiment_check\outputs\coverage_null_global_stats_all_tle_full\4_76_lst000_stress_frozen_polybeam_lines_S1000_single.npz,9.10175923472585,9444.443085672718,1.7798436919007438e-05,140609741.2109375,False,False,False,False,False,False,False,False,False,False,False,False
4_76,93.9206796714852,mid,stress,0,2461041.5,2461041.506822953,frozen_polybeam,lines,1000.0,multi,coherent_ab,4,10,10,58881;58881;46696;46696;48029;48029;54100;54100;58069;58069,88.065;88.065;86.822;86.617;85.104;85.104;83.508;83.508;77.989;77.989,0.2350680443548387,7.117139047722464e-05,0.5502745938468236,1,4,4,4,0.3308758856684498,0.5502745938468236,0.3308758856684498,0.7280464634021924,7.117139047722464e-05,7731.682494287019,2077.9905322989625,678.4738155047618,3.8910030482039817,False,20270108,100,0.02917519625881569,0.336333517831667,0.504950495049505,0.38613861386138615,44006.601001049916,11248025.759810546,43180.395105759366,84345.85800871068,94701.01370742802,8891620.080590773,19805107.280410293,23744302.390108973,19100.75383400984,5.172481937415495,2.533420356070362,11248025.759810546,-1327921.420039568,7993977.983963837,1.4070623890101308,1381,0.029306195829665968,-1.445965571882522,1.4440828042107998,-4095.9999999999995,4090.666666666666,C:\Users\kimeu\Downloads\starlink_pathB_wsl_package_v0_3_clean\starlink_pathB\paper_final_experiment_check\outputs\coverage_null_global_stats_all_tle_full\4_76_lst000_stress_frozen_polybeam_lines_S1000_multi.npz,9.10175923472585,9444.443085672718,1.7798436919007438e-05,140609741.2109375,False,False,False,False,False,False,False,False,False,False,False,False
4_76,93.9206796714852,mid,stress,0,2461041.5,2461041.506822953,frozen_polybeam,khz_comb,30.0,single,coherent_ab,4,10,1,58881,88.065,0.2350680443548387,7.117139047722464e-05,0.5502745938468236,1,4,4,4,0.3308758856684498,0.5502745938468236,0.3308758856684498,0.7280464634021924,7.117139047722464e-05,7731.682494287019,18.624507098294377,18.624507098294377,0.030442119065676402,False,20270125,100,-1.1995222593983896,-1.1033753051182793,0.9801980198019802,0.8217821782178217,293.4164245083084,56010.02114512818,410.81896936013436,534.613489346861,542.2580535461973,56920.49936843778,57873.51504594663,57946.906888181285,66.01539156206127,0.9959137319885807,0.9368071302926447,56010.02114512818,3745.699930362656,7993977.983963837,0.007006526820249691,1381,0.029306195829665968,-1.445965571882522,1.4440828042107998,-4095.9999999999995,4090.666666666666,C:\Users\kimeu\Downloads\starlink_pathB_wsl_package_v0_3_clean\starlink_pathB\paper_final_experiment_check\outputs\coverage_null_global_stats_all_tle_full\4_76_lst000_stress_frozen_polybeam_khz_comb_S30_single.npz,9.10175923472585,9444.443085672718,1.7798436919007438e-05,140609741.2109375,False,False,False,False,False,False,False,False,False,False,False,False
4_76,93.9206796714852,mid,stress,0,2461041.5,2461041.506822953,frozen_polybeam,khz_comb,30.0,multi,coherent_ab,4,10,10,58881;58881;46696;46696;48029;48029;54100;54100;58069;58069,88.065;88.065;86.822;86.617;85.104;85.104;83.508;83.508;77.989;77.989,0.2350680443548387,7.117139047722464e-05,0.5502745938468236,1,4,4,4,0.3308758856684498,0.5502745938468236,0.3308758856684498,0.7280464634021924,7.117139047722464e-05,7731.682494287019,57.42226064428053,18.624507098294377,0.10516740370641081,False,20270142,100,1.162473047665019,1.028047884308276,0.1485148514851485,0.009900990099009901,857.0033368477452,124100.83260248555,508.3593057916264,1024.073168838173,1074.9449701350393,86628.98083571202,116153.87279338573,118883.95044861645,202.29043397295754,3.002788973908143,1.9818035971376156,124100.83260248555,11465.955428073086,7993977.983963837,0.015524290015738797,1381,0.029306195829665968,-1.445965571882522,1.4440828042107998,-4095.9999999999995,4090.666666666666,C:\Users\kimeu\Downloads\starlink_pathB_wsl_package_v0_3_clean\starlink_pathB\paper_final_experiment_check\outputs\coverage_null_global_stats_all_tle_full\4_76_lst000_stress_frozen_polybeam_khz_comb_S30_multi.npz,9.10175923472585,9444.443085672718,1.7798436919007438e-05,140609741.2109375,False,False,False,False,False,False,False,False,False,False,False,False
4_76,93.9206796714852,mid,stress,0,2461041.5,2461041.506822953,frozen_polybeam,khz_comb,1000.0,single,coherent_ab,4,10,1,58881,88.065,0.2350680443548387,7.117139047722464e-05,0.5502745938468236,1,4,4,4,0.3308758856684498,0.5502745938468236,0.3308758856684498,0.7280464634021924,7.117139047722464e-05,7731.682494287019,620.8169032764791,620.8169032764791,1.0147373021892137,False,20270159,100,-2.4824225387591263,-2.214847384583782,0.9603960396039604,0.9405940594059405,13360.591060767561,3328343.0136020915,19465.814734173262,23879.07885558545,23971.602047855115,3627902.9746318883,3725566.435744326,3728908.0453764163,1658.8299888335278,1.447064077311051,1.3177976941164755,3328343.0136020915,-336317.3211018782,7993977.983963837,0.4163562897319518,1381,0.029306195829665968,-1.445965571882522,1.4440828042107998,-4095.9999999999995,4090.666666666666,C:\Users\kimeu\Downloads\starlink_pathB_wsl_package_v0_3_clean\starlink_pathB\paper_final_experiment_check\outputs\coverage_null_global_stats_all_tle_full\4_76_lst000_stress_frozen_polybeam_khz_comb_S1000_single.npz,9.10175923472585,9444.443085672718,1.7798436919007438e-05,140609741.2109375,False,False,False,False,False,False,False,False,False,False,False,False
4_76,93.9206796714852,mid,stress,0,2461041.5,2461041.506822953,frozen_polybeam,khz_comb,1000.0,multi,coherent_ab,4,10,10,58881;58881;46696;46696;48029;48029;54100;54100;58069;58069,88.065;88.065;86.822;86.617;85.104;85.104;83.508;83.508;77.989;77.989,0.2350680443548387,7.117139047722464e-05,0.5502745938468236,1,4,4,4,0.3308758856684498,0.5502745938468236,0.3308758856684498,0.7280464634021924,7.117139047722464e-05,7731.682494287019,1914.075354809351,620.8169032764791,3.505580123547028,False,20270176,100,0.22128696678848836,0.34742571650050896,0.4158415841584158,0.4158415841584158,38847.649338409,9956035.237543013,33426.708083425416,72438.67047609092,86641.59564319602,7790869.380080726,15764656.534682875,18176428.521343563,16523.22699893455,5.280752426628641,2.532896295457898,9956035.237543013,-1425027.7709371755,7993977.983963837,1.2454419135898451,1381,0.029306195829665968,-1.445965571882522,1.4440828042107998,-4095.9999999999995,4090.666666666666,C:\Users\kimeu\Downloads\starlink_pathB_wsl_package_v0_3_clean\starlink_pathB\paper_final_experiment_check\outputs\coverage_null_global_stats_all_tle_full\4_76_lst000_stress_frozen_polybeam_khz_comb_S1000_multi.npz,9.10175923472585,9444.443085672718,1.7798436919007438e-05,140609741.2109375,False,False,False,False,False,False,False,False,False,False,False,False
4_76,93.9206796714852,mid,stress,0,2461041.5,2461041.506822953,full_polybeam,smooth,30.0,single,coherent_ab,4,10,1,58881,88.065,0.2350680443548387,7.117139047722464e-05,0.5502745938468236,1,4,4,4,0.3308758856684498,0.5502745938468236,0.3308758856684498,0.7280464634021924,7.117139047722464e-05,7731.682494287019,24.317788767332363,24.317788767332363,0.04055547579381868,False,20270193,100,-0.5625098959686147,-1.076077153256613,0.7326732673267327,0.8613861386138614,393.2793740574998,69906.10814150909,496.71749753667973,710.0547468605789,721.9933909550433,73600.0105626825,77882.26296395842,77936.8605050031,124.02992189882934,0.918049187068022,0.8567363099561663,69906.10814150909,2966.6501014677956,7993977.983963837,0.008744846218208615,1381,0.029306195829665968,-1.445965571882522,1.4440828042107998,-4095.9999999999995,4090.666666666666,C:\Users\kimeu\Downloads\starlink_pathB_wsl_package_v0_3_clean\starlink_pathB\paper_final_experiment_check\outputs\coverage_null_global_stats_all_tle_full\4_76_lst000_stress_full_polybeam_smooth_S30_single.npz,9.10175923472585,9444.443085672718,1.7798436919007438e-05,140609741.2109375,False,False,False,False,False,False,False,False,False,False,False,False
4_76,93.9206796714852,mid,stress,0,2461041.5,2461041.506822953,full_polybeam,smooth,30.0,multi,coherent_ab,4,10,10,58881;58881;46696;46696;48029;48029;54100;54100;58069;58069,88.065;88.065;86.822;86.617;85.104;85.104;83.508;83.508;77.989;77.989,0.2350680443548387,7.117139047722464e-05,0.5502745938468236,1,4,4,4,0.3308758856684498,0.5502745938468236,0.3308758856684498,0.7280464634021924,7.117139047722464e-05,7731.682494287019,87.79630435762427,24.317788767332363,0.1561427348545204,False,20270210,100,0.13618125991091537,0.7879906441109624,0.42574257425742573,0.16831683168316833,794.5305117865864,153802.27135012962,738.2640371637972,1331.7486045590158,1573.4504932875625,111440.49135706198,166751.9827613618,175738.66003508,278.6816425859324,3.0555763188090292,1.9170155692257909,153802.27135012962,16192.725464814717,7993977.983963837,0.019239766691709893,1381,0.029306195829665968,-1.445965571882522,1.4440828042107998,-4095.9999999999995,4090.666666666666,C:\Users\kimeu\Downloads\starlink_pathB_wsl_package_v0_3_clean\starlink_pathB\paper_final_experiment_check\outputs\coverage_null_global_stats_all_tle_full\4_76_lst000_stress_full_polybeam_smooth_S30_multi.npz,9.10175923472585,9444.443085672718,1.7798436919007438e-05,140609741.2109375,False,False,False,False,False,False,False,False,False,False,False,False
4_76,93.9206796714852,mid,stress,0,2461041.5,2461041.506822953,full_polybeam,smooth,1000.0,single,coherent_ab,4,10,1,58881,88.065,0.2350680443548387,7.117139047722464e-05,0.5502745938468236,1,4,4,4,0.3308758856684498,0.5502745938468236,0.3308758856684498,0.7280464634021924,7.117139047722464e-05,7731.682494287019,810.5929589110788,810.5929589110788,1.3518491931272891,False,20270227,100,-1.6685144916544672,-0.5660692727662868,1.0,0.7326732673267327,44670.80424345817,9443484.805929268,51150.89651136465,57086.05830564136,57180.3231887709,9800973.776921896,10517938.93133977,10522562.106768806,2619.5531277194277,0.947295237327979,0.9130964333846612,9443484.805929268,535475.4989320496,7993977.983963837,1.1813248453865128,1381,0.029306195829665968,-1.445965571882522,1.4440828042107998,-4095.9999999999995,4090.666666666666,C:\Users\kimeu\Downloads\starlink_pathB_wsl_package_v0_3_clean\starlink_pathB\paper_final_experiment_check\outputs\coverage_null_global_stats_all_tle_full\4_76_lst000_stress_full_polybeam_smooth_S1000_single.npz,9.10175923472585,9444.443085672718,1.7798436919007438e-05,140609741.2109375,False,False,False,False,False,False,False,False,False,False,False,False
4_76,93.9206796714852,mid,stress,0,2461041.5,2461041.506822953,full_polybeam,smooth,1000.0,multi,coherent_ab,4,10,10,58881;58881;46696;46696;48029;48029;54100;54100;58069;58069,88.065;88.065;86.822;86.617;85.104;85.104;83.508;83.508;77.989;77.989,0.2350680443548387,7.117139047722464e-05,0.5502745938468236,1,4,4,4,0.3308758856684498,0.5502745938468236,0.3308758856684498,0.7280464634021924,7.117139047722464e-05,7731.682494287019,2926.543478587475,810.5929589110788,5.204757828484013,False,20270244,100,-0.27220681747749165,-0.19355230951951652,0.6138613861386139,0.5742574257425742,79432.04529336312,16465173.311545363,100688.67153207332,210032.3225437836,256984.9564540153,19451745.227461748,44159905.7074007,50273043.989474945,52670.97315387152,4.457615837526238,1.6817641778793224,16465173.311545363,-1722185.5079222415,7993977.983963837,2.059697105067715,1381,0.029306195829665968,-1.445965571882522,1.4440828042107998,-4095.9999999999995,4090.666666666666,C:\Users\kimeu\Downloads\starlink_pathB_wsl_package_v0_3_clean\starlink_pathB\paper_final_experiment_check\outputs\coverage_null_global_stats_all_tle_full\4_76_lst000_stress_full_polybeam_smooth_S1000_multi.npz,9.10175923472585,9444.443085672718,1.7798436919007438e-05,140609741.2109375,False,False,False,False,False,False,False,False,False,False,False,False
4_76,93.9206796714852,mid,stress,0,2461041.5,2461041.506822953,full_polybeam,lines,30.0,single,coherent_ab,4,10,1,58881,88.065,0.2350680443548387,7.117139047722464e-05,0.5502745938468236,1,4,4,4,0.3308758856684498,0.5502745938468236,0.3308758856684498,0.7280464634021924,7.117139047722464e-05,7731.682494287019,24.317517368665975,24.317517368665975,0.04060015475517081,False,20270261,100,-0.6671082440197063,-1.3877628341039185,0.7722772277227723,0.900990099009901,394.5495865330304,69983.48346954859,527.9710483316812,722.539422673421,725.2210746450419,74014.17161120998,77845.20579878261,77974.65446443709,134.89796282054522,0.9069161414691062,0.8494397557337363,69983.48346954859,2879.0715235365806,7993977.983963837,0.008754525420252294,1381,0.029306195829665968,-1.445965571882522,1.4440828042107998,-4095.9999999999995,4090.666666666666,C:\Users\kimeu\Downloads\starlink_pathB_wsl_package_v0_3_clean\starlink_pathB\paper_final_experiment_check\outputs\coverage_null_global_stats_all_tle_full\4_76_lst000_stress_full_polybeam_lines_S30_single.npz,9.10175923472585,9444.443085672718,1.7798436919007438e-05,140609741.2109375,False,False,False,False,False,False,False,False,False,False,False,False
4_76,93.9206796714852,mid,stress,0,2461041.5,2461041.506822953,full_polybeam,lines,30.0,multi,coherent_ab,4,10,10,58881;58881;46696;46696;48029;48029;54100;54100;58069;58069,88.065;88.065;86.822;86.617;85.104;85.104;83.508;83.508;77.989;77.989,0.2350680443548387,7.117139047722464e-05,0.5502745938468236,1,4,4,4,0.3308758856684498,0.5502745938468236,0.3308758856684498,0.7280464634021924,7.117139047722464e-05,7731.682494287019,87.79427986684541,24.317517368665975,0.15631050114342682,False,20270278,100,0.34222022374756067,0.7776860959490496,0.38613861386138615,0.10891089108910891,785.3561581082395,154085.84186163958,647.1067358173668,1394.0594421431726,1462.1165543485813,114969.74316717139,157829.3130360118,167885.61560363678,272.4793900753093,4.034886517843449,2.403989918765006,154085.84186163958,16003.749843675749,7993977.983963837,0.01927523970803278,1381,0.029306195829665968,-1.445965571882522,1.4440828042107998,-4095.9999999999995,4090.666666666666,C:\Users\kimeu\Downloads\starlink_pathB_wsl_package_v0_3_clean\starlink_pathB\paper_final_experiment_check\outputs\coverage_null_global_stats_all_tle_full\4_76_lst000_stress_full_polybeam_lines_S30_multi.npz,9.10175923472585,9444.443085672718,1.7798436919007438e-05,140609741.2109375,False,False,False,False,False,False,False,False,False,False,False,False
4_76,93.9206796714852,mid,stress,0,2461041.5,2461041.506822953,full_polybeam,lines,1000.0,single,coherent_ab,4,10,1,58881,88.065,0.2350680443548387,7.117139047722464e-05,0.5502745938468236,1,4,4,4,0.3308758856684498,0.5502745938468236,0.3308758856684498,0.7280464634021924,7.117139047722464e-05,7731.682494287019,810.5839122888658,810.5839122888658,1.3533384918390272,False,20270295,100,-1.802547043204206,-0.8162138062865193,0.9900990099009901,0.7920792079207921,44657.904530654545,9438494.59211919,52591.11496353265,57425.825978651,57528.194642076094,9922754.456427924,10508107.936864844,10519839.108976893,2968.509005150783,1.0637713118186867,0.9961862243626709,9438494.59211919,531777.3626036677,7993977.983963837,1.1807005987573518,1381,0.029306195829665968,-1.445965571882522,1.4440828042107998,-4095.9999999999995,4090.666666666666,C:\Users\kimeu\Downloads\starlink_pathB_wsl_package_v0_3_clean\starlink_pathB\paper_final_experiment_check\outputs\coverage_null_global_stats_all_tle_full\4_76_lst000_stress_full_polybeam_lines_S1000_single.npz,9.10175923472585,9444.443085672718,1.7798436919007438e-05,140609741.2109375,False,False,False,False,False,False,False,False,False,False,False,False
4_76,93.9206796714852,mid,stress,0,2461041.5,2461041.506822953,full_polybeam,lines,1000.0,multi,coherent_ab,4,10,10,58881;58881;46696;46696;48029;48029;54100;54100;58069;58069,88.065;88.065;86.822;86.617;85.104;85.104;83.508;83.508;77.989;77.989,0.2350680443548387,7.117139047722464e-05,0.5502745938468236,1,4,4,4,0.3308758856684498,0.5502745938468236,0.3308758856684498,0.7280464634021924,7.117139047722464e-05,7731.682494287019,2926.4759955615136,810.5839122888658,5.210350038114228,False,20270312,100,-0.2953396471922682,-0.26522392165024467,0.6138613861386139,0.5742574257425742,79234.6969511028,16475356.916408861,101596.34164261118,208757.04463054508,239109.01001424764,20977973.28238457,43472391.73953267,46470390.82323034,51069.07540016902,4.1411756479929105,1.8518383382667032,16475356.916408861,-1719796.1405422604,7993977.983963837,2.0609710146136164,1381,0.029306195829665968,-1.445965571882522,1.4440828042107998,-4095.9999999999995,4090.666666666666,C:\Users\kimeu\Downloads\starlink_pathB_wsl_package_v0_3_clean\starlink_pathB\paper_final_experiment_check\outputs\coverage_null_global_stats_all_tle_full\4_76_lst000_stress_full_polybeam_lines_S1000_multi.npz,9.10175923472585,9444.443085672718,1.7798436919007438e-05,140609741.2109375,False,False,False,False,False,False,False,False,False,False,False,False
4_76,93.9206796714852,mid,stress,0,2461041.5,2461041.506822953,full_polybeam,khz_comb,30.0,single,coherent_ab,4,10,1,58881,88.065,0.2350680443548387,7.117139047722464e-05,0.5502745938468236,1,4,4,4,0.3308758856684498,0.5502745938468236,0.3308758856684498,0.7280464634021924,7.117139047722464e-05,7731.682494287019,20.012789094454867,20.012789094454867,0.035729206338172934,False,20270329,100,-0.5843421021238403,-1.3930420857503882,0.7920792079207921,0.8712871287128713,330.390178290123,61410.19202442854,452.16904131790216,664.1791539471727,666.1648266854626,64347.781250143766,67198.90513271274,67380.45891676827,140.56614697668192,1.044573977555903,0.9654863295708859,61410.19202442854,2594.051290045325,7993977.983963837,0.007682056686623263,1381,0.029306195829665968,-1.445965571882522,1.4440828042107998,-4095.9999999999995,4090.666666666666,C:\Users\kimeu\Downloads\starlink_pathB_wsl_package_v0_3_clean\starlink_pathB\paper_final_experiment_check\outputs\coverage_null_global_stats_all_tle_full\4_76_lst000_stress_full_polybeam_khz_comb_S30_single.npz,9.10175923472585,9444.443085672718,1.7798436919007438e-05,140609741.2109375,False,False,False,False,False,False,False,False,False,False,False,False
4_76,93.9206796714852,mid,stress,0,2461041.5,2461041.506822953,full_polybeam,khz_comb,30.0,multi,coherent_ab,4,10,10,58881;58881;46696;46696;48029;48029;54100;54100;58069;58069,88.065;88.065;86.822;86.617;85.104;85.104;83.508;83.508;77.989;77.989,0.2350680443548387,7.117139047722464e-05,0.5502745938468236,1,4,4,4,0.3308758856684498,0.5502745938468236,0.3308758856684498,0.7280464634021924,7.117139047722464e-05,7731.682494287019,72.25278715904992,20.012789094454867,0.13613044986086617,False,20270346,100,0.5983415199895835,1.0063907742979534,0.3069306930693069,0.09900990099009901,943.1417550832048,135382.581915199,687.4292429055749,1199.0874089321674,1377.5204503509244,95593.50755517211,142184.69418643607,148904.80803626502,288.25632316032534,3.826786514709576,2.171974650057443,135382.581915199,14205.639525372248,7993977.983963837,0.016935571024436217,1381,0.029306195829665968,-1.445965571882522,1.4440828042107998,-4095.9999999999995,4090.666666666666,C:\Users\kimeu\Downloads\starlink_pathB_wsl_package_v0_3_clean\starlink_pathB\paper_final_experiment_check\outputs\coverage_null_global_stats_all_tle_full\4_76_lst000_stress_full_polybeam_khz_comb_S30_multi.npz,9.10175923472585,9444.443085672718,1.7798436919007438e-05,140609741.2109375,False,False,False,False,False,False,False,False,False,False,False,False
4_76,93.9206796714852,mid,stress,0,2461041.5,2461041.506822953,full_polybeam,khz_comb,1000.0,single,coherent_ab,4,10,1,58881,88.065,0.2350680443548387,7.117139047722464e-05,0.5502745938468236,1,4,4,4,0.3308758856684498,0.5502745938468236,0.3308758856684498,0.7280464634021924,7.117139047722464e-05,7731.682494287019,667.0929698151622,667.0929698151622,1.190973544605765,False,20270363,100,-2.6614315871888277,-0.5968603003789061,1.0,0.7326732673267327,34728.86935232434,6735602.283897729,41280.209382281,44542.2659439316,44964.44935824591,7062045.504540294,7635676.519191683,7639844.628926343,1660.3163251182123,0.9538019987385538,0.837376216719885,6735602.283897729,227182.27194264787,7993977.983963837,0.8425845426907044,1381,0.029306195829665968,-1.445965571882522,1.4440828042107998,-4095.9999999999995,4090.666666666666,C:\Users\kimeu\Downloads\starlink_pathB_wsl_package_v0_3_clean\starlink_pathB\paper_final_experiment_check\outputs\coverage_null_global_stats_all_tle_full\4_76_lst000_stress_full_polybeam_khz_comb_S1000_single.npz,9.10175923472585,9444.443085672718,1.7798436919007438e-05,140609741.2109375,False,False,False,False,False,False,False,False,False,False,False,False
4_76,93.9206796714852,mid,stress,0,2461041.5,2461041.506822953,full_polybeam,khz_comb,1000.0,multi,coherent_ab,4,10,10,58881;58881;46696;46696;48029;48029;54100;54100;58069;58069,88.065;88.065;86.822;86.617;85.104;85.104;83.508;83.508;77.989;77.989,0.2350680443548387,7.117139047722464e-05,0.5502745938468236,1,4,4,4,0.3308758856684498,0.5502745938468236,0.3308758856684498,0.7280464634021924,7.117139047722464e-05,7731.682494287019,2408.4262386349974,667.0929698151622,4.537681662028874,False,20270380,100,0.009363906359692815,-0.10556564462141449,0.504950495049505,0.5445544554455446,71489.6053916769,12509383.694104966,70972.04606225697,186496.2029651811,211616.62111272337,13673018.625849612,37678896.28569367,41478516.15083298,37280.27297211261,4.464447307729966,1.9194098249713343,12509383.694104966,-1409989.0049319696,7993977.983963837,1.5648509064197036,1381,0.029306195829665968,-1.445965571882522,1.4440828042107998,-4095.9999999999995,4090.666666666666,C:\Users\kimeu\Downloads\starlink_pathB_wsl_package_v0_3_clean\starlink_pathB\paper_final_experiment_check\outputs\coverage_null_global_stats_all_tle_full\4_76_lst000_stress_full_polybeam_khz_comb_S1000_multi.npz,9.10175923472585,9444.443085672718,1.7798436919007438e-05,140609741.2109375,False,False,False,False,False,False,False,False,False,False,False,False
82_0,81.33403506806889,mid,quiet,17,2461041.6180555555,2461041.624878509,frozen_polybeam,smooth,30.0,single,coherent_ab,2,19,1,45651,84.983,0.1657111055107527,1.2752918363449973e-07,0.0684687078802128,0,2,2,2,0.0,0.0684687078802128,0.0,0.2805166207424566,1.2752918363449973e-07,536886.5849282395,0.1511760643846669,0.1511760643846669,0.0007512449010887994,False,20270414,100,-0.49012808256837587,0.6896262248123282,0.6732673267326733,0.33663366336633666,3.540785371322272,297.66104672803976,3.8169175573457323,5.019067811959394,5.034241560434821,292.4061267533903,301.10286100817774,302.14891833995125,0.3799998704234895,1.0743524620944687,0.991956777403675,297.66104672803976,2.56870834737936,5860319.622375866,5.079263007968212e-05,1397,0.0253787682080139,-1.445965571882522,1.4440828042107998,-4095.9999999999995,4090.666666666666,C:\Users\kimeu\Downloads\starlink_pathB_wsl_package_v0_3_clean\starlink_pathB\paper_final_experiment_check\outputs\coverage_null_global_stats_all_tle_full\82_0_lst017_quiet_frozen_polybeam_smooth_S30_single.npz,9.10175923472585,9444.443085672718,1.7798436919007438e-05,140609741.2109375,False,False,False,False,False,False,False,False,False,False,False,False
82_0,81.33403506806889,mid,quiet,17,2461041.6180555555,2461041.624878509,frozen_polybeam,smooth,30.0,multi,coherent_ab,2,19,12,45651;46168;58428;58428;57787;57787;55657;54377;54377;54377;54377;51856,84.983;83.229;81.222;81.222;77.601;77.601;77.599;74.834;74.834;74.834;74.834;72.547,0.1657111055107527,1.2752918363449973e-07,0.0684687078802128,0,2,2,2,0.0,0.0684687078802128,0.0,0.2805166207424566,1.2752918363449973e-07,536886.5849282395,1.0806752811343545,0.6479830649639887,0.002715678820653011,False,20270431,100,-2.3999721984221423,-1.8301018025893807,0.9900990099009901,0.9702970297029703,8.995032691109373,699.7195118618008,16.39655997641239,24.875782550924214,26.51146797918562,822.02011675696,928.9511180895227,953.9032072461831,2.080133162889524,3.351004381097563,1.216143261258655,699.7195118618008,-166.03370320951595,5860319.622375866,0.00011939954762708376,1397,0.0253787682080139,-1.445965571882522,1.4440828042107998,-4095.9999999999995,4090.666666666666,C:\Users\kimeu\Downloads\starlink_pathB_wsl_package_v0_3_clean\starlink_pathB\paper_final_experiment_check\outputs\coverage_null_global_stats_all_tle_full\82_0_lst017_quiet_frozen_polybeam_smooth_S30_multi.npz,9.10175923472585,9444.443085672718,1.7798436919007438e-05,140609741.2109375,False,False,False,False,False,False,False,False,False,False,False,False
82_0,81.33403506806889,mid,quiet,17,2461041.6180555555,2461041.624878509,frozen_polybeam,smooth,1000.0,single,coherent_ab,2,19,1,45651,84.983,0.1657111055107527,1.2752918363449973e-07,0.0684687078802128,0,2,2,2,0.0,0.0684687078802128,0.0,0.2805166207424566,1.2752918363449973e-07,536886.5849282395,5.039202146155564,5.039202146155564,0.025041496702959975,False,20270448,100,-0.6075538860007659,0.8146113724423731,0.693069306930693,0.27722772277227725,113.89940274719993,10138.779222166166,125.125021451875,162.5802691452922,163.96069379474997,9945.717269438188,10309.025636823751,10324.002864896134,12.462394299789594,1.180350284366646,1.0238962759249102,10138.779222166166,-1784.1415318673728,5860319.622375866,0.0017300727392844393,1397,0.0253787682080139,-1.445965571882522,1.4440828042107998,-4095.9999999999995,4090.666666666666,C:\Users\kimeu\Downloads\starlink_pathB_wsl_package_v0_3_clean\starlink_pathB\paper_final_experiment_check\outputs\coverage_null_global_stats_all_tle_full\82_0_lst017_quiet_frozen_polybeam_smooth_S1000_single.npz,9.10175923472585,9444.443085672718,1.7798436919007438e-05,140609741.2109375,False,False,False,False,False,False,False,False,False,False,False,False
82_0,81.33403506806889,mid,quiet,17,2461041.6180555555,2461041.624878509,frozen_polybeam,smooth,1000.0,multi,coherent_ab,2,19,12,45651;46168;58428;58428;57787;57787;55657;54377;54377;54377;54377;51856,84.983;83.229;81.222;81.222;77.601;77.601;77.599;74.834;74.834;74.834;74.834;72.547,0.1657111055107527,1.2752918363449973e-07,0.0684687078802128,0,2,2,2,0.0,0.0684687078802128,0.0,0.2805166207424566,1.2752918363449973e-07,536886.5849282395,36.022509371145155,21.59943549879963,0.09052262735510036,False,20270465,100,-1.8494403115652323,-1.4866773095935653,1.0,0.9504950495049505,289.4560916479095,23782.540984801723,548.2316650440753,799.5803696396833,898.6398469507923,27217.047079963813,30741.95199041478,31369.811472336307,94.37543452605496,2.622438810741113,1.1102348030542752,23782.540984801723,-7855.944067572527,5860319.622375866,0.0040582327445068435,1397,0.0253787682080139,-1.445965571882522,1.4440828042107998,-4095.9999999999995,4090.666666666666,C:\Users\kimeu\Downloads\starlink_pathB_wsl_package_v0_3_clean\starlink_pathB\paper_final_experiment_check\outputs\coverage_null_global_stats_all_tle_full\82_0_lst017_quiet_frozen_polybeam_smooth_S1000_multi.npz,9.10175923472585,9444.443085672718,1.7798436919007438e-05,140609741.2109375,False,False,False,False,False,False,False,False,False,False,False,False
82_0,81.33403506806889,mid,quiet,17,2461041.6180555555,2461041.624878509,frozen_polybeam,lines,30.0,single,coherent_ab,2,19,1,45651,84.983,0.1657111055107527,1.2752918363449973e-07,0.0684687078802128,0,2,2,2,0.0,0.0684687078802128,0.0,0.2805166207424566,1.2752918363449973e-07,536886.5849282395,0.15117609311388355,0.15117609311388355,0.0007522703072843508,False,20270482,100,-0.5106826634494822,0.5365196516625532,0.6831683168316832,0.3465346534653465,3.57205056838211,297.4958306721309,3.87990107954829,4.859921457762539,4.977376627447666,293.11083468151037,302.779445263255,302.98974152250304,0.4065975603698462,1.0923540663746243,1.0174361165218382,297.4958306721309,2.7002656339937516,5860319.622375866,5.076443775118214e-05,1397,0.0253787682080139,-1.445965571882522,1.4440828042107998,-4095.9999999999995,4090.666666666666,C:\Users\kimeu\Downloads\starlink_pathB_wsl_package_v0_3_clean\starlink_pathB\paper_final_experiment_check\outputs\coverage_null_global_stats_all_tle_full\82_0_lst017_quiet_frozen_polybeam_lines_S30_single.npz,9.10175923472585,9444.443085672718,1.7798436919007438e-05,140609741.2109375,False,False,False,False,False,False,False,False,False,False,False,False
82_0,81.33403506806889,mid,quiet,17,2461041.6180555555,2461041.624878509,frozen_polybeam,lines,30.0,multi,coherent_ab,2,19,12,45651;46168;58428;58428;57787;57787;55657;54377;54377;54377;54377;51856,84.983;83.229;81.222;81.222;77.601;77.601;77.599;74.834;74.834;74.834;74.834;72.547,0.1657111055107527,1.2752918363449973e-07,0.0684687078802128,0,2,2,2,0.0,0.0684687078802128,0.0,0.2805166207424566,1.2752918363449973e-07,536886.5849282395,1.0806417440327856,0.6479540283373072,0.002719275023993903,False,20270499,100,-1.994344748978596,-1.2872399401943648,0.9801980198019802,0.9603960396039604,9.058463658864639,702.2744555539255,16.952204655225614,25.60780336135485,26.842029948286374,809.8225872104421,926.2008299157601,940.582082388087,2.6696765253218473,2.948747845490506,1.2431862423782956,702.2744555539255,-164.32250467715423,5860319.622375866,0.00011983552106484121,1397,0.0253787682080139,-1.445965571882522,1.4440828042107998,-4095.9999999999995,4090.666666666666,C:\Users\kimeu\Downloads\starlink_pathB_wsl_package_v0_3_clean\starlink_pathB\paper_final_experiment_check\outputs\coverage_null_global_stats_all_tle_full\82_0_lst017_quiet_frozen_polybeam_lines_S30_multi.npz,9.10175923472585,9444.443085672718,1.7798436919007438e-05,140609741.2109375,False,False,False,False,False,False,False,False,False,False,False,False
82_0,81.33403506806889,mid,quiet,17,2461041.6180555555,2461041.624878509,frozen_polybeam,lines,1000.0,single,coherent_ab,2,19,1,45651,84.983,0.1657111055107527,1.2752918363449973e-07,0.0684687078802128,0,2,2,2,0.0,0.0684687078802128,0.0,0.2805166207424566,1.2752918363449973e-07,536886.5849282395,5.039203103796117,5.039203103796117,0.025075676909478362,False,20270516,100,-0.44020900356993004,0.7604292020664573,0.6138613861386139,0.27722772277227725,114.88848198682535,10133.592718646483,123.28119731941115,159.94654531927335,162.95763435213362,9901.244596612854,10297.078817525333,10326.241306981086,12.859366557338944,1.218177128286175,1.083652229763345,10133.592718646483,-1779.4997769922854,5860319.622375866,0.001729187718696163,1397,0.0253787682080139,-1.445965571882522,1.4440828042107998,-4095.9999999999995,4090.666666666666,C:\Users\kimeu\Downloads\starlink_pathB_wsl_package_v0_3_clean\starlink_pathB\paper_final_experiment_check\outputs\coverage_null_global_stats_all_tle_full\82_0_lst017_quiet_frozen_polybeam_lines_S1000_single.npz,9.10175923472585,9444.443085672718,1.7798436919007438e-05,140609741.2109375,False,False,False,False,False,False,False,False,False,False,False,False
82_0,81.33403506806889,mid,quiet,17,2461041.6180555555,2461041.624878509,frozen_polybeam,lines,1000.0,multi,coherent_ab,2,19,12,45651;46168;58428;58428;57787;57787;55657;54377;54377;54377;54377;51856,84.983;83.229;81.222;81.222;77.601;77.601;77.599;74.834;74.834;74.834;74.834;72.547,0.1657111055107527,1.2752918363449973e-07,0.0684687078802128,0,2,2,2,0.0,0.0684687078802128,0.0,0.2805166207424566,1.2752918363449973e-07,536886.5849282395,36.021391467759535,21.598467611243578,0.09064250079979676,False,20270533,100,-1.6308328392304985,-1.7071893462545416,1.0,0.9702970297029703,291.7632850088339,23858.5938590253,543.7248079442788,800.514013675103,840.4865470457349,27823.4612278731,30910.531135441364,32788.578515533925,104.20793282761952,2.6220584065697228,1.20345005856532,23858.5938590253,-7800.55462500077,5860319.622375866,0.004071210342850318,1397,0.0253787682080139,-1.445965571882522,1.4440828042107998,-4095.9999999999995,4090.666666666666,C:\Users\kimeu\Downloads\starlink_pathB_wsl_package_v0_3_clean\starlink_pathB\paper_final_experiment_check\outputs\coverage_null_global_stats_all_tle_full\82_0_lst017_quiet_frozen_polybeam_lines_S1000_multi.npz,9.10175923472585,9444.443085672718,1.7798436919007438e-05,140609741.2109375,False,False,False,False,False,False,False,False,False,False,False,False
82_0,81.33403506806889,mid,quiet,17,2461041.6180555555,2461041.624878509,frozen_polybeam,khz_comb,30.0,single,coherent_ab,2,19,1,45651,84.983,0.1657111055107527,1.2752918363449973e-07,0.0684687078802128,0,2,2,2,0.0,0.0684687078802128,0.0,0.2805166207424566,1.2752918363449973e-07,536886.5849282395,0.15115063722878017,0.15115063722878017,0.0007125614578827717,False,20270550,100,-0.5387075913069999,0.2777043447513601,0.6831683168316832,0.4158415841584158,3.9808694094754173,301.18513195683676,4.183538794593915,5.1222806510188095,5.17718377452009,298.59305856855906,306.2051875032125,306.5135551260615,0.25375292588614684,0.8649828532912897,0.820378602893557,301.18513195683676,2.4076724599683708,5860319.622375866,5.1393977012252365e-05,1397,0.0253787682080139,-1.445965571882522,1.4440828042107998,-4095.9999999999995,4090.666666666666,C:\Users\kimeu\Downloads\starlink_pathB_wsl_package_v0_3_clean\starlink_pathB\paper_final_experiment_check\outputs\coverage_null_global_stats_all_tle_full\82_0_lst017_quiet_frozen_polybeam_khz_comb_S30_single.npz,9.10175923472585,9444.443085672718,1.7798436919007438e-05,140609741.2109375,False,False,False,False,False,False,False,False,False,False,False,False
82_0,81.33403506806889,mid,quiet,17,2461041.6180555555,2461041.624878509,frozen_polybeam,khz_comb,30.0,multi,coherent_ab,2,19,12,45651;46168;58428;58428;57787;57787;55657;54377;54377;54377;54377;51856,84.983;83.229;81.222;81.222;77.601;77.601;77.599;74.834;74.834;74.834;74.834;72.547,0.1657111055107527,1.2752918363449973e-07,0.0684687078802128,0,2,2,2,0.0,0.0684687078802128,0.0,0.2805166207424566,1.2752918363449973e-07,536886.5849282395,0.9349745364333315,0.533252104457254,0.002449507824544031,False,20270567,100,-2.060593058710233,-2.171394480108591,0.9900990099009901,1.0,7.257041461045446,612.4212787244851,14.197144831735386,21.870545587802006,22.630482776793258,748.1577963641555,845.8651551415516,878.6192941376838,2.27169337174837,3.63046607926521,1.3690941022504262,612.4212787244851,-137.20852573175614,5860319.622375866,0.00010450305071862271,1397,0.0253787682080139,-1.445965571882522,1.4440828042107998,-4095.9999999999995,4090.666666666666,C:\Users\kimeu\Downloads\starlink_pathB_wsl_package_v0_3_clean\starlink_pathB\paper_final_experiment_check\outputs\coverage_null_global_stats_all_tle_full\82_0_lst017_quiet_frozen_polybeam_khz_comb_S30_multi.npz,9.10175923472585,9444.443085672718,1.7798436919007438e-05,140609741.2109375,False,False,False,False,False,False,False,False,False,False,False,False
82_0,81.33403506806889,mid,quiet,17,2461041.6180555555,2461041.624878509,frozen_polybeam,khz_comb,1000.0,single,coherent_ab,2,19,1,45651,84.983,0.1657111055107527,1.2752918363449973e-07,0.0684687078802128,0,2,2,2,0.0,0.0684687078802128,0.0,0.2805166207424566,1.2752918363449973e-07,536886.5849282395,5.038354574292671,5.038354574292671,0.02375204859609239,False,20270584,100,-0.3331815193607766,0.56412024995015,0.6633663366336634,0.3069306930693069,127.03682045372989,10267.208169611156,133.45858807959667,160.71022287468293,165.41023129866736,10119.181632204698,10445.992822331029,10457.012943993295,13.000189600741123,0.8530006480670782,0.7977594741325152,10267.208169611156,-1873.3388251071483,5860319.622375866,0.0017519877466083782,1397,0.0253787682080139,-1.445965571882522,1.4440828042107998,-4095.9999999999995,4090.666666666666,C:\Users\kimeu\Downloads\starlink_pathB_wsl_package_v0_3_clean\starlink_pathB\paper_final_experiment_check\outputs\coverage_null_global_stats_all_tle_full\82_0_lst017_quiet_frozen_polybeam_khz_comb_S1000_single.npz,9.10175923472585,9444.443085672718,1.7798436919007438e-05,140609741.2109375,False,False,False,False,False,False,False,False,False,False,False,False
82_0,81.33403506806889,mid,quiet,17,2461041.6180555555,2461041.624878509,frozen_polybeam,khz_comb,1000.0,multi,coherent_ab,2,19,12,45651;46168;58428;58428;57787;57787;55657;54377;54377;54377;54377;51856,84.983;83.229;81.222;81.222;77.601;77.601;77.599;74.834;74.834;74.834;74.834;72.547,0.1657111055107527,1.2752918363449973e-07,0.0684687078802128,0,2,2,2,0.0,0.0684687078802128,0.0,0.2805166207424566,1.2752918363449973e-07,536886.5849282395,31.16581788111106,17.775070148575136,0.08165026081813438,False,20270601,100,-2.4345212533178544,-2.012826354763534,0.9900990099009901,0.9405940594059405,233.6635068436699,20829.635998003425,465.8828664805178,670.2341636628116,736.9983018971834,24671.589341522213,27778.70847568038,28609.49663335196,64.33700754641814,2.710467219643534,1.3110612603388936,20829.635998003425,-6856.62508081941,5860319.622375866,0.003554351526915312,1397,0.0253787682080139,-1.445965571882522,1.4440828042107998,-4095.9999999999995,4090.666666666666,C:\Users\kimeu\Downloads\starlink_pathB_wsl_package_v0_3_clean\starlink_pathB\paper_final_experiment_check\outputs\coverage_null_global_stats_all_tle_full\82_0_lst017_quiet_frozen_polybeam_khz_comb_S1000_multi.npz,9.10175923472585,9444.443085672718,1.7798436919007438e-05,140609741.2109375,False,False,False,False,False,False,False,False,False,False,False,False
82_0,81.33403506806889,mid,quiet,17,2461041.6180555555,2461041.624878509,full_polybeam,smooth,30.0,single,coherent_ab,2,19,1,45651,84.983,0.1657111055107527,1.2752918363449973e-07,0.0684687078802128,0,2,2,2,0.0,0.0684687078802128,0.0,0.2805166207424566,1.2752918363449973e-07,536886.5849282395,0.1268580931301829,0.1268580931301829,0.0007891990789859506,False,20270618,100,-0.8255341127293865,1.284274610156086,0.7920792079207921,0.15841584158415842,3.400683559702884,328.6063799021896,3.8317209169108537,5.3468071002069335,5.507606605815308,315.6433389033293,331.8631872743466,332.4136014819355,0.35217286595798214,1.1357367149465234,1.02455631870364,328.6063799021896,21.41640240260053,5860319.622375866,5.607311564500766e-05,1397,0.0253787682080139,-1.445965571882522,1.4440828042107998,-4095.9999999999995,4090.666666666666,C:\Users\kimeu\Downloads\starlink_pathB_wsl_package_v0_3_clean\starlink_pathB\paper_final_experiment_check\outputs\coverage_null_global_stats_all_tle_full\82_0_lst017_quiet_full_polybeam_smooth_S30_single.npz,9.10175923472585,9444.443085672718,1.7798436919007438e-05,140609741.2109375,False,False,False,False,False,False,False,False,False,False,False,False
82_0,81.33403506806889,mid,quiet,17,2461041.6180555555,2461041.624878509,full_polybeam,smooth,30.0,multi,coherent_ab,2,19,12,45651;46168;58428;58428;57787;57787;55657;54377;54377;54377;54377;51856,84.983;83.229;81.222;81.222;77.601;77.601;77.599;74.834;74.834;74.834;74.834;72.547,0.1657111055107527,1.2752918363449973e-07,0.0684687078802128,0,2,2,2,0.0,0.0684687078802128,0.0,0.2805166207424566,1.2752918363449973e-07,536886.5849282395,2.501357271859198,1.2562351281311022,0.005170579639703606,False,20270635,100,-2.9069527312715353,0.8265595143265162,1.0,0.27722772277227725,14.950346080171585,1890.266160848997,35.30150129639969,48.942021679116344,54.81835530428975,1631.5843795970868,2252.7247930542167,2407.9912556295176,4.722012157389145,2.788367683754453,1.7130837631547684,1890.266160848997,-421.81563192020633,5860319.622375866,0.0003225534241565229,1397,0.0253787682080139,-1.445965571882522,1.4440828042107998,-4095.9999999999995,4090.666666666666,C:\Users\kimeu\Downloads\starlink_pathB_wsl_package_v0_3_clean\starlink_pathB\paper_final_experiment_check\outputs\coverage_null_global_stats_all_tle_full\82_0_lst017_quiet_full_polybeam_smooth_S30_multi.npz,9.10175923472585,9444.443085672718,1.7798436919007438e-05,140609741.2109375,False,False,False,False,False,False,False,False,False,False,False,False
82_0,81.33403506806889,mid,quiet,17,2461041.6180555555,2461041.624878509,full_polybeam,smooth,1000.0,single,coherent_ab,2,19,1,45651,84.983,0.1657111055107527,1.2752918363449973e-07,0.0684687078802128,0,2,2,2,0.0,0.0684687078802128,0.0,0.2805166207424566,1.2752918363449973e-07,536886.5849282395,4.228603104339431,4.228603104339431,0.026306635966198352,False,20270652,100,-0.7772575263946034,0.6078107151076587,0.8118811881188119,0.25742574257425743,109.89827726283693,10969.668511695372,124.9039456944538,179.0369033962299,181.4704209875677,10724.733438769163,11165.584204282251,11224.451679093405,13.021661872923232,1.159869330474534,1.0351569430285745,10969.668511695372,-442.98964722107155,5860319.622375866,0.0018718549871940423,1397,0.0253787682080139,-1.445965571882522,1.4440828042107998,-4095.9999999999995,4090.666666666666,C:\Users\kimeu\Downloads\starlink_pathB_wsl_package_v0_3_clean\starlink_pathB\paper_final_experiment_check\outputs\coverage_null_global_stats_all_tle_full\82_0_lst017_quiet_full_polybeam_smooth_S1000_single.npz,9.10175923472585,9444.443085672718,1.7798436919007438e-05,140609741.2109375,False,False,False,False,False,False,False,False,False,False,False,False
82_0,81.33403506806889,mid,quiet,17,2461041.6180555555,2461041.624878509,full_polybeam,smooth,1000.0,multi,coherent_ab,2,19,12,45651;46168;58428;58428;57787;57787;55657;54377;54377;54377;54377;51856,84.983;83.229;81.222;81.222;77.601;77.601;77.599;74.834;74.834;74.834;74.834;72.547,0.1657111055107527,1.2752918363449973e-07,0.0684687078802128,0,2,2,2,0.0,0.0684687078802128,0.0,0.2805166207424566,1.2752918363449973e-07,536886.5849282395,83.37857572863996,41.87450427103674,0.17235265465678684,False,20270669,100,-2.881631145623057,1.0078904269539801,1.0,0.22772277227722773,414.91658305534656,63733.04993659037,1069.168665499833,1435.0260685497044,1463.0250746056322,55159.0965865372,73885.00604039004,77064.41009377578,153.13791449242262,2.7481649054218855,1.569118182331856,63733.04993659037,-17274.369362838705,5860319.622375866,0.010875353912992203,1397,0.0253787682080139,-1.445965571882522,1.4440828042107998,-4095.9999999999995,4090.666666666666,C:\Users\kimeu\Downloads\starlink_pathB_wsl_package_v0_3_clean\starlink_pathB\paper_final_experiment_check\outputs\coverage_null_global_stats_all_tle_full\82_0_lst017_quiet_full_polybeam_smooth_S1000_multi.npz,9.10175923472585,9444.443085672718,1.7798436919007438e-05,140609741.2109375,False,False,False,False,False,False,False,False,False,False,False,False
82_0,81.33403506806889,mid,quiet,17,2461041.6180555555,2461041.624878509,full_polybeam,lines,30.0,single,coherent_ab,2,19,1,45651,84.983,0.1657111055107527,1.2752918363449973e-07,0.0684687078802128,0,2,2,2,0.0,0.0684687078802128,0.0,0.2805166207424566,1.2752918363449973e-07,536886.5849282395,0.12685463087761004,0.12685463087761004,0.0007903853948327186,False,20270686,100,-0.7258081432616125,0.9318412576243607,0.7821782178217822,0.1782178217821782,3.3715321779454825,328.4913057857524,3.691151192020243,5.413282045103552,5.470783896758076,317.3226563734283,332.3542744544078,332.74537621770367,0.29702073963744624,0.9696812245885869,0.8887087612952628,328.4913057857524,21.562960204192198,5860319.622375866,5.605347949478851e-05,1397,0.0253787682080139,-1.445965571882522,1.4440828042107998,-4095.9999999999995,4090.666666666666,C:\Users\kimeu\Downloads\starlink_pathB_wsl_package_v0_3_clean\starlink_pathB\paper_final_experiment_check\outputs\coverage_null_global_stats_all_tle_full\82_0_lst017_quiet_full_polybeam_lines_S30_single.npz,9.10175923472585,9444.443085672718,1.7798436919007438e-05,140609741.2109375,False,False,False,False,False,False,False,False,False,False,False,False
82_0,81.33403506806889,mid,quiet,17,2461041.6180555555,2461041.624878509,full_polybeam,lines,30.0,multi,coherent_ab,2,19,12,45651;46168;58428;58428;57787;57787;55657;54377;54377;54377;54377;51856,84.983;83.229;81.222;81.222;77.601;77.601;77.599;74.834;74.834;74.834;74.834;72.547,0.1657111055107527,1.2752918363449973e-07,0.0684687078802128,0,2,2,2,0.0,0.0684687078802128,0.0,0.2805166207424566,1.2752918363449973e-07,536886.5849282395,2.5012023946911053,1.2562125196468754,0.0051757781787594055,False,20270703,100,-2.5527052912367303,0.8234293302798696,1.0,0.27722772277227725,15.046423535466602,1888.4893154178646,33.259891687988784,48.280033307657824,51.06488004567966,1647.8025088294785,2204.20081993472,2338.789007266479,4.812469347350998,2.907783663986925,1.6410880049712882,1888.4893154178646,-420.2803845428771,5860319.622375866,0.00032225022475006936,1397,0.0253787682080139,-1.445965571882522,1.4440828042107998,-4095.9999999999995,4090.666666666666,C:\Users\kimeu\Downloads\starlink_pathB_wsl_package_v0_3_clean\starlink_pathB\paper_final_experiment_check\outputs\coverage_null_global_stats_all_tle_full\82_0_lst017_quiet_full_polybeam_lines_S30_multi.npz,9.10175923472585,9444.443085672718,1.7798436919007438e-05,140609741.2109375,False,False,False,False,False,False,False,False,False,False,False,False
82_0,81.33403506806889,mid,quiet,17,2461041.6180555555,2461041.624878509,full_polybeam,lines,1000.0,single,coherent_ab,2,19,1,45651,84.983,0.1657111055107527,1.2752918363449973e-07,0.0684687078802128,0,2,2,2,0.0,0.0684687078802128,0.0,0.2805166207424566,1.2752918363449973e-07,536886.5849282395,4.228487695920336,4.228487695920336,0.02634617982775729,False,20270720,100,-0.7508322633192055,0.8007559959916565,0.7425742574257426,0.2376237623762376,108.92911406368512,10966.639015047025,121.6702754032849,176.45531883338407,180.92785082064714,10648.790151459241,11091.091583146312,11210.915306209527,11.44569301080628,0.9347564591145974,0.8454084506409093,10966.639015047025,-437.7541674207321,5860319.622375866,0.0018713380364398923,1397,0.0253787682080139,-1.445965571882522,1.4440828042107998,-4095.9999999999995,4090.666666666666,C:\Users\kimeu\Downloads\starlink_pathB_wsl_package_v0_3_clean\starlink_pathB\paper_final_experiment_check\outputs\coverage_null_global_stats_all_tle_full\82_0_lst017_quiet_full_polybeam_lines_S1000_single.npz,9.10175923472585,9444.443085672718,1.7798436919007438e-05,140609741.2109375,False,False,False,False,False,False,False,False,False,False,False,False
82_0,81.33403506806889,mid,quiet,17,2461041.6180555555,2461041.624878509,full_polybeam,lines,1000.0,multi,coherent_ab,2,19,12,45651;46168;58428;58428;57787;57787;55657;54377;54377;54377;54377;51856,84.983;83.229;81.222;81.222;77.601;77.601;77.599;74.834;74.834;74.834;74.834;72.547,0.1657111055107527,1.2752918363449973e-07,0.0684687078802128,0,2,2,2,0.0,0.0684687078802128,0.0,0.2805166207424566,1.2752918363449973e-07,536886.5849282395,83.37341315637018,41.873750654895865,0.17252593929198018,False,20270737,100,-2.6003468882593213,0.8712635448561061,1.0,0.26732673267326734,419.02672146443365,63656.870260093725,1086.9294696544503,1538.4581573185853,1737.2146654159767,56478.01087243839,75334.61096642294,79665.87991256034,173.24389831110238,2.533353951546877,1.5395319759723236,63656.870260093725,-17227.61673699537,5860319.622375866,0.01086235467721575,1397,0.0253787682080139,-1.445965571882522,1.4440828042107998,-4095.9999999999995,4090.666666666666,C:\Users\kimeu\Downloads\starlink_pathB_wsl_package_v0_3_clean\starlink_pathB\paper_final_experiment_check\outputs\coverage_null_global_stats_all_tle_full\82_0_lst017_quiet_full_polybeam_lines_S1000_multi.npz,9.10175923472585,9444.443085672718,1.7798436919007438e-05,140609741.2109375,False,False,False,False,False,False,False,False,False,False,False,False
82_0,81.33403506806889,mid,quiet,17,2461041.6180555555,2461041.624878509,full_polybeam,khz_comb,30.0,single,coherent_ab,2,19,1,45651,84.983,0.1657111055107527,1.2752918363449973e-07,0.0684687078802128,0,2,2,2,0.0,0.0684687078802128,0.0,0.2805166207424566,1.2752918363449973e-07,536886.5849282395,0.1263176455552251,0.1263176455552251,0.0007205533297614939,False,20270754,100,-0.7479997753109326,1.0248212996432307,0.8910891089108911,0.16831683168316833,3.483045072731329,309.7559083790471,3.842764064338553,5.115082101944063,5.161615118076152,298.858801941114,312.1380438934406,312.8334336084722,0.3243679261086072,1.0850877417767173,1.0015611296391542,309.7559083790471,17.924046749565775,5860319.622375866,5.285648707560889e-05,1397,0.0253787682080139,-1.445965571882522,1.4440828042107998,-4095.9999999999995,4090.666666666666,C:\Users\kimeu\Downloads\starlink_pathB_wsl_package_v0_3_clean\starlink_pathB\paper_final_experiment_check\outputs\coverage_null_global_stats_all_tle_full\82_0_lst017_quiet_full_polybeam_khz_comb_S30_single.npz,9.10175923472585,9444.443085672718,1.7798436919007438e-05,140609741.2109375,False,False,False,False,False,False,False,False,False,False,False,False
82_0,81.33403506806889,mid,quiet,17,2461041.6180555555,2461041.624878509,full_polybeam,khz_comb,30.0,multi,coherent_ab,2,19,12,45651;46168;58428;58428;57787;57787;55657;54377;54377;54377;54377;51856,84.983;83.229;81.222;81.222;77.601;77.601;77.599;74.834;74.834;74.834;74.834;72.547,0.1657111055107527,1.2752918363449973e-07,0.0684687078802128,0,2,2,2,0.0,0.0684687078802128,0.0,0.2805166207424566,1.2752918363449973e-07,536886.5849282395,2.080354330867429,1.0338356433498794,0.004420783501205422,False,20270771,100,-2.702812492363957,0.6204138417292416,1.0,0.33663366336633666,12.748600707780497,1563.8475729149004,28.148260856456545,39.28105533254484,44.13165106985137,1417.3828952564131,1866.9216971272278,1984.8983345940626,3.843007422345181,2.4749592013099186,1.5172715181420202,1563.8475729149004,-347.29795106419215,5860319.622375866,0.0002668536314885999,1397,0.0253787682080139,-1.445965571882522,1.4440828042107998,-4095.9999999999995,4090.666666666666,C:\Users\kimeu\Downloads\starlink_pathB_wsl_package_v0_3_clean\starlink_pathB\paper_final_experiment_check\outputs\coverage_null_global_stats_all_tle_full\82_0_lst017_quiet_full_polybeam_khz_comb_S30_multi.npz,9.10175923472585,9444.443085672718,1.7798436919007438e-05,140609741.2109375,False,False,False,False,False,False,False,False,False,False,False,False
82_0,81.33403506806889,mid,quiet,17,2461041.6180555555,2461041.624878509,full_polybeam,khz_comb,1000.0,single,coherent_ab,2,19,1,45651,84.983,0.1657111055107527,1.2752918363449973e-07,0.0684687078802128,0,2,2,2,0.0,0.0684687078802128,0.0,0.2805166207424566,1.2752918363449973e-07,536886.5849282395,4.21058818517417,4.21058818517417,0.024018444325383137,False,20270788,100,-0.8219235897896334,1.1463773947273668,0.8910891089108911,0.24752475247524752,111.03755144728348,10364.371119595196,124.64180604878038,168.11006419094375,170.39411220820526,10035.610644868531,10564.378311641183,10573.385263241573,11.163986692029539,1.160410796109398,1.0390181779931948,10364.371119595196,-639.220960935157,5860319.622375866,0.0017685675504834181,1397,0.0253787682080139,-1.445965571882522,1.4440828042107998,-4095.9999999999995,4090.666666666666,C:\Users\kimeu\Downloads\starlink_pathB_wsl_package_v0_3_clean\starlink_pathB\paper_final_experiment_check\outputs\coverage_null_global_stats_all_tle_full\82_0_lst017_quiet_full_polybeam_khz_comb_S1000_single.npz,9.10175923472585,9444.443085672718,1.7798436919007438e-05,140609741.2109375,False,False,False,False,False,False,False,False,False,False,False,False
82_0,81.33403506806889,mid,quiet,17,2461041.6180555555,2461041.624878509,full_polybeam,khz_comb,1000.0,multi,coherent_ab,2,19,12,45651;46168;58428;58428;57787;57787;55657;54377;54377;54377;54377;51856,84.983;83.229;81.222;81.222;77.601;77.601;77.599;74.834;74.834;74.834;74.834;72.547,0.1657111055107527,1.2752918363449973e-07,0.0684687078802128,0,2,2,2,0.0,0.0684687078802128,0.0,0.2805166207424566,1.2752918363449973e-07,536886.5849282395,69.34514436224764,34.46118811166266,0.1473594500401808,False,20270805,100,-2.6576307463911677,0.8002994844038226,1.0,0.25742574257425743,364.6365393701217,52721.7292795647,928.63090983851,1312.125749150812,1453.81449638103,46696.86268235542,60831.25787649846,63398.45805225678,143.13839189071314,2.8103012033002037,1.5015188194716336,52721.7292795647,-14233.986989745956,5860319.622375866,0.00899639143883256,1397,0.0253787682080139,-1.445965571882522,1.4440828042107998,-4095.9999999999995,4090.666666666666,C:\Users\kimeu\Downloads\starlink_pathB_wsl_package_v0_3_clean\starlink_pathB\paper_final_experiment_check\outputs\coverage_null_global_stats_all_tle_full\82_0_lst017_quiet_full_polybeam_khz_comb_S1000_multi.npz,9.10175923472585,9444.443085672718,1.7798436919007438e-05,140609741.2109375,False,False,False,False,False,False,False,False,False,False,False,False
82_0,81.33403506806889,mid,typical,18,2461041.625,2461041.631822953,frozen_polybeam,smooth,30.0,single,coherent_ab,4,15,1,51852,88.470,0.1651755712365591,3.430781997250637e-07,0.2363981628786352,0,4,4,4,0.0,0.2363981628786352,0.0,0.3843854174911955,3.430781997250637e-07,689050.3770512966,0.9512525930608686,0.9512525930608686,0.001273756757785771,False,20270823,100,0.28164489835338496,0.20325087135964778,0.33663366336633666,0.4752475247524752,14.384458113388973,1467.0108273509074,13.375896578110769,20.049733391131667,20.896106246120837,1458.5878222886345,1492.049217439256,1492.1842099399105,2.4153302257054747,1.2043501930985716,1.1399324900496428,1467.0108273509074,641.2146239363649,7002555.369146705,0.00020949649806620093,1397,0.0253787682080139,-1.445965571882522,1.4440828042107998,-4095.9999999999995,4090.666666666666,C:\Users\kimeu\Downloads\starlink_pathB_wsl_package_v0_3_clean\starlink_pathB\paper_final_experiment_check\outputs\coverage_null_global_stats_all_tle_full\82_0_lst018_typical_frozen_polybeam_smooth_S30_single.npz,9.10175923472585,9444.443085672718,1.7798436919007438e-05,140609741.2109375,False,False,False,False,False,False,False,False,False,False,False,False
82_0,81.33403506806889,mid,typical,18,2461041.625,2461041.631822953,frozen_polybeam,smooth,30.0,multi,coherent_ab,4,15,12,51852;51852;59338;59338;44933;54377;54377;54377;54377;56383;56383;55671,88.470;88.470;80.846;80.846;78.896;78.206;78.206;78.206;78.206;76.693;76.693;73.341,0.1651755712365591,3.430781997250637e-07,0.2363981628786352,0,4,4,4,0.0,0.2363981628786352,0.0,0.3843854174911955,3.430781997250637e-07,689050.3770512966,2.7639864873362976,0.9512525930608686,0.005827683650882776,False,20270840,100,3.5811409536485996,1.5349394013292588,0.019801980198019802,0.009900990099009901,62.63208257354563,5531.580741711691,27.493990231621865,51.64043539604863,53.69484604493599,3411.97826483757,5083.912546066744,5319.278034908483,6.6180915236291185,3.6957853270749084,2.457101685482775,5531.580741711691,1153.1247179144011,7002555.369146705,0.0007899374514172162,1397,0.0253787682080139,-1.445965571882522,1.4440828042107998,-4095.9999999999995,4090.666666666666,C:\Users\kimeu\Downloads\starlink_pathB_wsl_package_v0_3_clean\starlink_pathB\paper_final_experiment_check\outputs\coverage_null_global_stats_all_tle_full\82_0_lst018_typical_frozen_polybeam_smooth_S30_multi.npz,9.10175923472585,9444.443085672718,1.7798436919007438e-05,140609741.2109375,True,True,True,False,False,False,False,False,False,False,False,False
82_0,81.33403506806889,mid,typical,18,2461041.625,2461041.631822953,frozen_polybeam,smooth,1000.0,single,coherent_ab,4,15,1,51852,88.470,0.1651755712365591,3.430781997250637e-07,0.2363981628786352,0,4,4,4,0.0,0.2363981628786352,0.0,0.3843854174911955,3.430781997250637e-07,689050.3770512966,31.70841976869562,31.70841976869562,0.04245855859285903,False,20270857,100,0.7729451018724302,0.017701196287387144,0.3564356435643564,0.49504950495049505,493.568594617871,48988.42459009279,402.2702352014694,709.4738240661725,715.6593907781839,48964.63346760385,50007.95210696526,50011.60747620687,79.669176546382,0.8770396111804561,0.8415233838536581,48988.42459009279,22009.90705684267,7002555.369146705,0.006995792536812496,1397,0.0253787682080139,-1.445965571882522,1.4440828042107998,-4095.9999999999995,4090.666666666666,C:\Users\kimeu\Downloads\starlink_pathB_wsl_package_v0_3_clean\starlink_pathB\paper_final_experiment_check\outputs\coverage_null_global_stats_all_tle_full\82_0_lst018_typical_frozen_polybeam_smooth_S1000_single.npz,9.10175923472585,9444.443085672718,1.7798436919007438e-05,140609741.2109375,False,False,False,False,False,False,False,False,False,False,False,False
82_0,81.33403506806889,mid,typical,18,2461041.625,2461041.631822953,frozen_polybeam,smooth,1000.0,multi,coherent_ab,4,15,12,51852;51852;59338;59338;44933;54377;54377;54377;54377;56383;56383;55671,88.470;88.470;80.846;80.846;78.896;78.206;78.206;78.206;78.206;76.693;76.693;73.341,0.1651755712365591,3.430781997250637e-07,0.2363981628786352,0,4,4,4,0.0,0.2363981628786352,0.0,0.3843854174911955,3.430781997250637e-07,689050.3770512966,92.13288291120993,31.70841976869562,0.19425612169609252,False,20270874,100,3.070696285771669,1.4415282754647551,0.019801980198019802,0.009900990099009901,2141.5259630831424,184430.07956554502,1023.7357159580279,1754.9170210625846,2042.6681948419791,138981.80556265722,170544.05204229945,179320.84764672318,245.5271126006146,2.843430028045456,2.116611528217065,184430.07956554502,40058.142325236164,7002555.369146705,0.026337539632766763,1397,0.0253787682080139,-1.445965571882522,1.4440828042107998,-4095.9999999999995,4090.666666666666,C:\Users\kimeu\Downloads\starlink_pathB_wsl_package_v0_3_clean\starlink_pathB\paper_final_experiment_check\outputs\coverage_null_global_stats_all_tle_full\82_0_lst018_typical_frozen_polybeam_smooth_S1000_multi.npz,9.10175923472585,9444.443085672718,1.7798436919007438e-05,140609741.2109375,True,True,True,False,False,False,False,False,False,False,False,False
82_0,81.33403506806889,mid,typical,18,2461041.625,2461041.631822953,frozen_polybeam,lines,30.0,single,coherent_ab,4,15,1,51852,88.470,0.1651755712365591,3.430781997250637e-07,0.2363981628786352,0,4,4,4,0.0,0.2363981628786352,0.0,0.3843854174911955,3.430781997250637e-07,689050.3770512966,0.9510545185274892,0.9510545185274892,0.001275514528119424,False,20270891,100,0.6524615575562807,0.1326158934613374,0.24752475247524752,0.45544554455445546,14.734575429298275,1469.7027707776924,12.805287672657869,21.24815110178715,21.66672652226094,1464.7783442564005,1491.514697924712,1492.1330575179377,1.9944267200953618,1.1759522189312375,1.133893249755114,1469.7027707776924,645.2900280718427,7002555.369146705,0.00020988092107821247,1397,0.0253787682080139,-1.445965571882522,1.4440828042107998,-4095.9999999999995,4090.666666666666,C:\Users\kimeu\Downloads\starlink_pathB_wsl_package_v0_3_clean\starlink_pathB\paper_final_experiment_check\outputs\coverage_null_global_stats_all_tle_full\82_0_lst018_typical_frozen_polybeam_lines_S30_single.npz,9.10175923472585,9444.443085672718,1.7798436919007438e-05,140609741.2109375,False,False,False,False,False,False,False,False,False,False,False,False
82_0,81.33403506806889,mid,typical,18,2461041.625,2461041.631822953,frozen_polybeam,lines,30.0,multi,coherent_ab,4,15,12,51852;51852;59338;59338;44933;54377;54377;54377;54377;56383;56383;55671,88.470;88.470;80.846;80.846;78.896;78.206;78.206;78.206;78.206;76.693;76.693;73.341,0.1651755712365591,3.430781997250637e-07,0.2363981628786352,0,4,4,4,0.0,0.2363981628786352,0.0,0.3843854174911955,3.430781997250637e-07,689050.3770512966,2.7635624236632803,0.9510545185274892,0.005834738314146493,False,20270908,100,3.5037257750453024,1.416253601409759,0.0297029702970297,0.009900990099009901,63.070238852225884,5536.733898334158,29.966349198133685,51.558751137548455,63.50956938665092,3754.9268612034043,5254.140931691294,5295.983648072363,6.372721242469197,3.682738771752585,2.3054311679611974,5536.733898334158,1160.3462087033854,7002555.369146705,0.0007906733480079338,1397,0.0253787682080139,-1.445965571882522,1.4440828042107998,-4095.9999999999995,4090.666666666666,C:\Users\kimeu\Downloads\starlink_pathB_wsl_package_v0_3_clean\starlink_pathB\paper_final_experiment_check\outputs\coverage_null_global_stats_all_tle_full\82_0_lst018_typical_frozen_polybeam_lines_S30_multi.npz,9.10175923472585,9444.443085672718,1.7798436919007438e-05,140609741.2109375,True,True,True,False,False,False,False,False,False,False,False,False
82_0,81.33403506806889,mid,typical,18,2461041.625,2461041.631822953,frozen_polybeam,lines,1000.0,single,coherent_ab,4,15,1,51852,88.470,0.1651755712365591,3.430781997250637e-07,0.2363981628786352,0,4,4,4,0.0,0.2363981628786352,0.0,0.3843854174911955,3.430781997250637e-07,689050.3770512966,31.701817284249643,31.701817284249643,0.04251715093731413,False,20270925,100,0.38059952187780666,0.2927396404903229,0.2871287128712871,0.40594059405940597,505.5255435582949,49068.45005891382,462.8619005353394,700.5410996794528,737.161596159089,48731.00190473192,49944.391862030636,49984.43970089627,75.60764354777712,1.454829274229355,1.3643465525353033,49068.45005891382,22142.23359266278,7002555.369146705,0.007007220574807543,1397,0.0253787682080139,-1.445965571882522,1.4440828042107998,-4095.9999999999995,4090.666666666666,C:\Users\kimeu\Downloads\starlink_pathB_wsl_package_v0_3_clean\starlink_pathB\paper_final_experiment_check\outputs\coverage_null_global_stats_all_tle_full\82_0_lst018_typical_frozen_polybeam_lines_S1000_single.npz,9.10175923472585,9444.443085672718,1.7798436919007438e-05,140609741.2109375,False,False,False,False,False,False,False,False,False,False,False,False
82_0,81.33403506806889,mid,typical,18,2461041.625,2461041.631822953,frozen_polybeam,lines,1000.0,multi,coherent_ab,4,15,12,51852;51852;59338;59338;44933;54377;54377;54377;54377;56383;56383;55671,88.470;88.470;80.846;80.846;78.896;78.206;78.206;78.206;78.206;76.693;76.693;73.341,0.1651755712365591,3.430781997250637e-07,0.2363981628786352,0,4,4,4,0.0,0.2363981628786352,0.0,0.3843854174911955,3.430781997250637e-07,689050.3770512966,92.11874745544269,31.701817284249643,0.19449127713821646,False,20270942,100,2.615189795801223,1.6122782395776596,0.0297029702970297,0.009900990099009901,2157.29317854729,184623.30974686975,1028.623723042314,1733.384166555578,2216.264284912334,121398.69972326129,171231.09323199696,174850.03748990232,291.0982290707325,2.9348304092381015,2.0728635011653114,184623.30974686975,40285.11923201678,7002555.369146705,0.026365133871032426,1397,0.0253787682080139,-1.445965571882522,1.4440828042107998,-4095.9999999999995,4090.666666666666,C:\Users\kimeu\Downloads\starlink_pathB_wsl_package_v0_3_clean\starlink_pathB\paper_final_experiment_check\outputs\coverage_null_global_stats_all_tle_full\82_0_lst018_typical_frozen_polybeam_lines_S1000_multi.npz,9.10175923472585,9444.443085672718,1.7798436919007438e-05,140609741.2109375,True,False,True,False,False,False,False,False,False,False,False,False
82_0,81.33403506806889,mid,typical,18,2461041.625,2461041.631822953,frozen_polybeam,khz_comb,30.0,single,coherent_ab,4,15,1,51852,88.470,0.1651755712365591,3.430781997250637e-07,0.2363981628786352,0,4,4,4,0.0,0.2363981628786352,0.0,0.3843854174911955,3.430781997250637e-07,689050.3770512966,0.9259483118102504,0.9259483118102504,0.0011514806287779423,False,20270959,100,0.8739533477278993,0.2580001774165104,0.18811881188118812,0.36633663366336633,16.187854828989657,1372.218648780502,12.937048127059825,20.458865194790995,21.03216303591049,1368.4352180506453,1378.9439271148563,1379.3119508684185,2.5088742860207276,1.080936463318836,1.0253754392925813,1372.218648780502,548.8479521992768,7002555.369146705,0.00019595969991562,1397,0.0253787682080139,-1.445965571882522,1.4440828042107998,-4095.9999999999995,4090.666666666666,C:\Users\kimeu\Downloads\starlink_pathB_wsl_package_v0_3_clean\starlink_pathB\paper_final_experiment_check\outputs\coverage_null_global_stats_all_tle_full\82_0_lst018_typical_frozen_polybeam_khz_comb_S30_single.npz,9.10175923472585,9444.443085672718,1.7798436919007438e-05,140609741.2109375,False,False,False,False,False,False,False,False,False,False,False,False
82_0,81.33403506806889,mid,typical,18,2461041.625,2461041.631822953,frozen_polybeam,khz_comb,30.0,multi,coherent_ab,4,15,12,51852;51852;59338;59338;44933;54377;54377;54377;54377;56383;56383;55671,88.470;88.470;80.846;80.846;78.896;78.206;78.206;78.206;78.206;76.693;76.693;73.341,0.1651755712365591,3.430781997250637e-07,0.2363981628786352,0,4,4,4,0.0,0.2363981628786352,0.0,0.3843854174911955,3.430781997250637e-07,689050.3770512966,2.6895732516958066,0.9259483118102504,0.005291766189743515,False,20270976,100,3.9252728096021046,1.5099256399922998,0.009900990099009901,0.009900990099009901,75.78761398021015,5631.239223709678,29.944586197816534,50.34609622147036,70.81735302699418,3573.65471907914,5106.343454497939,5303.8420554558925,7.8773374808533845,3.701043217847752,2.732061603544316,5631.239223709678,1032.272461547947,7002555.369146705,0.0008041691820847212,1397,0.0253787682080139,-1.445965571882522,1.4440828042107998,-4095.9999999999995,4090.666666666666,C:\Users\kimeu\Downloads\starlink_pathB_wsl_package_v0_3_clean\starlink_pathB\paper_final_experiment_check\outputs\coverage_null_global_stats_all_tle_full\82_0_lst018_typical_frozen_polybeam_khz_comb_S30_multi.npz,9.10175923472585,9444.443085672718,1.7798436919007438e-05,140609741.2109375,True,True,True,True,True,True,True,True,True,False,False,False
82_0,81.33403506806889,mid,typical,18,2461041.625,2461041.631822953,frozen_polybeam,khz_comb,1000.0,single,coherent_ab,4,15,1,51852,88.470,0.1651755712365591,3.430781997250637e-07,0.2363981628786352,0,4,4,4,0.0,0.2363981628786352,0.0,0.3843854174911955,3.430781997250637e-07,689050.3770512966,30.864943727008338,30.864943727008338,0.038382687625931396,False,20270993,100,0.5915693149938938,0.3055134674303896,0.21782178217821782,0.37623762376237624,553.6074979907789,45757.89012945992,469.8032820463486,706.9290927371636,719.1685151452996,45540.744383831785,46112.643972827456,46121.77241408439,95.55121915051132,0.8865503533211032,0.8442425965864664,45757.89012945992,18748.021387151322,7002555.369146705,0.006534456026020076,1397,0.0253787682080139,-1.445965571882522,1.4440828042107998,-4095.9999999999995,4090.666666666666,C:\Users\kimeu\Downloads\starlink_pathB_wsl_package_v0_3_clean\starlink_pathB\paper_final_experiment_check\outputs\coverage_null_global_stats_all_tle_full\82_0_lst018_typical_frozen_polybeam_khz_comb_S1000_single.npz,9.10175923472585,9444.443085672718,1.7798436919007438e-05,140609741.2109375,False,False,False,False,False,False,False,False,False,False,False,False
82_0,81.33403506806889,mid,typical,18,2461041.625,2461041.631822953,frozen_polybeam,khz_comb,1000.0,multi,coherent_ab,4,15,12,51852;51852;59338;59338;44933;54377;54377;54377;54377;56383;56383;55671,88.470;88.470;80.846;80.846;78.896;78.206;78.206;78.206;78.206;76.693;76.693;73.341,0.1651755712365591,3.430781997250637e-07,0.2363981628786352,0,4,4,4,0.0,0.2363981628786352,0.0,0.3843854174911955,3.430781997250637e-07,689050.3770512966,89.65244172319356,30.864943727008338,0.17639220632478372,False,20271010,100,3.5691285005918,1.6576044362881381,0.009900990099009901,0.009900990099009901,2578.538914477518,187799.50097880993,1033.6772041721088,1798.6383844711884,2356.1909757499648,115011.87630503839,172838.4592400181,182653.13587094226,291.94660491978175,3.6444973786895924,2.566367283020752,187799.50097880993,35287.73900549485,7002555.369146705,0.026818709896426596,1397,0.0253787682080139,-1.445965571882522,1.4440828042107998,-4095.9999999999995,4090.666666666666,C:\Users\kimeu\Downloads\starlink_pathB_wsl_package_v0_3_clean\starlink_pathB\paper_final_experiment_check\outputs\coverage_null_global_stats_all_tle_full\82_0_lst018_typical_frozen_polybeam_khz_comb_S1000_multi.npz,9.10175923472585,9444.443085672718,1.7798436919007438e-05,140609741.2109375,True,True,True,True,True,True,True,True,True,True,True,False
82_0,81.33403506806889,mid,typical,18,2461041.625,2461041.631822953,full_polybeam,smooth,30.0,single,coherent_ab,4,15,1,51852,88.470,0.1651755712365591,3.430781997250637e-07,0.2363981628786352,0,4,4,4,0.0,0.2363981628786352,0.0,0.3843854174911955,3.430781997250637e-07,689050.3770512966,1.0996180338873685,1.0996180338873685,0.0016741930189983966,False,20271027,100,0.6583828553412728,0.22443249550992828,0.297029702970297,0.36633663366336633,15.248170292536088,1558.9380222097989,13.73996431276828,21.594364703260723,22.031035772729084,1548.199200367283,1584.3754740171596,1584.903069492631,1.5451055392586568,1.049644122980213,0.9977197875956046,1558.9380222097989,681.5820440038717,7002555.369146705,0.00022262416218492008,1397,0.0253787682080139,-1.445965571882522,1.4440828042107998,-4095.9999999999995,4090.666666666666,C:\Users\kimeu\Downloads\starlink_pathB_wsl_package_v0_3_clean\starlink_pathB\paper_final_experiment_check\outputs\coverage_null_global_stats_all_tle_full\82_0_lst018_typical_full_polybeam_smooth_S30_single.npz,9.10175923472585,9444.443085672718,1.7798436919007438e-05,140609741.2109375,False,False,False,False,False,False,False,False,False,False,False,False
82_0,81.33403506806889,mid,typical,18,2461041.625,2461041.631822953,full_polybeam,smooth,30.0,multi,coherent_ab,4,15,12,51852;51852;59338;59338;44933;54377;54377;54377;54377;56383;56383;55671,88.470;88.470;80.846;80.846;78.896;78.206;78.206;78.206;78.206;76.693;76.693;73.341,0.1651755712365591,3.430781997250637e-07,0.2363981628786352,0,4,4,4,0.0,0.2363981628786352,0.0,0.3843854174911955,3.430781997250637e-07,689050.3770512966,4.998536541925857,1.0996180338873685,0.009327416682951834,False,20271044,100,1.8137468270566022,0.8506324281531794,0.10891089108910891,0.16831683168316833,61.28502758160175,5409.627757474285,36.92787449950811,66.8400068135652,71.65130636154282,4360.756272048939,6045.741073241401,6583.0231178036265,9.057865428600053,3.107939034704183,2.067932697467537,5409.627757474285,326.8026931465296,7002555.369146705,0.000772521954101089,1397,0.0253787682080139,-1.445965571882522,1.4440828042107998,-4095.9999999999995,4090.666666666666,C:\Users\kimeu\Downloads\starlink_pathB_wsl_package_v0_3_clean\starlink_pathB\paper_final_experiment_check\outputs\coverage_null_global_stats_all_tle_full\82_0_lst018_typical_full_polybeam_smooth_S30_multi.npz,9.10175923472585,9444.443085672718,1.7798436919007438e-05,140609741.2109375,False,False,False,False,False,False,False,False,False,False,False,False
82_0,81.33403506806889,mid,typical,18,2461041.625,2461041.631822953,full_polybeam,smooth,1000.0,single,coherent_ab,4,15,1,51852,88.470,0.1651755712365591,3.430781997250637e-07,0.2363981628786352,0,4,4,4,0.0,0.2363981628786352,0.0,0.3843854174911955,3.430781997250637e-07,689050.3770512966,36.653934462912275,36.653934462912275,0.0558064339666132,False,20271061,100,0.4006087605595881,0.5550845433978596,0.2871287128712871,0.31683168316831684,535.3077006319581,52145.72221833437,478.1539342304168,757.420944417526,761.0605041399849,51232.518496987,52897.29064169836,53169.50199319187,96.22776909140885,1.5088932250742388,1.3877577745052754,52145.72221833437,23471.785844881993,7002555.369146705,0.0074466704609132675,1397,0.0253787682080139,-1.445965571882522,1.4440828042107998,-4095.9999999999995,4090.666666666666,C:\Users\kimeu\Downloads\starlink_pathB_wsl_package_v0_3_clean\starlink_pathB\paper_final_experiment_check\outputs\coverage_null_global_stats_all_tle_full\82_0_lst018_typical_full_polybeam_smooth_S1000_single.npz,9.10175923472585,9444.443085672718,1.7798436919007438e-05,140609741.2109375,False,False,False,False,False,False,False,False,False,False,False,False
82_0,81.33403506806889,mid,typical,18,2461041.625,2461041.631822953,full_polybeam,smooth,1000.0,multi,coherent_ab,4,15,12,51852;51852;59338;59338;44933;54377;54377;54377;54377;56383;56383;55671,88.470;88.470;80.846;80.846;78.896;78.206;78.206;78.206;78.206;76.693;76.693;73.341,0.1651755712365591,3.430781997250637e-07,0.2363981628786352,0,4,4,4,0.0,0.2363981628786352,0.0,0.3843854174911955,3.430781997250637e-07,689050.3770512966,166.61788473086187,36.653934462912275,0.31091388943172776,False,20271078,100,1.7055540188796976,0.840360131995091,0.09900990099009901,0.15841584158415842,2171.883501217897,183440.37406114128,1294.8505800120765,2406.1090964945856,3119.449924568065,142135.48550439702,202192.74009845292,227719.602638301,346.8377984877043,4.018615919025985,2.179428131387027,183440.37406114128,29410.29494924227,7002555.369146705,0.026196204726831655,1397,0.0253787682080139,-1.445965571882522,1.4440828042107998,-4095.9999999999995,4090.666666666666,C:\Users\kimeu\Downloads\starlink_pathB_wsl_package_v0_3_clean\starlink_pathB\paper_final_experiment_check\outputs\coverage_null_global_stats_all_tle_full\82_0_lst018_typical_full_polybeam_smooth_S1000_multi.npz,9.10175923472585,9444.443085672718,1.7798436919007438e-05,140609741.2109375,False,False,False,False,False,False,False,False,False,False,False,False
82_0,81.33403506806889,mid,typical,18,2461041.625,2461041.631822953,full_polybeam,lines,30.0,single,coherent_ab,4,15,1,51852,88.470,0.1651755712365591,3.430781997250637e-07,0.2363981628786352,0,4,4,4,0.0,0.2363981628786352,0.0,0.3843854174911955,3.430781997250637e-07,689050.3770512966,1.0993890659659706,1.0993890659659706,0.0016760622092554778,False,20271095,100,0.4883718149686508,0.8776004715720269,0.3465346534653465,0.3069306930693069,15.603027033954277,1562.1569790737703,14.093441247165174,22.326204650462024,22.605481134946896,1524.2404707201904,1583.7026437037616,1584.1959253364378,2.0848903082005563,1.3070184026572735,1.1935100441464608,1562.1569790737703,685.3174860357732,7002555.369146705,0.00022308384535688815,1397,0.0253787682080139,-1.445965571882522,1.4440828042107998,-4095.9999999999995,4090.666666666666,C:\Users\kimeu\Downloads\starlink_pathB_wsl_package_v0_3_clean\starlink_pathB\paper_final_experiment_check\outputs\coverage_null_global_stats_all_tle_full\82_0_lst018_typical_full_polybeam_lines_S30_single.npz,9.10175923472585,9444.443085672718,1.7798436919007438e-05,140609741.2109375,False,False,False,False,False,False,False,False,False,False,False,False
82_0,81.33403506806889,mid,typical,18,2461041.625,2461041.631822953,full_polybeam,lines,30.0,multi,coherent_ab,4,15,12,51852;51852;59338;59338;44933;54377;54377;54377;54377;56383;56383;55671,88.470;88.470;80.846;80.846;78.896;78.206;78.206;78.206;78.206;76.693;76.693;73.341,0.1651755712365591,3.430781997250637e-07,0.2363981628786352,0,4,4,4,0.0,0.2363981628786352,0.0,0.3843854174911955,3.430781997250637e-07,689050.3770512966,4.997699040295219,1.0993890659659706,0.00933593459058743,False,20271112,100,1.9514448725339915,0.8086205505586355,0.09900990099009901,0.2376237623762376,61.67348250489886,5407.851526607492,37.8964416719291,65.19861077192691,82.10921335169455,4296.069720821571,6118.203969467333,6582.412092384789,8.218215413234248,4.220335323307255,2.0657133443685844,5407.851526607492,331.77888764258853,7002555.369146705,0.0007722682994317352,1397,0.0253787682080139,-1.445965571882522,1.4440828042107998,-4095.9999999999995,4090.666666666666,C:\Users\kimeu\Downloads\starlink_pathB_wsl_package_v0_3_clean\starlink_pathB\paper_final_experiment_check\outputs\coverage_null_global_stats_all_tle_full\82_0_lst018_typical_full_polybeam_lines_S30_multi.npz,9.10175923472585,9444.443085672718,1.7798436919007438e-05,140609741.2109375,False,False,False,False,False,False,False,False,False,False,False,False
82_0,81.33403506806889,mid,typical,18,2461041.625,2461041.631822953,full_polybeam,lines,1000.0,single,coherent_ab,4,15,1,51852,88.470,0.1651755712365591,3.430781997250637e-07,0.2363981628786352,0,4,4,4,0.0,0.2363981628786352,0.0,0.3843854174911955,3.430781997250637e-07,689050.3770512966,36.64630219886567,36.64630219886567,0.05586874030851592,False,20271129,100,0.40184178377547847,0.8321558943468995,0.33663366336633666,0.27722772277227725,547.7948279572083,52232.40913804299,499.56643786042696,768.4753921401291,776.2010531703354,51159.48601823251,53158.18213461411,53254.85474577701,80.95127181419957,0.8831888760263061,0.8600928427550597,52232.40913804299,23591.435325047718,7002555.369146705,0.007459049787478905,1397,0.0253787682080139,-1.445965571882522,1.4440828042107998,-4095.9999999999995,4090.666666666666,C:\Users\kimeu\Downloads\starlink_pathB_wsl_package_v0_3_clean\starlink_pathB\paper_final_experiment_check\outputs\coverage_null_global_stats_all_tle_full\82_0_lst018_typical_full_polybeam_lines_S1000_single.npz,9.10175923472585,9444.443085672718,1.7798436919007438e-05,140609741.2109375,False,False,False,False,False,False,False,False,False,False,False,False
82_0,81.33403506806889,mid,typical,18,2461041.625,2461041.631822953,full_polybeam,lines,1000.0,multi,coherent_ab,4,15,12,51852;51852;59338;59338;44933;54377;54377;54377;54377;56383;56383;55671,88.470;88.470;80.846;80.846;78.896;78.206;78.206;78.206;78.206;76.693;76.693;73.341,0.1651755712365591,3.430781997250637e-07,0.2363981628786352,0,4,4,4,0.0,0.2363981628786352,0.0,0.3843854174911955,3.430781997250637e-07,689050.3770512966,166.58996800984056,36.64630219886567,0.3111978196862476,False,20271146,100,2.046127768291882,1.0684183752924261,0.0297029702970297,0.13861386138613863,2187.487264984702,183472.02192438155,1143.8138995087684,1957.0687024474782,2381.5852090774565,138156.3750466045,206429.4977434346,224238.92266721762,344.03914156006795,3.1221725143791206,2.120589065129681,183472.02192438155,29551.45634746633,7002555.369146705,0.026200724200305538,1397,0.0253787682080139,-1.445965571882522,1.4440828042107998,-4095.9999999999995,4090.666666666666,C:\Users\kimeu\Downloads\starlink_pathB_wsl_package_v0_3_clean\starlink_pathB\paper_final_experiment_check\outputs\coverage_null_global_stats_all_tle_full\82_0_lst018_typical_full_polybeam_lines_S1000_multi.npz,9.10175923472585,9444.443085672718,1.7798436919007438e-05,140609741.2109375,True,False,True,False,False,False,False,False,False,False,False,False
82_0,81.33403506806889,mid,typical,18,2461041.625,2461041.631822953,full_polybeam,khz_comb,30.0,single,coherent_ab,4,15,1,51852,88.470,0.1651755712365591,3.430781997250637e-07,0.2363981628786352,0,4,4,4,0.0,0.2363981628786352,0.0,0.3843854174911955,3.430781997250637e-07,689050.3770512966,0.9047733441028354,0.9047733441028354,0.0014726536145039152,False,20271163,100,0.6732651838782312,0.5685190764194707,0.22772277227722773,0.3069306930693069,16.66036841883033,1424.9394836191507,14.524957839508716,21.2077465604867,21.768539398032154,1402.0546972973868,1435.0461168204165,1435.5224679283622,2.1392977654722927,1.0096032879991237,0.9782461032494443,1424.9394836191507,580.6874159973086,7002555.369146705,0.0002034884993408894,1397,0.0253787682080139,-1.445965571882522,1.4440828042107998,-4095.9999999999995,4090.666666666666,C:\Users\kimeu\Downloads\starlink_pathB_wsl_package_v0_3_clean\starlink_pathB\paper_final_experiment_check\outputs\coverage_null_global_stats_all_tle_full\82_0_lst018_typical_full_polybeam_khz_comb_S30_single.npz,9.10175923472585,9444.443085672718,1.7798436919007438e-05,140609741.2109375,False,False,False,False,False,False,False,False,False,False,False,False
82_0,81.33403506806889,mid,typical,18,2461041.625,2461041.631822953,full_polybeam,khz_comb,30.0,multi,coherent_ab,4,15,12,51852;51852;59338;59338;44933;54377;54377;54377;54377;56383;56383;55671,88.470;88.470;80.846;80.846;78.896;78.206;78.206;78.206;78.206;76.693;76.693;73.341,0.1651755712365591,3.430781997250637e-07,0.2363981628786352,0,4,4,4,0.0,0.2363981628786352,0.0,0.3843854174911955,3.430781997250637e-07,689050.3770512966,4.112997858073475,0.9047733441028354,0.008076023334263148,False,20271180,100,2.9046756319867817,0.9705393863843125,0.0297029702970297,0.09900990099009901,68.68121085761231,5131.637531038154,34.761064002599596,59.19168220944084,69.43432914658838,4051.9417614231397,5300.550386135841,6028.536508200308,7.8765509517998,2.825536672599047,1.8495189597945536,5131.637531038154,332.3720054458073,7002555.369146705,0.0007328235566187988,1397,0.0253787682080139,-1.445965571882522,1.4440828042107998,-4095.9999999999995,4090.666666666666,C:\Users\kimeu\Downloads\starlink_pathB_wsl_package_v0_3_clean\starlink_pathB\paper_final_experiment_check\outputs\coverage_null_global_stats_all_tle_full\82_0_lst018_typical_full_polybeam_khz_comb_S30_multi.npz,9.10175923472585,9444.443085672718,1.7798436919007438e-05,140609741.2109375,True,False,True,False,False,False,False,False,False,False,False,False
82_0,81.33403506806889,mid,typical,18,2461041.625,2461041.631822953,full_polybeam,khz_comb,1000.0,single,coherent_ab,4,15,1,51852,88.470,0.1651755712365591,3.430781997250637e-07,0.2363981628786352,0,4,4,4,0.0,0.2363981628786352,0.0,0.3843854174911955,3.430781997250637e-07,689050.3770512966,30.1591114700945,30.1591114700945,0.04908845381679716,False,20271197,100,0.5517847315850838,0.533240775355077,0.26732673267326734,0.27722772277227725,580.6810109578946,47475.311605527386,526.2058065813071,736.823755320143,745.5807742137209,46819.02560936635,47944.7650400017,48007.9970943349,66.58941407649581,0.9407007948253273,0.8988728576752087,47475.311605527386,19890.729508445613,7002555.369146705,0.006779712419655239,1397,0.0253787682080139,-1.445965571882522,1.4440828042107998,-4095.9999999999995,4090.666666666666,C:\Users\kimeu\Downloads\starlink_pathB_wsl_package_v0_3_clean\starlink_pathB\paper_final_experiment_check\outputs\coverage_null_global_stats_all_tle_full\82_0_lst018_typical_full_polybeam_khz_comb_S1000_single.npz,9.10175923472585,9444.443085672718,1.7798436919007438e-05,140609741.2109375,False,False,False,False,False,False,False,False,False,False,False,False
82_0,81.33403506806889,mid,typical,18,2461041.625,2461041.631822953,full_polybeam,khz_comb,1000.0,multi,coherent_ab,4,15,12,51852;51852;59338;59338;44933;54377;54377;54377;54377;56383;56383;55671,88.470;88.470;80.846;80.846;78.896;78.206;78.206;78.206;78.206;76.693;76.693;73.341,0.1651755712365591,3.430781997250637e-07,0.2363981628786352,0,4,4,4,0.0,0.2363981628786352,0.0,0.3843854174911955,3.430781997250637e-07,689050.3770512966,137.09992860244915,30.1591114700945,0.2692007778087716,False,20271214,100,2.1184010821755623,1.1108562251611058,0.0297029702970297,0.10891089108910891,2406.7278127536265,172660.61813768186,1249.8434141453818,2209.587754144327,2476.9231389079414,123847.94297506697,180889.5669364664,193656.72991690968,368.3475443859461,4.009695440297288,2.3211259329116802,172660.61813768186,23626.042453531965,7002555.369146705,0.024656801558246212,1397,0.0253787682080139,-1.445965571882522,1.4440828042107998,-4095.9999999999995,4090.666666666666,C:\Users\kimeu\Downloads\starlink_pathB_wsl_package_v0_3_clean\starlink_pathB\paper_final_experiment_check\outputs\coverage_null_global_stats_all_tle_full\82_0_lst018_typical_full_polybeam_khz_comb_S1000_multi.npz,9.10175923472585,9444.443085672718,1.7798436919007438e-05,140609741.2109375,True,False,True,False,False,False,False,False,False,False,False,False
82_0,81.33403506806889,mid,stress,64,2461041.9444444445,2461041.951267397,frozen_polybeam,smooth,30.0,single,coherent_ab,2,9,1,51870,86.524,0.6134387600806451,0.0002588706478842,0.2812107439459313,0,2,2,2,0.0,0.2812107439459313,0.0,0.9963509766045548,0.0002588706478842,1086.298297023242,1.4181050635729826,1.4181050635729826,0.003001469877784773,False,20271277,100,3.796204012114453,0.8706019795561006,0.009900990099009901,0.07920792079207921,0.7354147214136901,34.71265369359365,0.31736353633823455,0.7308255106803699,0.7349627057527687,33.12134280659733,34.72174277265469,34.7318439193157,0.07427726761306985,1.1690097312658905,1.0354771794085729,34.71265369359365,10.912811583014973,2440330.6300431527,1.4224569927633053e-05,1397,0.0253787682080139,-1.445965571882522,1.4440828042107998,-4095.9999999999995,4090.666666666666,C:\Users\kimeu\Downloads\starlink_pathB_wsl_package_v0_3_clean\starlink_pathB\paper_final_experiment_check\outputs\coverage_null_global_stats_all_tle_full\82_0_lst064_stress_frozen_polybeam_smooth_S30_single.npz,9.10175923472585,9444.443085672718,1.7798436919007438e-05,140609741.2109375,True,True,True,True,True,True,True,True,False,False,False,False
82_0,81.33403506806889,mid,stress,64,2461041.9444444445,2461041.951267397,frozen_polybeam,smooth,30.0,multi,coherent_ab,2,9,9,51870;57800;48417;48417;45222;51872;51872;56474;56474,86.524;83.588;82.197;82.197;81.702;79.581;79.581;72.726;72.726,0.6134387600806451,0.0002588706478842,0.2812107439459313,0,2,2,2,0.0,0.2812107439459313,0.0,0.9963509766045548,0.0002588706478842,1086.298297023242,2.7453242562421685,1.4181050635729826,0.0068073085565686095,False,20271294,100,0.16055389664883601,0.9718461172031041,0.44554455445544555,0.1485148514851485,23.302356120744662,3821.9248251340687,22.47983353379732,32.27921805180322,34.78169783999243,3550.634221116062,3921.939238942751,4015.104986050612,3.4554370584364733,2.71591545123617,1.442401106417419,3821.9248251340687,-994.718473545011,2440330.6300431527,0.001566150413424301,1397,0.0253787682080139,-1.445965571882522,1.4440828042107998,-4095.9999999999995,4090.666666666666,C:\Users\kimeu\Downloads\starlink_pathB_wsl_package_v0_3_clean\starlink_pathB\paper_final_experiment_check\outputs\coverage_null_global_stats_all_tle_full\82_0_lst064_stress_frozen_polybeam_smooth_S30_multi.npz,9.10175923472585,9444.443085672718,1.7798436919007438e-05,140609741.2109375,False,False,False,False,False,False,False,False,False,False,False,False
82_0,81.33403506806889,mid,stress,64,2461041.9444444445,2461041.951267397,frozen_polybeam,smooth,1000.0,single,coherent_ab,2,9,1,51870,86.524,0.6134387600806451,0.0002588706478842,0.2812107439459313,0,2,2,2,0.0,0.2812107439459313,0.0,0.9963509766045548,0.0002588706478842,1086.298297023242,47.27016878576609,47.27016878576609,0.10004899592615911,False,20271311,100,2.5132965988161775,0.8859623326175142,0.019801980198019802,0.06930693069306931,24.527789153376943,1157.4363554376575,11.488936776617265,24.38014019218135,24.516797064405836,1103.570098141282,1157.4823772269951,1157.986018689478,3.4992230707853196,0.8221859915902942,0.7328244263469831,1157.4363554376575,365.0624499945034,2440330.6300431527,0.00047429489315437164,1397,0.0253787682080139,-1.445965571882522,1.4440828042107998,-4095.9999999999995,4090.666666666666,C:\Users\kimeu\Downloads\starlink_pathB_wsl_package_v0_3_clean\starlink_pathB\paper_final_experiment_check\outputs\coverage_null_global_stats_all_tle_full\82_0_lst064_stress_frozen_polybeam_smooth_S1000_single.npz,9.10175923472585,9444.443085672718,1.7798436919007438e-05,140609741.2109375,True,False,True,False,False,False,False,False,False,False,False,False
82_0,81.33403506806889,mid,stress,64,2461041.9444444445,2461041.951267397,frozen_polybeam,smooth,1000.0,multi,coherent_ab,2,9,9,51870;57800;48417;48417;45222;51872;51872;56474;56474,86.524;83.588;82.197;82.197;81.702;79.581;79.581;72.726;72.726,0.6134387600806451,0.0002588706478842,0.2812107439459313,0,2,2,2,0.0,0.2812107439459313,0.0,0.9963509766045548,0.0002588706478842,1086.298297023242,91.51080854140562,47.27016878576609,0.22691028521895368,False,20271328,100,0.21259030013236946,1.2012834277831124,0.43564356435643564,0.13861386138613863,769.1726705629007,127817.45077560033,731.7447318134627,1004.177569088739,1088.9769381963642,116282.78678477407,131892.55297721177,136495.4077070532,118.74859209019996,2.9189793377310544,1.589913297672677,127817.45077560033,-35459.94721209894,2440330.6300431527,0.05237710382438634,1397,0.0253787682080139,-1.445965571882522,1.4440828042107998,-4095.9999999999995,4090.666666666666,C:\Users\kimeu\Downloads\starlink_pathB_wsl_package_v0_3_clean\starlink_pathB\paper_final_experiment_check\outputs\coverage_null_global_stats_all_tle_full\82_0_lst064_stress_frozen_polybeam_smooth_S1000_multi.npz,9.10175923472585,9444.443085672718,1.7798436919007438e-05,140609741.2109375,False,False,False,False,False,False,False,False,False,False,False,False
82_0,81.33403506806889,mid,stress,64,2461041.9444444445,2461041.951267397,frozen_polybeam,lines,30.0,single,coherent_ab,2,9,1,51870,86.524,0.6134387600806451,0.0002588706478842,0.2812107439459313,0,2,2,2,0.0,0.2812107439459313,0.0,0.9963509766045548,0.0002588706478842,1086.298297023242,1.4180898696625506,1.4180898696625506,0.0030041015150238234,False,20271345,100,3.2835851148105473,1.2380110144938241,0.019801980198019802,0.04950495049504951,0.737561952402757,34.74054868127508,0.33779871787919546,0.7320599387323454,0.7352814385581588,32.8268085490621,34.72460765718696,34.75756418668263,0.08211652758700438,0.945412899006198,0.8454770550007253,34.74054868127508,10.918337055406244,2440330.6300431527,1.4236000750710062e-05,1397,0.0253787682080139,-1.445965571882522,1.4440828042107998,-4095.9999999999995,4090.666666666666,C:\Users\kimeu\Downloads\starlink_pathB_wsl_package_v0_3_clean\starlink_pathB\paper_final_experiment_check\outputs\coverage_null_global_stats_all_tle_full\82_0_lst064_stress_frozen_polybeam_lines_S30_single.npz,9.10175923472585,9444.443085672718,1.7798436919007438e-05,140609741.2109375,True,True,True,False,False,False,False,False,False,False,False,False
82_0,81.33403506806889,mid,stress,64,2461041.9444444445,2461041.951267397,frozen_polybeam,lines,30.0,multi,coherent_ab,2,9,9,51870;57800;48417;48417;45222;51872;51872;56474;56474,86.524;83.588;82.197;82.197;81.702;79.581;79.581;72.726;72.726,0.6134387600806451,0.0002588706478842,0.2812107439459313,0,2,2,2,0.0,0.2812107439459313,0.0,0.9963509766045548,0.0002588706478842,1086.298297023242,2.7452871650495894,1.4180898696625506,0.006813462628434701,False,20271362,100,0.12118526001991088,1.2327607877360816,0.4158415841584158,0.1782178217821782,23.268963954935316,3820.2990314614153,22.614890910127542,31.431611617881206,33.78626073056025,3441.3241412988964,4070.9789966060202,4190.1846781256645,3.6404280906199347,3.0058402406710814,1.5133066482138473,3820.2990314614153,-995.7178885004446,2440330.6300431527,0.0015654841948174296,1397,0.0253787682080139,-1.445965571882522,1.4440828042107998,-4095.9999999999995,4090.666666666666,C:\Users\kimeu\Downloads\starlink_pathB_wsl_package_v0_3_clean\starlink_pathB\paper_final_experiment_check\outputs\coverage_null_global_stats_all_tle_full\82_0_lst064_stress_frozen_polybeam_lines_S30_multi.npz,9.10175923472585,9444.443085672718,1.7798436919007438e-05,140609741.2109375,False,False,False,False,False,False,False,False,False,False,False,False
82_0,81.33403506806889,mid,stress,64,2461041.9444444445,2461041.951267397,frozen_polybeam,lines,1000.0,single,coherent_ab,2,9,1,51870,86.524,0.6134387600806451,0.0002588706478842,0.2812107439459313,0,2,2,2,0.0,0.2812107439459313,0.0,0.9963509766045548,0.0002588706478842,1086.298297023242,47.26966232208501,47.26966232208501,0.10013671716746077,False,20271379,100,5.798983575823957,1.1220890035259812,0.009900990099009901,0.009900990099009901,24.599422173865605,1158.3662420903192,10.691121730014856,23.829562087646263,24.327502681069237,1091.7582990205574,1152.4283350457401,1155.5297675651773,1.6177007585451975,0.9406715560148452,0.8997016078054256,1158.3662420903192,365.2465428319696,2440330.6300431527,0.0004746759426077587,1397,0.0253787682080139,-1.445965571882522,1.4440828042107998,-4095.9999999999995,4090.666666666666,C:\Users\kimeu\Downloads\starlink_pathB_wsl_package_v0_3_clean\starlink_pathB\paper_final_experiment_check\outputs\coverage_null_global_stats_all_tle_full\82_0_lst064_stress_frozen_polybeam_lines_S1000_single.npz,9.10175923472585,9444.443085672718,1.7798436919007438e-05,140609741.2109375,True,True,True,True,True,True,True,True,True,False,False,False
82_0,81.33403506806889,mid,stress,64,2461041.9444444445,2461041.951267397,frozen_polybeam,lines,1000.0,multi,coherent_ab,2,9,9,51870;57800;48417;48417;45222;51872;51872;56474;56474,86.524;83.588;82.197;82.197;81.702;79.581;79.581;72.726;72.726,0.6134387600806451,0.0002588706478842,0.2812107439459313,0,2,2,2,0.0,0.2812107439459313,0.0,0.9963509766045548,0.0002588706478842,1086.298297023242,91.50957216831964,47.26966232208501,0.22711542094782333,False,20271396,100,0.13954420904998777,1.0611214300468312,0.4752475247524752,0.19801980198019803,768.0487867083557,127758.69457789438,742.4931790649757,1003.6172643767196,1060.7260944272575,117192.92706431593,132973.3638117919,136738.82224954915,123.52373004668766,2.606285827710474,1.3531466509613952,127758.69457789438,-35494.70814076856,2440330.6300431527,0.05235302667804288,1397,0.0253787682080139,-1.445965571882522,1.4440828042107998,-4095.9999999999995,4090.666666666666,C:\Users\kimeu\Downloads\starlink_pathB_wsl_package_v0_3_clean\starlink_pathB\paper_final_experiment_check\outputs\coverage_null_global_stats_all_tle_full\82_0_lst064_stress_frozen_polybeam_lines_S1000_multi.npz,9.10175923472585,9444.443085672718,1.7798436919007438e-05,140609741.2109375,False,False,False,False,False,False,False,False,False,False,False,False
82_0,81.33403506806889,mid,stress,64,2461041.9444444445,2461041.951267397,frozen_polybeam,khz_comb,30.0,single,coherent_ab,2,9,1,51870,86.524,0.6134387600806451,0.0002588706478842,0.2812107439459313,0,2,2,2,0.0,0.2812107439459313,0.0,0.9963509766045548,0.0002588706478842,1086.298297023242,1.4194101842591527,1.4194101842591527,0.0027923306385212506,False,20271413,100,3.239242177128514,1.0794231062108466,0.009900990099009901,0.04950495049504951,0.6519538280699635,32.90661917015156,0.32895612879474356,0.6397197542617505,0.6471213122223708,31.280243248259648,32.84762451169744,32.969703125424125,0.06725615177265354,0.8658065002177587,0.8378385787325966,32.90661917015156,9.674684005434795,2440330.6300431527,1.3484492127843212e-05,1397,0.0253787682080139,-1.445965571882522,1.4440828042107998,-4095.9999999999995,4090.666666666666,C:\Users\kimeu\Downloads\starlink_pathB_wsl_package_v0_3_clean\starlink_pathB\paper_final_experiment_check\outputs\coverage_null_global_stats_all_tle_full\82_0_lst064_stress_frozen_polybeam_khz_comb_S30_single.npz,9.10175923472585,9444.443085672718,1.7798436919007438e-05,140609741.2109375,True,True,True,True,True,True,True,True,False,False,False,False
82_0,81.33403506806889,mid,stress,64,2461041.9444444445,2461041.951267397,frozen_polybeam,khz_comb,30.0,multi,coherent_ab,2,9,9,51870;57800;48417;48417;45222;51872;51872;56474;56474,86.524;83.588;82.197;82.197;81.702;79.581;79.581;72.726;72.726,0.6134387600806451,0.0002588706478842,0.2812107439459313,0,2,2,2,0.0,0.2812107439459313,0.0,0.9963509766045548,0.0002588706478842,1086.298297023242,2.740035200145415,1.4194101842591527,0.006276581909441737,False,20271430,100,0.20957482869445399,1.5533351699383464,0.42574257425742573,0.0891089108910891,23.168172667808903,3674.382228096338,22.07890607018453,29.087634549099857,30.0843752514482,3327.2191125990666,3703.5363817185466,3783.374317723923,3.5056703101272433,2.596879184886696,1.5642711260925775,3674.382228096338,-898.8260276663334,2440330.6300431527,0.0015056903285401797,1397,0.0253787682080139,-1.445965571882522,1.4440828042107998,-4095.9999999999995,4090.666666666666,C:\Users\kimeu\Downloads\starlink_pathB_wsl_package_v0_3_clean\starlink_pathB\paper_final_experiment_check\outputs\coverage_null_global_stats_all_tle_full\82_0_lst064_stress_frozen_polybeam_khz_comb_S30_multi.npz,9.10175923472585,9444.443085672718,1.7798436919007438e-05,140609741.2109375,False,False,False,False,False,False,False,False,False,False,False,False
82_0,81.33403506806889,mid,stress,64,2461041.9444444445,2461041.951267397,frozen_polybeam,khz_comb,1000.0,single,coherent_ab,2,9,1,51870,86.524,0.6134387600806451,0.0002588706478842,0.2812107439459313,0,2,2,2,0.0,0.2812107439459313,0.0,0.9963509766045548,0.0002588706478842,1086.298297023242,47.313672808638415,47.313672808638415,0.09307768795070835,False,20271447,100,4.262304156572381,1.0621438446213531,0.009900990099009901,0.0891089108910891,21.742714112071553,1097.1938355195323,10.309557252661762,21.51635650197168,21.63612633411205,1040.7799813521306,1098.1190305739767,1099.2247657078835,1.8092464474707413,0.9959104652148316,0.9343251450605646,1097.1938355195323,323.68533200306547,2440330.6300431527,0.00044960868089424853,1397,0.0253787682080139,-1.445965571882522,1.4440828042107998,-4095.9999999999995,4090.666666666666,C:\Users\kimeu\Downloads\starlink_pathB_wsl_package_v0_3_clean\starlink_pathB\paper_final_experiment_check\outputs\coverage_null_global_stats_all_tle_full\82_0_lst064_stress_frozen_polybeam_khz_comb_S1000_single.npz,9.10175923472585,9444.443085672718,1.7798436919007438e-05,140609741.2109375,True,True,True,True,True,True,True,True,True,False,False,False
82_0,81.33403506806889,mid,stress,64,2461041.9444444445,2461041.951267397,frozen_polybeam,khz_comb,1000.0,multi,coherent_ab,2,9,9,51870;57800;48417;48417;45222;51872;51872;56474;56474,86.524;83.588;82.197;82.197;81.702;79.581;79.581;72.726;72.726,0.6134387600806451,0.0002588706478842,0.2812107439459313,0,2,2,2,0.0,0.2812107439459313,0.0,0.9963509766045548,0.0002588706478842,1086.298297023242,91.33450667151384,47.313672808638415,0.20921939698139125,False,20271464,100,0.2088210626011976,1.342435481653658,0.43564356435643564,0.15841584158415842,759.34295589873,122988.76364967413,726.6799726191739,997.8729201109435,1127.2671688087123,113613.19858131566,127667.75970206929,133209.54670981193,105.50123691819954,2.217444617232054,1.222395508835454,122988.76364967413,-32528.101731336108,2440330.6300431527,0.05039840181307698,1397,0.0253787682080139,-1.445965571882522,1.4440828042107998,-4095.9999999999995,4090.666666666666,C:\Users\kimeu\Downloads\starlink_pathB_wsl_package_v0_3_clean\starlink_pathB\paper_final_experiment_check\outputs\coverage_null_global_stats_all_tle_full\82_0_lst064_stress_frozen_polybeam_khz_comb_S1000_multi.npz,9.10175923472585,9444.443085672718,1.7798436919007438e-05,140609741.2109375,False,False,False,False,False,False,False,False,False,False,False,False
82_0,81.33403506806889,mid,stress,64,2461041.9444444445,2461041.951267397,full_polybeam,smooth,30.0,single,coherent_ab,2,9,1,51870,86.524,0.6134387600806451,0.0002588706478842,0.2812107439459313,0,2,2,2,0.0,0.2812107439459313,0.0,0.9963509766045548,0.0002588706478842,1086.298297023242,1.2704332352398398,1.2704332352398398,0.0034737272865834647,False,20271481,100,1.3862517776885859,0.5079589628368034,0.019801980198019802,0.3564356435643564,0.37017810429097153,29.07219752238249,0.2926431440500892,0.3670713845611317,0.3687333490662422,28.76925628394143,29.28311911377028,29.29766690324359,0.03772519181620737,0.81427129332863,0.7650759248794128,29.07219752238249,3.741414548598482,2440330.6300431527,1.1913220759708451e-05,1397,0.0253787682080139,-1.445965571882522,1.4440828042107998,-4095.9999999999995,4090.666666666666,C:\Users\kimeu\Downloads\starlink_pathB_wsl_package_v0_3_clean\starlink_pathB\paper_final_experiment_check\outputs\coverage_null_global_stats_all_tle_full\82_0_lst064_stress_full_polybeam_smooth_S30_single.npz,9.10175923472585,9444.443085672718,1.7798436919007438e-05,140609741.2109375,False,False,True,False,False,False,False,False,False,False,False,False
82_0,81.33403506806889,mid,stress,64,2461041.9444444445,2461041.951267397,full_polybeam,smooth,30.0,multi,coherent_ab,2,9,9,51870;57800;48417;48417;45222;51872;51872;56474;56474,86.524;83.588;82.197;82.197;81.702;79.581;79.581;72.726;72.726,0.6134387600806451,0.0002588706478842,0.2812107439459313,0,2,2,2,0.0,0.2812107439459313,0.0,0.9963509766045548,0.0002588706478842,1086.298297023242,3.773969293615224,1.2704332352398398,0.009989270494671871,False,20271498,100,0.3758610432615973,1.518517115078309,0.36633663366336633,0.0594059405940594,36.796336543218786,5615.528419901301,32.53720999820962,58.00642547729111,72.30053381607549,4642.216343181893,5588.318679700583,6177.6338939539655,7.643094567932508,3.076159902999489,1.5577514106473966,5615.528419901301,-1506.1365842331138,2440330.6300431527,0.00230113426056616,1397,0.0253787682080139,-1.445965571882522,1.4440828042107998,-4095.9999999999995,4090.666666666666,C:\Users\kimeu\Downloads\starlink_pathB_wsl_package_v0_3_clean\starlink_pathB\paper_final_experiment_check\outputs\coverage_null_global_stats_all_tle_full\82_0_lst064_stress_full_polybeam_smooth_S30_multi.npz,9.10175923472585,9444.443085672718,1.7798436919007438e-05,140609741.2109375,False,False,False,False,False,False,False,False,False,False,False,False
82_0,81.33403506806889,mid,stress,64,2461041.9444444445,2461041.951267397,full_polybeam,smooth,1000.0,single,coherent_ab,2,9,1,51870,86.524,0.6134387600806451,0.0002588706478842,0.2812107439459313,0,2,2,2,0.0,0.2812107439459313,0.0,0.9963509766045548,0.0002588706478842,1086.298297023242,42.34777450799465,42.34777450799465,0.1157909095527822,False,20271515,100,1.735163667618636,0.6670101726751979,0.019801980198019802,0.24752475247524752,12.343129137239885,969.1932588868824,9.1432330495536,11.621588367327057,12.327784281264977,953.4247737453929,974.877475697526,975.9461457444011,1.2438598056814953,1.2599969307365357,1.154508809434752,969.1932588868824,125.68980492355034,2440330.6300431527,0.00039715653565752443,1397,0.0253787682080139,-1.445965571882522,1.4440828042107998,-4095.9999999999995,4090.666666666666,C:\Users\kimeu\Downloads\starlink_pathB_wsl_package_v0_3_clean\starlink_pathB\paper_final_experiment_check\outputs\coverage_null_global_stats_all_tle_full\82_0_lst064_stress_full_polybeam_smooth_S1000_single.npz,9.10175923472585,9444.443085672718,1.7798436919007438e-05,140609741.2109375,False,False,True,False,False,False,False,False,False,False,False,False
82_0,81.33403506806889,mid,stress,64,2461041.9444444445,2461041.951267397,full_polybeam,smooth,1000.0,multi,coherent_ab,2,9,9,51870;57800;48417;48417;45222;51872;51872;56474;56474,86.524;83.588;82.197;82.197;81.702;79.581;79.581;72.726;72.726,0.6134387600806451,0.0002588706478842,0.2812107439459313,0,2,2,2,0.0,0.2812107439459313,0.0,0.9963509766045548,0.0002588706478842,1086.298297023242,125.79897645384075,42.34777450799465,0.3329756831557291,False,20271532,100,-0.04078667470124975,1.2193585054205336,0.5247524752475248,0.09900990099009901,1153.948641048868,187284.81512020726,1165.9407820209626,2289.4164020888843,2384.3943059606663,159980.68431416986,192273.9795642538,206081.89664161063,198.31448215048135,2.543831656021118,1.380217805287351,187284.81512020726,-52377.127279039,2440330.6300431527,0.07674567241607563,1397,0.0253787682080139,-1.445965571882522,1.4440828042107998,-4095.9999999999995,4090.666666666666,C:\Users\kimeu\Downloads\starlink_pathB_wsl_package_v0_3_clean\starlink_pathB\paper_final_experiment_check\outputs\coverage_null_global_stats_all_tle_full\82_0_lst064_stress_full_polybeam_smooth_S1000_multi.npz,9.10175923472585,9444.443085672718,1.7798436919007438e-05,140609741.2109375,False,False,False,False,False,False,False,False,False,False,False,False
82_0,81.33403506806889,mid,stress,64,2461041.9444444445,2461041.951267397,full_polybeam,lines,30.0,single,coherent_ab,2,9,1,51870,86.524,0.6134387600806451,0.0002588706478842,0.2812107439459313,0,2,2,2,0.0,0.2812107439459313,0.0,0.9963509766045548,0.0002588706478842,1086.298297023242,1.2703985621604261,1.2703985621604261,0.003476454061238235,False,20271549,100,1.35205920252173,0.6404101407168766,0.039603960396039604,0.297029702970297,0.3709265310317278,29.079822058339715,0.28864142109887325,0.364493825018144,0.3718993043734372,28.46787143227966,29.275976670136505,29.297422758877193,0.04104890243615955,1.077852613471805,1.0435854991266178,29.079822058339715,3.742997367151937,2440330.6300431527,1.1916345146159761e-05,1397,0.0253787682080139,-1.445965571882522,1.4440828042107998,-4095.9999999999995,4090.666666666666,C:\Users\kimeu\Downloads\starlink_pathB_wsl_package_v0_3_clean\starlink_pathB\paper_final_experiment_check\outputs\coverage_null_global_stats_all_tle_full\82_0_lst064_stress_full_polybeam_lines_S30_single.npz,9.10175923472585,9444.443085672718,1.7798436919007438e-05,140609741.2109375,False,False,True,False,False,False,False,False,False,False,False,False
82_0,81.33403506806889,mid,stress,64,2461041.9444444445,2461041.951267397,full_polybeam,lines,30.0,multi,coherent_ab,2,9,9,51870;57800;48417;48417;45222;51872;51872;56474;56474,86.524;83.588;82.197;82.197;81.702;79.581;79.581;72.726;72.726,0.6134387600806451,0.0002588706478842,0.2812107439459313,0,2,2,2,0.0,0.2812107439459313,0.0,0.9963509766045548,0.0002588706478842,1086.298297023242,3.7735999543114227,1.2703985621604261,0.009996421350871218,False,20271566,100,0.3620181926384585,1.2950226588824247,0.37623762376237624,0.07920792079207921,36.77855052441191,5614.209302540954,32.810187488851625,63.61517261800509,69.91651674419504,4737.5635622870905,5725.428539694292,5881.043580581205,7.393617923525198,2.3278283933460546,1.3970528271197997,5614.209302540954,-1507.033050745429,2440330.6300431527,0.0023005937119437284,1397,0.0253787682080139,-1.445965571882522,1.4440828042107998,-4095.9999999999995,4090.666666666666,C:\Users\kimeu\Downloads\starlink_pathB_wsl_package_v0_3_clean\starlink_pathB\paper_final_experiment_check\outputs\coverage_null_global_stats_all_tle_full\82_0_lst064_stress_full_polybeam_lines_S30_multi.npz,9.10175923472585,9444.443085672718,1.7798436919007438e-05,140609741.2109375,False,False,False,False,False,False,False,False,False,False,False,False
82_0,81.33403506806889,mid,stress,64,2461041.9444444445,2461041.951267397,full_polybeam,lines,1000.0,single,coherent_ab,2,9,1,51870,86.524,0.6134387600806451,0.0002588706478842,0.2812107439459313,0,2,2,2,0.0,0.2812107439459313,0.0,0.9963509766045548,0.0002588706478842,1086.298297023242,42.34661873868086,42.34661873868086,0.1158818020412745,False,20271583,100,1.6946807183228634,0.47116842361326644,0.019801980198019802,0.32673267326732675,12.368090371790458,969.4463796026438,9.370758623557776,12.263142998688272,12.365546890385012,960.8584700223049,976.1348657408579,976.3040566433923,1.1929518908254977,1.1169706129181747,1.0611144898688478,969.4463796026438,125.74244638234389,2440330.6300431527,0.00039726025960076604,1397,0.0253787682080139,-1.445965571882522,1.4440828042107998,-4095.9999999999995,4090.666666666666,C:\Users\kimeu\Downloads\starlink_pathB_wsl_package_v0_3_clean\starlink_pathB\paper_final_experiment_check\outputs\coverage_null_global_stats_all_tle_full\82_0_lst064_stress_full_polybeam_lines_S1000_single.npz,9.10175923472585,9444.443085672718,1.7798436919007438e-05,140609741.2109375,False,False,True,False,False,False,False,False,False,False,False,False
82_0,81.33403506806889,mid,stress,64,2461041.9444444445,2461041.951267397,full_polybeam,lines,1000.0,multi,coherent_ab,2,9,9,51870;57800;48417;48417;45222;51872;51872;56474;56474,86.524;83.588;82.197;82.197;81.702;79.581;79.581;72.726;72.726,0.6134387600806451,0.0002588706478842,0.2812107439459313,0,2,2,2,0.0,0.2812107439459313,0.0,0.9963509766045548,0.0002588706478842,1086.298297023242,125.78666514371412,42.34661873868086,0.33321404502904056,False,20271600,100,0.04112652811354749,1.8973313966393897,0.45544554455445546,0.04950495049504951,1153.1828693783482,187232.84917804674,1141.0111525201592,1674.0095650846104,2241.7636178357257,153719.66258880176,184133.2779840806,200422.20256093107,199.62080254252328,2.47769383846757,1.4849086820647033,187232.84917804674,-52407.64825053183,2440330.6300431527,0.07672437778430699,1397,0.0253787682080139,-1.445965571882522,1.4440828042107998,-4095.9999999999995,4090.666666666666,C:\Users\kimeu\Downloads\starlink_pathB_wsl_package_v0_3_clean\starlink_pathB\paper_final_experiment_check\outputs\coverage_null_global_stats_all_tle_full\82_0_lst064_stress_full_polybeam_lines_S1000_multi.npz,9.10175923472585,9444.443085672718,1.7798436919007438e-05,140609741.2109375,False,False,False,False,False,False,False,False,False,False,False,False
82_0,81.33403506806889,mid,stress,64,2461041.9444444445,2461041.951267397,full_polybeam,khz_comb,30.0,single,coherent_ab,2,9,1,51870,86.524,0.6134387600806451,0.0002588706478842,0.2812107439459313,0,2,2,2,0.0,0.2812107439459313,0.0,0.9963509766045548,0.0002588706478842,1086.298297023242,1.264165973932444,1.264165973932444,0.00313303112044458,False,20271617,100,2.0872161855740217,0.295978817633631,0.0297029702970297,0.40594059405940597,0.3583484111222788,29.321854828951327,0.28111143570640706,0.3525930003968824,0.3584465083300165,29.138838248329034,29.780772297356023,29.786445031468222,0.024959382055385504,1.2599304804988,1.1721592867616828,29.321854828951327,3.785120919546097,2440330.6300431527,1.2015525465265674e-05,1397,0.0253787682080139,-1.445965571882522,1.4440828042107998,-4095.9999999999995,4090.666666666666,C:\Users\kimeu\Downloads\starlink_pathB_wsl_package_v0_3_clean\starlink_pathB\paper_final_experiment_check\outputs\coverage_null_global_stats_all_tle_full\82_0_lst064_stress_full_polybeam_khz_comb_S30_single.npz,9.10175923472585,9444.443085672718,1.7798436919007438e-05,140609741.2109375,True,False,True,False,False,False,False,False,False,False,False,False
82_0,81.33403506806889,mid,stress,64,2461041.9444444445,2461041.951267397,full_polybeam,khz_comb,30.0,multi,coherent_ab,2,9,9,51870;57800;48417;48417;45222;51872;51872;56474;56474,86.524;83.588;82.197;82.197;81.702;79.581;79.581;72.726;72.726,0.6134387600806451,0.0002588706478842,0.2812107439459313,0,2,2,2,0.0,0.2812107439459313,0.0,0.9963509766045548,0.0002588706478842,1086.298297023242,3.3242463991905886,1.264165973932444,0.008751685037107125,False,20271634,100,0.5087532519412555,1.4172284850934065,0.33663366336633666,0.0594059405940594,33.292790328570845,4885.029277232037,27.9196412991505,51.737082215690315,59.31287568894638,4062.4471454482523,4885.5994628965855,5102.8704592850845,7.123569934552734,2.834135867020494,1.447167960510007,4885.029277232037,-1305.4580408884008,2440330.6300431527,0.0020017899284186973,1397,0.0253787682080139,-1.445965571882522,1.4440828042107998,-4095.9999999999995,4090.666666666666,C:\Users\kimeu\Downloads\starlink_pathB_wsl_package_v0_3_clean\starlink_pathB\paper_final_experiment_check\outputs\coverage_null_global_stats_all_tle_full\82_0_lst064_stress_full_polybeam_khz_comb_S30_multi.npz,9.10175923472585,9444.443085672718,1.7798436919007438e-05,140609741.2109375,False,False,False,False,False,False,False,False,False,False,False,False
82_0,81.33403506806889,mid,stress,64,2461041.9444444445,2461041.951267397,full_polybeam,khz_comb,1000.0,single,coherent_ab,2,9,1,51870,86.524,0.6134387600806451,0.0002588706478842,0.2812107439459313,0,2,2,2,0.0,0.2812107439459313,0.0,0.9963509766045548,0.0002588706478842,1086.298297023242,42.13886579774813,42.13886579774813,0.10443437068148599,False,20271651,100,1.1670953199785794,0.16216407920683232,0.0891089108910891,0.3564356435643564,11.948551863417379,977.5287999743721,9.785876111593097,12.067479352309965,12.112931122608861,974.7806330712494,991.333313954899,992.4868459655147,1.249859189201743,1.1178384933584369,1.032882476239389,977.5287999743721,127.15931869422207,2440330.6300431527,0.00040057227817407934,1397,0.0253787682080139,-1.445965571882522,1.4440828042107998,-4095.9999999999995,4090.666666666666,C:\Users\kimeu\Downloads\starlink_pathB_wsl_package_v0_3_clean\starlink_pathB\paper_final_experiment_check\outputs\coverage_null_global_stats_all_tle_full\82_0_lst064_stress_full_polybeam_khz_comb_S1000_single.npz,9.10175923472585,9444.443085672718,1.7798436919007438e-05,140609741.2109375,False,False,False,False,False,False,False,False,False,False,False,False
82_0,81.33403506806889,mid,stress,64,2461041.9444444445,2461041.951267397,full_polybeam,khz_comb,1000.0,multi,coherent_ab,2,9,9,51870;57800;48417;48417;45222;51872;51872;56474;56474,86.524;83.588;82.197;82.197;81.702;79.581;79.581;72.726;72.726,0.6134387600806451,0.0002588706478842,0.2812107439459313,0,2,2,2,0.0,0.2812107439459313,0.0,0.9963509766045548,0.0002588706478842,1086.298297023242,110.80821330635293,42.13886579774813,0.2917228345702375,False,20271668,100,0.028930964897571857,1.4989221090921485,0.49504950495049505,0.0594059405940594,1051.3502161586948,163069.31431663161,1042.5397967864515,1618.342002801615,1882.7593374001722,137375.21781955851,162538.067832933,175462.4995746941,205.40436431107355,2.7615328078465917,1.5352656056557423,163069.31431663161,-45415.05968168022,2440330.6300431527,0.06682263145373381,1397,0.0253787682080139,-1.445965571882522,1.4440828042107998,-4095.9999999999995,4090.666666666666,C:\Users\kimeu\Downloads\starlink_pathB_wsl_package_v0_3_clean\starlink_pathB\paper_final_experiment_check\outputs\coverage_null_global_stats_all_tle_full\82_0_lst064_stress_full_polybeam_khz_comb_S1000_multi.npz,9.10175923472585,9444.443085672718,1.7798436919007438e-05,140609741.2109375,False,False,False,False,False,False,False,False,False,False,False,False
