baseline_id,ant1,ant2,source_uvh5,pol,baseline_length_m,baseline_class,baseline_enu_e_m,baseline_enu_n_m,baseline_enu_u_m,lst_bin_id,t_start_index,n_time,lst_start,lst_end,flag_fraction,n_sat_visible_center,n_sat_visible_any_bin,n_sat_visible_peak_bin,n_sat_peak_visible,beam_weighted_sat_exposure_center,beam_weighted_sat_exposure_bin_mean,max_sat_beam_response_center,max_sat_beam_response_bin,n_sat_visible,beam_weighted_sat_exposure,max_sat_beam_response,pre_risk_score_bin,bg_window_power_proxy,null_mad_win_proxy,pre_risk_score
0_1,0,1,C:\Users\kimeu\Downloads\starlink_pathB_wsl_package_v0_3_clean\starlink_pathB\zen.LST.baseline.0_1.sum.uvh5,ee,14.60794900739243,short,14.607842476282329,0.055788352425452103,0.00022457272413589635,0,0,62,2461041.5,2461041.5068229535,0.23506804435483872,1,4,4,4,0.33087588566844983,0.5502745938468236,0.33087588566844983,0.7280464634021924,4,0.5502745938468236,0.7280464634021924,1.9557868561271567e-06,298853145.6978643,281357.1387510374,1.9557868561271567e-06
0_1,0,1,C:\Users\kimeu\Downloads\starlink_pathB_wsl_package_v0_3_clean\starlink_pathB\zen.LST.baseline.0_1.sum.uvh5,ee,14.60794900739243,short,14.607842476282329,0.055788352425452103,0.00022457272413589635,1,62,62,2461041.5069444445,2461041.513767398,0.18663894489247312,0,4,4,4,0.0,0.17558204052578452,0.0,0.4821174098933508,4,0.17558204052578452,0.4821174098933508,2.770426838657629e-07,1057854336.4318455,633772.5222545862,2.770426838657629e-07
0_1,0,1,C:\Users\kimeu\Downloads\starlink_pathB_wsl_package_v0_3_clean\starlink_pathB\zen.LST.baseline.0_1.sum.uvh5,ee,14.60794900739243,short,14.607842476282329,0.055788352425452103,0.00022457272413589635,2,124,62,2461041.513888889,2461041.5207118425,0.18695396505376344,1,3,3,3,0.02274717290127737,0.1812254192505289,0.02274717290127737,0.5352241138648121,3,0.1812254192505289,0.5352241138648121,9.03513540225226e-09,2754554813.2613945,20057853.167906415,9.03513540225226e-09
0_1,0,1,C:\Users\kimeu\Downloads\starlink_pathB_wsl_package_v0_3_clean\starlink_pathB\zen.LST.baseline.0_1.sum.uvh5,ee,14.60794900739243,short,14.607842476282329,0.055788352425452103,0.00022457272413589635,3,186,62,2461041.5208333335,2461041.527656287,0.1895476310483871,0,1,1,1,0.0,0.20661704468541942,0.0,0.778550973821895,1,0.20661704468541942,0.778550973821895,1.0575041771224764e-08,5481672187.808206,19538177.64083307,1.0575041771224764e-08
0_1,0,1,C:\Users\kimeu\Downloads\starlink_pathB_wsl_package_v0_3_clean\starlink_pathB\zen.LST.baseline.0_1.sum.uvh5,ee,14.60794900739243,short,14.607842476282329,0.055788352425452103,0.00022457272413589635,4,248,62,2461041.527777778,2461041.5346007315,0.1714654737903226,1,5,5,5,0.006509913503000268,0.29197839306488044,0.006509913503000268,0.7839253298317038,5,0.29197839306488044,0.7839253298317038,1.132417563312786e-08,7306424688.139727,25783633.398507513,1.132417563312786e-08
0_1,0,1,C:\Users\kimeu\Downloads\starlink_pathB_wsl_package_v0_3_clean\starlink_pathB\zen.LST.baseline.0_1.sum.uvh5,ee,14.60794900739243,short,14.607842476282329,0.055788352425452103,0.00022457272413589635,5,310,62,2461041.534722222,2461041.5415451755,0.1678742439516129,0,5,5,5,0.0,0.4265461647481952,0.0,0.642949814682819,5,0.4265461647481952,0.642949814682819,1.7775251235532628e-08,8792917889.207071,23996632.120480627,1.7775251235532628e-08
0_1,0,1,C:\Users\kimeu\Downloads\starlink_pathB_wsl_package_v0_3_clean\starlink_pathB\zen.LST.baseline.0_1.sum.uvh5,ee,14.60794900739243,short,14.607842476282329,0.055788352425452103,0.00022457272413589635,6,372,62,2461041.5416666665,2461041.54848962,0.1676747311827957,0,3,3,3,0.0,0.29099277716989397,0.0,0.5800263647610057,3,0.29099277716989397,0.5800263647610057,1.8730352447857305e-08,6945827414.611472,15535894.371447489,1.8730352447857305e-08
0_1,0,1,C:\Users\kimeu\Downloads\starlink_pathB_wsl_package_v0_3_clean\starlink_pathB\zen.LST.baseline.0_1.sum.uvh5,ee,14.60794900739243,short,14.607842476282329,0.055788352425452103,0.00022457272413589635,7,434,62,2461041.548611111,2461041.5554340645,0.16823126680107528,1,8,8,8,0.0004122087285943486,0.43707188882479064,0.0004122087285943486,0.7170519983903962,8,0.43707188882479064,0.7170519983903962,2.1798787043643264e-08,8737935415.116972,20050284.814000465,2.1798787043643264e-08
0_1,0,1,C:\Users\kimeu\Downloads\starlink_pathB_wsl_package_v0_3_clean\starlink_pathB\zen.LST.baseline.0_1.sum.uvh5,ee,14.60794900739243,short,14.607842476282329,0.055788352425452103,0.00022457272413589635,8,496,62,2461041.5555555555,2461041.562378509,0.16840977822580644,0,2,2,2,0.0,0.2057117264676688,0.0,0.6984661256995437,2,0.2057117264676688,0.6984661256995437,9.940873230993904e-09,12915641394.440458,20693526.784578204,9.940873230993904e-09
0_1,0,1,C:\Users\kimeu\Downloads\starlink_pathB_wsl_package_v0_3_clean\starlink_pathB\zen.LST.baseline.0_1.sum.uvh5,ee,14.60794900739243,short,14.607842476282329,0.055788352425452103,0.00022457272413589635,9,558,62,2461041.5625,2461041.5693229535,0.16663516465053763,1,5,5,5,0.0010971768248922275,0.33286132694916554,0.0010971768248922275,0.6977204569959614,5,0.33286132694916554,0.6977204569959614,9.399222579423801e-09,17724043877.555134,35413708.329223424,9.399222579423801e-09
0_1,0,1,C:\Users\kimeu\Downloads\starlink_pathB_wsl_package_v0_3_clean\starlink_pathB\zen.LST.baseline.0_1.sum.uvh5,ee,14.60794900739243,short,14.607842476282329,0.055788352425452103,0.00022457272413589635,10,620,62,2461041.5694444445,2461041.576267398,0.1665091565860215,1,8,8,8,0.0035743937970326312,0.39560371903806024,0.0035743937970326312,0.6208865344769782,8,0.39560371903806024,0.6208865344769782,5.012211386868577e-09,26377735600.023106,78927979.78842172,5.012211386868577e-09
0_1,0,1,C:\Users\kimeu\Downloads\starlink_pathB_wsl_package_v0_3_clean\starlink_pathB\zen.LST.baseline.0_1.sum.uvh5,ee,14.60794900739243,short,14.607842476282329,0.055788352425452103,0.00022457272413589635,11,682,62,2461041.576388889,2461041.5832118425,0.16794774865591397,1,5,5,5,0.0006393160041250509,0.6121911094018112,0.0006393160041250509,0.6787630996977061,5,0.6121911094018112,0.6787630996977061,7.213808428775885e-09,34061695821.223278,84863788.0318225,7.213808428775885e-09
0_1,0,1,C:\Users\kimeu\Downloads\starlink_pathB_wsl_package_v0_3_clean\starlink_pathB\zen.LST.baseline.0_1.sum.uvh5,ee,14.60794900739243,short,14.607842476282329,0.055788352425452103,0.00022457272413589635,12,744,62,2461041.5833333335,2461041.590156287,0.16685567876344087,0,1,1,1,0.0,0.001343063595186559,0.0,0.001343063595186559,1,0.001343063595186559,0.001343063595186559,1.5533237392630876e-11,42601911771.89939,86463855.61735648,1.5533237392630876e-11
0_1,0,1,C:\Users\kimeu\Downloads\starlink_pathB_wsl_package_v0_3_clean\starlink_pathB\zen.LST.baseline.0_1.sum.uvh5,ee,14.60794900739243,short,14.607842476282329,0.055788352425452103,0.00022457272413589635,13,806,62,2461041.590277778,2461041.5971007315,0.16646715389784947,0,3,3,3,0.0,0.49245886625147556,0.0,0.9450884636561743,3,0.49245886625147556,0.9450884636561743,4.896368133102994e-09,53925080339.575066,100576356.36546546,4.896368133102994e-09
0_1,0,1,C:\Users\kimeu\Downloads\starlink_pathB_wsl_package_v0_3_clean\starlink_pathB\zen.LST.baseline.0_1.sum.uvh5,ee,14.60794900739243,short,14.607842476282329,0.055788352425452103,0.00022457272413589635,14,868,62,2461041.597222222,2461041.6040451755,0.16686617943548387,0,2,2,2,0.0,0.45992065055805087,0.0,0.956171545687925,2,0.45992065055805087,0.956171545687925,2.6412551459366412e-09,67164533467.9714,174129580.5009985,2.6412551459366412e-09
0_1,0,1,C:\Users\kimeu\Downloads\starlink_pathB_wsl_package_v0_3_clean\starlink_pathB\zen.LST.baseline.0_1.sum.uvh5,ee,14.60794900739243,short,14.607842476282329,0.055788352425452103,0.00022457272413589635,15,930,62,2461041.6041666665,2461041.61098962,0.16528057795698925,1,4,4,4,3.084991352301424e-05,0.5125979855485051,3.084991352301424e-05,0.9746270301393545,4,0.5125979855485051,0.9746270301393545,3.7163477674854194e-09,93185230859.59502,137930575.29041278,3.7163477674854194e-09
0_1,0,1,C:\Users\kimeu\Downloads\starlink_pathB_wsl_package_v0_3_clean\starlink_pathB\zen.LST.baseline.0_1.sum.uvh5,ee,14.60794900739243,short,14.607842476282329,0.055788352425452103,0.00022457272413589635,16,992,62,2461041.611111111,2461041.6179340645,0.16574260752688172,0,2,2,2,0.0,0.02123038413644645,0.0,0.051994079844118836,2,0.02123038413644645,0.051994079844118836,2.085329466157339e-10,112785611767.57434,101808296.87103558,2.085329466157339e-10
0_1,0,1,C:\Users\kimeu\Downloads\starlink_pathB_wsl_package_v0_3_clean\starlink_pathB\zen.LST.baseline.0_1.sum.uvh5,ee,14.60794900739243,short,14.607842476282329,0.055788352425452103,0.00022457272413589635,17,1054,62,2461041.6180555555,2461041.624878509,0.1657111055107527,0,2,2,2,0.0,0.06846870788021289,0.0,0.28051662074245665,2,0.06846870788021289,0.28051662074245665,6.108540873789748e-10,126080182904.909,112086845.77031374,6.108540873789748e-10
0_1,0,1,C:\Users\kimeu\Downloads\starlink_pathB_wsl_package_v0_3_clean\starlink_pathB\zen.LST.baseline.0_1.sum.uvh5,ee,14.60794900739243,short,14.607842476282329,0.055788352425452103,0.00022457272413589635,18,1116,62,2461041.625,2461041.6318229535,0.16517557123655913,0,4,4,4,0.0,0.2363981628786352,0.0,0.38438541749119554,4,0.2363981628786352,0.38438541749119554,2.4965002199365908e-09,165814652335.27032,94691825.37650228,2.4965002199365908e-09
0_1,0,1,C:\Users\kimeu\Downloads\starlink_pathB_wsl_package_v0_3_clean\starlink_pathB\zen.LST.baseline.0_1.sum.uvh5,ee,14.60794900739243,short,14.607842476282329,0.055788352425452103,0.00022457272413589635,19,1178,62,2461041.6319444445,2461041.638767398,0.16509156586021506,0,4,4,4,0.0,0.023868672307009665,0.0,0.04932161857556596,4,0.023868672307009665,0.04932161857556596,2.7303110187733926e-10,155923113546.97968,87421074.53286695,2.7303110187733926e-10
0_1,0,1,C:\Users\kimeu\Downloads\starlink_pathB_wsl_package_v0_3_clean\starlink_pathB\zen.LST.baseline.0_1.sum.uvh5,ee,14.60794900739243,short,14.607842476282329,0.055788352425452103,0.00022457272413589635,20,1240,62,2461041.638888889,2461041.6457118425,0.16683467741935484,0,4,4,4,0.0,0.16291867713468297,0.0,0.30801675453485433,4,0.16291867713468297,0.30801675453485433,1.2022302383162149e-09,133924869845.63802,135513707.72611654,1.2022302383162149e-09
0_1,0,1,C:\Users\kimeu\Downloads\starlink_pathB_wsl_package_v0_3_clean\starlink_pathB\zen.LST.baseline.0_1.sum.uvh5,ee,14.60794900739243,short,14.607842476282329,0.055788352425452103,0.00022457272413589635,21,1302,62,2461041.6458333335,2461041.652656287,0.16702368951612903,0,3,3,3,0.0,0.07815271613371509,0.0,0.12194591377078616,3,0.07815271613371509,0.12194591377078616,4.5691161378766237e-10,101139851836.41924,171045589.07105064,4.5691161378766237e-10
0_1,0,1,C:\Users\kimeu\Downloads\starlink_pathB_wsl_package_v0_3_clean\starlink_pathB\zen.LST.baseline.0_1.sum.uvh5,ee,14.60794900739243,short,14.607842476282329,0.055788352425452103,0.00022457272413589635,22,1364,62,2461041.652777778,2461041.6596007315,0.16532258064516128,0,3,3,3,0.0,0.04347690205806057,0.0,0.12295632724432037,3,0.04347690205806057,0.12295632724432037,3.157060496572662e-10,72928629243.34837,137713237.06105584,3.157060496572662e-10
0_1,0,1,C:\Users\kimeu\Downloads\starlink_pathB_wsl_package_v0_3_clean\starlink_pathB\zen.LST.baseline.0_1.sum.uvh5,ee,14.60794900739243,short,14.607842476282329,0.055788352425452103,0.00022457272413589635,23,1426,62,2461041.659722222,2461041.6665451755,0.1648500504032258,0,3,3,3,0.0,0.275505408017723,0.0,0.5786751971552218,3,0.275505408017723,0.5786751971552218,2.397925471696319e-09,56092710651.657,114893232.19992632,2.397925471696319e-09
0_1,0,1,C:\Users\kimeu\Downloads\starlink_pathB_wsl_package_v0_3_clean\starlink_pathB\zen.LST.baseline.0_1.sum.uvh5,ee,14.60794900739243,short,14.607842476282329,0.055788352425452103,0.00022457272413589635,24,1488,62,2461041.6666666665,2461041.67348962,0.16476604502688172,0,5,5,5,0.0,0.22773362399156483,0.0,0.43415361759428933,5,0.22773362399156483,0.43415361759428933,2.677571352880856e-09,23692038694.191116,85052308.22197935,2.677571352880856e-09
0_1,0,1,C:\Users\kimeu\Downloads\starlink_pathB_wsl_package_v0_3_clean\starlink_pathB\zen.LST.baseline.0_1.sum.uvh5,ee,14.60794900739243,short,14.607842476282329,0.055788352425452103,0.00022457272413589635,25,1550,62,2461041.673611111,2461041.6804340645,0.16430401545698925,0,5,5,5,0.0,0.20114597368031706,0.0,0.5088303857540691,5,0.20114597368031706,0.5088303857540691,5.1145078152867825e-09,12531179390.16046,39328510.37574147,5.1145078152867825e-09
0_1,0,1,C:\Users\kimeu\Downloads\starlink_pathB_wsl_package_v0_3_clean\starlink_pathB\zen.LST.baseline.0_1.sum.uvh5,ee,14.60794900739243,short,14.607842476282329,0.055788352425452103,0.00022457272413589635,26,1612,62,2461041.6805555555,2461041.687378509,0.1646505376344086,1,5,5,5,5.2688158235845604e-05,0.05072798537127345,5.2688158235845604e-05,0.13239227252198724,5,0.05072798537127345,0.13239227252198724,6.355539806767056e-09,6153266205.204438,7981695.798248462,6.355539806767056e-09
0_1,0,1,C:\Users\kimeu\Downloads\starlink_pathB_wsl_package_v0_3_clean\starlink_pathB\zen.LST.baseline.0_1.sum.uvh5,ee,14.60794900739243,short,14.607842476282329,0.055788352425452103,0.00022457272413589635,27,1674,62,2461041.6875,2461041.6943229535,0.16433551747311828,0,2,2,2,0.0,0.2437121546123139,0.0,0.8187488961970543,2,0.2437121546123139,0.8187488961970543,4.4652755202550864e-08,4756119855.808107,5457942.147283029,4.4652755202550864e-08
0_1,0,1,C:\Users\kimeu\Downloads\starlink_pathB_wsl_package_v0_3_clean\starlink_pathB\zen.LST.baseline.0_1.sum.uvh5,ee,14.60794900739243,short,14.607842476282329,0.055788352425452103,0.00022457272413589635,28,1736,62,2461041.6944444445,2461041.701267398,0.1651440692204301,0,2,2,2,0.0,0.0007516225380816418,0.0,0.0006365662667992243,2,0.0007516225380816418,0.0006365662667992243,2.038498338462759e-10,3068569328.9901185,3687138.3405121826,2.038498338462759e-10
0_1,0,1,C:\Users\kimeu\Downloads\starlink_pathB_wsl_package_v0_3_clean\starlink_pathB\zen.LST.baseline.0_1.sum.uvh5,ee,14.60794900739243,short,14.607842476282329,0.055788352425452103,0.00022457272413589635,29,1798,62,2461041.701388889,2461041.7082118425,0.16410450268817203,0,2,2,2,0.0,0.15122580595081875,0.0,0.5780989817151402,2,0.15122580595081875,0.5780989817151402,4.909105069601942e-08,2667053133.082743,3080516.7908757143,4.909105069601942e-08
0_1,0,1,C:\Users\kimeu\Downloads\starlink_pathB_wsl_package_v0_3_clean\starlink_pathB\zen.LST.baseline.0_1.sum.uvh5,ee,14.60794900739243,short,14.607842476282329,0.055788352425452103,0.00022457272413589635,30,1860,62,2461041.7083333335,2461041.715156287,0.16453503024193547,0,3,3,3,0.0,0.09986243820864145,0.0,0.22613877759676462,3,0.09986243820864145,0.22613877759676462,2.301973631612618e-08,2894605812.801921,4338122.593467072,2.301973631612618e-08
0_1,0,1,C:\Users\kimeu\Downloads\starlink_pathB_wsl_package_v0_3_clean\starlink_pathB\zen.LST.baseline.0_1.sum.uvh5,ee,14.60794900739243,short,14.607842476282329,0.055788352425452103,0.00022457272413589635,31,1922,62,2461041.715277778,2461041.7221007315,0.16453503024193547,0,4,4,4,0.0,0.09689170230687942,0.0,0.21453219285602132,4,0.09689170230687942,0.21453219285602132,2.6359441721152892e-08,2949679011.91856,3675787.345265582,2.6359441721152892e-08
0_1,0,1,C:\Users\kimeu\Downloads\starlink_pathB_wsl_package_v0_3_clean\starlink_pathB\zen.LST.baseline.0_1.sum.uvh5,ee,14.60794900739243,short,14.607842476282329,0.055788352425452103,0.00022457272413589635,32,1984,62,2461041.722222222,2461041.7290451755,0.16510206653225806,0,3,3,3,0.0,0.39049641960412795,0.0,0.8621952177012273,3,0.39049641960412795,0.8621952177012273,9.335381183287748e-08,3413958052.8053174,4182972.413629953,9.335381183287748e-08
0_1,0,1,C:\Users\kimeu\Downloads\starlink_pathB_wsl_package_v0_3_clean\starlink_pathB\zen.LST.baseline.0_1.sum.uvh5,ee,14.60794900739243,short,14.607842476282329,0.055788352425452103,0.00022457272413589635,33,2046,62,2461041.7291666665,2461041.73598962,0.16536458333333334,0,5,5,5,0.0,0.33149479679068383,0.0,0.3484546838830035,5,0.33149479679068383,0.3484546838830035,6.144605128900807e-08,3927691365.47366,5394891.77638961,6.144605128900807e-08
0_1,0,1,C:\Users\kimeu\Downloads\starlink_pathB_wsl_package_v0_3_clean\starlink_pathB\zen.LST.baseline.0_1.sum.uvh5,ee,14.60794900739243,short,14.607842476282329,0.055788352425452103,0.00022457272413589635,34,2108,62,2461041.736111111,2461041.7429340645,0.16429351478494625,1,4,4,4,0.00014289495363501375,0.26670756042623767,0.00014289495363501375,0.7820357281270546,4,0.26670756042623767,0.7820357281270546,5.238187945137767e-08,3924347451.523132,5091599.6756818,5.238187945137767e-08
0_1,0,1,C:\Users\kimeu\Downloads\starlink_pathB_wsl_package_v0_3_clean\starlink_pathB\zen.LST.baseline.0_1.sum.uvh5,ee,14.60794900739243,short,14.607842476282329,0.055788352425452103,0.00022457272413589635,35,2170,62,2461041.7430555555,2461041.749878509,0.16420950940860216,0,5,5,5,0.0,0.28702035123589004,0.0,0.5329721044266462,5,0.28702035123589004,0.5329721044266462,5.490276875920282e-08,4051482974.27889,5227793.747428805,5.490276875920282e-08
0_1,0,1,C:\Users\kimeu\Downloads\starlink_pathB_wsl_package_v0_3_clean\starlink_pathB\zen.LST.baseline.0_1.sum.uvh5,ee,14.60794900739243,short,14.607842476282329,0.055788352425452103,0.00022457272413589635,36,2232,62,2461041.75,2461041.7568229535,0.16577410954301075,0,4,4,4,0.0,0.3212071455869001,0.0,0.5491919590577511,4,0.3212071455869001,0.5491919590577511,3.285770055761511e-08,4541234457.662894,9775703.720461871,3.285770055761511e-08
0_1,0,1,C:\Users\kimeu\Downloads\starlink_pathB_wsl_package_v0_3_clean\starlink_pathB\zen.LST.baseline.0_1.sum.uvh5,ee,14.60794900739243,short,14.607842476282329,0.055788352425452103,0.00022457272413589635,37,2294,62,2461041.7569444445,2461041.7637673975,0.16529107862903225,0,5,5,5,0.0,0.356360522070895,0.0,0.9867730246375583,5,0.356360522070895,0.9867730246375583,2.4418512587955796e-08,6708000307.787733,14593866.87814337,2.4418512587955796e-08
0_1,0,1,C:\Users\kimeu\Downloads\starlink_pathB_wsl_package_v0_3_clean\starlink_pathB\zen.LST.baseline.0_1.sum.uvh5,ee,14.60794900739243,short,14.607842476282329,0.055788352425452103,0.00022457272413589635,38,2356,62,2461041.763888889,2461041.770711842,0.1647345430107527,0,3,3,3,0.0,0.2870181822616452,0.0,0.74664414194873,3,0.2870181822616452,0.74664414194873,1.2168502437454318e-08,8734354063.872158,23586976.601016335,1.2168502437454318e-08
0_1,0,1,C:\Users\kimeu\Downloads\starlink_pathB_wsl_package_v0_3_clean\starlink_pathB\zen.LST.baseline.0_1.sum.uvh5,ee,14.60794900739243,short,14.607842476282329,0.055788352425452103,0.00022457272413589635,39,2418,62,2461041.7708333335,2461041.7776562865,0.1649550571236559,0,2,2,2,0.0,0.01686142451615914,0.0,0.029500585149165884,2,0.01686142451615914,0.029500585149165884,8.632144697950044e-10,12307494494.872974,19533296.8875781,8.632144697950044e-10
0_1,0,1,C:\Users\kimeu\Downloads\starlink_pathB_wsl_package_v0_3_clean\starlink_pathB\zen.LST.baseline.0_1.sum.uvh5,ee,14.60794900739243,short,14.607842476282329,0.055788352425452103,0.00022457272413589635,40,2480,62,2461041.777777778,2461041.784600731,0.1656271001344086,0,6,6,6,0.0,0.3484575065066898,0.0,0.8056414039197263,6,0.3484575065066898,0.8056414039197263,1.9681950471352776e-08,12751423041.132889,17704419.438199088,1.9681950471352776e-08
0_1,0,1,C:\Users\kimeu\Downloads\starlink_pathB_wsl_package_v0_3_clean\starlink_pathB\zen.LST.baseline.0_1.sum.uvh5,ee,14.60794900739243,short,14.607842476282329,0.055788352425452103,0.00022457272413589635,41,2542,62,2461041.784722222,2461041.791545175,0.16492355510752688,1,2,2,2,0.776904046133802,0.19470624145740908,0.776904046133802,0.5863109176460239,2,0.19470624145740908,0.5863109176460239,6.9566864965986466e-09,11949471844.244673,27988359.336389154,6.9566864965986466e-09
0_1,0,1,C:\Users\kimeu\Downloads\starlink_pathB_wsl_package_v0_3_clean\starlink_pathB\zen.LST.baseline.0_1.sum.uvh5,ee,14.60794900739243,short,14.607842476282329,0.055788352425452103,0.00022457272413589635,42,2604,62,2461041.7916666665,2461041.7984896195,0.1650390625,0,6,6,6,0.0,0.35654971283665626,0.0,0.6113952006290849,6,0.35654971283665626,0.6113952006290849,1.9309528179310275e-08,8651360799.265207,18464962.454064064,1.9309528179310275e-08
0_1,0,1,C:\Users\kimeu\Downloads\starlink_pathB_wsl_package_v0_3_clean\starlink_pathB\zen.LST.baseline.0_1.sum.uvh5,ee,14.60794900739243,short,14.607842476282329,0.055788352425452103,0.00022457272413589635,43,2666,62,2461041.798611111,2461041.805434064,0.16621513776881722,0,2,2,2,0.0,0.3059806379101992,0.0,0.996901135440778,2,0.3059806379101992,0.996901135440778,2.280117806712827e-08,5552012850.248477,13419510.036252104,2.280117806712827e-08
0_1,0,1,C:\Users\kimeu\Downloads\starlink_pathB_wsl_package_v0_3_clean\starlink_pathB\zen.LST.baseline.0_1.sum.uvh5,ee,14.60794900739243,short,14.607842476282329,0.055788352425452103,0.00022457272413589635,44,2728,62,2461041.8055555555,2461041.8123785085,0.1653330813172043,0,3,3,3,0.0,0.2419547912000571,0.0,0.7241364102878726,3,0.2419547912000571,0.7241364102878726,2.5602650558744554e-08,3583672682.7605968,9450380.56293815,2.5602650558744554e-08
0_1,0,1,C:\Users\kimeu\Downloads\starlink_pathB_wsl_package_v0_3_clean\starlink_pathB\zen.LST.baseline.0_1.sum.uvh5,ee,14.60794900739243,short,14.607842476282329,0.055788352425452103,0.00022457272413589635,45,2790,62,2461041.8125,2461041.819322953,0.1648605510752688,0,2,2,2,0.0,0.0004316907159982403,0.0,0.0006749143264715858,2,0.0004316907159982403,0.0006749143264715858,7.114242547782088e-11,2202848726.563588,6067978.609090615,7.114242547782088e-11
0_1,0,1,C:\Users\kimeu\Downloads\starlink_pathB_wsl_package_v0_3_clean\starlink_pathB\zen.LST.baseline.0_1.sum.uvh5,ee,14.60794900739243,short,14.607842476282329,0.055788352425452103,0.00022457272413589635,46,2852,62,2461041.8194444445,2461041.8262673975,0.16538558467741934,0,6,6,6,0.0,0.23572824167680723,0.0,0.4552977482091947,6,0.23572824167680723,0.4552977482091947,6.803105858844989e-08,1781692852.7233,3465009.167398557,6.803105858844989e-08
0_1,0,1,C:\Users\kimeu\Downloads\starlink_pathB_wsl_package_v0_3_clean\starlink_pathB\zen.LST.baseline.0_1.sum.uvh5,ee,14.60794900739243,short,14.607842476282329,0.055788352425452103,0.00022457272413589635,47,2914,62,2461041.826388889,2461041.833211842,0.16636214717741934,0,4,4,4,0.0,0.18822900815401855,0.0,0.5108260863619242,4,0.18822900815401855,0.5108260863619242,1.295825181043788e-07,1812421759.8348134,1452580.2624270655,1.295825181043788e-07
0_1,0,1,C:\Users\kimeu\Downloads\starlink_pathB_wsl_package_v0_3_clean\starlink_pathB\zen.LST.baseline.0_1.sum.uvh5,ee,14.60794900739243,short,14.607842476282329,0.055788352425452103,0.00022457272413589635,48,2976,62,2461041.8333333335,2461041.8401562865,0.16554309475806453,0,2,2,2,0.0,0.014922085996042292,0.0,0.04576768186907193,2,0.014922085996042292,0.04576768186907193,6.593113610875088e-09,1651466854.472998,2263283.613288399,6.593113610875088e-09
0_1,0,1,C:\Users\kimeu\Downloads\starlink_pathB_wsl_package_v0_3_clean\starlink_pathB\zen.LST.baseline.0_1.sum.uvh5,ee,14.60794900739243,short,14.607842476282329,0.055788352425452103,0.00022457272413589635,49,3038,62,2461041.840277778,2461041.847100731,0.16545908938172044,0,4,4,4,0.0,0.4385330849085768,0.0,0.9279511646397298,4,0.4385330849085768,0.9279511646397298,1.0706711690981737e-07,2198128014.1223,4095870.866476709,1.0706711690981737e-07
0_1,0,1,C:\Users\kimeu\Downloads\starlink_pathB_wsl_package_v0_3_clean\starlink_pathB\zen.LST.baseline.0_1.sum.uvh5,ee,14.60794900739243,short,14.607842476282329,0.055788352425452103,0.00022457272413589635,50,3100,62,2461041.847222222,2461041.854045175,0.16510206653225806,0,6,6,6,0.0,0.34972237411950585,0.0,0.6086948826788393,6,0.34972237411950585,0.6086948826788393,1.5431215829806423e-07,2484586162.7554092,2266330.6506542005,1.5431215829806423e-07
0_1,0,1,C:\Users\kimeu\Downloads\starlink_pathB_wsl_package_v0_3_clean\starlink_pathB\zen.LST.baseline.0_1.sum.uvh5,ee,14.60794900739243,short,14.607842476282329,0.055788352425452103,0.00022457272413589635,51,3162,62,2461041.8541666665,2461041.8609896195,0.1649340557795699,1,4,4,4,0.008305882758116095,0.5098494816274408,0.008305882758116095,0.7273139335979131,4,0.5098494816274408,0.7273139335979131,1.7853328374959607e-07,2148332105.674537,2855767.1203904822,1.7853328374959607e-07
0_1,0,1,C:\Users\kimeu\Downloads\starlink_pathB_wsl_package_v0_3_clean\starlink_pathB\zen.LST.baseline.0_1.sum.uvh5,ee,14.60794900739243,short,14.607842476282329,0.055788352425452103,0.00022457272413589635,52,3224,62,2461041.861111111,2461041.867934064,0.16444052419354838,0,8,8,8,0.0,0.7461311303091528,0.0,0.8464114110583065,8,0.7461311303091528,0.8464114110583065,2.146941679015215e-07,2198268766.8205132,3475320.906953547,2.146941679015215e-07
0_1,0,1,C:\Users\kimeu\Downloads\starlink_pathB_wsl_package_v0_3_clean\starlink_pathB\zen.LST.baseline.0_1.sum.uvh5,ee,14.60794900739243,short,14.607842476282329,0.055788352425452103,0.00022457272413589635,53,3286,62,2461041.8680555555,2461041.8748785085,0.16604712701612903,1,3,3,3,0.0023396773596836536,0.30413256099332964,0.0023396773596836536,0.4996640359057469,3,0.30413256099332964,0.4996640359057469,1.4609071923118186e-07,2642654174.3422084,2081806.1721775346,1.4609071923118186e-07
0_1,0,1,C:\Users\kimeu\Downloads\starlink_pathB_wsl_package_v0_3_clean\starlink_pathB\zen.LST.baseline.0_1.sum.uvh5,ee,14.60794900739243,short,14.607842476282329,0.055788352425452103,0.00022457272413589635,54,3348,62,2461041.875,2461041.881822953,0.1668136760752688,0,4,4,4,0.0,0.21673228020298504,0.0,0.616185001151179,4,0.21673228020298504,0.616185001151179,7.693075705716348e-08,2145836036.8408406,2817238.3646496795,7.693075705716348e-08
0_1,0,1,C:\Users\kimeu\Downloads\starlink_pathB_wsl_package_v0_3_clean\starlink_pathB\zen.LST.baseline.0_1.sum.uvh5,ee,14.60794900739243,short,14.607842476282329,0.055788352425452103,0.00022457272413589635,55,3410,62,2461041.8819444445,2461041.8887673975,0.16491305443548387,0,3,3,3,0.0,0.28670049114161184,0.0,0.9326005479341334,3,0.28670049114161184,0.9326005479341334,4.499557216863304e-08,2509749700.867442,6371748.981591443,4.499557216863304e-08
0_1,0,1,C:\Users\kimeu\Downloads\starlink_pathB_wsl_package_v0_3_clean\starlink_pathB\zen.LST.baseline.0_1.sum.uvh5,ee,14.60794900739243,short,14.607842476282329,0.055788352425452103,0.00022457272413589635,56,3472,62,2461041.888888889,2461041.895711842,0.1644510248655914,0,6,6,6,0.0,0.620775413097927,0.0,0.8643087592320493,6,0.620775413097927,0.8643087592320493,4.877491485554888e-08,4991407793.139244,12727350.010479916,4.877491485554888e-08
0_1,0,1,C:\Users\kimeu\Downloads\starlink_pathB_wsl_package_v0_3_clean\starlink_pathB\zen.LST.baseline.0_1.sum.uvh5,ee,14.60794900739243,short,14.607842476282329,0.055788352425452103,0.00022457272413589635,57,3534,62,2461041.8958333335,2461041.9026562865,0.16784274193548387,0,6,6,6,0.0,0.20947771743508667,0.0,0.41761437957613023,6,0.20947771743508667,0.41761437957613023,2.9351392561616866e-08,7661837614.27698,7136891.954796821,2.9351392561616866e-08
0_1,0,1,C:\Users\kimeu\Downloads\starlink_pathB_wsl_package_v0_3_clean\starlink_pathB\zen.LST.baseline.0_1.sum.uvh5,ee,14.60794900739243,short,14.607842476282329,0.055788352425452103,0.00022457272413589635,58,3596,62,2461041.902777778,2461041.909600731,0.1676642305107527,0,5,5,5,0.0,0.12036852132435003,0.0,0.18183588309851056,5,0.12036852132435003,0.18183588309851056,1.2566644812153158e-08,4471079992.799911,9578413.580046605,1.2566644812153158e-08
0_1,0,1,C:\Users\kimeu\Downloads\starlink_pathB_wsl_package_v0_3_clean\starlink_pathB\zen.LST.baseline.0_1.sum.uvh5,ee,14.60794900739243,short,14.607842476282329,0.055788352425452103,0.00022457272413589635,59,3658,62,2461041.909722222,2461041.916545175,0.16614163306451613,0,6,6,6,0.0,0.6872306623487341,0.0,0.9426480648117707,6,0.6872306623487341,0.9426480648117707,1.1736327627863412e-07,3823058173.1192985,5855585.18933272,1.1736327627863412e-07
0_1,0,1,C:\Users\kimeu\Downloads\starlink_pathB_wsl_package_v0_3_clean\starlink_pathB\zen.LST.baseline.0_1.sum.uvh5,ee,14.60794900739243,short,14.607842476282329,0.055788352425452103,0.00022457272413589635,60,3720,62,2461041.9166666665,2461041.9234896195,0.16760122647849462,0,1,1,1,0.0,3.0769904893363125e-05,0.0,3.0769904893363125e-05,1,3.0769904893363125e-05,3.0769904893363125e-05,6.845583271146799e-12,2768185257.4647512,4494855.102129001,6.845583271146799e-12
0_1,0,1,C:\Users\kimeu\Downloads\starlink_pathB_wsl_package_v0_3_clean\starlink_pathB\zen.LST.baseline.0_1.sum.uvh5,ee,14.60794900739243,short,14.607842476282329,0.055788352425452103,0.00022457272413589635,61,3782,62,2461041.923611111,2461041.930434064,0.17433215725806453,0,3,3,3,0.0,0.44567189911077393,0.0,0.9338566727692416,3,0.44567189911077393,0.9338566727692416,6.715275552783786e-08,6136931609.589404,6636688.183644567,6.715275552783786e-08
0_1,0,1,C:\Users\kimeu\Downloads\starlink_pathB_wsl_package_v0_3_clean\starlink_pathB\zen.LST.baseline.0_1.sum.uvh5,ee,14.60794900739243,short,14.607842476282329,0.055788352425452103,0.00022457272413589635,62,3844,62,2461041.9305555555,2461041.9373785085,0.2097719254032258,0,4,4,4,0.0,0.41429598522145367,0.0,0.8272224890322021,4,0.41429598522145367,0.8272224890322021,3.6685273025736406e-08,2469346740.2531934,11293250.698469818,3.6685273025736406e-08
0_1,0,1,C:\Users\kimeu\Downloads\starlink_pathB_wsl_package_v0_3_clean\starlink_pathB\zen.LST.baseline.0_1.sum.uvh5,ee,14.60794900739243,short,14.607842476282329,0.055788352425452103,0.00022457272413589635,63,3906,62,2461041.9375,2461041.944322953,0.2464927755376344,1,4,4,4,0.0002818752689222807,0.14698950232902025,0.0002818752689222807,0.24707532713891836,4,0.14698950232902025,0.24707532713891836,3.3143766185142066e-08,1285418506.1763706,4434906.446899623,3.3143766185142066e-08
0_1,0,1,C:\Users\kimeu\Downloads\starlink_pathB_wsl_package_v0_3_clean\starlink_pathB\zen.LST.baseline.0_1.sum.uvh5,ee,14.60794900739243,short,14.607842476282329,0.055788352425452103,0.00022457272413589635,64,3968,62,2461041.9444444445,2461041.9512673975,0.6134387600806451,0,2,2,2,0.0,0.2812107439459313,0.0,0.9963509766045548,2,0.2812107439459313,0.9963509766045548,2.1451972124965307e-07,139301372.28627086,1310885.2757582357,2.1451972124965307e-07
0_197,0,197,C:\Users\kimeu\Downloads\starlink_pathB_wsl_package_v0_3_clean\starlink_pathB\zen.LST.baseline.0_197.sum.uvh5,ee,160.250312485456,mid,-37.115423562346635,155.88441668532192,-1.6299141544335711,0,0,62,2461041.5,2461041.5068229535,0.2313613071236559,1,4,4,4,0.33087588566844983,0.5502745938468236,0.33087588566844983,0.7280464634021924,4,0.5502745938468236,0.7280464634021924,0.00013861461673662695,3438449.036565752,3969.816508545893,0.00013861461673662695
0_197,0,197,C:\Users\kimeu\Downloads\starlink_pathB_wsl_package_v0_3_clean\starlink_pathB\zen.LST.baseline.0_197.sum.uvh5,ee,160.250312485456,mid,-37.115423562346635,155.88441668532192,-1.6299141544335711,1,62,62,2461041.5069444445,2461041.513767398,0.1846648185483871,0,4,4,4,0.0,0.17558204052578452,0.0,0.4821174098933508,4,0.17558204052578452,0.4821174098933508,7.152812178573767e-06,17434583.09451194,24547.274015070623,7.152812178573767e-06
0_197,0,197,C:\Users\kimeu\Downloads\starlink_pathB_wsl_package_v0_3_clean\starlink_pathB\zen.LST.baseline.0_197.sum.uvh5,ee,160.250312485456,mid,-37.115423562346635,155.88441668532192,-1.6299141544335711,2,124,62,2461041.513888889,2461041.5207118425,0.18480132728494625,1,3,3,3,0.02274717290127737,0.1812254192505289,0.02274717290127737,0.5352241138648121,3,0.1812254192505289,0.5352241138648121,1.0289070479453138e-06,102094896.6520255,176133.90792922335,1.0289070479453138e-06
0_197,0,197,C:\Users\kimeu\Downloads\starlink_pathB_wsl_package_v0_3_clean\starlink_pathB\zen.LST.baseline.0_197.sum.uvh5,ee,160.250312485456,mid,-37.115423562346635,155.88441668532192,-1.6299141544335711,3,186,62,2461041.5208333335,2461041.527656287,0.1862294186827957,0,1,1,1,0.0,0.20661704468541942,0.0,0.778550973821895,1,0.20661704468541942,0.778550973821895,6.681915106417465e-07,394791669.8121501,309218.3025297338,6.681915106417465e-07
0_197,0,197,C:\Users\kimeu\Downloads\starlink_pathB_wsl_package_v0_3_clean\starlink_pathB\zen.LST.baseline.0_197.sum.uvh5,ee,160.250312485456,mid,-37.115423562346635,155.88441668532192,-1.6299141544335711,4,248,62,2461041.527777778,2461041.5346007315,0.17105594758064516,1,5,5,5,0.006509913503000268,0.29197839306488044,0.006509913503000268,0.7839253298317038,5,0.29197839306488044,0.7839253298317038,4.6186839425157947e-07,6595197489.424182,632167.9437234667,4.6186839425157947e-07
0_197,0,197,C:\Users\kimeu\Downloads\starlink_pathB_wsl_package_v0_3_clean\starlink_pathB\zen.LST.baseline.0_197.sum.uvh5,ee,160.250312485456,mid,-37.115423562346635,155.88441668532192,-1.6299141544335711,5,310,62,2461041.534722222,2461041.5415451755,0.16768523185483872,0,5,5,5,0.0,0.4265461647481952,0.0,0.642949814682819,5,0.4265461647481952,0.642949814682819,2.0058238867733608e-07,9973098289.807123,2126538.464123849,2.0058238867733608e-07
0_197,0,197,C:\Users\kimeu\Downloads\starlink_pathB_wsl_package_v0_3_clean\starlink_pathB\zen.LST.baseline.0_197.sum.uvh5,ee,160.250312485456,mid,-37.115423562346635,155.88441668532192,-1.6299141544335711,6,372,62,2461041.5416666665,2461041.54848962,0.16752772177419356,0,3,3,3,0.0,0.29099277716989397,0.0,0.5800263647610057,3,0.29099277716989397,0.5800263647610057,4.9493312745568146e-08,3301077156.825246,5879436.251636859,4.9493312745568146e-08
0_197,0,197,C:\Users\kimeu\Downloads\starlink_pathB_wsl_package_v0_3_clean\starlink_pathB\zen.LST.baseline.0_197.sum.uvh5,ee,160.250312485456,mid,-37.115423562346635,155.88441668532192,-1.6299141544335711,7,434,62,2461041.548611111,2461041.5554340645,0.16737021169354838,1,8,8,8,0.0004122087285943486,0.43707188882479064,0.0004122087285943486,0.7170519983903962,8,0.43707188882479064,0.7170519983903962,1.6807318144398952e-07,9491446752.003637,2600485.604364222,1.6807318144398952e-07
0_197,0,197,C:\Users\kimeu\Downloads\starlink_pathB_wsl_package_v0_3_clean\starlink_pathB\zen.LST.baseline.0_197.sum.uvh5,ee,160.250312485456,mid,-37.115423562346635,155.88441668532192,-1.6299141544335711,8,496,62,2461041.5555555555,2461041.562378509,0.16685567876344087,0,2,2,2,0.0,0.2057117264676688,0.0,0.6984661256995437,2,0.2057117264676688,0.6984661256995437,2.7735371379026634e-07,1027054972.0048496,741694.5086346567,2.7735371379026634e-07
0_197,0,197,C:\Users\kimeu\Downloads\starlink_pathB_wsl_package_v0_3_clean\starlink_pathB\zen.LST.baseline.0_197.sum.uvh5,ee,160.250312485456,mid,-37.115423562346635,155.88441668532192,-1.6299141544335711,9,558,62,2461041.5625,2461041.5693229535,0.16654065860215053,1,5,5,5,0.0010971768248922275,0.33286132694916554,0.0010971768248922275,0.6977204569959614,5,0.33286132694916554,0.6977204569959614,3.825991170216676e-07,2714830600.0918827,870000.2486684116,3.825991170216676e-07
0_197,0,197,C:\Users\kimeu\Downloads\starlink_pathB_wsl_package_v0_3_clean\starlink_pathB\zen.LST.baseline.0_197.sum.uvh5,ee,160.250312485456,mid,-37.115423562346635,155.88441668532192,-1.6299141544335711,10,620,62,2461041.5694444445,2461041.576267398,0.16648815524193547,1,8,8,8,0.0035743937970326312,0.39560371903806024,0.0035743937970326312,0.6208865344769782,8,0.39560371903806024,0.6208865344769782,6.149979745760957e-08,23849355576.681778,6432601.982319389,6.149979745760957e-08
0_197,0,197,C:\Users\kimeu\Downloads\starlink_pathB_wsl_package_v0_3_clean\starlink_pathB\zen.LST.baseline.0_197.sum.uvh5,ee,160.250312485456,mid,-37.115423562346635,155.88441668532192,-1.6299141544335711,11,682,62,2461041.576388889,2461041.5832118425,0.16763272849462366,1,5,5,5,0.0006393160041250509,0.6121911094018112,0.0006393160041250509,0.6787630996977061,5,0.6121911094018112,0.6787630996977061,1.966093919540355e-07,769313255.2196444,3113742.9566179262,1.966093919540355e-07
0_197,0,197,C:\Users\kimeu\Downloads\starlink_pathB_wsl_package_v0_3_clean\starlink_pathB\zen.LST.baseline.0_197.sum.uvh5,ee,160.250312485456,mid,-37.115423562346635,155.88441668532192,-1.6299141544335711,12,744,62,2461041.5833333335,2461041.590156287,0.1666771673387097,0,1,1,1,0.0,0.001343063595186559,0.0,0.001343063595186559,1,0.001343063595186559,0.001343063595186559,4.3429492527096837e-10,1998210093.7462487,3092515.056096005,4.3429492527096837e-10
0_197,0,197,C:\Users\kimeu\Downloads\starlink_pathB_wsl_package_v0_3_clean\starlink_pathB\zen.LST.baseline.0_197.sum.uvh5,ee,160.250312485456,mid,-37.115423562346635,155.88441668532192,-1.6299141544335711,13,806,62,2461041.590277778,2461041.5971007315,0.16648815524193547,0,3,3,3,0.0,0.49245886625147556,0.0,0.9450884636561743,3,0.49245886625147556,0.9450884636561743,1.6022300942004493e-07,23879401901.453106,3073583.9255174156,1.6022300942004493e-07
0_197,0,197,C:\Users\kimeu\Downloads\starlink_pathB_wsl_package_v0_3_clean\starlink_pathB\zen.LST.baseline.0_197.sum.uvh5,ee,160.250312485456,mid,-37.115423562346635,155.88441668532192,-1.6299141544335711,14,868,62,2461041.597222222,2461041.6040451755,0.16682417674731181,0,2,2,2,0.0,0.45992065055805087,0.0,0.956171545687925,2,0.45992065055805087,0.956171545687925,1.0711326006460141e-07,2646962765.0969563,4293778.849422254,1.0711326006460141e-07
0_197,0,197,C:\Users\kimeu\Downloads\starlink_pathB_wsl_package_v0_3_clean\starlink_pathB\zen.LST.baseline.0_197.sum.uvh5,ee,160.250312485456,mid,-37.115423562346635,155.88441668532192,-1.6299141544335711,15,930,62,2461041.6041666665,2461041.61098962,0.16516507056451613,1,4,4,4,3.084991352301424e-05,0.5125979855485051,3.084991352301424e-05,0.9746270301393545,4,0.5125979855485051,0.9746270301393545,2.7604155249703205e-07,2776204532.367669,1856959.5081306337,2.7604155249703205e-07
0_197,0,197,C:\Users\kimeu\Downloads\starlink_pathB_wsl_package_v0_3_clean\starlink_pathB\zen.LST.baseline.0_197.sum.uvh5,ee,160.250312485456,mid,-37.115423562346635,155.88441668532192,-1.6299141544335711,16,992,62,2461041.611111111,2461041.6179340645,0.1657216061827957,0,2,2,2,0.0,0.02123038413644645,0.0,0.051994079844118836,2,0.02123038413644645,0.051994079844118836,1.1657779765735734e-08,1212602301.6581345,1821134.4323767622,1.1657779765735734e-08
0_197,0,197,C:\Users\kimeu\Downloads\starlink_pathB_wsl_package_v0_3_clean\starlink_pathB\zen.LST.baseline.0_197.sum.uvh5,ee,160.250312485456,mid,-37.115423562346635,155.88441668532192,-1.6299141544335711,17,1054,62,2461041.6180555555,2461041.624878509,0.16569010416666666,0,2,2,2,0.0,0.06846870788021289,0.0,0.28051662074245665,2,0.06846870788021289,0.28051662074245665,6.110973031951129e-08,238413803.82222027,1120422.3537270627,6.110973031951129e-08
0_197,0,197,C:\Users\kimeu\Downloads\starlink_pathB_wsl_package_v0_3_clean\starlink_pathB\zen.LST.baseline.0_197.sum.uvh5,ee,160.250312485456,mid,-37.115423562346635,155.88441668532192,-1.6299141544335711,18,1116,62,2461041.625,2461041.6318229535,0.16523857526881722,0,4,4,4,0.0,0.2363981628786352,0.0,0.38438541749119554,4,0.2363981628786352,0.38438541749119554,2.119210911265085e-07,2528143673.5839634,1115500.8763970304,2.119210911265085e-07
0_197,0,197,C:\Users\kimeu\Downloads\starlink_pathB_wsl_package_v0_3_clean\starlink_pathB\zen.LST.baseline.0_197.sum.uvh5,ee,160.250312485456,mid,-37.115423562346635,155.88441668532192,-1.6299141544335711,19,1178,62,2461041.6319444445,2461041.638767398,0.16489205309139784,0,4,4,4,0.0,0.023868672307009665,0.0,0.04932161857556596,4,0.023868672307009665,0.04932161857556596,3.698866406277475e-08,268425290.35367364,645296.955480774,3.698866406277475e-08
0_197,0,197,C:\Users\kimeu\Downloads\starlink_pathB_wsl_package_v0_3_clean\starlink_pathB\zen.LST.baseline.0_197.sum.uvh5,ee,160.250312485456,mid,-37.115423562346635,155.88441668532192,-1.6299141544335711,20,1240,62,2461041.638888889,2461041.6457118425,0.16704469086021506,0,4,4,4,0.0,0.16291867713468297,0.0,0.30801675453485433,4,0.16291867713468297,0.30801675453485433,2.4497707471675493e-07,206632655.88100126,665036.421563329,2.4497707471675493e-07
0_197,0,197,C:\Users\kimeu\Downloads\starlink_pathB_wsl_package_v0_3_clean\starlink_pathB\zen.LST.baseline.0_197.sum.uvh5,ee,160.250312485456,mid,-37.115423562346635,155.88441668532192,-1.6299141544335711,21,1302,62,2461041.6458333335,2461041.652656287,0.16643565188172044,0,3,3,3,0.0,0.07815271613371509,0.0,0.12194591377078616,3,0.07815271613371509,0.12194591377078616,9.22126321233088e-08,1809868937.4772677,847527.2241357076,9.22126321233088e-08
0_197,0,197,C:\Users\kimeu\Downloads\starlink_pathB_wsl_package_v0_3_clean\starlink_pathB\zen.LST.baseline.0_197.sum.uvh5,ee,160.250312485456,mid,-37.115423562346635,155.88441668532192,-1.6299141544335711,22,1364,62,2461041.652777778,2461041.6596007315,0.16539608534946237,0,3,3,3,0.0,0.04347690205806057,0.0,0.12295632724432037,3,0.04347690205806057,0.12295632724432037,3.763898124503042e-08,344014328.2176267,1155103.0506119488,3.763898124503042e-08
0_197,0,197,C:\Users\kimeu\Downloads\starlink_pathB_wsl_package_v0_3_clean\starlink_pathB\zen.LST.baseline.0_197.sum.uvh5,ee,160.250312485456,mid,-37.115423562346635,155.88441668532192,-1.6299141544335711,23,1426,62,2461041.659722222,2461041.6665451755,0.16491305443548387,0,3,3,3,0.0,0.275505408017723,0.0,0.5786751971552218,3,0.275505408017723,0.5786751971552218,2.021711886220193e-07,41049104146.97185,1362733.2850716424,2.021711886220193e-07
0_197,0,197,C:\Users\kimeu\Downloads\starlink_pathB_wsl_package_v0_3_clean\starlink_pathB\zen.LST.baseline.0_197.sum.uvh5,ee,160.250312485456,mid,-37.115423562346635,155.88441668532192,-1.6299141544335711,24,1488,62,2461041.6666666665,2461041.67348962,0.16489205309139784,0,5,5,5,0.0,0.22773362399156483,0.0,0.43415361759428933,5,0.22773362399156483,0.43415361759428933,1.6924613166916506e-07,9410623705.012966,1345576.5384152387,1.6924613166916506e-07
0_197,0,197,C:\Users\kimeu\Downloads\starlink_pathB_wsl_package_v0_3_clean\starlink_pathB\zen.LST.baseline.0_197.sum.uvh5,ee,160.250312485456,mid,-37.115423562346635,155.88441668532192,-1.6299141544335711,25,1550,62,2461041.673611111,2461041.6804340645,0.16451402889784947,0,5,5,5,0.0,0.20114597368031706,0.0,0.5088303857540691,5,0.20114597368031706,0.5088303857540691,1.7802670235293093e-07,288838675.349993,1129864.065456614,1.7802670235293093e-07
0_197,0,197,C:\Users\kimeu\Downloads\starlink_pathB_wsl_package_v0_3_clean\starlink_pathB\zen.LST.baseline.0_197.sum.uvh5,ee,160.250312485456,mid,-37.115423562346635,155.88441668532192,-1.6299141544335711,26,1612,62,2461041.6805555555,2461041.687378509,0.16467153897849462,1,5,5,5,5.2688158235845604e-05,0.05072798537127345,5.2688158235845604e-05,0.13239227252198724,5,0.05072798537127345,0.13239227252198724,7.020307830765574e-08,260245211.34838519,722589.1883111557,7.020307830765574e-08
0_197,0,197,C:\Users\kimeu\Downloads\starlink_pathB_wsl_package_v0_3_clean\starlink_pathB\zen.LST.baseline.0_197.sum.uvh5,ee,160.250312485456,mid,-37.115423562346635,155.88441668532192,-1.6299141544335711,27,1674,62,2461041.6875,2461041.6943229535,0.16429351478494625,0,2,2,2,0.0,0.2437121546123139,0.0,0.8187488961970543,2,0.2437121546123139,0.8187488961970543,3.0363974370982987e-07,105878223419.44098,802635.8856540693,3.0363974370982987e-07
0_197,0,197,C:\Users\kimeu\Downloads\starlink_pathB_wsl_package_v0_3_clean\starlink_pathB\zen.LST.baseline.0_197.sum.uvh5,ee,160.250312485456,mid,-37.115423562346635,155.88441668532192,-1.6299141544335711,28,1736,62,2461041.6944444445,2461041.701267398,0.16458753360215053,0,2,2,2,0.0,0.0007516225380816418,0.0,0.0006365662667992243,2,0.0007516225380816418,0.0006365662667992243,9.388148960547864e-10,783455084.3254663,800607.8101659983,9.388148960547864e-10
0_197,0,197,C:\Users\kimeu\Downloads\starlink_pathB_wsl_package_v0_3_clean\starlink_pathB\zen.LST.baseline.0_197.sum.uvh5,ee,160.250312485456,mid,-37.115423562346635,155.88441668532192,-1.6299141544335711,29,1798,62,2461041.701388889,2461041.7082118425,0.16420950940860216,0,2,2,2,0.0,0.15122580595081875,0.0,0.5780989817151402,2,0.15122580595081875,0.5780989817151402,2.2647616303978906e-07,430435991.24623436,667733.8750403072,2.2647616303978906e-07
0_197,0,197,C:\Users\kimeu\Downloads\starlink_pathB_wsl_package_v0_3_clean\starlink_pathB\zen.LST.baseline.0_197.sum.uvh5,ee,160.250312485456,mid,-37.115423562346635,155.88441668532192,-1.6299141544335711,30,1860,62,2461041.7083333335,2461041.715156287,0.16458753360215053,0,3,3,3,0.0,0.09986243820864145,0.0,0.22613877759676462,3,0.09986243820864145,0.22613877759676462,1.2103016957246256e-07,723355426.9399307,825103.6792016749,1.2103016957246256e-07
0_197,0,197,C:\Users\kimeu\Downloads\starlink_pathB_wsl_package_v0_3_clean\starlink_pathB\zen.LST.baseline.0_197.sum.uvh5,ee,160.250312485456,mid,-37.115423562346635,155.88441668532192,-1.6299141544335711,31,1922,62,2461041.715277778,2461041.7221007315,0.16457703293010753,0,4,4,4,0.0,0.09689170230687942,0.0,0.21453219285602132,4,0.09689170230687942,0.21453219285602132,1.351921520836858e-07,319716623.8040339,716696.2047242366,1.351921520836858e-07
0_197,0,197,C:\Users\kimeu\Downloads\starlink_pathB_wsl_package_v0_3_clean\starlink_pathB\zen.LST.baseline.0_197.sum.uvh5,ee,160.250312485456,mid,-37.115423562346635,155.88441668532192,-1.6299141544335711,32,1984,62,2461041.722222222,2461041.7290451755,0.16497605846774194,0,3,3,3,0.0,0.39049641960412795,0.0,0.8621952177012273,3,0.39049641960412795,0.8621952177012273,6.580709635356266e-07,255356098.9474001,593395.6081363971,6.580709635356266e-07
0_197,0,197,C:\Users\kimeu\Downloads\starlink_pathB_wsl_package_v0_3_clean\starlink_pathB\zen.LST.baseline.0_197.sum.uvh5,ee,160.250312485456,mid,-37.115423562346635,155.88441668532192,-1.6299141544335711,33,2046,62,2461041.7291666665,2461041.73598962,0.16538558467741934,0,5,5,5,0.0,0.33149479679068383,0.0,0.3484546838830035,5,0.33149479679068383,0.3484546838830035,2.801227924624919e-07,6654570176.138979,1183391.0189049346,2.801227924624919e-07
0_197,0,197,C:\Users\kimeu\Downloads\starlink_pathB_wsl_package_v0_3_clean\starlink_pathB\zen.LST.baseline.0_197.sum.uvh5,ee,160.250312485456,mid,-37.115423562346635,155.88441668532192,-1.6299141544335711,34,2108,62,2461041.736111111,2461041.7429340645,0.16443002352150538,1,4,4,4,0.00014289495363501375,0.26670756042623767,0.00014289495363501375,0.7820357281270546,4,0.26670756042623767,0.7820357281270546,5.186386870190485e-07,466714497.5904971,514245.4026312195,5.186386870190485e-07
0_197,0,197,C:\Users\kimeu\Downloads\starlink_pathB_wsl_package_v0_3_clean\starlink_pathB\zen.LST.baseline.0_197.sum.uvh5,ee,160.250312485456,mid,-37.115423562346635,155.88441668532192,-1.6299141544335711,35,2170,62,2461041.7430555555,2461041.749878509,0.16423051075268819,0,5,5,5,0.0,0.28702035123589004,0.0,0.5329721044266462,5,0.28702035123589004,0.5329721044266462,3.4457821687955167e-07,694474340.2575501,832961.3921480674,3.4457821687955167e-07
0_197,0,197,C:\Users\kimeu\Downloads\starlink_pathB_wsl_package_v0_3_clean\starlink_pathB\zen.LST.baseline.0_197.sum.uvh5,ee,160.250312485456,mid,-37.115423562346635,155.88441668532192,-1.6299141544335711,36,2232,62,2461041.75,2461041.7568229535,0.16555359543010753,0,4,4,4,0.0,0.3212071455869001,0.0,0.5491919590577511,4,0.3212071455869001,0.5491919590577511,3.3613473915769145e-07,1031554193.3470087,955590.4468303458,3.3613473915769145e-07
0_197,0,197,C:\Users\kimeu\Downloads\starlink_pathB_wsl_package_v0_3_clean\starlink_pathB\zen.LST.baseline.0_197.sum.uvh5,ee,160.250312485456,mid,-37.115423562346635,155.88441668532192,-1.6299141544335711,37,2294,62,2461041.7569444445,2461041.7637673975,0.1652280745967742,0,5,5,5,0.0,0.356360522070895,0.0,0.9867730246375583,5,0.356360522070895,0.9867730246375583,2.2084890253158044e-07,602306475.530514,1613594.2628011792,2.2084890253158044e-07
0_197,0,197,C:\Users\kimeu\Downloads\starlink_pathB_wsl_package_v0_3_clean\starlink_pathB\zen.LST.baseline.0_197.sum.uvh5,ee,160.250312485456,mid,-37.115423562346635,155.88441668532192,-1.6299141544335711,38,2356,62,2461041.763888889,2461041.770711842,0.16480804771505375,0,3,3,3,0.0,0.2870181822616452,0.0,0.74664414194873,3,0.2870181822616452,0.74664414194873,8.082419829915302e-08,1263189473.2162325,3551141.7162383776,8.082419829915302e-08
0_197,0,197,C:\Users\kimeu\Downloads\starlink_pathB_wsl_package_v0_3_clean\starlink_pathB\zen.LST.baseline.0_197.sum.uvh5,ee,160.250312485456,mid,-37.115423562346635,155.88441668532192,-1.6299141544335711,39,2418,62,2461041.7708333335,2461041.7776562865,0.16491305443548387,0,2,2,2,0.0,0.01686142451615914,0.0,0.029500585149165884,2,0.01686142451615914,0.029500585149165884,3.3491825697059384e-09,2249896937.963343,5034489.510567227,3.3491825697059384e-09
0_197,0,197,C:\Users\kimeu\Downloads\starlink_pathB_wsl_package_v0_3_clean\starlink_pathB\zen.LST.baseline.0_197.sum.uvh5,ee,160.250312485456,mid,-37.115423562346635,155.88441668532192,-1.6299141544335711,40,2480,62,2461041.777777778,2461041.784600731,0.16545908938172044,0,6,6,6,0.0,0.3484575065066898,0.0,0.8056414039197263,6,0.3484575065066898,0.8056414039197263,6.532966689010547e-08,2796610535.496372,5333832.592363417,6.532966689010547e-08
0_197,0,197,C:\Users\kimeu\Downloads\starlink_pathB_wsl_package_v0_3_clean\starlink_pathB\zen.LST.baseline.0_197.sum.uvh5,ee,160.250312485456,mid,-37.115423562346635,155.88441668532192,-1.6299141544335711,41,2542,62,2461041.784722222,2461041.791545175,0.16497605846774194,1,2,2,2,0.776904046133802,0.19470624145740908,0.776904046133802,0.5863109176460239,2,0.19470624145740908,0.5863109176460239,3.2443440574590414e-08,2706720292.2340436,6001405.461598987,3.2443440574590414e-08
0_197,0,197,C:\Users\kimeu\Downloads\starlink_pathB_wsl_package_v0_3_clean\starlink_pathB\zen.LST.baseline.0_197.sum.uvh5,ee,160.250312485456,mid,-37.115423562346635,155.88441668532192,-1.6299141544335711,42,2604,62,2461041.7916666665,2461041.7984896195,0.16511256720430106,0,6,6,6,0.0,0.35654971283665626,0.0,0.6113952006290849,6,0.35654971283665626,0.6113952006290849,6.725939797297724e-08,2763810305.594965,5301113.6522498615,6.725939797297724e-08
0_197,0,197,C:\Users\kimeu\Downloads\starlink_pathB_wsl_package_v0_3_clean\starlink_pathB\zen.LST.baseline.0_197.sum.uvh5,ee,160.250312485456,mid,-37.115423562346635,155.88441668532192,-1.6299141544335711,43,2666,62,2461041.798611111,2461041.805434064,0.16586861559139784,0,2,2,2,0.0,0.3059806379101992,0.0,0.996901135440778,2,0.3059806379101992,0.996901135440778,1.2483084674808577e-07,633886830.2860919,2451162.079575426,1.2483084674808577e-07
0_197,0,197,C:\Users\kimeu\Downloads\starlink_pathB_wsl_package_v0_3_clean\starlink_pathB\zen.LST.baseline.0_197.sum.uvh5,ee,160.250312485456,mid,-37.115423562346635,155.88441668532192,-1.6299141544335711,44,2728,62,2461041.8055555555,2461041.8123785085,0.16530157930107528,0,3,3,3,0.0,0.2419547912000571,0.0,0.7241364102878726,3,0.2419547912000571,0.7241364102878726,3.094719358315891e-07,1473376767.616822,781831.123232208,3.094719358315891e-07
0_197,0,197,C:\Users\kimeu\Downloads\starlink_pathB_wsl_package_v0_3_clean\starlink_pathB\zen.LST.baseline.0_197.sum.uvh5,ee,160.250312485456,mid,-37.115423562346635,155.88441668532192,-1.6299141544335711,45,2790,62,2461041.8125,2461041.819322953,0.16491305443548387,0,2,2,2,0.0,0.0004316907159982403,0.0,0.0006749143264715858,2,0.0004316907159982403,0.0006749143264715858,3.5144778198047475e-10,738249109.6141601,1228321.0711007519,3.5144778198047475e-10
0_197,0,197,C:\Users\kimeu\Downloads\starlink_pathB_wsl_package_v0_3_clean\starlink_pathB\zen.LST.baseline.0_197.sum.uvh5,ee,160.250312485456,mid,-37.115423562346635,155.88441668532192,-1.6299141544335711,46,2852,62,2461041.8194444445,2461041.8262673975,0.16532258064516128,0,6,6,6,0.0,0.23572824167680723,0.0,0.4552977482091947,6,0.23572824167680723,0.4552977482091947,1.8220387606298067e-07,1515905719.0674613,1293760.8505942284,1.8220387606298067e-07
0_197,0,197,C:\Users\kimeu\Downloads\starlink_pathB_wsl_package_v0_3_clean\starlink_pathB\zen.LST.baseline.0_197.sum.uvh5,ee,160.250312485456,mid,-37.115423562346635,155.88441668532192,-1.6299141544335711,47,2914,62,2461041.826388889,2461041.833211842,0.16541708669354838,0,4,4,4,0.0,0.18822900815401855,0.0,0.5108260863619242,4,0.18822900815401855,0.5108260863619242,2.5713470458437083e-07,1682756237.5109935,732024.9067828844,2.5713470458437083e-07
0_197,0,197,C:\Users\kimeu\Downloads\starlink_pathB_wsl_package_v0_3_clean\starlink_pathB\zen.LST.baseline.0_197.sum.uvh5,ee,160.250312485456,mid,-37.115423562346635,155.88441668532192,-1.6299141544335711,48,2976,62,2461041.8333333335,2461041.8401562865,0.16564810147849462,0,2,2,2,0.0,0.014922085996042292,0.0,0.04576768186907193,2,0.014922085996042292,0.04576768186907193,1.5410203248024845e-08,976468100.9361633,968325.0607324005,1.5410203248024845e-08
0_197,0,197,C:\Users\kimeu\Downloads\starlink_pathB_wsl_package_v0_3_clean\starlink_pathB\zen.LST.baseline.0_197.sum.uvh5,ee,160.250312485456,mid,-37.115423562346635,155.88441668532192,-1.6299141544335711,49,3038,62,2461041.840277778,2461041.847100731,0.16546959005376344,0,4,4,4,0.0,0.4385330849085768,0.0,0.9279511646397298,4,0.4385330849085768,0.9279511646397298,3.5971094581453205e-07,10068624582.904861,1219126.3291017162,3.5971094581453205e-07
0_197,0,197,C:\Users\kimeu\Downloads\starlink_pathB_wsl_package_v0_3_clean\starlink_pathB\zen.LST.baseline.0_197.sum.uvh5,ee,160.250312485456,mid,-37.115423562346635,155.88441668532192,-1.6299141544335711,50,3100,62,2461041.847222222,2461041.854045175,0.16491305443548387,0,6,6,6,0.0,0.34972237411950585,0.0,0.6086948826788393,6,0.34972237411950585,0.6086948826788393,5.570718979520017e-07,10598557776.844444,627786.7819310436,5.570718979520017e-07
0_197,0,197,C:\Users\kimeu\Downloads\starlink_pathB_wsl_package_v0_3_clean\starlink_pathB\zen.LST.baseline.0_197.sum.uvh5,ee,160.250312485456,mid,-37.115423562346635,155.88441668532192,-1.6299141544335711,51,3162,62,2461041.8541666665,2461041.8609896195,0.16496555779569894,1,4,4,4,0.008305882758116095,0.5098494816274408,0.008305882758116095,0.7273139335979131,4,0.5098494816274408,0.7273139335979131,9.832219693391936e-07,395754867.72822344,518549.7248094464,9.832219693391936e-07
0_197,0,197,C:\Users\kimeu\Downloads\starlink_pathB_wsl_package_v0_3_clean\starlink_pathB\zen.LST.baseline.0_197.sum.uvh5,ee,160.250312485456,mid,-37.115423562346635,155.88441668532192,-1.6299141544335711,52,3224,62,2461041.861111111,2461041.867934064,0.1645560315860215,0,8,8,8,0.0,0.7461311303091528,0.0,0.8464114110583065,8,0.7461311303091528,0.8464114110583065,1.5298305610069607e-06,462932800.16562456,487721.41786606517,1.5298305610069607e-06
0_197,0,197,C:\Users\kimeu\Downloads\starlink_pathB_wsl_package_v0_3_clean\starlink_pathB\zen.LST.baseline.0_197.sum.uvh5,ee,160.250312485456,mid,-37.115423562346635,155.88441668532192,-1.6299141544335711,53,3286,62,2461041.8680555555,2461041.8748785085,0.16607862903225806,1,3,3,3,0.0023396773596836536,0.30413256099332964,0.0023396773596836536,0.4996640359057469,3,0.30413256099332964,0.4996640359057469,5.95999392630245e-07,444756139.15007484,510290.05189274065,5.95999392630245e-07
0_197,0,197,C:\Users\kimeu\Downloads\starlink_pathB_wsl_package_v0_3_clean\starlink_pathB\zen.LST.baseline.0_197.sum.uvh5,ee,160.250312485456,mid,-37.115423562346635,155.88441668532192,-1.6299141544335711,54,3348,62,2461041.875,2461041.881822953,0.16665616599462366,0,4,4,4,0.0,0.21673228020298504,0.0,0.616185001151179,4,0.21673228020298504,0.616185001151179,2.4828386048524153e-07,443258040.3165686,872921.3400315564,2.4828386048524153e-07
0_197,0,197,C:\Users\kimeu\Downloads\starlink_pathB_wsl_package_v0_3_clean\starlink_pathB\zen.LST.baseline.0_197.sum.uvh5,ee,160.250312485456,mid,-37.115423562346635,155.88441668532192,-1.6299141544335711,55,3410,62,2461041.8819444445,2461041.8887673975,0.16490255376344087,0,3,3,3,0.0,0.28670049114161184,0.0,0.9326005479341334,3,0.28670049114161184,0.9326005479341334,4.5277910712769863e-07,625990899.5433823,633201.6796454189,4.5277910712769863e-07
0_197,0,197,C:\Users\kimeu\Downloads\starlink_pathB_wsl_package_v0_3_clean\starlink_pathB\zen.LST.baseline.0_197.sum.uvh5,ee,160.250312485456,mid,-37.115423562346635,155.88441668532192,-1.6299141544335711,56,3472,62,2461041.888888889,2461041.895711842,0.16443002352150538,0,6,6,6,0.0,0.620775413097927,0.0,0.8643087592320493,6,0.620775413097927,0.8643087592320493,7.200167190957165e-07,3249471625.4127393,862168.053371832,7.200167190957165e-07
0_197,0,197,C:\Users\kimeu\Downloads\starlink_pathB_wsl_package_v0_3_clean\starlink_pathB\zen.LST.baseline.0_197.sum.uvh5,ee,160.250312485456,mid,-37.115423562346635,155.88441668532192,-1.6299141544335711,57,3534,62,2461041.8958333335,2461041.9026562865,0.16714969758064516,0,6,6,6,0.0,0.20947771743508667,0.0,0.41761437957613023,6,0.20947771743508667,0.41761437957613023,2.4889458837515255e-07,11771463709.647606,841632.270121302,2.4889458837515255e-07
0_197,0,197,C:\Users\kimeu\Downloads\starlink_pathB_wsl_package_v0_3_clean\starlink_pathB\zen.LST.baseline.0_197.sum.uvh5,ee,160.250312485456,mid,-37.115423562346635,155.88441668532192,-1.6299141544335711,58,3596,62,2461041.902777778,2461041.909600731,0.166981686827957,0,5,5,5,0.0,0.12036852132435003,0.0,0.18183588309851056,5,0.12036852132435003,0.18183588309851056,2.0671314613406187e-07,253938661.36044896,582297.3699325642,2.0671314613406187e-07
0_197,0,197,C:\Users\kimeu\Downloads\starlink_pathB_wsl_package_v0_3_clean\starlink_pathB\zen.LST.baseline.0_197.sum.uvh5,ee,160.250312485456,mid,-37.115423562346635,155.88441668532192,-1.6299141544335711,59,3658,62,2461041.909722222,2461041.916545175,0.16594212029569894,0,6,6,6,0.0,0.6872306623487341,0.0,0.9426480648117707,6,0.6872306623487341,0.9426480648117707,6.849910473328099e-07,33111135056.50585,1003269.5537038692,6.849910473328099e-07
0_197,0,197,C:\Users\kimeu\Downloads\starlink_pathB_wsl_package_v0_3_clean\starlink_pathB\zen.LST.baseline.0_197.sum.uvh5,ee,160.250312485456,mid,-37.115423562346635,155.88441668532192,-1.6299141544335711,60,3720,62,2461041.9166666665,2461041.9234896195,0.16701318884408603,0,1,1,1,0.0,3.0769904893363125e-05,0.0,3.0769904893363125e-05,1,3.0769904893363125e-05,3.0769904893363125e-05,3.340858171476587e-11,1514214095.0781088,921017.9934026799,3.340858171476587e-11
0_197,0,197,C:\Users\kimeu\Downloads\starlink_pathB_wsl_package_v0_3_clean\starlink_pathB\zen.LST.baseline.0_197.sum.uvh5,ee,160.250312485456,mid,-37.115423562346635,155.88441668532192,-1.6299141544335711,61,3782,62,2461041.923611111,2461041.930434064,0.17409064180107528,0,3,3,3,0.0,0.44567189911077393,0.0,0.9338566727692416,3,0.44567189911077393,0.9338566727692416,2.460600539644299e-07,702158122097.0597,1811232.2253460921,2.460600539644299e-07
0_197,0,197,C:\Users\kimeu\Downloads\starlink_pathB_wsl_package_v0_3_clean\starlink_pathB\zen.LST.baseline.0_197.sum.uvh5,ee,160.250312485456,mid,-37.115423562346635,155.88441668532192,-1.6299141544335711,62,3844,62,2461041.9305555555,2461041.9373785085,0.21940104166666666,0,4,4,4,0.0,0.41429598522145367,0.0,0.8272224890322021,4,0.41429598522145367,0.8272224890322021,3.7115487096199323e-07,331712780.5986872,1116234.8055614717,3.7115487096199323e-07
0_197,0,197,C:\Users\kimeu\Downloads\starlink_pathB_wsl_package_v0_3_clean\starlink_pathB\zen.LST.baseline.0_197.sum.uvh5,ee,160.250312485456,mid,-37.115423562346635,155.88441668532192,-1.6299141544335711,63,3906,62,2461041.9375,2461041.944322953,0.2594716061827957,1,4,4,4,0.0002818752689222807,0.14698950232902025,0.0002818752689222807,0.24707532713891836,4,0.14698950232902025,0.24707532713891836,2.508262959487576e-07,1014613856.0171032,586021.1018666455,2.508262959487576e-07
0_197,0,197,C:\Users\kimeu\Downloads\starlink_pathB_wsl_package_v0_3_clean\starlink_pathB\zen.LST.baseline.0_197.sum.uvh5,ee,160.250312485456,mid,-37.115423562346635,155.88441668532192,-1.6299141544335711,64,3968,62,2461041.9444444445,2461041.9512673975,0.6170509912634409,0,2,2,2,0.0,0.2812107439459313,0.0,0.9963509766045548,2,0.2812107439459313,0.9963509766045548,2.2380248883247943e-05,959620.0119837056,12565.130325982347,2.2380248883247943e-05
11_10,11,10,C:\Users\kimeu\Downloads\starlink_pathB_wsl_package_v0_3_clean\starlink_pathB\zen.LST.baseline.11_10.sum.uvh5,ee,153.90399534464717,mid,153.4306332906146,-12.061024233154924,0.11065953813575646,0,0,62,2461041.5,2461041.5068229535,0.2313613071236559,1,4,4,4,0.33087588566844983,0.5502745938468236,0.33087588566844983,0.7280464634021924,4,0.5502745938468236,0.7280464634021924,2.2925245282080737e-05,26403756.807413105,24002.997005093755,2.2925245282080737e-05
11_10,11,10,C:\Users\kimeu\Downloads\starlink_pathB_wsl_package_v0_3_clean\starlink_pathB\zen.LST.baseline.11_10.sum.uvh5,ee,153.90399534464717,mid,153.4306332906146,-12.061024233154924,0.11065953813575646,1,62,62,2461041.5069444445,2461041.513767398,0.1847593245967742,0,4,4,4,0.0,0.17558204052578452,0.0,0.4821174098933508,4,0.17558204052578452,0.4821174098933508,1.719646999613099e-06,152731150.04583073,102103.53669403575,1.719646999613099e-06
11_10,11,10,C:\Users\kimeu\Downloads\starlink_pathB_wsl_package_v0_3_clean\starlink_pathB\zen.LST.baseline.11_10.sum.uvh5,ee,153.90399534464717,mid,153.4306332906146,-12.061024233154924,0.11065953813575646,2,124,62,2461041.513888889,2461041.5207118425,0.18969464045698925,1,3,3,3,0.02274717290127737,0.1812254192505289,0.02274717290127737,0.5352241138648121,3,0.1812254192505289,0.5352241138648121,3.410967589559662e-07,131250356.85223323,531302.0850893636,3.410967589559662e-07
11_10,11,10,C:\Users\kimeu\Downloads\starlink_pathB_wsl_package_v0_3_clean\starlink_pathB\zen.LST.baseline.11_10.sum.uvh5,ee,153.90399534464717,mid,153.4306332906146,-12.061024233154924,0.11065953813575646,3,186,62,2461041.5208333335,2461041.527656287,0.1926873319892473,0,1,1,1,0.0,0.20661704468541942,0.0,0.778550973821895,1,0.20661704468541942,0.778550973821895,7.946162553288112e-07,123852088.90657486,260021.16531069647,7.946162553288112e-07
11_10,11,10,C:\Users\kimeu\Downloads\starlink_pathB_wsl_package_v0_3_clean\starlink_pathB\zen.LST.baseline.11_10.sum.uvh5,ee,153.90399534464717,mid,153.4306332906146,-12.061024233154924,0.11065953813575646,4,248,62,2461041.527777778,2461041.5346007315,0.17874243951612903,1,5,5,5,0.006509913503000268,0.29197839306488044,0.006509913503000268,0.7839253298317038,5,0.29197839306488044,0.7839253298317038,1.0085271896494475e-06,143132516.8351584,289509.6890410746,1.0085271896494475e-06
11_10,11,10,C:\Users\kimeu\Downloads\starlink_pathB_wsl_package_v0_3_clean\starlink_pathB\zen.LST.baseline.11_10.sum.uvh5,ee,153.90399534464717,mid,153.4306332906146,-12.061024233154924,0.11065953813575646,5,310,62,2461041.534722222,2461041.5415451755,0.17544522849462366,0,5,5,5,0.0,0.4265461647481952,0.0,0.642949814682819,5,0.4265461647481952,0.642949814682819,1.0947088914410342e-06,87531904.97043665,389643.46419686574,1.0947088914410342e-06
11_10,11,10,C:\Users\kimeu\Downloads\starlink_pathB_wsl_package_v0_3_clean\starlink_pathB\zen.LST.baseline.11_10.sum.uvh5,ee,153.90399534464717,mid,153.4306332906146,-12.061024233154924,0.11065953813575646,6,372,62,2461041.5416666665,2461041.54848962,0.17240003360215053,0,3,3,3,0.0,0.29099277716989397,0.0,0.5800263647610057,3,0.29099277716989397,0.5800263647610057,3.2664404996810795e-06,187109115.114236,89085.58940482925,3.2664404996810795e-06
11_10,11,10,C:\Users\kimeu\Downloads\starlink_pathB_wsl_package_v0_3_clean\starlink_pathB\zen.LST.baseline.11_10.sum.uvh5,ee,153.90399534464717,mid,153.4306332906146,-12.061024233154924,0.11065953813575646,7,434,62,2461041.548611111,2461041.5554340645,0.17053091397849462,1,8,8,8,0.0004122087285943486,0.43707188882479064,0.0004122087285943486,0.7170519983903962,8,0.43707188882479064,0.7170519983903962,5.5480874842778185e-06,68999965.71630447,78778.83866528166,5.5480874842778185e-06
11_10,11,10,C:\Users\kimeu\Downloads\starlink_pathB_wsl_package_v0_3_clean\starlink_pathB\zen.LST.baseline.11_10.sum.uvh5,ee,153.90399534464717,mid,153.4306332906146,-12.061024233154924,0.11065953813575646,8,496,62,2461041.5555555555,2461041.562378509,0.17034190188172044,0,2,2,2,0.0,0.2057117264676688,0.0,0.6984661256995437,2,0.2057117264676688,0.6984661256995437,2.3604935649541136e-06,74563817.21825452,87147.75990997785,2.3604935649541136e-06
11_10,11,10,C:\Users\kimeu\Downloads\starlink_pathB_wsl_package_v0_3_clean\starlink_pathB\zen.LST.baseline.11_10.sum.uvh5,ee,153.90399534464717,mid,153.4306332906146,-12.061024233154924,0.11065953813575646,9,558,62,2461041.5625,2461041.5693229535,0.17020539314516128,1,5,5,5,0.0010971768248922275,0.33286132694916554,0.0010971768248922275,0.6977204569959614,5,0.33286132694916554,0.6977204569959614,2.5853270838058355e-06,69338152.19336417,128750.17982605263,2.5853270838058355e-06
11_10,11,10,C:\Users\kimeu\Downloads\starlink_pathB_wsl_package_v0_3_clean\starlink_pathB\zen.LST.baseline.11_10.sum.uvh5,ee,153.90399534464717,mid,153.4306332906146,-12.061024233154924,0.11065953813575646,10,620,62,2461041.5694444445,2461041.576267398,0.17581275201612903,1,8,8,8,0.0035743937970326312,0.39560371903806024,0.0035743937970326312,0.6208865344769782,8,0.39560371903806024,0.6208865344769782,1.8035192327678143e-06,3894711015.9258657,219350.98437011812,1.8035192327678143e-06
11_10,11,10,C:\Users\kimeu\Downloads\starlink_pathB_wsl_package_v0_3_clean\starlink_pathB\zen.LST.baseline.11_10.sum.uvh5,ee,153.90399534464717,mid,153.4306332906146,-12.061024233154924,0.11065953813575646,11,682,62,2461041.576388889,2461041.5832118425,0.17583375336021506,1,5,5,5,0.0006393160041250509,0.6121911094018112,0.0006393160041250509,0.6787630996977061,5,0.6121911094018112,0.6787630996977061,3.2897303775494004e-06,271461985.1516586,186091.57564391254,3.2897303775494004e-06
11_10,11,10,C:\Users\kimeu\Downloads\starlink_pathB_wsl_package_v0_3_clean\starlink_pathB\zen.LST.baseline.11_10.sum.uvh5,ee,153.90399534464717,mid,153.4306332906146,-12.061024233154924,0.11065953813575646,12,744,62,2461041.5833333335,2461041.590156287,0.18049605174731181,0,1,1,1,0.0,0.001343063595186559,0.0,0.001343063595186559,1,0.001343063595186559,0.001343063595186559,3.5721089041149543e-09,274254810.2259436,375986.1838588944,3.5721089041149543e-09
11_10,11,10,C:\Users\kimeu\Downloads\starlink_pathB_wsl_package_v0_3_clean\starlink_pathB\zen.LST.baseline.11_10.sum.uvh5,ee,153.90399534464717,mid,153.4306332906146,-12.061024233154924,0.11065953813575646,13,806,62,2461041.590277778,2461041.5971007315,0.1723685315860215,0,3,3,3,0.0,0.49245886625147556,0.0,0.9450884636561743,3,0.49245886625147556,0.9450884636561743,1.7598333047065426e-06,150722623.01152694,279832.6778646768,1.7598333047065426e-06
11_10,11,10,C:\Users\kimeu\Downloads\starlink_pathB_wsl_package_v0_3_clean\starlink_pathB\zen.LST.baseline.11_10.sum.uvh5,ee,153.90399534464717,mid,153.4306332906146,-12.061024233154924,0.11065953813575646,14,868,62,2461041.597222222,2461041.6040451755,0.17234753024193547,0,2,2,2,0.0,0.45992065055805087,0.0,0.956171545687925,2,0.45992065055805087,0.956171545687925,3.076833860265463e-06,89754602.2972344,149478.54562363983,3.076833860265463e-06
11_10,11,10,C:\Users\kimeu\Downloads\starlink_pathB_wsl_package_v0_3_clean\starlink_pathB\zen.LST.baseline.11_10.sum.uvh5,ee,153.90399534464717,mid,153.4306332906146,-12.061024233154924,0.11065953813575646,15,930,62,2461041.6041666665,2461041.61098962,0.16929183467741934,1,4,4,4,3.084991352301424e-05,0.5125979855485051,3.084991352301424e-05,0.9746270301393545,4,0.5125979855485051,0.9746270301393545,3.340023148367387e-06,103340765.4107893,153471.38710672245,3.340023148367387e-06
11_10,11,10,C:\Users\kimeu\Downloads\starlink_pathB_wsl_package_v0_3_clean\starlink_pathB\zen.LST.baseline.11_10.sum.uvh5,ee,153.90399534464717,mid,153.4306332906146,-12.061024233154924,0.11065953813575646,16,992,62,2461041.611111111,2461041.6179340645,0.17084593413978494,0,2,2,2,0.0,0.02123038413644645,0.0,0.051994079844118836,2,0.02123038413644645,0.051994079844118836,1.4021362808726138e-07,118459947.24138287,151414.55524732452,1.4021362808726138e-07
11_10,11,10,C:\Users\kimeu\Downloads\starlink_pathB_wsl_package_v0_3_clean\starlink_pathB\zen.LST.baseline.11_10.sum.uvh5,ee,153.90399534464717,mid,153.4306332906146,-12.061024233154924,0.11065953813575646,17,1054,62,2461041.6180555555,2461041.624878509,0.17127646169354838,0,2,2,2,0.0,0.06846870788021289,0.0,0.28051662074245665,2,0.06846870788021289,0.28051662074245665,5.398395678440953e-07,113148122.73748784,126831.58471256506,5.398395678440953e-07
11_10,11,10,C:\Users\kimeu\Downloads\starlink_pathB_wsl_package_v0_3_clean\starlink_pathB\zen.LST.baseline.11_10.sum.uvh5,ee,153.90399534464717,mid,153.4306332906146,-12.061024233154924,0.11065953813575646,18,1116,62,2461041.625,2461041.6318229535,0.17183299731182797,0,4,4,4,0.0,0.2363981628786352,0.0,0.38438541749119554,4,0.2363981628786352,0.38438541749119554,1.0439019384988032e-06,5000915144.463122,226456.29264621413,1.0439019384988032e-06
11_10,11,10,C:\Users\kimeu\Downloads\starlink_pathB_wsl_package_v0_3_clean\starlink_pathB\zen.LST.baseline.11_10.sum.uvh5,ee,153.90399534464717,mid,153.4306332906146,-12.061024233154924,0.11065953813575646,19,1178,62,2461041.6319444445,2461041.638767398,0.16832577284946237,0,4,4,4,0.0,0.023868672307009665,0.0,0.04932161857556596,4,0.023868672307009665,0.04932161857556596,5.394143997046389e-08,182774630.58451962,442492.3086977131,5.394143997046389e-08
11_10,11,10,C:\Users\kimeu\Downloads\starlink_pathB_wsl_package_v0_3_clean\starlink_pathB\zen.LST.baseline.11_10.sum.uvh5,ee,153.90399534464717,mid,153.4306332906146,-12.061024233154924,0.11065953813575646,20,1240,62,2461041.638888889,2461041.6457118425,0.17624327956989247,0,4,4,4,0.0,0.16291867713468297,0.0,0.30801675453485433,4,0.16291867713468297,0.30801675453485433,3.789712599807093e-07,320617541.5416045,429897.1830818411,3.789712599807093e-07
11_10,11,10,C:\Users\kimeu\Downloads\starlink_pathB_wsl_package_v0_3_clean\starlink_pathB\zen.LST.baseline.11_10.sum.uvh5,ee,153.90399534464717,mid,153.4306332906146,-12.061024233154924,0.11065953813575646,21,1302,62,2461041.6458333335,2461041.652656287,0.1732400873655914,0,3,3,3,0.0,0.07815271613371509,0.0,0.12194591377078616,3,0.07815271613371509,0.12194591377078616,7.703980196882464e-08,49018313386.73333,1014445.9634688678,7.703980196882464e-08
11_10,11,10,C:\Users\kimeu\Downloads\starlink_pathB_wsl_package_v0_3_clean\starlink_pathB\zen.LST.baseline.11_10.sum.uvh5,ee,153.90399534464717,mid,153.4306332906146,-12.061024233154924,0.11065953813575646,22,1364,62,2461041.652777778,2461041.6596007315,0.1695123487903226,0,3,3,3,0.0,0.04347690205806057,0.0,0.12295632724432037,3,0.04347690205806057,0.12295632724432037,3.727148160227727e-08,459229668.3218184,1166492.4545259867,3.727148160227727e-08
11_10,11,10,C:\Users\kimeu\Downloads\starlink_pathB_wsl_package_v0_3_clean\starlink_pathB\zen.LST.baseline.11_10.sum.uvh5,ee,153.90399534464717,mid,153.4306332906146,-12.061024233154924,0.11065953813575646,23,1426,62,2461041.659722222,2461041.6665451755,0.16794774865591397,0,3,3,3,0.0,0.275505408017723,0.0,0.5786751971552218,3,0.275505408017723,0.5786751971552218,1.575633215468937e-07,87593044770.01031,1748537.7009885362,1.575633215468937e-07
11_10,11,10,C:\Users\kimeu\Downloads\starlink_pathB_wsl_package_v0_3_clean\starlink_pathB\zen.LST.baseline.11_10.sum.uvh5,ee,153.90399534464717,mid,153.4306332906146,-12.061024233154924,0.11065953813575646,24,1488,62,2461041.6666666665,2461041.67348962,0.16781123991935484,0,5,5,5,0.0,0.22773362399156483,0.0,0.43415361759428933,5,0.22773362399156483,0.43415361759428933,2.5283976635988633e-07,4635802483.9953165,900703.3476981386,2.5283976635988633e-07
11_10,11,10,C:\Users\kimeu\Downloads\starlink_pathB_wsl_package_v0_3_clean\starlink_pathB\zen.LST.baseline.11_10.sum.uvh5,ee,153.90399534464717,mid,153.4306332906146,-12.061024233154924,0.11065953813575646,25,1550,62,2461041.673611111,2461041.6804340645,0.16780073924731181,0,5,5,5,0.0,0.20114597368031706,0.0,0.5088303857540691,5,0.20114597368031706,0.5088303857540691,3.631667477960078e-07,199864550.43599844,553866.7152238882,3.631667477960078e-07
11_10,11,10,C:\Users\kimeu\Downloads\starlink_pathB_wsl_package_v0_3_clean\starlink_pathB\zen.LST.baseline.11_10.sum.uvh5,ee,153.90399534464717,mid,153.4306332906146,-12.061024233154924,0.11065953813575646,26,1612,62,2461041.6805555555,2461041.687378509,0.1680632560483871,1,5,5,5,5.2688158235845604e-05,0.05072798537127345,5.2688158235845604e-05,0.13239227252198724,5,0.05072798537127345,0.13239227252198724,9.954714836545087e-08,379722543.4112667,509587.5291680305,9.954714836545087e-08
11_10,11,10,C:\Users\kimeu\Downloads\starlink_pathB_wsl_package_v0_3_clean\starlink_pathB\zen.LST.baseline.11_10.sum.uvh5,ee,153.90399534464717,mid,153.4306332906146,-12.061024233154924,0.11065953813575646,27,1674,62,2461041.6875,2461041.6943229535,0.16794774865591397,0,2,2,2,0.0,0.2437121546123139,0.0,0.8187488961970543,2,0.2437121546123139,0.8187488961970543,3.635154946077732e-07,387493308.8497578,670431.2697187089,3.635154946077732e-07
11_10,11,10,C:\Users\kimeu\Downloads\starlink_pathB_wsl_package_v0_3_clean\starlink_pathB\zen.LST.baseline.11_10.sum.uvh5,ee,153.90399534464717,mid,153.4306332906146,-12.061024233154924,0.11065953813575646,28,1736,62,2461041.6944444445,2461041.701267398,0.16880880376344087,0,2,2,2,0.0,0.0007516225380816418,0.0,0.0006365662667992243,2,0.0007516225380816418,0.0006365662667992243,2.3941336197333545e-09,321331646.20648396,313943.4373614257,2.3941336197333545e-09
11_10,11,10,C:\Users\kimeu\Downloads\starlink_pathB_wsl_package_v0_3_clean\starlink_pathB\zen.LST.baseline.11_10.sum.uvh5,ee,153.90399534464717,mid,153.4306332906146,-12.061024233154924,0.11065953813575646,29,1798,62,2461041.701388889,2461041.7082118425,0.16791624663978494,0,2,2,2,0.0,0.15122580595081875,0.0,0.5780989817151402,2,0.15122580595081875,0.5780989817151402,1.9632858252597228e-07,3713506533.880354,770268.923684676,1.9632858252597228e-07
11_10,11,10,C:\Users\kimeu\Downloads\starlink_pathB_wsl_package_v0_3_clean\starlink_pathB\zen.LST.baseline.11_10.sum.uvh5,ee,153.90399534464717,mid,153.4306332906146,-12.061024233154924,0.11065953813575646,30,1860,62,2461041.7083333335,2461041.715156287,0.16727570564516128,0,3,3,3,0.0,0.09986243820864145,0.0,0.22613877759676462,3,0.09986243820864145,0.22613877759676462,1.251919988047958e-07,481779576.32531995,797674.2855935292,1.251919988047958e-07
11_10,11,10,C:\Users\kimeu\Downloads\starlink_pathB_wsl_package_v0_3_clean\starlink_pathB\zen.LST.baseline.11_10.sum.uvh5,ee,153.90399534464717,mid,153.4306332906146,-12.061024233154924,0.11065953813575646,31,1922,62,2461041.715277778,2461041.7221007315,0.16760122647849462,0,4,4,4,0.0,0.09689170230687942,0.0,0.21453219285602132,4,0.09689170230687942,0.21453219285602132,1.3347782518751848e-07,332676127.83237946,725901.1163147104,1.3347782518751848e-07
11_10,11,10,C:\Users\kimeu\Downloads\starlink_pathB_wsl_package_v0_3_clean\starlink_pathB\zen.LST.baseline.11_10.sum.uvh5,ee,153.90399534464717,mid,153.4306332906146,-12.061024233154924,0.11065953813575646,32,1984,62,2461041.722222222,2461041.7290451755,0.17262054771505375,0,3,3,3,0.0,0.39049641960412795,0.0,0.8621952177012273,3,0.39049641960412795,0.8621952177012273,5.906160780837787e-07,440332479.8704781,661167.9466483067,5.906160780837787e-07
11_10,11,10,C:\Users\kimeu\Downloads\starlink_pathB_wsl_package_v0_3_clean\starlink_pathB\zen.LST.baseline.11_10.sum.uvh5,ee,153.90399534464717,mid,153.4306332906146,-12.061024233154924,0.11065953813575646,33,2046,62,2461041.7291666665,2461041.73598962,0.16966985887096775,0,5,5,5,0.0,0.33149479679068383,0.0,0.3484546838830035,5,0.33149479679068383,0.3484546838830035,5.253670008257084e-07,45807656539.754395,630977.5761889885,5.253670008257084e-07
11_10,11,10,C:\Users\kimeu\Downloads\starlink_pathB_wsl_package_v0_3_clean\starlink_pathB\zen.LST.baseline.11_10.sum.uvh5,ee,153.90399534464717,mid,153.4306332906146,-12.061024233154924,0.11065953813575646,34,2108,62,2461041.736111111,2461041.7429340645,0.16716019825268819,1,4,4,4,0.00014289495363501375,0.26670756042623767,0.00014289495363501375,0.7820357281270546,4,0.26670756042623767,0.7820357281270546,8.62118716904656e-07,256048727.44408107,309362.91626264923,8.62118716904656e-07
11_10,11,10,C:\Users\kimeu\Downloads\starlink_pathB_wsl_package_v0_3_clean\starlink_pathB\zen.LST.baseline.11_10.sum.uvh5,ee,153.90399534464717,mid,153.4306332906146,-12.061024233154924,0.11065953813575646,35,2170,62,2461041.7430555555,2461041.749878509,0.1673912130376344,0,5,5,5,0.0,0.28702035123589004,0.0,0.5329721044266462,5,0.28702035123589004,0.5329721044266462,6.812195778633374e-07,163054834.10685882,421333.09224044427,6.812195778633374e-07
11_10,11,10,C:\Users\kimeu\Downloads\starlink_pathB_wsl_package_v0_3_clean\starlink_pathB\zen.LST.baseline.11_10.sum.uvh5,ee,153.90399534464717,mid,153.4306332906146,-12.061024233154924,0.11065953813575646,36,2232,62,2461041.75,2461041.7568229535,0.16938634072580644,0,4,4,4,0.0,0.3212071455869001,0.0,0.5491919590577511,4,0.3212071455869001,0.5491919590577511,1.0011381900408084e-06,2789808006.0256352,320841.9664560065,1.0011381900408084e-06
11_10,11,10,C:\Users\kimeu\Downloads\starlink_pathB_wsl_package_v0_3_clean\starlink_pathB\zen.LST.baseline.11_10.sum.uvh5,ee,153.90399534464717,mid,153.4306332906146,-12.061024233154924,0.11065953813575646,37,2294,62,2461041.7569444445,2461041.7637673975,0.16804225470430106,0,5,5,5,0.0,0.356360522070895,0.0,0.9867730246375583,5,0.356360522070895,0.9867730246375583,5.749590385698453e-07,1788423486.97535,619801.5826611008,5.749590385698453e-07
11_10,11,10,C:\Users\kimeu\Downloads\starlink_pathB_wsl_package_v0_3_clean\starlink_pathB\zen.LST.baseline.11_10.sum.uvh5,ee,153.90399534464717,mid,153.4306332906146,-12.061024233154924,0.11065953813575646,38,2356,62,2461041.763888889,2461041.770711842,0.16798975134408603,0,3,3,3,0.0,0.2870181822616452,0.0,0.74664414194873,3,0.2870181822616452,0.74664414194873,2.903141197310293e-07,490905393.43092,988646.9956320494,2.903141197310293e-07
11_10,11,10,C:\Users\kimeu\Downloads\starlink_pathB_wsl_package_v0_3_clean\starlink_pathB\zen.LST.baseline.11_10.sum.uvh5,ee,153.90399534464717,mid,153.4306332906146,-12.061024233154924,0.11065953813575646,39,2418,62,2461041.7708333335,2461041.7776562865,0.17020539314516128,0,2,2,2,0.0,0.01686142451615914,0.0,0.029500585149165884,2,0.01686142451615914,0.029500585149165884,1.5215284500325155e-08,558424887.5351436,1108189.8939056187,1.5215284500325155e-08
11_10,11,10,C:\Users\kimeu\Downloads\starlink_pathB_wsl_package_v0_3_clean\starlink_pathB\zen.LST.baseline.11_10.sum.uvh5,ee,153.90399534464717,mid,153.4306332906146,-12.061024233154924,0.11065953813575646,40,2480,62,2461041.777777778,2461041.784600731,0.16986937163978494,0,6,6,6,0.0,0.3484575065066898,0.0,0.8056414039197263,6,0.3484575065066898,0.8056414039197263,1.6248109417972748e-07,2889154137.926541,2144603.3968804125,1.6248109417972748e-07
11_10,11,10,C:\Users\kimeu\Downloads\starlink_pathB_wsl_package_v0_3_clean\starlink_pathB\zen.LST.baseline.11_10.sum.uvh5,ee,153.90399534464717,mid,153.4306332906146,-12.061024233154924,0.11065953813575646,41,2542,62,2461041.784722222,2461041.791545175,0.16832577284946237,1,2,2,2,0.776904046133802,0.19470624145740908,0.776904046133802,0.5863109176460239,2,0.19470624145740908,0.5863109176460239,1.3079497460152718e-07,2692283072.299592,1488637.0218014144,1.3079497460152718e-07
11_10,11,10,C:\Users\kimeu\Downloads\starlink_pathB_wsl_package_v0_3_clean\starlink_pathB\zen.LST.baseline.11_10.sum.uvh5,ee,153.90399534464717,mid,153.4306332906146,-12.061024233154924,0.11065953813575646,42,2604,62,2461041.7916666665,2461041.7984896195,0.16877730174731181,0,6,6,6,0.0,0.35654971283665626,0.0,0.6113952006290849,6,0.35654971283665626,0.6113952006290849,4.193324122085207e-07,1193910979.5800724,850279.4023452578,4.193324122085207e-07
11_10,11,10,C:\Users\kimeu\Downloads\starlink_pathB_wsl_package_v0_3_clean\starlink_pathB\zen.LST.baseline.11_10.sum.uvh5,ee,153.90399534464717,mid,153.4306332906146,-12.061024233154924,0.11065953813575646,43,2666,62,2461041.798611111,2461041.805434064,0.1729460685483871,0,2,2,2,0.0,0.3059806379101992,0.0,0.996901135440778,2,0.3059806379101992,0.996901135440778,5.70643731254916e-07,199624349.6328949,536202.5746560118,5.70643731254916e-07
11_10,11,10,C:\Users\kimeu\Downloads\starlink_pathB_wsl_package_v0_3_clean\starlink_pathB\zen.LST.baseline.11_10.sum.uvh5,ee,153.90399534464717,mid,153.4306332906146,-12.061024233154924,0.11065953813575646,44,2728,62,2461041.8055555555,2461041.8123785085,0.16939684139784947,0,3,3,3,0.0,0.2419547912000571,0.0,0.7241364102878726,3,0.2419547912000571,0.7241364102878726,9.162972995922386e-07,312147198.3661131,264057.0820275574,9.162972995922386e-07
11_10,11,10,C:\Users\kimeu\Downloads\starlink_pathB_wsl_package_v0_3_clean\starlink_pathB\zen.LST.baseline.11_10.sum.uvh5,ee,153.90399534464717,mid,153.4306332906146,-12.061024233154924,0.11065953813575646,45,2790,62,2461041.8125,2461041.819322953,0.16917632728494625,0,2,2,2,0.0,0.0004316907159982403,0.0,0.0006749143264715858,2,0.0004316907159982403,0.0006749143264715858,2.1389359317278557e-09,735326475.6491362,201824.9867117412,2.1389359317278557e-09
11_10,11,10,C:\Users\kimeu\Downloads\starlink_pathB_wsl_package_v0_3_clean\starlink_pathB\zen.LST.baseline.11_10.sum.uvh5,ee,153.90399534464717,mid,153.4306332906146,-12.061024233154924,0.11065953813575646,46,2852,62,2461041.8194444445,2461041.8262673975,0.17013188844086022,0,6,6,6,0.0,0.23572824167680723,0.0,0.4552977482091947,6,0.23572824167680723,0.4552977482091947,2.843847290969548e-07,2701615798.7204967,828906.1175167419,2.843847290969548e-07
11_10,11,10,C:\Users\kimeu\Downloads\starlink_pathB_wsl_package_v0_3_clean\starlink_pathB\zen.LST.baseline.11_10.sum.uvh5,ee,153.90399534464717,mid,153.4306332906146,-12.061024233154924,0.11065953813575646,47,2914,62,2461041.826388889,2461041.833211842,0.16838877688172044,0,4,4,4,0.0,0.18822900815401855,0.0,0.5108260863619242,4,0.18822900815401855,0.5108260863619242,2.0590138922526597e-07,470091621.24670213,914170.6564596659,2.0590138922526597e-07
11_10,11,10,C:\Users\kimeu\Downloads\starlink_pathB_wsl_package_v0_3_clean\starlink_pathB\zen.LST.baseline.11_10.sum.uvh5,ee,153.90399534464717,mid,153.4306332906146,-12.061024233154924,0.11065953813575646,48,2976,62,2461041.8333333335,2461041.8401562865,0.17189600134408603,0,2,2,2,0.0,0.014922085996042292,0.0,0.04576768186907193,2,0.014922085996042292,0.04576768186907193,1.804290894014267e-08,385991222.01926446,827033.2708293488,1.804290894014267e-08
11_10,11,10,C:\Users\kimeu\Downloads\starlink_pathB_wsl_package_v0_3_clean\starlink_pathB\zen.LST.baseline.11_10.sum.uvh5,ee,153.90399534464717,mid,153.4306332906146,-12.061024233154924,0.11065953813575646,49,3038,62,2461041.840277778,2461041.847100731,0.17003738239247312,0,4,4,4,0.0,0.4385330849085768,0.0,0.9279511646397298,4,0.4385330849085768,0.9279511646397298,5.578374625177537e-07,13096601599.126884,786130.5745392102,5.578374625177537e-07
11_10,11,10,C:\Users\kimeu\Downloads\starlink_pathB_wsl_package_v0_3_clean\starlink_pathB\zen.LST.baseline.11_10.sum.uvh5,ee,153.90399534464717,mid,153.4306332906146,-12.061024233154924,0.11065953813575646,50,3100,62,2461041.847222222,2461041.854045175,0.17026839717741934,0,6,6,6,0.0,0.34972237411950585,0.0,0.6086948826788393,6,0.34972237411950585,0.6086948826788393,6.036697340973074e-07,48653336342.09972,579327.32811669,6.036697340973074e-07
11_10,11,10,C:\Users\kimeu\Downloads\starlink_pathB_wsl_package_v0_3_clean\starlink_pathB\zen.LST.baseline.11_10.sum.uvh5,ee,153.90399534464717,mid,153.4306332906146,-12.061024233154924,0.11065953813575646,51,3162,62,2461041.8541666665,2461041.8609896195,0.168934811827957,1,4,4,4,0.008305882758116095,0.5098494816274408,0.008305882758116095,0.7273139335979131,4,0.5098494816274408,0.7273139335979131,1.1173599360541868e-06,2216807176.4492245,456298.3378730302,1.1173599360541868e-06
11_10,11,10,C:\Users\kimeu\Downloads\starlink_pathB_wsl_package_v0_3_clean\starlink_pathB\zen.LST.baseline.11_10.sum.uvh5,ee,153.90399534464717,mid,153.4306332906146,-12.061024233154924,0.11065953813575646,52,3224,62,2461041.861111111,2461041.867934064,0.17213751680107528,0,8,8,8,0.0,0.7461311303091528,0.0,0.8464114110583065,8,0.7461311303091528,0.8464114110583065,2.3849063115194853e-06,515962436.7237539,312855.5309301745,2.3849063115194853e-06
11_10,11,10,C:\Users\kimeu\Downloads\starlink_pathB_wsl_package_v0_3_clean\starlink_pathB\zen.LST.baseline.11_10.sum.uvh5,ee,153.90399534464717,mid,153.4306332906146,-12.061024233154924,0.11065953813575646,53,3286,62,2461041.8680555555,2461041.8748785085,0.17982400873655913,1,3,3,3,0.0023396773596836536,0.30413256099332964,0.0023396773596836536,0.4996640359057469,3,0.30413256099332964,0.4996640359057469,9.192348551419656e-07,177706444.59692684,330854.03506197524,9.192348551419656e-07
11_10,11,10,C:\Users\kimeu\Downloads\starlink_pathB_wsl_package_v0_3_clean\starlink_pathB\zen.LST.baseline.11_10.sum.uvh5,ee,153.90399534464717,mid,153.4306332906146,-12.061024233154924,0.11065953813575646,54,3348,62,2461041.875,2461041.881822953,0.17738785282258066,0,4,4,4,0.0,0.21673228020298504,0.0,0.616185001151179,4,0.21673228020298504,0.616185001151179,6.42950908486056e-07,176476532.95739257,337089.9353938551,6.42950908486056e-07
11_10,11,10,C:\Users\kimeu\Downloads\starlink_pathB_wsl_package_v0_3_clean\starlink_pathB\zen.LST.baseline.11_10.sum.uvh5,ee,153.90399534464717,mid,153.4306332906146,-12.061024233154924,0.11065953813575646,55,3410,62,2461041.8819444445,2461041.8887673975,0.17614877352150538,0,3,3,3,0.0,0.28670049114161184,0.0,0.9326005479341334,3,0.28670049114161184,0.9326005479341334,5.859914183487467e-07,3201121382.588568,489257.14978813054,5.859914183487467e-07
11_10,11,10,C:\Users\kimeu\Downloads\starlink_pathB_wsl_package_v0_3_clean\starlink_pathB\zen.LST.baseline.11_10.sum.uvh5,ee,153.90399534464717,mid,153.4306332906146,-12.061024233154924,0.11065953813575646,56,3472,62,2461041.888888889,2461041.895711842,0.1721690188172043,0,6,6,6,0.0,0.620775413097927,0.0,0.8643087592320493,6,0.620775413097927,0.8643087592320493,1.902777161572884e-06,37633726728.55875,326247.03808446927,1.902777161572884e-06
11_10,11,10,C:\Users\kimeu\Downloads\starlink_pathB_wsl_package_v0_3_clean\starlink_pathB\zen.LST.baseline.11_10.sum.uvh5,ee,153.90399534464717,mid,153.4306332906146,-12.061024233154924,0.11065953813575646,57,3534,62,2461041.8958333335,2461041.9026562865,0.1793934811827957,0,6,6,6,0.0,0.20947771743508667,0.0,0.41761437957613023,6,0.20947771743508667,0.41761437957613023,4.4652165678036667e-07,5770535464.367138,469132.267728111,4.4652165678036667e-07
11_10,11,10,C:\Users\kimeu\Downloads\starlink_pathB_wsl_package_v0_3_clean\starlink_pathB\zen.LST.baseline.11_10.sum.uvh5,ee,153.90399534464717,mid,153.4306332906146,-12.061024233154924,0.11065953813575646,58,3596,62,2461041.902777778,2461041.909600731,0.1875945060483871,0,5,5,5,0.0,0.12036852132435003,0.0,0.18183588309851056,5,0.12036852132435003,0.18183588309851056,3.730817499720292e-07,3194347612.9291787,322633.0994034801,3.730817499720292e-07
11_10,11,10,C:\Users\kimeu\Downloads\starlink_pathB_wsl_package_v0_3_clean\starlink_pathB\zen.LST.baseline.11_10.sum.uvh5,ee,153.90399534464717,mid,153.4306332906146,-12.061024233154924,0.11065953813575646,59,3658,62,2461041.909722222,2461041.916545175,0.17442666330645162,0,6,6,6,0.0,0.6872306623487341,0.0,0.9426480648117707,6,0.6872306623487341,0.9426480648117707,4.7381598458824737e-07,51462338899.83388,1450416.7961871254,4.7381598458824737e-07
11_10,11,10,C:\Users\kimeu\Downloads\starlink_pathB_wsl_package_v0_3_clean\starlink_pathB\zen.LST.baseline.11_10.sum.uvh5,ee,153.90399534464717,mid,153.4306332906146,-12.061024233154924,0.11065953813575646,60,3720,62,2461041.9166666665,2461041.9234896195,0.1930653561827957,0,1,1,1,0.0,3.0769904893363125e-05,0.0,3.0769904893363125e-05,1,3.0769904893363125e-05,3.0769904893363125e-05,1.333728426858393e-10,72510232.36491403,230705.92388768273,1.333728426858393e-10
11_10,11,10,C:\Users\kimeu\Downloads\starlink_pathB_wsl_package_v0_3_clean\starlink_pathB\zen.LST.baseline.11_10.sum.uvh5,ee,153.90399534464717,mid,153.4306332906146,-12.061024233154924,0.11065953813575646,61,3782,62,2461041.923611111,2461041.930434064,0.28920950940860213,0,3,3,3,0.0,0.44567189911077393,0.0,0.9338566727692416,3,0.44567189911077393,0.9338566727692416,1.917572782372843e-05,32878352.741603404,23241.459370282188,1.917572782372843e-05
11_10,11,10,C:\Users\kimeu\Downloads\starlink_pathB_wsl_package_v0_3_clean\starlink_pathB\zen.LST.baseline.11_10.sum.uvh5,ee,153.90399534464717,mid,153.4306332906146,-12.061024233154924,0.11065953813575646,62,3844,62,2461041.9305555555,2461041.9373785085,0.6340305779569892,0,4,4,4,0.0,0.41429598522145367,0.0,0.8272224890322021,4,0.41429598522145367,0.8272224890322021,2.3954503802027066e-06,16995245.65243611,172951.1864012793,2.3954503802027066e-06
11_10,11,10,C:\Users\kimeu\Downloads\starlink_pathB_wsl_package_v0_3_clean\starlink_pathB\zen.LST.baseline.11_10.sum.uvh5,ee,153.90399534464717,mid,153.4306332906146,-12.061024233154924,0.11065953813575646,63,3906,62,2461041.9375,2461041.944322953,1.0,1,4,4,4,0.0002818752689222807,0.14698950232902025,0.0002818752689222807,0.24707532713891836,4,0.14698950232902025,0.24707532713891836,146989502329.02026,0.0,0.0,146989502329.02026
11_10,11,10,C:\Users\kimeu\Downloads\starlink_pathB_wsl_package_v0_3_clean\starlink_pathB\zen.LST.baseline.11_10.sum.uvh5,ee,153.90399534464717,mid,153.4306332906146,-12.061024233154924,0.11065953813575646,64,3968,62,2461041.9444444445,2461041.9512673975,1.0,0,2,2,2,0.0,0.2812107439459313,0.0,0.9963509766045548,2,0.2812107439459313,0.9963509766045548,281210743945.93134,0.0,0.0,281210743945.93134
157_146,157,146,C:\Users\kimeu\Downloads\starlink_pathB_wsl_package_v0_3_clean\starlink_pathB\zen.LST.baseline.157_146.sum.uvh5,ee,140.36979839670377,mid,138.85501657378413,-20.561363145179588,0.44161050423051484,0,0,62,2461041.5,2461041.5068229535,0.23506804435483872,1,4,4,4,0.33087588566844983,0.5502745938468236,0.33087588566844983,0.7280464634021924,4,0.5502745938468236,0.7280464634021924,9.752069536292108e-05,2742341.25303224,5642.644279749944,9.752069536292108e-05
157_146,157,146,C:\Users\kimeu\Downloads\starlink_pathB_wsl_package_v0_3_clean\starlink_pathB\zen.LST.baseline.157_146.sum.uvh5,ee,140.36979839670377,mid,138.85501657378413,-20.561363145179588,0.44161050423051484,1,62,62,2461041.5069444445,2461041.513767398,0.18663894489247312,0,4,4,4,0.0,0.17558204052578452,0.0,0.4821174098933508,4,0.17558204052578452,0.4821174098933508,4.483425786606649e-06,28390306.574123148,39162.4728238619,4.483425786606649e-06
157_146,157,146,C:\Users\kimeu\Downloads\starlink_pathB_wsl_package_v0_3_clean\starlink_pathB\zen.LST.baseline.157_146.sum.uvh5,ee,140.36979839670377,mid,138.85501657378413,-20.561363145179588,0.44161050423051484,2,124,62,2461041.513888889,2461041.5207118425,0.18695396505376344,1,3,3,3,0.02274717290127737,0.1812254192505289,0.02274717290127737,0.5352241138648121,3,0.1812254192505289,0.5352241138648121,5.605891659744084e-07,76861822.58448072,323276.7064549408,5.605891659744084e-07
157_146,157,146,C:\Users\kimeu\Downloads\starlink_pathB_wsl_package_v0_3_clean\starlink_pathB\zen.LST.baseline.157_146.sum.uvh5,ee,140.36979839670377,mid,138.85501657378413,-20.561363145179588,0.44161050423051484,3,186,62,2461041.5208333335,2461041.527656287,0.1895476310483871,0,1,1,1,0.0,0.20661704468541942,0.0,0.778550973821895,1,0.20661704468541942,0.778550973821895,8.677147398882852e-07,975500235.1521822,238116.3246253262,8.677147398882852e-07
157_146,157,146,C:\Users\kimeu\Downloads\starlink_pathB_wsl_package_v0_3_clean\starlink_pathB\zen.LST.baseline.157_146.sum.uvh5,ee,140.36979839670377,mid,138.85501657378413,-20.561363145179588,0.44161050423051484,4,248,62,2461041.527777778,2461041.5346007315,0.1714654737903226,1,5,5,5,0.006509913503000268,0.29197839306488044,0.006509913503000268,0.7839253298317038,5,0.29197839306488044,0.7839253298317038,2.995417333302825e-07,1610819577.137098,974750.295455283,2.995417333302825e-07
157_146,157,146,C:\Users\kimeu\Downloads\starlink_pathB_wsl_package_v0_3_clean\starlink_pathB\zen.LST.baseline.157_146.sum.uvh5,ee,140.36979839670377,mid,138.85501657378413,-20.561363145179588,0.44161050423051484,5,310,62,2461041.534722222,2461041.5415451755,0.1678742439516129,0,5,5,5,0.0,0.4265461647481952,0.0,0.642949814682819,5,0.4265461647481952,0.642949814682819,3.6652833909247164e-07,1729919184.4764624,1163746.7536734769,3.6652833909247164e-07
157_146,157,146,C:\Users\kimeu\Downloads\starlink_pathB_wsl_package_v0_3_clean\starlink_pathB\zen.LST.baseline.157_146.sum.uvh5,ee,140.36979839670377,mid,138.85501657378413,-20.561363145179588,0.44161050423051484,6,372,62,2461041.5416666665,2461041.54848962,0.1676747311827957,0,3,3,3,0.0,0.29099277716989397,0.0,0.5800263647610057,3,0.29099277716989397,0.5800263647610057,3.969295886263452e-07,567288496.2876239,733109.3108400739,3.969295886263452e-07
157_146,157,146,C:\Users\kimeu\Downloads\starlink_pathB_wsl_package_v0_3_clean\starlink_pathB\zen.LST.baseline.157_146.sum.uvh5,ee,140.36979839670377,mid,138.85501657378413,-20.561363145179588,0.44161050423051484,7,434,62,2461041.548611111,2461041.5554340645,0.16823126680107528,1,8,8,8,0.0004122087285943486,0.43707188882479064,0.0004122087285943486,0.7170519983903962,8,0.43707188882479064,0.7170519983903962,4.181585428563247e-07,6815874774.838871,1045230.0838798464,4.181585428563247e-07
157_146,157,146,C:\Users\kimeu\Downloads\starlink_pathB_wsl_package_v0_3_clean\starlink_pathB\zen.LST.baseline.157_146.sum.uvh5,ee,140.36979839670377,mid,138.85501657378413,-20.561363145179588,0.44161050423051484,8,496,62,2461041.5555555555,2461041.562378509,0.16842027889784947,0,2,2,2,0.0,0.2057117264676688,0.0,0.6984661256995437,2,0.2057117264676688,0.6984661256995437,2.4123997245028765e-07,6799327101.359617,852726.5377219351,2.4123997245028765e-07
157_146,157,146,C:\Users\kimeu\Downloads\starlink_pathB_wsl_package_v0_3_clean\starlink_pathB\zen.LST.baseline.157_146.sum.uvh5,ee,140.36979839670377,mid,138.85501657378413,-20.561363145179588,0.44161050423051484,9,558,62,2461041.5625,2461041.5693229535,0.16663516465053763,1,5,5,5,0.0010971768248922275,0.33286132694916554,0.0010971768248922275,0.6977204569959614,5,0.33286132694916554,0.6977204569959614,2.7241513778893045e-07,1337376251.9510808,1221889.9788420324,2.7241513778893045e-07
157_146,157,146,C:\Users\kimeu\Downloads\starlink_pathB_wsl_package_v0_3_clean\starlink_pathB\zen.LST.baseline.157_146.sum.uvh5,ee,140.36979839670377,mid,138.85501657378413,-20.561363145179588,0.44161050423051484,10,620,62,2461041.5694444445,2461041.576267398,0.1665091565860215,1,8,8,8,0.0035743937970326312,0.39560371903806024,0.0035743937970326312,0.6208865344769782,8,0.39560371903806024,0.6208865344769782,1.6923542898628734e-07,5150335338.560992,2337593.974309687,1.6923542898628734e-07
157_146,157,146,C:\Users\kimeu\Downloads\starlink_pathB_wsl_package_v0_3_clean\starlink_pathB\zen.LST.baseline.157_146.sum.uvh5,ee,140.36979839670377,mid,138.85501657378413,-20.561363145179588,0.44161050423051484,11,682,62,2461041.576388889,2461041.5832118425,0.16794774865591397,1,5,5,5,0.0006393160041250509,0.6121911094018112,0.0006393160041250509,0.6787630996977061,5,0.6121911094018112,0.6787630996977061,3.379669152209917e-07,446216488.36239696,1811393.6063875016,3.379669152209917e-07
157_146,157,146,C:\Users\kimeu\Downloads\starlink_pathB_wsl_package_v0_3_clean\starlink_pathB\zen.LST.baseline.157_146.sum.uvh5,ee,140.36979839670377,mid,138.85501657378413,-20.561363145179588,0.44161050423051484,12,744,62,2461041.5833333335,2461041.590156287,0.16685567876344087,0,1,1,1,0.0,0.001343063595186559,0.0,0.001343063595186559,1,0.001343063595186559,0.001343063595186559,7.466413508345744e-10,1070174295.8213739,1798806.8751955952,7.466413508345744e-10
157_146,157,146,C:\Users\kimeu\Downloads\starlink_pathB_wsl_package_v0_3_clean\starlink_pathB\zen.LST.baseline.157_146.sum.uvh5,ee,140.36979839670377,mid,138.85501657378413,-20.561363145179588,0.44161050423051484,13,806,62,2461041.590277778,2461041.5971007315,0.16646715389784947,0,3,3,3,0.0,0.49245886625147556,0.0,0.9450884636561743,3,0.49245886625147556,0.9450884636561743,2.5230834447933546e-07,2588349069.0925226,1951813.6321163522,2.5230834447933546e-07
157_146,157,146,C:\Users\kimeu\Downloads\starlink_pathB_wsl_package_v0_3_clean\starlink_pathB\zen.LST.baseline.157_146.sum.uvh5,ee,140.36979839670377,mid,138.85501657378413,-20.561363145179588,0.44161050423051484,14,868,62,2461041.597222222,2461041.6040451755,0.16686617943548387,0,2,2,2,0.0,0.45992065055805087,0.0,0.956171545687925,2,0.45992065055805087,0.956171545687925,3.4794981539722315e-07,3092840629.1207094,1321801.6800296349,3.4794981539722315e-07
157_146,157,146,C:\Users\kimeu\Downloads\starlink_pathB_wsl_package_v0_3_clean\starlink_pathB\zen.LST.baseline.157_146.sum.uvh5,ee,140.36979839670377,mid,138.85501657378413,-20.561363145179588,0.44161050423051484,15,930,62,2461041.6041666665,2461041.61098962,0.16528057795698925,1,4,4,4,3.084991352301424e-05,0.5125979855485051,3.084991352301424e-05,0.9746270301393545,4,0.5125979855485051,0.9746270301393545,3.627425662288985e-07,10239333810.127567,1413117.8231369862,3.627425662288985e-07
157_146,157,146,C:\Users\kimeu\Downloads\starlink_pathB_wsl_package_v0_3_clean\starlink_pathB\zen.LST.baseline.157_146.sum.uvh5,ee,140.36979839670377,mid,138.85501657378413,-20.561363145179588,0.44161050423051484,16,992,62,2461041.611111111,2461041.6179340645,0.16574260752688172,0,2,2,2,0.0,0.02123038413644645,0.0,0.051994079844118836,2,0.02123038413644645,0.051994079844118836,1.2547272640388287e-08,813627448.6714061,1692031.7861037133,1.2547272640388287e-08
157_146,157,146,C:\Users\kimeu\Downloads\starlink_pathB_wsl_package_v0_3_clean\starlink_pathB\zen.LST.baseline.157_146.sum.uvh5,ee,140.36979839670377,mid,138.85501657378413,-20.561363145179588,0.44161050423051484,17,1054,62,2461041.6180555555,2461041.624878509,0.16575310819892472,0,2,2,2,0.0,0.06846870788021289,0.0,0.28051662074245665,2,0.06846870788021289,0.28051662074245665,5.327543995954899e-08,395249105.1653509,1285183.3402445829,5.327543995954899e-08
157_146,157,146,C:\Users\kimeu\Downloads\starlink_pathB_wsl_package_v0_3_clean\starlink_pathB\zen.LST.baseline.157_146.sum.uvh5,ee,140.36979839670377,mid,138.85501657378413,-20.561363145179588,0.44161050423051484,18,1116,62,2461041.625,2461041.6318229535,0.16517557123655913,0,4,4,4,0.0,0.2363981628786352,0.0,0.38438541749119554,4,0.2363981628786352,0.38438541749119554,1.4173984917217398e-07,2518192661.1042995,1667831.3421335593,1.4173984917217398e-07
157_146,157,146,C:\Users\kimeu\Downloads\starlink_pathB_wsl_package_v0_3_clean\starlink_pathB\zen.LST.baseline.157_146.sum.uvh5,ee,140.36979839670377,mid,138.85501657378413,-20.561363145179588,0.44161050423051484,19,1178,62,2461041.6319444445,2461041.638767398,0.16509156586021506,0,4,4,4,0.0,0.023868672307009665,0.0,0.04932161857556596,4,0.023868672307009665,0.04932161857556596,1.0246477746708378e-08,632391398.94781,2329451.4365853514,1.0246477746708378e-08
157_146,157,146,C:\Users\kimeu\Downloads\starlink_pathB_wsl_package_v0_3_clean\starlink_pathB\zen.LST.baseline.157_146.sum.uvh5,ee,140.36979839670377,mid,138.85501657378413,-20.561363145179588,0.44161050423051484,20,1240,62,2461041.638888889,2461041.6457118425,0.16683467741935484,0,4,4,4,0.0,0.16291867713468297,0.0,0.30801675453485433,4,0.16291867713468297,0.30801675453485433,1.295018511716616e-07,431061521.0383732,1258041.2994925114,1.295018511716616e-07
157_146,157,146,C:\Users\kimeu\Downloads\starlink_pathB_wsl_package_v0_3_clean\starlink_pathB\zen.LST.baseline.157_146.sum.uvh5,ee,140.36979839670377,mid,138.85501657378413,-20.561363145179588,0.44161050423051484,21,1302,62,2461041.6458333335,2461041.652656287,0.16702368951612903,0,3,3,3,0.0,0.07815271613371509,0.0,0.12194591377078616,3,0.07815271613371509,0.12194591377078616,2.6566620353297373e-08,2149078677.1205735,2941763.5775419585,2.6566620353297373e-08
157_146,157,146,C:\Users\kimeu\Downloads\starlink_pathB_wsl_package_v0_3_clean\starlink_pathB\zen.LST.baseline.157_146.sum.uvh5,ee,140.36979839670377,mid,138.85501657378413,-20.561363145179588,0.44161050423051484,22,1364,62,2461041.652777778,2461041.6596007315,0.16536458333333334,0,3,3,3,0.0,0.04347690205806057,0.0,0.12295632724432037,3,0.04347690205806057,0.12295632724432037,2.2460169661331725e-08,538579756.9279467,1935733.4656697647,2.2460169661331725e-08
157_146,157,146,C:\Users\kimeu\Downloads\starlink_pathB_wsl_package_v0_3_clean\starlink_pathB\zen.LST.baseline.157_146.sum.uvh5,ee,140.36979839670377,mid,138.85501657378413,-20.561363145179588,0.44161050423051484,23,1426,62,2461041.659722222,2461041.6665451755,0.1648500504032258,0,3,3,3,0.0,0.275505408017723,0.0,0.5786751971552218,3,0.275505408017723,0.5786751971552218,2.0037672014389082e-07,18814174163.885635,1374937.2073755981,2.0037672014389082e-07
157_146,157,146,C:\Users\kimeu\Downloads\starlink_pathB_wsl_package_v0_3_clean\starlink_pathB\zen.LST.baseline.157_146.sum.uvh5,ee,140.36979839670377,mid,138.85501657378413,-20.561363145179588,0.44161050423051484,24,1488,62,2461041.6666666665,2461041.67348962,0.16477654569892472,0,5,5,5,0.0,0.22773362399156483,0.0,0.43415361759428933,5,0.22773362399156483,0.43415361759428933,1.3814252744877891e-07,586613470.2462398,1648541.0264120505,1.3814252744877891e-07
157_146,157,146,C:\Users\kimeu\Downloads\starlink_pathB_wsl_package_v0_3_clean\starlink_pathB\zen.LST.baseline.157_146.sum.uvh5,ee,140.36979839670377,mid,138.85501657378413,-20.561363145179588,0.44161050423051484,25,1550,62,2461041.673611111,2461041.6804340645,0.16430401545698925,0,5,5,5,0.0,0.20114597368031706,0.0,0.5088303857540691,5,0.20114597368031706,0.5088303857540691,1.6171251524158026e-07,285110856.99267155,1243849.144142169,1.6171251524158026e-07
157_146,157,146,C:\Users\kimeu\Downloads\starlink_pathB_wsl_package_v0_3_clean\starlink_pathB\zen.LST.baseline.157_146.sum.uvh5,ee,140.36979839670377,mid,138.85501657378413,-20.561363145179588,0.44161050423051484,26,1612,62,2461041.6805555555,2461041.687378509,0.1646505376344086,1,5,5,5,5.2688158235845604e-05,0.05072798537127345,5.2688158235845604e-05,0.13239227252198724,5,0.05072798537127345,0.13239227252198724,5.77156444409617e-08,841305110.9623921,878929.5495637056,5.77156444409617e-08
157_146,157,146,C:\Users\kimeu\Downloads\starlink_pathB_wsl_package_v0_3_clean\starlink_pathB\zen.LST.baseline.157_146.sum.uvh5,ee,140.36979839670377,mid,138.85501657378413,-20.561363145179588,0.44161050423051484,27,1674,62,2461041.6875,2461041.6943229535,0.16433551747311828,0,2,2,2,0.0,0.2437121546123139,0.0,0.8187488961970543,2,0.2437121546123139,0.8187488961970543,1.81280541821939e-07,15181518632.476326,1344392.2450965405,1.81280541821939e-07
157_146,157,146,C:\Users\kimeu\Downloads\starlink_pathB_wsl_package_v0_3_clean\starlink_pathB\zen.LST.baseline.157_146.sum.uvh5,ee,140.36979839670377,mid,138.85501657378413,-20.561363145179588,0.44161050423051484,28,1736,62,2461041.6944444445,2461041.701267398,0.1651440692204301,0,2,2,2,0.0,0.0007516225380816418,0.0,0.0006365662667992243,2,0.0007516225380816418,0.0006365662667992243,6.368408812670773e-10,751022741.6254709,1180236.0058704014,6.368408812670773e-10
157_146,157,146,C:\Users\kimeu\Downloads\starlink_pathB_wsl_package_v0_3_clean\starlink_pathB\zen.LST.baseline.157_146.sum.uvh5,ee,140.36979839670377,mid,138.85501657378413,-20.561363145179588,0.44161050423051484,29,1798,62,2461041.701388889,2461041.7082118425,0.16410450268817203,0,2,2,2,0.0,0.15122580595081875,0.0,0.5780989817151402,2,0.15122580595081875,0.5780989817151402,8.048761373689864e-08,608002471.659666,1878870.5358460762,8.048761373689864e-08
157_146,157,146,C:\Users\kimeu\Downloads\starlink_pathB_wsl_package_v0_3_clean\starlink_pathB\zen.LST.baseline.157_146.sum.uvh5,ee,140.36979839670377,mid,138.85501657378413,-20.561363145179588,0.44161050423051484,30,1860,62,2461041.7083333335,2461041.715156287,0.16453503024193547,0,3,3,3,0.0,0.09986243820864145,0.0,0.22613877759676462,3,0.09986243820864145,0.22613877759676462,1.3616160383831345e-07,505167323.921379,733411.1481767222,1.3616160383831345e-07
157_146,157,146,C:\Users\kimeu\Downloads\starlink_pathB_wsl_package_v0_3_clean\starlink_pathB\zen.LST.baseline.157_146.sum.uvh5,ee,140.36979839670377,mid,138.85501657378413,-20.561363145179588,0.44161050423051484,31,1922,62,2461041.715277778,2461041.7221007315,0.1645560315860215,0,4,4,4,0.0,0.09689170230687942,0.0,0.21453219285602132,4,0.09689170230687942,0.21453219285602132,1.1235440189971533e-07,495724750.7479021,862375.667251226,1.1235440189971533e-07
157_146,157,146,C:\Users\kimeu\Downloads\starlink_pathB_wsl_package_v0_3_clean\starlink_pathB\zen.LST.baseline.157_146.sum.uvh5,ee,140.36979839670377,mid,138.85501657378413,-20.561363145179588,0.44161050423051484,32,1984,62,2461041.722222222,2461041.7290451755,0.1651335685483871,0,3,3,3,0.0,0.39049641960412795,0.0,0.8621952177012273,3,0.39049641960412795,0.8621952177012273,3.237669817232849e-07,528794399.14029074,1206103.2830638518,3.237669817232849e-07
157_146,157,146,C:\Users\kimeu\Downloads\starlink_pathB_wsl_package_v0_3_clean\starlink_pathB\zen.LST.baseline.157_146.sum.uvh5,ee,140.36979839670377,mid,138.85501657378413,-20.561363145179588,0.44161050423051484,33,2046,62,2461041.7291666665,2461041.73598962,0.16536458333333334,0,5,5,5,0.0,0.33149479679068383,0.0,0.3484546838830035,5,0.33149479679068383,0.3484546838830035,2.557492277826355e-07,2872382300.022123,1296171.2520689424,2.557492277826355e-07
157_146,157,146,C:\Users\kimeu\Downloads\starlink_pathB_wsl_package_v0_3_clean\starlink_pathB\zen.LST.baseline.157_146.sum.uvh5,ee,140.36979839670377,mid,138.85501657378413,-20.561363145179588,0.44161050423051484,34,2108,62,2461041.736111111,2461041.7429340645,0.16430401545698925,1,4,4,4,0.00014289495363501375,0.26670756042623767,0.00014289495363501375,0.7820357281270546,4,0.26670756042623767,0.7820357281270546,3.546728512432431e-07,413024334.6193697,751981.8883552586,3.546728512432431e-07
157_146,157,146,C:\Users\kimeu\Downloads\starlink_pathB_wsl_package_v0_3_clean\starlink_pathB\zen.LST.baseline.157_146.sum.uvh5,ee,140.36979839670377,mid,138.85501657378413,-20.561363145179588,0.44161050423051484,35,2170,62,2461041.7430555555,2461041.749878509,0.16420950940860216,0,5,5,5,0.0,0.28702035123589004,0.0,0.5329721044266462,5,0.28702035123589004,0.5329721044266462,3.3077609276934066e-07,1426958712.1581094,867717.9442833472,3.3077609276934066e-07
157_146,157,146,C:\Users\kimeu\Downloads\starlink_pathB_wsl_package_v0_3_clean\starlink_pathB\zen.LST.baseline.157_146.sum.uvh5,ee,140.36979839670377,mid,138.85501657378413,-20.561363145179588,0.44161050423051484,36,2232,62,2461041.75,2461041.7568229535,0.16577410954301075,0,4,4,4,0.0,0.3212071455869001,0.0,0.5491919590577511,4,0.3212071455869001,0.5491919590577511,2.987472754395836e-07,831860274.0904456,1075180.1672978224,2.987472754395836e-07
157_146,157,146,C:\Users\kimeu\Downloads\starlink_pathB_wsl_package_v0_3_clean\starlink_pathB\zen.LST.baseline.157_146.sum.uvh5,ee,140.36979839670377,mid,138.85501657378413,-20.561363145179588,0.44161050423051484,37,2294,62,2461041.7569444445,2461041.7637673975,0.16529107862903225,0,5,5,5,0.0,0.356360522070895,0.0,0.9867730246375583,5,0.356360522070895,0.9867730246375583,2.807324224309869e-07,475505592.4358893,1269395.6721671505,2.807324224309869e-07
157_146,157,146,C:\Users\kimeu\Downloads\starlink_pathB_wsl_package_v0_3_clean\starlink_pathB\zen.LST.baseline.157_146.sum.uvh5,ee,140.36979839670377,mid,138.85501657378413,-20.561363145179588,0.44161050423051484,38,2356,62,2461041.763888889,2461041.770711842,0.1647345430107527,0,3,3,3,0.0,0.2870181822616452,0.0,0.74664414194873,3,0.2870181822616452,0.74664414194873,1.0064718579530464e-07,1061566132.0009652,2851725.857942817,1.0064718579530464e-07
157_146,157,146,C:\Users\kimeu\Downloads\starlink_pathB_wsl_package_v0_3_clean\starlink_pathB\zen.LST.baseline.157_146.sum.uvh5,ee,140.36979839670377,mid,138.85501657378413,-20.561363145179588,0.44161050423051484,39,2418,62,2461041.7708333335,2461041.7776562865,0.16496555779569894,0,2,2,2,0.0,0.01686142451615914,0.0,0.029500585149165884,2,0.01686142451615914,0.029500585149165884,5.590709676591427e-09,1239687092.5051003,3015972.120097515,5.590709676591427e-09
157_146,157,146,C:\Users\kimeu\Downloads\starlink_pathB_wsl_package_v0_3_clean\starlink_pathB\zen.LST.baseline.157_146.sum.uvh5,ee,140.36979839670377,mid,138.85501657378413,-20.561363145179588,0.44161050423051484,40,2480,62,2461041.777777778,2461041.784600731,0.16564810147849462,0,6,6,6,0.0,0.3484575065066898,0.0,0.8056414039197263,6,0.3484575065066898,0.8056414039197263,1.8907720148980861e-07,5603070276.223369,1842937.719413368,1.8907720148980861e-07
157_146,157,146,C:\Users\kimeu\Downloads\starlink_pathB_wsl_package_v0_3_clean\starlink_pathB\zen.LST.baseline.157_146.sum.uvh5,ee,140.36979839670377,mid,138.85501657378413,-20.561363145179588,0.44161050423051484,41,2542,62,2461041.784722222,2461041.791545175,0.16492355510752688,1,2,2,2,0.776904046133802,0.19470624145740908,0.776904046133802,0.5863109176460239,2,0.19470624145740908,0.5863109176460239,9.539949686330602e-08,794295532.0814182,2040956.6911699292,9.539949686330602e-08
157_146,157,146,C:\Users\kimeu\Downloads\starlink_pathB_wsl_package_v0_3_clean\starlink_pathB\zen.LST.baseline.157_146.sum.uvh5,ee,140.36979839670377,mid,138.85501657378413,-20.561363145179588,0.44161050423051484,42,2604,62,2461041.7916666665,2461041.7984896195,0.16506006384408603,0,6,6,6,0.0,0.35654971283665626,0.0,0.6113952006290849,6,0.35654971283665626,0.6113952006290849,1.4841049716000486e-07,3704157127.78178,2402456.158153366,1.4841049716000486e-07
157_146,157,146,C:\Users\kimeu\Downloads\starlink_pathB_wsl_package_v0_3_clean\starlink_pathB\zen.LST.baseline.157_146.sum.uvh5,ee,140.36979839670377,mid,138.85501657378413,-20.561363145179588,0.44161050423051484,43,2666,62,2461041.798611111,2461041.805434064,0.16623613911290322,0,2,2,2,0.0,0.3059806379101992,0.0,0.996901135440778,2,0.3059806379101992,0.996901135440778,2.498803286214167e-07,722797474.7561435,1224508.7062206394,2.498803286214167e-07
157_146,157,146,C:\Users\kimeu\Downloads\starlink_pathB_wsl_package_v0_3_clean\starlink_pathB\zen.LST.baseline.157_146.sum.uvh5,ee,140.36979839670377,mid,138.85501657378413,-20.561363145179588,0.44161050423051484,44,2728,62,2461041.8055555555,2461041.8123785085,0.1653330813172043,0,3,3,3,0.0,0.2419547912000571,0.0,0.7241364102878726,3,0.2419547912000571,0.7241364102878726,1.8821109798504614e-07,679947401.7707994,1285550.075369525,1.8821109798504614e-07
157_146,157,146,C:\Users\kimeu\Downloads\starlink_pathB_wsl_package_v0_3_clean\starlink_pathB\zen.LST.baseline.157_146.sum.uvh5,ee,140.36979839670377,mid,138.85501657378413,-20.561363145179588,0.44161050423051484,45,2790,62,2461041.8125,2461041.819322953,0.1648605510752688,0,2,2,2,0.0,0.0004316907159982403,0.0,0.0006749143264715858,2,0.0004316907159982403,0.0006749143264715858,4.349750405317336e-10,418352172.99762225,992449.3954193823,4.349750405317336e-10
157_146,157,146,C:\Users\kimeu\Downloads\starlink_pathB_wsl_package_v0_3_clean\starlink_pathB\zen.LST.baseline.157_146.sum.uvh5,ee,140.36979839670377,mid,138.85501657378413,-20.561363145179588,0.44161050423051484,46,2852,62,2461041.8194444445,2461041.8262673975,0.16538558467741934,0,6,6,6,0.0,0.23572824167680723,0.0,0.4552977482091947,6,0.23572824167680723,0.4552977482091947,1.874030786702616e-07,1096268191.6313782,1257867.4979591686,1.874030786702616e-07
157_146,157,146,C:\Users\kimeu\Downloads\starlink_pathB_wsl_package_v0_3_clean\starlink_pathB\zen.LST.baseline.157_146.sum.uvh5,ee,140.36979839670377,mid,138.85501657378413,-20.561363145179588,0.44161050423051484,47,2914,62,2461041.826388889,2461041.833211842,0.16636214717741934,0,4,4,4,0.0,0.18822900815401855,0.0,0.5108260863619242,4,0.18822900815401855,0.5108260863619242,1.2878855896405535e-07,793692038.7005422,1461535.1679379605,1.2878855896405535e-07
157_146,157,146,C:\Users\kimeu\Downloads\starlink_pathB_wsl_package_v0_3_clean\starlink_pathB\zen.LST.baseline.157_146.sum.uvh5,ee,140.36979839670377,mid,138.85501657378413,-20.561363145179588,0.44161050423051484,48,2976,62,2461041.8333333335,2461041.8401562865,0.16555359543010753,0,2,2,2,0.0,0.014922085996042292,0.0,0.04576768186907193,2,0.014922085996042292,0.04576768186907193,1.6577829119329416e-08,1143453110.8849213,900123.0431699553,1.6577829119329416e-08
157_146,157,146,C:\Users\kimeu\Downloads\starlink_pathB_wsl_package_v0_3_clean\starlink_pathB\zen.LST.baseline.157_146.sum.uvh5,ee,140.36979839670377,mid,138.85501657378413,-20.561363145179588,0.44161050423051484,49,3038,62,2461041.840277778,2461041.847100731,0.16546959005376344,0,4,4,4,0.0,0.4385330849085768,0.0,0.9279511646397298,4,0.4385330849085768,0.9279511646397298,3.354108712625964e-07,5090682213.570777,1307450.4212036855,3.354108712625964e-07
157_146,157,146,C:\Users\kimeu\Downloads\starlink_pathB_wsl_package_v0_3_clean\starlink_pathB\zen.LST.baseline.157_146.sum.uvh5,ee,140.36979839670377,mid,138.85501657378413,-20.561363145179588,0.44161050423051484,50,3100,62,2461041.847222222,2461041.854045175,0.1651230678763441,0,6,6,6,0.0,0.34972237411950585,0.0,0.6086948826788393,6,0.34972237411950585,0.6086948826788393,4.3657654748321104e-07,1547305351.359776,801056.2549353496,4.3657654748321104e-07
157_146,157,146,C:\Users\kimeu\Downloads\starlink_pathB_wsl_package_v0_3_clean\starlink_pathB\zen.LST.baseline.157_146.sum.uvh5,ee,140.36979839670377,mid,138.85501657378413,-20.561363145179588,0.44161050423051484,51,3162,62,2461041.8541666665,2461041.8609896195,0.1649340557795699,1,4,4,4,0.008305882758116095,0.5098494816274408,0.008305882758116095,0.7273139335979131,4,0.5098494816274408,0.7273139335979131,6.52442261848088e-07,428765994.92222685,781447.6643239767,6.52442261848088e-07
157_146,157,146,C:\Users\kimeu\Downloads\starlink_pathB_wsl_package_v0_3_clean\starlink_pathB\zen.LST.baseline.157_146.sum.uvh5,ee,140.36979839670377,mid,138.85501657378413,-20.561363145179588,0.44161050423051484,52,3224,62,2461041.861111111,2461041.867934064,0.16444052419354838,0,8,8,8,0.0,0.7461311303091528,0.0,0.8464114110583065,8,0.7461311303091528,0.8464114110583065,8.667668648598582e-07,344634928.546794,860821.0126142625,8.667668648598582e-07
157_146,157,146,C:\Users\kimeu\Downloads\starlink_pathB_wsl_package_v0_3_clean\starlink_pathB\zen.LST.baseline.157_146.sum.uvh5,ee,140.36979839670377,mid,138.85501657378413,-20.561363145179588,0.44161050423051484,53,3286,62,2461041.8680555555,2461041.8748785085,0.16604712701612903,1,3,3,3,0.0023396773596836536,0.30413256099332964,0.0023396773596836536,0.4996640359057469,3,0.30413256099332964,0.4996640359057469,4.49158203270249e-07,9109682112.394787,677116.7904292722,4.49158203270249e-07
157_146,157,146,C:\Users\kimeu\Downloads\starlink_pathB_wsl_package_v0_3_clean\starlink_pathB\zen.LST.baseline.157_146.sum.uvh5,ee,140.36979839670377,mid,138.85501657378413,-20.561363145179588,0.44161050423051484,54,3348,62,2461041.875,2461041.881822953,0.16683467741935484,0,4,4,4,0.0,0.21673228020298504,0.0,0.616185001151179,4,0.21673228020298504,0.616185001151179,2.345392054288915e-07,629594768.0704832,924076.978118248,2.345392054288915e-07
157_146,157,146,C:\Users\kimeu\Downloads\starlink_pathB_wsl_package_v0_3_clean\starlink_pathB\zen.LST.baseline.157_146.sum.uvh5,ee,140.36979839670377,mid,138.85501657378413,-20.561363145179588,0.44161050423051484,55,3410,62,2461041.8819444445,2461041.8887673975,0.16491305443548387,0,3,3,3,0.0,0.28670049114161184,0.0,0.9326005479341334,3,0.28670049114161184,0.9326005479341334,5.795771221004789e-07,669973794.502113,494671.85678855656,5.795771221004789e-07
157_146,157,146,C:\Users\kimeu\Downloads\starlink_pathB_wsl_package_v0_3_clean\starlink_pathB\zen.LST.baseline.157_146.sum.uvh5,ee,140.36979839670377,mid,138.85501657378413,-20.561363145179588,0.44161050423051484,56,3472,62,2461041.888888889,2461041.895711842,0.1644510248655914,0,6,6,6,0.0,0.620775413097927,0.0,0.8643087592320493,6,0.620775413097927,0.8643087592320493,1.0986184461245256e-06,3615009622.6608796,565050.9649530896,1.0986184461245256e-06
157_146,157,146,C:\Users\kimeu\Downloads\starlink_pathB_wsl_package_v0_3_clean\starlink_pathB\zen.LST.baseline.157_146.sum.uvh5,ee,140.36979839670377,mid,138.85501657378413,-20.561363145179588,0.44161050423051484,57,3534,62,2461041.8958333335,2461041.9026562865,0.16785324260752688,0,6,6,6,0.0,0.20947771743508667,0.0,0.41761437957613023,6,0.20947771743508667,0.41761437957613023,3.2964120219791523e-07,3382699213.5705495,635471.8889458397,3.2964120219791523e-07
157_146,157,146,C:\Users\kimeu\Downloads\starlink_pathB_wsl_package_v0_3_clean\starlink_pathB\zen.LST.baseline.157_146.sum.uvh5,ee,140.36979839670377,mid,138.85501657378413,-20.561363145179588,0.44161050423051484,58,3596,62,2461041.902777778,2461041.909600731,0.1676642305107527,0,5,5,5,0.0,0.12036852132435003,0.0,0.18183588309851056,5,0.12036852132435003,0.18183588309851056,1.3663567535439154e-07,1099527943.6897645,880945.0461027148,1.3663567535439154e-07
157_146,157,146,C:\Users\kimeu\Downloads\starlink_pathB_wsl_package_v0_3_clean\starlink_pathB\zen.LST.baseline.157_146.sum.uvh5,ee,140.36979839670377,mid,138.85501657378413,-20.561363145179588,0.44161050423051484,59,3658,62,2461041.909722222,2461041.916545175,0.16614163306451613,0,6,6,6,0.0,0.6872306623487341,0.0,0.9426480648117707,6,0.6872306623487341,0.9426480648117707,3.3219108328902995e-07,1742128026.7663002,2068781.1832408349,3.3219108328902995e-07
157_146,157,146,C:\Users\kimeu\Downloads\starlink_pathB_wsl_package_v0_3_clean\starlink_pathB\zen.LST.baseline.157_146.sum.uvh5,ee,140.36979839670377,mid,138.85501657378413,-20.561363145179588,0.44161050423051484,60,3720,62,2461041.9166666665,2461041.9234896195,0.16760122647849462,0,1,1,1,0.0,3.0769904893363125e-05,0.0,3.0769904893363125e-05,1,3.0769904893363125e-05,3.0769904893363125e-05,2.9033197553163906e-11,237210356.16477287,1059817.9837759538,2.9033197553163906e-11
157_146,157,146,C:\Users\kimeu\Downloads\starlink_pathB_wsl_package_v0_3_clean\starlink_pathB\zen.LST.baseline.157_146.sum.uvh5,ee,140.36979839670377,mid,138.85501657378413,-20.561363145179588,0.44161050423051484,61,3782,62,2461041.923611111,2461041.930434064,0.17433215725806453,0,3,3,3,0.0,0.44567189911077393,0.0,0.9338566727692416,3,0.44567189911077393,0.9338566727692416,1.8647610263850535e-07,31492691480.76719,2389967.898324937,1.8647610263850535e-07
157_146,157,146,C:\Users\kimeu\Downloads\starlink_pathB_wsl_package_v0_3_clean\starlink_pathB\zen.LST.baseline.157_146.sum.uvh5,ee,140.36979839670377,mid,138.85501657378413,-20.561363145179588,0.44161050423051484,62,3844,62,2461041.9305555555,2461041.9373785085,0.2097719254032258,0,4,4,4,0.0,0.41429598522145367,0.0,0.8272224890322021,4,0.41429598522145367,0.8272224890322021,6.456138717417904e-07,162639914.80807462,641708.617728011,6.456138717417904e-07
157_146,157,146,C:\Users\kimeu\Downloads\starlink_pathB_wsl_package_v0_3_clean\starlink_pathB\zen.LST.baseline.157_146.sum.uvh5,ee,140.36979839670377,mid,138.85501657378413,-20.561363145179588,0.44161050423051484,63,3906,62,2461041.9375,2461041.944322953,0.2464927755376344,1,4,4,4,0.0002818752689222807,0.14698950232902025,0.0002818752689222807,0.24707532713891836,4,0.14698950232902025,0.24707532713891836,5.565934428572551e-07,6075110675.846525,264087.7362378799,5.565934428572551e-07
157_146,157,146,C:\Users\kimeu\Downloads\starlink_pathB_wsl_package_v0_3_clean\starlink_pathB\zen.LST.baseline.157_146.sum.uvh5,ee,140.36979839670377,mid,138.85501657378413,-20.561363145179588,0.44161050423051484,64,3968,62,2461041.9444444445,2461041.9512673975,0.6134387600806451,0,2,2,2,0.0,0.2812107439459313,0.0,0.9963509766045548,2,0.2812107439459313,0.9963509766045548,2.267325306841589e-05,1213508.0316292737,12402.75240158022,2.267325306841589e-05
159_76,159,76,C:\Users\kimeu\Downloads\starlink_pathB_wsl_package_v0_3_clean\starlink_pathB\zen.LST.baseline.159_76.sum.uvh5,ee,156.200250406372,mid,139.04824485684745,-71.15855658857106,0.7507685892745126,0,0,62,2461041.5,2461041.5068229535,0.2313613071236559,1,4,4,4,0.33087588566844983,0.5502745938468236,0.33087588566844983,0.7280464634021924,4,0.5502745938468236,0.7280464634021924,8.574847721632174e-05,7239231.752849161,6417.310390931139,8.574847721632174e-05
159_76,159,76,C:\Users\kimeu\Downloads\starlink_pathB_wsl_package_v0_3_clean\starlink_pathB\zen.LST.baseline.159_76.sum.uvh5,ee,156.200250406372,mid,139.04824485684745,-71.15855658857106,0.7507685892745126,1,62,62,2461041.5069444445,2461041.513767398,0.1846648185483871,0,4,4,4,0.0,0.17558204052578452,0.0,0.4821174098933508,4,0.17558204052578452,0.4821174098933508,5.040481305787732e-06,16452901.173624525,34834.37986848051,5.040481305787732e-06
159_76,159,76,C:\Users\kimeu\Downloads\starlink_pathB_wsl_package_v0_3_clean\starlink_pathB\zen.LST.baseline.159_76.sum.uvh5,ee,156.200250406372,mid,139.04824485684745,-71.15855658857106,0.7507685892745126,2,124,62,2461041.513888889,2461041.5207118425,0.18480132728494625,1,3,3,3,0.02274717290127737,0.1812254192505289,0.02274717290127737,0.5352241138648121,3,0.1812254192505289,0.5352241138648121,6.314359376472369e-07,93268123.11609542,287005.2343326929,6.314359376472369e-07
159_76,159,76,C:\Users\kimeu\Downloads\starlink_pathB_wsl_package_v0_3_clean\starlink_pathB\zen.LST.baseline.159_76.sum.uvh5,ee,156.200250406372,mid,139.04824485684745,-71.15855658857106,0.7507685892745126,3,186,62,2461041.5208333335,2461041.527656287,0.18638692876344087,0,1,1,1,0.0,0.20661704468541942,0.0,0.778550973821895,1,0.20661704468541942,0.778550973821895,3.449447164346257e-07,3068288594.25972,598985.9674356766,3.449447164346257e-07
159_76,159,76,C:\Users\kimeu\Downloads\starlink_pathB_wsl_package_v0_3_clean\starlink_pathB\zen.LST.baseline.159_76.sum.uvh5,ee,156.200250406372,mid,139.04824485684745,-71.15855658857106,0.7507685892745126,4,248,62,2461041.527777778,2461041.5346007315,0.17105594758064516,1,5,5,5,0.006509913503000268,0.29197839306488044,0.006509913503000268,0.7839253298317038,5,0.29197839306488044,0.7839253298317038,2.2753924887556103e-07,599892583.631633,1283200.127045161,2.2753924887556103e-07
159_76,159,76,C:\Users\kimeu\Downloads\starlink_pathB_wsl_package_v0_3_clean\starlink_pathB\zen.LST.baseline.159_76.sum.uvh5,ee,156.200250406372,mid,139.04824485684745,-71.15855658857106,0.7507685892745126,5,310,62,2461041.534722222,2461041.5415451755,0.16768523185483872,0,5,5,5,0.0,0.4265461647481952,0.0,0.642949814682819,5,0.4265461647481952,0.642949814682819,2.0771667536725053e-07,12442985016.521206,2053499.8646307345,2.0771667536725053e-07
159_76,159,76,C:\Users\kimeu\Downloads\starlink_pathB_wsl_package_v0_3_clean\starlink_pathB\zen.LST.baseline.159_76.sum.uvh5,ee,156.200250406372,mid,139.04824485684745,-71.15855658857106,0.7507685892745126,6,372,62,2461041.5416666665,2461041.54848962,0.16752772177419356,0,3,3,3,0.0,0.29099277716989397,0.0,0.5800263647610057,3,0.29099277716989397,0.5800263647610057,2.0617370007319675e-07,3997003372.4620123,1411396.201681322,2.0617370007319675e-07
159_76,159,76,C:\Users\kimeu\Downloads\starlink_pathB_wsl_package_v0_3_clean\starlink_pathB\zen.LST.baseline.159_76.sum.uvh5,ee,156.200250406372,mid,139.04824485684745,-71.15855658857106,0.7507685892745126,7,434,62,2461041.548611111,2461041.5554340645,0.16737021169354838,1,8,8,8,0.0004122087285943486,0.43707188882479064,0.0004122087285943486,0.7170519983903962,8,0.43707188882479064,0.7170519983903962,1.4761153600288208e-07,6207939892.310478,2960960.2383397524,1.4761153600288208e-07
159_76,159,76,C:\Users\kimeu\Downloads\starlink_pathB_wsl_package_v0_3_clean\starlink_pathB\zen.LST.baseline.159_76.sum.uvh5,ee,156.200250406372,mid,139.04824485684745,-71.15855658857106,0.7507685892745126,8,496,62,2461041.5555555555,2461041.562378509,0.16685567876344087,0,2,2,2,0.0,0.2057117264676688,0.0,0.6984661256995437,2,0.2057117264676688,0.6984661256995437,8.398171925332806e-08,22098246376.60212,2449482.2003720384,8.398171925332806e-08
159_76,159,76,C:\Users\kimeu\Downloads\starlink_pathB_wsl_package_v0_3_clean\starlink_pathB\zen.LST.baseline.159_76.sum.uvh5,ee,156.200250406372,mid,139.04824485684745,-71.15855658857106,0.7507685892745126,9,558,62,2461041.5625,2461041.5693229535,0.16654065860215053,1,5,5,5,0.0010971768248922275,0.33286132694916554,0.0010971768248922275,0.6977204569959614,5,0.33286132694916554,0.6977204569959614,1.369272451014544e-07,2795580880.814051,2430935.689259916,1.369272451014544e-07
159_76,159,76,C:\Users\kimeu\Downloads\starlink_pathB_wsl_package_v0_3_clean\starlink_pathB\zen.LST.baseline.159_76.sum.uvh5,ee,156.200250406372,mid,139.04824485684745,-71.15855658857106,0.7507685892745126,10,620,62,2461041.5694444445,2461041.576267398,0.16664566532258066,1,8,8,8,0.0035743937970326312,0.39560371903806024,0.0035743937970326312,0.6208865344769782,8,0.39560371903806024,0.6208865344769782,1.018151182442878e-07,18593073944.661537,3885510.578977843,1.018151182442878e-07
159_76,159,76,C:\Users\kimeu\Downloads\starlink_pathB_wsl_package_v0_3_clean\starlink_pathB\zen.LST.baseline.159_76.sum.uvh5,ee,156.200250406372,mid,139.04824485684745,-71.15855658857106,0.7507685892745126,11,682,62,2461041.576388889,2461041.5832118425,0.16763272849462366,1,5,5,5,0.0006393160041250509,0.6121911094018112,0.0006393160041250509,0.6787630996977061,5,0.6121911094018112,0.6787630996977061,8.178882371990677e-08,1052276224.1011975,7485021.566006562,8.178882371990677e-08
159_76,159,76,C:\Users\kimeu\Downloads\starlink_pathB_wsl_package_v0_3_clean\starlink_pathB\zen.LST.baseline.159_76.sum.uvh5,ee,156.200250406372,mid,139.04824485684745,-71.15855658857106,0.7507685892745126,12,744,62,2461041.5833333335,2461041.590156287,0.1666771673387097,0,1,1,1,0.0,0.001343063595186559,0.0,0.001343063595186559,1,0.001343063595186559,0.001343063595186559,3.7851669746890114e-10,6038076425.776965,3548228.134102076,3.7851669746890114e-10
159_76,159,76,C:\Users\kimeu\Downloads\starlink_pathB_wsl_package_v0_3_clean\starlink_pathB\zen.LST.baseline.159_76.sum.uvh5,ee,156.200250406372,mid,139.04824485684745,-71.15855658857106,0.7507685892745126,13,806,62,2461041.590277778,2461041.5971007315,0.16657216061827956,0,3,3,3,0.0,0.49245886625147556,0.0,0.9450884636561743,3,0.49245886625147556,0.9450884636561743,4.749867113123206e-08,13278828274.916859,10367845.131727621,4.749867113123206e-08
159_76,159,76,C:\Users\kimeu\Downloads\starlink_pathB_wsl_package_v0_3_clean\starlink_pathB\zen.LST.baseline.159_76.sum.uvh5,ee,156.200250406372,mid,139.04824485684745,-71.15855658857106,0.7507685892745126,14,868,62,2461041.597222222,2461041.6040451755,0.16682417674731181,0,2,2,2,0.0,0.45992065055805087,0.0,0.956171545687925,2,0.45992065055805087,0.956171545687925,1.541116522046329e-07,2373744886.968736,2984334.045989968,1.541116522046329e-07
159_76,159,76,C:\Users\kimeu\Downloads\starlink_pathB_wsl_package_v0_3_clean\starlink_pathB\zen.LST.baseline.159_76.sum.uvh5,ee,156.200250406372,mid,139.04824485684745,-71.15855658857106,0.7507685892745126,15,930,62,2461041.6041666665,2461041.61098962,0.16516507056451613,1,4,4,4,3.084991352301424e-05,0.5125979855485051,3.084991352301424e-05,0.9746270301393545,4,0.5125979855485051,0.9746270301393545,2.428105006972671e-07,1720789927.6238096,2111103.037457204,2.428105006972671e-07
159_76,159,76,C:\Users\kimeu\Downloads\starlink_pathB_wsl_package_v0_3_clean\starlink_pathB\zen.LST.baseline.159_76.sum.uvh5,ee,156.200250406372,mid,139.04824485684745,-71.15855658857106,0.7507685892745126,16,992,62,2461041.611111111,2461041.6179340645,0.1657216061827957,0,2,2,2,0.0,0.02123038413644645,0.0,0.051994079844118836,2,0.02123038413644645,0.051994079844118836,3.661239537442111e-09,1558087455.3805873,5798687.553581607,3.661239537442111e-09
159_76,159,76,C:\Users\kimeu\Downloads\starlink_pathB_wsl_package_v0_3_clean\starlink_pathB\zen.LST.baseline.159_76.sum.uvh5,ee,156.200250406372,mid,139.04824485684745,-71.15855658857106,0.7507685892745126,17,1054,62,2461041.6180555555,2461041.624878509,0.16578461021505375,0,2,2,2,0.0,0.06846870788021289,0.0,0.28051662074245665,2,0.06846870788021289,0.28051662074245665,2.8940332619989336e-08,527389533.3283971,2365857.669269529,2.8940332619989336e-08
159_76,159,76,C:\Users\kimeu\Downloads\starlink_pathB_wsl_package_v0_3_clean\starlink_pathB\zen.LST.baseline.159_76.sum.uvh5,ee,156.200250406372,mid,139.04824485684745,-71.15855658857106,0.7507685892745126,18,1116,62,2461041.625,2461041.6318229535,0.16523857526881722,0,4,4,4,0.0,0.2363981628786352,0.0,0.38438541749119554,4,0.2363981628786352,0.38438541749119554,5.8034751792590705e-08,784316713.597635,4073389.746259174,5.8034751792590705e-08
159_76,159,76,C:\Users\kimeu\Downloads\starlink_pathB_wsl_package_v0_3_clean\starlink_pathB\zen.LST.baseline.159_76.sum.uvh5,ee,156.200250406372,mid,139.04824485684745,-71.15855658857106,0.7507685892745126,19,1178,62,2461041.6319444445,2461041.638767398,0.16490255376344087,0,4,4,4,0.0,0.023868672307009665,0.0,0.04932161857556596,4,0.023868672307009665,0.04932161857556596,1.1528333388511505e-08,640225464.2653046,2070435.6391007788,1.1528333388511505e-08
159_76,159,76,C:\Users\kimeu\Downloads\starlink_pathB_wsl_package_v0_3_clean\starlink_pathB\zen.LST.baseline.159_76.sum.uvh5,ee,156.200250406372,mid,139.04824485684745,-71.15855658857106,0.7507685892745126,20,1240,62,2461041.638888889,2461041.6457118425,0.16704469086021506,0,4,4,4,0.0,0.16291867713468297,0.0,0.30801675453485433,4,0.16291867713468297,0.30801675453485433,9.09414625887826e-08,450336936.07588655,1791467.5275387377,9.09414625887826e-08
159_76,159,76,C:\Users\kimeu\Downloads\starlink_pathB_wsl_package_v0_3_clean\starlink_pathB\zen.LST.baseline.159_76.sum.uvh5,ee,156.200250406372,mid,139.04824485684745,-71.15855658857106,0.7507685892745126,21,1302,62,2461041.6458333335,2461041.652656287,0.16643565188172044,0,3,3,3,0.0,0.07815271613371509,0.0,0.12194591377078616,3,0.07815271613371509,0.12194591377078616,3.5828430379011926e-08,2447182984.4167314,2181304.4921860844,3.5828430379011926e-08
159_76,159,76,C:\Users\kimeu\Downloads\starlink_pathB_wsl_package_v0_3_clean\starlink_pathB\zen.LST.baseline.159_76.sum.uvh5,ee,156.200250406372,mid,139.04824485684745,-71.15855658857106,0.7507685892745126,22,1364,62,2461041.652777778,2461041.6596007315,0.16539608534946237,0,3,3,3,0.0,0.04347690205806057,0.0,0.12295632724432037,3,0.04347690205806057,0.12295632724432037,1.8562109361673483e-08,601910770.5040245,2342239.3010909874,1.8562109361673483e-08
159_76,159,76,C:\Users\kimeu\Downloads\starlink_pathB_wsl_package_v0_3_clean\starlink_pathB\zen.LST.baseline.159_76.sum.uvh5,ee,156.200250406372,mid,139.04824485684745,-71.15855658857106,0.7507685892745126,23,1426,62,2461041.659722222,2461041.6665451755,0.16491305443548387,0,3,3,3,0.0,0.275505408017723,0.0,0.5786751971552218,3,0.275505408017723,0.5786751971552218,1.7308667374300724e-07,110213053199.90628,1591719.3511199097,1.7308667374300724e-07
159_76,159,76,C:\Users\kimeu\Downloads\starlink_pathB_wsl_package_v0_3_clean\starlink_pathB\zen.LST.baseline.159_76.sum.uvh5,ee,156.200250406372,mid,139.04824485684745,-71.15855658857106,0.7507685892745126,24,1488,62,2461041.6666666665,2461041.67348962,0.16489205309139784,0,5,5,5,0.0,0.22773362399156483,0.0,0.43415361759428933,5,0.22773362399156483,0.43415361759428933,1.4451300894496853e-07,1438450482.8812947,1575869.3674303552,1.4451300894496853e-07
159_76,159,76,C:\Users\kimeu\Downloads\starlink_pathB_wsl_package_v0_3_clean\starlink_pathB\zen.LST.baseline.159_76.sum.uvh5,ee,156.200250406372,mid,139.04824485684745,-71.15855658857106,0.7507685892745126,25,1550,62,2461041.673611111,2461041.6804340645,0.16451402889784947,0,5,5,5,0.0,0.20114597368031706,0.0,0.5088303857540691,5,0.20114597368031706,0.5088303857540691,1.7822805899343743e-07,380772149.11114866,1128587.5793986148,1.7822805899343743e-07
159_76,159,76,C:\Users\kimeu\Downloads\starlink_pathB_wsl_package_v0_3_clean\starlink_pathB\zen.LST.baseline.159_76.sum.uvh5,ee,156.200250406372,mid,139.04824485684745,-71.15855658857106,0.7507685892745126,26,1612,62,2461041.6805555555,2461041.687378509,0.16467153897849462,1,5,5,5,5.2688158235845604e-05,0.05072798537127345,5.2688158235845604e-05,0.13239227252198724,5,0.05072798537127345,0.13239227252198724,5.568042285857548e-08,341045959.7616208,911056.0366992743,5.568042285857548e-08
159_76,159,76,C:\Users\kimeu\Downloads\starlink_pathB_wsl_package_v0_3_clean\starlink_pathB\zen.LST.baseline.159_76.sum.uvh5,ee,156.200250406372,mid,139.04824485684745,-71.15855658857106,0.7507685892745126,27,1674,62,2461041.6875,2461041.6943229535,0.16429351478494625,0,2,2,2,0.0,0.2437121546123139,0.0,0.8187488961970543,2,0.2437121546123139,0.8187488961970543,2.636440777314402e-07,53832794246.37816,924398.3658171536,2.636440777314402e-07
159_76,159,76,C:\Users\kimeu\Downloads\starlink_pathB_wsl_package_v0_3_clean\starlink_pathB\zen.LST.baseline.159_76.sum.uvh5,ee,156.200250406372,mid,139.04824485684745,-71.15855658857106,0.7507685892745126,28,1736,62,2461041.6944444445,2461041.701267398,0.16458753360215053,0,2,2,2,0.0,0.0007516225380816418,0.0,0.0006365662667992243,2,0.0007516225380816418,0.0006365662667992243,4.912297187009012e-10,810829805.6434611,1530083.6033890042,4.912297187009012e-10
159_76,159,76,C:\Users\kimeu\Downloads\starlink_pathB_wsl_package_v0_3_clean\starlink_pathB\zen.LST.baseline.159_76.sum.uvh5,ee,156.200250406372,mid,139.04824485684745,-71.15855658857106,0.7507685892745126,29,1798,62,2461041.701388889,2461041.7082118425,0.16420950940860216,0,2,2,2,0.0,0.15122580595081875,0.0,0.5780989817151402,2,0.15122580595081875,0.5780989817151402,7.56188770076303e-08,1615711527.8105423,1999841.9962724303,7.56188770076303e-08
159_76,159,76,C:\Users\kimeu\Downloads\starlink_pathB_wsl_package_v0_3_clean\starlink_pathB\zen.LST.baseline.159_76.sum.uvh5,ee,156.200250406372,mid,139.04824485684745,-71.15855658857106,0.7507685892745126,30,1860,62,2461041.7083333335,2461041.715156287,0.16458753360215053,0,3,3,3,0.0,0.09986243820864145,0.0,0.22613877759676462,3,0.09986243820864145,0.22613877759676462,1.1473934074846807e-07,950784667.4219489,870341.7464072779,1.1473934074846807e-07
159_76,159,76,C:\Users\kimeu\Downloads\starlink_pathB_wsl_package_v0_3_clean\starlink_pathB\zen.LST.baseline.159_76.sum.uvh5,ee,156.200250406372,mid,139.04824485684745,-71.15855658857106,0.7507685892745126,31,1922,62,2461041.715277778,2461041.7221007315,0.1646505376344086,0,4,4,4,0.0,0.09689170230687942,0.0,0.21453219285602132,4,0.09689170230687942,0.21453219285602132,7.651006398012789e-08,507161053.38187194,1266391.5995684606,7.651006398012789e-08
159_76,159,76,C:\Users\kimeu\Downloads\starlink_pathB_wsl_package_v0_3_clean\starlink_pathB\zen.LST.baseline.159_76.sum.uvh5,ee,156.200250406372,mid,139.04824485684745,-71.15855658857106,0.7507685892745126,32,1984,62,2461041.722222222,2461041.7290451755,0.16497605846774194,0,3,3,3,0.0,0.39049641960412795,0.0,0.8621952177012273,3,0.39049641960412795,0.8621952177012273,2.831844450429494e-07,321110285.744133,1378947.2777888735,2.831844450429494e-07
159_76,159,76,C:\Users\kimeu\Downloads\starlink_pathB_wsl_package_v0_3_clean\starlink_pathB\zen.LST.baseline.159_76.sum.uvh5,ee,156.200250406372,mid,139.04824485684745,-71.15855658857106,0.7507685892745126,33,2046,62,2461041.7291666665,2461041.73598962,0.16538558467741934,0,5,5,5,0.0,0.33149479679068383,0.0,0.3484546838830035,5,0.33149479679068383,0.3484546838830035,3.085005886180501e-07,5569235648.438144,1074535.3786053956,3.085005886180501e-07
159_76,159,76,C:\Users\kimeu\Downloads\starlink_pathB_wsl_package_v0_3_clean\starlink_pathB\zen.LST.baseline.159_76.sum.uvh5,ee,156.200250406372,mid,139.04824485684745,-71.15855658857106,0.7507685892745126,34,2108,62,2461041.736111111,2461041.7429340645,0.16443002352150538,1,4,4,4,0.00014289495363501375,0.26670756042623767,0.00014289495363501375,0.7820357281270546,4,0.26670756042623767,0.7820357281270546,2.471905003765781e-07,1186353874.032111,1078955.542465939,2.471905003765781e-07
159_76,159,76,C:\Users\kimeu\Downloads\starlink_pathB_wsl_package_v0_3_clean\starlink_pathB\zen.LST.baseline.159_76.sum.uvh5,ee,156.200250406372,mid,139.04824485684745,-71.15855658857106,0.7507685892745126,35,2170,62,2461041.7430555555,2461041.749878509,0.16423051075268819,0,5,5,5,0.0,0.28702035123589004,0.0,0.5329721044266462,5,0.28702035123589004,0.5329721044266462,2.8199276225238396e-07,700363637.9729365,1017828.7873183298,2.8199276225238396e-07
159_76,159,76,C:\Users\kimeu\Downloads\starlink_pathB_wsl_package_v0_3_clean\starlink_pathB\zen.LST.baseline.159_76.sum.uvh5,ee,156.200250406372,mid,139.04824485684745,-71.15855658857106,0.7507685892745126,36,2232,62,2461041.75,2461041.7568229535,0.1656271001344086,0,4,4,4,0.0,0.3212071455869001,0.0,0.5491919590577511,4,0.3212071455869001,0.5491919590577511,3.003462097381061e-07,869314765.9126033,1069456.2980068375,3.003462097381061e-07
159_76,159,76,C:\Users\kimeu\Downloads\starlink_pathB_wsl_package_v0_3_clean\starlink_pathB\zen.LST.baseline.159_76.sum.uvh5,ee,156.200250406372,mid,139.04824485684745,-71.15855658857106,0.7507685892745126,37,2294,62,2461041.7569444445,2461041.7637673975,0.1652280745967742,0,5,5,5,0.0,0.356360522070895,0.0,0.9867730246375583,5,0.356360522070895,0.9867730246375583,3.223758607329557e-07,866832952.4718513,1105419.3737107723,3.223758607329557e-07
159_76,159,76,C:\Users\kimeu\Downloads\starlink_pathB_wsl_package_v0_3_clean\starlink_pathB\zen.LST.baseline.159_76.sum.uvh5,ee,156.200250406372,mid,139.04824485684745,-71.15855658857106,0.7507685892745126,38,2356,62,2461041.763888889,2461041.770711842,0.16480804771505375,0,3,3,3,0.0,0.2870181822616452,0.0,0.74664414194873,3,0.2870181822616452,0.74664414194873,2.3276101746546148e-07,451741484.5744349,1233102.455845016,2.3276101746546148e-07
159_76,159,76,C:\Users\kimeu\Downloads\starlink_pathB_wsl_package_v0_3_clean\starlink_pathB\zen.LST.baseline.159_76.sum.uvh5,ee,156.200250406372,mid,139.04824485684745,-71.15855658857106,0.7507685892745126,39,2418,62,2461041.7708333335,2461041.7776562865,0.16491305443548387,0,2,2,2,0.0,0.01686142451615914,0.0,0.029500585149165884,2,0.01686142451615914,0.029500585149165884,7.270168719417845e-09,1766401600.5854912,2319261.7897744346,7.270168719417845e-09
159_76,159,76,C:\Users\kimeu\Downloads\starlink_pathB_wsl_package_v0_3_clean\starlink_pathB\zen.LST.baseline.159_76.sum.uvh5,ee,156.200250406372,mid,139.04824485684745,-71.15855658857106,0.7507685892745126,40,2480,62,2461041.777777778,2461041.784600731,0.16545908938172044,0,6,6,6,0.0,0.3484575065066898,0.0,0.8056414039197263,6,0.3484575065066898,0.8056414039197263,2.094910907234659e-07,2625900476.8634887,1663352.390325102,2.094910907234659e-07
159_76,159,76,C:\Users\kimeu\Downloads\starlink_pathB_wsl_package_v0_3_clean\starlink_pathB\zen.LST.baseline.159_76.sum.uvh5,ee,156.200250406372,mid,139.04824485684745,-71.15855658857106,0.7507685892745126,41,2542,62,2461041.784722222,2461041.791545175,0.16497605846774194,1,2,2,2,0.776904046133802,0.19470624145740908,0.776904046133802,0.5863109176460239,2,0.19470624145740908,0.5863109176460239,1.0474723867407464e-07,910167043.2770594,1858819.802049824,1.0474723867407464e-07
159_76,159,76,C:\Users\kimeu\Downloads\starlink_pathB_wsl_package_v0_3_clean\starlink_pathB\zen.LST.baseline.159_76.sum.uvh5,ee,156.200250406372,mid,139.04824485684745,-71.15855658857106,0.7507685892745126,42,2604,62,2461041.7916666665,2461041.7984896195,0.16511256720430106,0,6,6,6,0.0,0.35654971283665626,0.0,0.6113952006290849,6,0.35654971283665626,0.6113952006290849,1.8014696723199218e-07,2908540537.585423,1979215.7387667466,1.8014696723199218e-07
159_76,159,76,C:\Users\kimeu\Downloads\starlink_pathB_wsl_package_v0_3_clean\starlink_pathB\zen.LST.baseline.159_76.sum.uvh5,ee,156.200250406372,mid,139.04824485684745,-71.15855658857106,0.7507685892745126,43,2666,62,2461041.798611111,2461041.805434064,0.16586861559139784,0,2,2,2,0.0,0.3059806379101992,0.0,0.996901135440778,2,0.3059806379101992,0.996901135440778,2.182133013190907e-07,798028928.3051022,1402208.9215485877,2.182133013190907e-07
159_76,159,76,C:\Users\kimeu\Downloads\starlink_pathB_wsl_package_v0_3_clean\starlink_pathB\zen.LST.baseline.159_76.sum.uvh5,ee,156.200250406372,mid,139.04824485684745,-71.15855658857106,0.7507685892745126,44,2728,62,2461041.8055555555,2461041.8123785085,0.16530157930107528,0,3,3,3,0.0,0.2419547912000571,0.0,0.7241364102878726,3,0.2419547912000571,0.7241364102878726,1.9250990235090578e-07,470639928.6938302,1256843.3532267006,1.9250990235090578e-07
159_76,159,76,C:\Users\kimeu\Downloads\starlink_pathB_wsl_package_v0_3_clean\starlink_pathB\zen.LST.baseline.159_76.sum.uvh5,ee,156.200250406372,mid,139.04824485684745,-71.15855658857106,0.7507685892745126,45,2790,62,2461041.8125,2461041.819322953,0.16491305443548387,0,2,2,2,0.0,0.0004316907159982403,0.0,0.0006749143264715858,2,0.0004316907159982403,0.0006749143264715858,4.071468200197975e-10,1175374823.591062,1060282.666526167,4.071468200197975e-10
159_76,159,76,C:\Users\kimeu\Downloads\starlink_pathB_wsl_package_v0_3_clean\starlink_pathB\zen.LST.baseline.159_76.sum.uvh5,ee,156.200250406372,mid,139.04824485684745,-71.15855658857106,0.7507685892745126,46,2852,62,2461041.8194444445,2461041.8262673975,0.16532258064516128,0,6,6,6,0.0,0.23572824167680723,0.0,0.4552977482091947,6,0.23572824167680723,0.4552977482091947,1.311763196299048e-07,5094385493.942594,1797033.5068241032,1.311763196299048e-07
159_76,159,76,C:\Users\kimeu\Downloads\starlink_pathB_wsl_package_v0_3_clean\starlink_pathB\zen.LST.baseline.159_76.sum.uvh5,ee,156.200250406372,mid,139.04824485684745,-71.15855658857106,0.7507685892745126,47,2914,62,2461041.826388889,2461041.833211842,0.16548009072580644,0,4,4,4,0.0,0.18822900815401855,0.0,0.5108260863619242,4,0.18822900815401855,0.5108260863619242,1.8552320117883817e-07,1729681783.7438467,1014584.7363455747,1.8552320117883817e-07
159_76,159,76,C:\Users\kimeu\Downloads\starlink_pathB_wsl_package_v0_3_clean\starlink_pathB\zen.LST.baseline.159_76.sum.uvh5,ee,156.200250406372,mid,139.04824485684745,-71.15855658857106,0.7507685892745126,48,2976,62,2461041.8333333335,2461041.8401562865,0.16564810147849462,0,2,2,2,0.0,0.014922085996042292,0.0,0.04576768186907193,2,0.014922085996042292,0.04576768186907193,1.2458165896741176e-08,1317788888.4903338,1197775.508828762,1.2458165896741176e-08
159_76,159,76,C:\Users\kimeu\Downloads\starlink_pathB_wsl_package_v0_3_clean\starlink_pathB\zen.LST.baseline.159_76.sum.uvh5,ee,156.200250406372,mid,139.04824485684745,-71.15855658857106,0.7507685892745126,49,3038,62,2461041.840277778,2461041.847100731,0.16548009072580644,0,4,4,4,0.0,0.4385330849085768,0.0,0.9279511646397298,4,0.4385330849085768,0.9279511646397298,3.6021792536806273e-07,4057190492.377759,1217410.5007697586,3.6021792536806273e-07
159_76,159,76,C:\Users\kimeu\Downloads\starlink_pathB_wsl_package_v0_3_clean\starlink_pathB\zen.LST.baseline.159_76.sum.uvh5,ee,156.200250406372,mid,139.04824485684745,-71.15855658857106,0.7507685892745126,50,3100,62,2461041.847222222,2461041.854045175,0.16491305443548387,0,6,6,6,0.0,0.34972237411950585,0.0,0.6086948826788393,6,0.34972237411950585,0.6086948826788393,3.7266304446678745e-07,5422310560.350253,938441.2522575038,3.7266304446678745e-07
159_76,159,76,C:\Users\kimeu\Downloads\starlink_pathB_wsl_package_v0_3_clean\starlink_pathB\zen.LST.baseline.159_76.sum.uvh5,ee,156.200250406372,mid,139.04824485684745,-71.15855658857106,0.7507685892745126,51,3162,62,2461041.8541666665,2461041.8609896195,0.16500756048387097,1,4,4,4,0.008305882758116095,0.5098494816274408,0.008305882758116095,0.7273139335979131,4,0.5098494816274408,0.7273139335979131,4.6122521432378645e-07,441750270.84102213,1105424.1307577766,4.6122521432378645e-07
159_76,159,76,C:\Users\kimeu\Downloads\starlink_pathB_wsl_package_v0_3_clean\starlink_pathB\zen.LST.baseline.159_76.sum.uvh5,ee,156.200250406372,mid,139.04824485684745,-71.15855658857106,0.7507685892745126,52,3224,62,2461041.861111111,2461041.867934064,0.1645560315860215,0,8,8,8,0.0,0.7461311303091528,0.0,0.8464114110583065,8,0.7461311303091528,0.8464114110583065,1.0311797028844972e-06,318045048.2898178,723570.419609711,1.0311797028844972e-06
159_76,159,76,C:\Users\kimeu\Downloads\starlink_pathB_wsl_package_v0_3_clean\starlink_pathB\zen.LST.baseline.159_76.sum.uvh5,ee,156.200250406372,mid,139.04824485684745,-71.15855658857106,0.7507685892745126,53,3286,62,2461041.8680555555,2461041.8748785085,0.16607862903225806,1,3,3,3,0.0023396773596836536,0.30413256099332964,0.0023396773596836536,0.4996640359057469,3,0.30413256099332964,0.4996640359057469,3.6703755684258535e-07,351948399.17954046,828614.2802649639,3.6703755684258535e-07
159_76,159,76,C:\Users\kimeu\Downloads\starlink_pathB_wsl_package_v0_3_clean\starlink_pathB\zen.LST.baseline.159_76.sum.uvh5,ee,156.200250406372,mid,139.04824485684745,-71.15855658857106,0.7507685892745126,54,3348,62,2461041.875,2461041.881822953,0.16665616599462366,0,4,4,4,0.0,0.21673228020298504,0.0,0.616185001151179,4,0.21673228020298504,0.616185001151179,1.9480864475249948e-07,321303795.0639855,1112539.3356046346,1.9480864475249948e-07
159_76,159,76,C:\Users\kimeu\Downloads\starlink_pathB_wsl_package_v0_3_clean\starlink_pathB\zen.LST.baseline.159_76.sum.uvh5,ee,156.200250406372,mid,139.04824485684745,-71.15855658857106,0.7507685892745126,55,3410,62,2461041.8819444445,2461041.8887673975,0.16490255376344087,0,3,3,3,0.0,0.28670049114161184,0.0,0.9326005479341334,3,0.28670049114161184,0.9326005479341334,2.860579077026543e-07,756742330.8516562,1002246.3404144922,2.860579077026543e-07
159_76,159,76,C:\Users\kimeu\Downloads\starlink_pathB_wsl_package_v0_3_clean\starlink_pathB\zen.LST.baseline.159_76.sum.uvh5,ee,156.200250406372,mid,139.04824485684745,-71.15855658857106,0.7507685892745126,56,3472,62,2461041.888888889,2461041.895711842,0.1644615255376344,0,6,6,6,0.0,0.620775413097927,0.0,0.8643087592320493,6,0.620775413097927,0.8643087592320493,7.749021160677408e-07,1914961183.6910224,801101.7136565153,7.749021160677408e-07
159_76,159,76,C:\Users\kimeu\Downloads\starlink_pathB_wsl_package_v0_3_clean\starlink_pathB\zen.LST.baseline.159_76.sum.uvh5,ee,156.200250406372,mid,139.04824485684745,-71.15855658857106,0.7507685892745126,57,3534,62,2461041.8958333335,2461041.9026562865,0.16714969758064516,0,6,6,6,0.0,0.20947771743508667,0.0,0.41761437957613023,6,0.20947771743508667,0.41761437957613023,2.553696835690062e-07,20086446117.965733,820292.035089911,2.553696835690062e-07
159_76,159,76,C:\Users\kimeu\Downloads\starlink_pathB_wsl_package_v0_3_clean\starlink_pathB\zen.LST.baseline.159_76.sum.uvh5,ee,156.200250406372,mid,139.04824485684745,-71.15855658857106,0.7507685892745126,58,3596,62,2461041.902777778,2461041.909600731,0.16701318884408603,0,5,5,5,0.0,0.12036852132435003,0.0,0.18183588309851056,5,0.12036852132435003,0.18183588309851056,9.50687587653949e-08,273055609.5748867,1266120.678207111,9.50687587653949e-08
159_76,159,76,C:\Users\kimeu\Downloads\starlink_pathB_wsl_package_v0_3_clean\starlink_pathB\zen.LST.baseline.159_76.sum.uvh5,ee,156.200250406372,mid,139.04824485684745,-71.15855658857106,0.7507685892745126,59,3658,62,2461041.909722222,2461041.916545175,0.166026125672043,0,6,6,6,0.0,0.6872306623487341,0.0,0.9426480648117707,6,0.6872306623487341,0.9426480648117707,2.990989127582705e-07,29149002986.37343,2297670.2122088578,2.990989127582705e-07
159_76,159,76,C:\Users\kimeu\Downloads\starlink_pathB_wsl_package_v0_3_clean\starlink_pathB\zen.LST.baseline.159_76.sum.uvh5,ee,156.200250406372,mid,139.04824485684745,-71.15855658857106,0.7507685892745126,60,3720,62,2461041.9166666665,2461041.9234896195,0.16711819556451613,0,1,1,1,0.0,3.0769904893363125e-05,0.0,3.0769904893363125e-05,1,3.0769904893363125e-05,3.0769904893363125e-05,2.5291991450494956e-11,605283811.8375099,1216586.8770591004,2.5291991450494956e-11
159_76,159,76,C:\Users\kimeu\Downloads\starlink_pathB_wsl_package_v0_3_clean\starlink_pathB\zen.LST.baseline.159_76.sum.uvh5,ee,156.200250406372,mid,139.04824485684745,-71.15855658857106,0.7507685892745126,61,3782,62,2461041.923611111,2461041.930434064,0.17409064180107528,0,3,3,3,0.0,0.44567189911077393,0.0,0.9338566727692416,3,0.44567189911077393,0.9338566727692416,1.2874633388108195e-07,193735063189.96033,3461627.8823319655,1.2874633388108195e-07
159_76,159,76,C:\Users\kimeu\Downloads\starlink_pathB_wsl_package_v0_3_clean\starlink_pathB\zen.LST.baseline.159_76.sum.uvh5,ee,156.200250406372,mid,139.04824485684745,-71.15855658857106,0.7507685892745126,62,3844,62,2461041.9305555555,2461041.9373785085,0.21940104166666666,0,4,4,4,0.0,0.41429598522145367,0.0,0.8272224890322021,4,0.41429598522145367,0.8272224890322021,3.9356064222709963e-07,213789785.13302013,1052686.5259620878,3.9356064222709963e-07
159_76,159,76,C:\Users\kimeu\Downloads\starlink_pathB_wsl_package_v0_3_clean\starlink_pathB\zen.LST.baseline.159_76.sum.uvh5,ee,156.200250406372,mid,139.04824485684745,-71.15855658857106,0.7507685892745126,63,3906,62,2461041.9375,2461041.944322953,0.2594716061827957,1,4,4,4,0.0002818752689222807,0.14698950232902025,0.0002818752689222807,0.24707532713891836,4,0.14698950232902025,0.24707532713891836,4.943893631575192e-07,2853097681.878296,297315.26056758506,4.943893631575192e-07
159_76,159,76,C:\Users\kimeu\Downloads\starlink_pathB_wsl_package_v0_3_clean\starlink_pathB\zen.LST.baseline.159_76.sum.uvh5,ee,156.200250406372,mid,139.04824485684745,-71.15855658857106,0.7507685892745126,64,3968,62,2461041.9444444445,2461041.9512673975,0.6170509912634409,0,2,2,2,0.0,0.2812107439459313,0.0,0.9963509766045548,2,0.2812107439459313,0.9963509766045548,2.047800486067598e-05,1377474.9951426466,13732.331145498541,2.047800486067598e-05
23_80,23,80,C:\Users\kimeu\Downloads\starlink_pathB_wsl_package_v0_3_clean\starlink_pathB\zen.LST.baseline.23_80.sum.uvh5,ee,207.27584629366876,long,204.3809184407782,34.519167745151535,-0.3790675964322041,0,0,62,2461041.5,2461041.5068229535,0.2671055947580645,1,4,4,4,0.33087588566844983,0.5502745938468236,0.33087588566844983,0.7280464634021924,4,0.5502745938468236,0.7280464634021924,0.00011124234789263658,3243801.5462082755,4946.628727918531,0.00011124234789263658
23_80,23,80,C:\Users\kimeu\Downloads\starlink_pathB_wsl_package_v0_3_clean\starlink_pathB\zen.LST.baseline.23_80.sum.uvh5,ee,207.27584629366876,long,204.3809184407782,34.519167745151535,-0.3790675964322041,1,62,62,2461041.5069444445,2461041.513767398,0.19439894153225806,0,4,4,4,0.0,0.17558204052578452,0.0,0.4821174098933508,4,0.17558204052578452,0.4821174098933508,7.0602028769942155e-06,38985664.40263936,24869.262765510808,7.0602028769942155e-06
23_80,23,80,C:\Users\kimeu\Downloads\starlink_pathB_wsl_package_v0_3_clean\starlink_pathB\zen.LST.baseline.23_80.sum.uvh5,ee,207.27584629366876,long,204.3809184407782,34.519167745151535,-0.3790675964322041,2,124,62,2461041.513888889,2461041.5207118425,0.19017767137096775,1,3,3,3,0.02274717290127737,0.1812254192505289,0.02274717290127737,0.5352241138648121,3,0.1812254192505289,0.5352241138648121,8.330623159608491e-07,541734989.7740918,217541.25205088,8.330623159608491e-07
23_80,23,80,C:\Users\kimeu\Downloads\starlink_pathB_wsl_package_v0_3_clean\starlink_pathB\zen.LST.baseline.23_80.sum.uvh5,ee,207.27584629366876,long,204.3809184407782,34.519167745151535,-0.3790675964322041,3,186,62,2461041.5208333335,2461041.527656287,0.1747206821236559,0,1,1,1,0.0,0.20661704468541942,0.0,0.778550973821895,1,0.20661704468541942,0.778550973821895,2.0698445136395274e-07,10728804749.286926,998224.9551784579,2.0698445136395274e-07
23_80,23,80,C:\Users\kimeu\Downloads\starlink_pathB_wsl_package_v0_3_clean\starlink_pathB\zen.LST.baseline.23_80.sum.uvh5,ee,207.27584629366876,long,204.3809184407782,34.519167745151535,-0.3790675964322041,4,248,62,2461041.527777778,2461041.5346007315,0.17307207661290322,1,5,5,5,0.006509913503000268,0.29197839306488044,0.006509913503000268,0.7839253298317038,5,0.29197839306488044,0.7839253298317038,1.590700066608898e-07,3626923694.8391237,1835533.9211579259,1.590700066608898e-07
23_80,23,80,C:\Users\kimeu\Downloads\starlink_pathB_wsl_package_v0_3_clean\starlink_pathB\zen.LST.baseline.23_80.sum.uvh5,ee,207.27584629366876,long,204.3809184407782,34.519167745151535,-0.3790675964322041,5,310,62,2461041.534722222,2461041.5415451755,0.16818926411290322,0,5,5,5,0.0,0.4265461647481952,0.0,0.642949814682819,5,0.4265461647481952,0.642949814682819,9.283610666488747e-08,12225898935.221352,4594614.962558784,9.283610666488747e-08
23_80,23,80,C:\Users\kimeu\Downloads\starlink_pathB_wsl_package_v0_3_clean\starlink_pathB\zen.LST.baseline.23_80.sum.uvh5,ee,207.27584629366876,long,204.3809184407782,34.519167745151535,-0.3790675964322041,6,372,62,2461041.5416666665,2461041.54848962,0.16812626008064516,0,3,3,3,0.0,0.29099277716989397,0.0,0.5800263647610057,3,0.29099277716989397,0.5800263647610057,9.726034034538326e-08,1320573506.2570899,2991895.5263424264,9.726034034538326e-08
23_80,23,80,C:\Users\kimeu\Downloads\starlink_pathB_wsl_package_v0_3_clean\starlink_pathB\zen.LST.baseline.23_80.sum.uvh5,ee,207.27584629366876,long,204.3809184407782,34.519167745151535,-0.3790675964322041,7,434,62,2461041.548611111,2461041.5554340645,0.16822076612903225,1,8,8,8,0.0004122087285943486,0.43707188882479064,0.0004122087285943486,0.7170519983903962,8,0.43707188882479064,0.7170519983903962,9.45249120221567e-08,1977507148.703822,4623880.408609539,9.45249120221567e-08
23_80,23,80,C:\Users\kimeu\Downloads\starlink_pathB_wsl_package_v0_3_clean\starlink_pathB\zen.LST.baseline.23_80.sum.uvh5,ee,207.27584629366876,long,204.3809184407782,34.519167745151535,-0.3790675964322041,8,496,62,2461041.5555555555,2461041.562378509,0.16725470430107528,0,2,2,2,0.0,0.2057117264676688,0.0,0.6984661256995437,2,0.2057117264676688,0.6984661256995437,7.258758307431675e-08,2906483412.305181,2833979.556214961,7.258758307431675e-08
23_80,23,80,C:\Users\kimeu\Downloads\starlink_pathB_wsl_package_v0_3_clean\starlink_pathB\zen.LST.baseline.23_80.sum.uvh5,ee,207.27584629366876,long,204.3809184407782,34.519167745151535,-0.3790675964322041,9,558,62,2461041.5625,2461041.5693229535,0.16720220094086022,1,5,5,5,0.0010971768248922275,0.33286132694916554,0.0010971768248922275,0.6977204569959614,5,0.33286132694916554,0.6977204569959614,1.0186890837246475e-07,5045638737.214852,3267545.8318657926,1.0186890837246475e-07
23_80,23,80,C:\Users\kimeu\Downloads\starlink_pathB_wsl_package_v0_3_clean\starlink_pathB\zen.LST.baseline.23_80.sum.uvh5,ee,207.27584629366876,long,204.3809184407782,34.519167745151535,-0.3790675964322041,10,620,62,2461041.5694444445,2461041.576267398,0.1680527553763441,1,8,8,8,0.0035743937970326312,0.39560371903806024,0.0035743937970326312,0.6208865344769782,8,0.39560371903806024,0.6208865344769782,8.403068138504837e-08,4204030285.3249955,4707848.520533957,8.403068138504837e-08
23_80,23,80,C:\Users\kimeu\Downloads\starlink_pathB_wsl_package_v0_3_clean\starlink_pathB\zen.LST.baseline.23_80.sum.uvh5,ee,207.27584629366876,long,204.3809184407782,34.519167745151535,-0.3790675964322041,11,682,62,2461041.576388889,2461041.5832118425,0.1681472614247312,1,5,5,5,0.0006393160041250509,0.6121911094018112,0.0006393160041250509,0.6787630996977061,5,0.6121911094018112,0.6787630996977061,1.5266936594086263e-07,2238272159.8522015,4009914.5341243315,1.5266936594086263e-07
23_80,23,80,C:\Users\kimeu\Downloads\starlink_pathB_wsl_package_v0_3_clean\starlink_pathB\zen.LST.baseline.23_80.sum.uvh5,ee,207.27584629366876,long,204.3809184407782,34.519167745151535,-0.3790675964322041,12,744,62,2461041.5833333335,2461041.590156287,0.1674857190860215,0,1,1,1,0.0,0.001343063595186559,0.0,0.001343063595186559,1,0.001343063595186559,0.001343063595186559,3.1751535456799675e-10,6259531877.452646,4229916.99728631,3.1751535456799675e-10
23_80,23,80,C:\Users\kimeu\Downloads\starlink_pathB_wsl_package_v0_3_clean\starlink_pathB\zen.LST.baseline.23_80.sum.uvh5,ee,207.27584629366876,long,204.3809184407782,34.519167745151535,-0.3790675964322041,13,806,62,2461041.590277778,2461041.5971007315,0.16697118615591397,0,3,3,3,0.0,0.49245886625147556,0.0,0.9450884636561743,3,0.49245886625147556,0.9450884636561743,1.3445471891841252e-07,22791341872.312572,3662637.2820004993,1.3445471891841252e-07
23_80,23,80,C:\Users\kimeu\Downloads\starlink_pathB_wsl_package_v0_3_clean\starlink_pathB\zen.LST.baseline.23_80.sum.uvh5,ee,207.27584629366876,long,204.3809184407782,34.519167745151535,-0.3790675964322041,14,868,62,2461041.597222222,2461041.6040451755,0.16731770833333334,0,2,2,2,0.0,0.45992065055805087,0.0,0.956171545687925,2,0.45992065055805087,0.956171545687925,2.3876213479013463e-07,2012684255.2501585,1926271.3116646763,2.3876213479013463e-07
23_80,23,80,C:\Users\kimeu\Downloads\starlink_pathB_wsl_package_v0_3_clean\starlink_pathB\zen.LST.baseline.23_80.sum.uvh5,ee,207.27584629366876,long,204.3809184407782,34.519167745151535,-0.3790675964322041,15,930,62,2461041.6041666665,2461041.61098962,0.16557459677419356,1,4,4,4,3.084991352301424e-05,0.5125979855485051,3.084991352301424e-05,0.9746270301393545,4,0.5125979855485051,0.9746270301393545,1.9449778975728457e-07,2858573936.156003,2635495.170347079,1.9449778975728457e-07
23_80,23,80,C:\Users\kimeu\Downloads\starlink_pathB_wsl_package_v0_3_clean\starlink_pathB\zen.LST.baseline.23_80.sum.uvh5,ee,207.27584629366876,long,204.3809184407782,34.519167745151535,-0.3790675964322041,16,992,62,2461041.611111111,2461041.6179340645,0.16574260752688172,0,2,2,2,0.0,0.02123038413644645,0.0,0.051994079844118836,2,0.02123038413644645,0.051994079844118836,4.578807717211874e-09,809402321.8208798,4636662.084900575,4.578807717211874e-09
23_80,23,80,C:\Users\kimeu\Downloads\starlink_pathB_wsl_package_v0_3_clean\starlink_pathB\zen.LST.baseline.23_80.sum.uvh5,ee,207.27584629366876,long,204.3809184407782,34.519167745151535,-0.3790675964322041,17,1054,62,2461041.6180555555,2461041.624878509,0.1660996303763441,0,2,2,2,0.0,0.06846870788021289,0.0,0.28051662074245665,2,0.06846870788021289,0.28051662074245665,3.619172685680426e-08,10596798394.221817,1891833.129463961,3.619172685680426e-08
23_80,23,80,C:\Users\kimeu\Downloads\starlink_pathB_wsl_package_v0_3_clean\starlink_pathB\zen.LST.baseline.23_80.sum.uvh5,ee,207.27584629366876,long,204.3809184407782,34.519167745151535,-0.3790675964322041,18,1116,62,2461041.625,2461041.6318229535,0.16577410954301075,0,4,4,4,0.0,0.2363981628786352,0.0,0.38438541749119554,4,0.2363981628786352,0.38438541749119554,5.0071412523788715e-08,21043055440.34518,4721220.172614931,5.0071412523788715e-08
23_80,23,80,C:\Users\kimeu\Downloads\starlink_pathB_wsl_package_v0_3_clean\starlink_pathB\zen.LST.baseline.23_80.sum.uvh5,ee,207.27584629366876,long,204.3809184407782,34.519167745151535,-0.3790675964322041,19,1178,62,2461041.6319444445,2461041.638767398,0.16557459677419356,0,4,4,4,0.0,0.023868672307009665,0.0,0.04932161857556596,4,0.023868672307009665,0.04932161857556596,5.263492876099847e-09,72610634348.04141,4534759.116971755,5.263492876099847e-09
23_80,23,80,C:\Users\kimeu\Downloads\starlink_pathB_wsl_package_v0_3_clean\starlink_pathB\zen.LST.baseline.23_80.sum.uvh5,ee,207.27584629366876,long,204.3809184407782,34.519167745151535,-0.3790675964322041,20,1240,62,2461041.638888889,2461041.6457118425,0.16627814180107528,0,4,4,4,0.0,0.16291867713468297,0.0,0.30801675453485433,4,0.16291867713468297,0.30801675453485433,4.9906393220713704e-08,807067669.1815603,3264485.101421102,4.9906393220713704e-08
23_80,23,80,C:\Users\kimeu\Downloads\starlink_pathB_wsl_package_v0_3_clean\starlink_pathB\zen.LST.baseline.23_80.sum.uvh5,ee,207.27584629366876,long,204.3809184407782,34.519167745151535,-0.3790675964322041,21,1302,62,2461041.6458333335,2461041.652656287,0.1666981686827957,0,3,3,3,0.0,0.07815271613371509,0.0,0.12194591377078616,3,0.07815271613371509,0.12194591377078616,1.4302071788513568e-08,4709900323.86609,5464433.215646557,1.4302071788513568e-08
23_80,23,80,C:\Users\kimeu\Downloads\starlink_pathB_wsl_package_v0_3_clean\starlink_pathB\zen.LST.baseline.23_80.sum.uvh5,ee,207.27584629366876,long,204.3809184407782,34.519167745151535,-0.3790675964322041,22,1364,62,2461041.652777778,2461041.6596007315,0.16643565188172044,0,3,3,3,0.0,0.04347690205806057,0.0,0.12295632724432037,3,0.04347690205806057,0.12295632724432037,9.373555287277471e-09,2264566165.828103,4638250.986482242,9.373555287277471e-09
23_80,23,80,C:\Users\kimeu\Downloads\starlink_pathB_wsl_package_v0_3_clean\starlink_pathB\zen.LST.baseline.23_80.sum.uvh5,ee,207.27584629366876,long,204.3809184407782,34.519167745151535,-0.3790675964322041,23,1426,62,2461041.659722222,2461041.6665451755,0.16643565188172044,0,3,3,3,0.0,0.275505408017723,0.0,0.5786751971552218,3,0.275505408017723,0.5786751971552218,7.329119056864452e-08,42206348910876.32,3759052.157294193,7.329119056864452e-08
23_80,23,80,C:\Users\kimeu\Downloads\starlink_pathB_wsl_package_v0_3_clean\starlink_pathB\zen.LST.baseline.23_80.sum.uvh5,ee,207.27584629366876,long,204.3809184407782,34.519167745151535,-0.3790675964322041,24,1488,62,2461041.6666666665,2461041.67348962,0.16695018481182797,0,5,5,5,0.0,0.22773362399156483,0.0,0.43415361759428933,5,0.22773362399156483,0.43415361759428933,9.463075281173684e-08,270246786216.11896,2406549.8500749487,9.463075281173684e-08
23_80,23,80,C:\Users\kimeu\Downloads\starlink_pathB_wsl_package_v0_3_clean\starlink_pathB\zen.LST.baseline.23_80.sum.uvh5,ee,207.27584629366876,long,204.3809184407782,34.519167745151535,-0.3790675964322041,25,1550,62,2461041.673611111,2461041.6804340645,0.16556409610215053,0,5,5,5,0.0,0.20114597368031706,0.0,0.5088303857540691,5,0.20114597368031706,0.5088303857540691,1.4969385847283945e-07,4001525671.055514,1343715.6055190675,1.4969385847283945e-07
23_80,23,80,C:\Users\kimeu\Downloads\starlink_pathB_wsl_package_v0_3_clean\starlink_pathB\zen.LST.baseline.23_80.sum.uvh5,ee,207.27584629366876,long,204.3809184407782,34.519167745151535,-0.3790675964322041,26,1612,62,2461041.6805555555,2461041.687378509,0.16627814180107528,1,5,5,5,5.2688158235845604e-05,0.05072798537127345,5.2688158235845604e-05,0.13239227252198724,5,0.05072798537127345,0.13239227252198724,2.5154942029340964e-08,795327161.709464,2016621.0405932898,2.5154942029340964e-08
23_80,23,80,C:\Users\kimeu\Downloads\starlink_pathB_wsl_package_v0_3_clean\starlink_pathB\zen.LST.baseline.23_80.sum.uvh5,ee,207.27584629366876,long,204.3809184407782,34.519167745151535,-0.3790675964322041,27,1674,62,2461041.6875,2461041.6943229535,0.16586861559139784,0,2,2,2,0.0,0.2437121546123139,0.0,0.8187488961970543,2,0.2437121546123139,0.8187488961970543,1.1690983219732554e-07,71146752698.85298,2084616.4093449886,1.1690983219732554e-07
23_80,23,80,C:\Users\kimeu\Downloads\starlink_pathB_wsl_package_v0_3_clean\starlink_pathB\zen.LST.baseline.23_80.sum.uvh5,ee,207.27584629366876,long,204.3809184407782,34.519167745151535,-0.3790675964322041,28,1736,62,2461041.6944444445,2461041.701267398,0.16626764112903225,0,2,2,2,0.0,0.0007516225380816418,0.0,0.0006365662667992243,2,0.0007516225380816418,0.0006365662667992243,2.9654175458592326e-10,4840643417.952925,2534626.326505593,2.9654175458592326e-10
23_80,23,80,C:\Users\kimeu\Downloads\starlink_pathB_wsl_package_v0_3_clean\starlink_pathB\zen.LST.baseline.23_80.sum.uvh5,ee,207.27584629366876,long,204.3809184407782,34.519167745151535,-0.3790675964322041,29,1798,62,2461041.701388889,2461041.7082118425,0.16554309475806453,0,2,2,2,0.0,0.15122580595081875,0.0,0.5780989817151402,2,0.15122580595081875,0.5780989817151402,5.724512432522893e-08,890080684.4100583,2641723.7753149727,5.724512432522893e-08
23_80,23,80,C:\Users\kimeu\Downloads\starlink_pathB_wsl_package_v0_3_clean\starlink_pathB\zen.LST.baseline.23_80.sum.uvh5,ee,207.27584629366876,long,204.3809184407782,34.519167745151535,-0.3790675964322041,30,1860,62,2461041.7083333335,2461041.715156287,0.16578461021505375,0,3,3,3,0.0,0.09986243820864145,0.0,0.22613877759676462,3,0.09986243820864145,0.22613877759676462,4.1749608163529565e-08,940814545.7452366,2391937.1366909365,4.1749608163529565e-08
23_80,23,80,C:\Users\kimeu\Downloads\starlink_pathB_wsl_package_v0_3_clean\starlink_pathB\zen.LST.baseline.23_80.sum.uvh5,ee,207.27584629366876,long,204.3809184407782,34.519167745151535,-0.3790675964322041,31,1922,62,2461041.715277778,2461041.7221007315,0.16605762768817203,0,4,4,4,0.0,0.09689170230687942,0.0,0.21453219285602132,4,0.09689170230687942,0.21453219285602132,5.577797746414234e-08,405426278.81125736,1737096.013729928,5.577797746414234e-08
23_80,23,80,C:\Users\kimeu\Downloads\starlink_pathB_wsl_package_v0_3_clean\starlink_pathB\zen.LST.baseline.23_80.sum.uvh5,ee,207.27584629366876,long,204.3809184407782,34.519167745151535,-0.3790675964322041,32,1984,62,2461041.722222222,2461041.7290451755,0.16634114583333334,0,3,3,3,0.0,0.39049641960412795,0.0,0.8621952177012273,3,0.39049641960412795,0.8621952177012273,1.1582698065170522e-07,708855285.1129423,3371377.009112937,1.1582698065170522e-07
23_80,23,80,C:\Users\kimeu\Downloads\starlink_pathB_wsl_package_v0_3_clean\starlink_pathB\zen.LST.baseline.23_80.sum.uvh5,ee,207.27584629366876,long,204.3809184407782,34.519167745151535,-0.3790675964322041,33,2046,62,2461041.7291666665,2461041.73598962,0.16648815524193547,0,5,5,5,0.0,0.33149479679068383,0.0,0.3484546838830035,5,0.33149479679068383,0.3484546838830035,9.506051650356483e-08,35806261500144.97,3487197.5135781276,9.506051650356483e-08
23_80,23,80,C:\Users\kimeu\Downloads\starlink_pathB_wsl_package_v0_3_clean\starlink_pathB\zen.LST.baseline.23_80.sum.uvh5,ee,207.27584629366876,long,204.3809184407782,34.519167745151535,-0.3790675964322041,34,2108,62,2461041.736111111,2461041.7429340645,0.16644615255376344,1,4,4,4,0.00014289495363501375,0.26670756042623767,0.00014289495363501375,0.7820357281270546,4,0.26670756042623767,0.7820357281270546,1.1296877668075176e-07,552910985.2376441,2360896.2428614204,1.1296877668075176e-07
23_80,23,80,C:\Users\kimeu\Downloads\starlink_pathB_wsl_package_v0_3_clean\starlink_pathB\zen.LST.baseline.23_80.sum.uvh5,ee,207.27584629366876,long,204.3809184407782,34.519167745151535,-0.3790675964322041,35,2170,62,2461041.7430555555,2461041.749878509,0.16588961693548387,0,5,5,5,0.0,0.28702035123589004,0.0,0.5329721044266462,5,0.28702035123589004,0.5329721044266462,1.3812997912502567e-07,3222232997.824548,2077900.4894809918,1.3812997912502567e-07
23_80,23,80,C:\Users\kimeu\Downloads\starlink_pathB_wsl_package_v0_3_clean\starlink_pathB\zen.LST.baseline.23_80.sum.uvh5,ee,207.27584629366876,long,204.3809184407782,34.519167745151535,-0.3790675964322041,36,2232,62,2461041.75,2461041.7568229535,0.16678217405913978,0,4,4,4,0.0,0.3212071455869001,0.0,0.5491919590577511,4,0.3212071455869001,0.5491919590577511,1.3182565528472e-07,1681764278.1339226,2436605.719070007,1.3182565528472e-07
23_80,23,80,C:\Users\kimeu\Downloads\starlink_pathB_wsl_package_v0_3_clean\starlink_pathB\zen.LST.baseline.23_80.sum.uvh5,ee,207.27584629366876,long,204.3809184407782,34.519167745151535,-0.3790675964322041,37,2294,62,2461041.7569444445,2461041.7637673975,0.16741221438172044,0,5,5,5,0.0,0.356360522070895,0.0,0.9867730246375583,5,0.356360522070895,0.9867730246375583,1.9914987612952688e-07,594701163.0728639,1789408.7056279085,1.9914987612952688e-07
23_80,23,80,C:\Users\kimeu\Downloads\starlink_pathB_wsl_package_v0_3_clean\starlink_pathB\zen.LST.baseline.23_80.sum.uvh5,ee,207.27584629366876,long,204.3809184407782,34.519167745151535,-0.3790675964322041,38,2356,62,2461041.763888889,2461041.770711842,0.16802125336021506,0,3,3,3,0.0,0.2870181822616452,0.0,0.74664414194873,3,0.2870181822616452,0.74664414194873,9.684974001509478e-08,959127858.6278058,2963541.0711160526,9.684974001509478e-08
23_80,23,80,C:\Users\kimeu\Downloads\starlink_pathB_wsl_package_v0_3_clean\starlink_pathB\zen.LST.baseline.23_80.sum.uvh5,ee,207.27584629366876,long,204.3809184407782,34.519167745151535,-0.3790675964322041,39,2418,62,2461041.7708333335,2461041.7776562865,0.16720220094086022,0,2,2,2,0.0,0.01686142451615914,0.0,0.029500585149165884,2,0.01686142451615914,0.029500585149165884,4.942011602296516e-09,2392847137.2556925,3411854.498343096,4.942011602296516e-09
23_80,23,80,C:\Users\kimeu\Downloads\starlink_pathB_wsl_package_v0_3_clean\starlink_pathB\zen.LST.baseline.23_80.sum.uvh5,ee,207.27584629366876,long,204.3809184407782,34.519167745151535,-0.3790675964322041,40,2480,62,2461041.777777778,2461041.784600731,0.16898731518817203,0,6,6,6,0.0,0.3484575065066898,0.0,0.8056414039197263,6,0.3484575065066898,0.8056414039197263,7.087763023604379e-08,17277906357.08417,4916325.578976353,7.087763023604379e-08
23_80,23,80,C:\Users\kimeu\Downloads\starlink_pathB_wsl_package_v0_3_clean\starlink_pathB\zen.LST.baseline.23_80.sum.uvh5,ee,207.27584629366876,long,204.3809184407782,34.519167745151535,-0.3790675964322041,41,2542,62,2461041.784722222,2461041.791545175,0.16791624663978494,1,2,2,2,0.776904046133802,0.19470624145740908,0.776904046133802,0.5863109176460239,2,0.19470624145740908,0.5863109176460239,1.4672040465717574e-08,24570411310.586327,13270563.280707696,1.4672040465717574e-08
23_80,23,80,C:\Users\kimeu\Downloads\starlink_pathB_wsl_package_v0_3_clean\starlink_pathB\zen.LST.baseline.23_80.sum.uvh5,ee,207.27584629366876,long,204.3809184407782,34.519167745151535,-0.3790675964322041,42,2604,62,2461041.7916666665,2461041.7984896195,0.16735971102150538,0,6,6,6,0.0,0.35654971283665626,0.0,0.6113952006290849,6,0.35654971283665626,0.6113952006290849,5.446029088679307e-08,90425603182.11287,6546966.735411279,5.446029088679307e-08
23_80,23,80,C:\Users\kimeu\Downloads\starlink_pathB_wsl_package_v0_3_clean\starlink_pathB\zen.LST.baseline.23_80.sum.uvh5,ee,207.27584629366876,long,204.3809184407782,34.519167745151535,-0.3790675964322041,43,2666,62,2461041.798611111,2461041.805434064,0.1678847446236559,0,2,2,2,0.0,0.3059806379101992,0.0,0.996901135440778,2,0.3059806379101992,0.996901135440778,4.2449071892444446e-08,6232370069.393396,7208182.046605853,4.2449071892444446e-08
23_80,23,80,C:\Users\kimeu\Downloads\starlink_pathB_wsl_package_v0_3_clean\starlink_pathB\zen.LST.baseline.23_80.sum.uvh5,ee,207.27584629366876,long,204.3809184407782,34.519167745151535,-0.3790675964322041,44,2728,62,2461041.8055555555,2461041.8123785085,0.16702368951612903,0,3,3,3,0.0,0.2419547912000571,0.0,0.7241364102878726,3,0.2419547912000571,0.7241364102878726,8.145571291565057e-08,633450604.0191344,2970384.55056685,8.145571291565057e-08
23_80,23,80,C:\Users\kimeu\Downloads\starlink_pathB_wsl_package_v0_3_clean\starlink_pathB\zen.LST.baseline.23_80.sum.uvh5,ee,207.27584629366876,long,204.3809184407782,34.519167745151535,-0.3790675964322041,45,2790,62,2461041.8125,2461041.819322953,0.1686302923387097,0,2,2,2,0.0,0.0004316907159982403,0.0,0.0006749143264715858,2,0.0004316907159982403,0.0006749143264715858,2.5819628124556295e-10,612958259.3688713,1671947.8449330253,2.5819628124556295e-10
23_80,23,80,C:\Users\kimeu\Downloads\starlink_pathB_wsl_package_v0_3_clean\starlink_pathB\zen.LST.baseline.23_80.sum.uvh5,ee,207.27584629366876,long,204.3809184407782,34.519167745151535,-0.3790675964322041,46,2852,62,2461041.8194444445,2461041.8262673975,0.16851478494623656,0,6,6,6,0.0,0.23572824167680723,0.0,0.4552977482091947,6,0.23572824167680723,0.4552977482091947,6.838335994776314e-08,3160298846.501677,3447157.932234917,6.838335994776314e-08
23_80,23,80,C:\Users\kimeu\Downloads\starlink_pathB_wsl_package_v0_3_clean\starlink_pathB\zen.LST.baseline.23_80.sum.uvh5,ee,207.27584629366876,long,204.3809184407782,34.519167745151535,-0.3790675964322041,47,2914,62,2461041.826388889,2461041.833211842,0.16691868279569894,0,4,4,4,0.0,0.18822900815401855,0.0,0.5108260863619242,4,0.18822900815401855,0.5108260863619242,7.19004640566451e-08,720590362618.1979,2617910.8942290936,7.19004640566451e-08
23_80,23,80,C:\Users\kimeu\Downloads\starlink_pathB_wsl_package_v0_3_clean\starlink_pathB\zen.LST.baseline.23_80.sum.uvh5,ee,207.27584629366876,long,204.3809184407782,34.519167745151535,-0.3790675964322041,48,2976,62,2461041.8333333335,2461041.8401562865,0.1671706989247312,0,2,2,2,0.0,0.014922085996042292,0.0,0.04576768186907193,2,0.014922085996042292,0.04576768186907193,5.820419561578807e-09,3862335524.9031973,2563747.4821479414,5.820419561578807e-09
23_80,23,80,C:\Users\kimeu\Downloads\starlink_pathB_wsl_package_v0_3_clean\starlink_pathB\zen.LST.baseline.23_80.sum.uvh5,ee,207.27584629366876,long,204.3809184407782,34.519167745151535,-0.3790675964322041,49,3038,62,2461041.840277778,2461041.847100731,0.16761172715053763,0,4,4,4,0.0,0.4385330849085768,0.0,0.9279511646397298,4,0.4385330849085768,0.9279511646397298,1.1411057056236906e-07,3843747335570.2954,3843054.002336174,1.1411057056236906e-07
23_80,23,80,C:\Users\kimeu\Downloads\starlink_pathB_wsl_package_v0_3_clean\starlink_pathB\zen.LST.baseline.23_80.sum.uvh5,ee,207.27584629366876,long,204.3809184407782,34.519167745151535,-0.3790675964322041,50,3100,62,2461041.847222222,2461041.854045175,0.16624663978494625,0,6,6,6,0.0,0.34972237411950585,0.0,0.6086948826788393,6,0.34972237411950585,0.6086948826788393,2.115818814164471e-07,1960100966.9733672,1652893.7722751554,2.115818814164471e-07
23_80,23,80,C:\Users\kimeu\Downloads\starlink_pathB_wsl_package_v0_3_clean\starlink_pathB\zen.LST.baseline.23_80.sum.uvh5,ee,207.27584629366876,long,204.3809184407782,34.519167745151535,-0.3790675964322041,51,3162,62,2461041.8541666665,2461041.8609896195,0.16657216061827956,1,4,4,4,0.008305882758116095,0.5098494816274408,0.008305882758116095,0.7273139335979131,4,0.5098494816274408,0.7273139335979131,3.821671651390372e-07,2372568396.944944,1334100.6976409163,3.821671651390372e-07
23_80,23,80,C:\Users\kimeu\Downloads\starlink_pathB_wsl_package_v0_3_clean\starlink_pathB\zen.LST.baseline.23_80.sum.uvh5,ee,207.27584629366876,long,204.3809184407782,34.519167745151535,-0.3790675964322041,52,3224,62,2461041.861111111,2461041.867934064,0.16644615255376344,0,8,8,8,0.0,0.7461311303091528,0.0,0.8464114110583065,8,0.7461311303091528,0.8464114110583065,3.0345841805680486e-07,3490520281.075717,2458759.0454303473,3.0345841805680486e-07
23_80,23,80,C:\Users\kimeu\Downloads\starlink_pathB_wsl_package_v0_3_clean\starlink_pathB\zen.LST.baseline.23_80.sum.uvh5,ee,207.27584629366876,long,204.3809184407782,34.519167745151535,-0.3790675964322041,53,3286,62,2461041.8680555555,2461041.8748785085,0.16711819556451613,1,3,3,3,0.0023396773596836536,0.30413256099332964,0.0023396773596836536,0.4996640359057469,3,0.30413256099332964,0.4996640359057469,2.013179057807309e-07,1274638578.0021915,1510707.9512568605,2.013179057807309e-07
23_80,23,80,C:\Users\kimeu\Downloads\starlink_pathB_wsl_package_v0_3_clean\starlink_pathB\zen.LST.baseline.23_80.sum.uvh5,ee,207.27584629366876,long,204.3809184407782,34.519167745151535,-0.3790675964322041,54,3348,62,2461041.875,2461041.881822953,0.1682837701612903,0,4,4,4,0.0,0.21673228020298504,0.0,0.616185001151179,4,0.21673228020298504,0.616185001151179,1.1701600369909154e-07,751385709.1256976,1852159.3060066847,1.1701600369909154e-07
23_80,23,80,C:\Users\kimeu\Downloads\starlink_pathB_wsl_package_v0_3_clean\starlink_pathB\zen.LST.baseline.23_80.sum.uvh5,ee,207.27584629366876,long,204.3809184407782,34.519167745151535,-0.3790675964322041,55,3410,62,2461041.8819444445,2461041.8887673975,0.1663306451612903,0,3,3,3,0.0,0.28670049114161184,0.0,0.9326005479341334,3,0.28670049114161184,0.9326005479341334,8.717126147647254e-08,758021475954.998,3288933.6036394527,8.717126147647254e-08
23_80,23,80,C:\Users\kimeu\Downloads\starlink_pathB_wsl_package_v0_3_clean\starlink_pathB\zen.LST.baseline.23_80.sum.uvh5,ee,207.27584629366876,long,204.3809184407782,34.519167745151535,-0.3790675964322041,56,3472,62,2461041.888888889,2461041.895711842,0.1661941364247312,0,6,6,6,0.0,0.620775413097927,0.0,0.8643087592320493,6,0.620775413097927,0.8643087592320493,1.5702522840105194e-07,20618962936948.336,3953348.257596092,1.5702522840105194e-07
23_80,23,80,C:\Users\kimeu\Downloads\starlink_pathB_wsl_package_v0_3_clean\starlink_pathB\zen.LST.baseline.23_80.sum.uvh5,ee,207.27584629366876,long,204.3809184407782,34.519167745151535,-0.3790675964322041,57,3534,62,2461041.8958333335,2461041.9026562865,0.16686617943548387,0,6,6,6,0.0,0.20947771743508667,0.0,0.41761437957613023,6,0.20947771743508667,0.41761437957613023,7.125356649792891e-08,35961803041447.87,2939890.9799297615,7.125356649792891e-08
23_80,23,80,C:\Users\kimeu\Downloads\starlink_pathB_wsl_package_v0_3_clean\starlink_pathB\zen.LST.baseline.23_80.sum.uvh5,ee,207.27584629366876,long,204.3809184407782,34.519167745151535,-0.3790675964322041,58,3596,62,2461041.902777778,2461041.909600731,0.16750672043010753,0,5,5,5,0.0,0.12036852132435003,0.0,0.18183588309851056,5,0.12036852132435003,0.18183588309851056,3.6116318177949485e-08,3955827896.695281,3332801.5533388453,3.6116318177949485e-08
23_80,23,80,C:\Users\kimeu\Downloads\starlink_pathB_wsl_package_v0_3_clean\starlink_pathB\zen.LST.baseline.23_80.sum.uvh5,ee,207.27584629366876,long,204.3809184407782,34.519167745151535,-0.3790675964322041,59,3658,62,2461041.909722222,2461041.916545175,0.16772723454301075,0,6,6,6,0.0,0.6872306623487341,0.0,0.9426480648117707,6,0.6872306623487341,0.9426480648117707,1.574671880793116e-08,110451123692644.58,43642784.933874354,1.574671880793116e-08
23_80,23,80,C:\Users\kimeu\Downloads\starlink_pathB_wsl_package_v0_3_clean\starlink_pathB\zen.LST.baseline.23_80.sum.uvh5,ee,207.27584629366876,long,204.3809184407782,34.519167745151535,-0.3790675964322041,60,3720,62,2461041.9166666665,2461041.9234896195,0.16867229502688172,0,1,1,1,0.0,3.0769904893363125e-05,0.0,3.0769904893363125e-05,1,3.0769904893363125e-05,3.0769904893363125e-05,1.4412624373822818e-11,5150319027.126612,2134927.2759268954,1.4412624373822818e-11
23_80,23,80,C:\Users\kimeu\Downloads\starlink_pathB_wsl_package_v0_3_clean\starlink_pathB\zen.LST.baseline.23_80.sum.uvh5,ee,207.27584629366876,long,204.3809184407782,34.519167745151535,-0.3790675964322041,61,3782,62,2461041.923611111,2461041.930434064,0.17936197916666666,0,3,3,3,0.0,0.44567189911077393,0.0,0.9338566727692416,3,0.44567189911077393,0.9338566727692416,3.3245374988236884e-08,10866932962685.88,13405530.822511844,3.3245374988236884e-08
23_80,23,80,C:\Users\kimeu\Downloads\starlink_pathB_wsl_package_v0_3_clean\starlink_pathB\zen.LST.baseline.23_80.sum.uvh5,ee,207.27584629366876,long,204.3809184407782,34.519167745151535,-0.3790675964322041,62,3844,62,2461041.9305555555,2461041.9373785085,0.25103956653225806,0,4,4,4,0.0,0.41429598522145367,0.0,0.8272224890322021,4,0.41429598522145367,0.8272224890322021,5.74352442264926e-07,1794673687.735262,721327.1063803631,5.74352442264926e-07
23_80,23,80,C:\Users\kimeu\Downloads\starlink_pathB_wsl_package_v0_3_clean\starlink_pathB\zen.LST.baseline.23_80.sum.uvh5,ee,207.27584629366876,long,204.3809184407782,34.519167745151535,-0.3790675964322041,63,3906,62,2461041.9375,2461041.944322953,0.31583921370967744,1,4,4,4,0.0002818752689222807,0.14698950232902025,0.0002818752689222807,0.24707532713891836,4,0.14698950232902025,0.24707532713891836,3.697799759630549e-07,218259728324.4904,397505.3055433865,3.697799759630549e-07
23_80,23,80,C:\Users\kimeu\Downloads\starlink_pathB_wsl_package_v0_3_clean\starlink_pathB\zen.LST.baseline.23_80.sum.uvh5,ee,207.27584629366876,long,204.3809184407782,34.519167745151535,-0.3790675964322041,64,3968,62,2461041.9444444445,2461041.9512673975,0.6595577116935484,0,2,2,2,0.0,0.2812107439459313,0.0,0.9963509766045548,2,0.2812107439459313,0.9963509766045548,1.1701852270919306e-05,1373493.2494879493,24031.301834563255,1.1701852270919306e-05
4_196,4,196,C:\Users\kimeu\Downloads\starlink_pathB_wsl_package_v0_3_clean\starlink_pathB\zen.LST.baseline.4_196.sum.uvh5,ee,190.65540049004915,long,-110.15463251035547,155.60547591572114,-1.5409534618225607,0,0,62,2461041.5,2461041.5068229535,0.2652994791666667,1,4,4,4,0.33087588566844983,0.5502745938468236,0.33087588566844983,0.7280464634021924,4,0.5502745938468236,0.7280464634021924,0.00016772361853462764,2406293.253165996,3280.8414143128903,0.00016772361853462764
4_196,4,196,C:\Users\kimeu\Downloads\starlink_pathB_wsl_package_v0_3_clean\starlink_pathB\zen.LST.baseline.4_196.sum.uvh5,ee,190.65540049004915,long,-110.15463251035547,155.60547591572114,-1.5409534618225607,1,62,62,2461041.5069444445,2461041.513767398,0.19440944220430106,0,4,4,4,0.0,0.17558204052578452,0.0,0.4821174098933508,4,0.17558204052578452,0.4821174098933508,1.6956272041063404e-05,21317402.73101262,10354.990772769706,1.6956272041063404e-05
4_196,4,196,C:\Users\kimeu\Downloads\starlink_pathB_wsl_package_v0_3_clean\starlink_pathB\zen.LST.baseline.4_196.sum.uvh5,ee,190.65540049004915,long,-110.15463251035547,155.60547591572114,-1.5409534618225607,2,124,62,2461041.513888889,2461041.5207118425,0.1905136928763441,1,3,3,3,0.02274717290127737,0.1812254192505289,0.02274717290127737,0.5352241138648121,3,0.1812254192505289,0.5352241138648121,7.848251115378891e-07,381273261.69818544,230911.85104336438,7.848251115378891e-07
4_196,4,196,C:\Users\kimeu\Downloads\starlink_pathB_wsl_package_v0_3_clean\starlink_pathB\zen.LST.baseline.4_196.sum.uvh5,ee,190.65540049004915,long,-110.15463251035547,155.60547591572114,-1.5409534618225607,3,186,62,2461041.5208333335,2461041.527656287,0.17578125,0,1,1,1,0.0,0.20661704468541942,0.0,0.778550973821895,1,0.20661704468541942,0.778550973821895,2.734591413528052e-07,5918639347.245178,755568.249294146,2.734591413528052e-07
4_196,4,196,C:\Users\kimeu\Downloads\starlink_pathB_wsl_package_v0_3_clean\starlink_pathB\zen.LST.baseline.4_196.sum.uvh5,ee,190.65540049004915,long,-110.15463251035547,155.60547591572114,-1.5409534618225607,4,248,62,2461041.527777778,2461041.5346007315,0.17406964045698925,1,5,5,5,0.006509913503000268,0.29197839306488044,0.006509913503000268,0.7839253298317038,5,0.29197839306488044,0.7839253298317038,8.825507155602155e-08,6745494173.409459,3308346.907628325,8.825507155602155e-08
4_196,4,196,C:\Users\kimeu\Downloads\starlink_pathB_wsl_package_v0_3_clean\starlink_pathB\zen.LST.baseline.4_196.sum.uvh5,ee,190.65540049004915,long,-110.15463251035547,155.60547591572114,-1.5409534618225607,5,310,62,2461041.534722222,2461041.5415451755,0.1681472614247312,0,5,5,5,0.0,0.4265461647481952,0.0,0.642949814682819,5,0.4265461647481952,0.642949814682819,4.563891062776121e-08,15339713054.840427,9346107.496455796,4.563891062776121e-08
4_196,4,196,C:\Users\kimeu\Downloads\starlink_pathB_wsl_package_v0_3_clean\starlink_pathB\zen.LST.baseline.4_196.sum.uvh5,ee,190.65540049004915,long,-110.15463251035547,155.60547591572114,-1.5409534618225607,6,372,62,2461041.5416666665,2461041.54848962,0.167979250672043,0,3,3,3,0.0,0.29099277716989397,0.0,0.5800263647610057,3,0.29099277716989397,0.5800263647610057,4.8441305916074786e-08,4490379288.513078,6007120.816974729,4.8441305916074786e-08
4_196,4,196,C:\Users\kimeu\Downloads\starlink_pathB_wsl_package_v0_3_clean\starlink_pathB\zen.LST.baseline.4_196.sum.uvh5,ee,190.65540049004915,long,-110.15463251035547,155.60547591572114,-1.5409534618225607,7,434,62,2461041.548611111,2461041.5554340645,0.1682837701612903,1,8,8,8,0.0004122087285943486,0.43707188882479064,0.0004122087285943486,0.7170519983903962,8,0.43707188882479064,0.7170519983903962,3.5644606352581335e-08,7231592114.363648,12261936.195941143,3.5644606352581335e-08
4_196,4,196,C:\Users\kimeu\Downloads\starlink_pathB_wsl_package_v0_3_clean\starlink_pathB\zen.LST.baseline.4_196.sum.uvh5,ee,190.65540049004915,long,-110.15463251035547,155.60547591572114,-1.5409534618225607,8,496,62,2461041.5555555555,2461041.562378509,0.16724420362903225,0,2,2,2,0.0,0.2057117264676688,0.0,0.6984661256995437,2,0.2057117264676688,0.6984661256995437,2.935274445482778e-08,5572153207.931951,7008262.099111296,2.935274445482778e-08
4_196,4,196,C:\Users\kimeu\Downloads\starlink_pathB_wsl_package_v0_3_clean\starlink_pathB\zen.LST.baseline.4_196.sum.uvh5,ee,190.65540049004915,long,-110.15463251035547,155.60547591572114,-1.5409534618225607,9,558,62,2461041.5625,2461041.5693229535,0.16721270161290322,1,5,5,5,0.0010971768248922275,0.33286132694916554,0.0010971768248922275,0.6977204569959614,5,0.33286132694916554,0.6977204569959614,3.748297758167272e-08,7980307857.1024475,8880333.111847494,3.748297758167272e-08
4_196,4,196,C:\Users\kimeu\Downloads\starlink_pathB_wsl_package_v0_3_clean\starlink_pathB\zen.LST.baseline.4_196.sum.uvh5,ee,190.65540049004915,long,-110.15463251035547,155.60547591572114,-1.5409534618225607,10,620,62,2461041.5694444445,2461041.576267398,0.167958249327957,1,8,8,8,0.0035743937970326312,0.39560371903806024,0.0035743937970326312,0.6208865344769782,8,0.39560371903806024,0.6208865344769782,1.9467543314860238e-08,8192832885.280612,20321193.724329997,1.9467543314860238e-08
4_196,4,196,C:\Users\kimeu\Downloads\starlink_pathB_wsl_package_v0_3_clean\starlink_pathB\zen.LST.baseline.4_196.sum.uvh5,ee,190.65540049004915,long,-110.15463251035547,155.60547591572114,-1.5409534618225607,11,682,62,2461041.576388889,2461041.5832118425,0.1680632560483871,1,5,5,5,0.0006393160041250509,0.6121911094018112,0.0006393160041250509,0.6787630996977061,5,0.6121911094018112,0.6787630996977061,4.6357799389962325e-08,9751663161.589169,13205784.51647484,4.6357799389962325e-08
4_196,4,196,C:\Users\kimeu\Downloads\starlink_pathB_wsl_package_v0_3_clean\starlink_pathB\zen.LST.baseline.4_196.sum.uvh5,ee,190.65540049004915,long,-110.15463251035547,155.60547591572114,-1.5409534618225607,12,744,62,2461041.5833333335,2461041.590156287,0.16732820900537634,0,1,1,1,0.0,0.001343063595186559,0.0,0.001343063595186559,1,0.001343063595186559,0.001343063595186559,6.081034081199559e-11,64463708526.6595,22086105.377025336,6.081034081199559e-11
4_196,4,196,C:\Users\kimeu\Downloads\starlink_pathB_wsl_package_v0_3_clean\starlink_pathB\zen.LST.baseline.4_196.sum.uvh5,ee,190.65540049004915,long,-110.15463251035547,155.60547591572114,-1.5409534618225607,13,806,62,2461041.590277778,2461041.5971007315,0.1668871807795699,0,3,3,3,0.0,0.49245886625147556,0.0,0.9450884636561743,3,0.49245886625147556,0.9450884636561743,1.9132909227685134e-08,9939573744.914755,25738838.79294699,1.9132909227685134e-08
4_196,4,196,C:\Users\kimeu\Downloads\starlink_pathB_wsl_package_v0_3_clean\starlink_pathB\zen.LST.baseline.4_196.sum.uvh5,ee,190.65540049004915,long,-110.15463251035547,155.60547591572114,-1.5409534618225607,14,868,62,2461041.597222222,2461041.6040451755,0.16724420362903225,0,2,2,2,0.0,0.45992065055805087,0.0,0.956171545687925,2,0.45992065055805087,0.956171545687925,2.1966235157732052e-08,5956155530.59697,20937618.45193395,2.1966235157732052e-08
4_196,4,196,C:\Users\kimeu\Downloads\starlink_pathB_wsl_package_v0_3_clean\starlink_pathB\zen.LST.baseline.4_196.sum.uvh5,ee,190.65540049004915,long,-110.15463251035547,155.60547591572114,-1.5409534618225607,15,930,62,2461041.6041666665,2461041.61098962,0.1655220934139785,1,4,4,4,3.084991352301424e-05,0.5125979855485051,3.084991352301424e-05,0.9746270301393545,4,0.5125979855485051,0.9746270301393545,1.926071093478279e-08,10338778474.842772,26613658.617492035,1.926071093478279e-08
4_196,4,196,C:\Users\kimeu\Downloads\starlink_pathB_wsl_package_v0_3_clean\starlink_pathB\zen.LST.baseline.4_196.sum.uvh5,ee,190.65540049004915,long,-110.15463251035547,155.60547591572114,-1.5409534618225607,16,992,62,2461041.611111111,2461041.6179340645,0.16565860215053763,0,2,2,2,0.0,0.02123038413644645,0.0,0.051994079844118836,2,0.02123038413644645,0.051994079844118836,1.3246710345171407e-09,4839419439.956121,16026910.518342536,1.3246710345171407e-09
4_196,4,196,C:\Users\kimeu\Downloads\starlink_pathB_wsl_package_v0_3_clean\starlink_pathB\zen.LST.baseline.4_196.sum.uvh5,ee,190.65540049004915,long,-110.15463251035547,155.60547591572114,-1.5409534618225607,17,1054,62,2461041.6180555555,2461041.624878509,0.1663306451612903,0,2,2,2,0.0,0.06846870788021289,0.0,0.28051662074245665,2,0.06846870788021289,0.28051662074245665,4.971428478984809e-09,3792937069.042994,13772441.496371392,4.971428478984809e-09
4_196,4,196,C:\Users\kimeu\Downloads\starlink_pathB_wsl_package_v0_3_clean\starlink_pathB\zen.LST.baseline.4_196.sum.uvh5,ee,190.65540049004915,long,-110.15463251035547,155.60547591572114,-1.5409534618225607,18,1116,62,2461041.625,2461041.6318229535,0.16538558467741934,0,4,4,4,0.0,0.2363981628786352,0.0,0.38438541749119554,4,0.2363981628786352,0.38438541749119554,3.304120949152113e-08,48478823431.12319,7154646.16812222,3.304120949152113e-08
4_196,4,196,C:\Users\kimeu\Downloads\starlink_pathB_wsl_package_v0_3_clean\starlink_pathB\zen.LST.baseline.4_196.sum.uvh5,ee,190.65540049004915,long,-110.15463251035547,155.60547591572114,-1.5409534618225607,19,1178,62,2461041.6319444445,2461041.638767398,0.16532258064516128,0,4,4,4,0.0,0.023868672307009665,0.0,0.04932161857556596,4,0.023868672307009665,0.04932161857556596,5.318928108331329e-09,81738951940.43016,4487496.694986882,5.318928108331329e-09
4_196,4,196,C:\Users\kimeu\Downloads\starlink_pathB_wsl_package_v0_3_clean\starlink_pathB\zen.LST.baseline.4_196.sum.uvh5,ee,190.65540049004915,long,-110.15463251035547,155.60547591572114,-1.5409534618225607,20,1240,62,2461041.638888889,2461041.6457118425,0.166026125672043,0,4,4,4,0.0,0.16291867713468297,0.0,0.30801675453485433,4,0.16291867713468297,0.30801675453485433,2.7738038457956025e-08,914206748.8045505,5873475.061390055,2.7738038457956025e-08
4_196,4,196,C:\Users\kimeu\Downloads\starlink_pathB_wsl_package_v0_3_clean\starlink_pathB\zen.LST.baseline.4_196.sum.uvh5,ee,190.65540049004915,long,-110.15463251035547,155.60547591572114,-1.5409534618225607,21,1302,62,2461041.6458333335,2461041.652656287,0.16618363575268819,0,3,3,3,0.0,0.07815271613371509,0.0,0.12194591377078616,3,0.07815271613371509,0.12194591377078616,9.138796749848904e-09,8974204540.880886,8551751.20674472,9.138796749848904e-09
4_196,4,196,C:\Users\kimeu\Downloads\starlink_pathB_wsl_package_v0_3_clean\starlink_pathB\zen.LST.baseline.4_196.sum.uvh5,ee,190.65540049004915,long,-110.15463251035547,155.60547591572114,-1.5409534618225607,22,1364,62,2461041.652777778,2461041.6596007315,0.16576360887096775,0,3,3,3,0.0,0.04347690205806057,0.0,0.12295632724432037,3,0.04347690205806057,0.12295632724432037,9.38053854439869e-09,1020332947.3179659,4634798.0824642,9.38053854439869e-09
4_196,4,196,C:\Users\kimeu\Downloads\starlink_pathB_wsl_package_v0_3_clean\starlink_pathB\zen.LST.baseline.4_196.sum.uvh5,ee,190.65540049004915,long,-110.15463251035547,155.60547591572114,-1.5409534618225607,23,1426,62,2461041.659722222,2461041.6665451755,0.16578461021505375,0,3,3,3,0.0,0.275505408017723,0.0,0.5786751971552218,3,0.275505408017723,0.5786751971552218,6.564122583020441e-08,118212780728615.12,4197139.900013124,6.564122583020441e-08
4_196,4,196,C:\Users\kimeu\Downloads\starlink_pathB_wsl_package_v0_3_clean\starlink_pathB\zen.LST.baseline.4_196.sum.uvh5,ee,190.65540049004915,long,-110.15463251035547,155.60547591572114,-1.5409534618225607,24,1488,62,2461041.6666666665,2461041.67348962,0.1655325940860215,0,5,5,5,0.0,0.22773362399156483,0.0,0.43415361759428933,5,0.22773362399156483,0.43415361759428933,6.27963543011879e-08,2596342797743.8877,3626542.1221635607,6.27963543011879e-08
4_196,4,196,C:\Users\kimeu\Downloads\starlink_pathB_wsl_package_v0_3_clean\starlink_pathB\zen.LST.baseline.4_196.sum.uvh5,ee,190.65540049004915,long,-110.15463251035547,155.60547591572114,-1.5409534618225607,25,1550,62,2461041.673611111,2461041.6804340645,0.16483954973118278,0,5,5,5,0.0,0.20114597368031706,0.0,0.5088303857540691,5,0.20114597368031706,0.5088303857540691,4.576502144227984e-08,3271085763.43607,4395190.198567003,4.576502144227984e-08
4_196,4,196,C:\Users\kimeu\Downloads\starlink_pathB_wsl_package_v0_3_clean\starlink_pathB\zen.LST.baseline.4_196.sum.uvh5,ee,190.65540049004915,long,-110.15463251035547,155.60547591572114,-1.5409534618225607,26,1612,62,2461041.6805555555,2461041.687378509,0.1651440692204301,1,5,5,5,5.2688158235845604e-05,0.05072798537127345,5.2688158235845604e-05,0.13239227252198724,5,0.05072798537127345,0.13239227252198724,9.567340334518265e-09,1811222420.912687,5302203.496226698,9.567340334518265e-09
4_196,4,196,C:\Users\kimeu\Downloads\starlink_pathB_wsl_package_v0_3_clean\starlink_pathB\zen.LST.baseline.4_196.sum.uvh5,ee,190.65540049004915,long,-110.15463251035547,155.60547591572114,-1.5409534618225607,27,1674,62,2461041.6875,2461041.6943229535,0.16479754704301075,0,2,2,2,0.0,0.2437121546123139,0.0,0.8187488961970543,2,0.2437121546123139,0.8187488961970543,7.740729884800887e-08,50602550284.03062,3148438.948772114,7.740729884800887e-08
4_196,4,196,C:\Users\kimeu\Downloads\starlink_pathB_wsl_package_v0_3_clean\starlink_pathB\zen.LST.baseline.4_196.sum.uvh5,ee,190.65540049004915,long,-110.15463251035547,155.60547591572114,-1.5409534618225607,28,1736,62,2461041.6944444445,2461041.701267398,0.16556409610215053,0,2,2,2,0.0,0.0007516225380816418,0.0,0.0006365662667992243,2,0.0007516225380816418,0.0006365662667992243,2.1023530321588103e-10,1550674828.7110481,3575149.0191437304,2.1023530321588103e-10
4_196,4,196,C:\Users\kimeu\Downloads\starlink_pathB_wsl_package_v0_3_clean\starlink_pathB\zen.LST.baseline.4_196.sum.uvh5,ee,190.65540049004915,long,-110.15463251035547,155.60547591572114,-1.5409534618225607,29,1798,62,2461041.701388889,2461041.7082118425,0.16470304099462366,0,2,2,2,0.0,0.15122580595081875,0.0,0.5780989817151402,2,0.15122580595081875,0.5780989817151402,5.6136384328629994e-08,943698171.6777658,2693900.0037038797,5.6136384328629994e-08
4_196,4,196,C:\Users\kimeu\Downloads\starlink_pathB_wsl_package_v0_3_clean\starlink_pathB\zen.LST.baseline.4_196.sum.uvh5,ee,190.65540049004915,long,-110.15463251035547,155.60547591572114,-1.5409534618225607,30,1860,62,2461041.7083333335,2461041.715156287,0.16490255376344087,0,3,3,3,0.0,0.09986243820864145,0.0,0.22613877759676462,3,0.09986243820864145,0.22613877759676462,4.30686762215321e-08,1309038825.422868,2318679.0718846247,4.30686762215321e-08
4_196,4,196,C:\Users\kimeu\Downloads\starlink_pathB_wsl_package_v0_3_clean\starlink_pathB\zen.LST.baseline.4_196.sum.uvh5,ee,190.65540049004915,long,-110.15463251035547,155.60547591572114,-1.5409534618225607,31,1922,62,2461041.715277778,2461041.7221007315,0.16510206653225806,0,4,4,4,0.0,0.09689170230687942,0.0,0.21453219285602132,4,0.09689170230687942,0.21453219285602132,3.5198781884809217e-08,479404394.90345496,2752700.4378721155,3.5198781884809217e-08
4_196,4,196,C:\Users\kimeu\Downloads\starlink_pathB_wsl_package_v0_3_clean\starlink_pathB\zen.LST.baseline.4_196.sum.uvh5,ee,190.65540049004915,long,-110.15463251035547,155.60547591572114,-1.5409534618225607,32,1984,62,2461041.722222222,2461041.7290451755,0.16531207997311828,0,3,3,3,0.0,0.39049641960412795,0.0,0.8621952177012273,3,0.39049641960412795,0.8621952177012273,1.809076371580558e-07,641387233.6342548,2158540.2680537924,1.809076371580558e-07
4_196,4,196,C:\Users\kimeu\Downloads\starlink_pathB_wsl_package_v0_3_clean\starlink_pathB\zen.LST.baseline.4_196.sum.uvh5,ee,190.65540049004915,long,-110.15463251035547,155.60547591572114,-1.5409534618225607,33,2046,62,2461041.7291666665,2461041.73598962,0.16576360887096775,0,5,5,5,0.0,0.33149479679068383,0.0,0.3484546838830035,5,0.33149479679068383,0.3484546838830035,9.434598529577816e-08,588520946572.0599,3513607.8737366023,9.434598529577816e-08
4_196,4,196,C:\Users\kimeu\Downloads\starlink_pathB_wsl_package_v0_3_clean\starlink_pathB\zen.LST.baseline.4_196.sum.uvh5,ee,190.65540049004915,long,-110.15463251035547,155.60547591572114,-1.5409534618225607,34,2108,62,2461041.736111111,2461041.7429340645,0.16496555779569894,1,4,4,4,0.00014289495363501375,0.26670756042623767,0.00014289495363501375,0.7820357281270546,4,0.26670756042623767,0.7820357281270546,5.4018399497524944e-08,990063939.2033607,4937346.587591101,5.4018399497524944e-08
4_196,4,196,C:\Users\kimeu\Downloads\starlink_pathB_wsl_package_v0_3_clean\starlink_pathB\zen.LST.baseline.4_196.sum.uvh5,ee,190.65540049004915,long,-110.15463251035547,155.60547591572114,-1.5409534618225607,35,2170,62,2461041.7430555555,2461041.749878509,0.16459803427419356,0,5,5,5,0.0,0.28702035123589004,0.0,0.5329721044266462,5,0.28702035123589004,0.5329721044266462,6.666112422521902e-08,2705215716.465386,4305663.226833271,6.666112422521902e-08
4_196,4,196,C:\Users\kimeu\Downloads\starlink_pathB_wsl_package_v0_3_clean\starlink_pathB\zen.LST.baseline.4_196.sum.uvh5,ee,190.65540049004915,long,-110.15463251035547,155.60547591572114,-1.5409534618225607,36,2232,62,2461041.75,2461041.7568229535,0.16574260752688172,0,4,4,4,0.0,0.3212071455869001,0.0,0.5491919590577511,4,0.3212071455869001,0.5491919590577511,1.538527659228945e-07,951899693.9571503,2087756.7176652362,1.538527659228945e-07
4_196,4,196,C:\Users\kimeu\Downloads\starlink_pathB_wsl_package_v0_3_clean\starlink_pathB\zen.LST.baseline.4_196.sum.uvh5,ee,190.65540049004915,long,-110.15463251035547,155.60547591572114,-1.5409534618225607,37,2294,62,2461041.7569444445,2461041.7637673975,0.16643565188172044,0,5,5,5,0.0,0.356360522070895,0.0,0.9867730246375583,5,0.356360522070895,0.9867730246375583,1.6544385595976307e-07,614337034.5320113,2153966.492158911,1.6544385595976307e-07
4_196,4,196,C:\Users\kimeu\Downloads\starlink_pathB_wsl_package_v0_3_clean\starlink_pathB\zen.LST.baseline.4_196.sum.uvh5,ee,190.65540049004915,long,-110.15463251035547,155.60547591572114,-1.5409534618225607,38,2356,62,2461041.763888889,2461041.770711842,0.16635164650537634,0,3,3,3,0.0,0.2870181822616452,0.0,0.74664414194873,3,0.2870181822616452,0.74664414194873,1.4991392728599385e-07,4323090457.212322,1914553.15365126,1.4991392728599385e-07
4_196,4,196,C:\Users\kimeu\Downloads\starlink_pathB_wsl_package_v0_3_clean\starlink_pathB\zen.LST.baseline.4_196.sum.uvh5,ee,190.65540049004915,long,-110.15463251035547,155.60547591572114,-1.5409534618225607,39,2418,62,2461041.7708333335,2461041.7776562865,0.16584761424731181,0,2,2,2,0.0,0.01686142451615914,0.0,0.029500585149165884,2,0.01686142451615914,0.029500585149165884,6.119930009826017e-09,2081748299.8773618,2755166.2337782998,6.119930009826017e-09
4_196,4,196,C:\Users\kimeu\Downloads\starlink_pathB_wsl_package_v0_3_clean\starlink_pathB\zen.LST.baseline.4_196.sum.uvh5,ee,190.65540049004915,long,-110.15463251035547,155.60547591572114,-1.5409534618225607,40,2480,62,2461041.777777778,2461041.784600731,0.16636214717741934,0,6,6,6,0.0,0.3484575065066898,0.0,0.8056414039197263,6,0.3484575065066898,0.8056414039197263,8.091129782902665e-08,2169125444.8117027,4306660.699510889,8.091129782902665e-08
4_196,4,196,C:\Users\kimeu\Downloads\starlink_pathB_wsl_package_v0_3_clean\starlink_pathB\zen.LST.baseline.4_196.sum.uvh5,ee,190.65540049004915,long,-110.15463251035547,155.60547591572114,-1.5409534618225607,41,2542,62,2461041.784722222,2461041.791545175,0.16646715389784947,1,2,2,2,0.776904046133802,0.19470624145740908,0.776904046133802,0.5863109176460239,2,0.19470624145740908,0.5863109176460239,1.9176815387901558e-08,7646451380.032231,10153210.401151752,1.9176815387901558e-08
4_196,4,196,C:\Users\kimeu\Downloads\starlink_pathB_wsl_package_v0_3_clean\starlink_pathB\zen.LST.baseline.4_196.sum.uvh5,ee,190.65540049004915,long,-110.15463251035547,155.60547591572114,-1.5409534618225607,42,2604,62,2461041.7916666665,2461041.7984896195,0.16575310819892472,0,6,6,6,0.0,0.35654971283665626,0.0,0.6113952006290849,6,0.35654971283665626,0.6113952006290849,6.676608136416063e-08,71464608257.3006,5340282.154525975,6.676608136416063e-08
4_196,4,196,C:\Users\kimeu\Downloads\starlink_pathB_wsl_package_v0_3_clean\starlink_pathB\zen.LST.baseline.4_196.sum.uvh5,ee,190.65540049004915,long,-110.15463251035547,155.60547591572114,-1.5409534618225607,43,2666,62,2461041.798611111,2461041.805434064,0.16685567876344087,0,2,2,2,0.0,0.3059806379101992,0.0,0.996901135440778,2,0.3059806379101992,0.996901135440778,6.639624419538965e-08,19099900092.376755,4608402.8037755415,6.639624419538965e-08
4_196,4,196,C:\Users\kimeu\Downloads\starlink_pathB_wsl_package_v0_3_clean\starlink_pathB\zen.LST.baseline.4_196.sum.uvh5,ee,190.65540049004915,long,-110.15463251035547,155.60547591572114,-1.5409534618225607,44,2728,62,2461041.8055555555,2461041.8123785085,0.16596312163978494,0,3,3,3,0.0,0.2419547912000571,0.0,0.7241364102878726,3,0.2419547912000571,0.7241364102878726,1.6169924899213993e-07,4713996232.636968,1496326.004654594,1.6169924899213993e-07
4_196,4,196,C:\Users\kimeu\Downloads\starlink_pathB_wsl_package_v0_3_clean\starlink_pathB\zen.LST.baseline.4_196.sum.uvh5,ee,190.65540049004915,long,-110.15463251035547,155.60547591572114,-1.5409534618225607,45,2790,62,2461041.8125,2461041.819322953,0.166981686827957,0,2,2,2,0.0,0.0004316907159982403,0.0,0.0006749143264715858,2,0.0004316907159982403,0.0006749143264715858,2.353928685682643e-10,1281284099.0126307,1833915.8642482378,2.353928685682643e-10
4_196,4,196,C:\Users\kimeu\Downloads\starlink_pathB_wsl_package_v0_3_clean\starlink_pathB\zen.LST.baseline.4_196.sum.uvh5,ee,190.65540049004915,long,-110.15463251035547,155.60547591572114,-1.5409534618225607,46,2852,62,2461041.8194444445,2461041.8262673975,0.16685567876344087,0,6,6,6,0.0,0.23572824167680723,0.0,0.4552977482091947,6,0.23572824167680723,0.4552977482091947,7.817291377052534e-08,4158043540.214255,3015472.1156842336,7.817291377052534e-08
4_196,4,196,C:\Users\kimeu\Downloads\starlink_pathB_wsl_package_v0_3_clean\starlink_pathB\zen.LST.baseline.4_196.sum.uvh5,ee,190.65540049004915,long,-110.15463251035547,155.60547591572114,-1.5409534618225607,47,2914,62,2461041.826388889,2461041.833211842,0.1657111055107527,0,4,4,4,0.0,0.18822900815401855,0.0,0.5108260863619242,4,0.18822900815401855,0.5108260863619242,1.1398128160804802e-07,163467073915.03708,1651402.8049034327,1.1398128160804802e-07
4_196,4,196,C:\Users\kimeu\Downloads\starlink_pathB_wsl_package_v0_3_clean\starlink_pathB\zen.LST.baseline.4_196.sum.uvh5,ee,190.65540049004915,long,-110.15463251035547,155.60547591572114,-1.5409534618225607,48,2976,62,2461041.8333333335,2461041.8401562865,0.16638314852150538,0,2,2,2,0.0,0.014922085996042292,0.0,0.04576768186907193,2,0.014922085996042292,0.04576768186907193,5.3123270866481575e-09,28633808682.506603,2808954.6732818866,5.3123270866481575e-09
4_196,4,196,C:\Users\kimeu\Downloads\starlink_pathB_wsl_package_v0_3_clean\starlink_pathB\zen.LST.baseline.4_196.sum.uvh5,ee,190.65540049004915,long,-110.15463251035547,155.60547591572114,-1.5409534618225607,49,3038,62,2461041.840277778,2461041.847100731,0.16661416330645162,0,4,4,4,0.0,0.4385330849085768,0.0,0.9279511646397298,4,0.4385330849085768,0.9279511646397298,1.7894102045033225e-07,7145459169.388675,2450712.9992046636,1.7894102045033225e-07
4_196,4,196,C:\Users\kimeu\Downloads\starlink_pathB_wsl_package_v0_3_clean\starlink_pathB\zen.LST.baseline.4_196.sum.uvh5,ee,190.65540049004915,long,-110.15463251035547,155.60547591572114,-1.5409534618225607,50,3100,62,2461041.847222222,2461041.854045175,0.16528057795698925,0,6,6,6,0.0,0.34972237411950585,0.0,0.6086948826788393,6,0.34972237411950585,0.6086948826788393,1.2753357479945288e-07,666386509.7179642,2742198.473378056,1.2753357479945288e-07
4_196,4,196,C:\Users\kimeu\Downloads\starlink_pathB_wsl_package_v0_3_clean\starlink_pathB\zen.LST.baseline.4_196.sum.uvh5,ee,190.65540049004915,long,-110.15463251035547,155.60547591572114,-1.5409534618225607,51,3162,62,2461041.8541666665,2461041.8609896195,0.16598412298387097,1,4,4,4,0.008305882758116095,0.5098494816274408,0.008305882758116095,0.7273139335979131,4,0.5098494816274408,0.7273139335979131,2.203452341182575e-07,1345174272.079378,2313866.617844835,2.203452341182575e-07
4_196,4,196,C:\Users\kimeu\Downloads\starlink_pathB_wsl_package_v0_3_clean\starlink_pathB\zen.LST.baseline.4_196.sum.uvh5,ee,190.65540049004915,long,-110.15463251035547,155.60547591572114,-1.5409534618225607,52,3224,62,2461041.861111111,2461041.867934064,0.16546959005376344,0,8,8,8,0.0,0.7461311303091528,0.0,0.8464114110583065,8,0.7461311303091528,0.8464114110583065,3.323516172885752e-07,1011007347.3324461,2245005.263992141,3.323516172885752e-07
4_196,4,196,C:\Users\kimeu\Downloads\starlink_pathB_wsl_package_v0_3_clean\starlink_pathB\zen.LST.baseline.4_196.sum.uvh5,ee,190.65540049004915,long,-110.15463251035547,155.60547591572114,-1.5409534618225607,53,3286,62,2461041.8680555555,2461041.8748785085,0.16656165994623656,1,3,3,3,0.0023396773596836536,0.30413256099332964,0.0023396773596836536,0.4996640359057469,3,0.30413256099332964,0.4996640359057469,1.0473640104144899e-07,1564948671.358255,2903790.4488714524,1.0473640104144899e-07
4_196,4,196,C:\Users\kimeu\Downloads\starlink_pathB_wsl_package_v0_3_clean\starlink_pathB\zen.LST.baseline.4_196.sum.uvh5,ee,190.65540049004915,long,-110.15463251035547,155.60547591572114,-1.5409534618225607,54,3348,62,2461041.875,2461041.881822953,0.1672967069892473,0,4,4,4,0.0,0.21673228020298504,0.0,0.616185001151179,4,0.21673228020298504,0.616185001151179,9.733115263132953e-08,869754504.5246766,2226751.398125557,9.733115263132953e-08
4_196,4,196,C:\Users\kimeu\Downloads\starlink_pathB_wsl_package_v0_3_clean\starlink_pathB\zen.LST.baseline.4_196.sum.uvh5,ee,190.65540049004915,long,-110.15463251035547,155.60547591572114,-1.5409534618225607,55,3410,62,2461041.8819444445,2461041.8887673975,0.1656271001344086,0,3,3,3,0.0,0.28670049114161184,0.0,0.9326005479341334,3,0.28670049114161184,0.9326005479341334,6.640183652333538e-08,33410972092.976048,4317659.061144455,6.640183652333538e-08
4_196,4,196,C:\Users\kimeu\Downloads\starlink_pathB_wsl_package_v0_3_clean\starlink_pathB\zen.LST.baseline.4_196.sum.uvh5,ee,190.65540049004915,long,-110.15463251035547,155.60547591572114,-1.5409534618225607,56,3472,62,2461041.888888889,2461041.895711842,0.16546959005376344,0,6,6,6,0.0,0.620775413097927,0.0,0.8643087592320493,6,0.620775413097927,0.8643087592320493,1.3518249457277765e-07,2577710164592.273,4592128.700241752,1.3518249457277765e-07
4_196,4,196,C:\Users\kimeu\Downloads\starlink_pathB_wsl_package_v0_3_clean\starlink_pathB\zen.LST.baseline.4_196.sum.uvh5,ee,190.65540049004915,long,-110.15463251035547,155.60547591572114,-1.5409534618225607,57,3534,62,2461041.8958333335,2461041.9026562865,0.1675802251344086,0,6,6,6,0.0,0.20947771743508667,0.0,0.41761437957613023,6,0.20947771743508667,0.41761437957613023,3.6494627563663296e-08,6015666685912.234,5739960.411149884,3.6494627563663296e-08
4_196,4,196,C:\Users\kimeu\Downloads\starlink_pathB_wsl_package_v0_3_clean\starlink_pathB\zen.LST.baseline.4_196.sum.uvh5,ee,190.65540049004915,long,-110.15463251035547,155.60547591572114,-1.5409534618225607,58,3596,62,2461041.902777778,2461041.909600731,0.16798975134408603,0,5,5,5,0.0,0.12036852132435003,0.0,0.18183588309851056,5,0.12036852132435003,0.18183588309851056,7.64245791686762e-08,1098386228.8151934,1574997.5025532746,7.64245791686762e-08
4_196,4,196,C:\Users\kimeu\Downloads\starlink_pathB_wsl_package_v0_3_clean\starlink_pathB\zen.LST.baseline.4_196.sum.uvh5,ee,190.65540049004915,long,-110.15463251035547,155.60547591572114,-1.5409534618225607,59,3658,62,2461041.909722222,2461041.916545175,0.1681577620967742,0,6,6,6,0.0,0.6872306623487341,0.0,0.9426480648117707,6,0.6872306623487341,0.9426480648117707,3.318515489940557e-07,951089204.6547252,2070897.8590937485,3.318515489940557e-07
4_196,4,196,C:\Users\kimeu\Downloads\starlink_pathB_wsl_package_v0_3_clean\starlink_pathB\zen.LST.baseline.4_196.sum.uvh5,ee,190.65540049004915,long,-110.15463251035547,155.60547591572114,-1.5409534618225607,60,3720,62,2461041.9166666665,2461041.9234896195,0.1678742439516129,0,1,1,1,0.0,3.0769904893363125e-05,0.0,3.0769904893363125e-05,1,3.0769904893363125e-05,3.0769904893363125e-05,8.908545273024086e-12,4100821809.5328603,3453976.3732847935,8.908545273024086e-12
4_196,4,196,C:\Users\kimeu\Downloads\starlink_pathB_wsl_package_v0_3_clean\starlink_pathB\zen.LST.baseline.4_196.sum.uvh5,ee,190.65540049004915,long,-110.15463251035547,155.60547591572114,-1.5409534618225607,61,3782,62,2461041.923611111,2461041.930434064,0.17503570228494625,0,3,3,3,0.0,0.44567189911077393,0.0,0.9338566727692416,3,0.44567189911077393,0.9338566727692416,3.712578711582162e-08,56639221540630.72,12004375.765028436,3.712578711582162e-08
4_196,4,196,C:\Users\kimeu\Downloads\starlink_pathB_wsl_package_v0_3_clean\starlink_pathB\zen.LST.baseline.4_196.sum.uvh5,ee,190.65540049004915,long,-110.15463251035547,155.60547591572114,-1.5409534618225607,62,3844,62,2461041.9305555555,2461041.9373785085,0.24847740255376344,0,4,4,4,0.0,0.41429598522145367,0.0,0.8272224890322021,4,0.41429598522145367,0.8272224890322021,8.373821070505461e-08,952530713.607622,4947514.18418409,8.373821070505461e-08
4_196,4,196,C:\Users\kimeu\Downloads\starlink_pathB_wsl_package_v0_3_clean\starlink_pathB\zen.LST.baseline.4_196.sum.uvh5,ee,190.65540049004915,long,-110.15463251035547,155.60547591572114,-1.5409534618225607,63,3906,62,2461041.9375,2461041.944322953,0.3035849294354839,1,4,4,4,0.0002818752689222807,0.14698950232902025,0.0002818752689222807,0.24707532713891836,4,0.14698950232902025,0.24707532713891836,7.161160772793049e-08,120533610726.8323,2052593.245601583,7.161160772793049e-08
4_196,4,196,C:\Users\kimeu\Downloads\starlink_pathB_wsl_package_v0_3_clean\starlink_pathB\zen.LST.baseline.4_196.sum.uvh5,ee,190.65540049004915,long,-110.15463251035547,155.60547591572114,-1.5409534618225607,64,3968,62,2461041.9444444445,2461041.9512673975,0.652322748655914,0,2,2,2,0.0,0.2812107439459313,0.0,0.9963509766045548,2,0.2812107439459313,0.9963509766045548,1.1739933175983857e-05,1493650.312626894,23953.351329222078,1.1739933175983857e-05
4_76,4,76,C:\Users\kimeu\Downloads\starlink_pathB_wsl_package_v0_3_clean\starlink_pathB\zen.LST.baseline.4_76.sum.uvh5,ee,93.92067967148519,mid,72.81372037608848,59.3206841651254,-0.5591289010307676,0,0,62,2461041.5,2461041.5068229535,0.23506804435483872,1,4,4,4,0.33087588566844983,0.5502745938468236,0.33087588566844983,0.7280464634021924,4,0.5502745938468236,0.7280464634021924,7.117139047722464e-05,3977672.7827248564,7731.682494287019,7.117139047722464e-05
4_76,4,76,C:\Users\kimeu\Downloads\starlink_pathB_wsl_package_v0_3_clean\starlink_pathB\zen.LST.baseline.4_76.sum.uvh5,ee,93.92067967148519,mid,72.81372037608848,59.3206841651254,-0.5591289010307676,1,62,62,2461041.5069444445,2461041.513767398,0.18663894489247312,0,4,4,4,0.0,0.17558204052578452,0.0,0.4821174098933508,4,0.17558204052578452,0.4821174098933508,2.341030658829055e-06,22306946.368657228,75002.02522491003,2.341030658829055e-06
4_76,4,76,C:\Users\kimeu\Downloads\starlink_pathB_wsl_package_v0_3_clean\starlink_pathB\zen.LST.baseline.4_76.sum.uvh5,ee,93.92067967148519,mid,72.81372037608848,59.3206841651254,-0.5591289010307676,2,124,62,2461041.513888889,2461041.5207118425,0.18695396505376344,1,3,3,3,0.02274717290127737,0.1812254192505289,0.02274717290127737,0.5352241138648121,3,0.1812254192505289,0.5352241138648121,3.819610307620771e-07,85599000.9681557,474460.49375496083,3.819610307620771e-07
4_76,4,76,C:\Users\kimeu\Downloads\starlink_pathB_wsl_package_v0_3_clean\starlink_pathB\zen.LST.baseline.4_76.sum.uvh5,ee,93.92067967148519,mid,72.81372037608848,59.3206841651254,-0.5591289010307676,3,186,62,2461041.5208333335,2461041.527656287,0.1895476310483871,0,1,1,1,0.0,0.20661704468541942,0.0,0.778550973821895,1,0.20661704468541942,0.778550973821895,2.7013282314378206e-07,730229627.2364271,764872.0443551746,2.7013282314378206e-07
4_76,4,76,C:\Users\kimeu\Downloads\starlink_pathB_wsl_package_v0_3_clean\starlink_pathB\zen.LST.baseline.4_76.sum.uvh5,ee,93.92067967148519,mid,72.81372037608848,59.3206841651254,-0.5591289010307676,4,248,62,2461041.527777778,2461041.5346007315,0.1714654737903226,1,5,5,5,0.006509913503000268,0.29197839306488044,0.006509913503000268,0.7839253298317038,5,0.29197839306488044,0.7839253298317038,3.5280741572556984e-07,1143820545.1389236,827585.7593991021,3.5280741572556984e-07
4_76,4,76,C:\Users\kimeu\Downloads\starlink_pathB_wsl_package_v0_3_clean\starlink_pathB\zen.LST.baseline.4_76.sum.uvh5,ee,93.92067967148519,mid,72.81372037608848,59.3206841651254,-0.5591289010307676,5,310,62,2461041.534722222,2461041.5415451755,0.1678742439516129,0,5,5,5,0.0,0.4265461647481952,0.0,0.642949814682819,5,0.4265461647481952,0.642949814682819,5.562943823592958e-07,1858615393.013347,766763.3869304478,5.562943823592958e-07
4_76,4,76,C:\Users\kimeu\Downloads\starlink_pathB_wsl_package_v0_3_clean\starlink_pathB\zen.LST.baseline.4_76.sum.uvh5,ee,93.92067967148519,mid,72.81372037608848,59.3206841651254,-0.5591289010307676,6,372,62,2461041.5416666665,2461041.54848962,0.1676747311827957,0,3,3,3,0.0,0.29099277716989397,0.0,0.5800263647610057,3,0.29099277716989397,0.5800263647610057,5.046068926728209e-07,310837266.400121,576672.2202872663,5.046068926728209e-07
4_76,4,76,C:\Users\kimeu\Downloads\starlink_pathB_wsl_package_v0_3_clean\starlink_pathB\zen.LST.baseline.4_76.sum.uvh5,ee,93.92067967148519,mid,72.81372037608848,59.3206841651254,-0.5591289010307676,7,434,62,2461041.548611111,2461041.5554340645,0.16823126680107528,1,8,8,8,0.0004122087285943486,0.43707188882479064,0.0004122087285943486,0.7170519983903962,8,0.43707188882479064,0.7170519983903962,3.991536788550913e-07,1319607982.2272415,1094996.5188306961,3.991536788550913e-07
4_76,4,76,C:\Users\kimeu\Downloads\starlink_pathB_wsl_package_v0_3_clean\starlink_pathB\zen.LST.baseline.4_76.sum.uvh5,ee,93.92067967148519,mid,72.81372037608848,59.3206841651254,-0.5591289010307676,8,496,62,2461041.5555555555,2461041.562378509,0.16840977822580644,0,2,2,2,0.0,0.2057117264676688,0.0,0.6984661256995437,2,0.2057117264676688,0.6984661256995437,2.8824654372780613e-07,2312483477.5069857,713665.8910364049,2.8824654372780613e-07
4_76,4,76,C:\Users\kimeu\Downloads\starlink_pathB_wsl_package_v0_3_clean\starlink_pathB\zen.LST.baseline.4_76.sum.uvh5,ee,93.92067967148519,mid,72.81372037608848,59.3206841651254,-0.5591289010307676,9,558,62,2461041.5625,2461041.5693229535,0.16663516465053763,1,5,5,5,0.0010971768248922275,0.33286132694916554,0.0010971768248922275,0.6977204569959614,5,0.33286132694916554,0.6977204569959614,4.888562359818445e-07,269160873.8336835,680898.1914296938,4.888562359818445e-07
4_76,4,76,C:\Users\kimeu\Downloads\starlink_pathB_wsl_package_v0_3_clean\starlink_pathB\zen.LST.baseline.4_76.sum.uvh5,ee,93.92067967148519,mid,72.81372037608848,59.3206841651254,-0.5591289010307676,10,620,62,2461041.5694444445,2461041.576267398,0.1665091565860215,1,8,8,8,0.0035743937970326312,0.39560371903806024,0.0035743937970326312,0.6208865344769782,8,0.39560371903806024,0.6208865344769782,4.5210972048013113e-07,2070817114.512234,875017.0613848721,4.5210972048013113e-07
4_76,4,76,C:\Users\kimeu\Downloads\starlink_pathB_wsl_package_v0_3_clean\starlink_pathB\zen.LST.baseline.4_76.sum.uvh5,ee,93.92067967148519,mid,72.81372037608848,59.3206841651254,-0.5591289010307676,11,682,62,2461041.576388889,2461041.5832118425,0.16794774865591397,1,5,5,5,0.0006393160041250509,0.6121911094018112,0.0006393160041250509,0.6787630996977061,5,0.6121911094018112,0.6787630996977061,5.77631579635911e-07,301721593.6975734,1059829.7097739766,5.77631579635911e-07
4_76,4,76,C:\Users\kimeu\Downloads\starlink_pathB_wsl_package_v0_3_clean\starlink_pathB\zen.LST.baseline.4_76.sum.uvh5,ee,93.92067967148519,mid,72.81372037608848,59.3206841651254,-0.5591289010307676,12,744,62,2461041.5833333335,2461041.590156287,0.16685567876344087,0,1,1,1,0.0,0.001343063595186559,0.0,0.001343063595186559,1,0.001343063595186559,0.001343063595186559,1.3044053222742904e-09,1342480309.7004797,1029636.7028347186,1.3044053222742904e-09
4_76,4,76,C:\Users\kimeu\Downloads\starlink_pathB_wsl_package_v0_3_clean\starlink_pathB\zen.LST.baseline.4_76.sum.uvh5,ee,93.92067967148519,mid,72.81372037608848,59.3206841651254,-0.5591289010307676,13,806,62,2461041.590277778,2461041.5971007315,0.16646715389784947,0,3,3,3,0.0,0.49245886625147556,0.0,0.9450884636561743,3,0.49245886625147556,0.9450884636561743,5.260085206480075e-07,3900146759.1088433,936218.4202734947,5.260085206480075e-07
4_76,4,76,C:\Users\kimeu\Downloads\starlink_pathB_wsl_package_v0_3_clean\starlink_pathB\zen.LST.baseline.4_76.sum.uvh5,ee,93.92067967148519,mid,72.81372037608848,59.3206841651254,-0.5591289010307676,14,868,62,2461041.597222222,2461041.6040451755,0.16686617943548387,0,2,2,2,0.0,0.45992065055805087,0.0,0.956171545687925,2,0.45992065055805087,0.956171545687925,4.593527438451592e-07,3446574530.6509557,1001236.3194092144,4.593527438451592e-07
4_76,4,76,C:\Users\kimeu\Downloads\starlink_pathB_wsl_package_v0_3_clean\starlink_pathB\zen.LST.baseline.4_76.sum.uvh5,ee,93.92067967148519,mid,72.81372037608848,59.3206841651254,-0.5591289010307676,15,930,62,2461041.6041666665,2461041.61098962,0.16528057795698925,1,4,4,4,3.084991352301424e-05,0.5125979855485051,3.084991352301424e-05,0.9746270301393545,4,0.5125979855485051,0.9746270301393545,8.672629877683793e-07,3155392828.620595,591052.5328280297,8.672629877683793e-07
4_76,4,76,C:\Users\kimeu\Downloads\starlink_pathB_wsl_package_v0_3_clean\starlink_pathB\zen.LST.baseline.4_76.sum.uvh5,ee,93.92067967148519,mid,72.81372037608848,59.3206841651254,-0.5591289010307676,16,992,62,2461041.611111111,2461041.6179340645,0.16574260752688172,0,2,2,2,0.0,0.02123038413644645,0.0,0.051994079844118836,2,0.02123038413644645,0.051994079844118836,2.2764099571967444e-08,266653541.90438256,932625.692895419,2.2764099571967444e-08
4_76,4,76,C:\Users\kimeu\Downloads\starlink_pathB_wsl_package_v0_3_clean\starlink_pathB\zen.LST.baseline.4_76.sum.uvh5,ee,93.92067967148519,mid,72.81372037608848,59.3206841651254,-0.5591289010307676,17,1054,62,2461041.6180555555,2461041.624878509,0.1657111055107527,0,2,2,2,0.0,0.06846870788021289,0.0,0.28051662074245665,2,0.06846870788021289,0.28051662074245665,7.747507627984596e-08,328285084.9519131,883751.4097165731,7.747507627984596e-08
4_76,4,76,C:\Users\kimeu\Downloads\starlink_pathB_wsl_package_v0_3_clean\starlink_pathB\zen.LST.baseline.4_76.sum.uvh5,ee,93.92067967148519,mid,72.81372037608848,59.3206841651254,-0.5591289010307676,18,1116,62,2461041.625,2461041.6318229535,0.16517557123655913,0,4,4,4,0.0,0.2363981628786352,0.0,0.38438541749119554,4,0.2363981628786352,0.38438541749119554,1.3589646587029428e-07,924493371.9453931,1739546.0681388453,1.3589646587029428e-07
4_76,4,76,C:\Users\kimeu\Downloads\starlink_pathB_wsl_package_v0_3_clean\starlink_pathB\zen.LST.baseline.4_76.sum.uvh5,ee,93.92067967148519,mid,72.81372037608848,59.3206841651254,-0.5591289010307676,19,1178,62,2461041.6319444445,2461041.638767398,0.16509156586021506,0,4,4,4,0.0,0.023868672307009665,0.0,0.04932161857556596,4,0.023868672307009665,0.04932161857556596,1.5841643623600422e-08,739688332.4999801,1506704.2836041842,1.5841643623600422e-08
4_76,4,76,C:\Users\kimeu\Downloads\starlink_pathB_wsl_package_v0_3_clean\starlink_pathB\zen.LST.baseline.4_76.sum.uvh5,ee,93.92067967148519,mid,72.81372037608848,59.3206841651254,-0.5591289010307676,20,1240,62,2461041.638888889,2461041.6457118425,0.16683467741935484,0,4,4,4,0.0,0.16291867713468297,0.0,0.30801675453485433,4,0.16291867713468297,0.30801675453485433,1.1580813487060694e-07,683780658.0453335,1406798.2125496874,1.1580813487060694e-07
4_76,4,76,C:\Users\kimeu\Downloads\starlink_pathB_wsl_package_v0_3_clean\starlink_pathB\zen.LST.baseline.4_76.sum.uvh5,ee,93.92067967148519,mid,72.81372037608848,59.3206841651254,-0.5591289010307676,21,1302,62,2461041.6458333335,2461041.652656287,0.16702368951612903,0,3,3,3,0.0,0.07815271613371509,0.0,0.12194591377078616,3,0.07815271613371509,0.12194591377078616,2.687593927922281e-08,2774842300.082186,2907906.411075025,2.687593927922281e-08
4_76,4,76,C:\Users\kimeu\Downloads\starlink_pathB_wsl_package_v0_3_clean\starlink_pathB\zen.LST.baseline.4_76.sum.uvh5,ee,93.92067967148519,mid,72.81372037608848,59.3206841651254,-0.5591289010307676,22,1364,62,2461041.652777778,2461041.6596007315,0.16532258064516128,0,3,3,3,0.0,0.04347690205806057,0.0,0.12295632724432037,3,0.04347690205806057,0.12295632724432037,1.8044588009667437e-08,1087255014.4583097,2409415.057565609,1.8044588009667437e-08
4_76,4,76,C:\Users\kimeu\Downloads\starlink_pathB_wsl_package_v0_3_clean\starlink_pathB\zen.LST.baseline.4_76.sum.uvh5,ee,93.92067967148519,mid,72.81372037608848,59.3206841651254,-0.5591289010307676,23,1426,62,2461041.659722222,2461041.6665451755,0.1648500504032258,0,3,3,3,0.0,0.275505408017723,0.0,0.5786751971552218,3,0.275505408017723,0.5786751971552218,1.1738847152108867e-07,28116993108.642597,2346954.555654376,1.1738847152108867e-07
4_76,4,76,C:\Users\kimeu\Downloads\starlink_pathB_wsl_package_v0_3_clean\starlink_pathB\zen.LST.baseline.4_76.sum.uvh5,ee,93.92067967148519,mid,72.81372037608848,59.3206841651254,-0.5591289010307676,24,1488,62,2461041.6666666665,2461041.67348962,0.16476604502688172,0,5,5,5,0.0,0.22773362399156483,0.0,0.43415361759428933,5,0.22773362399156483,0.43415361759428933,1.2671142408467384e-07,2084154957.0482645,1797261.9725225703,1.2671142408467384e-07
4_76,4,76,C:\Users\kimeu\Downloads\starlink_pathB_wsl_package_v0_3_clean\starlink_pathB\zen.LST.baseline.4_76.sum.uvh5,ee,93.92067967148519,mid,72.81372037608848,59.3206841651254,-0.5591289010307676,25,1550,62,2461041.673611111,2461041.6804340645,0.16430401545698925,0,5,5,5,0.0,0.20114597368031706,0.0,0.5088303857540691,5,0.20114597368031706,0.5088303857540691,2.0483589810020283e-07,452056403.8105416,981985.9484879905,2.0483589810020283e-07
4_76,4,76,C:\Users\kimeu\Downloads\starlink_pathB_wsl_package_v0_3_clean\starlink_pathB\zen.LST.baseline.4_76.sum.uvh5,ee,93.92067967148519,mid,72.81372037608848,59.3206841651254,-0.5591289010307676,26,1612,62,2461041.6805555555,2461041.687378509,0.1646505376344086,1,5,5,5,5.2688158235845604e-05,0.05072798537127345,5.2688158235845604e-05,0.13239227252198724,5,0.05072798537127345,0.13239227252198724,8.067822497803054e-08,370638449.1643816,628769.229678605,8.067822497803054e-08
4_76,4,76,C:\Users\kimeu\Downloads\starlink_pathB_wsl_package_v0_3_clean\starlink_pathB\zen.LST.baseline.4_76.sum.uvh5,ee,93.92067967148519,mid,72.81372037608848,59.3206841651254,-0.5591289010307676,27,1674,62,2461041.6875,2461041.6943229535,0.16433551747311828,0,2,2,2,0.0,0.2437121546123139,0.0,0.8187488961970543,2,0.2437121546123139,0.8187488961970543,4.952717987467195e-07,2252515892.948473,492077.59300857666,4.952717987467195e-07
4_76,4,76,C:\Users\kimeu\Downloads\starlink_pathB_wsl_package_v0_3_clean\starlink_pathB\zen.LST.baseline.4_76.sum.uvh5,ee,93.92067967148519,mid,72.81372037608848,59.3206841651254,-0.5591289010307676,28,1736,62,2461041.6944444445,2461041.701267398,0.1651440692204301,0,2,2,2,0.0,0.0007516225380816418,0.0,0.0006365662667992243,2,0.0007516225380816418,0.0006365662667992243,9.83824303187534e-10,423313510.8670011,763980.4542807371,9.83824303187534e-10
4_76,4,76,C:\Users\kimeu\Downloads\starlink_pathB_wsl_package_v0_3_clean\starlink_pathB\zen.LST.baseline.4_76.sum.uvh5,ee,93.92067967148519,mid,72.81372037608848,59.3206841651254,-0.5591289010307676,29,1798,62,2461041.701388889,2461041.7082118425,0.16410450268817203,0,2,2,2,0.0,0.15122580595081875,0.0,0.5780989817151402,2,0.15122580595081875,0.5780989817151402,2.165970163468028e-07,574337162.057734,698189.7004005106,2.165970163468028e-07
4_76,4,76,C:\Users\kimeu\Downloads\starlink_pathB_wsl_package_v0_3_clean\starlink_pathB\zen.LST.baseline.4_76.sum.uvh5,ee,93.92067967148519,mid,72.81372037608848,59.3206841651254,-0.5591289010307676,30,1860,62,2461041.7083333335,2461041.715156287,0.16453503024193547,0,3,3,3,0.0,0.09986243820864145,0.0,0.22613877759676462,3,0.09986243820864145,0.22613877759676462,2.212273593196011e-07,218485696.37692332,451401.84521378716,2.212273593196011e-07
4_76,4,76,C:\Users\kimeu\Downloads\starlink_pathB_wsl_package_v0_3_clean\starlink_pathB\zen.LST.baseline.4_76.sum.uvh5,ee,93.92067967148519,mid,72.81372037608848,59.3206841651254,-0.5591289010307676,31,1922,62,2461041.715277778,2461041.7221007315,0.16453503024193547,0,4,4,4,0.0,0.09689170230687942,0.0,0.21453219285602132,4,0.09689170230687942,0.21453219285602132,1.858328976090633e-07,241917611.41509658,521391.54882420506,1.858328976090633e-07
4_76,4,76,C:\Users\kimeu\Downloads\starlink_pathB_wsl_package_v0_3_clean\starlink_pathB\zen.LST.baseline.4_76.sum.uvh5,ee,93.92067967148519,mid,72.81372037608848,59.3206841651254,-0.5591289010307676,32,1984,62,2461041.722222222,2461041.7290451755,0.16510206653225806,0,3,3,3,0.0,0.39049641960412795,0.0,0.8621952177012273,3,0.39049641960412795,0.8621952177012273,9.239128515727358e-07,227886024.8553923,422655.0360668793,9.239128515727358e-07
4_76,4,76,C:\Users\kimeu\Downloads\starlink_pathB_wsl_package_v0_3_clean\starlink_pathB\zen.LST.baseline.4_76.sum.uvh5,ee,93.92067967148519,mid,72.81372037608848,59.3206841651254,-0.5591289010307676,33,2046,62,2461041.7291666665,2461041.73598962,0.16536458333333334,0,5,5,5,0.0,0.33149479679068383,0.0,0.3484546838830035,5,0.33149479679068383,0.3484546838830035,4.3284727950869447e-07,1529053079.1615102,765847.0146028149,4.3284727950869447e-07
4_76,4,76,C:\Users\kimeu\Downloads\starlink_pathB_wsl_package_v0_3_clean\starlink_pathB\zen.LST.baseline.4_76.sum.uvh5,ee,93.92067967148519,mid,72.81372037608848,59.3206841651254,-0.5591289010307676,34,2108,62,2461041.736111111,2461041.7429340645,0.16429351478494625,1,4,4,4,0.00014289495363501375,0.26670756042623767,0.00014289495363501375,0.7820357281270546,4,0.26670756042623767,0.7820357281270546,4.952841205848113e-07,251966230.5193327,538494.067024237,4.952841205848113e-07
4_76,4,76,C:\Users\kimeu\Downloads\starlink_pathB_wsl_package_v0_3_clean\starlink_pathB\zen.LST.baseline.4_76.sum.uvh5,ee,93.92067967148519,mid,72.81372037608848,59.3206841651254,-0.5591289010307676,35,2170,62,2461041.7430555555,2461041.749878509,0.16420950940860216,0,5,5,5,0.0,0.28702035123589004,0.0,0.5329721044266462,5,0.28702035123589004,0.5329721044266462,4.452554532023851e-07,308046662.04026145,644619.5081308272,4.452554532023851e-07
4_76,4,76,C:\Users\kimeu\Downloads\starlink_pathB_wsl_package_v0_3_clean\starlink_pathB\zen.LST.baseline.4_76.sum.uvh5,ee,93.92067967148519,mid,72.81372037608848,59.3206841651254,-0.5591289010307676,36,2232,62,2461041.75,2461041.7568229535,0.16577410954301075,0,4,4,4,0.0,0.3212071455869001,0.0,0.5491919590577511,4,0.3212071455869001,0.5491919590577511,3.2768144417372506e-07,618428529.2355131,980242.0957855871,3.2768144417372506e-07
4_76,4,76,C:\Users\kimeu\Downloads\starlink_pathB_wsl_package_v0_3_clean\starlink_pathB\zen.LST.baseline.4_76.sum.uvh5,ee,93.92067967148519,mid,72.81372037608848,59.3206841651254,-0.5591289010307676,37,2294,62,2461041.7569444445,2461041.7637673975,0.16529107862903225,0,5,5,5,0.0,0.356360522070895,0.0,0.9867730246375583,5,0.356360522070895,0.9867730246375583,7.224216772607993e-08,978627257.5338765,4932860.31258232,7.224216772607993e-08
4_76,4,76,C:\Users\kimeu\Downloads\starlink_pathB_wsl_package_v0_3_clean\starlink_pathB\zen.LST.baseline.4_76.sum.uvh5,ee,93.92067967148519,mid,72.81372037608848,59.3206841651254,-0.5591289010307676,38,2356,62,2461041.763888889,2461041.770711842,0.1647345430107527,0,3,3,3,0.0,0.2870181822616452,0.0,0.74664414194873,3,0.2870181822616452,0.74664414194873,3.9675950361784303e-08,2282901308.5155087,7234059.414947243,3.9675950361784303e-08
4_76,4,76,C:\Users\kimeu\Downloads\starlink_pathB_wsl_package_v0_3_clean\starlink_pathB\zen.LST.baseline.4_76.sum.uvh5,ee,93.92067967148519,mid,72.81372037608848,59.3206841651254,-0.5591289010307676,39,2418,62,2461041.7708333335,2461041.7776562865,0.1649550571236559,0,2,2,2,0.0,0.01686142451615914,0.0,0.029500585149165884,2,0.01686142451615914,0.029500585149165884,1.495575918943901e-09,4375282576.830555,11274201.665446587,1.495575918943901e-09
4_76,4,76,C:\Users\kimeu\Downloads\starlink_pathB_wsl_package_v0_3_clean\starlink_pathB\zen.LST.baseline.4_76.sum.uvh5,ee,93.92067967148519,mid,72.81372037608848,59.3206841651254,-0.5591289010307676,40,2480,62,2461041.777777778,2461041.784600731,0.1656271001344086,0,6,6,6,0.0,0.3484575065066898,0.0,0.8056414039197263,6,0.3484575065066898,0.8056414039197263,6.145471364912359e-08,5302543343.761873,5670151.007394031,6.145471364912359e-08
4_76,4,76,C:\Users\kimeu\Downloads\starlink_pathB_wsl_package_v0_3_clean\starlink_pathB\zen.LST.baseline.4_76.sum.uvh5,ee,93.92067967148519,mid,72.81372037608848,59.3206841651254,-0.5591289010307676,41,2542,62,2461041.784722222,2461041.791545175,0.16492355510752688,1,2,2,2,0.776904046133802,0.19470624145740908,0.776904046133802,0.5863109176460239,2,0.19470624145740908,0.5863109176460239,1.7898344722605895e-08,3428771166.6617827,10878449.62620996,1.7898344722605895e-08
4_76,4,76,C:\Users\kimeu\Downloads\starlink_pathB_wsl_package_v0_3_clean\starlink_pathB\zen.LST.baseline.4_76.sum.uvh5,ee,93.92067967148519,mid,72.81372037608848,59.3206841651254,-0.5591289010307676,42,2604,62,2461041.7916666665,2461041.7984896195,0.1650390625,0,6,6,6,0.0,0.35654971283665626,0.0,0.6113952006290849,6,0.35654971283665626,0.6113952006290849,5.422910273191774e-08,3599924545.084386,6574877.600303739,5.422910273191774e-08
4_76,4,76,C:\Users\kimeu\Downloads\starlink_pathB_wsl_package_v0_3_clean\starlink_pathB\zen.LST.baseline.4_76.sum.uvh5,ee,93.92067967148519,mid,72.81372037608848,59.3206841651254,-0.5591289010307676,43,2666,62,2461041.798611111,2461041.805434064,0.16621513776881722,0,2,2,2,0.0,0.3059806379101992,0.0,0.996901135440778,2,0.3059806379101992,0.996901135440778,1.5814054396829826e-07,654046210.4653128,1934865.2169271517,1.5814054396829826e-07
4_76,4,76,C:\Users\kimeu\Downloads\starlink_pathB_wsl_package_v0_3_clean\starlink_pathB\zen.LST.baseline.4_76.sum.uvh5,ee,93.92067967148519,mid,72.81372037608848,59.3206841651254,-0.5591289010307676,44,2728,62,2461041.8055555555,2461041.8123785085,0.1653330813172043,0,3,3,3,0.0,0.2419547912000571,0.0,0.7241364102878726,3,0.2419547912000571,0.7241364102878726,2.84006180328936e-07,508200322.43394154,851934.9505698257,2.84006180328936e-07
4_76,4,76,C:\Users\kimeu\Downloads\starlink_pathB_wsl_package_v0_3_clean\starlink_pathB\zen.LST.baseline.4_76.sum.uvh5,ee,93.92067967148519,mid,72.81372037608848,59.3206841651254,-0.5591289010307676,45,2790,62,2461041.8125,2461041.819322953,0.1648605510752688,0,2,2,2,0.0,0.0004316907159982403,0.0,0.0006749143264715858,2,0.0004316907159982403,0.0006749143264715858,6.860047858428123e-10,337128169.52228856,629282.3678596839,6.860047858428123e-10
4_76,4,76,C:\Users\kimeu\Downloads\starlink_pathB_wsl_package_v0_3_clean\starlink_pathB\zen.LST.baseline.4_76.sum.uvh5,ee,93.92067967148519,mid,72.81372037608848,59.3206841651254,-0.5591289010307676,46,2852,62,2461041.8194444445,2461041.8262673975,0.16538558467741934,0,6,6,6,0.0,0.23572824167680723,0.0,0.4552977482091947,6,0.23572824167680723,0.4552977482091947,3.7227139336477956e-07,467619092.17421794,633216.1049125333,3.7227139336477956e-07
4_76,4,76,C:\Users\kimeu\Downloads\starlink_pathB_wsl_package_v0_3_clean\starlink_pathB\zen.LST.baseline.4_76.sum.uvh5,ee,93.92067967148519,mid,72.81372037608848,59.3206841651254,-0.5591289010307676,47,2914,62,2461041.826388889,2461041.833211842,0.16636214717741934,0,4,4,4,0.0,0.18822900815401855,0.0,0.5108260863619242,4,0.18822900815401855,0.5108260863619242,3.9027732144877303e-07,468874011.5925231,482295.53143206425,3.9027732144877303e-07
4_76,4,76,C:\Users\kimeu\Downloads\starlink_pathB_wsl_package_v0_3_clean\starlink_pathB\zen.LST.baseline.4_76.sum.uvh5,ee,93.92067967148519,mid,72.81372037608848,59.3206841651254,-0.5591289010307676,48,2976,62,2461041.8333333335,2461041.8401562865,0.16554309475806453,0,2,2,2,0.0,0.014922085996042292,0.0,0.04576768186907193,2,0.014922085996042292,0.04576768186907193,2.4042749350941773e-08,441563722.10192585,620648.0705775765,2.4042749350941773e-08
4_76,4,76,C:\Users\kimeu\Downloads\starlink_pathB_wsl_package_v0_3_clean\starlink_pathB\zen.LST.baseline.4_76.sum.uvh5,ee,93.92067967148519,mid,72.81372037608848,59.3206841651254,-0.5591289010307676,49,3038,62,2461041.840277778,2461041.847100731,0.16545908938172044,0,4,4,4,0.0,0.4385330849085768,0.0,0.9279511646397298,4,0.4385330849085768,0.9279511646397298,5.52580582873816e-07,716450960.5495466,793609.2915677379,5.52580582873816e-07
4_76,4,76,C:\Users\kimeu\Downloads\starlink_pathB_wsl_package_v0_3_clean\starlink_pathB\zen.LST.baseline.4_76.sum.uvh5,ee,93.92067967148519,mid,72.81372037608848,59.3206841651254,-0.5591289010307676,50,3100,62,2461041.847222222,2461041.854045175,0.16510206653225806,0,6,6,6,0.0,0.34972237411950585,0.0,0.6086948826788393,6,0.34972237411950585,0.6086948826788393,3.7363536691843155e-07,2560004966.5754414,935999.1186162359,3.7363536691843155e-07
4_76,4,76,C:\Users\kimeu\Downloads\starlink_pathB_wsl_package_v0_3_clean\starlink_pathB\zen.LST.baseline.4_76.sum.uvh5,ee,93.92067967148519,mid,72.81372037608848,59.3206841651254,-0.5591289010307676,51,3162,62,2461041.8541666665,2461041.8609896195,0.1649340557795699,1,4,4,4,0.008305882758116095,0.5098494816274408,0.008305882758116095,0.7273139335979131,4,0.5098494816274408,0.7273139335979131,9.479965609211167e-07,427864249.20226777,537817.8599424958,9.479965609211167e-07
4_76,4,76,C:\Users\kimeu\Downloads\starlink_pathB_wsl_package_v0_3_clean\starlink_pathB\zen.LST.baseline.4_76.sum.uvh5,ee,93.92067967148519,mid,72.81372037608848,59.3206841651254,-0.5591289010307676,52,3224,62,2461041.861111111,2461041.867934064,0.16444052419354838,0,8,8,8,0.0,0.7461311303091528,0.0,0.8464114110583065,8,0.7461311303091528,0.8464114110583065,7.714385564964336e-07,308501128.5898934,967194.5017860956,7.714385564964336e-07
4_76,4,76,C:\Users\kimeu\Downloads\starlink_pathB_wsl_package_v0_3_clean\starlink_pathB\zen.LST.baseline.4_76.sum.uvh5,ee,93.92067967148519,mid,72.81372037608848,59.3206841651254,-0.5591289010307676,53,3286,62,2461041.8680555555,2461041.8748785085,0.16604712701612903,1,3,3,3,0.0023396773596836536,0.30413256099332964,0.0023396773596836536,0.4996640359057469,3,0.30413256099332964,0.4996640359057469,9.536439423482429e-07,503564964.59583175,318916.2616022462,9.536439423482429e-07
4_76,4,76,C:\Users\kimeu\Downloads\starlink_pathB_wsl_package_v0_3_clean\starlink_pathB\zen.LST.baseline.4_76.sum.uvh5,ee,93.92067967148519,mid,72.81372037608848,59.3206841651254,-0.5591289010307676,54,3348,62,2461041.875,2461041.881822953,0.1668136760752688,0,4,4,4,0.0,0.21673228020298504,0.0,0.616185001151179,4,0.21673228020298504,0.616185001151179,4.044784239893162e-07,246012887.6061259,535831.4989100872,4.044784239893162e-07
4_76,4,76,C:\Users\kimeu\Downloads\starlink_pathB_wsl_package_v0_3_clean\starlink_pathB\zen.LST.baseline.4_76.sum.uvh5,ee,93.92067967148519,mid,72.81372037608848,59.3206841651254,-0.5591289010307676,55,3410,62,2461041.8819444445,2461041.8887673975,0.16491305443548387,0,3,3,3,0.0,0.28670049114161184,0.0,0.9326005479341334,3,0.28670049114161184,0.9326005479341334,6.085262845347236e-07,205151609.10128078,471139.042680501,6.085262845347236e-07
4_76,4,76,C:\Users\kimeu\Downloads\starlink_pathB_wsl_package_v0_3_clean\starlink_pathB\zen.LST.baseline.4_76.sum.uvh5,ee,93.92067967148519,mid,72.81372037608848,59.3206841651254,-0.5591289010307676,56,3472,62,2461041.888888889,2461041.895711842,0.1644510248655914,0,6,6,6,0.0,0.620775413097927,0.0,0.8643087592320493,6,0.620775413097927,0.8643087592320493,1.6101862551622073e-06,642504376.3992425,385530.1901303283,1.6101862551622073e-06
4_76,4,76,C:\Users\kimeu\Downloads\starlink_pathB_wsl_package_v0_3_clean\starlink_pathB\zen.LST.baseline.4_76.sum.uvh5,ee,93.92067967148519,mid,72.81372037608848,59.3206841651254,-0.5591289010307676,57,3534,62,2461041.8958333335,2461041.9026562865,0.16784274193548387,0,6,6,6,0.0,0.20947771743508667,0.0,0.41761437957613023,6,0.20947771743508667,0.41761437957613023,5.288588809062989e-07,2969933661.771977,396093.7879611803,5.288588809062989e-07
4_76,4,76,C:\Users\kimeu\Downloads\starlink_pathB_wsl_package_v0_3_clean\starlink_pathB\zen.LST.baseline.4_76.sum.uvh5,ee,93.92067967148519,mid,72.81372037608848,59.3206841651254,-0.5591289010307676,58,3596,62,2461041.902777778,2461041.909600731,0.1676642305107527,0,5,5,5,0.0,0.12036852132435003,0.0,0.18183588309851056,5,0.12036852132435003,0.18183588309851056,2.4787525779845573e-07,186734794.84339628,485601.1947034268,2.4787525779845573e-07
4_76,4,76,C:\Users\kimeu\Downloads\starlink_pathB_wsl_package_v0_3_clean\starlink_pathB\zen.LST.baseline.4_76.sum.uvh5,ee,93.92067967148519,mid,72.81372037608848,59.3206841651254,-0.5591289010307676,59,3658,62,2461041.909722222,2461041.916545175,0.16614163306451613,0,6,6,6,0.0,0.6872306623487341,0.0,0.9426480648117707,6,0.6872306623487341,0.9426480648117707,5.903808541973674e-07,1749942116.6103313,1164046.3227470946,5.903808541973674e-07
4_76,4,76,C:\Users\kimeu\Downloads\starlink_pathB_wsl_package_v0_3_clean\starlink_pathB\zen.LST.baseline.4_76.sum.uvh5,ee,93.92067967148519,mid,72.81372037608848,59.3206841651254,-0.5591289010307676,60,3720,62,2461041.9166666665,2461041.9234896195,0.16760122647849462,0,1,1,1,0.0,3.0769904893363125e-05,0.0,3.0769904893363125e-05,1,3.0769904893363125e-05,3.0769904893363125e-05,4.9539537850721936e-11,229684297.87550798,621118.1256087297,4.9539537850721936e-11
4_76,4,76,C:\Users\kimeu\Downloads\starlink_pathB_wsl_package_v0_3_clean\starlink_pathB\zen.LST.baseline.4_76.sum.uvh5,ee,93.92067967148519,mid,72.81372037608848,59.3206841651254,-0.5591289010307676,61,3782,62,2461041.923611111,2461041.930434064,0.17433215725806453,0,3,3,3,0.0,0.44567189911077393,0.0,0.9338566727692416,3,0.44567189911077393,0.9338566727692416,4.3315027319337976e-07,3550470696.1508317,1028908.2720070314,4.3315027319337976e-07
4_76,4,76,C:\Users\kimeu\Downloads\starlink_pathB_wsl_package_v0_3_clean\starlink_pathB\zen.LST.baseline.4_76.sum.uvh5,ee,93.92067967148519,mid,72.81372037608848,59.3206841651254,-0.5591289010307676,62,3844,62,2461041.9305555555,2461041.9373785085,0.2097719254032258,0,4,4,4,0.0,0.41429598522145367,0.0,0.8272224890322021,4,0.41429598522145367,0.8272224890322021,1.0180301104857994e-06,78673537.07101515,406958.47888404154,1.0180301104857994e-06
4_76,4,76,C:\Users\kimeu\Downloads\starlink_pathB_wsl_package_v0_3_clean\starlink_pathB\zen.LST.baseline.4_76.sum.uvh5,ee,93.92067967148519,mid,72.81372037608848,59.3206841651254,-0.5591289010307676,63,3906,62,2461041.9375,2461041.944322953,0.2464927755376344,1,4,4,4,0.0002818752689222807,0.14698950232902025,0.0002818752689222807,0.24707532713891836,4,0.14698950232902025,0.24707532713891836,8.428816518449714e-07,1102507327.6921422,174389.2538261772,8.428816518449714e-07
4_76,4,76,C:\Users\kimeu\Downloads\starlink_pathB_wsl_package_v0_3_clean\starlink_pathB\zen.LST.baseline.4_76.sum.uvh5,ee,93.92067967148519,mid,72.81372037608848,59.3206841651254,-0.5591289010307676,64,3968,62,2461041.9444444445,2461041.9512673975,0.6134387600806451,0,2,2,2,0.0,0.2812107439459313,0.0,0.9963509766045548,2,0.2812107439459313,0.9963509766045548,2.2517995405744957e-05,1247514.378046123,12488.267222675902,2.2517995405744957e-05
82_0,82,0,C:\Users\kimeu\Downloads\starlink_pathB_wsl_package_v0_3_clean\starlink_pathB\zen.LST.baseline.82_0.sum.uvh5,ee,81.33403506806889,mid,29.505535782235498,-75.78924147204663,0.7996847809529548,0,0,62,2461041.5,2461041.5068229535,0.23506804435483872,1,4,4,4,0.33087588566844983,0.5502745938468236,0.33087588566844983,0.7280464634021924,4,0.5502745938468236,0.7280464634021924,4.695988582505946e-05,3399439.0447729942,11717.971289299378,4.695988582505946e-05
82_0,82,0,C:\Users\kimeu\Downloads\starlink_pathB_wsl_package_v0_3_clean\starlink_pathB\zen.LST.baseline.82_0.sum.uvh5,ee,81.33403506806889,mid,29.505535782235498,-75.78924147204663,0.7996847809529548,1,62,62,2461041.5069444445,2461041.513767398,0.18663894489247312,0,4,4,4,0.0,0.17558204052578452,0.0,0.4821174098933508,4,0.17558204052578452,0.4821174098933508,9.73528155611163e-06,18199256.593823407,18035.640727366263,9.73528155611163e-06
82_0,82,0,C:\Users\kimeu\Downloads\starlink_pathB_wsl_package_v0_3_clean\starlink_pathB\zen.LST.baseline.82_0.sum.uvh5,ee,81.33403506806889,mid,29.505535782235498,-75.78924147204663,0.7996847809529548,2,124,62,2461041.513888889,2461041.5207118425,0.18695396505376344,1,3,3,3,0.02274717290127737,0.1812254192505289,0.02274717290127737,0.5352241138648121,3,0.1812254192505289,0.5352241138648121,5.850341973084009e-07,65370239.317879386,309768.933310741,5.850341973084009e-07
82_0,82,0,C:\Users\kimeu\Downloads\starlink_pathB_wsl_package_v0_3_clean\starlink_pathB\zen.LST.baseline.82_0.sum.uvh5,ee,81.33403506806889,mid,29.505535782235498,-75.78924147204663,0.7996847809529548,3,186,62,2461041.5208333335,2461041.527656287,0.1895476310483871,0,1,1,1,0.0,0.20661704468541942,0.0,0.778550973821895,1,0.20661704468541942,0.778550973821895,3.9200376691328285e-07,3300781766.019479,527079.2327134097,3.9200376691328285e-07
82_0,82,0,C:\Users\kimeu\Downloads\starlink_pathB_wsl_package_v0_3_clean\starlink_pathB\zen.LST.baseline.82_0.sum.uvh5,ee,81.33403506806889,mid,29.505535782235498,-75.78924147204663,0.7996847809529548,4,248,62,2461041.527777778,2461041.5346007315,0.1714654737903226,1,5,5,5,0.006509913503000268,0.29197839306488044,0.006509913503000268,0.7839253298317038,5,0.29197839306488044,0.7839253298317038,3.1604306117366865e-07,697319597.4676896,923856.363055652,3.1604306117366865e-07
82_0,82,0,C:\Users\kimeu\Downloads\starlink_pathB_wsl_package_v0_3_clean\starlink_pathB\zen.LST.baseline.82_0.sum.uvh5,ee,81.33403506806889,mid,29.505535782235498,-75.78924147204663,0.7996847809529548,5,310,62,2461041.534722222,2461041.5415451755,0.1678742439516129,0,5,5,5,0.0,0.4265461647481952,0.0,0.642949814682819,5,0.4265461647481952,0.642949814682819,5.034798319697515e-07,1633275624.7581596,847196.1291466816,5.034798319697515e-07
82_0,82,0,C:\Users\kimeu\Downloads\starlink_pathB_wsl_package_v0_3_clean\starlink_pathB\zen.LST.baseline.82_0.sum.uvh5,ee,81.33403506806889,mid,29.505535782235498,-75.78924147204663,0.7996847809529548,6,372,62,2461041.5416666665,2461041.54848962,0.1676747311827957,0,3,3,3,0.0,0.29099277716989397,0.0,0.5800263647610057,3,0.29099277716989397,0.5800263647610057,4.515025760639779e-07,277895190.23804927,644498.5977857639,4.515025760639779e-07
82_0,82,0,C:\Users\kimeu\Downloads\starlink_pathB_wsl_package_v0_3_clean\starlink_pathB\zen.LST.baseline.82_0.sum.uvh5,ee,81.33403506806889,mid,29.505535782235498,-75.78924147204663,0.7996847809529548,7,434,62,2461041.548611111,2461041.5554340645,0.16823126680107528,1,8,8,8,0.0004122087285943486,0.43707188882479064,0.0004122087285943486,0.7170519983903962,8,0.43707188882479064,0.7170519983903962,5.250674529334646e-07,2660531906.682638,832410.9338389623,5.250674529334646e-07
82_0,82,0,C:\Users\kimeu\Downloads\starlink_pathB_wsl_package_v0_3_clean\starlink_pathB\zen.LST.baseline.82_0.sum.uvh5,ee,81.33403506806889,mid,29.505535782235498,-75.78924147204663,0.7996847809529548,8,496,62,2461041.5555555555,2461041.562378509,0.16840977822580644,0,2,2,2,0.0,0.2057117264676688,0.0,0.6984661256995437,2,0.2057117264676688,0.6984661256995437,3.0212931862424145e-07,943874491.8699757,680873.10230065,3.0212931862424145e-07
82_0,82,0,C:\Users\kimeu\Downloads\starlink_pathB_wsl_package_v0_3_clean\starlink_pathB\zen.LST.baseline.82_0.sum.uvh5,ee,81.33403506806889,mid,29.505535782235498,-75.78924147204663,0.7996847809529548,9,558,62,2461041.5625,2461041.5693229535,0.16663516465053763,1,5,5,5,0.0010971768248922275,0.33286132694916554,0.0010971768248922275,0.6977204569959614,5,0.33286132694916554,0.6977204569959614,4.7106368253280204e-07,326470797.59586585,706616.4072752246,4.7106368253280204e-07
82_0,82,0,C:\Users\kimeu\Downloads\starlink_pathB_wsl_package_v0_3_clean\starlink_pathB\zen.LST.baseline.82_0.sum.uvh5,ee,81.33403506806889,mid,29.505535782235498,-75.78924147204663,0.7996847809529548,10,620,62,2461041.5694444445,2461041.576267398,0.1665091565860215,1,8,8,8,0.0035743937970326312,0.39560371903806024,0.0035743937970326312,0.6208865344769782,8,0.39560371903806024,0.6208865344769782,4.517009455898284e-07,2768518196.41877,875808.9238035206,4.517009455898284e-07
82_0,82,0,C:\Users\kimeu\Downloads\starlink_pathB_wsl_package_v0_3_clean\starlink_pathB\zen.LST.baseline.82_0.sum.uvh5,ee,81.33403506806889,mid,29.505535782235498,-75.78924147204663,0.7996847809529548,11,682,62,2461041.576388889,2461041.5832118425,0.16794774865591397,1,5,5,5,0.0006393160041250509,0.6121911094018112,0.0006393160041250509,0.6787630996977061,5,0.6121911094018112,0.6787630996977061,8.598497287922398e-07,241672990.69404987,711974.5333428269,8.598497287922398e-07
82_0,82,0,C:\Users\kimeu\Downloads\starlink_pathB_wsl_package_v0_3_clean\starlink_pathB\zen.LST.baseline.82_0.sum.uvh5,ee,81.33403506806889,mid,29.505535782235498,-75.78924147204663,0.7996847809529548,12,744,62,2461041.5833333335,2461041.590156287,0.16685567876344087,0,1,1,1,0.0,0.001343063595186559,0.0,0.001343063595186559,1,0.001343063595186559,0.001343063595186559,1.4073984767504902e-09,1112115522.2204301,954288.0835621816,1.4073984767504902e-09
82_0,82,0,C:\Users\kimeu\Downloads\starlink_pathB_wsl_package_v0_3_clean\starlink_pathB\zen.LST.baseline.82_0.sum.uvh5,ee,81.33403506806889,mid,29.505535782235498,-75.78924147204663,0.7996847809529548,13,806,62,2461041.590277778,2461041.5971007315,0.16646715389784947,0,3,3,3,0.0,0.49245886625147556,0.0,0.9450884636561743,3,0.49245886625147556,0.9450884636561743,8.257710207105695e-07,1016190157.9859304,596362.495050648,8.257710207105695e-07
82_0,82,0,C:\Users\kimeu\Downloads\starlink_pathB_wsl_package_v0_3_clean\starlink_pathB\zen.LST.baseline.82_0.sum.uvh5,ee,81.33403506806889,mid,29.505535782235498,-75.78924147204663,0.7996847809529548,14,868,62,2461041.597222222,2461041.6040451755,0.16686617943548387,0,2,2,2,0.0,0.45992065055805087,0.0,0.956171545687925,2,0.45992065055805087,0.956171545687925,6.678522265656856e-07,1060612895.876832,688656.3108775023,6.678522265656856e-07
82_0,82,0,C:\Users\kimeu\Downloads\starlink_pathB_wsl_package_v0_3_clean\starlink_pathB\zen.LST.baseline.82_0.sum.uvh5,ee,81.33403506806889,mid,29.505535782235498,-75.78924147204663,0.7996847809529548,15,930,62,2461041.6041666665,2461041.61098962,0.16528057795698925,1,4,4,4,3.084991352301424e-05,0.5125979855485051,3.084991352301424e-05,0.9746270301393545,4,0.5125979855485051,0.9746270301393545,9.878645387964632e-07,3749260947.7606444,518895.0158824553,9.878645387964632e-07
82_0,82,0,C:\Users\kimeu\Downloads\starlink_pathB_wsl_package_v0_3_clean\starlink_pathB\zen.LST.baseline.82_0.sum.uvh5,ee,81.33403506806889,mid,29.505535782235498,-75.78924147204663,0.7996847809529548,16,992,62,2461041.611111111,2461041.6179340645,0.16574260752688172,0,2,2,2,0.0,0.02123038413644645,0.0,0.051994079844118836,2,0.02123038413644645,0.051994079844118836,3.898248782288204e-08,294153828.1269339,544613.3718532091,3.898248782288204e-08
82_0,82,0,C:\Users\kimeu\Downloads\starlink_pathB_wsl_package_v0_3_clean\starlink_pathB\zen.LST.baseline.82_0.sum.uvh5,ee,81.33403506806889,mid,29.505535782235498,-75.78924147204663,0.7996847809529548,17,1054,62,2461041.6180555555,2461041.624878509,0.1657111055107527,0,2,2,2,0.0,0.06846870788021289,0.0,0.28051662074245665,2,0.06846870788021289,0.28051662074245665,1.2752918363449973e-07,286714470.5329856,536886.5849282395,1.2752918363449973e-07
82_0,82,0,C:\Users\kimeu\Downloads\starlink_pathB_wsl_package_v0_3_clean\starlink_pathB\zen.LST.baseline.82_0.sum.uvh5,ee,81.33403506806889,mid,29.505535782235498,-75.78924147204663,0.7996847809529548,18,1116,62,2461041.625,2461041.6318229535,0.16517557123655913,0,4,4,4,0.0,0.2363981628786352,0.0,0.38438541749119554,4,0.2363981628786352,0.38438541749119554,3.430781997250637e-07,580543100.7194903,689050.3770512966,3.430781997250637e-07
82_0,82,0,C:\Users\kimeu\Downloads\starlink_pathB_wsl_package_v0_3_clean\starlink_pathB\zen.LST.baseline.82_0.sum.uvh5,ee,81.33403506806889,mid,29.505535782235498,-75.78924147204663,0.7996847809529548,19,1178,62,2461041.6319444445,2461041.638767398,0.16509156586021506,0,4,4,4,0.0,0.023868672307009665,0.0,0.04932161857556596,4,0.023868672307009665,0.04932161857556596,3.14795186873664e-08,360440110.351481,758228.629352863,3.14795186873664e-08
82_0,82,0,C:\Users\kimeu\Downloads\starlink_pathB_wsl_package_v0_3_clean\starlink_pathB\zen.LST.baseline.82_0.sum.uvh5,ee,81.33403506806889,mid,29.505535782235498,-75.78924147204663,0.7996847809529548,20,1240,62,2461041.638888889,2461041.6457118425,0.16683467741935484,0,4,4,4,0.0,0.16291867713468297,0.0,0.30801675453485433,4,0.16291867713468297,0.30801675453485433,2.6004211336306244e-07,264164975.49696925,626508.8182359952,2.6004211336306244e-07
82_0,82,0,C:\Users\kimeu\Downloads\starlink_pathB_wsl_package_v0_3_clean\starlink_pathB\zen.LST.baseline.82_0.sum.uvh5,ee,81.33403506806889,mid,29.505535782235498,-75.78924147204663,0.7996847809529548,21,1302,62,2461041.6458333335,2461041.652656287,0.16702368951612903,0,3,3,3,0.0,0.07815271613371509,0.0,0.12194591377078616,3,0.07815271613371509,0.12194591377078616,9.010427117633302e-08,677409588.3501073,867358.6181144635,9.010427117633302e-08
82_0,82,0,C:\Users\kimeu\Downloads\starlink_pathB_wsl_package_v0_3_clean\starlink_pathB\zen.LST.baseline.82_0.sum.uvh5,ee,81.33403506806889,mid,29.505535782235498,-75.78924147204663,0.7996847809529548,22,1364,62,2461041.652777778,2461041.6596007315,0.16532258064516128,0,3,3,3,0.0,0.04347690205806057,0.0,0.12295632724432037,3,0.04347690205806057,0.12295632724432037,5.0371370378028886e-08,306963824.40059906,863127.2433482262,5.0371370378028886e-08
82_0,82,0,C:\Users\kimeu\Downloads\starlink_pathB_wsl_package_v0_3_clean\starlink_pathB\zen.LST.baseline.82_0.sum.uvh5,ee,81.33403506806889,mid,29.505535782235498,-75.78924147204663,0.7996847809529548,23,1426,62,2461041.659722222,2461041.6665451755,0.1648500504032258,0,3,3,3,0.0,0.275505408017723,0.0,0.5786751971552218,3,0.275505408017723,0.5786751971552218,3.503877915750263e-07,8394457439.595022,786287.1214185292,3.503877915750263e-07
82_0,82,0,C:\Users\kimeu\Downloads\starlink_pathB_wsl_package_v0_3_clean\starlink_pathB\zen.LST.baseline.82_0.sum.uvh5,ee,81.33403506806889,mid,29.505535782235498,-75.78924147204663,0.7996847809529548,24,1488,62,2461041.6666666665,2461041.67348962,0.16476604502688172,0,5,5,5,0.0,0.22773362399156483,0.0,0.43415361759428933,5,0.22773362399156483,0.43415361759428933,3.2811556445408643e-07,1434299315.9738238,694065.2887663664,3.2811556445408643e-07
82_0,82,0,C:\Users\kimeu\Downloads\starlink_pathB_wsl_package_v0_3_clean\starlink_pathB\zen.LST.baseline.82_0.sum.uvh5,ee,81.33403506806889,mid,29.505535782235498,-75.78924147204663,0.7996847809529548,25,1550,62,2461041.673611111,2461041.6804340645,0.16430401545698925,0,5,5,5,0.0,0.20114597368031706,0.0,0.5088303857540691,5,0.20114597368031706,0.5088303857540691,3.0760065725071013e-07,223280568.88236594,653919.1934052757,3.0760065725071013e-07
82_0,82,0,C:\Users\kimeu\Downloads\starlink_pathB_wsl_package_v0_3_clean\starlink_pathB\zen.LST.baseline.82_0.sum.uvh5,ee,81.33403506806889,mid,29.505535782235498,-75.78924147204663,0.7996847809529548,26,1612,62,2461041.6805555555,2461041.687378509,0.1646505376344086,1,5,5,5,5.2688158235845604e-05,0.05072798537127345,5.2688158235845604e-05,0.13239227252198724,5,0.05072798537127345,0.13239227252198724,1.0111190265288152e-07,545707974.7014747,501701.4222887615,1.0111190265288152e-07
82_0,82,0,C:\Users\kimeu\Downloads\starlink_pathB_wsl_package_v0_3_clean\starlink_pathB\zen.LST.baseline.82_0.sum.uvh5,ee,81.33403506806889,mid,29.505535782235498,-75.78924147204663,0.7996847809529548,27,1674,62,2461041.6875,2461041.6943229535,0.16433551747311828,0,2,2,2,0.0,0.2437121546123139,0.0,0.8187488961970543,2,0.2437121546123139,0.8187488961970543,4.4631522277300827e-07,419138321.4649704,546053.8699489164,4.4631522277300827e-07
82_0,82,0,C:\Users\kimeu\Downloads\starlink_pathB_wsl_package_v0_3_clean\starlink_pathB\zen.LST.baseline.82_0.sum.uvh5,ee,81.33403506806889,mid,29.505535782235498,-75.78924147204663,0.7996847809529548,28,1736,62,2461041.6944444445,2461041.701267398,0.1651440692204301,0,2,2,2,0.0,0.0007516225380816418,0.0,0.0006365662667992243,2,0.0007516225380816418,0.0006365662667992243,1.2935105013452684e-09,596590130.9508264,581071.8485083377,1.2935105013452684e-09
82_0,82,0,C:\Users\kimeu\Downloads\starlink_pathB_wsl_package_v0_3_clean\starlink_pathB\zen.LST.baseline.82_0.sum.uvh5,ee,81.33403506806889,mid,29.505535782235498,-75.78924147204663,0.7996847809529548,29,1798,62,2461041.701388889,2461041.7082118425,0.16410450268817203,0,2,2,2,0.0,0.15122580595081875,0.0,0.5780989817151402,2,0.15122580595081875,0.5780989817151402,3.4409498229206646e-07,420242849.9621154,439488.5532578295,3.4409498229206646e-07
82_0,82,0,C:\Users\kimeu\Downloads\starlink_pathB_wsl_package_v0_3_clean\starlink_pathB\zen.LST.baseline.82_0.sum.uvh5,ee,81.33403506806889,mid,29.505535782235498,-75.78924147204663,0.7996847809529548,30,1860,62,2461041.7083333335,2461041.715156287,0.16453503024193547,0,3,3,3,0.0,0.09986243820864145,0.0,0.22613877759676462,3,0.09986243820864145,0.22613877759676462,2.647560272961959e-07,337113993.5306892,377186.6469990513,2.647560272961959e-07
82_0,82,0,C:\Users\kimeu\Downloads\starlink_pathB_wsl_package_v0_3_clean\starlink_pathB\zen.LST.baseline.82_0.sum.uvh5,ee,81.33403506806889,mid,29.505535782235498,-75.78924147204663,0.7996847809529548,31,1922,62,2461041.715277778,2461041.7221007315,0.16453503024193547,0,4,4,4,0.0,0.09689170230687942,0.0,0.21453219285602132,4,0.09689170230687942,0.21453219285602132,1.1900519204126103e-07,389842073.88226324,814180.4625909557,1.1900519204126103e-07
82_0,82,0,C:\Users\kimeu\Downloads\starlink_pathB_wsl_package_v0_3_clean\starlink_pathB\zen.LST.baseline.82_0.sum.uvh5,ee,81.33403506806889,mid,29.505535782235498,-75.78924147204663,0.7996847809529548,32,1984,62,2461041.722222222,2461041.7290451755,0.16510206653225806,0,3,3,3,0.0,0.39049641960412795,0.0,0.8621952177012273,3,0.39049641960412795,0.8621952177012273,4.519286222090861e-07,442025848.67580163,864066.5813449267,4.519286222090861e-07
82_0,82,0,C:\Users\kimeu\Downloads\starlink_pathB_wsl_package_v0_3_clean\starlink_pathB\zen.LST.baseline.82_0.sum.uvh5,ee,81.33403506806889,mid,29.505535782235498,-75.78924147204663,0.7996847809529548,33,2046,62,2461041.7291666665,2461041.73598962,0.16536458333333334,0,5,5,5,0.0,0.33149479679068383,0.0,0.3484546838830035,5,0.33149479679068383,0.3484546838830035,5.535639796239948e-07,1066143601.5846558,598837.3683848609,5.535639796239948e-07
82_0,82,0,C:\Users\kimeu\Downloads\starlink_pathB_wsl_package_v0_3_clean\starlink_pathB\zen.LST.baseline.82_0.sum.uvh5,ee,81.33403506806889,mid,29.505535782235498,-75.78924147204663,0.7996847809529548,34,2108,62,2461041.736111111,2461041.7429340645,0.16429351478494625,1,4,4,4,0.00014289495363501375,0.26670756042623767,0.00014289495363501375,0.7820357281270546,4,0.26670756042623767,0.7820357281270546,6.188273841356601e-07,295344903.78132284,430988.620192945,6.188273841356601e-07
82_0,82,0,C:\Users\kimeu\Downloads\starlink_pathB_wsl_package_v0_3_clean\starlink_pathB\zen.LST.baseline.82_0.sum.uvh5,ee,81.33403506806889,mid,29.505535782235498,-75.78924147204663,0.7996847809529548,35,2170,62,2461041.7430555555,2461041.749878509,0.16420950940860216,0,5,5,5,0.0,0.28702035123589004,0.0,0.5329721044266462,5,0.28702035123589004,0.5329721044266462,5.65457529182822e-07,342757036.24152696,507589.58263528836,5.65457529182822e-07
82_0,82,0,C:\Users\kimeu\Downloads\starlink_pathB_wsl_package_v0_3_clean\starlink_pathB\zen.LST.baseline.82_0.sum.uvh5,ee,81.33403506806889,mid,29.505535782235498,-75.78924147204663,0.7996847809529548,36,2232,62,2461041.75,2461041.7568229535,0.16577410954301075,0,4,4,4,0.0,0.3212071455869001,0.0,0.5491919590577511,4,0.3212071455869001,0.5491919590577511,2.754216044524407e-07,556058870.4505668,1166238.0161697357,2.754216044524407e-07
82_0,82,0,C:\Users\kimeu\Downloads\starlink_pathB_wsl_package_v0_3_clean\starlink_pathB\zen.LST.baseline.82_0.sum.uvh5,ee,81.33403506806889,mid,29.505535782235498,-75.78924147204663,0.7996847809529548,37,2294,62,2461041.7569444445,2461041.7637673975,0.16529107862903225,0,5,5,5,0.0,0.356360522070895,0.0,0.9867730246375583,5,0.356360522070895,0.9867730246375583,8.772884748534425e-08,1234341907.0803838,4062067.749498564,8.772884748534425e-08
82_0,82,0,C:\Users\kimeu\Downloads\starlink_pathB_wsl_package_v0_3_clean\starlink_pathB\zen.LST.baseline.82_0.sum.uvh5,ee,81.33403506806889,mid,29.505535782235498,-75.78924147204663,0.7996847809529548,38,2356,62,2461041.763888889,2461041.770711842,0.1647345430107527,0,3,3,3,0.0,0.2870181822616452,0.0,0.74664414194873,3,0.2870181822616452,0.74664414194873,2.9390049504914705e-08,2791759991.535121,9765828.472444357,2.9390049504914705e-08
82_0,82,0,C:\Users\kimeu\Downloads\starlink_pathB_wsl_package_v0_3_clean\starlink_pathB\zen.LST.baseline.82_0.sum.uvh5,ee,81.33403506806889,mid,29.505535782235498,-75.78924147204663,0.7996847809529548,39,2418,62,2461041.7708333335,2461041.7776562865,0.1649550571236559,0,2,2,2,0.0,0.01686142451615914,0.0,0.029500585149165884,2,0.01686142451615914,0.029500585149165884,1.5057175936849274e-09,5459175218.209082,11198264.924894944,1.5057175936849274e-09
82_0,82,0,C:\Users\kimeu\Downloads\starlink_pathB_wsl_package_v0_3_clean\starlink_pathB\zen.LST.baseline.82_0.sum.uvh5,ee,81.33403506806889,mid,29.505535782235498,-75.78924147204663,0.7996847809529548,40,2480,62,2461041.777777778,2461041.784600731,0.1656271001344086,0,6,6,6,0.0,0.3484575065066898,0.0,0.8056414039197263,6,0.3484575065066898,0.8056414039197263,4.359087589909327e-08,5868249017.894382,7993817.497802056,4.359087589909327e-08
82_0,82,0,C:\Users\kimeu\Downloads\starlink_pathB_wsl_package_v0_3_clean\starlink_pathB\zen.LST.baseline.82_0.sum.uvh5,ee,81.33403506806889,mid,29.505535782235498,-75.78924147204663,0.7996847809529548,41,2542,62,2461041.784722222,2461041.791545175,0.16492355510752688,1,2,2,2,0.776904046133802,0.19470624145740908,0.776904046133802,0.5863109176460239,2,0.19470624145740908,0.5863109176460239,1.7155539269450766e-08,4031501355.9097357,11349467.854043309,1.7155539269450766e-08
82_0,82,0,C:\Users\kimeu\Downloads\starlink_pathB_wsl_package_v0_3_clean\starlink_pathB\zen.LST.baseline.82_0.sum.uvh5,ee,81.33403506806889,mid,29.505535782235498,-75.78924147204663,0.7996847809529548,42,2604,62,2461041.7916666665,2461041.7984896195,0.1650390625,0,6,6,6,0.0,0.35654971283665626,0.0,0.6113952006290849,6,0.35654971283665626,0.6113952006290849,5.475998481944709e-08,3787345307.0858736,6511136.078876954,5.475998481944709e-08
82_0,82,0,C:\Users\kimeu\Downloads\starlink_pathB_wsl_package_v0_3_clean\starlink_pathB\zen.LST.baseline.82_0.sum.uvh5,ee,81.33403506806889,mid,29.505535782235498,-75.78924147204663,0.7996847809529548,43,2666,62,2461041.798611111,2461041.805434064,0.16621513776881722,0,2,2,2,0.0,0.3059806379101992,0.0,0.996901135440778,2,0.3059806379101992,0.996901135440778,1.6183996969416406e-07,710342284.03236,1890637.019324855,1.6183996969416406e-07
82_0,82,0,C:\Users\kimeu\Downloads\starlink_pathB_wsl_package_v0_3_clean\starlink_pathB\zen.LST.baseline.82_0.sum.uvh5,ee,81.33403506806889,mid,29.505535782235498,-75.78924147204663,0.7996847809529548,44,2728,62,2461041.8055555555,2461041.8123785085,0.1653330813172043,0,3,3,3,0.0,0.2419547912000571,0.0,0.7241364102878726,3,0.2419547912000571,0.7241364102878726,1.771566647569284e-07,430003538.2638419,1365767.3649029033,1.771566647569284e-07
82_0,82,0,C:\Users\kimeu\Downloads\starlink_pathB_wsl_package_v0_3_clean\starlink_pathB\zen.LST.baseline.82_0.sum.uvh5,ee,81.33403506806889,mid,29.505535782235498,-75.78924147204663,0.7996847809529548,45,2790,62,2461041.8125,2461041.819322953,0.1648605510752688,0,2,2,2,0.0,0.0004316907159982403,0.0,0.0006749143264715858,2,0.0004316907159982403,0.0006749143264715858,6.94739110412771e-10,255669796.22925872,621370.9715316824,6.94739110412771e-10
82_0,82,0,C:\Users\kimeu\Downloads\starlink_pathB_wsl_package_v0_3_clean\starlink_pathB\zen.LST.baseline.82_0.sum.uvh5,ee,81.33403506806889,mid,29.505535782235498,-75.78924147204663,0.7996847809529548,46,2852,62,2461041.8194444445,2461041.8262673975,0.16538558467741934,0,6,6,6,0.0,0.23572824167680723,0.0,0.4552977482091947,6,0.23572824167680723,0.4552977482091947,2.8478354846048697e-07,1927831364.8465574,827745.2927008315,2.8478354846048697e-07
82_0,82,0,C:\Users\kimeu\Downloads\starlink_pathB_wsl_package_v0_3_clean\starlink_pathB\zen.LST.baseline.82_0.sum.uvh5,ee,81.33403506806889,mid,29.505535782235498,-75.78924147204663,0.7996847809529548,47,2914,62,2461041.826388889,2461041.833211842,0.16636214717741934,0,4,4,4,0.0,0.18822900815401855,0.0,0.5108260863619242,4,0.18822900815401855,0.5108260863619242,2.815613793758195e-07,431050252.7324189,668518.5609308167,2.815613793758195e-07
82_0,82,0,C:\Users\kimeu\Downloads\starlink_pathB_wsl_package_v0_3_clean\starlink_pathB\zen.LST.baseline.82_0.sum.uvh5,ee,81.33403506806889,mid,29.505535782235498,-75.78924147204663,0.7996847809529548,48,2976,62,2461041.8333333335,2461041.8401562865,0.16554309475806453,0,2,2,2,0.0,0.014922085996042292,0.0,0.04576768186907193,2,0.014922085996042292,0.04576768186907193,2.2220976481958597e-08,376634600.59046566,671531.5147449826,2.2220976481958597e-08
82_0,82,0,C:\Users\kimeu\Downloads\starlink_pathB_wsl_package_v0_3_clean\starlink_pathB\zen.LST.baseline.82_0.sum.uvh5,ee,81.33403506806889,mid,29.505535782235498,-75.78924147204663,0.7996847809529548,49,3038,62,2461041.840277778,2461041.847100731,0.16545908938172044,0,4,4,4,0.0,0.4385330849085768,0.0,0.9279511646397298,4,0.4385330849085768,0.9279511646397298,4.807803254666575e-07,880854251.1693861,912127.7674641232,4.807803254666575e-07
82_0,82,0,C:\Users\kimeu\Downloads\starlink_pathB_wsl_package_v0_3_clean\starlink_pathB\zen.LST.baseline.82_0.sum.uvh5,ee,81.33403506806889,mid,29.505535782235498,-75.78924147204663,0.7996847809529548,50,3100,62,2461041.847222222,2461041.854045175,0.16510206653225806,0,6,6,6,0.0,0.34972237411950585,0.0,0.6086948826788393,6,0.34972237411950585,0.6086948826788393,6.290267963222472e-07,756218655.939332,555973.7298382833,6.290267963222472e-07
82_0,82,0,C:\Users\kimeu\Downloads\starlink_pathB_wsl_package_v0_3_clean\starlink_pathB\zen.LST.baseline.82_0.sum.uvh5,ee,81.33403506806889,mid,29.505535782235498,-75.78924147204663,0.7996847809529548,51,3162,62,2461041.8541666665,2461041.8609896195,0.1649340557795699,1,4,4,4,0.008305882758116095,0.5098494816274408,0.008305882758116095,0.7273139335979131,4,0.5098494816274408,0.7273139335979131,7.949399345134174e-07,349095526.9169125,641368.5606819082,7.949399345134174e-07
82_0,82,0,C:\Users\kimeu\Downloads\starlink_pathB_wsl_package_v0_3_clean\starlink_pathB\zen.LST.baseline.82_0.sum.uvh5,ee,81.33403506806889,mid,29.505535782235498,-75.78924147204663,0.7996847809529548,52,3224,62,2461041.861111111,2461041.867934064,0.16444052419354838,0,8,8,8,0.0,0.7461311303091528,0.0,0.8464114110583065,8,0.7461311303091528,0.8464114110583065,9.280359614425321e-07,323986315.8339337,803989.4587159879,9.280359614425321e-07
82_0,82,0,C:\Users\kimeu\Downloads\starlink_pathB_wsl_package_v0_3_clean\starlink_pathB\zen.LST.baseline.82_0.sum.uvh5,ee,81.33403506806889,mid,29.505535782235498,-75.78924147204663,0.7996847809529548,53,3286,62,2461041.8680555555,2461041.8748785085,0.16604712701612903,1,3,3,3,0.0023396773596836536,0.30413256099332964,0.0023396773596836536,0.4996640359057469,3,0.30413256099332964,0.4996640359057469,5.439390593456602e-07,760096472.1627333,559129.8432570563,5.439390593456602e-07
82_0,82,0,C:\Users\kimeu\Downloads\starlink_pathB_wsl_package_v0_3_clean\starlink_pathB\zen.LST.baseline.82_0.sum.uvh5,ee,81.33403506806889,mid,29.505535782235498,-75.78924147204663,0.7996847809529548,54,3348,62,2461041.875,2461041.881822953,0.1668136760752688,0,4,4,4,0.0,0.21673228020298504,0.0,0.616185001151179,4,0.21673228020298504,0.616185001151179,6.048156605888882e-07,401004195.0050214,358344.358993549,6.048156605888882e-07
82_0,82,0,C:\Users\kimeu\Downloads\starlink_pathB_wsl_package_v0_3_clean\starlink_pathB\zen.LST.baseline.82_0.sum.uvh5,ee,81.33403506806889,mid,29.505535782235498,-75.78924147204663,0.7996847809529548,55,3410,62,2461041.8819444445,2461041.8887673975,0.16491305443548387,0,3,3,3,0.0,0.28670049114161184,0.0,0.9326005479341334,3,0.28670049114161184,0.9326005479341334,9.142223200367886e-07,199222225.3138376,313600.4064417011,9.142223200367886e-07
82_0,82,0,C:\Users\kimeu\Downloads\starlink_pathB_wsl_package_v0_3_clean\starlink_pathB\zen.LST.baseline.82_0.sum.uvh5,ee,81.33403506806889,mid,29.505535782235498,-75.78924147204663,0.7996847809529548,56,3472,62,2461041.888888889,2461041.895711842,0.1644510248655914,0,6,6,6,0.0,0.620775413097927,0.0,0.8643087592320493,6,0.620775413097927,0.8643087592320493,1.6334912337779705e-06,391884132.85008824,380029.84054110013,1.6334912337779705e-06
82_0,82,0,C:\Users\kimeu\Downloads\starlink_pathB_wsl_package_v0_3_clean\starlink_pathB\zen.LST.baseline.82_0.sum.uvh5,ee,81.33403506806889,mid,29.505535782235498,-75.78924147204663,0.7996847809529548,57,3534,62,2461041.8958333335,2461041.9026562865,0.16784274193548387,0,6,6,6,0.0,0.20947771743508667,0.0,0.41761437957613023,6,0.20947771743508667,0.41761437957613023,9.187021710522844e-07,926870790.4346818,228014.82791223866,9.187021710522844e-07
82_0,82,0,C:\Users\kimeu\Downloads\starlink_pathB_wsl_package_v0_3_clean\starlink_pathB\zen.LST.baseline.82_0.sum.uvh5,ee,81.33403506806889,mid,29.505535782235498,-75.78924147204663,0.7996847809529548,58,3596,62,2461041.902777778,2461041.909600731,0.1676642305107527,0,5,5,5,0.0,0.12036852132435003,0.0,0.18183588309851056,5,0.12036852132435003,0.18183588309851056,2.8035920096856175e-07,164180001.5670561,429336.7968966627,2.8035920096856175e-07
82_0,82,0,C:\Users\kimeu\Downloads\starlink_pathB_wsl_package_v0_3_clean\starlink_pathB\zen.LST.baseline.82_0.sum.uvh5,ee,81.33403506806889,mid,29.505535782235498,-75.78924147204663,0.7996847809529548,59,3658,62,2461041.909722222,2461041.916545175,0.16614163306451613,0,6,6,6,0.0,0.6872306623487341,0.0,0.9426480648117707,6,0.6872306623487341,0.9426480648117707,1.0566278925345836e-06,999738166.2568767,650399.8874194408,1.0566278925345836e-06
82_0,82,0,C:\Users\kimeu\Downloads\starlink_pathB_wsl_package_v0_3_clean\starlink_pathB\zen.LST.baseline.82_0.sum.uvh5,ee,81.33403506806889,mid,29.505535782235498,-75.78924147204663,0.7996847809529548,60,3720,62,2461041.9166666665,2461041.9234896195,0.16760122647849462,0,1,1,1,0.0,3.0769904893363125e-05,0.0,3.0769904893363125e-05,1,3.0769904893363125e-05,3.0769904893363125e-05,6.689014885582677e-11,214312682.62245855,460006.5244238543,6.689014885582677e-11
82_0,82,0,C:\Users\kimeu\Downloads\starlink_pathB_wsl_package_v0_3_clean\starlink_pathB\zen.LST.baseline.82_0.sum.uvh5,ee,81.33403506806889,mid,29.505535782235498,-75.78924147204663,0.7996847809529548,61,3782,62,2461041.923611111,2461041.930434064,0.17433215725806453,0,3,3,3,0.0,0.44567189911077393,0.0,0.9338566727692416,3,0.44567189911077393,0.9338566727692416,4.794190877953016e-07,10301822994.261917,929608.1663337178,4.794190877953016e-07
82_0,82,0,C:\Users\kimeu\Downloads\starlink_pathB_wsl_package_v0_3_clean\starlink_pathB\zen.LST.baseline.82_0.sum.uvh5,ee,81.33403506806889,mid,29.505535782235498,-75.78924147204663,0.7996847809529548,62,3844,62,2461041.9305555555,2461041.9373785085,0.2097719254032258,0,4,4,4,0.0,0.41429598522145367,0.0,0.8272224890322021,4,0.41429598522145367,0.8272224890322021,1.4508377830132526e-06,62011977.16698837,285556.3799565518,1.4508377830132526e-06
82_0,82,0,C:\Users\kimeu\Downloads\starlink_pathB_wsl_package_v0_3_clean\starlink_pathB\zen.LST.baseline.82_0.sum.uvh5,ee,81.33403506806889,mid,29.505535782235498,-75.78924147204663,0.7996847809529548,63,3906,62,2461041.9375,2461041.944322953,0.2464927755376344,1,4,4,4,0.0002818752689222807,0.14698950232902025,0.0002818752689222807,0.24707532713891836,4,0.14698950232902025,0.24707532713891836,1.3554916187163996e-06,244127972.8696675,108439.99350450715,1.3554916187163996e-06
82_0,82,0,C:\Users\kimeu\Downloads\starlink_pathB_wsl_package_v0_3_clean\starlink_pathB\zen.LST.baseline.82_0.sum.uvh5,ee,81.33403506806889,mid,29.505535782235498,-75.78924147204663,0.7996847809529548,64,3968,62,2461041.9444444445,2461041.9512673975,0.6134387600806451,0,2,2,2,0.0,0.2812107439459313,0.0,0.9963509766045548,2,0.2812107439459313,0.9963509766045548,0.0002588706478842196,116549.60974876274,1086.298297023242,0.0002588706478842196
