baseline_id,baseline_length_m,baseline_class,lst_stratum,lst_bin_id,lst_start,lst_end,beam_model,morphology,flux_jy,multiplicity,injection_mode,n_sat_visible,n_sat_ranked_visible,n_injected,selected_norad_ids,selected_peak_alts_deg,flag_fraction,pre_risk_score,metadata_beam_weighted_sat_exposure,metadata_n_sat_visible_center,metadata_n_sat_visible_any_bin,metadata_n_sat_visible_peak_bin,metadata_n_sat_peak_visible,metadata_beam_weighted_sat_exposure_center,metadata_beam_weighted_sat_exposure_bin_mean,metadata_max_sat_beam_response_center,metadata_max_sat_beam_response_bin,metadata_pre_risk_score_bin,metadata_null_mad_win_proxy,sat_peak_abs_jy_sum,sat_peak_abs_jy_max,sat_mean_abs_jy_sum,zero_coupling,seed,n_null,Z_PS_max,Z_PS_abs_integrated,PTE_global_max,PTE_global_absint,obs_max_bias,obs_abs_integrated,null_max_bias_p50,null_max_bias_p95,null_max_bias_p99,null_abs_integrated_p50,null_abs_integrated_p95,null_abs_integrated_p99,null_mad_win,Z_PS_bin_max,Z_PS_bin_p95,window_abs_bias_sum,window_signed_bias_sum,window_bg_abs_sum,relative_abs_bias,n_window_bins,kperp,kpar_min_window,kpar_max_window,tau_ns_min_window,tau_ns_max_window,null_global_stats_path,z_eff,X_mpc,Y_mpc_per_hz,nu_eff_hz,PS_gt_2,PS_gt_3,flag_exploratory,candidate_statistical,candidate_floor_1em08,candidate_floor_1em07,candidate_floor_1em06,candidate_floor_1em05,candidate_floor_1em04,candidate_floor_1em03,candidate_floor_1em02,candidate_floor_1em01
0_1,14.60794900739243,short,quiet,17,2461041.6180555555,2461041.624878509,frozen_polybeam,smooth,30.0,single,coherent_ab,2,4,1,47854,83.414,0.1657111055107527,6.108540873789748e-10,0.0684687078802128,0,2,2,2,0.0,0.0684687078802128,0.0,0.2805166207424566,6.108540873789748e-10,112086845.77031374,0.8208425581606428,0.8208425581606428,0.004327141497048734,False,20260622,100,-0.0898404774741957,-0.7839854445595399,0.5148514851485149,0.8316831683168316,1573.8371798358858,51416.609854348775,1598.7289045844227,1876.2335857961327,1909.139680403471,54646.04906601756,59463.88789084508,59486.48366433329,186.87832926027477,1.1856858746067822,1.0746065658163226,51416.609854348775,4552.761245085662,3315845847.160797,1.5506332991436983e-05,1481,0.004558137949787341,-1.445965571882522,1.4440828042107998,-4095.9999999999995,4090.666666666666,C:\Users\kimeu\Downloads\starlink_pathB_wsl_package_v0_3_clean\starlink_pathB\paper_final_experiment_check\outputs\random1200_null_random1200_seed3\0_1_lst017_quiet_frozen_polybeam_smooth_S30_single.npz,9.10175923472585,9444.443085672718,1.7798436919007438e-05,140609741.2109375,False,False,False,False,False,False,False,False,False,False,False,False
0_1,14.60794900739243,short,quiet,17,2461041.6180555555,2461041.624878509,frozen_polybeam,smooth,30.0,multi,coherent_ab,2,4,4,47854;47857;58206;59742,83.414;83.372;82.276;76.763,0.1657111055107527,6.108540873789748e-10,0.0684687078802128,0,2,2,2,0.0,0.0684687078802128,0.0,0.2805166207424566,6.108540873789748e-10,112086845.77031374,3.081496703069929,1.3387308909412927,0.01177435854214201,False,20260639,100,0.9767949380810949,1.2866859395005203,0.19801980198019803,0.15841584158415842,3117.054868232459,107401.5833658838,2123.700871968642,4304.703560357727,4481.218269323446,78345.98557564925,129598.78000901731,139905.64450958246,685.9250240232795,2.650766897774131,1.7543333572239834,107401.5833658838,7051.950463002931,3315845847.160797,3.239040302728389e-05,1481,0.004558137949787341,-1.445965571882522,1.4440828042107998,-4095.9999999999995,4090.666666666666,C:\Users\kimeu\Downloads\starlink_pathB_wsl_package_v0_3_clean\starlink_pathB\paper_final_experiment_check\outputs\random1200_null_random1200_seed3\0_1_lst017_quiet_frozen_polybeam_smooth_S30_multi.npz,9.10175923472585,9444.443085672718,1.7798436919007438e-05,140609741.2109375,False,False,False,False,False,False,False,False,False,False,False,False
0_1,14.60794900739243,short,quiet,17,2461041.6180555555,2461041.624878509,frozen_polybeam,smooth,1000.0,single,coherent_ab,2,4,1,47854,83.414,0.1657111055107527,6.108540873789748e-10,0.0684687078802128,0,2,2,2,0.0,0.0684687078802128,0.0,0.2805166207424566,6.108540873789748e-10,112086845.77031374,27.36141860535476,27.36141860535476,0.1442380499016245,False,20260656,100,0.0058338718889550676,-0.6881373876646902,0.4752475247524752,0.7821782178217822,53959.13111561537,1722654.0042847265,53897.3608168643,63803.4156013608,64348.642697118,1819219.4776600464,1985782.090462753,1991152.7980391465,7141.6542068030685,1.1089008315943147,1.0154495834130954,1722654.0042847265,200314.00954506843,3315845847.160797,0.0005195217400591025,1481,0.004558137949787341,-1.445965571882522,1.4440828042107998,-4095.9999999999995,4090.666666666666,C:\Users\kimeu\Downloads\starlink_pathB_wsl_package_v0_3_clean\starlink_pathB\paper_final_experiment_check\outputs\random1200_null_random1200_seed3\0_1_lst017_quiet_frozen_polybeam_smooth_S1000_single.npz,9.10175923472585,9444.443085672718,1.7798436919007438e-05,140609741.2109375,False,False,False,False,False,False,False,False,False,False,False,False
0_1,14.60794900739243,short,quiet,17,2461041.6180555555,2461041.624878509,frozen_polybeam,smooth,1000.0,multi,coherent_ab,2,4,4,47854;47857;58206;59742,83.414;83.372;82.276;76.763,0.1657111055107527,6.108540873789748e-10,0.0684687078802128,0,2,2,2,0.0,0.0684687078802128,0.0,0.2805166207424566,6.108540873789748e-10,112086845.77031374,102.71655676899762,44.624363031376426,0.39247861807140033,False,20260673,100,1.2652603341801194,1.5097899680587832,0.16831683168316833,0.19801980198019803,105882.73102059588,3591697.427888808,65815.93885082938,127177.36097311412,144409.67387340884,2446918.409710549,4176469.8514170554,4322651.490965343,21358.9886210165,2.4267743585335144,1.5819858218257945,3591697.427888808,298970.25495160336,3315845847.160797,0.0010831919194808797,1481,0.004558137949787341,-1.445965571882522,1.4440828042107998,-4095.9999999999995,4090.666666666666,C:\Users\kimeu\Downloads\starlink_pathB_wsl_package_v0_3_clean\starlink_pathB\paper_final_experiment_check\outputs\random1200_null_random1200_seed3\0_1_lst017_quiet_frozen_polybeam_smooth_S1000_multi.npz,9.10175923472585,9444.443085672718,1.7798436919007438e-05,140609741.2109375,False,False,False,False,False,False,False,False,False,False,False,False
0_1,14.60794900739243,short,quiet,17,2461041.6180555555,2461041.624878509,frozen_polybeam,lines,30.0,single,coherent_ab,2,4,1,47854,83.414,0.1657111055107527,6.108540873789748e-10,0.0684687078802128,0,2,2,2,0.0,0.0684687078802128,0.0,0.2805166207424566,6.108540873789748e-10,112086845.77031374,0.8208421939831133,0.8208421939831133,0.004332248352736569,False,20260690,100,-0.6270730418365441,-0.980085755981725,0.6732673267326733,0.8316831683168316,1568.5961449369788,51377.67085293933,1701.9323709178716,1872.2055933278054,1897.8649115228652,55771.05137033477,59423.99769890453,59446.87117374731,143.41878270544112,0.9523950503081127,0.8332048907092491,51377.67085293933,4540.979920843392,3315845847.160797,1.5494589682729554e-05,1481,0.004558137949787341,-1.445965571882522,1.4440828042107998,-4095.9999999999995,4090.666666666666,C:\Users\kimeu\Downloads\starlink_pathB_wsl_package_v0_3_clean\starlink_pathB\paper_final_experiment_check\outputs\random1200_null_random1200_seed3\0_1_lst017_quiet_frozen_polybeam_lines_S30_single.npz,9.10175923472585,9444.443085672718,1.7798436919007438e-05,140609741.2109375,False,False,False,False,False,False,False,False,False,False,False,False
0_1,14.60794900739243,short,quiet,17,2461041.6180555555,2461041.624878509,frozen_polybeam,lines,30.0,multi,coherent_ab,2,4,4,47854;47857;58206;59742,83.414;83.372;82.276;76.763,0.1657111055107527,6.108540873789748e-10,0.0684687078802128,0,2,2,2,0.0,0.0684687078802128,0.0,0.2805166207424566,6.108540873789748e-10,112086845.77031374,3.0814656644937726,1.338702934100962,0.01178809800991943,False,20260707,100,0.8370119275092166,0.7864219120001948,0.26732673267326734,0.22772277227722773,3101.1506374292076,107383.7568625228,2031.734661385417,4054.228525954857,4564.3181381403665,82176.83525801502,132580.9950211647,147477.17008785653,861.7693131621927,3.039203178733072,1.740403916177947,107383.7568625228,7025.9155158521735,3315845847.160797,3.2385026871641355e-05,1481,0.004558137949787341,-1.445965571882522,1.4440828042107998,-4095.9999999999995,4090.666666666666,C:\Users\kimeu\Downloads\starlink_pathB_wsl_package_v0_3_clean\starlink_pathB\paper_final_experiment_check\outputs\random1200_null_random1200_seed3\0_1_lst017_quiet_frozen_polybeam_lines_S30_multi.npz,9.10175923472585,9444.443085672718,1.7798436919007438e-05,140609741.2109375,False,False,False,False,False,False,False,False,False,False,False,False
0_1,14.60794900739243,short,quiet,17,2461041.6180555555,2461041.624878509,frozen_polybeam,lines,1000.0,single,coherent_ab,2,4,1,47854,83.414,0.1657111055107527,6.108540873789748e-10,0.0684687078802128,0,2,2,2,0.0,0.0684687078802128,0.0,0.2805166207424566,6.108540873789748e-10,112086845.77031374,27.361406466103777,27.361406466103777,0.14440827842455226,False,20260724,100,0.01193419342543903,-0.925939020636427,0.48514851485148514,0.7920792079207921,53773.01844805479,1721276.9110283684,53648.912946119905,63917.416407347286,64491.33404234886,1853606.8035026405,1982543.997233092,1987122.3824226265,7014.132524184883,1.0583844901357418,0.9963556844589501,1721276.9110283684,199894.87057451185,3315845847.160797,0.0005191064332807319,1481,0.004558137949787341,-1.445965571882522,1.4440828042107998,-4095.9999999999995,4090.666666666666,C:\Users\kimeu\Downloads\starlink_pathB_wsl_package_v0_3_clean\starlink_pathB\paper_final_experiment_check\outputs\random1200_null_random1200_seed3\0_1_lst017_quiet_frozen_polybeam_lines_S1000_single.npz,9.10175923472585,9444.443085672718,1.7798436919007438e-05,140609741.2109375,False,False,False,False,False,False,False,False,False,False,False,False
0_1,14.60794900739243,short,quiet,17,2461041.6180555555,2461041.624878509,frozen_polybeam,lines,1000.0,multi,coherent_ab,2,4,4,47854;47857;58206;59742,83.414;83.372;82.276;76.763,0.1657111055107527,6.108540873789748e-10,0.0684687078802128,0,2,2,2,0.0,0.0684687078802128,0.0,0.2805166207424566,6.108540873789748e-10,112086845.77031374,102.71552214979243,44.623431136698734,0.39293660033064765,False,20260741,100,0.6041937589726689,0.6214699785116545,0.297029702970297,0.26732673267326734,105335.99586691335,3590834.5929169683,76493.20849961042,134076.94687385688,144234.4899318836,2864712.1886109216,4239029.347340874,4486563.257797385,32198.60064405948,3.027730717469293,1.9122964314982425,3590834.5929169683,298066.64999710966,3315845847.160797,0.0010829317038340703,1481,0.004558137949787341,-1.445965571882522,1.4440828042107998,-4095.9999999999995,4090.666666666666,C:\Users\kimeu\Downloads\starlink_pathB_wsl_package_v0_3_clean\starlink_pathB\paper_final_experiment_check\outputs\random1200_null_random1200_seed3\0_1_lst017_quiet_frozen_polybeam_lines_S1000_multi.npz,9.10175923472585,9444.443085672718,1.7798436919007438e-05,140609741.2109375,False,False,False,False,False,False,False,False,False,False,False,False
0_1,14.60794900739243,short,quiet,17,2461041.6180555555,2461041.624878509,frozen_polybeam,khz_comb,30.0,single,coherent_ab,2,4,1,47854,83.414,0.1657111055107527,6.108540873789748e-10,0.0684687078802128,0,2,2,2,0.0,0.0684687078802128,0.0,0.2805166207424566,6.108540873789748e-10,112086845.77031374,0.7950487246894365,0.7950487246894365,0.003912426803989681,False,20260758,100,0.043795661087707535,-0.7650543711660872,0.45544554455445546,0.8217821782178217,1396.7057881206274,46877.93146552651,1385.3296948075294,1651.6856023788453,1682.1102886898816,49178.14576468815,53042.68307143165,53126.21556198485,175.20159824192524,0.8010141170892635,0.7769076721377502,46877.93146552651,2804.3789030094213,3315845847.160797,1.4137548494802881e-05,1481,0.004558137949787341,-1.445965571882522,1.4440828042107998,-4095.9999999999995,4090.666666666666,C:\Users\kimeu\Downloads\starlink_pathB_wsl_package_v0_3_clean\starlink_pathB\paper_final_experiment_check\outputs\random1200_null_random1200_seed3\0_1_lst017_quiet_frozen_polybeam_khz_comb_S30_single.npz,9.10175923472585,9444.443085672718,1.7798436919007438e-05,140609741.2109375,False,False,False,False,False,False,False,False,False,False,False,False
0_1,14.60794900739243,short,quiet,17,2461041.6180555555,2461041.624878509,frozen_polybeam,khz_comb,30.0,multi,coherent_ab,2,4,4,47854;47857;58206;59742,83.414;83.372;82.276;76.763,0.1657111055107527,6.108540873789748e-10,0.0684687078802128,0,2,2,2,0.0,0.0684687078802128,0.0,0.2805166207424566,6.108540873789748e-10,112086845.77031374,2.773265119735689,1.101723464370252,0.010575304914381651,False,20260775,100,1.019908461271856,0.723760788721531,0.26732673267326734,0.26732673267326734,2730.773050773889,97970.16812726864,1851.173136562109,3691.9019996602087,3983.5722442259644,76107.81156513335,120941.28275557491,124495.88214730362,581.7012376114726,2.6513478677965736,1.6757506211773059,97970.16812726864,4069.5513454337092,3315845847.160797,2.9546056313551456e-05,1481,0.004558137949787341,-1.445965571882522,1.4440828042107998,-4095.9999999999995,4090.666666666666,C:\Users\kimeu\Downloads\starlink_pathB_wsl_package_v0_3_clean\starlink_pathB\paper_final_experiment_check\outputs\random1200_null_random1200_seed3\0_1_lst017_quiet_frozen_polybeam_khz_comb_S30_multi.npz,9.10175923472585,9444.443085672718,1.7798436919007438e-05,140609741.2109375,False,False,False,False,False,False,False,False,False,False,False,False
0_1,14.60794900739243,short,quiet,17,2461041.6180555555,2461041.624878509,frozen_polybeam,khz_comb,1000.0,single,coherent_ab,2,4,1,47854,83.414,0.1657111055107527,6.108540873789748e-10,0.0684687078802128,0,2,2,2,0.0,0.0684687078802128,0.0,0.2805166207424566,6.108540873789748e-10,112086845.77031374,26.501624156314552,26.501624156314552,0.13041422679965606,False,20260792,100,0.01977772811742822,-0.5841761482946504,0.45544554455445546,0.7524752475247525,47779.02399883419,1568704.6722808129,47600.207167580724,56203.23736381475,57461.268229721376,1625399.6605495568,1762129.6671598826,1767217.5246119357,6098.288923947141,1.138298582597184,1.014230949552793,1568704.6722808129,134387.8671080529,3315845847.160797,0.00047309336579202585,1481,0.004558137949787341,-1.445965571882522,1.4440828042107998,-4095.9999999999995,4090.666666666666,C:\Users\kimeu\Downloads\starlink_pathB_wsl_package_v0_3_clean\starlink_pathB\paper_final_experiment_check\outputs\random1200_null_random1200_seed3\0_1_lst017_quiet_frozen_polybeam_khz_comb_S1000_single.npz,9.10175923472585,9444.443085672718,1.7798436919007438e-05,140609741.2109375,False,False,False,False,False,False,False,False,False,False,False,False
0_1,14.60794900739243,short,quiet,17,2461041.6180555555,2461041.624878509,frozen_polybeam,khz_comb,1000.0,multi,coherent_ab,2,4,4,47854;47857;58206;59742,83.414;83.372;82.276;76.763,0.1657111055107527,6.108540873789748e-10,0.0684687078802128,0,2,2,2,0.0,0.0684687078802128,0.0,0.2805166207424566,6.108540873789748e-10,112086845.77031374,92.44217065785631,36.72411547900841,0.3525101638127217,False,20260809,100,1.0211023749700852,1.3308790089612517,0.2376237623762376,0.22772277227722773,92699.80985216051,3274493.952672587,63043.18803762458,126547.76753168197,148594.86069194504,2272667.950944682,4185156.8528436976,4403564.048755147,19589.727593947202,2.777307406312629,1.6074952645409843,3274493.952672587,193593.7410286746,3315845847.160797,0.0009875290057516945,1481,0.004558137949787341,-1.445965571882522,1.4440828042107998,-4095.9999999999995,4090.666666666666,C:\Users\kimeu\Downloads\starlink_pathB_wsl_package_v0_3_clean\starlink_pathB\paper_final_experiment_check\outputs\random1200_null_random1200_seed3\0_1_lst017_quiet_frozen_polybeam_khz_comb_S1000_multi.npz,9.10175923472585,9444.443085672718,1.7798436919007438e-05,140609741.2109375,False,False,False,False,False,False,False,False,False,False,False,False
0_1,14.60794900739243,short,quiet,17,2461041.6180555555,2461041.624878509,full_polybeam,smooth,30.0,single,coherent_ab,2,4,1,47854,83.414,0.1657111055107527,6.108540873789748e-10,0.0684687078802128,0,2,2,2,0.0,0.0684687078802128,0.0,0.2805166207424566,6.108540873789748e-10,112086845.77031374,1.6785092762374123,1.6785092762374123,0.007130111691668617,False,20260826,100,-0.012080163264066664,-0.6833842314867299,0.504950495049505,0.8316831683168316,1856.1893639527261,62454.39396760677,1861.7148386072367,2297.0075200702995,2313.700665836483,65593.61237856685,71719.24013827367,71795.07856615039,308.512518806383,1.006616139849748,0.9716456695061731,62454.39396760677,7596.463942966369,3315845847.160797,1.883513192300044e-05,1481,0.004558137949787341,-1.445965571882522,1.4440828042107998,-4095.9999999999995,4090.666666666666,C:\Users\kimeu\Downloads\starlink_pathB_wsl_package_v0_3_clean\starlink_pathB\paper_final_experiment_check\outputs\random1200_null_random1200_seed3\0_1_lst017_quiet_full_polybeam_smooth_S30_single.npz,9.10175923472585,9444.443085672718,1.7798436919007438e-05,140609741.2109375,False,False,False,False,False,False,False,False,False,False,False,False
0_1,14.60794900739243,short,quiet,17,2461041.6180555555,2461041.624878509,full_polybeam,smooth,30.0,multi,coherent_ab,2,4,4,47854;47857;58206;59742,83.414;83.372;82.276;76.763,0.1657111055107527,6.108540873789748e-10,0.0684687078802128,0,2,2,2,0.0,0.0684687078802128,0.0,0.2805166207424566,6.108540873789748e-10,112086845.77031374,7.6702494522837,3.2644844351513784,0.021260498234100283,False,20260843,100,0.799200266089012,0.6191284675360319,0.26732673267326734,0.297029702970297,3387.261690016836,122906.93500483921,2328.5317859128118,5110.16401138939,5584.584690382928,101651.94960514543,165849.95627295118,177229.4713256057,893.5226468257606,2.128943546012892,1.348611044672181,122906.93500483921,10223.784025294446,3315845847.160797,3.706654068676885e-05,1481,0.004558137949787341,-1.445965571882522,1.4440828042107998,-4095.9999999999995,4090.666666666666,C:\Users\kimeu\Downloads\starlink_pathB_wsl_package_v0_3_clean\starlink_pathB\paper_final_experiment_check\outputs\random1200_null_random1200_seed3\0_1_lst017_quiet_full_polybeam_smooth_S30_multi.npz,9.10175923472585,9444.443085672718,1.7798436919007438e-05,140609741.2109375,False,False,False,False,False,False,False,False,False,False,False,False
0_1,14.60794900739243,short,quiet,17,2461041.6180555555,2461041.624878509,full_polybeam,smooth,1000.0,single,coherent_ab,2,4,1,47854,83.414,0.1657111055107527,6.108540873789748e-10,0.0684687078802128,0,2,2,2,0.0,0.0684687078802128,0.0,0.2805166207424566,6.108540873789748e-10,112086845.77031374,55.95030920791375,55.95030920791375,0.2376703897222873,False,20260860,100,0.0067202875904012055,-0.41810256809556806,0.49504950495049505,0.6534653465346535,66482.24518738687,2118204.3786309427,66382.99010303617,80309.5939586347,80911.20235183854,2180040.5570908696,2412479.6345412927,2422013.188484617,9961.87087606825,0.997974555057453,0.9112801215658622,2118204.3786309427,418603.583005217,3315845847.160797,0.0006388126819721313,1481,0.004558137949787341,-1.445965571882522,1.4440828042107998,-4095.9999999999995,4090.666666666666,C:\Users\kimeu\Downloads\starlink_pathB_wsl_package_v0_3_clean\starlink_pathB\paper_final_experiment_check\outputs\random1200_null_random1200_seed3\0_1_lst017_quiet_full_polybeam_smooth_S1000_single.npz,9.10175923472585,9444.443085672718,1.7798436919007438e-05,140609741.2109375,False,False,False,False,False,False,False,False,False,False,False,False
0_1,14.60794900739243,short,quiet,17,2461041.6180555555,2461041.624878509,full_polybeam,smooth,1000.0,multi,coherent_ab,2,4,4,47854;47857;58206;59742,83.414;83.372;82.276;76.763,0.1657111055107527,6.108540873789748e-10,0.0684687078802128,0,2,2,2,0.0,0.0684687078802128,0.0,0.2805166207424566,6.108540873789748e-10,112086845.77031374,255.67498174278998,108.81614783837925,0.7086832744700096,False,20260877,100,0.922372497529883,0.5678521352738655,0.22772277227722773,0.2871287128712871,113920.63952864334,4105482.194312282,80515.81622145697,150211.52491913288,156306.86429252513,3486215.9723659186,5387491.678484316,5594810.418384533,24427.489656277,2.8059014067487067,1.7382285540988733,4105482.194312282,304932.0619507333,3315845847.160797,0.001238140246425392,1481,0.004558137949787341,-1.445965571882522,1.4440828042107998,-4095.9999999999995,4090.666666666666,C:\Users\kimeu\Downloads\starlink_pathB_wsl_package_v0_3_clean\starlink_pathB\paper_final_experiment_check\outputs\random1200_null_random1200_seed3\0_1_lst017_quiet_full_polybeam_smooth_S1000_multi.npz,9.10175923472585,9444.443085672718,1.7798436919007438e-05,140609741.2109375,False,False,False,False,False,False,False,False,False,False,False,False
0_1,14.60794900739243,short,quiet,17,2461041.6180555555,2461041.624878509,full_polybeam,lines,30.0,single,coherent_ab,2,4,1,47854,83.414,0.1657111055107527,6.108540873789748e-10,0.0684687078802128,0,2,2,2,0.0,0.0684687078802128,0.0,0.2805166207424566,6.108540873789748e-10,112086845.77031374,1.678461642210388,1.678461642210388,0.007137257558317189,False,20260894,100,-0.32520996763620996,-0.8396879930120174,0.6237623762376238,0.8712871287128713,1850.373295854777,62441.995474604206,1971.5257429424673,2302.504164581932,2307.46855969321,67250.63294904173,71690.56674297576,71721.02511393116,251.27214470878243,1.5733840864665796,1.2808223477955751,62441.995474604206,7581.392027919453,3315845847.160797,1.8831392758523546e-05,1481,0.004558137949787341,-1.445965571882522,1.4440828042107998,-4095.9999999999995,4090.666666666666,C:\Users\kimeu\Downloads\starlink_pathB_wsl_package_v0_3_clean\starlink_pathB\paper_final_experiment_check\outputs\random1200_null_random1200_seed3\0_1_lst017_quiet_full_polybeam_lines_S30_single.npz,9.10175923472585,9444.443085672718,1.7798436919007438e-05,140609741.2109375,False,False,False,False,False,False,False,False,False,False,False,False
0_1,14.60794900739243,short,quiet,17,2461041.6180555555,2461041.624878509,full_polybeam,lines,30.0,multi,coherent_ab,2,4,4,47854;47857;58206;59742,83.414;83.372;82.276;76.763,0.1657111055107527,6.108540873789748e-10,0.0684687078802128,0,2,2,2,0.0,0.0684687078802128,0.0,0.2805166207424566,6.108540873789748e-10,112086845.77031374,7.669887079817261,3.2643154140488417,0.02128083368877081,False,20260911,100,0.8178958815655227,1.012666311034403,0.2376237623762376,0.2376237623762376,3370.1066364236176,122889.32909238004,2348.8083257433027,5095.510436858982,5190.827037452944,94215.64157607529,155823.37682564178,168598.8587528401,842.2297859042883,2.304186007011055,1.6854087431608558,122889.32909238004,10199.776922625879,3315845847.160797,3.70612310574101e-05,1481,0.004558137949787341,-1.445965571882522,1.4440828042107998,-4095.9999999999995,4090.666666666666,C:\Users\kimeu\Downloads\starlink_pathB_wsl_package_v0_3_clean\starlink_pathB\paper_final_experiment_check\outputs\random1200_null_random1200_seed3\0_1_lst017_quiet_full_polybeam_lines_S30_multi.npz,9.10175923472585,9444.443085672718,1.7798436919007438e-05,140609741.2109375,False,False,False,False,False,False,False,False,False,False,False,False
0_1,14.60794900739243,short,quiet,17,2461041.6180555555,2461041.624878509,full_polybeam,lines,1000.0,single,coherent_ab,2,4,1,47854,83.414,0.1657111055107527,6.108540873789748e-10,0.0684687078802128,0,2,2,2,0.0,0.0684687078802128,0.0,0.2805166207424566,6.108540873789748e-10,112086845.77031374,55.94872140701293,55.94872140701293,0.23790858527723963,False,20260928,100,-0.04410680485868368,-0.535382571364038,0.5346534653465347,0.7722772277227723,66259.12222282588,2117548.0192714706,66831.7048674263,80720.16427745763,81092.84896068148,2201228.8458447955,2426328.0235238387,2428528.342653247,8756.057122183964,0.9477672448464741,0.8709491120019068,2117548.0192714706,418008.43625498493,3315845847.160797,0.0006386147356894252,1481,0.004558137949787341,-1.445965571882522,1.4440828042107998,-4095.9999999999995,4090.666666666666,C:\Users\kimeu\Downloads\starlink_pathB_wsl_package_v0_3_clean\starlink_pathB\paper_final_experiment_check\outputs\random1200_null_random1200_seed3\0_1_lst017_quiet_full_polybeam_lines_S1000_single.npz,9.10175923472585,9444.443085672718,1.7798436919007438e-05,140609741.2109375,False,False,False,False,False,False,False,False,False,False,False,False
0_1,14.60794900739243,short,quiet,17,2461041.6180555555,2461041.624878509,full_polybeam,lines,1000.0,multi,coherent_ab,2,4,4,47854;47857;58206;59742,83.414;83.372;82.276;76.763,0.1657111055107527,6.108540873789748e-10,0.0684687078802128,0,2,2,2,0.0,0.0684687078802128,0.0,0.2805166207424566,6.108540873789748e-10,112086845.77031374,255.6629026605754,108.81051380162803,0.7093611229590271,False,20260945,100,1.2240901869959857,1.0112012026152466,0.24752475247524752,0.26732673267326734,113333.41461175308,4104942.7025020383,68430.52957015671,155356.46050585023,175398.52202344598,2981152.527762031,5012811.176231863,5507703.56409628,24742.115700414404,2.6330201905327173,1.5817236223085835,4104942.7025020383,304195.4066509235,3315845847.160797,0.0012379775453122792,1481,0.004558137949787341,-1.445965571882522,1.4440828042107998,-4095.9999999999995,4090.666666666666,C:\Users\kimeu\Downloads\starlink_pathB_wsl_package_v0_3_clean\starlink_pathB\paper_final_experiment_check\outputs\random1200_null_random1200_seed3\0_1_lst017_quiet_full_polybeam_lines_S1000_multi.npz,9.10175923472585,9444.443085672718,1.7798436919007438e-05,140609741.2109375,False,False,False,False,False,False,False,False,False,False,False,False
0_1,14.60794900739243,short,quiet,17,2461041.6180555555,2461041.624878509,full_polybeam,khz_comb,30.0,single,coherent_ab,2,4,1,47854,83.414,0.1657111055107527,6.108540873789748e-10,0.0684687078802128,0,2,2,2,0.0,0.0684687078802128,0.0,0.2805166207424566,6.108540873789748e-10,112086845.77031374,1.381337508242997,1.381337508242997,0.006114481781707235,False,20260962,100,-0.21450210715921822,-0.6696324154386877,0.5742574257425742,0.801980198019802,1614.4711294658482,54059.463305571684,1677.3726007677615,2015.8480648437514,2027.8042600247636,57525.75758627633,61792.988202038665,61903.21497001658,197.79041666537523,1.0199818190772771,0.9574135867575055,54059.463305571684,5382.551516257341,3315845847.160797,1.6303370481429426e-05,1481,0.004558137949787341,-1.445965571882522,1.4440828042107998,-4095.9999999999995,4090.666666666666,C:\Users\kimeu\Downloads\starlink_pathB_wsl_package_v0_3_clean\starlink_pathB\paper_final_experiment_check\outputs\random1200_null_random1200_seed3\0_1_lst017_quiet_full_polybeam_khz_comb_S30_single.npz,9.10175923472585,9444.443085672718,1.7798436919007438e-05,140609741.2109375,False,False,False,False,False,False,False,False,False,False,False,False
0_1,14.60794900739243,short,quiet,17,2461041.6180555555,2461041.624878509,full_polybeam,khz_comb,30.0,multi,coherent_ab,2,4,4,47854;47857;58206;59742,83.414;83.372;82.276;76.763,0.1657111055107527,6.108540873789748e-10,0.0684687078802128,0,2,2,2,0.0,0.0684687078802128,0.0,0.2805166207424566,6.108540873789748e-10,112086845.77031374,6.31215062703943,2.6864607487981154,0.018118937103432077,False,20260979,100,0.9885450966511089,0.9504141514889839,0.1782178217821782,0.16831683168316833,2942.843674670905,107187.5162343451,1890.0441254172474,3798.354666926711,4240.512929158289,82712.26770204793,128026.70652371913,146841.6902776758,718.3319910829887,2.463672446518626,1.7281869572491815,107187.5162343451,6877.8727017580495,3315845847.160797,3.232584419632316e-05,1481,0.004558137949787341,-1.445965571882522,1.4440828042107998,-4095.9999999999995,4090.666666666666,C:\Users\kimeu\Downloads\starlink_pathB_wsl_package_v0_3_clean\starlink_pathB\paper_final_experiment_check\outputs\random1200_null_random1200_seed3\0_1_lst017_quiet_full_polybeam_khz_comb_S30_multi.npz,9.10175923472585,9444.443085672718,1.7798436919007438e-05,140609741.2109375,False,False,False,False,False,False,False,False,False,False,False,False
0_1,14.60794900739243,short,quiet,17,2461041.6180555555,2461041.624878509,full_polybeam,khz_comb,1000.0,single,coherent_ab,2,4,1,47854,83.414,0.1657111055107527,6.108540873789748e-10,0.0684687078802128,0,2,2,2,0.0,0.0684687078802128,0.0,0.2805166207424566,6.108540873789748e-10,112086845.77031374,46.0445836080999,46.0445836080999,0.20381605939024125,False,20260996,100,-0.32658731563755294,-0.8552553785996824,0.594059405940594,0.8217821782178217,57203.52991521731,1826343.0064604664,60170.24184318818,68147.46801221743,70596.43736751139,1947975.8516129595,2075811.9752284328,2086495.0761872453,6127.059091499075,0.9635556933190951,0.9138919150951722,1826343.0064604664,295730.8327282048,3315845847.160797,0.0005507924947790555,1481,0.004558137949787341,-1.445965571882522,1.4440828042107998,-4095.9999999999995,4090.666666666666,C:\Users\kimeu\Downloads\starlink_pathB_wsl_package_v0_3_clean\starlink_pathB\paper_final_experiment_check\outputs\random1200_null_random1200_seed3\0_1_lst017_quiet_full_polybeam_khz_comb_S1000_single.npz,9.10175923472585,9444.443085672718,1.7798436919007438e-05,140609741.2109375,False,False,False,False,False,False,False,False,False,False,False,False
0_1,14.60794900739243,short,quiet,17,2461041.6180555555,2461041.624878509,full_polybeam,khz_comb,1000.0,multi,coherent_ab,2,4,4,47854;47857;58206;59742,83.414;83.372;82.276;76.763,0.1657111055107527,6.108540873789748e-10,0.0684687078802128,0,2,2,2,0.0,0.0684687078802128,0.0,0.2805166207424566,6.108540873789748e-10,112086845.77031374,210.40502090131432,89.54869162660384,0.6039645701144027,False,20261013,100,0.9265778772501198,1.0823515512631403,0.2079207920792079,0.24752475247524752,99164.51030088589,3578398.891953187,64580.36238334328,126879.90548457074,144403.47173083073,2729328.43143656,4158528.1892020414,4812304.0758377835,25175.097277287394,2.406364710290017,1.6366445401878753,3578398.891953187,213565.07674067543,3315845847.160797,0.0010791813180993325,1481,0.004558137949787341,-1.445965571882522,1.4440828042107998,-4095.9999999999995,4090.666666666666,C:\Users\kimeu\Downloads\starlink_pathB_wsl_package_v0_3_clean\starlink_pathB\paper_final_experiment_check\outputs\random1200_null_random1200_seed3\0_1_lst017_quiet_full_polybeam_khz_comb_S1000_multi.npz,9.10175923472585,9444.443085672718,1.7798436919007438e-05,140609741.2109375,False,False,False,False,False,False,False,False,False,False,False,False
0_1,14.60794900739243,short,typical,44,2461041.8055555555,2461041.8123785085,frozen_polybeam,smooth,30.0,single,coherent_ab,3,4,1,54619,88.069,0.1653330813172043,2.560265055874456e-08,0.2419547912000571,0,3,3,3,0.0,0.2419547912000571,0.0,0.7241364102878726,2.560265055874456e-08,9450380.56293815,9.56803367324217,9.56803367324217,0.022498995583227217,False,20261057,100,-0.3845649411820369,0.24965532750536448,0.7623762376237624,0.3465346534653465,1616.0008079776308,82294.26664859266,2213.724400806648,5719.122129719076,5765.953689608178,81607.47467557387,84073.80012756641,84256.57117538158,1048.3509985209093,1.034441919704313,0.9243846770514147,82294.26664859266,-29335.803566770777,63167455.77674818,0.0013027953340315635,1481,0.004558137949787341,-1.445965571882522,1.4440828042107998,-4095.9999999999995,4090.666666666666,C:\Users\kimeu\Downloads\starlink_pathB_wsl_package_v0_3_clean\starlink_pathB\paper_final_experiment_check\outputs\random1200_null_random1200_seed3\0_1_lst044_typical_frozen_polybeam_smooth_S30_single.npz,9.10175923472585,9444.443085672718,1.7798436919007438e-05,140609741.2109375,False,False,False,False,False,False,False,False,False,False,False,False
0_1,14.60794900739243,short,typical,44,2461041.8055555555,2461041.8123785085,frozen_polybeam,smooth,30.0,multi,coherent_ab,3,4,4,54619;55550;55172;53011,88.069;86.924;84.648;82.333,0.1653330813172043,2.560265055874456e-08,0.2419547912000571,0,3,3,3,0.0,0.2419547912000571,0.0,0.7241364102878726,2.560265055874456e-08,9450380.56293815,19.861851021637587,9.56803367324217,0.05310211979453891,False,20261074,100,1.1083632748221413,1.1750721728901332,0.27722772277227725,0.0594059405940594,4662.585013365839,174537.79291161068,2842.9803507964825,8100.233341477532,8957.869234739177,115844.17518213307,171789.7919845496,179807.61717196723,1107.3143243585946,2.8251424949245254,2.023483196108794,174537.79291161068,-58660.71645308676,63167455.77674818,0.0027630967681914727,1481,0.004558137949787341,-1.445965571882522,1.4440828042107998,-4095.9999999999995,4090.666666666666,C:\Users\kimeu\Downloads\starlink_pathB_wsl_package_v0_3_clean\starlink_pathB\paper_final_experiment_check\outputs\random1200_null_random1200_seed3\0_1_lst044_typical_frozen_polybeam_smooth_S30_multi.npz,9.10175923472585,9444.443085672718,1.7798436919007438e-05,140609741.2109375,False,False,False,False,False,False,False,False,False,False,False,False
0_1,14.60794900739243,short,typical,44,2461041.8055555555,2461041.8123785085,frozen_polybeam,smooth,1000.0,single,coherent_ab,3,4,1,54619,88.069,0.1653330813172043,2.560265055874456e-08,0.2419547912000571,0,3,3,3,0.0,0.2419547912000571,0.0,0.7241364102878726,2.560265055874456e-08,9450380.56293815,318.934455774739,318.934455774739,0.7499665194409076,False,20261091,100,-0.8197371006864277,-0.760181258150067,0.7524752475247525,0.9702970297029703,78372.5909768921,2600192.712979108,139232.2285636894,226684.67462177042,230356.1919383649,2814261.8609730704,3269214.733646014,3300329.3138457327,50076.13190011238,0.9181338218757301,0.8676292507782163,2600192.712979108,89732.36180415667,63167455.77674818,0.041163486497998766,1481,0.004558137949787341,-1.445965571882522,1.4440828042107998,-4095.9999999999995,4090.666666666666,C:\Users\kimeu\Downloads\starlink_pathB_wsl_package_v0_3_clean\starlink_pathB\paper_final_experiment_check\outputs\random1200_null_random1200_seed3\0_1_lst044_typical_frozen_polybeam_smooth_S1000_single.npz,9.10175923472585,9444.443085672718,1.7798436919007438e-05,140609741.2109375,False,False,False,False,False,False,False,False,False,False,False,False
0_1,14.60794900739243,short,typical,44,2461041.8055555555,2461041.8123785085,frozen_polybeam,smooth,1000.0,multi,coherent_ab,3,4,4,54619;55550;55172;53011,88.069;86.924;84.648;82.333,0.1653330813172043,2.560265055874456e-08,0.2419547912000571,0,3,3,3,0.0,0.2419547912000571,0.0,0.7241364102878726,2.560265055874456e-08,9450380.56293815,662.0617007212528,318.934455774739,1.7700706598179643,False,20261108,100,0.6177109634519198,0.286552635855783,0.32673267326732675,0.40594059405940597,270076.3042555186,5645855.006750176,209026.01804546017,382083.4695236858,489915.93430571386,5178657.127448596,7584377.89737185,8162934.37677895,66662.00917330965,2.344816032328349,1.619047617074369,5645855.006750176,1738055.6740320614,63167455.77674818,0.08937917377429667,1481,0.004558137949787341,-1.445965571882522,1.4440828042107998,-4095.9999999999995,4090.666666666666,C:\Users\kimeu\Downloads\starlink_pathB_wsl_package_v0_3_clean\starlink_pathB\paper_final_experiment_check\outputs\random1200_null_random1200_seed3\0_1_lst044_typical_frozen_polybeam_smooth_S1000_multi.npz,9.10175923472585,9444.443085672718,1.7798436919007438e-05,140609741.2109375,False,False,False,False,False,False,False,False,False,False,False,False
0_1,14.60794900739243,short,typical,44,2461041.8055555555,2461041.8123785085,frozen_polybeam,lines,30.0,single,coherent_ab,3,4,1,54619,88.069,0.1653330813172043,2.560265055874456e-08,0.2419547912000571,0,3,3,3,0.0,0.2419547912000571,0.0,0.7241364102878726,2.560265055874456e-08,9450380.56293815,9.56803202041237,9.56803202041237,0.02252556043958562,False,20261125,100,-0.44640071282983135,0.3493371170669373,0.8316831683168316,0.3564356435643564,1619.2105722852866,82289.58077953022,2392.541035555303,5766.307782828599,5776.283071768275,81561.24971888219,83935.44013277396,84188.95957818744,1168.4664394705324,1.2084187521035354,1.0680814592187176,82289.58077953022,-29356.61667802398,63167455.77674818,0.001302721152334599,1481,0.004558137949787341,-1.445965571882522,1.4440828042107998,-4095.9999999999995,4090.666666666666,C:\Users\kimeu\Downloads\starlink_pathB_wsl_package_v0_3_clean\starlink_pathB\paper_final_experiment_check\outputs\random1200_null_random1200_seed3\0_1_lst044_typical_frozen_polybeam_lines_S30_single.npz,9.10175923472585,9444.443085672718,1.7798436919007438e-05,140609741.2109375,False,False,False,False,False,False,False,False,False,False,False,False
0_1,14.60794900739243,short,typical,44,2461041.8055555555,2461041.8123785085,frozen_polybeam,lines,30.0,multi,coherent_ab,3,4,4,54619;55550;55172;53011,88.069;86.924;84.648;82.333,0.1653330813172043,2.560265055874456e-08,0.2419547912000571,0,3,3,3,0.0,0.2419547912000571,0.0,0.7241364102878726,2.560265055874456e-08,9450380.56293815,19.861828122149035,9.56803202041237,0.053164700974500996,False,20261142,100,0.7578155795114604,1.3580118798384162,0.33663366336633666,0.0297029702970297,4665.520531702787,174531.2645260042,3110.8603725014837,9043.657682797872,12318.316251899256,112202.11490499141,169178.68653103252,175989.62192290707,1383.7191262070555,2.6985210081170568,1.9324530312210955,174531.2645260042,-58699.0619112081,63167455.77674818,0.0027629934177315534,1481,0.004558137949787341,-1.445965571882522,1.4440828042107998,-4095.9999999999995,4090.666666666666,C:\Users\kimeu\Downloads\starlink_pathB_wsl_package_v0_3_clean\starlink_pathB\paper_final_experiment_check\outputs\random1200_null_random1200_seed3\0_1_lst044_typical_frozen_polybeam_lines_S30_multi.npz,9.10175923472585,9444.443085672718,1.7798436919007438e-05,140609741.2109375,False,False,False,False,False,False,False,False,False,False,False,False
0_1,14.60794900739243,short,typical,44,2461041.8055555555,2461041.8123785085,frozen_polybeam,lines,1000.0,single,coherent_ab,3,4,1,54619,88.069,0.1653330813172043,2.560265055874456e-08,0.2419547912000571,0,3,3,3,0.0,0.2419547912000571,0.0,0.7241364102878726,2.560265055874456e-08,9450380.56293815,318.9344006804123,318.9344006804123,0.7508520146528542,False,20261159,100,-0.36041092224656707,-0.676426275779771,0.693069306930693,0.9108910891089109,78581.82007659791,2599090.8225852232,99490.42066263675,227335.8137539138,230455.4499723793,2820128.512351605,3296040.99893332,3303602.0582031193,39129.38542750961,0.819531319779611,0.7876672225127765,2599090.8225852232,88203.23533118362,63167455.77674818,0.04114604254081646,1481,0.004558137949787341,-1.445965571882522,1.4440828042107998,-4095.9999999999995,4090.666666666666,C:\Users\kimeu\Downloads\starlink_pathB_wsl_package_v0_3_clean\starlink_pathB\paper_final_experiment_check\outputs\random1200_null_random1200_seed3\0_1_lst044_typical_frozen_polybeam_lines_S1000_single.npz,9.10175923472585,9444.443085672718,1.7798436919007438e-05,140609741.2109375,False,False,False,False,False,False,False,False,False,False,False,False
0_1,14.60794900739243,short,typical,44,2461041.8055555555,2461041.8123785085,frozen_polybeam,lines,1000.0,multi,coherent_ab,3,4,4,54619;55550;55172;53011,88.069;86.924;84.648;82.333,0.1653330813172043,2.560265055874456e-08,0.2419547912000571,0,3,3,3,0.0,0.2419547912000571,0.0,0.7241364102878726,2.560265055874456e-08,9450380.56293815,662.0609374049677,318.9344006804123,1.7721566991500333,False,20261176,100,0.9585941247097388,0.7807685210042409,0.2871287128712871,0.297029702970297,270524.1193731497,5641947.850978365,195561.39559198485,417450.5294908869,506311.98790932633,4750486.313639544,7243115.103413272,7760517.571467109,52745.644055456854,3.4946957690965,2.263240448082286,5641947.850978365,1734071.1091508607,63167455.77674818,0.0893173198382189,1481,0.004558137949787341,-1.445965571882522,1.4440828042107998,-4095.9999999999995,4090.666666666666,C:\Users\kimeu\Downloads\starlink_pathB_wsl_package_v0_3_clean\starlink_pathB\paper_final_experiment_check\outputs\random1200_null_random1200_seed3\0_1_lst044_typical_frozen_polybeam_lines_S1000_multi.npz,9.10175923472585,9444.443085672718,1.7798436919007438e-05,140609741.2109375,False,False,False,False,False,False,False,False,False,False,False,False
0_1,14.60794900739243,short,typical,44,2461041.8055555555,2461041.8123785085,frozen_polybeam,khz_comb,30.0,single,coherent_ab,3,4,1,54619,88.069,0.1653330813172043,2.560265055874456e-08,0.2419547912000571,0,3,3,3,0.0,0.2419547912000571,0.0,0.7241364102878726,2.560265055874456e-08,9450380.56293815,9.337550738343467,9.337550738343467,0.020348507269559474,False,20261193,100,-0.5644596669673001,-0.056144766607673334,0.8613861386138614,0.504950495049505,1612.3909707228304,78728.17664531243,2159.2131674396805,5323.190322789317,5391.949040741995,78822.75703152458,80627.89406966639,80809.73210126175,653.4151868526242,1.435988077886979,1.2345921109534372,78728.17664531243,-24810.73886669775,63167455.77674818,0.0012463407885788575,1481,0.004558137949787341,-1.445965571882522,1.4440828042107998,-4095.9999999999995,4090.666666666666,C:\Users\kimeu\Downloads\starlink_pathB_wsl_package_v0_3_clean\starlink_pathB\paper_final_experiment_check\outputs\random1200_null_random1200_seed3\0_1_lst044_typical_frozen_polybeam_khz_comb_S30_single.npz,9.10175923472585,9444.443085672718,1.7798436919007438e-05,140609741.2109375,False,False,False,False,False,False,False,False,False,False,False,False
0_1,14.60794900739243,short,typical,44,2461041.8055555555,2461041.8123785085,frozen_polybeam,khz_comb,30.0,multi,coherent_ab,3,4,4,54619;55550;55172;53011,88.069;86.924;84.648;82.333,0.1653330813172043,2.560265055874456e-08,0.2419547912000571,0,3,3,3,0.0,0.2419547912000571,0.0,0.7241364102878726,2.560265055874456e-08,9450380.56293815,19.137979136250916,9.337550738343467,0.04797220023156232,False,20261210,100,0.8737806743768105,1.4263790905819356,0.3069306930693069,0.019801980198019802,4446.711543176672,170386.54196788758,2784.666451938043,8316.86498034289,9930.14283990233,104583.14178754919,159913.6224224509,169001.67495251572,1282.9696155427373,2.677357559948377,1.7516524184106617,170386.54196788758,-49948.70864952694,63167455.77674818,0.002697378576874811,1481,0.004558137949787341,-1.445965571882522,1.4440828042107998,-4095.9999999999995,4090.666666666666,C:\Users\kimeu\Downloads\starlink_pathB_wsl_package_v0_3_clean\starlink_pathB\paper_final_experiment_check\outputs\random1200_null_random1200_seed3\0_1_lst044_typical_frozen_polybeam_khz_comb_S30_multi.npz,9.10175923472585,9444.443085672718,1.7798436919007438e-05,140609741.2109375,False,False,False,False,False,False,False,False,False,False,False,False
0_1,14.60794900739243,short,typical,44,2461041.8055555555,2461041.8123785085,frozen_polybeam,khz_comb,1000.0,single,coherent_ab,3,4,1,54619,88.069,0.1653330813172043,2.560265055874456e-08,0.2419547912000571,0,3,3,3,0.0,0.2419547912000571,0.0,0.7241364102878726,2.560265055874456e-08,9450380.56293815,311.2516912781155,311.2516912781155,0.6782835756519825,False,20261227,100,-0.3076054281928394,-0.8205488221386249,0.6435643564356436,0.9306930693069307,74599.85111139639,2512922.736304807,90880.14345530071,208889.50937762824,212243.0771712129,2745408.7548066247,3069734.348115868,3073702.087396211,35698.026566218585,1.081605239070431,0.9353806673873479,2512922.736304807,104943.18368166967,63167455.77674818,0.0397819210130323,1481,0.004558137949787341,-1.445965571882522,1.4440828042107998,-4095.9999999999995,4090.666666666666,C:\Users\kimeu\Downloads\starlink_pathB_wsl_package_v0_3_clean\starlink_pathB\paper_final_experiment_check\outputs\random1200_null_random1200_seed3\0_1_lst044_typical_frozen_polybeam_khz_comb_S1000_single.npz,9.10175923472585,9444.443085672718,1.7798436919007438e-05,140609741.2109375,False,False,False,False,False,False,False,False,False,False,False,False
0_1,14.60794900739243,short,typical,44,2461041.8055555555,2461041.8123785085,frozen_polybeam,khz_comb,1000.0,multi,coherent_ab,3,4,4,54619;55550;55172;53011,88.069;86.924;84.648;82.333,0.1653330813172043,2.560265055874456e-08,0.2419547912000571,0,3,3,3,0.0,0.2419547912000571,0.0,0.7241364102878726,2.560265055874456e-08,9450380.56293815,637.9326378750305,311.2516912781155,1.599073341052077,False,20261244,100,0.9962758565547575,0.46353355145993874,0.27722772277227725,0.32673267326732675,243390.87372320937,5557011.857191729,175288.52231329388,424753.66249136784,449119.57860326907,4980695.753544569,6506236.164511506,6958517.431414167,46106.112501273106,3.001627794756826,2.0105550682389954,5557011.857191729,1679965.2904981538,63167455.77674818,0.08797270348883127,1481,0.004558137949787341,-1.445965571882522,1.4440828042107998,-4095.9999999999995,4090.666666666666,C:\Users\kimeu\Downloads\starlink_pathB_wsl_package_v0_3_clean\starlink_pathB\paper_final_experiment_check\outputs\random1200_null_random1200_seed3\0_1_lst044_typical_frozen_polybeam_khz_comb_S1000_multi.npz,9.10175923472585,9444.443085672718,1.7798436919007438e-05,140609741.2109375,False,False,False,False,False,False,False,False,False,False,False,False
0_1,14.60794900739243,short,typical,44,2461041.8055555555,2461041.8123785085,full_polybeam,smooth,30.0,single,coherent_ab,3,4,1,54619,88.069,0.1653330813172043,2.560265055874456e-08,0.2419547912000571,0,3,3,3,0.0,0.2419547912000571,0.0,0.7241364102878726,2.560265055874456e-08,9450380.56293815,11.416351201790006,11.416351201790006,0.027243983259608574,False,20261261,100,-0.9822657507144011,0.14627048000517034,0.8613861386138614,0.44554455445544555,1548.3297838532017,91498.83954106533,4177.341510012513,6409.238154582493,6490.929387802859,90878.63495560932,96497.80388058836,97027.91489588088,1805.2590295043774,1.0717751252586183,1.0061397688281204,91498.83954106533,-34906.2241319449,63167455.77674818,0.0014485123457314531,1481,0.004558137949787341,-1.445965571882522,1.4440828042107998,-4095.9999999999995,4090.666666666666,C:\Users\kimeu\Downloads\starlink_pathB_wsl_package_v0_3_clean\starlink_pathB\paper_final_experiment_check\outputs\random1200_null_random1200_seed3\0_1_lst044_typical_full_polybeam_smooth_S30_single.npz,9.10175923472585,9444.443085672718,1.7798436919007438e-05,140609741.2109375,False,False,False,False,False,False,False,False,False,False,False,False
0_1,14.60794900739243,short,typical,44,2461041.8055555555,2461041.8123785085,full_polybeam,smooth,30.0,multi,coherent_ab,3,4,4,54619;55550;55172;53011,88.069;86.924;84.648;82.333,0.1653330813172043,2.560265055874456e-08,0.2419547912000571,0,3,3,3,0.0,0.2419547912000571,0.0,0.7241364102878726,2.560265055874456e-08,9450380.56293815,27.614916714280564,11.416351201790006,0.069836116197638,False,20261278,100,0.9285512109978162,1.0377813418480704,0.22772277227722773,0.15841584158415842,6291.689140778501,190145.95389784762,4099.180099905672,11084.63055395749,13507.73790096718,135890.87931184104,203307.0844924269,219646.84205953404,1592.617693695618,2.3468474766623912,1.5743294086049557,190145.95389784762,-75181.694430201,63167455.77674818,0.003010188578274827,1481,0.004558137949787341,-1.445965571882522,1.4440828042107998,-4095.9999999999995,4090.666666666666,C:\Users\kimeu\Downloads\starlink_pathB_wsl_package_v0_3_clean\starlink_pathB\paper_final_experiment_check\outputs\random1200_null_random1200_seed3\0_1_lst044_typical_full_polybeam_smooth_S30_multi.npz,9.10175923472585,9444.443085672718,1.7798436919007438e-05,140609741.2109375,False,False,False,False,False,False,False,False,False,False,False,False
0_1,14.60794900739243,short,typical,44,2461041.8055555555,2461041.8123785085,full_polybeam,smooth,1000.0,single,coherent_ab,3,4,1,54619,88.069,0.1653330813172043,2.560265055874456e-08,0.2419547912000571,0,3,3,3,0.0,0.2419547912000571,0.0,0.7241364102878726,2.560265055874456e-08,9450380.56293815,380.54504005966686,380.54504005966686,0.9081327753202861,False,20261295,100,-0.467400697766243,-0.9932354210239583,0.7524752475247525,0.9207920792079208,107943.05511438038,2984698.7384165176,133920.45023668947,267120.9267263016,276067.27621002507,3679972.6322246883,4278001.023164642,4286253.860852523,37487.134805333015,1.2666261949955262,1.0623245972868662,2984698.7384165176,789835.311007179,63167455.77674818,0.04725057708458759,1481,0.004558137949787341,-1.445965571882522,1.4440828042107998,-4095.9999999999995,4090.666666666666,C:\Users\kimeu\Downloads\starlink_pathB_wsl_package_v0_3_clean\starlink_pathB\paper_final_experiment_check\outputs\random1200_null_random1200_seed3\0_1_lst044_typical_full_polybeam_smooth_S1000_single.npz,9.10175923472585,9444.443085672718,1.7798436919007438e-05,140609741.2109375,False,False,False,False,False,False,False,False,False,False,False,False
0_1,14.60794900739243,short,typical,44,2461041.8055555555,2461041.8123785085,full_polybeam,smooth,1000.0,multi,coherent_ab,3,4,4,54619;55550;55172;53011,88.069;86.924;84.648;82.333,0.1653330813172043,2.560265055874456e-08,0.2419547912000571,0,3,3,3,0.0,0.2419547912000571,0.0,0.7241364102878726,2.560265055874456e-08,9450380.56293815,920.4972238093521,380.54504005966686,2.3278705399212676,False,20261312,100,1.2905901456474844,-0.27853753679399945,0.21782178217821782,0.5841584158415841,353097.3181241839,6211999.485577195,249245.75068615942,530799.9893781955,660389.6908765766,6655942.438718617,9213093.99473883,9752238.254979191,54275.110367409245,2.3315572808559657,1.5979319709073587,6211999.485577195,1949640.1116089448,63167455.77674818,0.09834177123631786,1481,0.004558137949787341,-1.445965571882522,1.4440828042107998,-4095.9999999999995,4090.666666666666,C:\Users\kimeu\Downloads\starlink_pathB_wsl_package_v0_3_clean\starlink_pathB\paper_final_experiment_check\outputs\random1200_null_random1200_seed3\0_1_lst044_typical_full_polybeam_smooth_S1000_multi.npz,9.10175923472585,9444.443085672718,1.7798436919007438e-05,140609741.2109375,False,False,False,False,False,False,False,False,False,False,False,False
0_1,14.60794900739243,short,typical,44,2461041.8055555555,2461041.8123785085,full_polybeam,lines,30.0,single,coherent_ab,3,4,1,54619,88.069,0.1653330813172043,2.560265055874456e-08,0.2419547912000571,0,3,3,3,0.0,0.2419547912000571,0.0,0.7241364102878726,2.560265055874456e-08,9450380.56293815,11.416258835319208,11.416258835319208,0.027274069964873866,False,20261329,100,-0.5944768173415049,0.08624180785152176,0.8811881188118812,0.49504950495049505,1551.683608142077,91543.48236637517,2621.8984517860226,6411.6659317818,6509.625832535043,91205.48660156684,96229.60651481284,96998.70625951239,1214.261013441428,0.8903645325969353,0.8632408191184768,91543.48236637517,-34930.56360865378,63167455.77674818,0.0014492190834773523,1481,0.004558137949787341,-1.445965571882522,1.4440828042107998,-4095.9999999999995,4090.666666666666,C:\Users\kimeu\Downloads\starlink_pathB_wsl_package_v0_3_clean\starlink_pathB\paper_final_experiment_check\outputs\random1200_null_random1200_seed3\0_1_lst044_typical_full_polybeam_lines_S30_single.npz,9.10175923472585,9444.443085672718,1.7798436919007438e-05,140609741.2109375,False,False,False,False,False,False,False,False,False,False,False,False
0_1,14.60794900739243,short,typical,44,2461041.8055555555,2461041.8123785085,full_polybeam,lines,30.0,multi,coherent_ab,3,4,4,54619;55550;55172;53011,88.069;86.924;84.648;82.333,0.1653330813172043,2.560265055874456e-08,0.2419547912000571,0,3,3,3,0.0,0.2419547912000571,0.0,0.7241364102878726,2.560265055874456e-08,9450380.56293815,27.61440695439252,11.416258835319208,0.06991087551914547,False,20261346,100,1.225341617232003,1.1541186374752785,0.22772277227722773,0.13861386138613863,6298.6437040558085,190152.77041444433,3604.646096651064,10247.369042350721,13868.08895461734,127053.15390911262,204596.81147146755,215575.91275588507,1482.9142066938512,2.7631951337825216,1.9343280680035733,190152.77041444433,-75228.1650086217,63167455.77674818,0.003010296490118242,1481,0.004558137949787341,-1.445965571882522,1.4440828042107998,-4095.9999999999995,4090.666666666666,C:\Users\kimeu\Downloads\starlink_pathB_wsl_package_v0_3_clean\starlink_pathB\paper_final_experiment_check\outputs\random1200_null_random1200_seed3\0_1_lst044_typical_full_polybeam_lines_S30_multi.npz,9.10175923472585,9444.443085672718,1.7798436919007438e-05,140609741.2109375,False,False,False,False,False,False,False,False,False,False,False,False
0_1,14.60794900739243,short,typical,44,2461041.8055555555,2461041.8123785085,full_polybeam,lines,1000.0,single,coherent_ab,3,4,1,54619,88.069,0.1653330813172043,2.560265055874456e-08,0.2419547912000571,0,3,3,3,0.0,0.2419547912000571,0.0,0.7241364102878726,2.560265055874456e-08,9450380.56293815,380.54196117730686,380.54196117730686,0.9091356654957955,False,20261363,100,-0.3925204854424626,-0.6850670856751312,0.7128712871287128,0.8613861386138614,108220.31970630743,2984012.301686786,127619.26110728743,275947.9909467172,278259.1438165454,3510098.211650825,4275616.794655364,4287659.499798032,33334.3282805731,1.014273097631582,0.87346035231923,2984012.301686786,787484.4439749893,63167455.77674818,0.04723971014810439,1481,0.004558137949787341,-1.445965571882522,1.4440828042107998,-4095.9999999999995,4090.666666666666,C:\Users\kimeu\Downloads\starlink_pathB_wsl_package_v0_3_clean\starlink_pathB\paper_final_experiment_check\outputs\random1200_null_random1200_seed3\0_1_lst044_typical_full_polybeam_lines_S1000_single.npz,9.10175923472585,9444.443085672718,1.7798436919007438e-05,140609741.2109375,False,False,False,False,False,False,False,False,False,False,False,False
0_1,14.60794900739243,short,typical,44,2461041.8055555555,2461041.8123785085,full_polybeam,lines,1000.0,multi,coherent_ab,3,4,4,54619;55550;55172;53011,88.069;86.924;84.648;82.333,0.1653330813172043,2.560265055874456e-08,0.2419547912000571,0,3,3,3,0.0,0.2419547912000571,0.0,0.7241364102878726,2.560265055874456e-08,9450380.56293815,920.4802318130841,380.54196117730686,2.3303625173048492,False,20261380,100,1.5659092393755414,-0.43543714749277934,0.1782178217821782,0.7425742574257426,353747.54901096644,6208061.403849758,257269.47312140127,493992.1881416165,512399.6534082934,6982287.65094331,9700237.545043608,10674564.622576289,41556.41274940281,2.682918808484059,1.5990217341310486,6208061.403849758,1944958.412356426,63167455.77674818,0.0982794277133912,1481,0.004558137949787341,-1.445965571882522,1.4440828042107998,-4095.9999999999995,4090.666666666666,C:\Users\kimeu\Downloads\starlink_pathB_wsl_package_v0_3_clean\starlink_pathB\paper_final_experiment_check\outputs\random1200_null_random1200_seed3\0_1_lst044_typical_full_polybeam_lines_S1000_multi.npz,9.10175923472585,9444.443085672718,1.7798436919007438e-05,140609741.2109375,False,False,False,False,False,False,False,False,False,False,False,False
0_1,14.60794900739243,short,typical,44,2461041.8055555555,2461041.8123785085,full_polybeam,khz_comb,30.0,single,coherent_ab,3,4,1,54619,88.069,0.1653330813172043,2.560265055874456e-08,0.2419547912000571,0,3,3,3,0.0,0.2419547912000571,0.0,0.7241364102878726,2.560265055874456e-08,9450380.56293815,9.39533328403597,9.39533328403597,0.02401219897030161,False,20261397,100,-0.42803272873865006,0.17042061896078253,0.8316831683168316,0.42574257425742573,1534.2430490181432,84107.21464108428,2209.3095384869957,5881.406887548813,5938.820676013454,83649.3008988392,87194.10538325289,87669.84193964169,1063.7647044440382,1.1771114466418637,1.0648478932653942,84107.21464108428,-29517.22489765787,63167455.77674818,0.0013314959991161143,1481,0.004558137949787341,-1.445965571882522,1.4440828042107998,-4095.9999999999995,4090.666666666666,C:\Users\kimeu\Downloads\starlink_pathB_wsl_package_v0_3_clean\starlink_pathB\paper_final_experiment_check\outputs\random1200_null_random1200_seed3\0_1_lst044_typical_full_polybeam_khz_comb_S30_single.npz,9.10175923472585,9444.443085672718,1.7798436919007438e-05,140609741.2109375,False,False,False,False,False,False,False,False,False,False,False,False
0_1,14.60794900739243,short,typical,44,2461041.8055555555,2461041.8123785085,full_polybeam,khz_comb,30.0,multi,coherent_ab,3,4,4,54619;55550;55172;53011,88.069;86.924;84.648;82.333,0.1653330813172043,2.560265055874456e-08,0.2419547912000571,0,3,3,3,0.0,0.2419547912000571,0.0,0.7241364102878726,2.560265055874456e-08,9450380.56293815,22.726057679671037,9.39533328403597,0.061032513165714924,False,20261414,100,1.2086378935543713,1.3427528363948324,0.2079207920792079,0.06930693069306931,5574.120278598741,176881.925434623,3306.005240290746,8978.200166239192,12091.402520338428,117681.69748777876,178931.98727631228,190668.02772132203,1265.7410816979536,2.4995542885860553,1.7359098480101367,176881.925434623,-63614.18621299994,63167455.77674818,0.002800206582005997,1481,0.004558137949787341,-1.445965571882522,1.4440828042107998,-4095.9999999999995,4090.666666666666,C:\Users\kimeu\Downloads\starlink_pathB_wsl_package_v0_3_clean\starlink_pathB\paper_final_experiment_check\outputs\random1200_null_random1200_seed3\0_1_lst044_typical_full_polybeam_khz_comb_S30_multi.npz,9.10175923472585,9444.443085672718,1.7798436919007438e-05,140609741.2109375,False,False,False,False,False,False,False,False,False,False,False,False
0_1,14.60794900739243,short,typical,44,2461041.8055555555,2461041.8123785085,full_polybeam,khz_comb,1000.0,single,coherent_ab,3,4,1,54619,88.069,0.1653330813172043,2.560265055874456e-08,0.2419547912000571,0,3,3,3,0.0,0.2419547912000571,0.0,0.7241364102878726,2.560265055874456e-08,9450380.56293815,313.1777761345323,313.1777761345323,0.800406632343387,False,20261431,100,-0.5162199279692563,-0.8488235350244334,0.7623762376237624,0.9603960396039604,94953.87685560627,2683890.7332718745,131316.0134714574,245153.46548249372,246770.83406571645,3148813.1072619376,3668636.3712340477,3678696.765465686,47510.612848091754,1.3012667695348652,1.0473246002338996,2683890.7332718745,479617.56733434484,63167455.77674818,0.04248850456724916,1481,0.004558137949787341,-1.445965571882522,1.4440828042107998,-4095.9999999999995,4090.666666666666,C:\Users\kimeu\Downloads\starlink_pathB_wsl_package_v0_3_clean\starlink_pathB\paper_final_experiment_check\outputs\random1200_null_random1200_seed3\0_1_lst044_typical_full_polybeam_khz_comb_S1000_single.npz,9.10175923472585,9444.443085672718,1.7798436919007438e-05,140609741.2109375,False,False,False,False,False,False,False,False,False,False,False,False
0_1,14.60794900739243,short,typical,44,2461041.8055555555,2461041.8123785085,full_polybeam,khz_comb,1000.0,multi,coherent_ab,3,4,4,54619;55550;55172;53011,88.069;86.924;84.648;82.333,0.1653330813172043,2.560265055874456e-08,0.2419547912000571,0,3,3,3,0.0,0.2419547912000571,0.0,0.7241364102878726,2.560265055874456e-08,9450380.56293815,757.5352559890345,313.1777761345323,2.034417105523831,False,20261448,100,1.0407841763785246,-0.02618616661762436,0.2079207920792079,0.504950495049505,305191.0945278723,5659308.38512212,218421.52363899787,423981.5989314967,531818.9826321524,5693509.451819265,8209885.046035518,8829360.241941687,56231.90196063282,2.5931860593825697,1.6399334517856057,5659308.38512212,1508138.9149048352,63167455.77674818,0.08959215335700288,1481,0.004558137949787341,-1.445965571882522,1.4440828042107998,-4095.9999999999995,4090.666666666666,C:\Users\kimeu\Downloads\starlink_pathB_wsl_package_v0_3_clean\starlink_pathB\paper_final_experiment_check\outputs\random1200_null_random1200_seed3\0_1_lst044_typical_full_polybeam_khz_comb_S1000_multi.npz,9.10175923472585,9444.443085672718,1.7798436919007438e-05,140609741.2109375,False,False,False,False,False,False,False,False,False,False,False,False
0_1,14.60794900739243,short,stress,0,2461041.5,2461041.506822953,frozen_polybeam,smooth,30.0,single,coherent_ab,4,2,1,46696,76.053,0.2350680443548387,1.9557868561271567e-06,0.5502745938468236,1,4,4,4,0.3308758856684498,0.5502745938468236,0.3308758856684498,0.7280464634021924,1.9557868561271567e-06,281357.1387510374,0.10142720780880833,0.10142720780880833,0.0004989542567714793,False,20261421,100,-0.21652744735612295,0.8656292888627031,0.6336633663366337,0.38613861386138615,77.4822669327259,5792.791891601064,80.02379684429616,129.69300311063415,133.08423882310746,5725.705070863511,5921.7230325565,5922.837544630166,7.91695677023381,1.1567709062609728,1.098464950954389,5792.791891601064,388.36007358709617,1106626167.551434,5.2346420692530975e-06,1481,0.004558137949787341,-1.445965571882522,1.4440828042107998,-4095.9999999999995,4090.666666666666,C:\Users\kimeu\Downloads\starlink_pathB_wsl_package_v0_3_clean\starlink_pathB\paper_final_experiment_check\outputs\random1200_null_random1200_seed3\0_1_lst000_stress_frozen_polybeam_smooth_S30_single.npz,9.10175923472585,9444.443085672718,1.7798436919007438e-05,140609741.2109375,False,False,False,False,False,False,False,False,False,False,False,False
0_1,14.60794900739243,short,stress,0,2461041.5,2461041.506822953,frozen_polybeam,smooth,30.0,multi,coherent_ab,4,2,2,46696;48481,76.053;75.131,0.2350680443548387,1.9557868561271567e-06,0.5502745938468236,1,4,4,4,0.3308758856684498,0.5502745938468236,0.3308758856684498,0.7280464634021924,1.9557868561271567e-06,281357.1387510374,0.16830311256569436,0.10142720780880833,0.0008896532559910192,False,20261438,100,-0.9590559973825512,0.029795626904356286,0.8217821782178217,0.49504950495049505,73.87660074606538,6207.153357296516,101.55496680364013,138.99038532478735,146.97803248161918,6193.90045413486,6725.47841721229,6786.3709455483095,19.46581033244729,2.507255972021357,1.3099695528625792,6207.153357296516,-383.83425634901175,1106626167.551434,5.6090787831546725e-06,1481,0.004558137949787341,-1.445965571882522,1.4440828042107998,-4095.9999999999995,4090.666666666666,C:\Users\kimeu\Downloads\starlink_pathB_wsl_package_v0_3_clean\starlink_pathB\paper_final_experiment_check\outputs\random1200_null_random1200_seed3\0_1_lst000_stress_frozen_polybeam_smooth_S30_multi.npz,9.10175923472585,9444.443085672718,1.7798436919007438e-05,140609741.2109375,False,False,False,False,False,False,False,False,False,False,False,False
0_1,14.60794900739243,short,stress,0,2461041.5,2461041.506822953,frozen_polybeam,smooth,1000.0,single,coherent_ab,4,2,1,46696,76.053,0.2350680443548387,1.9557868561271567e-06,0.5502745938468236,1,4,4,4,0.3308758856684498,0.5502745938468236,0.3308758856684498,0.7280464634021924,1.9557868561271567e-06,281357.1387510374,3.3809069269602787,3.3809069269602787,0.01663180855904931,False,20261455,100,-0.2689622283474439,0.09637555838172449,0.6435643564356436,0.48514851485148514,2579.653441913426,192973.00732039887,2698.2639120249078,4356.121995439334,4416.652393762502,192558.97467584113,197317.88402396877,197416.1967327542,297.44572893716395,1.1810780004360324,1.0626564299215984,192973.00732039887,12289.30645044315,1106626167.551434,0.00017437958090886174,1481,0.004558137949787341,-1.445965571882522,1.4440828042107998,-4095.9999999999995,4090.666666666666,C:\Users\kimeu\Downloads\starlink_pathB_wsl_package_v0_3_clean\starlink_pathB\paper_final_experiment_check\outputs\random1200_null_random1200_seed3\0_1_lst000_stress_frozen_polybeam_smooth_S1000_single.npz,9.10175923472585,9444.443085672718,1.7798436919007438e-05,140609741.2109375,False,False,False,False,False,False,False,False,False,False,False,False
0_1,14.60794900739243,short,stress,0,2461041.5,2461041.506822953,frozen_polybeam,smooth,1000.0,multi,coherent_ab,4,2,2,46696;48481,76.053;75.131,0.2350680443548387,1.9557868561271567e-06,0.5502745938468236,1,4,4,4,0.3308758856684498,0.5502745938468236,0.3308758856684498,0.7280464634021924,1.9557868561271567e-06,281357.1387510374,5.610103752189813,3.3809069269602787,0.029655108533033978,False,20261472,100,-1.1572730528248114,0.027897151889744596,0.9306930693069307,0.49504950495049505,2437.1541888620704,206823.09459669003,3538.75634199474,4750.571037902124,4959.409680819409,206330.58869221533,224419.83943749903,225918.6359210612,642.0442185997963,1.8704394718523314,1.4284419814150584,206823.09459669003,-13914.618440325947,1106626167.551434,0.00018689517802955555,1481,0.004558137949787341,-1.445965571882522,1.4440828042107998,-4095.9999999999995,4090.666666666666,C:\Users\kimeu\Downloads\starlink_pathB_wsl_package_v0_3_clean\starlink_pathB\paper_final_experiment_check\outputs\random1200_null_random1200_seed3\0_1_lst000_stress_frozen_polybeam_smooth_S1000_multi.npz,9.10175923472585,9444.443085672718,1.7798436919007438e-05,140609741.2109375,False,False,False,False,False,False,False,False,False,False,False,False
0_1,14.60794900739243,short,stress,0,2461041.5,2461041.506822953,frozen_polybeam,lines,30.0,single,coherent_ab,4,2,1,46696,76.053,0.2350680443548387,1.9557868561271567e-06,0.5502745938468236,1,4,4,4,0.3308758856684498,0.5502745938468236,0.3308758856684498,0.7280464634021924,1.9557868561271567e-06,281357.1387510374,0.10142638718993788,0.10142638718993788,0.0004995291770945096,False,20261489,100,-0.15204724927377058,0.35807798004777075,0.6237623762376238,0.45544554455445546,77.9747666399926,5787.110961276697,79.54019047832116,132.35957676081452,133.27392709117382,5747.269953858833,5915.587626252774,5916.928678189357,6.9443144723773,1.053683113011077,0.9659424867911517,5787.110961276697,385.2445780375874,1106626167.551434,5.2295085106124804e-06,1481,0.004558137949787341,-1.445965571882522,1.4440828042107998,-4095.9999999999995,4090.666666666666,C:\Users\kimeu\Downloads\starlink_pathB_wsl_package_v0_3_clean\starlink_pathB\paper_final_experiment_check\outputs\random1200_null_random1200_seed3\0_1_lst000_stress_frozen_polybeam_lines_S30_single.npz,9.10175923472585,9444.443085672718,1.7798436919007438e-05,140609741.2109375,False,False,False,False,False,False,False,False,False,False,False,False
0_1,14.60794900739243,short,stress,0,2461041.5,2461041.506822953,frozen_polybeam,lines,30.0,multi,coherent_ab,4,2,2,46696;48481,76.053;75.131,0.2350680443548387,1.9557868561271567e-06,0.5502745938468236,1,4,4,4,0.3308758856684498,0.5502745938468236,0.3308758856684498,0.7280464634021924,1.9557868561271567e-06,281357.1387510374,0.16830154557833055,0.10142638718993788,0.0008906814051453517,False,20261506,100,-0.9946199360118148,-0.01257451107785471,0.8712871287128713,0.5148514851485149,73.1754245441407,6210.334911789167,103.02040419401601,146.9602034295909,151.29540600241629,6217.07396223911,6738.111646624156,6803.638234738857,20.23905037669465,1.8815211881997287,1.1928168417799148,6210.334911789167,-387.23109857331985,1106626167.551434,5.61195378700506e-06,1481,0.004558137949787341,-1.445965571882522,1.4440828042107998,-4095.9999999999995,4090.666666666666,C:\Users\kimeu\Downloads\starlink_pathB_wsl_package_v0_3_clean\starlink_pathB\paper_final_experiment_check\outputs\random1200_null_random1200_seed3\0_1_lst000_stress_frozen_polybeam_lines_S30_multi.npz,9.10175923472585,9444.443085672718,1.7798436919007438e-05,140609741.2109375,False,False,False,False,False,False,False,False,False,False,False,False
0_1,14.60794900739243,short,stress,0,2461041.5,2461041.506822953,frozen_polybeam,lines,1000.0,single,coherent_ab,4,2,1,46696,76.053,0.2350680443548387,1.9557868561271567e-06,0.5502745938468236,1,4,4,4,0.3308758856684498,0.5502745938468236,0.3308758856684498,0.7280464634021924,1.9557868561271567e-06,281357.1387510374,3.3808795729979297,3.3808795729979297,0.01665097256981699,False,20261523,100,-0.26833708527027095,0.38204523434611504,0.6732673267326733,0.44554455445544555,2595.5368042103946,192787.3897361124,2684.048991684802,4392.119494356681,4430.922431198838,191377.30354787054,197200.3639833159,197362.13492156926,222.4837930710055,1.3206634197930354,1.13825498572187,192787.3897361124,12185.854636578777,1106626167.551434,0.00017421184803779005,1481,0.004558137949787341,-1.445965571882522,1.4440828042107998,-4095.9999999999995,4090.666666666666,C:\Users\kimeu\Downloads\starlink_pathB_wsl_package_v0_3_clean\starlink_pathB\paper_final_experiment_check\outputs\random1200_null_random1200_seed3\0_1_lst000_stress_frozen_polybeam_lines_S1000_single.npz,9.10175923472585,9444.443085672718,1.7798436919007438e-05,140609741.2109375,False,False,False,False,False,False,False,False,False,False,False,False
0_1,14.60794900739243,short,stress,0,2461041.5,2461041.506822953,frozen_polybeam,lines,1000.0,multi,coherent_ab,4,2,2,46696;48481,76.053;75.131,0.2350680443548387,1.9557868561271567e-06,0.5502745938468236,1,4,4,4,0.3308758856684498,0.5502745938468236,0.3308758856684498,0.7280464634021924,1.9557868561271567e-06,281357.1387510374,5.610051519277686,3.3808795729979297,0.029689380171511723,False,20261540,100,-0.707350087082015,-0.18884991733478437,0.8118811881188119,0.5247524752475248,2413.852813694626,206935.85310830828,3029.9464045504574,4516.734985636919,4701.1735002088735,210248.26413030998,224341.21146909488,225366.92068656787,587.4735037062783,2.1309844778616065,1.3177045149868474,206935.85310830828,-14027.258447339156,1106626167.551434,0.00018699707197976617,1481,0.004558137949787341,-1.445965571882522,1.4440828042107998,-4095.9999999999995,4090.666666666666,C:\Users\kimeu\Downloads\starlink_pathB_wsl_package_v0_3_clean\starlink_pathB\paper_final_experiment_check\outputs\random1200_null_random1200_seed3\0_1_lst000_stress_frozen_polybeam_lines_S1000_multi.npz,9.10175923472585,9444.443085672718,1.7798436919007438e-05,140609741.2109375,False,False,False,False,False,False,False,False,False,False,False,False
0_1,14.60794900739243,short,stress,0,2461041.5,2461041.506822953,frozen_polybeam,khz_comb,30.0,single,coherent_ab,4,2,1,46696,76.053,0.2350680443548387,1.9557868561271567e-06,0.5502745938468236,1,4,4,4,0.3308758856684498,0.5502745938468236,0.3308758856684498,0.7280464634021924,1.9557868561271567e-06,281357.1387510374,0.08347171566371532,0.08347171566371532,0.00044480150036912497,False,20261557,100,-0.334046982396945,0.3042407421064299,0.6831683168316832,0.3465346534653465,71.21444748342037,5131.782676043712,74.7404885776341,125.89532495925668,127.03607574831695,5118.552911147874,5235.520890982945,5242.417453762087,7.119603711180389,0.9626523739961197,0.8858488900817483,5131.782676043712,300.19574251178256,1106626167.551434,4.637322726064306e-06,1481,0.004558137949787341,-1.445965571882522,1.4440828042107998,-4095.9999999999995,4090.666666666666,C:\Users\kimeu\Downloads\starlink_pathB_wsl_package_v0_3_clean\starlink_pathB\paper_final_experiment_check\outputs\random1200_null_random1200_seed3\0_1_lst000_stress_frozen_polybeam_khz_comb_S30_single.npz,9.10175923472585,9444.443085672718,1.7798436919007438e-05,140609741.2109375,False,False,False,False,False,False,False,False,False,False,False,False
0_1,14.60794900739243,short,stress,0,2461041.5,2461041.506822953,frozen_polybeam,khz_comb,30.0,multi,coherent_ab,4,2,2,46696;48481,76.053;75.131,0.2350680443548387,1.9557868561271567e-06,0.5502745938468236,1,4,4,4,0.3308758856684498,0.5502745938468236,0.3308758856684498,0.7280464634021924,1.9557868561271567e-06,281357.1387510374,0.13850851979939124,0.08347171566371532,0.0007943538715824768,False,20261574,100,-0.4440752072797837,-0.06246200668633364,0.6732673267326733,0.5247524752475248,78.33207951113582,5527.397205219921,89.97738316911273,140.89696899291593,142.93473820713348,5556.837036082099,6038.661995282716,6056.26986803332,17.6876564596314,1.6387426023856955,1.1672628495776853,5527.397205219921,-327.7367890101134,1106626167.551434,4.9948188171350255e-06,1481,0.004558137949787341,-1.445965571882522,1.4440828042107998,-4095.9999999999995,4090.666666666666,C:\Users\kimeu\Downloads\starlink_pathB_wsl_package_v0_3_clean\starlink_pathB\paper_final_experiment_check\outputs\random1200_null_random1200_seed3\0_1_lst000_stress_frozen_polybeam_khz_comb_S30_multi.npz,9.10175923472585,9444.443085672718,1.7798436919007438e-05,140609741.2109375,False,False,False,False,False,False,False,False,False,False,False,False
0_1,14.60794900739243,short,stress,0,2461041.5,2461041.506822953,frozen_polybeam,khz_comb,1000.0,single,coherent_ab,4,2,1,46696,76.053,0.2350680443548387,1.9557868561271567e-06,0.5502745938468236,1,4,4,4,0.3308758856684498,0.5502745938468236,0.3308758856684498,0.7280464634021924,1.9557868561271567e-06,281357.1387510374,2.782390522123845,2.782390522123845,0.01482671667897084,False,20261591,100,-0.13859900383788665,0.15399646668995212,0.5742574257425742,0.45544554455445546,2370.8316937424242,170959.81421451055,2404.5437430478632,4172.789924716181,4227.476753978506,170632.92680000374,174345.52950564201,174788.072465729,164.05937351565808,1.1419647892955087,0.9996021665587083,170959.81421451055,9475.519401172165,1106626167.551434,0.00015448741338981996,1481,0.004558137949787341,-1.445965571882522,1.4440828042107998,-4095.9999999999995,4090.666666666666,C:\Users\kimeu\Downloads\starlink_pathB_wsl_package_v0_3_clean\starlink_pathB\paper_final_experiment_check\outputs\random1200_null_random1200_seed3\0_1_lst000_stress_frozen_polybeam_khz_comb_S1000_single.npz,9.10175923472585,9444.443085672718,1.7798436919007438e-05,140609741.2109375,False,False,False,False,False,False,False,False,False,False,False,False
0_1,14.60794900739243,short,stress,0,2461041.5,2461041.506822953,frozen_polybeam,khz_comb,1000.0,multi,coherent_ab,4,2,2,46696;48481,76.053;75.131,0.2350680443548387,1.9557868561271567e-06,0.5502745938468236,1,4,4,4,0.3308758856684498,0.5502745938468236,0.3308758856684498,0.7280464634021924,1.9557868561271567e-06,281357.1387510374,4.616950659979709,2.782390522123845,0.026478462386082566,False,20261608,100,-0.3893553379773974,-0.0016074994293672244,0.6534653465346535,0.504950495049505,2589.83889362216,184137.13742766058,2964.067158830352,4482.930005127261,4664.07097040562,184162.77757035568,200147.95184302572,201945.42029336834,648.2857230855152,2.1843250992042664,1.2496116605447904,184137.13742766058,-11844.157437057931,1106626167.551434,0.00016639506892837162,1481,0.004558137949787341,-1.445965571882522,1.4440828042107998,-4095.9999999999995,4090.666666666666,C:\Users\kimeu\Downloads\starlink_pathB_wsl_package_v0_3_clean\starlink_pathB\paper_final_experiment_check\outputs\random1200_null_random1200_seed3\0_1_lst000_stress_frozen_polybeam_khz_comb_S1000_multi.npz,9.10175923472585,9444.443085672718,1.7798436919007438e-05,140609741.2109375,False,False,False,False,False,False,False,False,False,False,False,False
0_1,14.60794900739243,short,stress,0,2461041.5,2461041.506822953,full_polybeam,smooth,30.0,single,coherent_ab,4,2,1,46696,76.053,0.2350680443548387,1.9557868561271567e-06,0.5502745938468236,1,4,4,4,0.3308758856684498,0.5502745938468236,0.3308758856684498,0.7280464634021924,1.9557868561271567e-06,281357.1387510374,1.127827963249729,1.127827963249729,0.001671371915200288,False,20261625,100,0.3551676513154641,0.7734882240639835,0.33663366336633666,0.1782178217821782,419.5026462674141,32310.183833134826,372.59690523147583,556.2155921459198,571.7703788219579,31018.425649048604,32543.192138447885,32564.02289418316,89.07761947903782,0.8762247404498349,0.8461389253417986,32310.183833134826,11872.913658552112,1106626167.551434,2.919701772878338e-05,1481,0.004558137949787341,-1.445965571882522,1.4440828042107998,-4095.9999999999995,4090.666666666666,C:\Users\kimeu\Downloads\starlink_pathB_wsl_package_v0_3_clean\starlink_pathB\paper_final_experiment_check\outputs\random1200_null_random1200_seed3\0_1_lst000_stress_full_polybeam_smooth_S30_single.npz,9.10175923472585,9444.443085672718,1.7798436919007438e-05,140609741.2109375,False,False,False,False,False,False,False,False,False,False,False,False
0_1,14.60794900739243,short,stress,0,2461041.5,2461041.506822953,full_polybeam,smooth,30.0,multi,coherent_ab,4,2,2,46696;48481,76.053;75.131,0.2350680443548387,1.9557868561271567e-06,0.5502745938468236,1,4,4,4,0.3308758856684498,0.5502745938468236,0.3308758856684498,0.7280464634021924,1.9557868561271567e-06,281357.1387510374,1.890364121632341,1.127827963249729,0.0030989793079055734,False,20261642,100,0.0958706258770675,0.5308031039216226,0.4752475247524752,0.31683168316831684,360.33377229981124,34421.30145846872,346.8771515553817,626.9029208921827,652.9218134327606,33373.84055117128,35238.703924309775,35373.26933105719,94.67306865751743,2.089707111459015,1.2961472154467302,34421.30145846872,11281.88806324946,1106626167.551434,3.1104723950844834e-05,1481,0.004558137949787341,-1.445965571882522,1.4440828042107998,-4095.9999999999995,4090.666666666666,C:\Users\kimeu\Downloads\starlink_pathB_wsl_package_v0_3_clean\starlink_pathB\paper_final_experiment_check\outputs\random1200_null_random1200_seed3\0_1_lst000_stress_full_polybeam_smooth_S30_multi.npz,9.10175923472585,9444.443085672718,1.7798436919007438e-05,140609741.2109375,False,False,False,False,False,False,False,False,False,False,False,False
0_1,14.60794900739243,short,stress,0,2461041.5,2461041.506822953,full_polybeam,smooth,1000.0,single,coherent_ab,4,2,1,46696,76.053,0.2350680443548387,1.9557868561271567e-06,0.5502745938468236,1,4,4,4,0.3308758856684498,0.5502745938468236,0.3308758856684498,0.7280464634021924,1.9557868561271567e-06,281357.1387510374,37.59426544165765,37.59426544165765,0.055712397173342934,False,20261659,100,0.14659853333945813,0.6018846479104907,0.38613861386138615,0.22772277227722773,13611.050817195326,1068479.2553815255,12898.724707813933,18602.00973169515,18703.411577921546,1038962.0351608896,1081014.9530043856,1094011.1323553887,3277.368248965591,0.9820624878766717,0.8661206841391882,1068479.2553815255,357076.5398142034,1106626167.551434,0.0009655286371419231,1481,0.004558137949787341,-1.445965571882522,1.4440828042107998,-4095.9999999999995,4090.666666666666,C:\Users\kimeu\Downloads\starlink_pathB_wsl_package_v0_3_clean\starlink_pathB\paper_final_experiment_check\outputs\random1200_null_random1200_seed3\0_1_lst000_stress_full_polybeam_smooth_S1000_single.npz,9.10175923472585,9444.443085672718,1.7798436919007438e-05,140609741.2109375,False,False,False,False,False,False,False,False,False,False,False,False
0_1,14.60794900739243,short,stress,0,2461041.5,2461041.506822953,full_polybeam,smooth,1000.0,multi,coherent_ab,4,2,2,46696;48481,76.053;75.131,0.2350680443548387,1.9557868561271567e-06,0.5502745938468236,1,4,4,4,0.3308758856684498,0.5502745938468236,0.3308758856684498,0.7280464634021924,1.9557868561271567e-06,281357.1387510374,63.012137387744716,37.59426544165765,0.1032993102635191,False,20261676,100,0.0036890955898800054,0.14266370928315136,0.49504950495049505,0.44554455445544555,11518.596874549985,1129293.6352349925,11500.377419023775,18507.209063656534,20038.118452749663,1123090.5966973754,1185901.507157553,1192857.7831863477,3331.1292959810235,1.9527605474833882,1.341768888938899,1129293.6352349925,314896.12807476625,1106626167.551434,0.0010204834011233563,1481,0.004558137949787341,-1.445965571882522,1.4440828042107998,-4095.9999999999995,4090.666666666666,C:\Users\kimeu\Downloads\starlink_pathB_wsl_package_v0_3_clean\starlink_pathB\paper_final_experiment_check\outputs\random1200_null_random1200_seed3\0_1_lst000_stress_full_polybeam_smooth_S1000_multi.npz,9.10175923472585,9444.443085672718,1.7798436919007438e-05,140609741.2109375,False,False,False,False,False,False,False,False,False,False,False,False
0_1,14.60794900739243,short,stress,0,2461041.5,2461041.506822953,full_polybeam,lines,30.0,single,coherent_ab,4,2,1,46696,76.053,0.2350680443548387,1.9557868561271567e-06,0.5502745938468236,1,4,4,4,0.3308758856684498,0.5502745938468236,0.3308758856684498,0.7280464634021924,1.9557868561271567e-06,281357.1387510374,1.127723483782402,1.127723483782402,0.001672592659382937,False,20261693,100,0.2564827469002949,0.8518811965380696,0.3069306930693069,0.1782178217821782,417.88071474339813,32300.49806740944,366.2721458347514,574.5979814964346,580.2934275781736,30870.79179916699,32545.43514262692,32572.9867081222,135.71869164449163,1.5483940400032659,1.4047254180664996,32300.49806740944,11864.969416138276,1106626167.551434,2.918826521053522e-05,1481,0.004558137949787341,-1.445965571882522,1.4440828042107998,-4095.9999999999995,4090.666666666666,C:\Users\kimeu\Downloads\starlink_pathB_wsl_package_v0_3_clean\starlink_pathB\paper_final_experiment_check\outputs\random1200_null_random1200_seed3\0_1_lst000_stress_full_polybeam_lines_S30_single.npz,9.10175923472585,9444.443085672718,1.7798436919007438e-05,140609741.2109375,False,False,False,False,False,False,False,False,False,False,False,False
0_1,14.60794900739243,short,stress,0,2461041.5,2461041.506822953,full_polybeam,lines,30.0,multi,coherent_ab,4,2,2,46696;48481,76.053;75.131,0.2350680443548387,1.9557868561271567e-06,0.5502745938468236,1,4,4,4,0.3308758856684498,0.5502745938468236,0.3308758856684498,0.7280464634021924,1.9557868561271567e-06,281357.1387510374,1.890189002515846,1.127723483782402,0.003101181379373083,False,20261710,100,-0.04104117984419021,0.29166776581890297,0.5445544554455446,0.39603960396039606,359.091749612242,34414.99529407025,367.07729359995574,580.5972415450029,614.2061877189577,33936.192786156345,35341.99264864546,35418.71032843121,131.23832330247387,2.2387120209417968,1.371192704192629,34414.99529407025,11273.558539476642,1106626167.551434,3.1099025400979146e-05,1481,0.004558137949787341,-1.445965571882522,1.4440828042107998,-4095.9999999999995,4090.666666666666,C:\Users\kimeu\Downloads\starlink_pathB_wsl_package_v0_3_clean\starlink_pathB\paper_final_experiment_check\outputs\random1200_null_random1200_seed3\0_1_lst000_stress_full_polybeam_lines_S30_multi.npz,9.10175923472585,9444.443085672718,1.7798436919007438e-05,140609741.2109375,False,False,False,False,False,False,False,False,False,False,False,False
0_1,14.60794900739243,short,stress,0,2461041.5,2461041.506822953,full_polybeam,lines,1000.0,single,coherent_ab,4,2,1,46696,76.053,0.2350680443548387,1.9557868561271567e-06,0.5502745938468236,1,4,4,4,0.3308758856684498,0.5502745938468236,0.3308758856684498,0.7280464634021924,1.9557868561271567e-06,281357.1387510374,37.59078279274674,37.59078279274674,0.05575308864609791,False,20261727,100,0.6875250654762319,0.5714009659483872,0.24752475247524752,0.32673267326732675,13558.364238630049,1068256.2093234286,10282.351014939137,18211.88195168348,18557.82385938976,1037735.4516360295,1096780.1028889415,1098485.1392687103,3213.905584332533,1.328139138779856,1.2092942231875548,1068256.2093234286,356842.87106474914,1106626167.551434,0.0009653270821230403,1481,0.004558137949787341,-1.445965571882522,1.4440828042107998,-4095.9999999999995,4090.666666666666,C:\Users\kimeu\Downloads\starlink_pathB_wsl_package_v0_3_clean\starlink_pathB\paper_final_experiment_check\outputs\random1200_null_random1200_seed3\0_1_lst000_stress_full_polybeam_lines_S1000_single.npz,9.10175923472585,9444.443085672718,1.7798436919007438e-05,140609741.2109375,False,False,False,False,False,False,False,False,False,False,False,False
0_1,14.60794900739243,short,stress,0,2461041.5,2461041.506822953,full_polybeam,lines,1000.0,multi,coherent_ab,4,2,2,46696;48481,76.053;75.131,0.2350680443548387,1.9557868561271567e-06,0.5502745938468236,1,4,4,4,0.3308758856684498,0.5502745938468236,0.3308758856684498,0.7280464634021924,1.9557868561271567e-06,281357.1387510374,63.00630008386155,37.59078279274674,0.10337271264576944,False,20261744,100,-0.13086059067553837,0.04209514854390078,0.5643564356435643,0.504950495049505,11478.298652019352,1129208.5984819417,12236.687658486888,18834.998926997832,20438.497121066266,1127033.6592293521,1191758.116206084,1199627.6117063789,3908.9413727261126,2.036734608633731,1.3820712409305451,1129208.5984819417,314669.1947317847,1106626167.551434,0.0010204065578717288,1481,0.004558137949787341,-1.445965571882522,1.4440828042107998,-4095.9999999999995,4090.666666666666,C:\Users\kimeu\Downloads\starlink_pathB_wsl_package_v0_3_clean\starlink_pathB\paper_final_experiment_check\outputs\random1200_null_random1200_seed3\0_1_lst000_stress_full_polybeam_lines_S1000_multi.npz,9.10175923472585,9444.443085672718,1.7798436919007438e-05,140609741.2109375,False,False,False,False,False,False,False,False,False,False,False,False
0_1,14.60794900739243,short,stress,0,2461041.5,2461041.506822953,full_polybeam,khz_comb,30.0,single,coherent_ab,4,2,1,46696,76.053,0.2350680443548387,1.9557868561271567e-06,0.5502745938468236,1,4,4,4,0.3308758856684498,0.5502745938468236,0.3308758856684498,0.7280464634021924,1.9557868561271567e-06,281357.1387510374,0.9280919550974376,0.9280919550974376,0.0014029864891335613,False,20261761,100,0.29720396509324526,0.5402603028969204,0.297029702970297,0.24752475247524752,353.01063125859946,26630.84522328167,315.3231863649562,468.70354896336795,477.6686793500185,26185.2414347276,26805.149040536737,26812.96420544354,85.52992663159966,0.7483345433361361,0.713870669733721,26630.84522328167,9763.024626780894,1106626167.551434,2.4064897437050633e-05,1481,0.004558137949787341,-1.445965571882522,1.4440828042107998,-4095.9999999999995,4090.666666666666,C:\Users\kimeu\Downloads\starlink_pathB_wsl_package_v0_3_clean\starlink_pathB\paper_final_experiment_check\outputs\random1200_null_random1200_seed3\0_1_lst000_stress_full_polybeam_khz_comb_S30_single.npz,9.10175923472585,9444.443085672718,1.7798436919007438e-05,140609741.2109375,False,False,False,False,False,False,False,False,False,False,False,False
0_1,14.60794900739243,short,stress,0,2461041.5,2461041.506822953,full_polybeam,khz_comb,30.0,multi,coherent_ab,4,2,2,46696;48481,76.053;75.131,0.2350680443548387,1.9557868561271567e-06,0.5502745938468236,1,4,4,4,0.3308758856684498,0.5502745938468236,0.3308758856684498,0.7280464634021924,1.9557868561271567e-06,281357.1387510374,1.5555845312050796,0.9280919550974376,0.002605237592897481,False,20261778,100,-0.05366255820033233,0.34293951632549663,0.5247524752475248,0.37623762376237624,283.62465110607445,28375.13942236908,292.33343279897235,493.517511238344,536.9345925305412,27938.199301272347,29108.666020256544,29183.59863712308,109.46166144800372,2.286184637421439,1.551573657932967,28375.13942236908,9280.777842399515,1106626167.551434,2.564112457701327e-05,1481,0.004558137949787341,-1.445965571882522,1.4440828042107998,-4095.9999999999995,4090.666666666666,C:\Users\kimeu\Downloads\starlink_pathB_wsl_package_v0_3_clean\starlink_pathB\paper_final_experiment_check\outputs\random1200_null_random1200_seed3\0_1_lst000_stress_full_polybeam_khz_comb_S30_multi.npz,9.10175923472585,9444.443085672718,1.7798436919007438e-05,140609741.2109375,False,False,False,False,False,False,False,False,False,False,False,False
0_1,14.60794900739243,short,stress,0,2461041.5,2461041.506822953,full_polybeam,khz_comb,1000.0,single,coherent_ab,4,2,1,46696,76.053,0.2350680443548387,1.9557868561271567e-06,0.5502745938468236,1,4,4,4,0.3308758856684498,0.5502745938468236,0.3308758856684498,0.7280464634021924,1.9557868561271567e-06,281357.1387510374,30.936398503247922,30.936398503247922,0.04676621630445206,False,20261795,100,0.8975969558513297,0.4199494793735144,0.18811881188118812,0.32673267326732675,11514.296822950244,881513.0631279962,7852.717336625792,14935.532136152964,15460.584383845442,867372.8215069012,898760.9028934621,902774.2886730345,2751.4593409828376,1.260129457949374,1.0889741836072757,881513.0631279962,299171.70272528764,1106626167.551434,0.0007965770998154397,1481,0.004558137949787341,-1.445965571882522,1.4440828042107998,-4095.9999999999995,4090.666666666666,C:\Users\kimeu\Downloads\starlink_pathB_wsl_package_v0_3_clean\starlink_pathB\paper_final_experiment_check\outputs\random1200_null_random1200_seed3\0_1_lst000_stress_full_polybeam_khz_comb_S1000_single.npz,9.10175923472585,9444.443085672718,1.7798436919007438e-05,140609741.2109375,False,False,False,False,False,False,False,False,False,False,False,False
0_1,14.60794900739243,short,stress,0,2461041.5,2461041.506822953,full_polybeam,khz_comb,1000.0,multi,coherent_ab,4,2,2,46696;48481,76.053;75.131,0.2350680443548387,1.9557868561271567e-06,0.5502745938468236,1,4,4,4,0.3308758856684498,0.5502745938468236,0.3308758856684498,0.7280464634021924,1.9557868561271567e-06,281357.1387510374,51.85281770683599,30.936398503247922,0.08684125309658272,False,20261812,100,-0.13737817306437422,0.02553165852132916,0.594059405940594,0.49504950495049505,9121.21803701669,933721.3090794788,9642.315316716209,14835.580663961171,16641.323333760036,932743.8979476973,979833.9833918951,983810.5456065389,2558.450823050458,1.9782430166936016,1.1884518268180824,933721.3090794788,267818.239650618,1106626167.551434,0.0008437549521763691,1481,0.004558137949787341,-1.445965571882522,1.4440828042107998,-4095.9999999999995,4090.666666666666,C:\Users\kimeu\Downloads\starlink_pathB_wsl_package_v0_3_clean\starlink_pathB\paper_final_experiment_check\outputs\random1200_null_random1200_seed3\0_1_lst000_stress_full_polybeam_khz_comb_S1000_multi.npz,9.10175923472585,9444.443085672718,1.7798436919007438e-05,140609741.2109375,False,False,False,False,False,False,False,False,False,False,False,False
0_197,160.250312485456,mid,quiet,22,2461041.652777778,2461041.6596007315,frozen_polybeam,smooth,30.0,single,coherent_ab,3,2,1,49811,75.690,0.1653960853494623,3.763898124503042e-08,0.0434769020580605,0,3,3,3,0.0,0.0434769020580605,0.0,0.1229563272443203,3.763898124503042e-08,1155103.0506119488,4.431145351154306e-05,4.431145351154306e-05,8.210088235382682e-07,False,20261851,100,-0.2624494609097382,-0.7787480115436711,0.594059405940594,0.7524752475247525,0.0014942723882995779,0.21433866531992152,0.0015368719684829557,0.0017370732801509803,0.001755727905160711,0.21559619944899633,0.21751410603574417,0.2176822463557069,0.00010948021417789278,1.1136943504060102,1.057557061777335,0.21433866531992152,0.0294812155979276,2259634.4707073094,9.485545918974645e-08,1299,0.05000312024881745,-1.445965571882522,1.4440828042107998,-4095.9999999999995,4090.666666666666,C:\Users\kimeu\Downloads\starlink_pathB_wsl_package_v0_3_clean\starlink_pathB\paper_final_experiment_check\outputs\random1200_null_random1200_seed3\0_197_lst022_quiet_frozen_polybeam_smooth_S30_single.npz,9.10175923472585,9444.443085672718,1.7798436919007438e-05,140609741.2109375,False,False,False,False,False,False,False,False,False,False,False,False
0_197,160.250312485456,mid,quiet,22,2461041.652777778,2461041.6596007315,frozen_polybeam,smooth,30.0,multi,coherent_ab,3,2,2,49811;56318,75.690;72.121,0.1653960853494623,3.763898124503042e-08,0.0434769020580605,0,3,3,3,0.0,0.0434769020580605,0.0,0.1229563272443203,3.763898124503042e-08,1155103.0506119488,0.003944860231054235,0.003900548777542692,6.267628619784336e-05,False,20261868,100,-1.4077856841348046,-1.2639772864640901,0.7920792079207921,0.9504950495049505,0.13767196529443027,12.795843687011278,0.17759738128961544,0.19914301870221607,0.20119414748145117,13.7184738316732,14.289431462276925,14.307321288806033,0.019128852111862216,1.0649045250579423,0.8885220126474836,12.795843687011278,-0.10839207417333663,2259634.4707073094,5.662793630071474e-06,1299,0.05000312024881745,-1.445965571882522,1.4440828042107998,-4095.9999999999995,4090.666666666666,C:\Users\kimeu\Downloads\starlink_pathB_wsl_package_v0_3_clean\starlink_pathB\paper_final_experiment_check\outputs\random1200_null_random1200_seed3\0_197_lst022_quiet_frozen_polybeam_smooth_S30_multi.npz,9.10175923472585,9444.443085672718,1.7798436919007438e-05,140609741.2109375,False,False,False,False,False,False,False,False,False,False,False,False
0_197,160.250312485456,mid,quiet,22,2461041.652777778,2461041.6596007315,frozen_polybeam,smooth,1000.0,single,coherent_ab,3,2,1,49811,75.690,0.1653960853494623,3.763898124503042e-08,0.0434769020580605,0,3,3,3,0.0,0.0434769020580605,0.0,0.1229563272443203,3.763898124503042e-08,1155103.0506119488,0.0014770484503847687,0.0014770484503847687,2.7366960784608948e-05,False,20261885,100,-0.23141523930027394,-0.7802129228494715,0.6237623762376238,0.7227722772277227,0.04980960560897074,7.144664297638849,0.05080622763443898,0.057461145042975656,0.05837943911592447,7.1864935711461975,7.233277381651306,7.253131037831001,0.0029047885908539683,1.1203683486426796,1.009848361859242,7.144664297638849,0.9830440125236333,2259634.4707073094,3.161867279977558e-06,1299,0.05000312024881745,-1.445965571882522,1.4440828042107998,-4095.9999999999995,4090.666666666666,C:\Users\kimeu\Downloads\starlink_pathB_wsl_package_v0_3_clean\starlink_pathB\paper_final_experiment_check\outputs\random1200_null_random1200_seed3\0_197_lst022_quiet_frozen_polybeam_smooth_S1000_single.npz,9.10175923472585,9444.443085672718,1.7798436919007438e-05,140609741.2109375,False,False,False,False,False,False,False,False,False,False,False,False
0_197,160.250312485456,mid,quiet,22,2461041.652777778,2461041.6596007315,frozen_polybeam,smooth,1000.0,multi,coherent_ab,3,2,2,49811;56318,75.690;72.121,0.1653960853494623,3.763898124503042e-08,0.0434769020580605,0,3,3,3,0.0,0.0434769020580605,0.0,0.1229563272443203,3.763898124503042e-08,1155103.0506119488,0.13149534103514116,0.1300182925847564,0.0020892095399281125,False,20261902,100,-1.2063114324325594,-0.825689236735985,0.7722772277227723,0.9207920792079208,4.591722977897007,426.52862091729344,5.847714626744278,6.5970536017252694,6.604682186083001,449.5066191457471,475.95936096315097,476.5172562247642,0.7022686997328265,0.9517421489078358,0.8087187612772171,426.52862091729344,-3.4495365471594113,2259634.4707073094,0.0001887600080661638,1299,0.05000312024881745,-1.445965571882522,1.4440828042107998,-4095.9999999999995,4090.666666666666,C:\Users\kimeu\Downloads\starlink_pathB_wsl_package_v0_3_clean\starlink_pathB\paper_final_experiment_check\outputs\random1200_null_random1200_seed3\0_197_lst022_quiet_frozen_polybeam_smooth_S1000_multi.npz,9.10175923472585,9444.443085672718,1.7798436919007438e-05,140609741.2109375,False,False,False,False,False,False,False,False,False,False,False,False
0_197,160.250312485456,mid,quiet,22,2461041.652777778,2461041.6596007315,frozen_polybeam,lines,30.0,single,coherent_ab,3,2,1,49811,75.690,0.1653960853494623,3.763898124503042e-08,0.0434769020580605,0,3,3,3,0.0,0.0434769020580605,0.0,0.1229563272443203,3.763898124503042e-08,1155103.0506119488,4.431146958628381e-05,4.431146958628381e-05,8.219793768397054e-07,False,20261919,100,-0.6360551874596813,-0.9709640066610509,0.7227722772277227,0.7029702970297029,0.0014730807924934197,0.21428650752425904,0.0015737824222696872,0.0017140206063686492,0.001736261196256237,0.2157187512924208,0.21752600363678348,0.21794114374287946,0.00010678683247533627,1.2342283874562971,1.156073239345854,0.21428650752425904,0.02953630790507722,2259634.4707073094,9.483237678578305e-08,1299,0.05000312024881745,-1.445965571882522,1.4440828042107998,-4095.9999999999995,4090.666666666666,C:\Users\kimeu\Downloads\starlink_pathB_wsl_package_v0_3_clean\starlink_pathB\paper_final_experiment_check\outputs\random1200_null_random1200_seed3\0_197_lst022_quiet_frozen_polybeam_lines_S30_single.npz,9.10175923472585,9444.443085672718,1.7798436919007438e-05,140609741.2109375,False,False,False,False,False,False,False,False,False,False,False,False
0_197,160.250312485456,mid,quiet,22,2461041.652777778,2461041.6596007315,frozen_polybeam,lines,30.0,multi,coherent_ab,3,2,2,49811;56318,75.690;72.121,0.1653960853494623,3.763898124503042e-08,0.0434769020580605,0,3,3,3,0.0,0.0434769020580605,0.0,0.1229563272443203,3.763898124503042e-08,1155103.0506119488,0.003944546568111934,0.003900235098525651,6.275606094893009e-05,False,20261936,100,-1.4229868249148119,-1.8127440147154654,0.8613861386138614,0.9900990099009901,0.13698782733808912,12.782861683344006,0.17444027286933306,0.19658633737624315,0.19885718578538217,13.86458163835123,14.300648157494534,14.306626792782334,0.01775232770137336,1.6618034206229697,1.3830964326042026,12.782861683344006,-0.11563755074817417,2259634.4707073094,5.657048451443884e-06,1299,0.05000312024881745,-1.445965571882522,1.4440828042107998,-4095.9999999999995,4090.666666666666,C:\Users\kimeu\Downloads\starlink_pathB_wsl_package_v0_3_clean\starlink_pathB\paper_final_experiment_check\outputs\random1200_null_random1200_seed3\0_197_lst022_quiet_frozen_polybeam_lines_S30_multi.npz,9.10175923472585,9444.443085672718,1.7798436919007438e-05,140609741.2109375,False,False,False,False,False,False,False,False,False,False,False,False
0_197,160.250312485456,mid,quiet,22,2461041.652777778,2461041.6596007315,frozen_polybeam,lines,1000.0,single,coherent_ab,3,2,1,49811,75.690,0.1653960853494623,3.763898124503042e-08,0.0434769020580605,0,3,3,3,0.0,0.0434769020580605,0.0,0.1229563272443203,3.763898124503042e-08,1155103.0506119488,0.00147704898620946,0.00147704898620946,2.7399312561323513e-05,False,20261953,100,-0.7218888945126916,-0.6928139939576883,0.6732673267326733,0.693069306930693,0.04910320953149494,7.142926330411489,0.05314885615393905,0.05751656239649492,0.05789325842161361,7.188896234881502,7.262275067040983,7.264930739248408,0.0037800155726017692,1.5834932347534227,1.429502760088683,7.142926330411489,0.9848805540022614,2259634.4707073094,3.1610981435309823e-06,1299,0.05000312024881745,-1.445965571882522,1.4440828042107998,-4095.9999999999995,4090.666666666666,C:\Users\kimeu\Downloads\starlink_pathB_wsl_package_v0_3_clean\starlink_pathB\paper_final_experiment_check\outputs\random1200_null_random1200_seed3\0_197_lst022_quiet_frozen_polybeam_lines_S1000_single.npz,9.10175923472585,9444.443085672718,1.7798436919007438e-05,140609741.2109375,False,False,False,False,False,False,False,False,False,False,False,False
0_197,160.250312485456,mid,quiet,22,2461041.652777778,2461041.6596007315,frozen_polybeam,lines,1000.0,multi,coherent_ab,3,2,2,49811;56318,75.690;72.121,0.1653960853494623,3.763898124503042e-08,0.0434769020580605,0,3,3,3,0.0,0.0434769020580605,0.0,0.1229563272443203,3.763898124503042e-08,1155103.0506119488,0.13148488560373114,0.1300078366175217,0.00209186869829767,False,20261970,100,-1.926031722551439,-1.1874565807830066,0.8514851485148515,0.9108910891089109,4.56887885242395,426.09614459203067,6.000815380590893,6.5647483492462015,6.612978174444184,455.3054326774528,475.9973656140666,476.44323781533245,0.5014600461129248,1.256894528438821,0.9159120007983934,426.09614459203067,-3.69089781526389,2259634.4707073094,0.00018856861590479026,1299,0.05000312024881745,-1.445965571882522,1.4440828042107998,-4095.9999999999995,4090.666666666666,C:\Users\kimeu\Downloads\starlink_pathB_wsl_package_v0_3_clean\starlink_pathB\paper_final_experiment_check\outputs\random1200_null_random1200_seed3\0_197_lst022_quiet_frozen_polybeam_lines_S1000_multi.npz,9.10175923472585,9444.443085672718,1.7798436919007438e-05,140609741.2109375,False,False,False,False,False,False,False,False,False,False,False,False
0_197,160.250312485456,mid,quiet,22,2461041.652777778,2461041.6596007315,frozen_polybeam,khz_comb,30.0,single,coherent_ab,3,2,1,49811,75.690,0.1653960853494623,3.763898124503042e-08,0.0434769020580605,0,3,3,3,0.0,0.0434769020580605,0.0,0.1229563272443203,3.763898124503042e-08,1155103.0506119488,4.4003463350857e-05,4.4003463350857e-05,7.431227537859359e-07,False,20261987,100,-0.07459029968398619,0.032704973673542075,0.5247524752475248,0.49504950495049505,0.001467311373744451,0.20888836645457154,0.0014839487419067154,0.0018799585192027734,0.0019108301308278898,0.20886050067181094,0.2135319250535051,0.21385517835980364,0.00015044518033846543,1.121059005131557,1.0494923930137907,0.20888836645457154,0.02886797642514516,2259634.4707073094,9.244343240576668e-08,1299,0.05000312024881745,-1.445965571882522,1.4440828042107998,-4095.9999999999995,4090.666666666666,C:\Users\kimeu\Downloads\starlink_pathB_wsl_package_v0_3_clean\starlink_pathB\paper_final_experiment_check\outputs\random1200_null_random1200_seed3\0_197_lst022_quiet_frozen_polybeam_khz_comb_S30_single.npz,9.10175923472585,9444.443085672718,1.7798436919007438e-05,140609741.2109375,False,False,False,False,False,False,False,False,False,False,False,False
0_197,160.250312485456,mid,quiet,22,2461041.652777778,2461041.6596007315,frozen_polybeam,khz_comb,30.0,multi,coherent_ab,3,2,2,49811;56318,75.690;72.121,0.1653960853494623,3.763898124503042e-08,0.0434769020580605,0,3,3,3,0.0,0.0434769020580605,0.0,0.1229563272443203,3.763898124503042e-08,1155103.0506119488,0.0032538123127591636,0.0032098088494083065,5.591804435688259e-05,False,20262004,100,-1.4745081009860197,-0.8770206370851854,0.7029702970297029,0.9405940594059405,0.1365244077569514,12.274393426024805,0.16447150037595293,0.1816302812090953,0.1848280475871479,12.793608635474296,13.438514828017636,13.448572686944921,0.01278396213160704,1.426771103601524,0.9351836984014437,12.274393426024805,-0.027677996779940983,2259634.4707073094,5.432026102072465e-06,1299,0.05000312024881745,-1.445965571882522,1.4440828042107998,-4095.9999999999995,4090.666666666666,C:\Users\kimeu\Downloads\starlink_pathB_wsl_package_v0_3_clean\starlink_pathB\paper_final_experiment_check\outputs\random1200_null_random1200_seed3\0_197_lst022_quiet_frozen_polybeam_khz_comb_S30_multi.npz,9.10175923472585,9444.443085672718,1.7798436919007438e-05,140609741.2109375,False,False,False,False,False,False,False,False,False,False,False,False
0_197,160.250312485456,mid,quiet,22,2461041.652777778,2461041.6596007315,frozen_polybeam,khz_comb,1000.0,single,coherent_ab,3,2,1,49811,75.690,0.1653960853494623,3.763898124503042e-08,0.0434769020580605,0,3,3,3,0.0,0.0434769020580605,0.0,0.1229563272443203,3.763898124503042e-08,1155103.0506119488,0.001466782111695233,0.001466782111695233,2.4770758459531202e-05,False,20262021,100,-0.16852754954613164,-0.11193191217499847,0.6237623762376238,0.5742574257425742,0.04891097238260045,6.962985361009578,0.050103580151699134,0.06348924523765617,0.06457666419401903,6.967392237692922,7.117016516150345,7.130197525545548,0.004773124169332732,1.3700953449726287,1.2357708618725245,6.962985361009578,0.9625787786077025,2259634.4707073094,3.081465365869564e-06,1299,0.05000312024881745,-1.445965571882522,1.4440828042107998,-4095.9999999999995,4090.666666666666,C:\Users\kimeu\Downloads\starlink_pathB_wsl_package_v0_3_clean\starlink_pathB\paper_final_experiment_check\outputs\random1200_null_random1200_seed3\0_197_lst022_quiet_frozen_polybeam_khz_comb_S1000_single.npz,9.10175923472585,9444.443085672718,1.7798436919007438e-05,140609741.2109375,False,False,False,False,False,False,False,False,False,False,False,False
0_197,160.250312485456,mid,quiet,22,2461041.652777778,2461041.6596007315,frozen_polybeam,khz_comb,1000.0,multi,coherent_ab,3,2,2,49811;56318,75.690;72.121,0.1653960853494623,3.763898124503042e-08,0.0434769020580605,0,3,3,3,0.0,0.0434769020580605,0.0,0.1229563272443203,3.763898124503042e-08,1155103.0506119488,0.10846041042530546,0.10699362831361023,0.001863934811896086,False,20262038,100,-1.7891701367547967,-1.5045466160371461,0.7623762376237624,0.9405940594059405,4.553510870058744,409.15723169882637,5.5464929683807895,6.067144328982681,6.159141195856319,435.20883128931865,447.9629365048,448.18419612798795,0.3743396091210798,1.3910485351764508,0.9920270739711626,409.15723169882637,-0.7847127477233311,2259634.4707073094,0.00018107230926192776,1299,0.05000312024881745,-1.445965571882522,1.4440828042107998,-4095.9999999999995,4090.666666666666,C:\Users\kimeu\Downloads\starlink_pathB_wsl_package_v0_3_clean\starlink_pathB\paper_final_experiment_check\outputs\random1200_null_random1200_seed3\0_197_lst022_quiet_frozen_polybeam_khz_comb_S1000_multi.npz,9.10175923472585,9444.443085672718,1.7798436919007438e-05,140609741.2109375,False,False,False,False,False,False,False,False,False,False,False,False
0_197,160.250312485456,mid,quiet,22,2461041.652777778,2461041.6596007315,full_polybeam,smooth,30.0,single,coherent_ab,3,2,1,49811,75.690,0.1653960853494623,3.763898124503042e-08,0.0434769020580605,0,3,3,3,0.0,0.0434769020580605,0.0,0.1229563272443203,3.763898124503042e-08,1155103.0506119488,0.0006969693659660854,0.0006969693659660854,1.4650785386196337e-05,False,20262055,100,-0.012631266353693701,-0.4528150145736841,0.5445544554455446,0.7227722772277227,0.017131579760672366,1.9625302565388152,0.017161770956363398,0.022383986197087324,0.022440519547885743,1.9742219794244003,2.0160644459775434,2.0174596975189556,0.0016121647617062251,0.9552810918865337,0.9069355251943114,1.9625302565388152,0.10191990976807919,2259634.4707073094,8.685166924031324e-07,1299,0.05000312024881745,-1.445965571882522,1.4440828042107998,-4095.9999999999995,4090.666666666666,C:\Users\kimeu\Downloads\starlink_pathB_wsl_package_v0_3_clean\starlink_pathB\paper_final_experiment_check\outputs\random1200_null_random1200_seed3\0_197_lst022_quiet_full_polybeam_smooth_S30_single.npz,9.10175923472585,9444.443085672718,1.7798436919007438e-05,140609741.2109375,False,False,False,False,False,False,False,False,False,False,False,False
0_197,160.250312485456,mid,quiet,22,2461041.652777778,2461041.6596007315,full_polybeam,smooth,30.0,multi,coherent_ab,3,2,2,49811;56318,75.690;72.121,0.1653960853494623,3.763898124503042e-08,0.0434769020580605,0,3,3,3,0.0,0.0434769020580605,0.0,0.1229563272443203,3.763898124503042e-08,1155103.0506119488,0.010360816421979824,0.009663847056013739,9.484158233134124e-05,False,20262072,100,0.2338598173583409,-1.5164752624888929,0.38613861386138615,0.9306930693069307,0.16794288510573097,15.968896250812465,0.15862964074449337,0.20185654446115675,0.21381393890634628,16.584891592460828,17.211082907057172,17.30546358913608,0.026860951716116688,2.359409580167329,1.0564856851230313,15.968896250812465,0.8861226810301028,2259634.4707073094,7.067026307938155e-06,1299,0.05000312024881745,-1.445965571882522,1.4440828042107998,-4095.9999999999995,4090.666666666666,C:\Users\kimeu\Downloads\starlink_pathB_wsl_package_v0_3_clean\starlink_pathB\paper_final_experiment_check\outputs\random1200_null_random1200_seed3\0_197_lst022_quiet_full_polybeam_smooth_S30_multi.npz,9.10175923472585,9444.443085672718,1.7798436919007438e-05,140609741.2109375,False,False,False,False,False,False,False,False,False,False,False,False
0_197,160.250312485456,mid,quiet,22,2461041.652777778,2461041.6596007315,full_polybeam,smooth,1000.0,single,coherent_ab,3,2,1,49811,75.690,0.1653960853494623,3.763898124503042e-08,0.0434769020580605,0,3,3,3,0.0,0.0434769020580605,0.0,0.1229563272443203,3.763898124503042e-08,1155103.0506119488,0.023232312198869516,0.023232312198869516,0.0004883595128732112,False,20262089,100,0.006944340696468584,-0.2002950114070574,0.504950495049505,0.6534653465346535,0.5711371476829825,65.42050702503585,0.5706538598006432,0.7347287958647257,0.7455181492488737,65.58780231444622,67.24134168230553,67.28719295742543,0.04694084363842421,0.9699477423183595,0.9203059507475612,65.42050702503585,3.4599056660516108,2259634.4707073094,2.8951809628111205e-05,1299,0.05000312024881745,-1.445965571882522,1.4440828042107998,-4095.9999999999995,4090.666666666666,C:\Users\kimeu\Downloads\starlink_pathB_wsl_package_v0_3_clean\starlink_pathB\paper_final_experiment_check\outputs\random1200_null_random1200_seed3\0_197_lst022_quiet_full_polybeam_smooth_S1000_single.npz,9.10175923472585,9444.443085672718,1.7798436919007438e-05,140609741.2109375,False,False,False,False,False,False,False,False,False,False,False,False
0_197,160.250312485456,mid,quiet,22,2461041.652777778,2461041.6596007315,full_polybeam,smooth,1000.0,multi,coherent_ab,3,2,2,49811;56318,75.690;72.121,0.1653960853494623,3.763898124503042e-08,0.0434769020580605,0,3,3,3,0.0,0.0434769020580605,0.0,0.1229563272443203,3.763898124503042e-08,1155103.0506119488,0.3453605473993275,0.32212823520045797,0.003161386077711374,False,20262106,100,0.1891953312437662,-1.3457564134415956,0.38613861386138615,0.9207920792079208,5.584709020826267,532.2905282188021,5.343327865433366,6.421151614643986,6.946901758889276,550.5677374213908,574.3657084564496,575.9559088462288,0.8605358163649726,1.7417982851088194,1.2860607060430416,532.2905282188021,29.332811931322254,2259634.4707073094,0.00023556488233788755,1299,0.05000312024881745,-1.445965571882522,1.4440828042107998,-4095.9999999999995,4090.666666666666,C:\Users\kimeu\Downloads\starlink_pathB_wsl_package_v0_3_clean\starlink_pathB\paper_final_experiment_check\outputs\random1200_null_random1200_seed3\0_197_lst022_quiet_full_polybeam_smooth_S1000_multi.npz,9.10175923472585,9444.443085672718,1.7798436919007438e-05,140609741.2109375,False,False,False,False,False,False,False,False,False,False,False,False
0_197,160.250312485456,mid,quiet,22,2461041.652777778,2461041.6596007315,full_polybeam,lines,30.0,single,coherent_ab,3,2,1,49811,75.690,0.1653960853494623,3.763898124503042e-08,0.0434769020580605,0,3,3,3,0.0,0.0434769020580605,0.0,0.1229563272443203,3.763898124503042e-08,1155103.0506119488,0.0006969048002783454,0.0006969048002783454,1.4659865995423756e-05,False,20262123,100,0.02766212903607649,-0.11371560139189353,0.48514851485148514,0.5544554455445545,0.017195617130063567,1.9631991123055408,0.017133307715287316,0.022222417046123155,0.022610521711217187,1.9658636399194818,2.0144845176508617,2.0166346514831135,0.00151930187442062,0.9999152596038516,0.9104955004558931,1.9631991123055408,0.10189658160538562,2259634.4707073094,8.688126941571312e-07,1299,0.05000312024881745,-1.445965571882522,1.4440828042107998,-4095.9999999999995,4090.666666666666,C:\Users\kimeu\Downloads\starlink_pathB_wsl_package_v0_3_clean\starlink_pathB\paper_final_experiment_check\outputs\random1200_null_random1200_seed3\0_197_lst022_quiet_full_polybeam_lines_S30_single.npz,9.10175923472585,9444.443085672718,1.7798436919007438e-05,140609741.2109375,False,False,False,False,False,False,False,False,False,False,False,False
0_197,160.250312485456,mid,quiet,22,2461041.652777778,2461041.6596007315,full_polybeam,lines,30.0,multi,coherent_ab,3,2,2,49811;56318,75.690;72.121,0.1653960853494623,3.763898124503042e-08,0.0434769020580605,0,3,3,3,0.0,0.0434769020580605,0.0,0.1229563272443203,3.763898124503042e-08,1155103.0506119488,0.010360703983394722,0.009663799183116377,9.492675692827938e-05,False,20262140,100,0.5038826067060268,-1.3482728669057447,0.32673267326732675,0.9504950495049505,0.1672786559947781,15.949305151950284,0.1504073796522789,0.18937368511365094,0.2008928763274299,16.571004440807457,17.19988142225678,17.24128299065932,0.02258367294712116,1.754681893741405,1.1053672960843364,15.949305151950284,0.882450175458394,2259634.4707073094,7.058356277844284e-06,1299,0.05000312024881745,-1.445965571882522,1.4440828042107998,-4095.9999999999995,4090.666666666666,C:\Users\kimeu\Downloads\starlink_pathB_wsl_package_v0_3_clean\starlink_pathB\paper_final_experiment_check\outputs\random1200_null_random1200_seed3\0_197_lst022_quiet_full_polybeam_lines_S30_multi.npz,9.10175923472585,9444.443085672718,1.7798436919007438e-05,140609741.2109375,False,False,False,False,False,False,False,False,False,False,False,False
0_197,160.250312485456,mid,quiet,22,2461041.652777778,2461041.6596007315,full_polybeam,lines,1000.0,single,coherent_ab,3,2,1,49811,75.690,0.1653960853494623,3.763898124503042e-08,0.0434769020580605,0,3,3,3,0.0,0.0434769020580605,0.0,0.1229563272443203,3.763898124503042e-08,1155103.0506119488,0.023230160009278186,0.023230160009278186,0.0004886621998474585,False,20262157,100,0.021381975015726303,-0.13801428417938288,0.46534653465346537,0.6534653465346535,0.5732716906104827,65.44278354042046,0.5713685885823452,0.7426485679273356,0.7537758655303878,65.59574666018638,67.21638295188994,67.25272452210696,0.06003302928638732,1.3401849636909378,1.1873164625669383,65.44278354042046,3.4590925870401916,2259634.4707073094,2.8961668087819356e-05,1299,0.05000312024881745,-1.445965571882522,1.4440828042107998,-4095.9999999999995,4090.666666666666,C:\Users\kimeu\Downloads\starlink_pathB_wsl_package_v0_3_clean\starlink_pathB\paper_final_experiment_check\outputs\random1200_null_random1200_seed3\0_197_lst022_quiet_full_polybeam_lines_S1000_single.npz,9.10175923472585,9444.443085672718,1.7798436919007438e-05,140609741.2109375,False,False,False,False,False,False,False,False,False,False,False,False
0_197,160.250312485456,mid,quiet,22,2461041.652777778,2461041.6596007315,full_polybeam,lines,1000.0,multi,coherent_ab,3,2,2,49811;56318,75.690;72.121,0.1653960853494623,3.763898124503042e-08,0.0434769020580605,0,3,3,3,0.0,0.0434769020580605,0.0,0.1229563272443203,3.763898124503042e-08,1155103.0506119488,0.3453567994464908,0.3221266394372126,0.003164225230942646,False,20262174,100,0.4680387706879524,-1.8248463847351528,0.32673267326732675,0.9603960396039604,5.562619217568681,531.6398661689312,5.024637106017508,6.7490947186889345,7.136925305476084,554.6426323386808,574.5917684618079,576.5815524785914,0.7752861210014999,1.8431171237560697,0.9828226221935439,531.6398661689312,29.210511340906507,2259634.4707073094,0.0002352769322033389,1299,0.05000312024881745,-1.445965571882522,1.4440828042107998,-4095.9999999999995,4090.666666666666,C:\Users\kimeu\Downloads\starlink_pathB_wsl_package_v0_3_clean\starlink_pathB\paper_final_experiment_check\outputs\random1200_null_random1200_seed3\0_197_lst022_quiet_full_polybeam_lines_S1000_multi.npz,9.10175923472585,9444.443085672718,1.7798436919007438e-05,140609741.2109375,False,False,False,False,False,False,False,False,False,False,False,False
0_197,160.250312485456,mid,quiet,22,2461041.652777778,2461041.6596007315,full_polybeam,khz_comb,30.0,single,coherent_ab,3,2,1,49811,75.690,0.1653960853494623,3.763898124503042e-08,0.0434769020580605,0,3,3,3,0.0,0.0434769020580605,0.0,0.1229563272443203,3.763898124503042e-08,1155103.0506119488,0.0005735375275131892,0.0005735375275131892,1.2121953232790017e-05,False,20262191,100,0.011775292089525663,-0.21633467489650712,0.49504950495049505,0.6138613861386139,0.014033211321205386,1.6160187884187303,0.014018716725395564,0.01820154877073037,0.018751071066344594,1.621286513745678,1.6628217756897226,1.6633237165666979,0.0008302529450432417,0.87850631097631,0.7942418605121878,1.6160187884187303,0.08508640495171749,2259634.4707073094,7.151682315737045e-07,1299,0.05000312024881745,-1.445965571882522,1.4440828042107998,-4095.9999999999995,4090.666666666666,C:\Users\kimeu\Downloads\starlink_pathB_wsl_package_v0_3_clean\starlink_pathB\paper_final_experiment_check\outputs\random1200_null_random1200_seed3\0_197_lst022_quiet_full_polybeam_khz_comb_S30_single.npz,9.10175923472585,9444.443085672718,1.7798436919007438e-05,140609741.2109375,False,False,False,False,False,False,False,False,False,False,False,False
0_197,160.250312485456,mid,quiet,22,2461041.652777778,2461041.6596007315,full_polybeam,khz_comb,30.0,multi,coherent_ab,3,2,2,49811;56318,75.690;72.121,0.1653960853494623,3.763898124503042e-08,0.0434769020580605,0,3,3,3,0.0,0.0434769020580605,0.0,0.1229563272443203,3.763898124503042e-08,1155103.0506119488,0.008526634546869114,0.007953097019355924,8.322225318331666e-05,False,20262208,100,-0.35164397992019036,-1.3699315420335652,0.6039603960396039,0.9306930693069307,0.13277675185781845,14.994005751028704,0.14442810038099196,0.18407990503915245,0.18757264791075615,15.482813980096314,15.953145237700516,16.063693358270037,0.022348532501837326,1.960184623544381,1.3709936063645645,14.994005751028704,0.8131419355528662,2259634.4707073094,6.6355890500888355e-06,1299,0.05000312024881745,-1.445965571882522,1.4440828042107998,-4095.9999999999995,4090.666666666666,C:\Users\kimeu\Downloads\starlink_pathB_wsl_package_v0_3_clean\starlink_pathB\paper_final_experiment_check\outputs\random1200_null_random1200_seed3\0_197_lst022_quiet_full_polybeam_khz_comb_S30_multi.npz,9.10175923472585,9444.443085672718,1.7798436919007438e-05,140609741.2109375,False,False,False,False,False,False,False,False,False,False,False,False
0_197,160.250312485456,mid,quiet,22,2461041.652777778,2461041.6596007315,full_polybeam,khz_comb,1000.0,single,coherent_ab,3,2,1,49811,75.690,0.1653960853494623,3.763898124503042e-08,0.0434769020580605,0,3,3,3,0.0,0.0434769020580605,0.0,0.1229563272443203,3.763898124503042e-08,1155103.0506119488,0.019117917583772976,0.019117917583772976,0.0004040651077596673,False,20262225,100,-0.6045210306088996,-0.23829490160372885,0.6435643564356436,0.6534653465346535,0.4678310544179354,53.86921074959183,0.5044340227552766,0.612140072108491,0.6251951761579266,54.085794432181544,55.43781176309455,55.44553221871749,0.040839545132257626,1.4687944663455006,1.2664739040412776,53.86921074959183,2.8786025551403425,2259634.4707073094,2.383978977481686e-05,1299,0.05000312024881745,-1.445965571882522,1.4440828042107998,-4095.9999999999995,4090.666666666666,C:\Users\kimeu\Downloads\starlink_pathB_wsl_package_v0_3_clean\starlink_pathB\paper_final_experiment_check\outputs\random1200_null_random1200_seed3\0_197_lst022_quiet_full_polybeam_khz_comb_S1000_single.npz,9.10175923472585,9444.443085672718,1.7798436919007438e-05,140609741.2109375,False,False,False,False,False,False,False,False,False,False,False,False
0_197,160.250312485456,mid,quiet,22,2461041.652777778,2461041.6596007315,full_polybeam,khz_comb,1000.0,multi,coherent_ab,3,2,2,49811;56318,75.690;72.121,0.1653960853494623,3.763898124503042e-08,0.0434769020580605,0,3,3,3,0.0,0.0434769020580605,0.0,0.1229563272443203,3.763898124503042e-08,1155103.0506119488,0.2842211515623037,0.26510323397853075,0.002774075106110555,False,20262242,100,-0.11380468048602638,-1.1754632076848017,0.6138613861386139,0.9405940594059405,4.416058002397222,499.80886884072106,4.560082451329663,6.142375609822397,6.262693567025828,515.5866993399475,532.5305921792036,534.5597994061919,0.8535954718977337,2.039471216735231,0.9175581840841105,499.80886884072106,26.962380418342406,2259634.4707073094,0.000221190141733088,1299,0.05000312024881745,-1.445965571882522,1.4440828042107998,-4095.9999999999995,4090.666666666666,C:\Users\kimeu\Downloads\starlink_pathB_wsl_package_v0_3_clean\starlink_pathB\paper_final_experiment_check\outputs\random1200_null_random1200_seed3\0_197_lst022_quiet_full_polybeam_khz_comb_S1000_multi.npz,9.10175923472585,9444.443085672718,1.7798436919007438e-05,140609741.2109375,False,False,False,False,False,False,False,False,False,False,False,False
0_197,160.250312485456,mid,typical,36,2461041.75,2461041.756822953,frozen_polybeam,smooth,30.0,single,coherent_ab,4,2,1,59930,79.858,0.1655535954301075,3.3613473915769145e-07,0.3212071455869001,0,4,4,4,0.0,0.3212071455869001,0.0,0.5491919590577511,3.3613473915769145e-07,955590.4468303458,0.060614438874351646,0.060614438874351646,0.00016469158024654839,False,20262273,100,-0.5629571332998613,-0.3960138176487392,0.7821782178217822,0.594059405940594,0.36955889483670035,77.20729299058539,0.3986795632904432,0.4653044201444573,0.47987579823564375,78.17342705616693,80.26344801445964,80.29974799934683,0.034890084200014826,1.0025628409588976,0.9216237542748693,77.20729299058539,19.17165593207484,3926871.5421165004,1.9661272889250737e-05,1299,0.05000312024881745,-1.445965571882522,1.4440828042107998,-4095.9999999999995,4090.666666666666,C:\Users\kimeu\Downloads\starlink_pathB_wsl_package_v0_3_clean\starlink_pathB\paper_final_experiment_check\outputs\random1200_null_random1200_seed3\0_197_lst036_typical_frozen_polybeam_smooth_S30_single.npz,9.10175923472585,9444.443085672718,1.7798436919007438e-05,140609741.2109375,False,False,False,False,False,False,False,False,False,False,False,False
0_197,160.250312485456,mid,typical,36,2461041.75,2461041.756822953,frozen_polybeam,smooth,30.0,multi,coherent_ab,4,2,2,59930;47357,79.858;79.567,0.1655535954301075,3.3613473915769145e-07,0.3212071455869001,0,4,4,4,0.0,0.3212071455869001,0.0,0.5491919590577511,3.3613473915769145e-07,955590.4468303458,0.08756042948669798,0.060614438874351646,0.0002767155376626469,False,20262290,100,0.056107451985298686,0.3113138551294606,0.4752475247524752,0.38613861386138615,0.821226671747354,99.49865469509834,0.8095728288180908,1.227266340153801,1.275971333415801,95.83064444478157,107.12173222981733,110.03706992937538,0.14009563952822646,2.1390496165429806,1.5262256559624559,99.49865469509834,25.225727976742995,3926871.5421165004,2.5337893951445805e-05,1299,0.05000312024881745,-1.445965571882522,1.4440828042107998,-4095.9999999999995,4090.666666666666,C:\Users\kimeu\Downloads\starlink_pathB_wsl_package_v0_3_clean\starlink_pathB\paper_final_experiment_check\outputs\random1200_null_random1200_seed3\0_197_lst036_typical_frozen_polybeam_smooth_S30_multi.npz,9.10175923472585,9444.443085672718,1.7798436919007438e-05,140609741.2109375,False,False,False,False,False,False,False,False,False,False,False,False
0_197,160.250312485456,mid,typical,36,2461041.75,2461041.756822953,frozen_polybeam,smooth,1000.0,single,coherent_ab,4,2,1,59930,79.858,0.1655535954301075,3.3613473915769145e-07,0.3212071455869001,0,4,4,4,0.0,0.3212071455869001,0.0,0.5491919590577511,3.3613473915769145e-07,955590.4468303458,2.0204812958117215,2.0204812958117215,0.005489719341551614,False,20262307,100,-0.42143709897433446,0.2788470420617363,0.7821782178217822,0.42574257425742573,12.314132656759284,2573.7604412761675,13.005267257542528,15.432325670026694,15.946075414485021,2556.0017188595657,2674.5272814118807,2676.143899080578,1.106129248984871,1.3191515531146105,1.202997994824288,2573.7604412761675,639.5733908075229,3926871.5421165004,0.0006554226217160557,1299,0.05000312024881745,-1.445965571882522,1.4440828042107998,-4095.9999999999995,4090.666666666666,C:\Users\kimeu\Downloads\starlink_pathB_wsl_package_v0_3_clean\starlink_pathB\paper_final_experiment_check\outputs\random1200_null_random1200_seed3\0_197_lst036_typical_frozen_polybeam_smooth_S1000_single.npz,9.10175923472585,9444.443085672718,1.7798436919007438e-05,140609741.2109375,False,False,False,False,False,False,False,False,False,False,False,False
0_197,160.250312485456,mid,typical,36,2461041.75,2461041.756822953,frozen_polybeam,smooth,1000.0,multi,coherent_ab,4,2,2,59930;47357,79.858;79.567,0.1655535954301075,3.3613473915769145e-07,0.3212071455869001,0,4,4,4,0.0,0.3212071455869001,0.0,0.5491919590577511,3.3613473915769145e-07,955590.4468303458,2.9186809828899323,2.0204812958117215,0.009223851255421564,False,20262324,100,0.05042680540765021,0.3812895176829611,0.44554455445544555,0.40594059405940597,27.377558871217843,3316.6473622889757,27.010712092484937,40.439910886522554,43.509938487288686,3177.8458693487437,3587.6290651442437,3665.734586432473,4.906810185551876,1.9288492259735286,1.4125965963469107,3316.6473622889757,843.0775799417713,3926871.5421165004,0.000844602968728988,1299,0.05000312024881745,-1.445965571882522,1.4440828042107998,-4095.9999999999995,4090.666666666666,C:\Users\kimeu\Downloads\starlink_pathB_wsl_package_v0_3_clean\starlink_pathB\paper_final_experiment_check\outputs\random1200_null_random1200_seed3\0_197_lst036_typical_frozen_polybeam_smooth_S1000_multi.npz,9.10175923472585,9444.443085672718,1.7798436919007438e-05,140609741.2109375,False,False,False,False,False,False,False,False,False,False,False,False
0_197,160.250312485456,mid,typical,36,2461041.75,2461041.756822953,frozen_polybeam,lines,30.0,single,coherent_ab,4,2,1,59930,79.858,0.1655535954301075,3.3613473915769145e-07,0.3212071455869001,0,4,4,4,0.0,0.3212071455869001,0.0,0.5491919590577511,3.3613473915769145e-07,955590.4468303458,0.060614375061685585,0.060614375061685585,0.0001648575116461148,False,20262341,100,-0.4731361287505945,0.1647196082614159,0.7821782178217822,0.46534653465346537,0.3680113199106927,77.15827113259883,0.39667934731369314,0.4666768246777792,0.4752345665154462,76.83550637316155,80.31725295673401,80.35502689249978,0.040868406365007104,0.8462506908271572,0.8247257447483969,77.15827113259883,19.158377028961535,3926871.5421165004,1.9648789196453358e-05,1299,0.05000312024881745,-1.445965571882522,1.4440828042107998,-4095.9999999999995,4090.666666666666,C:\Users\kimeu\Downloads\starlink_pathB_wsl_package_v0_3_clean\starlink_pathB\paper_final_experiment_check\outputs\random1200_null_random1200_seed3\0_197_lst036_typical_frozen_polybeam_lines_S30_single.npz,9.10175923472585,9444.443085672718,1.7798436919007438e-05,140609741.2109375,False,False,False,False,False,False,False,False,False,False,False,False
0_197,160.250312485456,mid,typical,36,2461041.75,2461041.756822953,frozen_polybeam,lines,30.0,multi,coherent_ab,4,2,2,59930;47357,79.858;79.567,0.1655535954301075,3.3613473915769145e-07,0.3212071455869001,0,4,4,4,0.0,0.3212071455869001,0.0,0.5491919590577511,3.3613473915769145e-07,955590.4468303458,0.08755322301293836,0.060614375061685585,0.00027701184382590707,False,20262358,100,0.08204949267447474,0.39752368097062973,0.44554455445544555,0.40594059405940597,0.8284000688963715,99.50728057948217,0.8100908120022723,1.2989281610791295,1.3655842523130561,95.76581424202917,106.46083738573863,109.26938457031282,0.15051189453356528,2.577418301471772,1.487941661095794,99.50728057948217,25.20052191727034,3926871.5421165004,2.5340090581585426e-05,1299,0.05000312024881745,-1.445965571882522,1.4440828042107998,-4095.9999999999995,4090.666666666666,C:\Users\kimeu\Downloads\starlink_pathB_wsl_package_v0_3_clean\starlink_pathB\paper_final_experiment_check\outputs\random1200_null_random1200_seed3\0_197_lst036_typical_frozen_polybeam_lines_S30_multi.npz,9.10175923472585,9444.443085672718,1.7798436919007438e-05,140609741.2109375,False,False,False,False,False,False,False,False,False,False,False,False
0_197,160.250312485456,mid,typical,36,2461041.75,2461041.756822953,frozen_polybeam,lines,1000.0,single,coherent_ab,4,2,1,59930,79.858,0.1655535954301075,3.3613473915769145e-07,0.3212071455869001,0,4,4,4,0.0,0.3212071455869001,0.0,0.5491919590577511,3.3613473915769145e-07,955590.4468303458,2.0204791687228525,2.0204791687228525,0.005495250388203827,False,20262375,100,-0.41586374584437863,-0.19385614376936552,0.801980198019802,0.5445544554455446,12.262397166819028,2572.1194415187656,13.170173357532803,15.358283993031545,15.889991560489616,2590.431232154592,2677.2693523972303,2678.4925244032415,1.4723251507921304,0.9478749027974651,0.8666696437674054,2572.1194415187656,639.1329839792463,3926871.5421165004,0.0006550047318666421,1299,0.05000312024881745,-1.445965571882522,1.4440828042107998,-4095.9999999999995,4090.666666666666,C:\Users\kimeu\Downloads\starlink_pathB_wsl_package_v0_3_clean\starlink_pathB\paper_final_experiment_check\outputs\random1200_null_random1200_seed3\0_197_lst036_typical_frozen_polybeam_lines_S1000_single.npz,9.10175923472585,9444.443085672718,1.7798436919007438e-05,140609741.2109375,False,False,False,False,False,False,False,False,False,False,False,False
0_197,160.250312485456,mid,typical,36,2461041.75,2461041.756822953,frozen_polybeam,lines,1000.0,multi,coherent_ab,4,2,2,59930;47357,79.858;79.567,0.1655535954301075,3.3613473915769145e-07,0.3212071455869001,0,4,4,4,0.0,0.3212071455869001,0.0,0.5491919590577511,3.3613473915769145e-07,955590.4468303458,2.918440767097945,2.0204791687228525,0.009233728127530236,False,20262392,100,0.32909018336261464,0.1849606419023216,0.297029702970297,0.44554455445544555,27.617485921222396,3316.9417305294414,25.092484518054334,39.79627173480439,45.565604418502225,3252.5746372188687,3629.2688004849633,3652.3707818707094,5.175147118337804,2.1728428040812404,1.4472579313202145,3316.9417305294414,842.240077659779,3926871.5421165004,0.0008446779312627274,1299,0.05000312024881745,-1.445965571882522,1.4440828042107998,-4095.9999999999995,4090.666666666666,C:\Users\kimeu\Downloads\starlink_pathB_wsl_package_v0_3_clean\starlink_pathB\paper_final_experiment_check\outputs\random1200_null_random1200_seed3\0_197_lst036_typical_frozen_polybeam_lines_S1000_multi.npz,9.10175923472585,9444.443085672718,1.7798436919007438e-05,140609741.2109375,False,False,False,False,False,False,False,False,False,False,False,False
0_197,160.250312485456,mid,typical,36,2461041.75,2461041.756822953,frozen_polybeam,khz_comb,30.0,single,coherent_ab,4,2,1,59930,79.858,0.1655535954301075,3.3613473915769145e-07,0.3212071455869001,0,4,4,4,0.0,0.3212071455869001,0.0,0.5491919590577511,3.3613473915769145e-07,955590.4468303458,0.04988431531932509,0.04988431531932509,0.00014711381552576762,False,20262409,100,-0.02421994773455055,0.05312604582556945,0.5544554455445545,0.48514851485148514,0.3559258570894599,74.3605854303926,0.35713169110294984,0.42423183632845396,0.4410334972152123,74.24238391176917,76.6990652722796,76.75078064012457,0.033580745444851345,1.2067821479034908,1.0784791711382773,74.3605854303926,16.70229674397916,3926871.5421165004,1.8936342743290712e-05,1299,0.05000312024881745,-1.445965571882522,1.4440828042107998,-4095.9999999999995,4090.666666666666,C:\Users\kimeu\Downloads\starlink_pathB_wsl_package_v0_3_clean\starlink_pathB\paper_final_experiment_check\outputs\random1200_null_random1200_seed3\0_197_lst036_typical_frozen_polybeam_khz_comb_S30_single.npz,9.10175923472585,9444.443085672718,1.7798436919007438e-05,140609741.2109375,False,False,False,False,False,False,False,False,False,False,False,False
0_197,160.250312485456,mid,typical,36,2461041.75,2461041.756822953,frozen_polybeam,khz_comb,30.0,multi,coherent_ab,4,2,2,59930;47357,79.858;79.567,0.1655535954301075,3.3613473915769145e-07,0.3212071455869001,0,4,4,4,0.0,0.3212071455869001,0.0,0.5491919590577511,3.3613473915769145e-07,955590.4468303458,0.07619176203443462,0.04988431531932509,0.00024828015792302814,False,20262426,100,-0.016166436016772836,-0.021030567064681507,0.5148514851485149,0.504950495049505,0.7511749706627597,94.86343104639637,0.7545568292962344,1.1039586080667505,1.176291558001358,95.06601982233536,103.14754277475129,105.59833075845876,0.14109680054207274,1.8482006156888129,1.36384085915808,94.86343104639637,22.43508070353443,3926871.5421165004,2.4157508089828422e-05,1299,0.05000312024881745,-1.445965571882522,1.4440828042107998,-4095.9999999999995,4090.666666666666,C:\Users\kimeu\Downloads\starlink_pathB_wsl_package_v0_3_clean\starlink_pathB\paper_final_experiment_check\outputs\random1200_null_random1200_seed3\0_197_lst036_typical_frozen_polybeam_khz_comb_S30_multi.npz,9.10175923472585,9444.443085672718,1.7798436919007438e-05,140609741.2109375,False,False,False,False,False,False,False,False,False,False,False,False
0_197,160.250312485456,mid,typical,36,2461041.75,2461041.756822953,frozen_polybeam,khz_comb,1000.0,single,coherent_ab,4,2,1,59930,79.858,0.1655535954301075,3.3613473915769145e-07,0.3212071455869001,0,4,4,4,0.0,0.3212071455869001,0.0,0.5491919590577511,3.3613473915769145e-07,955590.4468303458,1.6628105106441697,1.6628105106441697,0.00490379385085892,False,20262443,100,0.0411270975787842,0.052450033514664984,0.48514851485148514,0.48514851485148514,11.854929526243723,2478.780124195352,11.798828966323526,14.357295170566612,14.739276502477459,2474.9414341707543,2557.658965143778,2558.6989382765946,0.9200578571135338,1.0667222894853619,0.9729652217291135,2478.780124195352,556.8982971218018,3926871.5421165004,0.0006312353479379013,1299,0.05000312024881745,-1.445965571882522,1.4440828042107998,-4095.9999999999995,4090.666666666666,C:\Users\kimeu\Downloads\starlink_pathB_wsl_package_v0_3_clean\starlink_pathB\paper_final_experiment_check\outputs\random1200_null_random1200_seed3\0_197_lst036_typical_frozen_polybeam_khz_comb_S1000_single.npz,9.10175923472585,9444.443085672718,1.7798436919007438e-05,140609741.2109375,False,False,False,False,False,False,False,False,False,False,False,False
0_197,160.250312485456,mid,typical,36,2461041.75,2461041.756822953,frozen_polybeam,khz_comb,1000.0,multi,coherent_ab,4,2,2,59930;47357,79.858;79.567,0.1655535954301075,3.3613473915769145e-07,0.3212071455869001,0,4,4,4,0.0,0.3212071455869001,0.0,0.5491919590577511,3.3613473915769145e-07,955590.4468303458,2.5397254011478205,1.6628105106441697,0.008276005264100935,False,20262460,100,0.22790997113707587,0.06076699998798086,0.45544554455445546,0.4752475247524752,25.039705996747216,3162.2011523818533,23.829358799812326,35.644382496217254,39.778633930748036,3144.3125985940032,3456.000371955922,3501.7598927877916,3.581975795170365,2.006339695612672,1.3751492389615434,3162.2011523818533,750.2085477544258,3926871.5421165004,0.0008052723697392694,1299,0.05000312024881745,-1.445965571882522,1.4440828042107998,-4095.9999999999995,4090.666666666666,C:\Users\kimeu\Downloads\starlink_pathB_wsl_package_v0_3_clean\starlink_pathB\paper_final_experiment_check\outputs\random1200_null_random1200_seed3\0_197_lst036_typical_frozen_polybeam_khz_comb_S1000_multi.npz,9.10175923472585,9444.443085672718,1.7798436919007438e-05,140609741.2109375,False,False,False,False,False,False,False,False,False,False,False,False
0_197,160.250312485456,mid,typical,36,2461041.75,2461041.756822953,full_polybeam,smooth,30.0,single,coherent_ab,4,2,1,59930,79.858,0.1655535954301075,3.3613473915769145e-07,0.3212071455869001,0,4,4,4,0.0,0.3212071455869001,0.0,0.5491919590577511,3.3613473915769145e-07,955590.4468303458,0.21111826142801374,0.21111826142801374,0.0003501114804666167,False,20262477,100,1.661582391682678,0.947846342369762,0.1188118811881188,0.22772277227722773,0.9299010158865713,155.03230736668647,0.7235792876513187,0.9547944523383194,0.9630963766312197,148.49443578449373,157.15855355901033,157.2182718609112,0.0837527527196471,1.1111036109803878,0.994915628860141,155.03230736668647,74.74587106296204,3926871.5421165004,3.9479852015512416e-05,1299,0.05000312024881745,-1.445965571882522,1.4440828042107998,-4095.9999999999995,4090.666666666666,C:\Users\kimeu\Downloads\starlink_pathB_wsl_package_v0_3_clean\starlink_pathB\paper_final_experiment_check\outputs\random1200_null_random1200_seed3\0_197_lst036_typical_full_polybeam_smooth_S30_single.npz,9.10175923472585,9444.443085672718,1.7798436919007438e-05,140609741.2109375,False,False,False,False,False,False,False,False,False,False,False,False
0_197,160.250312485456,mid,typical,36,2461041.75,2461041.756822953,full_polybeam,smooth,30.0,multi,coherent_ab,4,2,2,59930;47357,79.858;79.567,0.1655535954301075,3.3613473915769145e-07,0.3212071455869001,0,4,4,4,0.0,0.3212071455869001,0.0,0.5491919590577511,3.3613473915769145e-07,955590.4468303458,0.32330911223118564,0.21111826142801374,0.0005556476092019079,False,20262494,100,1.3445150210352304,0.9733583188076929,0.2079207920792079,0.12871287128712872,1.438392272710189,205.9856719400688,1.0718683703680654,1.5966062127941767,1.804966636916834,190.83964850441623,211.3798252255991,212.4593775201498,0.1838707499650809,2.0532371277366637,1.3679673153301128,205.9856719400688,87.45261832435881,3926871.5421165004,5.245541386593128e-05,1299,0.05000312024881745,-1.445965571882522,1.4440828042107998,-4095.9999999999995,4090.666666666666,C:\Users\kimeu\Downloads\starlink_pathB_wsl_package_v0_3_clean\starlink_pathB\paper_final_experiment_check\outputs\random1200_null_random1200_seed3\0_197_lst036_typical_full_polybeam_smooth_S30_multi.npz,9.10175923472585,9444.443085672718,1.7798436919007438e-05,140609741.2109375,False,False,False,False,False,False,False,False,False,False,False,False
0_197,160.250312485456,mid,typical,36,2461041.75,2461041.756822953,full_polybeam,smooth,1000.0,single,coherent_ab,4,2,1,59930,79.858,0.1655535954301075,3.3613473915769145e-07,0.3212071455869001,0,4,4,4,0.0,0.3212071455869001,0.0,0.5491919590577511,3.3613473915769145e-07,955590.4468303458,7.037275380933791,7.037275380933791,0.011670382682220554,False,20262511,100,1.2692228054079637,0.6927766447430646,0.06930693069306931,0.1782178217821782,31.110912918808026,5191.790427914068,24.57294967947587,31.205214164192874,32.050060580510326,5013.897278316235,5234.217823786982,5263.556629347264,3.474406362647869,1.257600443699991,1.1779557573766577,5191.790427914068,2537.530813112077,3926871.5421165004,0.0013221187329992981,1299,0.05000312024881745,-1.445965571882522,1.4440828042107998,-4095.9999999999995,4090.666666666666,C:\Users\kimeu\Downloads\starlink_pathB_wsl_package_v0_3_clean\starlink_pathB\paper_final_experiment_check\outputs\random1200_null_random1200_seed3\0_197_lst036_typical_full_polybeam_smooth_S1000_single.npz,9.10175923472585,9444.443085672718,1.7798436919007438e-05,140609741.2109375,False,False,False,False,False,False,False,False,False,False,False,False
0_197,160.250312485456,mid,typical,36,2461041.75,2461041.756822953,full_polybeam,smooth,1000.0,multi,coherent_ab,4,2,2,59930;47357,79.858;79.567,0.1655535954301075,3.3613473915769145e-07,0.3212071455869001,0,4,4,4,0.0,0.3212071455869001,0.0,0.5491919590577511,3.3613473915769145e-07,955590.4468303458,10.776970407706187,7.037275380933791,0.01852158697339693,False,20262528,100,0.9835933205666272,0.7983901783504052,0.16831683168316833,0.13861386138613863,47.747897038352676,6850.653642997412,36.550838576790284,54.333195410929676,60.5782448260854,6432.152478387856,7003.939628717341,7071.040105234269,7.678287670042664,2.127405997073012,1.6300482653302784,6850.653642997412,2871.7758017412534,3926871.5421165004,0.0017445576127262505,1299,0.05000312024881745,-1.445965571882522,1.4440828042107998,-4095.9999999999995,4090.666666666666,C:\Users\kimeu\Downloads\starlink_pathB_wsl_package_v0_3_clean\starlink_pathB\paper_final_experiment_check\outputs\random1200_null_random1200_seed3\0_197_lst036_typical_full_polybeam_smooth_S1000_multi.npz,9.10175923472585,9444.443085672718,1.7798436919007438e-05,140609741.2109375,False,False,False,False,False,False,False,False,False,False,False,False
0_197,160.250312485456,mid,typical,36,2461041.75,2461041.756822953,full_polybeam,lines,30.0,single,coherent_ab,4,2,1,59930,79.858,0.1655535954301075,3.3613473915769145e-07,0.3212071455869001,0,4,4,4,0.0,0.3212071455869001,0.0,0.5491919590577511,3.3613473915769145e-07,955590.4468303458,0.21111829821112932,0.21111829821112932,0.0003503814627400933,False,20262545,100,1.1728502339762357,0.7773700192741277,0.09900990099009901,0.22772277227722773,0.9216596154474246,154.97307681558138,0.7347809631626205,0.952401275867669,0.9581959062865645,148.94674918781732,156.98436796325785,157.08952987852206,0.10747145752975484,1.367097871482485,1.305757759312289,154.97307681558138,74.67160280981611,3926871.5421165004,3.946476862139834e-05,1299,0.05000312024881745,-1.445965571882522,1.4440828042107998,-4095.9999999999995,4090.666666666666,C:\Users\kimeu\Downloads\starlink_pathB_wsl_package_v0_3_clean\starlink_pathB\paper_final_experiment_check\outputs\random1200_null_random1200_seed3\0_197_lst036_typical_full_polybeam_lines_S30_single.npz,9.10175923472585,9444.443085672718,1.7798436919007438e-05,140609741.2109375,False,False,False,False,False,False,False,False,False,False,False,False
0_197,160.250312485456,mid,typical,36,2461041.75,2461041.756822953,full_polybeam,lines,30.0,multi,coherent_ab,4,2,2,59930;47357,79.858;79.567,0.1655535954301075,3.3613473915769145e-07,0.3212071455869001,0,4,4,4,0.0,0.3212071455869001,0.0,0.5491919590577511,3.3613473915769145e-07,955590.4468303458,0.32327941022174345,0.21111829821112932,0.0005561038454123031,False,20262562,100,0.871947463093804,1.0092516544295411,0.21782178217821782,0.10891089108910891,1.4252396220508672,205.9042939654434,1.1158836238314507,1.7588786503571099,1.904593155411567,192.20814774699068,209.65721995073278,212.18194213668608,0.23930084210269342,1.912398140282819,1.495529691182191,205.9042939654434,87.3756509340262,3926871.5421165004,5.243469050542594e-05,1299,0.05000312024881745,-1.445965571882522,1.4440828042107998,-4095.9999999999995,4090.666666666666,C:\Users\kimeu\Downloads\starlink_pathB_wsl_package_v0_3_clean\starlink_pathB\paper_final_experiment_check\outputs\random1200_null_random1200_seed3\0_197_lst036_typical_full_polybeam_lines_S30_multi.npz,9.10175923472585,9444.443085672718,1.7798436919007438e-05,140609741.2109375,False,False,False,False,False,False,False,False,False,False,False,False
0_197,160.250312485456,mid,typical,36,2461041.75,2461041.756822953,full_polybeam,lines,1000.0,single,coherent_ab,4,2,1,59930,79.858,0.1655535954301075,3.3613473915769145e-07,0.3212071455869001,0,4,4,4,0.0,0.3212071455869001,0.0,0.5491919590577511,3.3613473915769145e-07,955590.4468303458,7.037276607037643,7.037276607037643,0.011679382091336439,False,20262579,100,0.957446279051541,0.6568688177233002,0.13861386138613863,0.22772277227722773,30.835585729393642,5189.757412657675,25.352789239494086,31.802293462469787,31.942235229717774,5013.43229179971,5255.94972968166,5259.105282651603,3.8624575074763925,0.8358559266847633,0.7842898132109288,5189.757412657675,2535.023542485965,3926871.5421165004,0.001321601014190677,1299,0.05000312024881745,-1.445965571882522,1.4440828042107998,-4095.9999999999995,4090.666666666666,C:\Users\kimeu\Downloads\starlink_pathB_wsl_package_v0_3_clean\starlink_pathB\paper_final_experiment_check\outputs\random1200_null_random1200_seed3\0_197_lst036_typical_full_polybeam_lines_S1000_single.npz,9.10175923472585,9444.443085672718,1.7798436919007438e-05,140609741.2109375,False,False,False,False,False,False,False,False,False,False,False,False
0_197,160.250312485456,mid,typical,36,2461041.75,2461041.756822953,full_polybeam,lines,1000.0,multi,coherent_ab,4,2,2,59930;47357,79.858;79.567,0.1655535954301075,3.3613473915769145e-07,0.3212071455869001,0,4,4,4,0.0,0.3212071455869001,0.0,0.5491919590577511,3.3613473915769145e-07,955590.4468303458,10.77598034072478,7.037276607037643,0.018536794847076765,False,20262596,100,1.060962454597177,0.7363879229027477,0.13861386138613863,0.18811881188118812,47.31037170115451,6847.846273792161,36.54190961203949,54.096693494839926,61.080942472851646,6428.421515603729,6997.33541667252,7031.675659285317,6.845886149326361,1.8315929409245955,1.3723535638213873,6847.846273792161,2869.2500235120447,3926871.5421165004,0.0017438427003143874,1299,0.05000312024881745,-1.445965571882522,1.4440828042107998,-4095.9999999999995,4090.666666666666,C:\Users\kimeu\Downloads\starlink_pathB_wsl_package_v0_3_clean\starlink_pathB\paper_final_experiment_check\outputs\random1200_null_random1200_seed3\0_197_lst036_typical_full_polybeam_lines_S1000_multi.npz,9.10175923472585,9444.443085672718,1.7798436919007438e-05,140609741.2109375,False,False,False,False,False,False,False,False,False,False,False,False
0_197,160.250312485456,mid,typical,36,2461041.75,2461041.756822953,full_polybeam,khz_comb,30.0,single,coherent_ab,4,2,1,59930,79.858,0.1655535954301075,3.3613473915769145e-07,0.3212071455869001,0,4,4,4,0.0,0.3212071455869001,0.0,0.5491919590577511,3.3613473915769145e-07,955590.4468303458,0.1737457780753439,0.1737457780753439,0.00029687994552035,False,20262613,100,1.5110008318688999,1.018770957553289,0.1485148514851485,0.18811881188118812,0.7140416710208228,129.77710170026754,0.5680798487323955,0.7477840265158193,0.7500554537135031,124.9826310988077,131.50973776131207,131.5467155394334,0.0651554243343071,1.0317292554407855,0.9709911165860812,129.77710170026754,61.5895132772433,3926871.5421165004,3.304847136158685e-05,1299,0.05000312024881745,-1.445965571882522,1.4440828042107998,-4095.9999999999995,4090.666666666666,C:\Users\kimeu\Downloads\starlink_pathB_wsl_package_v0_3_clean\starlink_pathB\paper_final_experiment_check\outputs\random1200_null_random1200_seed3\0_197_lst036_typical_full_polybeam_khz_comb_S30_single.npz,9.10175923472585,9444.443085672718,1.7798436919007438e-05,140609741.2109375,False,False,False,False,False,False,False,False,False,False,False,False
0_197,160.250312485456,mid,typical,36,2461041.75,2461041.756822953,full_polybeam,khz_comb,30.0,multi,coherent_ab,4,2,2,59930;47357,79.858;79.567,0.1655535954301075,3.3613473915769145e-07,0.3212071455869001,0,4,4,4,0.0,0.3212071455869001,0.0,0.5491919590577511,3.3613473915769145e-07,955590.4468303458,0.2660519393186077,0.1737457780753439,0.00047329483939681196,False,20262630,100,1.0121703182149344,0.6326465020864129,0.18811881188118812,0.19801980198019803,1.2284937087388244,172.38495435057604,0.9378459864274191,1.3781100707801897,1.546055113112416,164.81207649897516,177.30666046771995,177.84716877668936,0.19368203101203108,1.637869078092545,1.3816813800799272,172.38495435057604,72.5263466674597,3926871.5421165004,4.389880150183477e-05,1299,0.05000312024881745,-1.445965571882522,1.4440828042107998,-4095.9999999999995,4090.666666666666,C:\Users\kimeu\Downloads\starlink_pathB_wsl_package_v0_3_clean\starlink_pathB\paper_final_experiment_check\outputs\random1200_null_random1200_seed3\0_197_lst036_typical_full_polybeam_khz_comb_S30_multi.npz,9.10175923472585,9444.443085672718,1.7798436919007438e-05,140609741.2109375,False,False,False,False,False,False,False,False,False,False,False,False
0_197,160.250312485456,mid,typical,36,2461041.75,2461041.756822953,full_polybeam,khz_comb,1000.0,single,coherent_ab,4,2,1,59930,79.858,0.1655535954301075,3.3613473915769145e-07,0.3212071455869001,0,4,4,4,0.0,0.3212071455869001,0.0,0.5491919590577511,3.3613473915769145e-07,955590.4468303458,5.7915259358447955,5.7915259358447955,0.009895998184011667,False,20262647,100,0.5609608644993475,0.5096577184384068,0.24752475247524752,0.3069306930693069,23.87199292895457,4341.810885838924,21.51581089409774,24.812895407956965,24.97268115086539,4255.163757546106,4396.223706445341,4401.64121715314,2.8330372236823678,1.8183008854223133,1.6773584211761405,4341.810885838924,2084.1404539446694,3926871.5421165004,0.001105666645641986,1299,0.05000312024881745,-1.445965571882522,1.4440828042107998,-4095.9999999999995,4090.666666666666,C:\Users\kimeu\Downloads\starlink_pathB_wsl_package_v0_3_clean\starlink_pathB\paper_final_experiment_check\outputs\random1200_null_random1200_seed3\0_197_lst036_typical_full_polybeam_khz_comb_S1000_single.npz,9.10175923472585,9444.443085672718,1.7798436919007438e-05,140609741.2109375,False,False,False,False,False,False,False,False,False,False,False,False
0_197,160.250312485456,mid,typical,36,2461041.75,2461041.756822953,full_polybeam,khz_comb,1000.0,multi,coherent_ab,4,2,2,59930;47357,79.858;79.567,0.1655535954301075,3.3613473915769145e-07,0.3212071455869001,0,4,4,4,0.0,0.3212071455869001,0.0,0.5491919590577511,3.3613473915769145e-07,955590.4468303458,8.868397977286921,5.7915259358447955,0.0157764946465604,False,20262664,100,1.3267149821143243,1.0094287635991608,0.18811881188118812,0.0891089108910891,40.807536827240256,5735.640655069625,29.782278904126088,50.16498482325551,53.36499624708992,5271.202151242505,5764.198628835056,5821.231632827282,5.605148573912629,2.488121502983751,1.7282132432313957,5735.640655069625,2388.6397771428637,3926871.5421165004,0.0014606132626325322,1299,0.05000312024881745,-1.445965571882522,1.4440828042107998,-4095.9999999999995,4090.666666666666,C:\Users\kimeu\Downloads\starlink_pathB_wsl_package_v0_3_clean\starlink_pathB\paper_final_experiment_check\outputs\random1200_null_random1200_seed3\0_197_lst036_typical_full_polybeam_khz_comb_S1000_multi.npz,9.10175923472585,9444.443085672718,1.7798436919007438e-05,140609741.2109375,False,False,False,False,False,False,False,False,False,False,False,False
0_197,160.250312485456,mid,stress,0,2461041.5,2461041.506822953,frozen_polybeam,smooth,30.0,single,coherent_ab,4,2,1,46696,76.053,0.2313613071236559,0.0001386146167366,0.5502745938468236,1,4,4,4,0.3308758856684498,0.5502745938468236,0.3308758856684498,0.7280464634021924,0.0001386146167366,3969.816508545893,0.007748636633864117,0.007748636633864117,7.505784805617155e-05,False,20262645,100,0.5603777171961499,1.6052940965075375,0.27722772277227725,0.04950495049504951,0.279233142719022,50.65105240094527,0.2442908353477833,0.29719445427399477,0.29822954739574925,48.14734942367606,50.632803754052944,50.67248817490574,0.04205781692144228,1.3148505869129512,1.0442616819784243,50.65105240094527,-2.3328083666034174,6804380.162039771,7.443889258792008e-06,1299,0.05000312024881745,-1.445965571882522,1.4440828042107998,-4095.9999999999995,4090.666666666666,C:\Users\kimeu\Downloads\starlink_pathB_wsl_package_v0_3_clean\starlink_pathB\paper_final_experiment_check\outputs\random1200_null_random1200_seed3\0_197_lst000_stress_frozen_polybeam_smooth_S30_single.npz,9.10175923472585,9444.443085672718,1.7798436919007438e-05,140609741.2109375,False,False,False,False,False,False,False,False,False,False,False,False
0_197,160.250312485456,mid,stress,0,2461041.5,2461041.506822953,frozen_polybeam,smooth,30.0,multi,coherent_ab,4,2,2,46696;48481,76.053;75.131,0.2313613071236559,0.0001386146167366,0.5502745938468236,1,4,4,4,0.3308758856684498,0.5502745938468236,0.3308758856684498,0.7280464634021924,0.0001386146167366,3969.816508545893,0.016465847372199152,0.008717210738335033,0.0001563261070578071,False,20262662,100,0.3647705824655949,1.718761668377429,0.38613861386138615,0.009900990099009901,0.4274390552745899,71.85447861044116,0.38441741187125444,0.5461026745870184,0.6382499453639321,62.86520444780773,69.7735297894883,71.06089684839581,0.07955055129968969,2.660514420114874,1.5622529366413822,71.85447861044116,-5.330964735614129,6804380.162039771,1.0560032934565066e-05,1299,0.05000312024881745,-1.445965571882522,1.4440828042107998,-4095.9999999999995,4090.666666666666,C:\Users\kimeu\Downloads\starlink_pathB_wsl_package_v0_3_clean\starlink_pathB\paper_final_experiment_check\outputs\random1200_null_random1200_seed3\0_197_lst000_stress_frozen_polybeam_smooth_S30_multi.npz,9.10175923472585,9444.443085672718,1.7798436919007438e-05,140609741.2109375,False,False,False,False,False,False,False,False,False,False,False,False
0_197,160.250312485456,mid,stress,0,2461041.5,2461041.506822953,frozen_polybeam,smooth,1000.0,single,coherent_ab,4,2,1,46696,76.053,0.2313613071236559,0.0001386146167366,0.5502745938468236,1,4,4,4,0.3308758856684498,0.5502745938468236,0.3308758856684498,0.7280464634021924,0.0001386146167366,3969.816508545893,0.2582878877954706,0.2582878877954706,0.0025019282685390517,False,20262679,100,0.6660546672128581,2.11053237951989,0.22772277227722773,0.04950495049504951,9.307424628772424,1688.373874416009,7.908998783421339,9.925763426147023,9.952781657367595,1599.993815544105,1687.127879534243,1689.1989353120562,1.4161379792585649,1.0119498817657535,0.9569064255713798,1688.373874416009,-77.57524216235367,6804380.162039771,0.0002481304445385191,1299,0.05000312024881745,-1.445965571882522,1.4440828042107998,-4095.9999999999995,4090.666666666666,C:\Users\kimeu\Downloads\starlink_pathB_wsl_package_v0_3_clean\starlink_pathB\paper_final_experiment_check\outputs\random1200_null_random1200_seed3\0_197_lst000_stress_frozen_polybeam_smooth_S1000_single.npz,9.10175923472585,9444.443085672718,1.7798436919007438e-05,140609741.2109375,False,False,False,False,False,False,False,False,False,False,False,False
0_197,160.250312485456,mid,stress,0,2461041.5,2461041.506822953,frozen_polybeam,smooth,1000.0,multi,coherent_ab,4,2,2,46696;48481,76.053;75.131,0.2313613071236559,0.0001386146167366,0.5502745938468236,1,4,4,4,0.3308758856684498,0.5502745938468236,0.3308758856684498,0.7280464634021924,0.0001386146167366,3969.816508545893,0.548861579073305,0.2905736912778344,0.005210870235260236,False,20262696,100,0.21275734744129704,1.60769641208817,0.43564356435643564,0.009900990099009901,14.24857103722752,2395.1815434476557,13.419000488662277,17.761051469785162,18.13278125048791,2123.8164766140853,2326.0006868183227,2383.873805464359,2.629933471489494,2.287988313309992,1.4504531167086272,2395.1815434476557,-176.6109860336508,6804380.162039771,0.00035200583835833833,1299,0.05000312024881745,-1.445965571882522,1.4440828042107998,-4095.9999999999995,4090.666666666666,C:\Users\kimeu\Downloads\starlink_pathB_wsl_package_v0_3_clean\starlink_pathB\paper_final_experiment_check\outputs\random1200_null_random1200_seed3\0_197_lst000_stress_frozen_polybeam_smooth_S1000_multi.npz,9.10175923472585,9444.443085672718,1.7798436919007438e-05,140609741.2109375,False,False,False,False,False,False,False,False,False,False,False,False
0_197,160.250312485456,mid,stress,0,2461041.5,2461041.506822953,frozen_polybeam,lines,30.0,single,coherent_ab,4,2,1,46696,76.053,0.2313613071236559,0.0001386146167366,0.5502745938468236,1,4,4,4,0.3308758856684498,0.5502745938468236,0.3308758856684498,0.7280464634021924,0.0001386146167366,3969.816508545893,0.007748170177094624,0.007748170177094624,7.51519722299553e-05,False,20262713,100,0.6367843172234019,0.8382910708095666,0.24752475247524752,0.019801980198019802,0.2783815005532233,50.6519196623192,0.23410464143307763,0.2951161431461514,0.29601991851304776,49.01633711448767,50.49811762950568,50.62566376428977,0.04689866180342506,0.8614632253216474,0.8161029342109859,50.6519196623192,-2.3159550260575514,6804380.162039771,7.444016715129437e-06,1299,0.05000312024881745,-1.445965571882522,1.4440828042107998,-4095.9999999999995,4090.666666666666,C:\Users\kimeu\Downloads\starlink_pathB_wsl_package_v0_3_clean\starlink_pathB\paper_final_experiment_check\outputs\random1200_null_random1200_seed3\0_197_lst000_stress_frozen_polybeam_lines_S30_single.npz,9.10175923472585,9444.443085672718,1.7798436919007438e-05,140609741.2109375,False,False,False,False,False,False,False,False,False,False,False,False
0_197,160.250312485456,mid,stress,0,2461041.5,2461041.506822953,frozen_polybeam,lines,30.0,multi,coherent_ab,4,2,2,46696;48481,76.053;75.131,0.2313613071236559,0.0001386146167366,0.5502745938468236,1,4,4,4,0.3308758856684498,0.5502745938468236,0.3308758856684498,0.7280464634021924,0.0001386146167366,3969.816508545893,0.016465310386941448,0.008717140209846826,0.0001565177836277673,False,20262730,100,0.1875022778284352,1.4241323302640183,0.39603960396039606,0.009900990099009901,0.4370608054596232,71.72882218829261,0.4135210054300842,0.5524189999545341,0.6227152591731283,64.083289341326,70.4923449650971,70.7897780663517,0.08467831849156937,2.1941491667423327,1.6371177023719778,71.72882218829261,-5.258443179376255,6804380.162039771,1.0541565944309354e-05,1299,0.05000312024881745,-1.445965571882522,1.4440828042107998,-4095.9999999999995,4090.666666666666,C:\Users\kimeu\Downloads\starlink_pathB_wsl_package_v0_3_clean\starlink_pathB\paper_final_experiment_check\outputs\random1200_null_random1200_seed3\0_197_lst000_stress_frozen_polybeam_lines_S30_multi.npz,9.10175923472585,9444.443085672718,1.7798436919007438e-05,140609741.2109375,False,False,False,False,False,False,False,False,False,False,False,False
0_197,160.250312485456,mid,stress,0,2461041.5,2461041.506822953,frozen_polybeam,lines,1000.0,single,coherent_ab,4,2,1,46696,76.053,0.2313613071236559,0.0001386146167366,0.5502745938468236,1,4,4,4,0.3308758856684498,0.5502745938468236,0.3308758856684498,0.7280464634021924,0.0001386146167366,3969.816508545893,0.2582723392364875,0.2582723392364875,0.0025050657409985103,False,20262747,100,0.808700241804813,4.4426490960987834,0.18811881188118812,0.019801980198019802,9.279039580971585,1688.404901276166,7.888837579479514,9.724265408966312,9.847874451869721,1580.5935826784998,1680.7769100792425,1687.8112527336268,1.159488219911509,0.9986588680486682,0.9480295352148258,1688.404901276166,-77.0134577702671,6804380.162039771,0.00024813500437489186,1299,0.05000312024881745,-1.445965571882522,1.4440828042107998,-4095.9999999999995,4090.666666666666,C:\Users\kimeu\Downloads\starlink_pathB_wsl_package_v0_3_clean\starlink_pathB\paper_final_experiment_check\outputs\random1200_null_random1200_seed3\0_197_lst000_stress_frozen_polybeam_lines_S1000_single.npz,9.10175923472585,9444.443085672718,1.7798436919007438e-05,140609741.2109375,False,False,False,False,False,False,False,False,False,False,False,False
0_197,160.250312485456,mid,stress,0,2461041.5,2461041.506822953,frozen_polybeam,lines,1000.0,multi,coherent_ab,4,2,2,46696;48481,76.053;75.131,0.2313613071236559,0.0001386146167366,0.5502745938468236,1,4,4,4,0.3308758856684498,0.5502745938468236,0.3308758856684498,0.7280464634021924,0.0001386146167366,3969.816508545893,0.548843679564715,0.2905713403282275,0.005217259454258911,False,20262764,100,0.039530370582648154,1.4423929803506976,0.4752475247524752,0.019801980198019802,14.569330004320364,2390.9947242138596,14.436552630519145,19.123974606837145,20.025538369536083,2148.9223229977365,2345.83372125571,2377.125794432552,2.2655267425143393,1.6844918758699563,1.2809105752071803,2390.9947242138596,-174.19216911141385,6804380.162039771,0.0003513905259956997,1299,0.05000312024881745,-1.445965571882522,1.4440828042107998,-4095.9999999999995,4090.666666666666,C:\Users\kimeu\Downloads\starlink_pathB_wsl_package_v0_3_clean\starlink_pathB\paper_final_experiment_check\outputs\random1200_null_random1200_seed3\0_197_lst000_stress_frozen_polybeam_lines_S1000_multi.npz,9.10175923472585,9444.443085672718,1.7798436919007438e-05,140609741.2109375,False,False,False,False,False,False,False,False,False,False,False,False
0_197,160.250312485456,mid,stress,0,2461041.5,2461041.506822953,frozen_polybeam,khz_comb,30.0,single,coherent_ab,4,2,1,46696,76.053,0.2313613071236559,0.0001386146167366,0.5502745938468236,1,4,4,4,0.3308758856684498,0.5502745938468236,0.3308758856684498,0.7280464634021924,0.0001386146167366,3969.816508545893,0.0063765759173238425,0.0063765759173238425,6.725766210386129e-05,False,20262781,100,0.1878649892262687,1.2878743685188223,0.43564356435643564,0.019801980198019802,0.2189211072109174,44.45740759129944,0.20898115590171074,0.2568936701878556,0.261758060852444,42.645292746765136,44.35717334204344,44.44178951606568,0.035687358966242755,1.2508961149028581,1.105114247997634,44.45740759129944,-1.7155388231521937,6804380.162039771,6.533645465507369e-06,1299,0.05000312024881745,-1.445965571882522,1.4440828042107998,-4095.9999999999995,4090.666666666666,C:\Users\kimeu\Downloads\starlink_pathB_wsl_package_v0_3_clean\starlink_pathB\paper_final_experiment_check\outputs\random1200_null_random1200_seed3\0_197_lst000_stress_frozen_polybeam_khz_comb_S30_single.npz,9.10175923472585,9444.443085672718,1.7798436919007438e-05,140609741.2109375,False,False,False,False,False,False,False,False,False,False,False,False
0_197,160.250312485456,mid,stress,0,2461041.5,2461041.506822953,frozen_polybeam,khz_comb,30.0,multi,coherent_ab,4,2,2,46696;48481,76.053;75.131,0.2313613071236559,0.0001386146167366,0.5502745938468236,1,4,4,4,0.3308758856684498,0.5502745938468236,0.3308758856684498,0.7280464634021924,0.0001386146167366,3969.816508545893,0.013550593144561331,0.007174017227237489,0.0001405902122397858,False,20262798,100,-0.21084176270684515,1.1447050213926322,0.5544554455445545,0.0297029702970297,0.38401082684868015,64.06619334733838,0.4051736211768002,0.5324415525014047,0.5789677084397409,57.345736757636416,63.51656094398341,64.16728659044894,0.06770057808171259,2.636856281431242,1.4439595536479974,64.06619334733838,-3.8833840284091843,6804380.162039771,9.415434150012726e-06,1299,0.05000312024881745,-1.445965571882522,1.4440828042107998,-4095.9999999999995,4090.666666666666,C:\Users\kimeu\Downloads\starlink_pathB_wsl_package_v0_3_clean\starlink_pathB\paper_final_experiment_check\outputs\random1200_null_random1200_seed3\0_197_lst000_stress_frozen_polybeam_khz_comb_S30_multi.npz,9.10175923472585,9444.443085672718,1.7798436919007438e-05,140609741.2109375,False,False,False,False,False,False,False,False,False,False,False,False
0_197,160.250312485456,mid,stress,0,2461041.5,2461041.506822953,frozen_polybeam,khz_comb,1000.0,single,coherent_ab,4,2,1,46696,76.053,0.2313613071236559,0.0001386146167366,0.5502745938468236,1,4,4,4,0.3308758856684498,0.5502745938468236,0.3308758856684498,0.7280464634021924,0.0001386146167366,3969.816508545893,0.21255253057746146,0.21255253057746146,0.00224192207012871,False,20262815,100,0.12791048841356534,1.4607507829125363,0.4752475247524752,0.019801980198019802,7.297199567008647,1481.917397644731,7.113178635205259,8.503647703162278,8.696302857256814,1415.89371113433,1480.859142632367,1481.8713286202346,0.9703693543124245,0.8121939205501086,0.7762074877391043,1481.917397644731,-57.04574717655798,6804380.162039771,0.00021778874230338297,1299,0.05000312024881745,-1.445965571882522,1.4440828042107998,-4095.9999999999995,4090.666666666666,C:\Users\kimeu\Downloads\starlink_pathB_wsl_package_v0_3_clean\starlink_pathB\paper_final_experiment_check\outputs\random1200_null_random1200_seed3\0_197_lst000_stress_frozen_polybeam_khz_comb_S1000_single.npz,9.10175923472585,9444.443085672718,1.7798436919007438e-05,140609741.2109375,False,False,False,False,False,False,False,False,False,False,False,False
0_197,160.250312485456,mid,stress,0,2461041.5,2461041.506822953,frozen_polybeam,khz_comb,1000.0,multi,coherent_ab,4,2,2,46696;48481,76.053;75.131,0.2313613071236559,0.0001386146167366,0.5502745938468236,1,4,4,4,0.3308758856684498,0.5502745938468236,0.3308758856684498,0.7280464634021924,0.0001386146167366,3969.816508545893,0.4516864381520444,0.23913390757458294,0.004686340407992861,False,20262832,100,-0.16753667092210936,1.2046042899186797,0.5742574257425742,0.0297029702970297,12.801744157462963,2135.5556029817444,13.33552977690124,17.8581398960152,19.268223336744853,1920.4506812709164,2114.937273845348,2139.0867781575726,2.148983060669707,2.0244527502466263,1.435445261817291,2135.5556029817444,-128.41526423093146,6804380.162039771,0.0003138501306695895,1299,0.05000312024881745,-1.445965571882522,1.4440828042107998,-4095.9999999999995,4090.666666666666,C:\Users\kimeu\Downloads\starlink_pathB_wsl_package_v0_3_clean\starlink_pathB\paper_final_experiment_check\outputs\random1200_null_random1200_seed3\0_197_lst000_stress_frozen_polybeam_khz_comb_S1000_multi.npz,9.10175923472585,9444.443085672718,1.7798436919007438e-05,140609741.2109375,False,False,False,False,False,False,False,False,False,False,False,False
0_197,160.250312485456,mid,stress,0,2461041.5,2461041.506822953,full_polybeam,smooth,30.0,single,coherent_ab,4,2,1,46696,76.053,0.2313613071236559,0.0001386146167366,0.5502745938468236,1,4,4,4,0.3308758856684498,0.5502745938468236,0.3308758856684498,0.7280464634021924,0.0001386146167366,3969.816508545893,0.06154496011704478,0.06154496011704478,0.00010237319535082385,False,20262849,100,0.37478441529557227,-0.8701981428808535,0.44554455445544555,0.8217821782178217,0.7340359222034749,148.10965798558698,0.7013352521871639,0.8592381074508012,0.8706702455310733,152.37752695284837,156.43265655698718,156.50979421452857,0.05885063213554531,1.3971191666628844,1.2419601089904113,148.10965798558698,-18.85229707906715,6804380.162039771,2.1766811150831946e-05,1299,0.05000312024881745,-1.445965571882522,1.4440828042107998,-4095.9999999999995,4090.666666666666,C:\Users\kimeu\Downloads\starlink_pathB_wsl_package_v0_3_clean\starlink_pathB\paper_final_experiment_check\outputs\random1200_null_random1200_seed3\0_197_lst000_stress_full_polybeam_smooth_S30_single.npz,9.10175923472585,9444.443085672718,1.7798436919007438e-05,140609741.2109375,False,False,False,False,False,False,False,False,False,False,False,False
0_197,160.250312485456,mid,stress,0,2461041.5,2461041.506822953,full_polybeam,smooth,30.0,multi,coherent_ab,4,2,2,46696;48481,76.053;75.131,0.2313613071236559,0.0001386146167366,0.5502745938468236,1,4,4,4,0.3308758856684498,0.5502745938468236,0.3308758856684498,0.7280464634021924,0.0001386146167366,3969.816508545893,0.10612068966909402,0.06154496011704478,0.00024362219985991056,False,20262866,100,-0.4130291573664932,0.550457840733677,0.6237623762376238,0.297029702970297,0.8296902609690733,232.55992899634262,0.943810018543445,1.5816219542117322,1.8888724924199054,226.776329753285,235.22598131997,236.03302325922414,0.18636147251299917,1.8848872907608094,1.2816525498794618,232.55992899634262,-42.278071705055126,6804380.162039771,3.41779741075824e-05,1299,0.05000312024881745,-1.445965571882522,1.4440828042107998,-4095.9999999999995,4090.666666666666,C:\Users\kimeu\Downloads\starlink_pathB_wsl_package_v0_3_clean\starlink_pathB\paper_final_experiment_check\outputs\random1200_null_random1200_seed3\0_197_lst000_stress_full_polybeam_smooth_S30_multi.npz,9.10175923472585,9444.443085672718,1.7798436919007438e-05,140609741.2109375,False,False,False,False,False,False,False,False,False,False,False,False
0_197,160.250312485456,mid,stress,0,2461041.5,2461041.506822953,full_polybeam,smooth,1000.0,single,coherent_ab,4,2,1,46696,76.053,0.2313613071236559,0.0001386146167366,0.5502745938468236,1,4,4,4,0.3308758856684498,0.5502745938468236,0.3308758856684498,0.7280464634021924,0.0001386146167366,3969.816508545893,2.051498670568159,2.051498670568159,0.0034124398450274614,False,20262883,100,-0.056433554701904046,-0.5589416995686651,0.5148514851485149,0.6732673267326733,24.48448785841174,4937.2440646045325,24.66780373658912,28.703097377495215,28.98287463197892,5022.602194533892,5211.121579986789,5217.004682281892,2.19098135052991,1.0505794507819848,1.0044857785500274,4937.2440646045325,-622.1379064269967,6804380.162039771,0.0007255979159054627,1299,0.05000312024881745,-1.445965571882522,1.4440828042107998,-4095.9999999999995,4090.666666666666,C:\Users\kimeu\Downloads\starlink_pathB_wsl_package_v0_3_clean\starlink_pathB\paper_final_experiment_check\outputs\random1200_null_random1200_seed3\0_197_lst000_stress_full_polybeam_smooth_S1000_single.npz,9.10175923472585,9444.443085672718,1.7798436919007438e-05,140609741.2109375,False,False,False,False,False,False,False,False,False,False,False,False
0_197,160.250312485456,mid,stress,0,2461041.5,2461041.506822953,full_polybeam,smooth,1000.0,multi,coherent_ab,4,2,2,46696;48481,76.053;75.131,0.2313613071236559,0.0001386146167366,0.5502745938468236,1,4,4,4,0.3308758856684498,0.5502745938468236,0.3308758856684498,0.7280464634021924,0.0001386146167366,3969.816508545893,3.537356322303134,2.051498670568159,0.008120739995330351,False,20262900,100,-0.3685036644295206,0.9288394525992252,0.6633663366336634,0.12871287128712872,27.667068050195667,7753.654655368456,30.728866116769495,51.62912759494938,61.04844391401538,7403.797912404958,7792.86858005404,7811.495348744654,5.604162733318844,1.8964517212564571,1.2934529554036533,7753.654655368456,-1429.7589456061419,6804380.162039771,0.0011395093264518774,1299,0.05000312024881745,-1.445965571882522,1.4440828042107998,-4095.9999999999995,4090.666666666666,C:\Users\kimeu\Downloads\starlink_pathB_wsl_package_v0_3_clean\starlink_pathB\paper_final_experiment_check\outputs\random1200_null_random1200_seed3\0_197_lst000_stress_full_polybeam_smooth_S1000_multi.npz,9.10175923472585,9444.443085672718,1.7798436919007438e-05,140609741.2109375,False,False,False,False,False,False,False,False,False,False,False,False
0_197,160.250312485456,mid,stress,0,2461041.5,2461041.506822953,full_polybeam,lines,30.0,single,coherent_ab,4,2,1,46696,76.053,0.2313613071236559,0.0001386146167366,0.5502745938468236,1,4,4,4,0.3308758856684498,0.5502745938468236,0.3308758856684498,0.7280464634021924,0.0001386146167366,3969.816508545893,0.0615363293955493,0.0615363293955493,0.0001025003596339221,False,20262917,100,0.07053839193772234,-0.7389655122546372,0.44554455445544555,0.7920792079207921,0.7367981045499619,148.27085239506613,0.7300380188789859,0.8486172518900276,0.8625024369592574,152.0944489195279,156.25320543397493,156.46550108933428,0.06464019370287133,1.1998335300994711,1.0642442647603072,148.27085239506613,-18.828776023675886,6804380.162039771,2.1790500951466313e-05,1299,0.05000312024881745,-1.445965571882522,1.4440828042107998,-4095.9999999999995,4090.666666666666,C:\Users\kimeu\Downloads\starlink_pathB_wsl_package_v0_3_clean\starlink_pathB\paper_final_experiment_check\outputs\random1200_null_random1200_seed3\0_197_lst000_stress_full_polybeam_lines_S30_single.npz,9.10175923472585,9444.443085672718,1.7798436919007438e-05,140609741.2109375,False,False,False,False,False,False,False,False,False,False,False,False
0_197,160.250312485456,mid,stress,0,2461041.5,2461041.506822953,full_polybeam,lines,30.0,multi,coherent_ab,4,2,2,46696;48481,76.053;75.131,0.2313613071236559,0.0001386146167366,0.5502745938468236,1,4,4,4,0.3308758856684498,0.5502745938468236,0.3308758856684498,0.7280464634021924,0.0001386146167366,3969.816508545893,0.10610659187147894,0.0615363293955493,0.00024387050183124847,False,20262934,100,-0.4310456944360455,0.7267851215631547,0.6534653465346535,0.1782178217821782,0.835436369117815,232.540065876469,0.951486630537147,1.6465986498915297,1.8514304076258852,222.90595307311278,234.95585052638052,236.0204265181433,0.18159287976322958,2.098664601715935,1.2989423335209822,232.540065876469,-42.10999272780941,6804380.162039771,3.41750549408985e-05,1299,0.05000312024881745,-1.445965571882522,1.4440828042107998,-4095.9999999999995,4090.666666666666,C:\Users\kimeu\Downloads\starlink_pathB_wsl_package_v0_3_clean\starlink_pathB\paper_final_experiment_check\outputs\random1200_null_random1200_seed3\0_197_lst000_stress_full_polybeam_lines_S30_multi.npz,9.10175923472585,9444.443085672718,1.7798436919007438e-05,140609741.2109375,False,False,False,False,False,False,False,False,False,False,False,False
0_197,160.250312485456,mid,stress,0,2461041.5,2461041.506822953,full_polybeam,lines,1000.0,single,coherent_ab,4,2,1,46696,76.053,0.2313613071236559,0.0001386146167366,0.5502745938468236,1,4,4,4,0.3308758856684498,0.5502745938468236,0.3308758856684498,0.7280464634021924,0.0001386146167366,3969.816508545893,2.051210979851643,2.051210979851643,0.00341667865446407,False,20262951,100,0.09264357322879617,-1.0646393243733492,0.45544554455445546,0.8316831683168316,24.576861394900334,4942.5738473758565,24.297222747505657,28.568719097058782,28.866182784724298,5099.769486275336,5207.600192893614,5217.029965468088,2.0359068318148275,1.206648773162127,1.092759826860575,4942.5738473758565,-621.3693336804158,6804380.162039771,0.0007263812029418129,1299,0.05000312024881745,-1.445965571882522,1.4440828042107998,-4095.9999999999995,4090.666666666666,C:\Users\kimeu\Downloads\starlink_pathB_wsl_package_v0_3_clean\starlink_pathB\paper_final_experiment_check\outputs\random1200_null_random1200_seed3\0_197_lst000_stress_full_polybeam_lines_S1000_single.npz,9.10175923472585,9444.443085672718,1.7798436919007438e-05,140609741.2109375,False,False,False,False,False,False,False,False,False,False,False,False
0_197,160.250312485456,mid,stress,0,2461041.5,2461041.506822953,full_polybeam,lines,1000.0,multi,coherent_ab,4,2,2,46696;48481,76.053;75.131,0.2313613071236559,0.0001386146167366,0.5502745938468236,1,4,4,4,0.3308758856684498,0.5502745938468236,0.3308758856684498,0.7280464634021924,0.0001386146167366,3969.816508545893,3.5368863957159644,2.051210979851643,0.008129016727708282,False,20262968,100,-0.31894841776886795,0.8045583205774662,0.6237623762376238,0.19801980198019803,27.85959397627812,7752.954534514161,30.43493831043088,54.848889671562205,61.9780142758145,7431.73264363292,7803.505581810208,7833.952051123099,5.4461657719061805,1.6689520661850494,1.3411819050375358,7752.954534514161,-1424.1504572338508,6804380.162039771,0.001139406433780154,1299,0.05000312024881745,-1.445965571882522,1.4440828042107998,-4095.9999999999995,4090.666666666666,C:\Users\kimeu\Downloads\starlink_pathB_wsl_package_v0_3_clean\starlink_pathB\paper_final_experiment_check\outputs\random1200_null_random1200_seed3\0_197_lst000_stress_full_polybeam_lines_S1000_multi.npz,9.10175923472585,9444.443085672718,1.7798436919007438e-05,140609741.2109375,False,False,False,False,False,False,False,False,False,False,False,False
0_197,160.250312485456,mid,stress,0,2461041.5,2461041.506822953,full_polybeam,khz_comb,30.0,single,coherent_ab,4,2,1,46696,76.053,0.2313613071236559,0.0001386146167366,0.5502745938468236,1,4,4,4,0.3308758856684498,0.5502745938468236,0.3308758856684498,0.7280464634021924,0.0001386146167366,3969.816508545893,0.05064306372931319,0.05064306372931319,8.921882264869482e-05,False,20262985,100,0.11088547872514766,-0.6646537171853301,0.43564356435643564,0.7821782178217822,0.6203944966910058,122.34231009132094,0.6116882336918934,0.7218191122097778,0.7351356265732466,124.8619255920155,129.29703407762435,129.34453990152267,0.05295818722152035,1.3197421885560894,1.163924202283253,122.34231009132094,-15.23812359771698,6804380.162039771,1.7979934568301076e-05,1299,0.05000312024881745,-1.445965571882522,1.4440828042107998,-4095.9999999999995,4090.666666666666,C:\Users\kimeu\Downloads\starlink_pathB_wsl_package_v0_3_clean\starlink_pathB\paper_final_experiment_check\outputs\random1200_null_random1200_seed3\0_197_lst000_stress_full_polybeam_khz_comb_S30_single.npz,9.10175923472585,9444.443085672718,1.7798436919007438e-05,140609741.2109375,False,False,False,False,False,False,False,False,False,False,False,False
0_197,160.250312485456,mid,stress,0,2461041.5,2461041.506822953,full_polybeam,khz_comb,30.0,multi,coherent_ab,4,2,2,46696;48481,76.053;75.131,0.2313613071236559,0.0001386146167366,0.5502745938468236,1,4,4,4,0.3308758856684498,0.5502745938468236,0.3308758856684498,0.7280464634021924,0.0001386146167366,3969.816508545893,0.08732342255429007,0.05064306372931319,0.00021266762604398454,False,20263002,100,-0.4996362001213769,1.0389436653897446,0.6831683168316832,0.19801980198019803,0.7058316604052379,192.87392457692638,0.8366142612844669,1.6213149499119026,1.712365986635996,183.39110062903592,194.1329977932231,195.3017424890534,0.17655177061215,2.196564224746739,1.3652891735751034,192.87392457692638,-34.16094000285602,6804380.162039771,2.834555389084962e-05,1299,0.05000312024881745,-1.445965571882522,1.4440828042107998,-4095.9999999999995,4090.666666666666,C:\Users\kimeu\Downloads\starlink_pathB_wsl_package_v0_3_clean\starlink_pathB\paper_final_experiment_check\outputs\random1200_null_random1200_seed3\0_197_lst000_stress_full_polybeam_khz_comb_S30_multi.npz,9.10175923472585,9444.443085672718,1.7798436919007438e-05,140609741.2109375,False,False,False,False,False,False,False,False,False,False,False,False
0_197,160.250312485456,mid,stress,0,2461041.5,2461041.506822953,full_polybeam,khz_comb,1000.0,single,coherent_ab,4,2,1,46696,76.053,0.2313613071236559,0.0001386146167366,0.5502745938468236,1,4,4,4,0.3308758856684498,0.5502745938468236,0.3308758856684498,0.7280464634021924,0.0001386146167366,3969.816508545893,1.6881021243104397,1.6881021243104397,0.002973960754956494,False,20263019,100,0.4139494250431351,-0.6551613355061133,0.33663366336633666,0.7524752475247525,20.69132959770286,4078.2234944951997,19.806027989179256,24.026722236170098,24.48422430303697,4173.126485261645,4306.869900742867,4312.555913967331,1.4425137907528551,1.1381488282490833,1.0541819686863767,4078.2234944951997,-503.7233078032592,6804380.162039771,0.0005993526812694513,1299,0.05000312024881745,-1.445965571882522,1.4440828042107998,-4095.9999999999995,4090.666666666666,C:\Users\kimeu\Downloads\starlink_pathB_wsl_package_v0_3_clean\starlink_pathB\paper_final_experiment_check\outputs\random1200_null_random1200_seed3\0_197_lst000_stress_full_polybeam_khz_comb_S1000_single.npz,9.10175923472585,9444.443085672718,1.7798436919007438e-05,140609741.2109375,False,False,False,False,False,False,False,False,False,False,False,False
0_197,160.250312485456,mid,stress,0,2461041.5,2461041.506822953,full_polybeam,khz_comb,1000.0,multi,coherent_ab,4,2,2,46696;48481,76.053;75.131,0.2313613071236559,0.0001386146167366,0.5502745938468236,1,4,4,4,0.3308758856684498,0.5502745938468236,0.3308758856684498,0.7280464634021924,0.0001386146167366,3969.816508545893,2.9107807518096687,1.6881021243104397,0.007088920868132818,False,20263036,100,-0.3928187315816484,0.8693272322091097,0.6237623762376238,0.13861386138613863,23.53604084778999,6430.280103188977,27.23343842857139,47.45933129005497,56.774647508398054,6137.736165148565,6475.15745577919,6533.412099554863,6.348629283300397,1.5303051231657088,1.223873677926821,6430.280103188977,-1152.1747098064257,6804380.162039771,0.0009450206999106515,1299,0.05000312024881745,-1.445965571882522,1.4440828042107998,-4095.9999999999995,4090.666666666666,C:\Users\kimeu\Downloads\starlink_pathB_wsl_package_v0_3_clean\starlink_pathB\paper_final_experiment_check\outputs\random1200_null_random1200_seed3\0_197_lst000_stress_full_polybeam_khz_comb_S1000_multi.npz,9.10175923472585,9444.443085672718,1.7798436919007438e-05,140609741.2109375,False,False,False,False,False,False,False,False,False,False,False,False
11_10,153.90399534464717,mid,quiet,16,2461041.611111111,2461041.6179340645,frozen_polybeam,smooth,30.0,single,coherent_ab,2,3,1,57757,87.550,0.1708459341397849,1.402136280872614e-07,0.0212303841364464,0,2,2,2,0.0,0.0212303841364464,0.0,0.0519940798441188,1.402136280872614e-07,151414.55524732452,4.966191690816022,4.966191690816022,0.017406513319346843,False,20263069,100,1.327887577530421,1.2306103315814598,0.1485148514851485,0.13861386138613863,80.11862991768248,14735.517484802242,60.3186579822368,88.89816850824313,89.61334540285317,14345.096292312637,14750.338897732749,14775.87405162047,10.057250579293168,1.102288130387543,1.0483869800887375,14735.517484802242,4876.331760816746,3640729.683564343,0.004047407735686626,1305,0.04802287038716557,-1.445965571882522,1.4440828042107998,-4095.9999999999995,4090.666666666666,C:\Users\kimeu\Downloads\starlink_pathB_wsl_package_v0_3_clean\starlink_pathB\paper_final_experiment_check\outputs\random1200_null_random1200_seed3\11_10_lst016_quiet_frozen_polybeam_smooth_S30_single.npz,9.10175923472585,9444.443085672718,1.7798436919007438e-05,140609741.2109375,False,False,False,False,False,False,False,False,False,False,False,False
11_10,153.90399534464717,mid,quiet,16,2461041.611111111,2461041.6179340645,frozen_polybeam,smooth,30.0,multi,coherent_ab,2,3,3,57757;57763;54127,87.550;77.670;73.686,0.1708459341397849,1.402136280872614e-07,0.0212303841364464,0,2,2,2,0.0,0.0212303841364464,0.0,0.0519940798441188,1.402136280872614e-07,151414.55524732452,5.08700868824385,4.966191690816022,0.018302042623055837,False,20263086,100,1.5409917852018375,1.5263085172139221,0.15841584158415842,0.06930693069306931,78.56144294699789,14722.753017613137,60.27929384704112,86.33722312512567,88.33749243590007,14235.483275911447,14724.328810896546,14824.581686313282,8.0020807052382,1.7714530173627687,1.3297993977813911,14722.753017613137,4808.447392977465,3640729.683564343,0.004043901716756759,1305,0.04802287038716557,-1.445965571882522,1.4440828042107998,-4095.9999999999995,4090.666666666666,C:\Users\kimeu\Downloads\starlink_pathB_wsl_package_v0_3_clean\starlink_pathB\paper_final_experiment_check\outputs\random1200_null_random1200_seed3\11_10_lst016_quiet_frozen_polybeam_smooth_S30_multi.npz,9.10175923472585,9444.443085672718,1.7798436919007438e-05,140609741.2109375,False,False,False,False,False,False,False,False,False,False,False,False
11_10,153.90399534464717,mid,quiet,16,2461041.611111111,2461041.6179340645,frozen_polybeam,smooth,1000.0,single,coherent_ab,2,3,1,57757,87.550,0.1708459341397849,1.402136280872614e-07,0.0212303841364464,0,2,2,2,0.0,0.0212303841364464,0.0,0.0519940798441188,1.402136280872614e-07,151414.55524732452,165.53972302720075,165.53972302720075,0.5802171106448949,False,20263103,100,1.67488757001498,1.6878110975457943,0.19801980198019803,0.12871287128712872,3641.7220413469504,681585.0931591503,2674.741252604564,4212.154219488265,4226.794141847706,551931.4035088224,683676.622512766,684335.5733700531,389.41097795137125,1.1059109362843085,1.0642928207283435,681585.0931591503,377069.83781542396,3640729.683564343,0.18721112315371508,1305,0.04802287038716557,-1.445965571882522,1.4440828042107998,-4095.9999999999995,4090.666666666666,C:\Users\kimeu\Downloads\starlink_pathB_wsl_package_v0_3_clean\starlink_pathB\paper_final_experiment_check\outputs\random1200_null_random1200_seed3\11_10_lst016_quiet_frozen_polybeam_smooth_S1000_single.npz,9.10175923472585,9444.443085672718,1.7798436919007438e-05,140609741.2109375,False,False,False,False,False,False,False,False,False,False,False,False
11_10,153.90399534464717,mid,quiet,16,2461041.611111111,2461041.6179340645,frozen_polybeam,smooth,1000.0,multi,coherent_ab,2,3,3,57757;57763;54127,87.550;77.670;73.686,0.1708459341397849,1.402136280872614e-07,0.0212303841364464,0,2,2,2,0.0,0.0212303841364464,0.0,0.0519940798441188,1.402136280872614e-07,151414.55524732452,169.566956274795,165.53972302720075,0.6100680874351946,False,20263120,100,2.072076233456005,1.9064584939465574,0.13861386138613863,0.0594059405940594,3612.136013695762,680972.4042386285,2644.342572057789,4145.007383937972,4197.08048128939,556382.9479182288,679635.8839784614,684214.2125646996,315.0307517296874,1.6126585853931918,1.4190377503218703,680972.4042386285,375084.15668181115,3640729.683564343,0.1870428357570188,1305,0.04802287038716557,-1.445965571882522,1.4440828042107998,-4095.9999999999995,4090.666666666666,C:\Users\kimeu\Downloads\starlink_pathB_wsl_package_v0_3_clean\starlink_pathB\paper_final_experiment_check\outputs\random1200_null_random1200_seed3\11_10_lst016_quiet_frozen_polybeam_smooth_S1000_multi.npz,9.10175923472585,9444.443085672718,1.7798436919007438e-05,140609741.2109375,True,False,False,False,False,False,False,False,False,False,False,False
11_10,153.90399534464717,mid,quiet,16,2461041.611111111,2461041.6179340645,frozen_polybeam,lines,30.0,single,coherent_ab,2,3,1,57757,87.550,0.1708459341397849,1.402136280872614e-07,0.0212303841364464,0,2,2,2,0.0,0.0212303841364464,0.0,0.0519940798441188,1.402136280872614e-07,151414.55524732452,4.96618766279359,4.96618766279359,0.0174270330233332,False,20263137,100,1.3980993110201247,1.0752009765236321,0.1782178217821782,0.10891089108910891,81.68731324354758,14721.341218772053,60.643938923206974,90.62649544278693,90.9666582299151,14401.831877284889,14745.691928555996,14766.705155527396,10.15204099980599,1.1151172650550263,1.0851481799601255,14721.341218772053,4887.752441120985,3640729.683564343,0.004043513937667458,1305,0.04802287038716557,-1.445965571882522,1.4440828042107998,-4095.9999999999995,4090.666666666666,C:\Users\kimeu\Downloads\starlink_pathB_wsl_package_v0_3_clean\starlink_pathB\paper_final_experiment_check\outputs\random1200_null_random1200_seed3\11_10_lst016_quiet_frozen_polybeam_lines_S30_single.npz,9.10175923472585,9444.443085672718,1.7798436919007438e-05,140609741.2109375,False,False,False,False,False,False,False,False,False,False,False,False
11_10,153.90399534464717,mid,quiet,16,2461041.611111111,2461041.6179340645,frozen_polybeam,lines,30.0,multi,coherent_ab,2,3,3,57757;57763;54127,87.550;77.670;73.686,0.1708459341397849,1.402136280872614e-07,0.0212303841364464,0,2,2,2,0.0,0.0212303841364464,0.0,0.0519940798441188,1.402136280872614e-07,151414.55524732452,5.087004662995186,4.96618766279359,0.018323613477443493,False,20263154,100,1.3048361072966053,1.3482022960971278,0.2079207920792079,0.0891089108910891,80.1485512133113,14709.853470280354,61.24850201693857,89.71368759644379,91.51496527111392,14262.333418047525,14724.77341957527,14784.760051032195,9.769739253321177,1.3545019943897465,1.0903590012187137,14709.853470280354,4819.585791019199,3640729.683564343,0.004040358595334969,1305,0.04802287038716557,-1.445965571882522,1.4440828042107998,-4095.9999999999995,4090.666666666666,C:\Users\kimeu\Downloads\starlink_pathB_wsl_package_v0_3_clean\starlink_pathB\paper_final_experiment_check\outputs\random1200_null_random1200_seed3\11_10_lst016_quiet_frozen_polybeam_lines_S30_multi.npz,9.10175923472585,9444.443085672718,1.7798436919007438e-05,140609741.2109375,False,False,False,False,False,False,False,False,False,False,False,False
11_10,153.90399534464717,mid,quiet,16,2461041.611111111,2461041.6179340645,frozen_polybeam,lines,1000.0,single,coherent_ab,2,3,1,57757,87.550,0.1708459341397849,1.402136280872614e-07,0.0212303841364464,0,2,2,2,0.0,0.0212303841364464,0.0,0.0519940798441188,1.402136280872614e-07,151414.55524732452,165.5395887597863,165.5395887597863,0.5809011007777733,False,20263171,100,1.9210864319540728,1.2416922251639113,0.2376237623762376,0.04950495049504951,3693.4771714732096,680816.1251466922,2682.1844733364765,4301.664298733419,4304.391468262916,565006.7556235157,680228.2523484617,683745.6842342655,355.06345194763594,1.0785805768177645,0.9968188612352367,680816.1251466922,377399.68235091085,3640729.683564343,0.18699991054544876,1305,0.04802287038716557,-1.445965571882522,1.4440828042107998,-4095.9999999999995,4090.666666666666,C:\Users\kimeu\Downloads\starlink_pathB_wsl_package_v0_3_clean\starlink_pathB\paper_final_experiment_check\outputs\random1200_null_random1200_seed3\11_10_lst016_quiet_frozen_polybeam_lines_S1000_single.npz,9.10175923472585,9444.443085672718,1.7798436919007438e-05,140609741.2109375,False,False,False,False,False,False,False,False,False,False,False,False
11_10,153.90399534464717,mid,quiet,16,2461041.611111111,2461041.6179340645,frozen_polybeam,lines,1000.0,multi,coherent_ab,2,3,3,57757;57763;54127,87.550;77.670;73.686,0.1708459341397849,1.402136280872614e-07,0.0212303841364464,0,2,2,2,0.0,0.0212303841364464,0.0,0.0519940798441188,1.402136280872614e-07,151414.55524732452,169.5668220998395,165.5395887597863,0.610787115914783,False,20263188,100,1.6095376127638352,1.0161271562079905,0.2376237623762376,0.09900990099009901,3663.8654788793256,680239.4870517256,2653.0134099833563,4257.708053395122,4297.152717443603,577720.4304507596,682540.4478929299,685801.4249984352,423.6063663634127,1.1582097080862725,0.9274739163665606,680239.4870517256,375404.6719209419,3640729.683564343,0.18684152523670977,1305,0.04802287038716557,-1.445965571882522,1.4440828042107998,-4095.9999999999995,4090.666666666666,C:\Users\kimeu\Downloads\starlink_pathB_wsl_package_v0_3_clean\starlink_pathB\paper_final_experiment_check\outputs\random1200_null_random1200_seed3\11_10_lst016_quiet_frozen_polybeam_lines_S1000_multi.npz,9.10175923472585,9444.443085672718,1.7798436919007438e-05,140609741.2109375,False,False,False,False,False,False,False,False,False,False,False,False
11_10,153.90399534464717,mid,quiet,16,2461041.611111111,2461041.6179340645,frozen_polybeam,khz_comb,30.0,single,coherent_ab,2,3,1,57757,87.550,0.1708459341397849,1.402136280872614e-07,0.0212303841364464,0,2,2,2,0.0,0.0212303841364464,0.0,0.0519940798441188,1.402136280872614e-07,151414.55524732452,4.73470147209006,4.73470147209006,0.015726736331325212,False,20263205,100,1.7444590797045776,0.8382017237743724,0.2079207920792079,0.06930693069306931,81.40725922684669,13741.346051465727,55.07919791259485,87.41990031752562,88.27811266075906,13559.778969561758,13746.543980664217,13750.045274425845,10.179679350462834,1.0873812548144857,1.0368709294035845,13741.346051465727,3950.570565401282,3640729.683564343,0.0037743384556945987,1305,0.04802287038716557,-1.445965571882522,1.4440828042107998,-4095.9999999999995,4090.666666666666,C:\Users\kimeu\Downloads\starlink_pathB_wsl_package_v0_3_clean\starlink_pathB\paper_final_experiment_check\outputs\random1200_null_random1200_seed3\11_10_lst016_quiet_frozen_polybeam_khz_comb_S30_single.npz,9.10175923472585,9444.443085672718,1.7798436919007438e-05,140609741.2109375,False,False,False,False,False,False,False,False,False,False,False,False
11_10,153.90399534464717,mid,quiet,16,2461041.611111111,2461041.6179340645,frozen_polybeam,khz_comb,30.0,multi,coherent_ab,2,3,3,57757;57763;54127,87.550;77.670;73.686,0.1708459341397849,1.402136280872614e-07,0.0212303841364464,0,2,2,2,0.0,0.0212303841364464,0.0,0.0519940798441188,1.402136280872614e-07,151414.55524732452,4.853761673194876,4.73470147209006,0.016533758537620864,False,20263222,100,1.3990485449583725,0.8267705528000652,0.15841584158415842,0.09900990099009901,80.00672904412022,13739.70592160109,56.46540890624465,87.2392967192387,88.702667904353,13540.941949925755,13775.847831249186,13797.828492546849,11.349429550602053,1.1378237834547602,0.9825554631883847,13739.70592160109,3894.809058507958,3640729.683564343,0.003773887960874277,1305,0.04802287038716557,-1.445965571882522,1.4440828042107998,-4095.9999999999995,4090.666666666666,C:\Users\kimeu\Downloads\starlink_pathB_wsl_package_v0_3_clean\starlink_pathB\paper_final_experiment_check\outputs\random1200_null_random1200_seed3\11_10_lst016_quiet_frozen_polybeam_khz_comb_S30_multi.npz,9.10175923472585,9444.443085672718,1.7798436919007438e-05,140609741.2109375,False,False,False,False,False,False,False,False,False,False,False,False
11_10,153.90399534464717,mid,quiet,16,2461041.611111111,2461041.6179340645,frozen_polybeam,khz_comb,1000.0,single,coherent_ab,2,3,1,57757,87.550,0.1708459341397849,1.402136280872614e-07,0.0212303841364464,0,2,2,2,0.0,0.0212303841364464,0.0,0.0519940798441188,1.402136280872614e-07,151414.55524732452,157.82338240300197,157.82338240300197,0.5242245443775069,False,20263239,100,3.8401477829899946,1.207087229459106,0.22772277227722773,0.0594059405940594,3450.133782654696,595825.1206976583,2105.305763429574,3931.409043935723,3965.7478859263238,512399.74304796645,595468.2131883274,596446.7032945387,236.20811575805988,1.278473037755666,1.2338293417832198,595825.1206976583,276699.75426853955,3640729.683564343,0.16365541319572352,1305,0.04802287038716557,-1.445965571882522,1.4440828042107998,-4095.9999999999995,4090.666666666666,C:\Users\kimeu\Downloads\starlink_pathB_wsl_package_v0_3_clean\starlink_pathB\paper_final_experiment_check\outputs\random1200_null_random1200_seed3\11_10_lst016_quiet_frozen_polybeam_khz_comb_S1000_single.npz,9.10175923472585,9444.443085672718,1.7798436919007438e-05,140609741.2109375,True,True,True,False,False,False,False,False,False,False,False,False
11_10,153.90399534464717,mid,quiet,16,2461041.611111111,2461041.6179340645,frozen_polybeam,khz_comb,1000.0,multi,coherent_ab,2,3,3,57757;57763;54127,87.550;77.670;73.686,0.1708459341397849,1.402136280872614e-07,0.0212303841364464,0,2,2,2,0.0,0.0212303841364464,0.0,0.0519940798441188,1.402136280872614e-07,151414.55524732452,161.79205577316253,157.82338240300197,0.5511252845873619,False,20263256,100,2.727972049739273,1.088621443561302,0.26732673267326734,0.06930693069306931,3403.957717033142,595805.3278801785,2206.958850713158,3933.1525198242657,4005.7755262584797,518211.1006509508,596652.1871295248,597978.0847442211,295.95782497623236,1.5030538936616578,0.9835092527176522,595805.3278801785,275078.5936699568,3640729.683564343,0.16364997669831774,1305,0.04802287038716557,-1.445965571882522,1.4440828042107998,-4095.9999999999995,4090.666666666666,C:\Users\kimeu\Downloads\starlink_pathB_wsl_package_v0_3_clean\starlink_pathB\paper_final_experiment_check\outputs\random1200_null_random1200_seed3\11_10_lst016_quiet_frozen_polybeam_khz_comb_S1000_multi.npz,9.10175923472585,9444.443085672718,1.7798436919007438e-05,140609741.2109375,True,False,False,False,False,False,False,False,False,False,False,False
11_10,153.90399534464717,mid,quiet,16,2461041.611111111,2461041.6179340645,full_polybeam,smooth,30.0,single,coherent_ab,2,3,1,57757,87.550,0.1708459341397849,1.402136280872614e-07,0.0212303841364464,0,2,2,2,0.0,0.0212303841364464,0.0,0.0519940798441188,1.402136280872614e-07,151414.55524732452,6.240993280145974,6.240993280145974,0.02119379344616595,False,20263273,100,0.5713898520798645,1.5633284704343624,0.3069306930693069,0.1188118811881188,76.6569662977563,16104.256562795388,64.63896167587484,91.35073365767543,91.6294600900216,15783.992305059965,16131.444469164619,16163.415465269522,14.186519125777295,0.9663658747249978,0.9316004368796107,16104.256562795388,4790.69332893011,3640729.683564343,0.004423359590660139,1305,0.04802287038716557,-1.445965571882522,1.4440828042107998,-4095.9999999999995,4090.666666666666,C:\Users\kimeu\Downloads\starlink_pathB_wsl_package_v0_3_clean\starlink_pathB\paper_final_experiment_check\outputs\random1200_null_random1200_seed3\11_10_lst016_quiet_full_polybeam_smooth_S30_single.npz,9.10175923472585,9444.443085672718,1.7798436919007438e-05,140609741.2109375,False,False,False,False,False,False,False,False,False,False,False,False
11_10,153.90399534464717,mid,quiet,16,2461041.611111111,2461041.6179340645,full_polybeam,smooth,30.0,multi,coherent_ab,2,3,3,57757;57763;54127,87.550;77.670;73.686,0.1708459341397849,1.402136280872614e-07,0.0212303841364464,0,2,2,2,0.0,0.0212303841364464,0.0,0.0519940798441188,1.402136280872614e-07,151414.55524732452,7.0505120868657745,6.240993280145974,0.023933314098135854,False,20263290,100,0.1748483106697308,0.08064774771206444,0.45544554455445546,0.45544554455445546,69.46399118313184,15921.563105627107,66.12343176923287,90.81267649428231,93.42744026424408,15899.422885282394,16433.500616433583,16658.38664099187,12.88646397283992,1.5828824920692202,0.8427728051457577,15921.563105627107,4328.14884729141,3640729.683564343,0.0043731791397486,1305,0.04802287038716557,-1.445965571882522,1.4440828042107998,-4095.9999999999995,4090.666666666666,C:\Users\kimeu\Downloads\starlink_pathB_wsl_package_v0_3_clean\starlink_pathB\paper_final_experiment_check\outputs\random1200_null_random1200_seed3\11_10_lst016_quiet_full_polybeam_smooth_S30_multi.npz,9.10175923472585,9444.443085672718,1.7798436919007438e-05,140609741.2109375,False,False,False,False,False,False,False,False,False,False,False,False
11_10,153.90399534464717,mid,quiet,16,2461041.611111111,2461041.6179340645,full_polybeam,smooth,1000.0,single,coherent_ab,2,3,1,57757,87.550,0.1708459341397849,1.402136280872614e-07,0.0212303841364464,0,2,2,2,0.0,0.0212303841364464,0.0,0.0519940798441188,1.402136280872614e-07,151414.55524732452,208.03310933819907,208.03310933819907,0.7064597815388652,False,20263307,100,2.1170425046936376,1.2919832252230803,0.2376237623762376,0.0297029702970297,3982.9580401160138,845184.0523605569,2930.5646069614413,4572.776843398384,4590.656354481678,687861.2682249418,842317.677782759,846353.1338308343,335.29305359852947,1.292209515190889,1.2245036140286172,845184.0523605569,556767.676306492,3640729.683564343,0.23214688422929158,1305,0.04802287038716557,-1.445965571882522,1.4440828042107998,-4095.9999999999995,4090.666666666666,C:\Users\kimeu\Downloads\starlink_pathB_wsl_package_v0_3_clean\starlink_pathB\paper_final_experiment_check\outputs\random1200_null_random1200_seed3\11_10_lst016_quiet_full_polybeam_smooth_S1000_single.npz,9.10175923472585,9444.443085672718,1.7798436919007438e-05,140609741.2109375,True,False,False,False,False,False,False,False,False,False,False,False
11_10,153.90399534464717,mid,quiet,16,2461041.611111111,2461041.6179340645,full_polybeam,smooth,1000.0,multi,coherent_ab,2,3,3,57757;57763;54127,87.550;77.670;73.686,0.1708459341397849,1.402136280872614e-07,0.0212303841364464,0,2,2,2,0.0,0.0212303841364464,0.0,0.0519940798441188,1.402136280872614e-07,151414.55524732452,235.0170695621924,208.03310933819907,0.7977771366045286,False,20263324,100,1.2187632045941503,1.1920914053431488,0.21782178217821782,0.15841584158415842,3844.2805605604417,836247.3101131706,3160.2341517350715,4574.42702644053,4661.337841461948,709271.8919392636,856668.7041141114,868650.7896280591,378.5665501441706,2.077414013333741,1.149081307572986,836247.3101131706,545767.8417787014,3640729.683564343,0.2296922273269321,1305,0.04802287038716557,-1.445965571882522,1.4440828042107998,-4095.9999999999995,4090.666666666666,C:\Users\kimeu\Downloads\starlink_pathB_wsl_package_v0_3_clean\starlink_pathB\paper_final_experiment_check\outputs\random1200_null_random1200_seed3\11_10_lst016_quiet_full_polybeam_smooth_S1000_multi.npz,9.10175923472585,9444.443085672718,1.7798436919007438e-05,140609741.2109375,False,False,False,False,False,False,False,False,False,False,False,False
11_10,153.90399534464717,mid,quiet,16,2461041.611111111,2461041.6179340645,full_polybeam,lines,30.0,single,coherent_ab,2,3,1,57757,87.550,0.1708459341397849,1.402136280872614e-07,0.0212303841364464,0,2,2,2,0.0,0.0212303841364464,0.0,0.0519940798441188,1.402136280872614e-07,151414.55524732452,6.240923627544358,6.240923627544358,0.021217113684903505,False,20263341,100,0.780069273198438,1.8660543789076478,0.2376237623762376,0.09900990099009901,78.43192491454101,16099.007288475535,62.43154356288778,92.81685183708105,93.16421966813513,15743.671262985801,16143.370622299995,16161.256751002757,13.834808959391466,1.1790983401414368,1.066252077039853,16099.007288475535,4803.5371797523085,3640729.683564343,0.004421917771361235,1305,0.04802287038716557,-1.445965571882522,1.4440828042107998,-4095.9999999999995,4090.666666666666,C:\Users\kimeu\Downloads\starlink_pathB_wsl_package_v0_3_clean\starlink_pathB\paper_final_experiment_check\outputs\random1200_null_random1200_seed3\11_10_lst016_quiet_full_polybeam_lines_S30_single.npz,9.10175923472585,9444.443085672718,1.7798436919007438e-05,140609741.2109375,False,False,False,False,False,False,False,False,False,False,False,False
11_10,153.90399534464717,mid,quiet,16,2461041.611111111,2461041.6179340645,full_polybeam,lines,30.0,multi,coherent_ab,2,3,3,57757;57763;54127,87.550;77.670;73.686,0.1708459341397849,1.402136280872614e-07,0.0212303841364464,0,2,2,2,0.0,0.0212303841364464,0.0,0.0519940798441188,1.402136280872614e-07,151414.55524732452,7.050379636649794,6.240923627544358,0.02395879067675188,False,20263358,100,0.3365595058132823,0.009604373932729383,0.39603960396039606,0.504950495049505,71.26566193330837,15914.150098419806,64.70189801127071,92.69395017773063,94.47391461200064,15911.616102698565,16513.735288136853,16614.1932313702,13.154280406081853,1.8713243951924623,1.0403031475374631,15914.150098419806,4340.580184603894,3640729.683564343,0.004371143007475236,1305,0.04802287038716557,-1.445965571882522,1.4440828042107998,-4095.9999999999995,4090.666666666666,C:\Users\kimeu\Downloads\starlink_pathB_wsl_package_v0_3_clean\starlink_pathB\paper_final_experiment_check\outputs\random1200_null_random1200_seed3\11_10_lst016_quiet_full_polybeam_lines_S30_multi.npz,9.10175923472585,9444.443085672718,1.7798436919007438e-05,140609741.2109375,False,False,False,False,False,False,False,False,False,False,False,False
11_10,153.90399534464717,mid,quiet,16,2461041.611111111,2461041.6179340645,full_polybeam,lines,1000.0,single,coherent_ab,2,3,1,57757,87.550,0.1708459341397849,1.402136280872614e-07,0.0212303841364464,0,2,2,2,0.0,0.0212303841364464,0.0,0.0519940798441188,1.402136280872614e-07,151414.55524732452,208.03078758481195,208.03078758481195,0.7072371228301166,False,20263375,100,1.0132385135899387,0.9163841966123634,0.26732673267326734,0.10891089108910891,4052.399941314173,844720.4389711225,3207.9658089748223,4672.153589274303,4683.390837137424,726803.0808651978,845887.4111574304,847338.0337054537,562.1213678816323,0.9432683249188409,0.8586778006205281,844720.4389711225,557074.9760980024,3640729.683564343,0.232019543440568,1305,0.04802287038716557,-1.445965571882522,1.4440828042107998,-4095.9999999999995,4090.666666666666,C:\Users\kimeu\Downloads\starlink_pathB_wsl_package_v0_3_clean\starlink_pathB\paper_final_experiment_check\outputs\random1200_null_random1200_seed3\11_10_lst016_quiet_full_polybeam_lines_S1000_single.npz,9.10175923472585,9444.443085672718,1.7798436919007438e-05,140609741.2109375,False,False,False,False,False,False,False,False,False,False,False,False
11_10,153.90399534464717,mid,quiet,16,2461041.611111111,2461041.6179340645,full_polybeam,lines,1000.0,multi,coherent_ab,2,3,3,57757;57763;54127,87.550;77.670;73.686,0.1708459341397849,1.402136280872614e-07,0.0212303841364464,0,2,2,2,0.0,0.0212303841364464,0.0,0.0519940798441188,1.402136280872614e-07,151414.55524732452,235.01265455499313,208.03078758481195,0.7986263558917293,False,20263392,100,1.2414482032871486,0.7403457564031437,0.2376237623762376,0.22772277227722773,3913.560953878404,835517.0730583835,3239.4517605283563,4584.6984790653705,4739.029518966421,735732.3736092404,853978.1809635779,867054.7463253336,366.2500139666804,1.7032576206424175,0.9506319128013039,835517.0730583835,546059.9520906317,3640729.683564343,0.22949165295908389,1305,0.04802287038716557,-1.445965571882522,1.4440828042107998,-4095.9999999999995,4090.666666666666,C:\Users\kimeu\Downloads\starlink_pathB_wsl_package_v0_3_clean\starlink_pathB\paper_final_experiment_check\outputs\random1200_null_random1200_seed3\11_10_lst016_quiet_full_polybeam_lines_S1000_multi.npz,9.10175923472585,9444.443085672718,1.7798436919007438e-05,140609741.2109375,False,False,False,False,False,False,False,False,False,False,False,False
11_10,153.90399534464717,mid,quiet,16,2461041.611111111,2461041.6179340645,full_polybeam,khz_comb,30.0,single,coherent_ab,2,3,1,57757,87.550,0.1708459341397849,1.402136280872614e-07,0.0212303841364464,0,2,2,2,0.0,0.0212303841364464,0.0,0.0519940798441188,1.402136280872614e-07,151414.55524732452,5.136144714903402,5.136144714903402,0.018654514709653035,False,20263409,100,1.1059969752437477,2.210151625855734,0.18811881188118812,0.1188118811881188,76.67223621579069,14578.209843068573,57.98977952746566,88.25858203747048,88.56515821630938,14297.781595377026,14588.845046187475,14606.306443886724,11.393470943100738,1.13594241026072,1.0495696006056423,14578.209843068573,3854.000820471714,3640729.683564343,0.004004200012124007,1305,0.04802287038716557,-1.445965571882522,1.4440828042107998,-4095.9999999999995,4090.666666666666,C:\Users\kimeu\Downloads\starlink_pathB_wsl_package_v0_3_clean\starlink_pathB\paper_final_experiment_check\outputs\random1200_null_random1200_seed3\11_10_lst016_quiet_full_polybeam_khz_comb_S30_single.npz,9.10175923472585,9444.443085672718,1.7798436919007438e-05,140609741.2109375,False,False,False,False,False,False,False,False,False,False,False,False
11_10,153.90399534464717,mid,quiet,16,2461041.611111111,2461041.6179340645,full_polybeam,khz_comb,30.0,multi,coherent_ab,2,3,3,57757;57763;54127,87.550;77.670;73.686,0.1708459341397849,1.402136280872614e-07,0.0212303841364464,0,2,2,2,0.0,0.0212303841364464,0.0,0.0519940798441188,1.402136280872614e-07,151414.55524732452,5.802309444874555,5.136144714903402,0.02096265434420163,False,20263426,100,1.1291635416212915,0.03283899165706347,0.3069306930693069,0.48514851485148514,70.71596177257743,14455.221826330158,54.47013680414625,85.93237180235536,90.28475960875026,14448.566887632267,14836.506985438515,14910.350199058219,9.704226551228885,1.9283809768972417,1.0786531810294404,14455.221826330158,3472.0757768336653,3640729.683564343,0.003970418867290972,1305,0.04802287038716557,-1.445965571882522,1.4440828042107998,-4095.9999999999995,4090.666666666666,C:\Users\kimeu\Downloads\starlink_pathB_wsl_package_v0_3_clean\starlink_pathB\paper_final_experiment_check\outputs\random1200_null_random1200_seed3\11_10_lst016_quiet_full_polybeam_khz_comb_S30_multi.npz,9.10175923472585,9444.443085672718,1.7798436919007438e-05,140609741.2109375,False,False,False,False,False,False,False,False,False,False,False,False
11_10,153.90399534464717,mid,quiet,16,2461041.611111111,2461041.6179340645,full_polybeam,khz_comb,1000.0,single,coherent_ab,2,3,1,57757,87.550,0.1708459341397849,1.402136280872614e-07,0.0212303841364464,0,2,2,2,0.0,0.0212303841364464,0.0,0.0519940798441188,1.402136280872614e-07,151414.55524732452,171.2048238301134,171.2048238301134,0.6218171569884344,False,20263443,100,1.1175451769302611,0.8253945159191606,0.31683168316831684,0.039603960396039604,3511.1419480206505,696820.8376991616,2720.018088863586,4146.656784225195,4208.669263459479,622997.8084436782,695321.4170938432,697693.3755438137,477.4802340149174,0.8502003044694256,0.8194477102905633,696820.8376991616,397036.1573615933,3640729.683564343,0.19139592836152583,1305,0.04802287038716557,-1.445965571882522,1.4440828042107998,-4095.9999999999995,4090.666666666666,C:\Users\kimeu\Downloads\starlink_pathB_wsl_package_v0_3_clean\starlink_pathB\paper_final_experiment_check\outputs\random1200_null_random1200_seed3\11_10_lst016_quiet_full_polybeam_khz_comb_S1000_single.npz,9.10175923472585,9444.443085672718,1.7798436919007438e-05,140609741.2109375,False,False,False,False,False,False,False,False,False,False,False,False
11_10,153.90399534464717,mid,quiet,16,2461041.611111111,2461041.6179340645,full_polybeam,khz_comb,1000.0,multi,coherent_ab,2,3,3,57757;57763;54127,87.550;77.670;73.686,0.1708459341397849,1.402136280872614e-07,0.0212303841364464,0,2,2,2,0.0,0.0212303841364464,0.0,0.0519940798441188,1.402136280872614e-07,151414.55524732452,193.41031482915187,171.2048238301134,0.698755144806721,False,20263460,100,1.8813015996516194,0.7254213558480146,0.24752475247524752,0.13861386138613863,3397.981114274112,689825.2242930017,2527.6059620190745,4183.530610764018,4282.5519628384645,617279.4189700969,709663.2038282998,715213.5255016771,312.0499113926069,1.6778838458583785,0.9713699212735941,689825.2242930017,387336.9984758483,3640729.683564343,0.18947444173269404,1305,0.04802287038716557,-1.445965571882522,1.4440828042107998,-4095.9999999999995,4090.666666666666,C:\Users\kimeu\Downloads\starlink_pathB_wsl_package_v0_3_clean\starlink_pathB\paper_final_experiment_check\outputs\random1200_null_random1200_seed3\11_10_lst016_quiet_full_polybeam_khz_comb_S1000_multi.npz,9.10175923472585,9444.443085672718,1.7798436919007438e-05,140609741.2109375,False,False,False,False,False,False,False,False,False,False,False,False
11_10,153.90399534464717,mid,typical,44,2461041.8055555555,2461041.8123785085,frozen_polybeam,smooth,30.0,single,coherent_ab,3,4,1,54619,88.069,0.1693968413978494,9.162972995922386e-07,0.2419547912000571,0,3,3,3,0.0,0.2419547912000571,0.0,0.7241364102878726,9.162972995922386e-07,264057.0820275574,1.9189207708304241,1.9189207708304241,0.0029693192548819716,False,20263505,100,0.14682204712409813,0.12350848518993553,0.38613861386138615,0.49504950495049505,59.336367420928184,10708.196705492104,58.78342743636901,68.3055267905507,69.00061308949492,10704.99525511237,10742.607163821565,10761.772538019757,2.5401696641313265,1.2118728797277731,1.1133288089273325,10708.196705492104,-42.50755165457626,1272287.795236844,0.00841648937102215,1305,0.04802287038716557,-1.445965571882522,1.4440828042107998,-4095.9999999999995,4090.666666666666,C:\Users\kimeu\Downloads\starlink_pathB_wsl_package_v0_3_clean\starlink_pathB\paper_final_experiment_check\outputs\random1200_null_random1200_seed3\11_10_lst044_typical_frozen_polybeam_smooth_S30_single.npz,9.10175923472585,9444.443085672718,1.7798436919007438e-05,140609741.2109375,False,False,False,False,False,False,False,False,False,False,False,False
11_10,153.90399534464717,mid,typical,44,2461041.8055555555,2461041.8123785085,frozen_polybeam,smooth,30.0,multi,coherent_ab,3,4,4,54619;55550;55172;53011,88.069;86.924;84.648;82.333,0.1693968413978494,9.162972995922386e-07,0.2419547912000571,0,3,3,3,0.0,0.2419547912000571,0.0,0.7241364102878726,9.162972995922386e-07,264057.0820275574,4.687917924173815,1.9189207708304241,0.011686897092149182,False,20263522,100,0.2667342400263325,-0.8205303522702383,0.42574257425742573,0.801980198019802,60.6561479762982,10498.033080745337,59.23554492857534,68.9313976263957,71.57258495604435,10887.538085797234,11604.870522727271,11680.948181768134,3.592278323468207,1.5306443694489125,0.9560706130249224,10498.033080745337,-270.3589712685515,1272287.795236844,0.008251303769514716,1305,0.04802287038716557,-1.445965571882522,1.4440828042107998,-4095.9999999999995,4090.666666666666,C:\Users\kimeu\Downloads\starlink_pathB_wsl_package_v0_3_clean\starlink_pathB\paper_final_experiment_check\outputs\random1200_null_random1200_seed3\11_10_lst044_typical_frozen_polybeam_smooth_S30_multi.npz,9.10175923472585,9444.443085672718,1.7798436919007438e-05,140609741.2109375,False,False,False,False,False,False,False,False,False,False,False,False
11_10,153.90399534464717,mid,typical,44,2461041.8055555555,2461041.8123785085,frozen_polybeam,smooth,1000.0,single,coherent_ab,3,4,1,54619,88.069,0.1693968413978494,9.162972995922386e-07,0.2419547912000571,0,3,3,3,0.0,0.2419547912000571,0.0,0.7241364102878726,9.162972995922386e-07,264057.0820275574,63.96402569434748,63.96402569434748,0.09897730849606576,False,20263539,100,0.5662670438511699,0.8813140052554201,0.31683168316831684,0.31683168316831684,1984.8077947426732,357584.1639433818,1928.3440026997334,2190.151233338024,2279.6320427521923,356603.86743665946,358448.5013101142,358843.737236852,67.25502815590403,1.3021308144848283,1.1326122275157497,357584.1639433818,167.52890434638698,1272287.795236844,0.28105603565647297,1305,0.04802287038716557,-1.445965571882522,1.4440828042107998,-4095.9999999999995,4090.666666666666,C:\Users\kimeu\Downloads\starlink_pathB_wsl_package_v0_3_clean\starlink_pathB\paper_final_experiment_check\outputs\random1200_null_random1200_seed3\11_10_lst044_typical_frozen_polybeam_smooth_S1000_single.npz,9.10175923472585,9444.443085672718,1.7798436919007438e-05,140609741.2109375,False,False,False,False,False,False,False,False,False,False,False,False
11_10,153.90399534464717,mid,typical,44,2461041.8055555555,2461041.8123785085,frozen_polybeam,smooth,1000.0,multi,coherent_ab,3,4,4,54619;55550;55172;53011,88.069;86.924;84.648;82.333,0.1693968413978494,9.162972995922386e-07,0.2419547912000571,0,3,3,3,0.0,0.2419547912000571,0.0,0.7241364102878726,9.162972995922386e-07,264057.0820275574,156.2639308057938,63.96402569434748,0.3895632364049728,False,20263556,100,-0.024018615567457255,-0.758797140171631,0.5247524752475248,0.7920792079207921,2005.1251481665263,354046.4184338306,2009.6212279162994,2308.8137320621145,2385.1505154103215,365408.9043122211,395624.42555569374,397369.85368048935,126.25891099238129,1.989329653930322,1.3670364185123118,354046.4184338306,10894.166445251616,1272287.795236844,0.2782754183128218,1305,0.04802287038716557,-1.445965571882522,1.4440828042107998,-4095.9999999999995,4090.666666666666,C:\Users\kimeu\Downloads\starlink_pathB_wsl_package_v0_3_clean\starlink_pathB\paper_final_experiment_check\outputs\random1200_null_random1200_seed3\11_10_lst044_typical_frozen_polybeam_smooth_S1000_multi.npz,9.10175923472585,9444.443085672718,1.7798436919007438e-05,140609741.2109375,False,False,False,False,False,False,False,False,False,False,False,False
11_10,153.90399534464717,mid,typical,44,2461041.8055555555,2461041.8123785085,frozen_polybeam,lines,30.0,single,coherent_ab,3,4,1,54619,88.069,0.1693968413978494,9.162972995922386e-07,0.2419547912000571,0,3,3,3,0.0,0.2419547912000571,0.0,0.7241364102878726,9.162972995922386e-07,264057.0820275574,1.9188848374697545,1.9188848374697545,0.002972258074048627,False,20263573,100,0.3167569357845121,0.06919930395241772,0.32673267326732675,0.49504950495049505,59.012284747780825,10703.3200806426,58.13609915258235,65.71875915974138,68.76848170518738,10701.591817632325,10753.910414279146,10762.24899637198,1.8657179079100388,1.2552659162721627,1.1621071826759273,10703.3200806426,-42.16895041051867,1272287.795236844,0.008412656413677309,1305,0.04802287038716557,-1.445965571882522,1.4440828042107998,-4095.9999999999995,4090.666666666666,C:\Users\kimeu\Downloads\starlink_pathB_wsl_package_v0_3_clean\starlink_pathB\paper_final_experiment_check\outputs\random1200_null_random1200_seed3\11_10_lst044_typical_frozen_polybeam_lines_S30_single.npz,9.10175923472585,9444.443085672718,1.7798436919007438e-05,140609741.2109375,False,False,False,False,False,False,False,False,False,False,False,False
11_10,153.90399534464717,mid,typical,44,2461041.8055555555,2461041.8123785085,frozen_polybeam,lines,30.0,multi,coherent_ab,3,4,4,54619;55550;55172;53011,88.069;86.924;84.648;82.333,0.1693968413978494,9.162972995922386e-07,0.2419547912000571,0,3,3,3,0.0,0.2419547912000571,0.0,0.7241364102878726,9.162972995922386e-07,264057.0820275574,4.6878487344036985,1.9188848374697545,0.01169946299675195,False,20263590,100,0.09352200025143145,-0.9079725577681548,0.44554455445544555,0.7821782178217822,60.34698836365675,10498.383811733725,59.8117421323667,68.7162064358537,73.623253259872,10916.52735609204,11663.18370993533,11946.4920212314,3.8602535882382654,2.152453186128978,1.1512102921765823,10498.383811733725,-271.50754014046447,1272287.795236844,0.008251579439052458,1305,0.04802287038716557,-1.445965571882522,1.4440828042107998,-4095.9999999999995,4090.666666666666,C:\Users\kimeu\Downloads\starlink_pathB_wsl_package_v0_3_clean\starlink_pathB\paper_final_experiment_check\outputs\random1200_null_random1200_seed3\11_10_lst044_typical_frozen_polybeam_lines_S30_multi.npz,9.10175923472585,9444.443085672718,1.7798436919007438e-05,140609741.2109375,False,False,False,False,False,False,False,False,False,False,False,False
11_10,153.90399534464717,mid,typical,44,2461041.8055555555,2461041.8123785085,frozen_polybeam,lines,1000.0,single,coherent_ab,3,4,1,54619,88.069,0.1693968413978494,9.162972995922386e-07,0.2419547912000571,0,3,3,3,0.0,0.2419547912000571,0.0,0.7241364102878726,9.162972995922386e-07,264057.0820275574,63.96282791565848,63.96282791565848,0.09907526913495424,False,20263607,100,0.2818788307690923,0.26571937621911224,0.3465346534653465,0.44554455445544555,1974.2666416020188,357430.0998801577,1930.173191855857,2286.4066187529465,2310.447483396281,357146.12660101976,358465.83506397967,358961.50778100855,105.50854183013985,1.043307774077459,0.937408275149767,357430.0998801577,172.18308366640542,1272287.795236844,0.28093494350751036,1305,0.04802287038716557,-1.445965571882522,1.4440828042107998,-4095.9999999999995,4090.666666666666,C:\Users\kimeu\Downloads\starlink_pathB_wsl_package_v0_3_clean\starlink_pathB\paper_final_experiment_check\outputs\random1200_null_random1200_seed3\11_10_lst044_typical_frozen_polybeam_lines_S1000_single.npz,9.10175923472585,9444.443085672718,1.7798436919007438e-05,140609741.2109375,False,False,False,False,False,False,False,False,False,False,False,False
11_10,153.90399534464717,mid,typical,44,2461041.8055555555,2461041.8123785085,frozen_polybeam,lines,1000.0,multi,coherent_ab,3,4,4,54619;55550;55172;53011,88.069;86.924;84.648;82.333,0.1693968413978494,9.162972995922386e-07,0.2419547912000571,0,3,3,3,0.0,0.2419547912000571,0.0,0.7241364102878726,9.162972995922386e-07,264057.0820275574,156.26162448012332,63.96282791565848,0.38998209989173166,False,20263624,100,0.021280844910042514,-0.5934694299064498,0.48514851485148514,0.7326732673267327,1995.0886233391166,354087.07649052306,1991.6723849755756,2241.949373934992,2318.6575489094093,364933.2540712008,388071.309317165,393315.87203194667,108.27677275588144,1.6554480559261602,1.1343059981691854,354087.07649052306,10840.24215142581,1272287.795236844,0.2783073749635456,1305,0.04802287038716557,-1.445965571882522,1.4440828042107998,-4095.9999999999995,4090.666666666666,C:\Users\kimeu\Downloads\starlink_pathB_wsl_package_v0_3_clean\starlink_pathB\paper_final_experiment_check\outputs\random1200_null_random1200_seed3\11_10_lst044_typical_frozen_polybeam_lines_S1000_multi.npz,9.10175923472585,9444.443085672718,1.7798436919007438e-05,140609741.2109375,False,False,False,False,False,False,False,False,False,False,False,False
11_10,153.90399534464717,mid,typical,44,2461041.8055555555,2461041.8123785085,frozen_polybeam,khz_comb,30.0,single,coherent_ab,3,4,1,54619,88.069,0.1693968413978494,9.162972995922386e-07,0.2419547912000571,0,3,3,3,0.0,0.2419547912000571,0.0,0.7241364102878726,9.162972995922386e-07,264057.0820275574,1.9117662901890213,1.9117662901890213,0.0028095297257637354,False,20263641,100,0.7191553640333079,-0.8714263990931789,0.2871287128712871,0.8415841584158416,54.52360145019884,10566.74890926559,52.58953428245559,65.39824322217696,65.89480186995203,10597.457563887197,10659.101456039854,10670.137808301644,1.8139479980148963,0.9586316090287326,0.903185114809598,10566.74890926559,-20.425988068502644,1272287.795236844,0.00830531342737476,1305,0.04802287038716557,-1.445965571882522,1.4440828042107998,-4095.9999999999995,4090.666666666666,C:\Users\kimeu\Downloads\starlink_pathB_wsl_package_v0_3_clean\starlink_pathB\paper_final_experiment_check\outputs\random1200_null_random1200_seed3\11_10_lst044_typical_frozen_polybeam_khz_comb_S30_single.npz,9.10175923472585,9444.443085672718,1.7798436919007438e-05,140609741.2109375,False,False,False,False,False,False,False,False,False,False,False,False
11_10,153.90399534464717,mid,typical,44,2461041.8055555555,2461041.8123785085,frozen_polybeam,khz_comb,30.0,multi,coherent_ab,3,4,4,54619;55550;55172;53011,88.069;86.924;84.648;82.333,0.1693968413978494,9.162972995922386e-07,0.2419547912000571,0,3,3,3,0.0,0.2419547912000571,0.0,0.7241364102878726,9.162972995922386e-07,264057.0820275574,4.609338157886041,1.9117662901890213,0.010797778312478449,False,20263658,100,-0.14601762483254396,-0.8748278401741479,0.5643564356435643,0.8415841584158416,54.72554824769867,10418.489518612672,55.321266654121246,64.66485428387175,67.2732068230201,10824.950743661837,11395.335722109516,11561.930634557706,2.7517675406852504,1.8015777378824291,1.0987879917356111,10418.489518612672,-207.47422158232132,1272287.795236844,0.00818878366798544,1305,0.04802287038716557,-1.445965571882522,1.4440828042107998,-4095.9999999999995,4090.666666666666,C:\Users\kimeu\Downloads\starlink_pathB_wsl_package_v0_3_clean\starlink_pathB\paper_final_experiment_check\outputs\random1200_null_random1200_seed3\11_10_lst044_typical_frozen_polybeam_khz_comb_S30_multi.npz,9.10175923472585,9444.443085672718,1.7798436919007438e-05,140609741.2109375,False,False,False,False,False,False,False,False,False,False,False,False
11_10,153.90399534464717,mid,typical,44,2461041.8055555555,2461041.8123785085,frozen_polybeam,khz_comb,1000.0,single,coherent_ab,3,4,1,54619,88.069,0.1693968413978494,9.162972995922386e-07,0.2419547912000571,0,3,3,3,0.0,0.2419547912000571,0.0,0.7241364102878726,9.162972995922386e-07,264057.0820275574,63.725543006300704,63.725543006300704,0.0936509908587912,False,20263675,100,0.4014670105329984,-0.6045349842841604,0.37623762376237624,0.7821782178217822,1822.5757477604475,352662.1716382106,1772.6497741481758,2182.4647718039782,2202.1695572239,353492.535771757,355399.2119699262,355710.5670039394,83.8788916046733,0.8591407610475431,0.8042058645982941,352662.1716382106,343.99970012878714,1272287.795236844,0.27718742014070835,1305,0.04802287038716557,-1.445965571882522,1.4440828042107998,-4095.9999999999995,4090.666666666666,C:\Users\kimeu\Downloads\starlink_pathB_wsl_package_v0_3_clean\starlink_pathB\paper_final_experiment_check\outputs\random1200_null_random1200_seed3\11_10_lst044_typical_frozen_polybeam_khz_comb_S1000_single.npz,9.10175923472585,9444.443085672718,1.7798436919007438e-05,140609741.2109375,False,False,False,False,False,False,False,False,False,False,False,False
11_10,153.90399534464717,mid,typical,44,2461041.8055555555,2461041.8123785085,frozen_polybeam,khz_comb,1000.0,multi,coherent_ab,3,4,4,54619;55550;55172;53011,88.069;86.924;84.648;82.333,0.1693968413978494,9.162972995922386e-07,0.2419547912000571,0,3,3,3,0.0,0.2419547912000571,0.0,0.7241364102878726,9.162972995922386e-07,264057.0820275574,153.64460526286803,63.725543006300704,0.35992594374928166,False,20263692,100,-0.24143355718369572,-0.7596522341061885,0.6138613861386139,0.7524752475247525,1798.6856475132604,350460.0935790669,1834.7363971062455,2203.1162698231933,2335.8888764396297,362255.08247454057,383066.0756564292,387217.61536966753,100.71465522985363,1.9717201758644893,0.9428932636586647,350460.0935790669,8722.471705113046,1272287.795236844,0.27545661829902773,1305,0.04802287038716557,-1.445965571882522,1.4440828042107998,-4095.9999999999995,4090.666666666666,C:\Users\kimeu\Downloads\starlink_pathB_wsl_package_v0_3_clean\starlink_pathB\paper_final_experiment_check\outputs\random1200_null_random1200_seed3\11_10_lst044_typical_frozen_polybeam_khz_comb_S1000_multi.npz,9.10175923472585,9444.443085672718,1.7798436919007438e-05,140609741.2109375,False,False,False,False,False,False,False,False,False,False,False,False
11_10,153.90399534464717,mid,typical,44,2461041.8055555555,2461041.8123785085,full_polybeam,smooth,30.0,single,coherent_ab,3,4,1,54619,88.069,0.1693968413978494,9.162972995922386e-07,0.2419547912000571,0,3,3,3,0.0,0.2419547912000571,0.0,0.7241364102878726,9.162972995922386e-07,264057.0820275574,1.7690927311789117,1.7690927311789117,0.003274587025524922,False,20263709,100,0.6233916769344794,1.260967183630445,0.3069306930693069,0.2079207920792079,57.295259167409256,10198.802310725441,55.515526521951415,65.68157927927211,67.12568774264177,10169.793657995226,10218.59438754955,10246.402790125256,1.925616379100802,1.5198397626977982,1.3911234913835937,10198.802310725441,-82.71348407841089,1272287.795236844,0.008016112666416698,1305,0.04802287038716557,-1.445965571882522,1.4440828042107998,-4095.9999999999995,4090.666666666666,C:\Users\kimeu\Downloads\starlink_pathB_wsl_package_v0_3_clean\starlink_pathB\paper_final_experiment_check\outputs\random1200_null_random1200_seed3\11_10_lst044_typical_full_polybeam_smooth_S30_single.npz,9.10175923472585,9444.443085672718,1.7798436919007438e-05,140609741.2109375,False,False,False,False,False,False,False,False,False,False,False,False
11_10,153.90399534464717,mid,typical,44,2461041.8055555555,2461041.8123785085,full_polybeam,smooth,30.0,multi,coherent_ab,3,4,4,54619;55550;55172;53011,88.069;86.924;84.648;82.333,0.1693968413978494,9.162972995922386e-07,0.2419547912000571,0,3,3,3,0.0,0.2419547912000571,0.0,0.7241364102878726,9.162972995922386e-07,264057.0820275574,5.4528533520224975,2.0584391230491543,0.015424375413543252,False,20263726,100,0.20956728688578782,-1.1223822683648068,0.45544554455445546,0.8910891089108911,59.564211283752286,10228.530054019997,58.475080259484585,67.12699070824615,71.8620717611385,10653.7786082013,11121.969163273465,11178.970740951709,3.5053601286931695,1.8828337349951805,1.1348024743020126,10228.530054019997,-132.02586349129552,1272287.795236844,0.008039478247227777,1305,0.04802287038716557,-1.445965571882522,1.4440828042107998,-4095.9999999999995,4090.666666666666,C:\Users\kimeu\Downloads\starlink_pathB_wsl_package_v0_3_clean\starlink_pathB\paper_final_experiment_check\outputs\random1200_null_random1200_seed3\11_10_lst044_typical_full_polybeam_smooth_S30_multi.npz,9.10175923472585,9444.443085672718,1.7798436919007438e-05,140609741.2109375,False,False,False,False,False,False,False,False,False,False,False,False
11_10,153.90399534464717,mid,typical,44,2461041.8055555555,2461041.8123785085,full_polybeam,smooth,1000.0,single,coherent_ab,3,4,1,54619,88.069,0.1693968413978494,9.162972995922386e-07,0.2419547912000571,0,3,3,3,0.0,0.2419547912000571,0.0,0.7241364102878726,9.162972995922386e-07,264057.0820275574,58.969757705963715,58.969757705963715,0.10915290085083074,False,20263743,100,0.22001410057079754,0.8237293170867748,0.40594059405940597,0.13861386138613863,1928.501067113148,340622.80313824886,1890.2878938083306,2269.795373956033,2276.114407609495,339440.1848637817,341238.70308122906,341829.58056915115,117.14900189355467,1.364930776844363,1.26846638376625,340622.80313824886,2349.893399365835,1272287.795236844,0.2677246487889478,1305,0.04802287038716557,-1.445965571882522,1.4440828042107998,-4095.9999999999995,4090.666666666666,C:\Users\kimeu\Downloads\starlink_pathB_wsl_package_v0_3_clean\starlink_pathB\paper_final_experiment_check\outputs\random1200_null_random1200_seed3\11_10_lst044_typical_full_polybeam_smooth_S1000_single.npz,9.10175923472585,9444.443085672718,1.7798436919007438e-05,140609741.2109375,False,False,False,False,False,False,False,False,False,False,False,False
11_10,153.90399534464717,mid,typical,44,2461041.8055555555,2461041.8123785085,full_polybeam,smooth,1000.0,multi,coherent_ab,3,4,4,54619;55550;55172;53011,88.069;86.924;84.648;82.333,0.1693968413978494,9.162972995922386e-07,0.2419547912000571,0,3,3,3,0.0,0.2419547912000571,0.0,0.7241364102878726,9.162972995922386e-07,264057.0820275574,181.76177840074996,68.61463743497181,0.5141458471181084,False,20263760,100,0.11471259768982772,-0.7803735599766053,0.4752475247524752,0.7920792079207921,1981.9695537839812,356142.10898068326,1959.7019713940008,2354.9304891709,2413.9707215384283,366406.2614030818,387825.86423641304,394455.92783252936,130.92963510892025,1.784536576515592,1.0604566223340717,356142.10898068326,53358.9958631464,1272287.795236844,0.27992260109229866,1305,0.04802287038716557,-1.445965571882522,1.4440828042107998,-4095.9999999999995,4090.666666666666,C:\Users\kimeu\Downloads\starlink_pathB_wsl_package_v0_3_clean\starlink_pathB\paper_final_experiment_check\outputs\random1200_null_random1200_seed3\11_10_lst044_typical_full_polybeam_smooth_S1000_multi.npz,9.10175923472585,9444.443085672718,1.7798436919007438e-05,140609741.2109375,False,False,False,False,False,False,False,False,False,False,False,False
11_10,153.90399534464717,mid,typical,44,2461041.8055555555,2461041.8123785085,full_polybeam,lines,30.0,single,coherent_ab,3,4,1,54619,88.069,0.1693968413978494,9.162972995922386e-07,0.2419547912000571,0,3,3,3,0.0,0.2419547912000571,0.0,0.7241364102878726,9.162972995922386e-07,264057.0820275574,1.7690750796768053,1.7690750796768053,0.003277517196848556,False,20263777,100,0.48692635005483237,0.8685232995280788,0.33663366336633666,0.2376237623762376,57.03338304954656,10194.61097342952,55.62016157497695,65.78070592720343,67.72708029889958,10175.674649038741,10237.035252657643,10244.212349360256,1.9575954876620472,1.2231143091854924,1.1369715118440862,10194.61097342952,-82.42758857663381,1272287.795236844,0.008012818335282177,1305,0.04802287038716557,-1.445965571882522,1.4440828042107998,-4095.9999999999995,4090.666666666666,C:\Users\kimeu\Downloads\starlink_pathB_wsl_package_v0_3_clean\starlink_pathB\paper_final_experiment_check\outputs\random1200_null_random1200_seed3\11_10_lst044_typical_full_polybeam_lines_S30_single.npz,9.10175923472585,9444.443085672718,1.7798436919007438e-05,140609741.2109375,False,False,False,False,False,False,False,False,False,False,False,False
11_10,153.90399534464717,mid,typical,44,2461041.8055555555,2461041.8123785085,full_polybeam,lines,30.0,multi,coherent_ab,3,4,4,54619;55550;55172;53011,88.069;86.924;84.648;82.333,0.1693968413978494,9.162972995922386e-07,0.2419547912000571,0,3,3,3,0.0,0.2419547912000571,0.0,0.7241364102878726,9.162972995922386e-07,264057.0820275574,5.452744683967652,2.0583807070807687,0.015439111125944585,False,20263794,100,0.0038252630039430843,-1.384799710129975,0.504950495049505,0.8613861386138614,59.31260026343199,10226.81107611652,59.29340192552124,66.87797338559423,69.81451308542117,10670.290773120929,11149.148316778621,11294.39012768137,3.385153257374185,1.946303478172248,1.148302071794781,10226.81107611652,-133.90238404825283,1272287.795236844,0.008038127155195054,1305,0.04802287038716557,-1.445965571882522,1.4440828042107998,-4095.9999999999995,4090.666666666666,C:\Users\kimeu\Downloads\starlink_pathB_wsl_package_v0_3_clean\starlink_pathB\paper_final_experiment_check\outputs\random1200_null_random1200_seed3\11_10_lst044_typical_full_polybeam_lines_S30_multi.npz,9.10175923472585,9444.443085672718,1.7798436919007438e-05,140609741.2109375,False,False,False,False,False,False,False,False,False,False,False,False
11_10,153.90399534464717,mid,typical,44,2461041.8055555555,2461041.8123785085,full_polybeam,lines,1000.0,single,coherent_ab,3,4,1,54619,88.069,0.1693968413978494,9.162972995922386e-07,0.2419547912000571,0,3,3,3,0.0,0.2419547912000571,0.0,0.7241364102878726,9.162972995922386e-07,264057.0820275574,58.96916932256016,58.96916932256016,0.10925057322828517,False,20263811,100,0.2320390549564949,0.6891407525366406,0.40594059405940597,0.24752475247524752,1919.867656437987,340476.1791422295,1888.735108982112,2233.57218550889,2276.71166830034,339408.68500900816,341502.843028212,341780.0047535196,90.4960399097098,1.2266119239143192,1.0807366161555036,340476.1791422295,2354.1456805143785,1272287.795236844,0.2676094044263372,1305,0.04802287038716557,-1.445965571882522,1.4440828042107998,-4095.9999999999995,4090.666666666666,C:\Users\kimeu\Downloads\starlink_pathB_wsl_package_v0_3_clean\starlink_pathB\paper_final_experiment_check\outputs\random1200_null_random1200_seed3\11_10_lst044_typical_full_polybeam_lines_S1000_single.npz,9.10175923472585,9444.443085672718,1.7798436919007438e-05,140609741.2109375,False,False,False,False,False,False,False,False,False,False,False,False
11_10,153.90399534464717,mid,typical,44,2461041.8055555555,2461041.8123785085,full_polybeam,lines,1000.0,multi,coherent_ab,3,4,4,54619;55550;55172;53011,88.069;86.924;84.648;82.333,0.1693968413978494,9.162972995922386e-07,0.2419547912000571,0,3,3,3,0.0,0.2419547912000571,0.0,0.7241364102878726,9.162972995922386e-07,264057.0820275574,181.75815613225507,68.61269023602563,0.5146370375314862,False,20263828,100,-0.20547479026849236,-0.6654226182585984,0.594059405940594,0.7821782178217822,1974.1847133809483,356132.05360640853,2010.9039707369345,2248.7311566856743,2317.434471770946,365308.70725075365,387258.2006626626,390606.6472406019,120.53449354586564,1.8382554082702263,1.0526644192018326,356132.05360640853,53266.21130423906,1272287.795236844,0.279914697712016,1305,0.04802287038716557,-1.445965571882522,1.4440828042107998,-4095.9999999999995,4090.666666666666,C:\Users\kimeu\Downloads\starlink_pathB_wsl_package_v0_3_clean\starlink_pathB\paper_final_experiment_check\outputs\random1200_null_random1200_seed3\11_10_lst044_typical_full_polybeam_lines_S1000_multi.npz,9.10175923472585,9444.443085672718,1.7798436919007438e-05,140609741.2109375,False,False,False,False,False,False,False,False,False,False,False,False
11_10,153.90399534464717,mid,typical,44,2461041.8055555555,2461041.8123785085,full_polybeam,khz_comb,30.0,single,coherent_ab,3,4,1,54619,88.069,0.1693968413978494,9.162972995922386e-07,0.2419547912000571,0,3,3,3,0.0,0.2419547912000571,0.0,0.7241364102878726,9.162972995922386e-07,264057.0820275574,1.7635443547865295,1.7635443547865295,0.0030123285618838557,False,20263845,100,0.46298253935704375,-0.6434314905683521,0.33663366336633666,0.8613861386138614,52.924253772939664,10004.274220349553,51.537311958915666,61.60332230478743,63.743701602946274,10024.980329220782,10080.264473549525,10087.642474405595,2.020550145994747,1.0824185942589957,0.9936915429486708,10004.274220349553,-54.57197426853871,1272287.795236844,0.007863216371172684,1305,0.04802287038716557,-1.445965571882522,1.4440828042107998,-4095.9999999999995,4090.666666666666,C:\Users\kimeu\Downloads\starlink_pathB_wsl_package_v0_3_clean\starlink_pathB\paper_final_experiment_check\outputs\random1200_null_random1200_seed3\11_10_lst044_typical_full_polybeam_khz_comb_S30_single.npz,9.10175923472585,9444.443085672718,1.7798436919007438e-05,140609741.2109375,False,False,False,False,False,False,False,False,False,False,False,False
11_10,153.90399534464717,mid,typical,44,2461041.8055555555,2461041.8123785085,full_polybeam,khz_comb,30.0,multi,coherent_ab,3,4,4,54619;55550;55172;53011,88.069;86.924;84.648;82.333,0.1693968413978494,9.162972995922386e-07,0.2419547912000571,0,3,3,3,0.0,0.2419547912000571,0.0,0.7241364102878726,9.162972995922386e-07,264057.0820275574,5.0123358955864274,1.7635443547865295,0.01365097809352936,False,20263862,100,0.09366457398291582,-0.9542705513450237,0.44554455445544555,0.8217821782178217,53.37165380376706,10020.984214298034,52.919471297488485,65.98003852843654,67.88016835317347,10404.945577290393,10896.814415098595,11077.813572059855,3.2562249430344536,2.4570417270750546,1.1941769912009879,10020.984214298034,-101.93421941598429,1272287.795236844,0.007876350187288063,1305,0.04802287038716557,-1.445965571882522,1.4440828042107998,-4095.9999999999995,4090.666666666666,C:\Users\kimeu\Downloads\starlink_pathB_wsl_package_v0_3_clean\starlink_pathB\paper_final_experiment_check\outputs\random1200_null_random1200_seed3\11_10_lst044_typical_full_polybeam_khz_comb_S30_multi.npz,9.10175923472585,9444.443085672718,1.7798436919007438e-05,140609741.2109375,False,False,False,False,False,False,False,False,False,False,False,False
11_10,153.90399534464717,mid,typical,44,2461041.8055555555,2461041.8123785085,full_polybeam,khz_comb,1000.0,single,coherent_ab,3,4,1,54619,88.069,0.1693968413978494,9.162972995922386e-07,0.2419547912000571,0,3,3,3,0.0,0.2419547912000571,0.0,0.7241364102878726,9.162972995922386e-07,264057.0820275574,58.78481182621764,58.78481182621764,0.10041095206279517,False,20263879,100,0.68644813730656,-0.4361750153340927,0.25742574257425743,0.6633663366336634,1777.1403912216256,333962.3101466718,1710.1224551830032,2113.620445718116,2145.699582373323,334473.4745493707,336408.9744638262,336513.4935208326,65.85053716455366,1.2864568172894493,1.1803617262654622,333962.3101466718,1657.88252070334,1272287.795236844,0.26248959661245724,1305,0.04802287038716557,-1.445965571882522,1.4440828042107998,-4095.9999999999995,4090.666666666666,C:\Users\kimeu\Downloads\starlink_pathB_wsl_package_v0_3_clean\starlink_pathB\paper_final_experiment_check\outputs\random1200_null_random1200_seed3\11_10_lst044_typical_full_polybeam_khz_comb_S1000_single.npz,9.10175923472585,9444.443085672718,1.7798436919007438e-05,140609741.2109375,False,False,False,False,False,False,False,False,False,False,False,False
11_10,153.90399534464717,mid,typical,44,2461041.8055555555,2461041.8123785085,full_polybeam,khz_comb,1000.0,multi,coherent_ab,3,4,4,54619;55550;55172;53011,88.069;86.924;84.648;82.333,0.1693968413978494,9.162972995922386e-07,0.2419547912000571,0,3,3,3,0.0,0.2419547912000571,0.0,0.7241364102878726,9.162972995922386e-07,264057.0820275574,167.07786318621424,58.78481182621764,0.45503260311764543,False,20263896,100,-0.17843680547989962,-0.581607334661562,0.594059405940594,0.8118811881188119,1767.2459276525574,343683.5340283911,1797.9696098753552,2130.9311418660177,2230.394643750452,351472.9747099937,369220.43706315506,376256.37610706134,116.1354559147095,2.2532177785122096,1.1245822430183257,343683.5340283911,36870.31975513301,1272287.795236844,0.27013033946805437,1305,0.04802287038716557,-1.445965571882522,1.4440828042107998,-4095.9999999999995,4090.666666666666,C:\Users\kimeu\Downloads\starlink_pathB_wsl_package_v0_3_clean\starlink_pathB\paper_final_experiment_check\outputs\random1200_null_random1200_seed3\11_10_lst044_typical_full_polybeam_khz_comb_S1000_multi.npz,9.10175923472585,9444.443085672718,1.7798436919007438e-05,140609741.2109375,False,False,False,False,False,False,False,False,False,False,False,False
11_10,153.90399534464717,mid,stress,64,2461041.9444444445,2461041.951267397,frozen_polybeam,smooth,30.0,single,coherent_ab,2,3,1,59673,76.886,1.0,281210743945.93134,0.2812107439459313,0,2,2,2,0.0,0.2812107439459313,0.0,0.9963509766045548,281210743945.93134,0.0,0.010423191754955492,0.010423191754955492,8.55787546536669e-05,False,20263933,100,,,1.0,1.0,0.0,0.0,0.0,0.0,0.0,0.0,0.0,0.0,0.0,,,0.0,0.0,0.0,0.0,1305,0.04802287038716557,-1.445965571882522,1.4440828042107998,-4095.9999999999995,4090.666666666666,C:\Users\kimeu\Downloads\starlink_pathB_wsl_package_v0_3_clean\starlink_pathB\paper_final_experiment_check\outputs\random1200_null_random1200_seed3\11_10_lst064_stress_frozen_polybeam_smooth_S30_single.npz,9.10175923472585,9444.443085672718,1.7798436919007438e-05,140609741.2109375,False,False,False,False,False,False,False,False,False,False,False,False
11_10,153.90399534464717,mid,stress,64,2461041.9444444445,2461041.951267397,frozen_polybeam,smooth,30.0,multi,coherent_ab,2,3,3,59673;44795;57902,76.886;74.520;70.910,1.0,281210743945.93134,0.2812107439459313,0,2,2,2,0.0,0.2812107439459313,0.0,0.9963509766045548,281210743945.93134,0.0,0.015981974166696774,0.010423191754955492,0.00015460902839061473,False,20263950,100,,,1.0,1.0,0.0,0.0,0.0,0.0,0.0,0.0,0.0,0.0,0.0,,,0.0,0.0,0.0,0.0,1305,0.04802287038716557,-1.445965571882522,1.4440828042107998,-4095.9999999999995,4090.666666666666,C:\Users\kimeu\Downloads\starlink_pathB_wsl_package_v0_3_clean\starlink_pathB\paper_final_experiment_check\outputs\random1200_null_random1200_seed3\11_10_lst064_stress_frozen_polybeam_smooth_S30_multi.npz,9.10175923472585,9444.443085672718,1.7798436919007438e-05,140609741.2109375,False,False,False,False,False,False,False,False,False,False,False,False
11_10,153.90399534464717,mid,stress,64,2461041.9444444445,2461041.951267397,frozen_polybeam,smooth,1000.0,single,coherent_ab,2,3,1,59673,76.886,1.0,281210743945.93134,0.2812107439459313,0,2,2,2,0.0,0.2812107439459313,0.0,0.9963509766045548,281210743945.93134,0.0,0.34743972516518307,0.34743972516518307,0.0028526251551222303,False,20263967,100,,,1.0,1.0,0.0,0.0,0.0,0.0,0.0,0.0,0.0,0.0,0.0,,,0.0,0.0,0.0,0.0,1305,0.04802287038716557,-1.445965571882522,1.4440828042107998,-4095.9999999999995,4090.666666666666,C:\Users\kimeu\Downloads\starlink_pathB_wsl_package_v0_3_clean\starlink_pathB\paper_final_experiment_check\outputs\random1200_null_random1200_seed3\11_10_lst064_stress_frozen_polybeam_smooth_S1000_single.npz,9.10175923472585,9444.443085672718,1.7798436919007438e-05,140609741.2109375,False,False,False,False,False,False,False,False,False,False,False,False
11_10,153.90399534464717,mid,stress,64,2461041.9444444445,2461041.951267397,frozen_polybeam,smooth,1000.0,multi,coherent_ab,2,3,3,59673;44795;57902,76.886;74.520;70.910,1.0,281210743945.93134,0.2812107439459313,0,2,2,2,0.0,0.2812107439459313,0.0,0.9963509766045548,281210743945.93134,0.0,0.5327324722232258,0.34743972516518307,0.005153634279687158,False,20263984,100,,,1.0,1.0,0.0,0.0,0.0,0.0,0.0,0.0,0.0,0.0,0.0,,,0.0,0.0,0.0,0.0,1305,0.04802287038716557,-1.445965571882522,1.4440828042107998,-4095.9999999999995,4090.666666666666,C:\Users\kimeu\Downloads\starlink_pathB_wsl_package_v0_3_clean\starlink_pathB\paper_final_experiment_check\outputs\random1200_null_random1200_seed3\11_10_lst064_stress_frozen_polybeam_smooth_S1000_multi.npz,9.10175923472585,9444.443085672718,1.7798436919007438e-05,140609741.2109375,False,False,False,False,False,False,False,False,False,False,False,False
11_10,153.90399534464717,mid,stress,64,2461041.9444444445,2461041.951267397,frozen_polybeam,lines,30.0,single,coherent_ab,2,3,1,59673,76.886,1.0,281210743945.93134,0.2812107439459313,0,2,2,2,0.0,0.2812107439459313,0.0,0.9963509766045548,281210743945.93134,0.0,0.010423194702277507,0.010423194702277507,8.566695472877388e-05,False,20264001,100,,,1.0,1.0,0.0,0.0,0.0,0.0,0.0,0.0,0.0,0.0,0.0,,,0.0,0.0,0.0,0.0,1305,0.04802287038716557,-1.445965571882522,1.4440828042107998,-4095.9999999999995,4090.666666666666,C:\Users\kimeu\Downloads\starlink_pathB_wsl_package_v0_3_clean\starlink_pathB\paper_final_experiment_check\outputs\random1200_null_random1200_seed3\11_10_lst064_stress_frozen_polybeam_lines_S30_single.npz,9.10175923472585,9444.443085672718,1.7798436919007438e-05,140609741.2109375,False,False,False,False,False,False,False,False,False,False,False,False
11_10,153.90399534464717,mid,stress,64,2461041.9444444445,2461041.951267397,frozen_polybeam,lines,30.0,multi,coherent_ab,2,3,3,59673;44795;57902,76.886;74.520;70.910,1.0,281210743945.93134,0.2812107439459313,0,2,2,2,0.0,0.2812107439459313,0.0,0.9963509766045548,281210743945.93134,0.0,0.01598192401498279,0.010423194702277507,0.00015478007845840658,False,20264018,100,,,1.0,1.0,0.0,0.0,0.0,0.0,0.0,0.0,0.0,0.0,0.0,,,0.0,0.0,0.0,0.0,1305,0.04802287038716557,-1.445965571882522,1.4440828042107998,-4095.9999999999995,4090.666666666666,C:\Users\kimeu\Downloads\starlink_pathB_wsl_package_v0_3_clean\starlink_pathB\paper_final_experiment_check\outputs\random1200_null_random1200_seed3\11_10_lst064_stress_frozen_polybeam_lines_S30_multi.npz,9.10175923472585,9444.443085672718,1.7798436919007438e-05,140609741.2109375,False,False,False,False,False,False,False,False,False,False,False,False
11_10,153.90399534464717,mid,stress,64,2461041.9444444445,2461041.951267397,frozen_polybeam,lines,1000.0,single,coherent_ab,2,3,1,59673,76.886,1.0,281210743945.93134,0.2812107439459313,0,2,2,2,0.0,0.2812107439459313,0.0,0.9963509766045548,281210743945.93134,0.0,0.3474398234092502,0.3474398234092502,0.002855565157625796,False,20264035,100,,,1.0,1.0,0.0,0.0,0.0,0.0,0.0,0.0,0.0,0.0,0.0,,,0.0,0.0,0.0,0.0,1305,0.04802287038716557,-1.445965571882522,1.4440828042107998,-4095.9999999999995,4090.666666666666,C:\Users\kimeu\Downloads\starlink_pathB_wsl_package_v0_3_clean\starlink_pathB\paper_final_experiment_check\outputs\random1200_null_random1200_seed3\11_10_lst064_stress_frozen_polybeam_lines_S1000_single.npz,9.10175923472585,9444.443085672718,1.7798436919007438e-05,140609741.2109375,False,False,False,False,False,False,False,False,False,False,False,False
11_10,153.90399534464717,mid,stress,64,2461041.9444444445,2461041.951267397,frozen_polybeam,lines,1000.0,multi,coherent_ab,2,3,3,59673;44795;57902,76.886;74.520;70.910,1.0,281210743945.93134,0.2812107439459313,0,2,2,2,0.0,0.2812107439459313,0.0,0.9963509766045548,281210743945.93134,0.0,0.5327308004994263,0.3474398234092502,0.005159335948613552,False,20264052,100,,,1.0,1.0,0.0,0.0,0.0,0.0,0.0,0.0,0.0,0.0,0.0,,,0.0,0.0,0.0,0.0,1305,0.04802287038716557,-1.445965571882522,1.4440828042107998,-4095.9999999999995,4090.666666666666,C:\Users\kimeu\Downloads\starlink_pathB_wsl_package_v0_3_clean\starlink_pathB\paper_final_experiment_check\outputs\random1200_null_random1200_seed3\11_10_lst064_stress_frozen_polybeam_lines_S1000_multi.npz,9.10175923472585,9444.443085672718,1.7798436919007438e-05,140609741.2109375,False,False,False,False,False,False,False,False,False,False,False,False
11_10,153.90399534464717,mid,stress,64,2461041.9444444445,2461041.951267397,frozen_polybeam,khz_comb,30.0,single,coherent_ab,2,3,1,59673,76.886,1.0,281210743945.93134,0.2812107439459313,0,2,2,2,0.0,0.2812107439459313,0.0,0.9963509766045548,281210743945.93134,0.0,0.008578063052435784,0.008578063052435784,7.662768285990592e-05,False,20264069,100,,,1.0,1.0,0.0,0.0,0.0,0.0,0.0,0.0,0.0,0.0,0.0,,,0.0,0.0,0.0,0.0,1305,0.04802287038716557,-1.445965571882522,1.4440828042107998,-4095.9999999999995,4090.666666666666,C:\Users\kimeu\Downloads\starlink_pathB_wsl_package_v0_3_clean\starlink_pathB\paper_final_experiment_check\outputs\random1200_null_random1200_seed3\11_10_lst064_stress_frozen_polybeam_khz_comb_S30_single.npz,9.10175923472585,9444.443085672718,1.7798436919007438e-05,140609741.2109375,False,False,False,False,False,False,False,False,False,False,False,False
11_10,153.90399534464717,mid,stress,64,2461041.9444444445,2461041.951267397,frozen_polybeam,khz_comb,30.0,multi,coherent_ab,2,3,3,59673;44795;57902,76.886;74.520;70.910,1.0,281210743945.93134,0.2812107439459313,0,2,2,2,0.0,0.2812107439459313,0.0,0.9963509766045548,281210743945.93134,0.0,0.013155235508964712,0.008578063052435784,0.0001384916315616333,False,20264086,100,,,1.0,1.0,0.0,0.0,0.0,0.0,0.0,0.0,0.0,0.0,0.0,,,0.0,0.0,0.0,0.0,1305,0.04802287038716557,-1.445965571882522,1.4440828042107998,-4095.9999999999995,4090.666666666666,C:\Users\kimeu\Downloads\starlink_pathB_wsl_package_v0_3_clean\starlink_pathB\paper_final_experiment_check\outputs\random1200_null_random1200_seed3\11_10_lst064_stress_frozen_polybeam_khz_comb_S30_multi.npz,9.10175923472585,9444.443085672718,1.7798436919007438e-05,140609741.2109375,False,False,False,False,False,False,False,False,False,False,False,False
11_10,153.90399534464717,mid,stress,64,2461041.9444444445,2461041.951267397,frozen_polybeam,khz_comb,1000.0,single,coherent_ab,2,3,1,59673,76.886,1.0,281210743945.93134,0.2812107439459313,0,2,2,2,0.0,0.2812107439459313,0.0,0.9963509766045548,281210743945.93134,0.0,0.28593543508119273,0.28593543508119273,0.0025542560953301977,False,20264103,100,,,1.0,1.0,0.0,0.0,0.0,0.0,0.0,0.0,0.0,0.0,0.0,,,0.0,0.0,0.0,0.0,1305,0.04802287038716557,-1.445965571882522,1.4440828042107998,-4095.9999999999995,4090.666666666666,C:\Users\kimeu\Downloads\starlink_pathB_wsl_package_v0_3_clean\starlink_pathB\paper_final_experiment_check\outputs\random1200_null_random1200_seed3\11_10_lst064_stress_frozen_polybeam_khz_comb_S1000_single.npz,9.10175923472585,9444.443085672718,1.7798436919007438e-05,140609741.2109375,False,False,False,False,False,False,False,False,False,False,False,False
11_10,153.90399534464717,mid,stress,64,2461041.9444444445,2461041.951267397,frozen_polybeam,khz_comb,1000.0,multi,coherent_ab,2,3,3,59673;44795;57902,76.886;74.520;70.910,1.0,281210743945.93134,0.2812107439459313,0,2,2,2,0.0,0.2812107439459313,0.0,0.9963509766045548,281210743945.93134,0.0,0.43850785029882366,0.28593543508119273,0.004616387718721111,False,20264120,100,,,1.0,1.0,0.0,0.0,0.0,0.0,0.0,0.0,0.0,0.0,0.0,,,0.0,0.0,0.0,0.0,1305,0.04802287038716557,-1.445965571882522,1.4440828042107998,-4095.9999999999995,4090.666666666666,C:\Users\kimeu\Downloads\starlink_pathB_wsl_package_v0_3_clean\starlink_pathB\paper_final_experiment_check\outputs\random1200_null_random1200_seed3\11_10_lst064_stress_frozen_polybeam_khz_comb_S1000_multi.npz,9.10175923472585,9444.443085672718,1.7798436919007438e-05,140609741.2109375,False,False,False,False,False,False,False,False,False,False,False,False
11_10,153.90399534464717,mid,stress,64,2461041.9444444445,2461041.951267397,full_polybeam,smooth,30.0,single,coherent_ab,2,3,1,59673,76.886,1.0,281210743945.93134,0.2812107439459313,0,2,2,2,0.0,0.2812107439459313,0.0,0.9963509766045548,281210743945.93134,0.0,0.0866987545027025,0.0866987545027025,0.00016903393535523643,False,20264137,100,,,1.0,1.0,0.0,0.0,0.0,0.0,0.0,0.0,0.0,0.0,0.0,,,0.0,0.0,0.0,0.0,1305,0.04802287038716557,-1.445965571882522,1.4440828042107998,-4095.9999999999995,4090.666666666666,C:\Users\kimeu\Downloads\starlink_pathB_wsl_package_v0_3_clean\starlink_pathB\paper_final_experiment_check\outputs\random1200_null_random1200_seed3\11_10_lst064_stress_full_polybeam_smooth_S30_single.npz,9.10175923472585,9444.443085672718,1.7798436919007438e-05,140609741.2109375,False,False,False,False,False,False,False,False,False,False,False,False
11_10,153.90399534464717,mid,stress,64,2461041.9444444445,2461041.951267397,full_polybeam,smooth,30.0,multi,coherent_ab,2,3,3,59673;44795;57902,76.886;74.520;70.910,1.0,281210743945.93134,0.2812107439459313,0,2,2,2,0.0,0.2812107439459313,0.0,0.9963509766045548,281210743945.93134,0.0,0.09980191083940636,0.0866987545027025,0.0002502188543373006,False,20264154,100,,,1.0,1.0,0.0,0.0,0.0,0.0,0.0,0.0,0.0,0.0,0.0,,,0.0,0.0,0.0,0.0,1305,0.04802287038716557,-1.445965571882522,1.4440828042107998,-4095.9999999999995,4090.666666666666,C:\Users\kimeu\Downloads\starlink_pathB_wsl_package_v0_3_clean\starlink_pathB\paper_final_experiment_check\outputs\random1200_null_random1200_seed3\11_10_lst064_stress_full_polybeam_smooth_S30_multi.npz,9.10175923472585,9444.443085672718,1.7798436919007438e-05,140609741.2109375,False,False,False,False,False,False,False,False,False,False,False,False
11_10,153.90399534464717,mid,stress,64,2461041.9444444445,2461041.951267397,full_polybeam,smooth,1000.0,single,coherent_ab,2,3,1,59673,76.886,1.0,281210743945.93134,0.2812107439459313,0,2,2,2,0.0,0.2812107439459313,0.0,0.9963509766045548,281210743945.93134,0.0,2.8899584834234164,2.8899584834234164,0.005634464511841214,False,20264171,100,,,1.0,1.0,0.0,0.0,0.0,0.0,0.0,0.0,0.0,0.0,0.0,,,0.0,0.0,0.0,0.0,1305,0.04802287038716557,-1.445965571882522,1.4440828042107998,-4095.9999999999995,4090.666666666666,C:\Users\kimeu\Downloads\starlink_pathB_wsl_package_v0_3_clean\starlink_pathB\paper_final_experiment_check\outputs\random1200_null_random1200_seed3\11_10_lst064_stress_full_polybeam_smooth_S1000_single.npz,9.10175923472585,9444.443085672718,1.7798436919007438e-05,140609741.2109375,False,False,False,False,False,False,False,False,False,False,False,False
11_10,153.90399534464717,mid,stress,64,2461041.9444444445,2461041.951267397,full_polybeam,smooth,1000.0,multi,coherent_ab,2,3,3,59673;44795;57902,76.886;74.520;70.910,1.0,281210743945.93134,0.2812107439459313,0,2,2,2,0.0,0.2812107439459313,0.0,0.9963509766045548,281210743945.93134,0.0,3.3267303613135453,2.8899584834234164,0.008340628477910018,False,20264188,100,,,1.0,1.0,0.0,0.0,0.0,0.0,0.0,0.0,0.0,0.0,0.0,,,0.0,0.0,0.0,0.0,1305,0.04802287038716557,-1.445965571882522,1.4440828042107998,-4095.9999999999995,4090.666666666666,C:\Users\kimeu\Downloads\starlink_pathB_wsl_package_v0_3_clean\starlink_pathB\paper_final_experiment_check\outputs\random1200_null_random1200_seed3\11_10_lst064_stress_full_polybeam_smooth_S1000_multi.npz,9.10175923472585,9444.443085672718,1.7798436919007438e-05,140609741.2109375,False,False,False,False,False,False,False,False,False,False,False,False
11_10,153.90399534464717,mid,stress,64,2461041.9444444445,2461041.951267397,full_polybeam,lines,30.0,single,coherent_ab,2,3,1,59673,76.886,1.0,281210743945.93134,0.2812107439459313,0,2,2,2,0.0,0.2812107439459313,0.0,0.9963509766045548,281210743945.93134,0.0,0.08669824998111865,0.08669824998111865,0.00016916045177562143,False,20264205,100,,,1.0,1.0,0.0,0.0,0.0,0.0,0.0,0.0,0.0,0.0,0.0,,,0.0,0.0,0.0,0.0,1305,0.04802287038716557,-1.445965571882522,1.4440828042107998,-4095.9999999999995,4090.666666666666,C:\Users\kimeu\Downloads\starlink_pathB_wsl_package_v0_3_clean\starlink_pathB\paper_final_experiment_check\outputs\random1200_null_random1200_seed3\11_10_lst064_stress_full_polybeam_lines_S30_single.npz,9.10175923472585,9444.443085672718,1.7798436919007438e-05,140609741.2109375,False,False,False,False,False,False,False,False,False,False,False,False
11_10,153.90399534464717,mid,stress,64,2461041.9444444445,2461041.951267397,full_polybeam,lines,30.0,multi,coherent_ab,2,3,3,59673;44795;57902,76.886;74.520;70.910,1.0,281210743945.93134,0.2812107439459313,0,2,2,2,0.0,0.2812107439459313,0.0,0.9963509766045548,281210743945.93134,0.0,0.09980019247064105,0.08669824998111865,0.0002504204114019464,False,20264222,100,,,1.0,1.0,0.0,0.0,0.0,0.0,0.0,0.0,0.0,0.0,0.0,,,0.0,0.0,0.0,0.0,1305,0.04802287038716557,-1.445965571882522,1.4440828042107998,-4095.9999999999995,4090.666666666666,C:\Users\kimeu\Downloads\starlink_pathB_wsl_package_v0_3_clean\starlink_pathB\paper_final_experiment_check\outputs\random1200_null_random1200_seed3\11_10_lst064_stress_full_polybeam_lines_S30_multi.npz,9.10175923472585,9444.443085672718,1.7798436919007438e-05,140609741.2109375,False,False,False,False,False,False,False,False,False,False,False,False
11_10,153.90399534464717,mid,stress,64,2461041.9444444445,2461041.951267397,full_polybeam,lines,1000.0,single,coherent_ab,2,3,1,59673,76.886,1.0,281210743945.93134,0.2812107439459313,0,2,2,2,0.0,0.2812107439459313,0.0,0.9963509766045548,281210743945.93134,0.0,2.889941666037288,2.889941666037288,0.0056386817258540466,False,20264239,100,,,1.0,1.0,0.0,0.0,0.0,0.0,0.0,0.0,0.0,0.0,0.0,,,0.0,0.0,0.0,0.0,1305,0.04802287038716557,-1.445965571882522,1.4440828042107998,-4095.9999999999995,4090.666666666666,C:\Users\kimeu\Downloads\starlink_pathB_wsl_package_v0_3_clean\starlink_pathB\paper_final_experiment_check\outputs\random1200_null_random1200_seed3\11_10_lst064_stress_full_polybeam_lines_S1000_single.npz,9.10175923472585,9444.443085672718,1.7798436919007438e-05,140609741.2109375,False,False,False,False,False,False,False,False,False,False,False,False
11_10,153.90399534464717,mid,stress,64,2461041.9444444445,2461041.951267397,full_polybeam,lines,1000.0,multi,coherent_ab,2,3,3,59673;44795;57902,76.886;74.520;70.910,1.0,281210743945.93134,0.2812107439459313,0,2,2,2,0.0,0.2812107439459313,0.0,0.9963509766045548,281210743945.93134,0.0,3.3266730823547013,2.889941666037288,0.008347347046731547,False,20264256,100,,,1.0,1.0,0.0,0.0,0.0,0.0,0.0,0.0,0.0,0.0,0.0,,,0.0,0.0,0.0,0.0,1305,0.04802287038716557,-1.445965571882522,1.4440828042107998,-4095.9999999999995,4090.666666666666,C:\Users\kimeu\Downloads\starlink_pathB_wsl_package_v0_3_clean\starlink_pathB\paper_final_experiment_check\outputs\random1200_null_random1200_seed3\11_10_lst064_stress_full_polybeam_lines_S1000_multi.npz,9.10175923472585,9444.443085672718,1.7798436919007438e-05,140609741.2109375,False,False,False,False,False,False,False,False,False,False,False,False
11_10,153.90399534464717,mid,stress,64,2461041.9444444445,2461041.951267397,full_polybeam,khz_comb,30.0,single,coherent_ab,2,3,1,59673,76.886,1.0,281210743945.93134,0.2812107439459313,0,2,2,2,0.0,0.2812107439459313,0.0,0.9963509766045548,281210743945.93134,0.0,0.07135077834738837,0.07135077834738837,0.00014474005515345326,False,20264273,100,,,1.0,1.0,0.0,0.0,0.0,0.0,0.0,0.0,0.0,0.0,0.0,,,0.0,0.0,0.0,0.0,1305,0.04802287038716557,-1.445965571882522,1.4440828042107998,-4095.9999999999995,4090.666666666666,C:\Users\kimeu\Downloads\starlink_pathB_wsl_package_v0_3_clean\starlink_pathB\paper_final_experiment_check\outputs\random1200_null_random1200_seed3\11_10_lst064_stress_full_polybeam_khz_comb_S30_single.npz,9.10175923472585,9444.443085672718,1.7798436919007438e-05,140609741.2109375,False,False,False,False,False,False,False,False,False,False,False,False
11_10,153.90399534464717,mid,stress,64,2461041.9444444445,2461041.951267397,full_polybeam,khz_comb,30.0,multi,coherent_ab,2,3,3,59673;44795;57902,76.886;74.520;70.910,1.0,281210743945.93134,0.2812107439459313,0,2,2,2,0.0,0.2812107439459313,0.0,0.9963509766045548,281210743945.93134,0.0,0.08213339269881684,0.07135077834738837,0.00021679650656724518,False,20264290,100,,,1.0,1.0,0.0,0.0,0.0,0.0,0.0,0.0,0.0,0.0,0.0,,,0.0,0.0,0.0,0.0,1305,0.04802287038716557,-1.445965571882522,1.4440828042107998,-4095.9999999999995,4090.666666666666,C:\Users\kimeu\Downloads\starlink_pathB_wsl_package_v0_3_clean\starlink_pathB\paper_final_experiment_check\outputs\random1200_null_random1200_seed3\11_10_lst064_stress_full_polybeam_khz_comb_S30_multi.npz,9.10175923472585,9444.443085672718,1.7798436919007438e-05,140609741.2109375,False,False,False,False,False,False,False,False,False,False,False,False
11_10,153.90399534464717,mid,stress,64,2461041.9444444445,2461041.951267397,full_polybeam,khz_comb,1000.0,single,coherent_ab,2,3,1,59673,76.886,1.0,281210743945.93134,0.2812107439459313,0,2,2,2,0.0,0.2812107439459313,0.0,0.9963509766045548,281210743945.93134,0.0,2.378359278246279,2.378359278246279,0.004824668505115109,False,20264307,100,,,1.0,1.0,0.0,0.0,0.0,0.0,0.0,0.0,0.0,0.0,0.0,,,0.0,0.0,0.0,0.0,1305,0.04802287038716557,-1.445965571882522,1.4440828042107998,-4095.9999999999995,4090.666666666666,C:\Users\kimeu\Downloads\starlink_pathB_wsl_package_v0_3_clean\starlink_pathB\paper_final_experiment_check\outputs\random1200_null_random1200_seed3\11_10_lst064_stress_full_polybeam_khz_comb_S1000_single.npz,9.10175923472585,9444.443085672718,1.7798436919007438e-05,140609741.2109375,False,False,False,False,False,False,False,False,False,False,False,False
11_10,153.90399534464717,mid,stress,64,2461041.9444444445,2461041.951267397,full_polybeam,khz_comb,1000.0,multi,coherent_ab,2,3,3,59673;44795;57902,76.886;74.520;70.910,1.0,281210743945.93134,0.2812107439459313,0,2,2,2,0.0,0.2812107439459313,0.0,0.9963509766045548,281210743945.93134,0.0,2.737779756627228,2.378359278246279,0.007226550218908174,False,20264324,100,,,1.0,1.0,0.0,0.0,0.0,0.0,0.0,0.0,0.0,0.0,0.0,,,0.0,0.0,0.0,0.0,1305,0.04802287038716557,-1.445965571882522,1.4440828042107998,-4095.9999999999995,4090.666666666666,C:\Users\kimeu\Downloads\starlink_pathB_wsl_package_v0_3_clean\starlink_pathB\paper_final_experiment_check\outputs\random1200_null_random1200_seed3\11_10_lst064_stress_full_polybeam_khz_comb_S1000_multi.npz,9.10175923472585,9444.443085672718,1.7798436919007438e-05,140609741.2109375,False,False,False,False,False,False,False,False,False,False,False,False
157_146,140.36979839670377,mid,quiet,16,2461041.611111111,2461041.6179340645,frozen_polybeam,smooth,30.0,single,coherent_ab,2,3,1,57757,87.550,0.1657426075268817,1.2547272640388289e-08,0.0212303841364464,0,2,2,2,0.0,0.0212303841364464,0.0,0.0519940798441188,1.2547272640388289e-08,1692031.786103713,5.1515508029847235,5.1515508029847235,0.018281902296955387,False,20264293,100,0.3834771822897822,1.1710606125795437,0.32673267326732675,0.039603960396039604,196.67749753263342,29035.211876430498,182.05639909487218,237.36227811752377,242.54093568040693,28236.23250453824,28949.43391116782,29072.132340339605,25.716773370404553,1.4205521493608992,1.3199346993515615,29035.211876430498,6080.282103913791,7185194.357100749,0.004040977937880904,1323,0.043799776734723475,-1.445965571882522,1.4440828042107998,-4095.9999999999995,4090.666666666666,C:\Users\kimeu\Downloads\starlink_pathB_wsl_package_v0_3_clean\starlink_pathB\paper_final_experiment_check\outputs\random1200_null_random1200_seed3\157_146_lst016_quiet_frozen_polybeam_smooth_S30_single.npz,9.10175923472585,9444.443085672718,1.7798436919007438e-05,140609741.2109375,False,False,False,False,False,False,False,False,False,False,False,False
157_146,140.36979839670377,mid,quiet,16,2461041.611111111,2461041.6179340645,frozen_polybeam,smooth,30.0,multi,coherent_ab,2,3,3,57757;57763;54127,87.550;77.670;73.686,0.1657426075268817,1.2547272640388289e-08,0.0212303841364464,0,2,2,2,0.0,0.0212303841364464,0.0,0.0519940798441188,1.2547272640388289e-08,1692031.786103713,5.2687756325205095,5.1515508029847235,0.01912654755374115,False,20264310,100,0.17390418204827368,1.205560020552499,0.36633663366336633,0.0594059405940594,196.838747341033,29007.185147888842,191.88561523700537,237.84811287377977,243.76761199833862,28091.828516955677,28973.542916478687,29063.639589704162,19.210819402296693,1.7544942891123916,1.3777461544660217,29007.185147888842,6204.257419299546,7185194.357100749,0.0040370773156918945,1323,0.043799776734723475,-1.445965571882522,1.4440828042107998,-4095.9999999999995,4090.666666666666,C:\Users\kimeu\Downloads\starlink_pathB_wsl_package_v0_3_clean\starlink_pathB\paper_final_experiment_check\outputs\random1200_null_random1200_seed3\157_146_lst016_quiet_frozen_polybeam_smooth_S30_multi.npz,9.10175923472585,9444.443085672718,1.7798436919007438e-05,140609741.2109375,False,False,False,False,False,False,False,False,False,False,False,False
157_146,140.36979839670377,mid,quiet,16,2461041.611111111,2461041.6179340645,frozen_polybeam,smooth,1000.0,single,coherent_ab,2,3,1,57757,87.550,0.1657426075268817,1.2547272640388289e-08,0.0212303841364464,0,2,2,2,0.0,0.0212303841364464,0.0,0.0519940798441188,1.2547272640388289e-08,1692031.786103713,171.71836009949075,171.71836009949075,0.6093967432318461,False,20264327,100,0.3192952469944148,1.0069263536672852,0.39603960396039606,0.07920792079207921,9220.625101466414,1463927.4305939544,8880.5758809602,10744.981791703824,10849.457874057749,1330009.3532231129,1466336.567597542,1468409.507007717,718.3321992972633,0.9817479064896844,0.9194574384105214,1463927.4305939544,1193981.233107939,7185194.357100749,0.2037422173761009,1323,0.043799776734723475,-1.445965571882522,1.4440828042107998,-4095.9999999999995,4090.666666666666,C:\Users\kimeu\Downloads\starlink_pathB_wsl_package_v0_3_clean\starlink_pathB\paper_final_experiment_check\outputs\random1200_null_random1200_seed3\157_146_lst016_quiet_frozen_polybeam_smooth_S1000_single.npz,9.10175923472585,9444.443085672718,1.7798436919007438e-05,140609741.2109375,False,False,False,False,False,False,False,False,False,False,False,False
157_146,140.36979839670377,mid,quiet,16,2461041.611111111,2461041.6179340645,frozen_polybeam,smooth,1000.0,multi,coherent_ab,2,3,3,57757;57763;54127,87.550;77.670;73.686,0.1657426075268817,1.2547272640388289e-08,0.0212303841364464,0,2,2,2,0.0,0.0212303841364464,0.0,0.0519940798441188,1.2547272640388289e-08,1692031.786103713,175.62585441735033,171.71836009949075,0.637551585124705,False,20264344,100,0.031585872966812555,1.1575748344160735,0.46534653465346537,0.07920792079207921,9225.690931092899,1465293.5435852609,9175.720525626832,10758.242043349774,10849.74037319779,1328782.4379501785,1467384.1098642196,1472261.5872010544,1067.077575141725,1.2954053836784227,0.9354902019887671,1465293.5435852609,1198076.1990601835,7185194.357100749,0.20393234626105672,1323,0.043799776734723475,-1.445965571882522,1.4440828042107998,-4095.9999999999995,4090.666666666666,C:\Users\kimeu\Downloads\starlink_pathB_wsl_package_v0_3_clean\starlink_pathB\paper_final_experiment_check\outputs\random1200_null_random1200_seed3\157_146_lst016_quiet_frozen_polybeam_smooth_S1000_multi.npz,9.10175923472585,9444.443085672718,1.7798436919007438e-05,140609741.2109375,False,False,False,False,False,False,False,False,False,False,False,False
157_146,140.36979839670377,mid,quiet,16,2461041.611111111,2461041.6179340645,frozen_polybeam,lines,30.0,single,coherent_ab,2,3,1,57757,87.550,0.1657426075268817,1.2547272640388289e-08,0.0212303841364464,0,2,2,2,0.0,0.0212303841364464,0.0,0.0519940798441188,1.2547272640388289e-08,1692031.786103713,5.151550942021506,5.151550942021506,0.01830349719340852,False,20264361,100,0.0505564134590985,1.2261673610746722,0.45544554455445546,0.0594059405940594,195.1906589325572,29035.411751966163,193.31256732141173,235.89076237343596,238.76203373314894,28133.55944161093,29020.20832054697,29075.913775185312,25.05627576198549,1.193231016647875,1.1185042426721892,29035.411751966163,6068.391876992666,7185194.357100749,0.004041005755574586,1323,0.043799776734723475,-1.445965571882522,1.4440828042107998,-4095.9999999999995,4090.666666666666,C:\Users\kimeu\Downloads\starlink_pathB_wsl_package_v0_3_clean\starlink_pathB\paper_final_experiment_check\outputs\random1200_null_random1200_seed3\157_146_lst016_quiet_frozen_polybeam_lines_S30_single.npz,9.10175923472585,9444.443085672718,1.7798436919007438e-05,140609741.2109375,False,False,False,False,False,False,False,False,False,False,False,False
157_146,140.36979839670377,mid,quiet,16,2461041.611111111,2461041.6179340645,frozen_polybeam,lines,30.0,multi,coherent_ab,2,3,3,57757;57763;54127,87.550;77.670;73.686,0.1657426075268817,1.2547272640388289e-08,0.0212303841364464,0,2,2,2,0.0,0.0212303841364464,0.0,0.0519940798441188,1.2547272640388289e-08,1692031.786103713,5.2687756764775475,5.151550942021506,0.019149131571355348,False,20264378,100,0.37679094591502443,0.9681315217341625,0.38613861386138615,0.0594059405940594,195.36762452685616,29007.328480752265,181.76348099540246,233.66152473503954,237.4378871018342,28398.923146576148,28993.09081835116,29080.24955130211,24.352679389032346,1.7130522044103318,1.1426003042678907,29007.328480752265,6192.50453181724,7185194.357100749,0.004037097264054639,1323,0.043799776734723475,-1.445965571882522,1.4440828042107998,-4095.9999999999995,4090.666666666666,C:\Users\kimeu\Downloads\starlink_pathB_wsl_package_v0_3_clean\starlink_pathB\paper_final_experiment_check\outputs\random1200_null_random1200_seed3\157_146_lst016_quiet_frozen_polybeam_lines_S30_multi.npz,9.10175923472585,9444.443085672718,1.7798436919007438e-05,140609741.2109375,False,False,False,False,False,False,False,False,False,False,False,False
157_146,140.36979839670377,mid,quiet,16,2461041.611111111,2461041.6179340645,frozen_polybeam,lines,1000.0,single,coherent_ab,2,3,1,57757,87.550,0.1657426075268817,1.2547272640388289e-08,0.0212303841364464,0,2,2,2,0.0,0.0212303841364464,0.0,0.0519940798441188,1.2547272640388289e-08,1692031.786103713,171.71836473405017,171.71836473405017,0.6101165731136172,False,20264395,100,0.40313167428825697,1.0854563623706863,0.3564356435643564,0.06930693069306931,9131.66637821659,1464556.4380982444,8727.515379379618,10254.299155289109,10546.152438455878,1315918.1555544245,1465767.8547982792,1469186.413631631,676.1962195852066,1.0814571556345132,0.9953789753569156,1464556.4380982444,1193916.5948929933,7185194.357100749,0.20382975954587787,1323,0.043799776734723475,-1.445965571882522,1.4440828042107998,-4095.9999999999995,4090.666666666666,C:\Users\kimeu\Downloads\starlink_pathB_wsl_package_v0_3_clean\starlink_pathB\paper_final_experiment_check\outputs\random1200_null_random1200_seed3\157_146_lst016_quiet_frozen_polybeam_lines_S1000_single.npz,9.10175923472585,9444.443085672718,1.7798436919007438e-05,140609741.2109375,False,False,False,False,False,False,False,False,False,False,False,False
157_146,140.36979839670377,mid,quiet,16,2461041.611111111,2461041.6179340645,frozen_polybeam,lines,1000.0,multi,coherent_ab,2,3,3,57757;57763;54127,87.550;77.670;73.686,0.1657426075268817,1.2547272640388289e-08,0.0212303841364464,0,2,2,2,0.0,0.0212303841364464,0.0,0.0519940798441188,1.2547272640388289e-08,1692031.786103713,175.6258558825849,171.71836473405017,0.6383043857118448,False,20264412,100,0.43447757163563766,1.055756664061505,0.32673267326732675,0.0891089108910891,9137.274197983616,1465998.2302259253,8731.947891859818,10502.341870504246,10558.914601615264,1332364.3243943735,1467008.1995418186,1469311.4224133648,629.2358130802504,1.0487286685039836,0.866448126321308,1465998.2302259253,1198016.079789679,7185194.357100749,0.2040304210806986,1323,0.043799776734723475,-1.445965571882522,1.4440828042107998,-4095.9999999999995,4090.666666666666,C:\Users\kimeu\Downloads\starlink_pathB_wsl_package_v0_3_clean\starlink_pathB\paper_final_experiment_check\outputs\random1200_null_random1200_seed3\157_146_lst016_quiet_frozen_polybeam_lines_S1000_multi.npz,9.10175923472585,9444.443085672718,1.7798436919007438e-05,140609741.2109375,False,False,False,False,False,False,False,False,False,False,False,False
157_146,140.36979839670377,mid,quiet,16,2461041.611111111,2461041.6179340645,frozen_polybeam,khz_comb,30.0,single,coherent_ab,2,3,1,57757,87.550,0.1657426075268817,1.2547272640388289e-08,0.0212303841364464,0,2,2,2,0.0,0.0212303841364464,0.0,0.0519940798441188,1.2547272640388289e-08,1692031.786103713,5.060115099356428,5.060115099356428,0.016539076862905778,False,20264429,100,-0.3879134466214778,0.9521921982679835,0.5841584158415841,0.06930693069306931,177.67938545356265,27858.75587373501,197.6498488479674,246.166217901205,247.66453168805796,27310.791310762404,27859.773203953177,27885.334540235744,34.723965202308136,1.090726420293558,1.0414444432001286,27858.75587373501,5351.986179466236,7185194.357100749,0.0038772445795016894,1323,0.043799776734723475,-1.445965571882522,1.4440828042107998,-4095.9999999999995,4090.666666666666,C:\Users\kimeu\Downloads\starlink_pathB_wsl_package_v0_3_clean\starlink_pathB\paper_final_experiment_check\outputs\random1200_null_random1200_seed3\157_146_lst016_quiet_frozen_polybeam_khz_comb_S30_single.npz,9.10175923472585,9444.443085672718,1.7798436919007438e-05,140609741.2109375,False,False,False,False,False,False,False,False,False,False,False,False
157_146,140.36979839670377,mid,quiet,16,2461041.611111111,2461041.6179340645,frozen_polybeam,khz_comb,30.0,multi,coherent_ab,2,3,3,57757;57763;54127,87.550;77.670;73.686,0.1657426075268817,1.2547272640388289e-08,0.0212303841364464,0,2,2,2,0.0,0.0212303841364464,0.0,0.0519940798441188,1.2547272640388289e-08,1692031.786103713,5.172850111645834,5.060115099356428,0.017299271319116592,False,20264446,100,0.008404259167733798,0.6689903173122306,0.49504950495049505,0.1782178217821782,177.8340507830162,27800.974075517384,177.52361093053878,247.22042083102534,248.40166728142896,27363.6262201832,27961.92807272477,27986.53725244321,24.914606711939996,1.7283913284328911,0.9265344848798679,27800.974075517384,5448.880523863336,7185194.357100749,0.003869202793107906,1323,0.043799776734723475,-1.445965571882522,1.4440828042107998,-4095.9999999999995,4090.666666666666,C:\Users\kimeu\Downloads\starlink_pathB_wsl_package_v0_3_clean\starlink_pathB\paper_final_experiment_check\outputs\random1200_null_random1200_seed3\157_146_lst016_quiet_frozen_polybeam_khz_comb_S30_multi.npz,9.10175923472585,9444.443085672718,1.7798436919007438e-05,140609741.2109375,False,False,False,False,False,False,False,False,False,False,False,False
157_146,140.36979839670377,mid,quiet,16,2461041.611111111,2461041.6179340645,frozen_polybeam,khz_comb,1000.0,single,coherent_ab,2,3,1,57757,87.550,0.1657426075268817,1.2547272640388289e-08,0.0212303841364464,0,2,2,2,0.0,0.0212303841364464,0.0,0.0519940798441188,1.2547272640388289e-08,1692031.786103713,168.67050331188094,168.67050331188094,0.5513025620968592,False,20264463,100,0.22134733630691036,0.8508011418604968,0.44554455445544555,0.16831683168316833,8490.77232840196,1342424.5541805448,8109.4174274099005,10909.32511498057,11007.80235043695,1237130.4609773578,1348681.8037162344,1351304.7765169332,1162.0666464384522,0.987821369015927,0.9165959012947412,1342424.5541805448,1066095.7697856463,7185194.357100749,0.1868320448219883,1323,0.043799776734723475,-1.445965571882522,1.4440828042107998,-4095.9999999999995,4090.666666666666,C:\Users\kimeu\Downloads\starlink_pathB_wsl_package_v0_3_clean\starlink_pathB\paper_final_experiment_check\outputs\random1200_null_random1200_seed3\157_146_lst016_quiet_frozen_polybeam_khz_comb_S1000_single.npz,9.10175923472585,9444.443085672718,1.7798436919007438e-05,140609741.2109375,False,False,False,False,False,False,False,False,False,False,False,False
157_146,140.36979839670377,mid,quiet,16,2461041.611111111,2461041.6179340645,frozen_polybeam,khz_comb,1000.0,multi,coherent_ab,2,3,3,57757;57763;54127,87.550;77.670;73.686,0.1657426075268817,1.2547272640388289e-08,0.0212303841364464,0,2,2,2,0.0,0.0212303841364464,0.0,0.0519940798441188,1.2547272640388289e-08,1692031.786103713,172.42833705486117,168.67050331188094,0.5766423773038863,False,20264480,100,0.030907629850390958,1.1577463328982645,0.48514851485148514,0.1188118811881188,8486.993462490878,1342794.5488835666,8426.777183237467,10877.003992241629,10982.421554965831,1215062.7602482038,1350189.684064082,1354009.302752341,1314.0873021673679,1.9280563671136077,0.9242671749646227,1342794.5488835666,1069243.8486170834,7185194.357100749,0.1868835388644085,1323,0.043799776734723475,-1.445965571882522,1.4440828042107998,-4095.9999999999995,4090.666666666666,C:\Users\kimeu\Downloads\starlink_pathB_wsl_package_v0_3_clean\starlink_pathB\paper_final_experiment_check\outputs\random1200_null_random1200_seed3\157_146_lst016_quiet_frozen_polybeam_khz_comb_S1000_multi.npz,9.10175923472585,9444.443085672718,1.7798436919007438e-05,140609741.2109375,False,False,False,False,False,False,False,False,False,False,False,False
157_146,140.36979839670377,mid,quiet,16,2461041.611111111,2461041.6179340645,full_polybeam,smooth,30.0,single,coherent_ab,2,3,1,57757,87.550,0.1657426075268817,1.2547272640388289e-08,0.0212303841364464,0,2,2,2,0.0,0.0212303841364464,0.0,0.0519940798441188,1.2547272640388289e-08,1692031.786103713,6.4700563911755005,6.4700563911755005,0.022161713245690325,False,20264497,100,-0.20389289766091123,1.4014078408285897,0.5742574257425742,0.019801980198019802,205.52769191753032,30357.554438376672,216.01144260052843,269.73903932439197,273.69191186054064,28971.308358294147,30326.09630813691,30351.608930397808,34.68091846974767,1.2555055960773165,1.1371664101784227,30357.554438376672,7546.200854236496,7185194.357100749,0.00422501506982562,1323,0.043799776734723475,-1.445965571882522,1.4440828042107998,-4095.9999999999995,4090.666666666666,C:\Users\kimeu\Downloads\starlink_pathB_wsl_package_v0_3_clean\starlink_pathB\paper_final_experiment_check\outputs\random1200_null_random1200_seed3\157_146_lst016_quiet_full_polybeam_smooth_S30_single.npz,9.10175923472585,9444.443085672718,1.7798436919007438e-05,140609741.2109375,False,False,False,False,False,False,False,False,False,False,False,False
157_146,140.36979839670377,mid,quiet,16,2461041.611111111,2461041.6179340645,full_polybeam,smooth,30.0,multi,coherent_ab,2,3,3,57757;57763;54127,87.550;77.670;73.686,0.1657426075268817,1.2547272640388289e-08,0.0212303841364464,0,2,2,2,0.0,0.0212303841364464,0.0,0.0519940798441188,1.2547272640388289e-08,1692031.786103713,7.236095381026218,6.4700563911755005,0.02472708864788051,False,20264514,100,-0.008618292295084838,1.473107468302639,0.5148514851485149,0.009900990099009901,206.7476975064983,30784.575509786893,207.29595703592804,273.28234783013806,275.11063856518524,29226.50026142632,30405.77456988007,30644.871200519254,42.90826694358566,1.7179575094848634,1.170518568616115,30784.575509786893,8484.982127534386,7185194.357100749,0.004284445761632616,1323,0.043799776734723475,-1.445965571882522,1.4440828042107998,-4095.9999999999995,4090.666666666666,C:\Users\kimeu\Downloads\starlink_pathB_wsl_package_v0_3_clean\starlink_pathB\paper_final_experiment_check\outputs\random1200_null_random1200_seed3\157_146_lst016_quiet_full_polybeam_smooth_S30_multi.npz,9.10175923472585,9444.443085672718,1.7798436919007438e-05,140609741.2109375,False,False,False,False,False,False,False,False,False,False,False,False
157_146,140.36979839670377,mid,quiet,16,2461041.611111111,2461041.6179340645,full_polybeam,smooth,1000.0,single,coherent_ab,2,3,1,57757,87.550,0.1657426075268817,1.2547272640388289e-08,0.0212303841364464,0,2,2,2,0.0,0.0212303841364464,0.0,0.0519940798441188,1.2547272640388289e-08,1692031.786103713,215.6685463725167,215.6685463725167,0.7387237748563437,False,20264531,100,0.15813666891921865,1.6141688099437543,0.48514851485148514,0.04950495049504951,10342.084717767179,1631823.95485996,9902.89234134525,12583.218548107316,12869.008306440976,1418580.135660704,1627201.5565579948,1634621.9886399908,1873.260652028035,1.458591203949778,1.3165139204211715,1631823.95485996,1377834.799487509,7185194.357100749,0.22710922958504445,1323,0.043799776734723475,-1.445965571882522,1.4440828042107998,-4095.9999999999995,4090.666666666666,C:\Users\kimeu\Downloads\starlink_pathB_wsl_package_v0_3_clean\starlink_pathB\paper_final_experiment_check\outputs\random1200_null_random1200_seed3\157_146_lst016_quiet_full_polybeam_smooth_S1000_single.npz,9.10175923472585,9444.443085672718,1.7798436919007438e-05,140609741.2109375,False,False,False,False,False,False,False,False,False,False,False,False
157_146,140.36979839670377,mid,quiet,16,2461041.611111111,2461041.6179340645,full_polybeam,smooth,1000.0,multi,coherent_ab,2,3,3,57757;57763;54127,87.550;77.670;73.686,0.1657426075268817,1.2547272640388289e-08,0.0212303841364464,0,2,2,2,0.0,0.0212303841364464,0.0,0.0519940798441188,1.2547272640388289e-08,1692031.786103713,241.20317936754063,215.6685463725167,0.8242362882626831,False,20264548,100,0.17726713693948926,1.2913608880744636,0.4752475247524752,0.009900990099009901,10365.073422528698,1666660.8747487229,9938.82194581948,12851.088580803993,13046.704660505606,1455524.815797689,1649152.4429947454,1655694.346214087,1621.8611481933094,1.657958765052852,0.9733585600869944,1666660.8747487229,1422175.698582855,7185194.357100749,0.2319576607001103,1323,0.043799776734723475,-1.445965571882522,1.4440828042107998,-4095.9999999999995,4090.666666666666,C:\Users\kimeu\Downloads\starlink_pathB_wsl_package_v0_3_clean\starlink_pathB\paper_final_experiment_check\outputs\random1200_null_random1200_seed3\157_146_lst016_quiet_full_polybeam_smooth_S1000_multi.npz,9.10175923472585,9444.443085672718,1.7798436919007438e-05,140609741.2109375,False,False,False,False,False,False,False,False,False,False,False,False
157_146,140.36979839670377,mid,quiet,16,2461041.611111111,2461041.6179340645,full_polybeam,lines,30.0,single,coherent_ab,2,3,1,57757,87.550,0.1657426075268817,1.2547272640388289e-08,0.0212303841364464,0,2,2,2,0.0,0.0212303841364464,0.0,0.0519940798441188,1.2547272640388289e-08,1692031.786103713,6.469984182115179,6.469984182115179,0.02218618168430865,False,20264565,100,-0.1005394609864756,1.2218307709037126,0.5643564356435643,0.04950495049504951,203.6657482258397,30341.074895853657,209.84791419258363,267.81551186320377,269.7646883806149,29307.617322679132,30255.692152807853,30355.16381647283,41.47439997396032,1.0431903121322132,1.0142487854479718,30341.074895853657,7530.234565849507,7185194.357100749,0.0042227215281753884,1323,0.043799776734723475,-1.445965571882522,1.4440828042107998,-4095.9999999999995,4090.666666666666,C:\Users\kimeu\Downloads\starlink_pathB_wsl_package_v0_3_clean\starlink_pathB\paper_final_experiment_check\outputs\random1200_null_random1200_seed3\157_146_lst016_quiet_full_polybeam_lines_S30_single.npz,9.10175923472585,9444.443085672718,1.7798436919007438e-05,140609741.2109375,False,False,False,False,False,False,False,False,False,False,False,False
157_146,140.36979839670377,mid,quiet,16,2461041.611111111,2461041.6179340645,full_polybeam,lines,30.0,multi,coherent_ab,2,3,3,57757;57763;54127,87.550;77.670;73.686,0.1657426075268817,1.2547272640388289e-08,0.0212303841364464,0,2,2,2,0.0,0.0212303841364464,0.0,0.0519940798441188,1.2547272640388289e-08,1692031.786103713,7.235964778706939,6.469984182115179,0.02475357600914228,False,20264582,100,0.12384930318244076,1.4732301637364378,0.43564356435643564,0.019801980198019802,204.89735331136217,30771.00008832164,199.0291268508454,262.0720683871751,268.75330263862656,29344.122542416495,30580.1272897386,30708.123121484026,31.958714505676653,2.203817700163202,0.9978109010739347,30771.00008832164,8469.419802925935,7185194.357100749,0.004282556401263145,1323,0.043799776734723475,-1.445965571882522,1.4440828042107998,-4095.9999999999995,4090.666666666666,C:\Users\kimeu\Downloads\starlink_pathB_wsl_package_v0_3_clean\starlink_pathB\paper_final_experiment_check\outputs\random1200_null_random1200_seed3\157_146_lst016_quiet_full_polybeam_lines_S30_multi.npz,9.10175923472585,9444.443085672718,1.7798436919007438e-05,140609741.2109375,False,False,False,False,False,False,False,False,False,False,False,False
157_146,140.36979839670377,mid,quiet,16,2461041.611111111,2461041.6179340645,full_polybeam,lines,1000.0,single,coherent_ab,2,3,1,57757,87.550,0.1657426075268817,1.2547272640388289e-08,0.0212303841364464,0,2,2,2,0.0,0.0212303841364464,0.0,0.0519940798441188,1.2547272640388289e-08,1692031.786103713,215.66613940383922,215.66613940383922,0.7395393894769553,False,20264599,100,0.22790679538601333,0.9246425207109582,0.45544554455445546,0.0594059405940594,10068.111725290775,1631307.3917711747,9507.566288645216,12244.192518000204,12536.43361167589,1457008.525075085,1630186.8470296473,1634143.3635506483,1658.9356918640005,0.9603055514221801,0.9028158107598759,1631307.3917711747,1377551.550834794,7185194.357100749,0.22703733687579927,1323,0.043799776734723475,-1.445965571882522,1.4440828042107998,-4095.9999999999995,4090.666666666666,C:\Users\kimeu\Downloads\starlink_pathB_wsl_package_v0_3_clean\starlink_pathB\paper_final_experiment_check\outputs\random1200_null_random1200_seed3\157_146_lst016_quiet_full_polybeam_lines_S1000_single.npz,9.10175923472585,9444.443085672718,1.7798436919007438e-05,140609741.2109375,False,False,False,False,False,False,False,False,False,False,False,False
157_146,140.36979839670377,mid,quiet,16,2461041.611111111,2461041.6179340645,full_polybeam,lines,1000.0,multi,coherent_ab,2,3,3,57757;57763;54127,87.550;77.670;73.686,0.1657426075268817,1.2547272640388289e-08,0.0212303841364464,0,2,2,2,0.0,0.0212303841364464,0.0,0.0519940798441188,1.2547272640388289e-08,1692031.786103713,241.1988259568979,215.66613940383922,0.825119200304743,False,20264616,100,0.07618406347188938,1.698874308679547,0.49504950495049505,0.009900990099009901,10091.262238727682,1666521.237664903,9884.713085734265,12450.0207911974,12624.229783906148,1422145.7929388336,1631191.070553904,1644179.086649535,1828.669786341632,2.1948193715960884,1.3155874683869166,1666521.237664903,1421898.8475591564,7185194.357100749,0.23193822669778832,1323,0.043799776734723475,-1.445965571882522,1.4440828042107998,-4095.9999999999995,4090.666666666666,C:\Users\kimeu\Downloads\starlink_pathB_wsl_package_v0_3_clean\starlink_pathB\paper_final_experiment_check\outputs\random1200_null_random1200_seed3\157_146_lst016_quiet_full_polybeam_lines_S1000_multi.npz,9.10175923472585,9444.443085672718,1.7798436919007438e-05,140609741.2109375,False,False,False,False,False,False,False,False,False,False,False,False
157_146,140.36979839670377,mid,quiet,16,2461041.611111111,2461041.6179340645,full_polybeam,khz_comb,30.0,single,coherent_ab,2,3,1,57757,87.550,0.1657426075268817,1.2547272640388289e-08,0.0212303841364464,0,2,2,2,0.0,0.0212303841364464,0.0,0.0519940798441188,1.2547272640388289e-08,1692031.786103713,5.324656580608556,5.324656580608556,0.01953050087622223,False,20264633,100,0.09841143948115233,1.2044654395139465,0.48514851485148514,0.019801980198019802,191.68801323754633,28213.77403466007,186.4815126654803,266.17199512927607,269.26437969970084,27571.55406834757,28120.88079164681,28206.93801530592,35.68423085347422,1.0839928965414398,1.014847594205217,28213.77403466007,6475.547992985951,7185194.357100749,0.00392665426047632,1323,0.043799776734723475,-1.445965571882522,1.4440828042107998,-4095.9999999999995,4090.666666666666,C:\Users\kimeu\Downloads\starlink_pathB_wsl_package_v0_3_clean\starlink_pathB\paper_final_experiment_check\outputs\random1200_null_random1200_seed3\157_146_lst016_quiet_full_polybeam_khz_comb_S30_single.npz,9.10175923472585,9444.443085672718,1.7798436919007438e-05,140609741.2109375,False,False,False,False,False,False,False,False,False,False,False,False
157_146,140.36979839670377,mid,quiet,16,2461041.611111111,2461041.6179340645,full_polybeam,khz_comb,30.0,multi,coherent_ab,2,3,3,57757;57763;54127,87.550;77.670;73.686,0.1657426075268817,1.2547272640388289e-08,0.0212303841364464,0,2,2,2,0.0,0.0212303841364464,0.0,0.0519940798441188,1.2547272640388289e-08,1692031.786103713,5.955041989514982,5.324656580608556,0.021690015974712637,False,20264650,100,0.1886216027684741,1.4720485451893306,0.46534653465346537,0.0297029702970297,191.6723178878001,28543.38582561162,182.19130157059135,268.6591491484658,269.93519097871473,27594.240492155353,28389.127087249784,28545.919629642485,33.90310442994996,2.152954526315749,0.9598095948449861,28543.38582561162,7243.561954049361,7185194.357100749,0.003972528007875485,1323,0.043799776734723475,-1.445965571882522,1.4440828042107998,-4095.9999999999995,4090.666666666666,C:\Users\kimeu\Downloads\starlink_pathB_wsl_package_v0_3_clean\starlink_pathB\paper_final_experiment_check\outputs\random1200_null_random1200_seed3\157_146_lst016_quiet_full_polybeam_khz_comb_S30_multi.npz,9.10175923472585,9444.443085672718,1.7798436919007438e-05,140609741.2109375,False,False,False,False,False,False,False,False,False,False,False,False
157_146,140.36979839670377,mid,quiet,16,2461041.611111111,2461041.6179340645,full_polybeam,khz_comb,1000.0,single,coherent_ab,2,3,1,57757,87.550,0.1657426075268817,1.2547272640388289e-08,0.0212303841364464,0,2,2,2,0.0,0.0212303841364464,0.0,0.0519940798441188,1.2547272640388289e-08,1692031.786103713,177.48855268695183,177.48855268695183,0.6510166958740744,False,20264667,100,-0.06083097995072318,0.8038722230050821,0.5346534653465347,0.10891089108910891,9808.40866219519,1425212.784473103,9978.370183475789,12345.047653692514,12392.571288369347,1318782.2749117403,1427976.4247685436,1428800.76633157,1884.5245574411538,0.7943638311416839,0.7481132907913433,1425212.784473103,1159995.4737015874,7185194.357100749,0.19835410340217732,1323,0.043799776734723475,-1.445965571882522,1.4440828042107998,-4095.9999999999995,4090.666666666666,C:\Users\kimeu\Downloads\starlink_pathB_wsl_package_v0_3_clean\starlink_pathB\paper_final_experiment_check\outputs\random1200_null_random1200_seed3\157_146_lst016_quiet_full_polybeam_khz_comb_S1000_single.npz,9.10175923472585,9444.443085672718,1.7798436919007438e-05,140609741.2109375,False,False,False,False,False,False,False,False,False,False,False,False
157_146,140.36979839670377,mid,quiet,16,2461041.611111111,2461041.6179340645,full_polybeam,khz_comb,1000.0,multi,coherent_ab,2,3,3,57757;57763;54127,87.550;77.670;73.686,0.1657426075268817,1.2547272640388289e-08,0.0212303841364464,0,2,2,2,0.0,0.0212303841364464,0.0,0.0519940798441188,1.2547272640388289e-08,1692031.786103713,198.50139965049937,177.48855268695183,0.7230005324904213,False,20264684,100,0.020229482470910748,1.443853750591912,0.49504950495049505,0.009900990099009901,9818.02622790639,1451243.7759816353,9764.881949282153,12193.369398002316,12335.889820654595,1271652.3495701258,1437980.1728937363,1442935.4210148128,1771.9348432487877,2.2509064511153785,1.0457886423734895,1451243.7759816353,1194333.8205465856,7185194.357100749,0.2019769687297947,1323,0.043799776734723475,-1.445965571882522,1.4440828042107998,-4095.9999999999995,4090.666666666666,C:\Users\kimeu\Downloads\starlink_pathB_wsl_package_v0_3_clean\starlink_pathB\paper_final_experiment_check\outputs\random1200_null_random1200_seed3\157_146_lst016_quiet_full_polybeam_khz_comb_S1000_multi.npz,9.10175923472585,9444.443085672718,1.7798436919007438e-05,140609741.2109375,False,False,False,False,False,False,False,False,False,False,False,False
157_146,140.36979839670377,mid,typical,46,2461041.8194444445,2461041.826267397,frozen_polybeam,smooth,30.0,single,coherent_ab,6,8,1,56690,78.744,0.1653855846774193,1.874030786702616e-07,0.2357282416768072,0,6,6,6,0.0,0.2357282416768072,0.0,0.4552977482091947,1.874030786702616e-07,1257867.4979591686,0.02030339818363716,0.02030339818363716,0.0001032563732344587,False,20264731,100,1.4150954120876287,1.0296123486353852,0.31683168316831684,0.24752475247524752,0.28193102242585155,46.48775314863726,0.24232752550665282,0.3048922161721748,0.3055876296700626,44.9006442876517,47.026919888941514,47.03249115094702,0.01887660187912843,1.3072239107371781,1.0736907227946948,46.48775314863726,-12.168352499910466,3916710.068483179,1.1869082044829663e-05,1323,0.043799776734723475,-1.445965571882522,1.4440828042107998,-4095.9999999999995,4090.666666666666,C:\Users\kimeu\Downloads\starlink_pathB_wsl_package_v0_3_clean\starlink_pathB\paper_final_experiment_check\outputs\random1200_null_random1200_seed3\157_146_lst046_typical_frozen_polybeam_smooth_S30_single.npz,9.10175923472585,9444.443085672718,1.7798436919007438e-05,140609741.2109375,False,False,False,False,False,False,False,False,False,False,False,False
157_146,140.36979839670377,mid,typical,46,2461041.8194444445,2461041.826267397,frozen_polybeam,smooth,30.0,multi,coherent_ab,6,8,8,56690;46292;48311;57178;56171;49261;55416;55416,78.744;73.945;72.429;72.261;71.343;71.220;70.677;70.262,0.1653855846774193,1.874030786702616e-07,0.2357282416768072,0,6,6,6,0.0,0.2357282416768072,0.0,0.4552977482091947,1.874030786702616e-07,1257867.4979591686,0.42418151258802256,0.11045417740482003,0.0022053922535081685,False,20264748,100,1.4655672716532213,0.4198741688778416,0.12871287128712872,0.3069306930693069,4.354440972936118,543.4609583946897,3.2144813780782897,5.2312817877543685,7.133492898438192,508.80851361809334,637.4618450238858,658.5688370411922,0.5246379526754481,3.6011111909696254,1.688616443385923,543.4609583946897,94.58630567434518,3916710.068483179,0.0001387544517955998,1323,0.043799776734723475,-1.445965571882522,1.4440828042107998,-4095.9999999999995,4090.666666666666,C:\Users\kimeu\Downloads\starlink_pathB_wsl_package_v0_3_clean\starlink_pathB\paper_final_experiment_check\outputs\random1200_null_random1200_seed3\157_146_lst046_typical_frozen_polybeam_smooth_S30_multi.npz,9.10175923472585,9444.443085672718,1.7798436919007438e-05,140609741.2109375,False,False,False,False,False,False,False,False,False,False,False,False
157_146,140.36979839670377,mid,typical,46,2461041.8194444445,2461041.826267397,frozen_polybeam,smooth,1000.0,single,coherent_ab,6,8,1,56690,78.744,0.1653855846774193,1.874030786702616e-07,0.2357282416768072,0,6,6,6,0.0,0.2357282416768072,0.0,0.4552977482091947,1.874030786702616e-07,1257867.4979591686,0.6767799394545718,0.6767799394545718,0.0034418791078152902,False,20264765,100,0.8787960439230565,0.49927039332739154,0.32673267326732675,0.297029702970297,9.393399661947115,1549.1686045040135,8.356369855808452,10.077886338857548,10.138754222802326,1522.022279718492,1567.8970165242242,1568.0066552242504,0.7959378360646951,1.7304250202657145,1.470579512490137,1549.1686045040135,-406.6760362667914,3916710.068483179,0.0003955280266900018,1323,0.043799776734723475,-1.445965571882522,1.4440828042107998,-4095.9999999999995,4090.666666666666,C:\Users\kimeu\Downloads\starlink_pathB_wsl_package_v0_3_clean\starlink_pathB\paper_final_experiment_check\outputs\random1200_null_random1200_seed3\157_146_lst046_typical_frozen_polybeam_smooth_S1000_single.npz,9.10175923472585,9444.443085672718,1.7798436919007438e-05,140609741.2109375,False,False,False,False,False,False,False,False,False,False,False,False
157_146,140.36979839670377,mid,typical,46,2461041.8194444445,2461041.826267397,frozen_polybeam,smooth,1000.0,multi,coherent_ab,6,8,8,56690;46292;48311;57178;56171;49261;55416;55416,78.744;73.945;72.429;72.261;71.343;71.220;70.677;70.262,0.1653855846774193,1.874030786702616e-07,0.2357282416768072,0,6,6,6,0.0,0.2357282416768072,0.0,0.4552977482091947,1.874030786702616e-07,1257867.4979591686,14.139383752934085,3.681805913494001,0.07351307511693894,False,20264782,100,1.6501563963371404,0.6323546391642259,0.15841584158415842,0.3069306930693069,146.13347333979345,18152.495583755786,103.58617007384879,171.8763837557425,221.7532372386723,16455.9689651193,20939.989693287673,22491.053437947678,17.39093516058756,3.8836072403635598,1.6225551123771111,18152.495583755786,3289.208807675125,3916710.068483179,0.004634628365735962,1323,0.043799776734723475,-1.445965571882522,1.4440828042107998,-4095.9999999999995,4090.666666666666,C:\Users\kimeu\Downloads\starlink_pathB_wsl_package_v0_3_clean\starlink_pathB\paper_final_experiment_check\outputs\random1200_null_random1200_seed3\157_146_lst046_typical_frozen_polybeam_smooth_S1000_multi.npz,9.10175923472585,9444.443085672718,1.7798436919007438e-05,140609741.2109375,False,False,False,False,False,False,False,False,False,False,False,False
157_146,140.36979839670377,mid,typical,46,2461041.8194444445,2461041.826267397,frozen_polybeam,lines,30.0,single,coherent_ab,6,8,1,56690,78.744,0.1653855846774193,1.874030786702616e-07,0.2357282416768072,0,6,6,6,0.0,0.2357282416768072,0.0,0.4552977482091947,1.874030786702616e-07,1257867.4979591686,0.02029970003212785,0.02029970003212785,0.00010340616651379942,False,20264799,100,1.317513654766114,0.8731365457608293,0.31683168316831684,0.21782178217821782,0.2809742636345618,46.45821928128269,0.2438595874039038,0.30125236695164403,0.30608255150464175,45.02110877247776,46.9571155483293,47.02350579389096,0.01900056676299755,1.347996974809765,1.2486651739177348,46.45821928128269,-12.194524050976936,3916710.068483179,1.1861541566510315e-05,1323,0.043799776734723475,-1.445965571882522,1.4440828042107998,-4095.9999999999995,4090.666666666666,C:\Users\kimeu\Downloads\starlink_pathB_wsl_package_v0_3_clean\starlink_pathB\paper_final_experiment_check\outputs\random1200_null_random1200_seed3\157_146_lst046_typical_frozen_polybeam_lines_S30_single.npz,9.10175923472585,9444.443085672718,1.7798436919007438e-05,140609741.2109375,False,False,False,False,False,False,False,False,False,False,False,False
157_146,140.36979839670377,mid,typical,46,2461041.8194444445,2461041.826267397,frozen_polybeam,lines,30.0,multi,coherent_ab,6,8,8,56690;46292;48311;57178;56171;49261;55416;55416,78.744;73.945;72.429;72.261;71.343;71.220;70.677;70.262,0.1653855846774193,1.874030786702616e-07,0.2357282416768072,0,6,6,6,0.0,0.2357282416768072,0.0,0.4552977482091947,1.874030786702616e-07,1257867.4979591686,0.4241756498902421,0.11045395818002683,0.002207995575244593,False,20264816,100,1.1722204992807905,0.42794496812462723,0.21782178217821782,0.3465346534653465,4.401010266860794,543.9273266648919,3.36362008124388,5.768525197382927,6.809705780911022,514.9341394838104,629.552300121414,653.4973942827195,0.5969099624171577,3.205725563613244,1.7220750436364105,543.9273266648919,94.46029189668204,3916710.068483179,0.00013887352322597066,1323,0.043799776734723475,-1.445965571882522,1.4440828042107998,-4095.9999999999995,4090.666666666666,C:\Users\kimeu\Downloads\starlink_pathB_wsl_package_v0_3_clean\starlink_pathB\paper_final_experiment_check\outputs\random1200_null_random1200_seed3\157_146_lst046_typical_frozen_polybeam_lines_S30_multi.npz,9.10175923472585,9444.443085672718,1.7798436919007438e-05,140609741.2109375,False,False,False,False,False,False,False,False,False,False,False,False
157_146,140.36979839670377,mid,typical,46,2461041.8194444445,2461041.826267397,frozen_polybeam,lines,1000.0,single,coherent_ab,6,8,1,56690,78.744,0.1653855846774193,1.874030786702616e-07,0.2357282416768072,0,6,6,6,0.0,0.2357282416768072,0.0,0.4552977482091947,1.874030786702616e-07,1257867.4979591686,0.676656667737595,0.676656667737595,0.0034468722171266462,False,20264833,100,1.4861179183376636,0.35347723949727555,0.2871287128712871,0.33663366336633666,9.361435956041532,1548.1739285507574,8.084030623763738,9.982741414326142,10.164791355356847,1529.1275352166126,1567.0760616824718,1567.5277923977314,0.5797642852535319,1.0401969616844238,0.9519601783691024,1548.1739285507574,-407.55261438412884,3916710.068483179,0.0003952740696863267,1323,0.043799776734723475,-1.445965571882522,1.4440828042107998,-4095.9999999999995,4090.666666666666,C:\Users\kimeu\Downloads\starlink_pathB_wsl_package_v0_3_clean\starlink_pathB\paper_final_experiment_check\outputs\random1200_null_random1200_seed3\157_146_lst046_typical_frozen_polybeam_lines_S1000_single.npz,9.10175923472585,9444.443085672718,1.7798436919007438e-05,140609741.2109375,False,False,False,False,False,False,False,False,False,False,False,False
157_146,140.36979839670377,mid,typical,46,2461041.8194444445,2461041.826267397,frozen_polybeam,lines,1000.0,multi,coherent_ab,6,8,8,56690;46292;48311;57178;56171;49261;55416;55416,78.744;73.945;72.429;72.261;71.343;71.220;70.677;70.262,0.1653855846774193,1.874030786702616e-07,0.2357282416768072,0,6,6,6,0.0,0.2357282416768072,0.0,0.4552977482091947,1.874030786702616e-07,1257867.4979591686,14.139188329674736,3.681798606000895,0.07359985250815311,False,20264850,100,0.9443420511199184,0.3848744965725755,0.27722772277227725,0.40594059405940597,147.670696602303,18167.405910252157,114.26226654817401,235.28022309053492,244.46994588252196,17137.44698573659,21431.107340369617,22915.55062989688,23.861774802262516,3.053753944826911,1.4203823019074844,18167.405910252157,3285.027318541006,3916710.068483179,0.0046384352154224765,1323,0.043799776734723475,-1.445965571882522,1.4440828042107998,-4095.9999999999995,4090.666666666666,C:\Users\kimeu\Downloads\starlink_pathB_wsl_package_v0_3_clean\starlink_pathB\paper_final_experiment_check\outputs\random1200_null_random1200_seed3\157_146_lst046_typical_frozen_polybeam_lines_S1000_multi.npz,9.10175923472585,9444.443085672718,1.7798436919007438e-05,140609741.2109375,False,False,False,False,False,False,False,False,False,False,False,False
157_146,140.36979839670377,mid,typical,46,2461041.8194444445,2461041.826267397,frozen_polybeam,khz_comb,30.0,single,coherent_ab,6,8,1,56690,78.744,0.1653855846774193,1.874030786702616e-07,0.2357282416768072,0,6,6,6,0.0,0.2357282416768072,0.0,0.4552977482091947,1.874030786702616e-07,1257867.4979591686,0.018205518415652662,0.018205518415652662,9.327770178087893e-05,False,20264867,100,1.5890305054552476,1.1383152543240571,0.0891089108910891,0.1782178217821782,0.3176501109301171,45.654782029198046,0.26048084276453665,0.32457741270845875,0.3293195070692127,43.64167528270864,45.75943631293808,45.77917030364152,0.02426645868115429,1.022829364018302,0.9209572828519205,45.654782029198046,-11.174602915354264,3916710.068483179,1.1656410924201682e-05,1323,0.043799776734723475,-1.445965571882522,1.4440828042107998,-4095.9999999999995,4090.666666666666,C:\Users\kimeu\Downloads\starlink_pathB_wsl_package_v0_3_clean\starlink_pathB\paper_final_experiment_check\outputs\random1200_null_random1200_seed3\157_146_lst046_typical_frozen_polybeam_khz_comb_S30_single.npz,9.10175923472585,9444.443085672718,1.7798436919007438e-05,140609741.2109375,False,False,False,False,False,False,False,False,False,False,False,False
157_146,140.36979839670377,mid,typical,46,2461041.8194444445,2461041.826267397,frozen_polybeam,khz_comb,30.0,multi,coherent_ab,6,8,8,56690;46292;48311;57178;56171;49261;55416;55416,78.744;73.945;72.429;72.261;71.343;71.220;70.677;70.262,0.1653855846774193,1.874030786702616e-07,0.2357282416768072,0,6,6,6,0.0,0.2357282416768072,0.0,0.4552977482091947,1.874030786702616e-07,1257867.4979591686,0.38905149430707037,0.10174619619624431,0.001985497492998088,False,20264884,100,1.3704536173477848,0.9796018790392277,0.18811881188118812,0.24752475247524752,4.494086834982227,527.4526612283078,3.2300550568156723,5.8371644938784355,7.535996911698636,461.9946586567345,604.2074976699706,658.8827795031693,0.6221135420169048,3.498320479677694,1.7563466669352628,527.4526612283078,87.3756399098167,3916710.068483179,0.00013466727227848496,1323,0.043799776734723475,-1.445965571882522,1.4440828042107998,-4095.9999999999995,4090.666666666666,C:\Users\kimeu\Downloads\starlink_pathB_wsl_package_v0_3_clean\starlink_pathB\paper_final_experiment_check\outputs\random1200_null_random1200_seed3\157_146_lst046_typical_frozen_polybeam_khz_comb_S30_multi.npz,9.10175923472585,9444.443085672718,1.7798436919007438e-05,140609741.2109375,False,False,False,False,False,False,False,False,False,False,False,False
157_146,140.36979839670377,mid,typical,46,2461041.8194444445,2461041.826267397,frozen_polybeam,khz_comb,1000.0,single,coherent_ab,6,8,1,56690,78.744,0.1653855846774193,1.874030786702616e-07,0.2357282416768072,0,6,6,6,0.0,0.2357282416768072,0.0,0.4552977482091947,1.874030786702616e-07,1257867.4979591686,0.6068506138550888,0.6068506138550888,0.003109256726029297,False,20264901,100,1.0158444515107299,1.3933869057344834,0.1188118811881188,0.16831683168316833,10.581993032770697,1521.5976297879213,9.037747916214585,10.895372842214055,10.963475314626702,1450.6440820542116,1525.567775073942,1526.047108567701,1.025333219012964,1.142319417839048,1.0014495443067741,1521.5976297879213,-373.7654319663399,3916710.068483179,0.0003884887068950675,1323,0.043799776734723475,-1.445965571882522,1.4440828042107998,-4095.9999999999995,4090.666666666666,C:\Users\kimeu\Downloads\starlink_pathB_wsl_package_v0_3_clean\starlink_pathB\paper_final_experiment_check\outputs\random1200_null_random1200_seed3\157_146_lst046_typical_frozen_polybeam_khz_comb_S1000_single.npz,9.10175923472585,9444.443085672718,1.7798436919007438e-05,140609741.2109375,False,False,False,False,False,False,False,False,False,False,False,False
157_146,140.36979839670377,mid,typical,46,2461041.8194444445,2461041.826267397,frozen_polybeam,khz_comb,1000.0,multi,coherent_ab,6,8,8,56690;46292;48311;57178;56171;49261;55416;55416,78.744;73.945;72.429;72.261;71.343;71.220;70.677;70.262,0.1653855846774193,1.874030786702616e-07,0.2357282416768072,0,6,6,6,0.0,0.2357282416768072,0.0,0.4552977482091947,1.874030786702616e-07,1257867.4979591686,12.968383143569012,3.391539873208144,0.06618324976660292,False,20264918,100,1.228617375693719,0.6613147435286576,0.2079207920792079,0.3465346534653465,150.89386151507279,17613.247629008714,113.63621330130172,238.5713915717013,275.9650224056145,15919.699002253292,21209.98965380803,21700.100678515315,20.45383692040741,2.909723450640297,1.5411898734949667,17613.247629008714,3026.7200590785587,3916710.068483179,0.004496949562526537,1323,0.043799776734723475,-1.445965571882522,1.4440828042107998,-4095.9999999999995,4090.666666666666,C:\Users\kimeu\Downloads\starlink_pathB_wsl_package_v0_3_clean\starlink_pathB\paper_final_experiment_check\outputs\random1200_null_random1200_seed3\157_146_lst046_typical_frozen_polybeam_khz_comb_S1000_multi.npz,9.10175923472585,9444.443085672718,1.7798436919007438e-05,140609741.2109375,False,False,False,False,False,False,False,False,False,False,False,False
157_146,140.36979839670377,mid,typical,46,2461041.8194444445,2461041.826267397,full_polybeam,smooth,30.0,single,coherent_ab,6,8,1,56690,78.744,0.1653855846774193,1.874030786702616e-07,0.2357282416768072,0,6,6,6,0.0,0.2357282416768072,0.0,0.4552977482091947,1.874030786702616e-07,1257867.4979591686,0.08168315113244838,0.08168315113244838,0.00018117017123867667,False,20264935,100,-0.9053766817804537,0.63528153912946,0.9801980198019802,0.25742574257425743,0.40980034022686596,98.80335359140817,0.6180193462350871,0.946898180718199,0.9564093494574809,94.86819323772283,102.60401796421803,102.6571280482198,0.15511974002220086,1.5276978396943295,1.3111458002149714,98.80335359140817,-43.54946380779063,3916710.068483179,2.5226108612545748e-05,1323,0.043799776734723475,-1.445965571882522,1.4440828042107998,-4095.9999999999995,4090.666666666666,C:\Users\kimeu\Downloads\starlink_pathB_wsl_package_v0_3_clean\starlink_pathB\paper_final_experiment_check\outputs\random1200_null_random1200_seed3\157_146_lst046_typical_full_polybeam_smooth_S30_single.npz,9.10175923472585,9444.443085672718,1.7798436919007438e-05,140609741.2109375,False,False,False,False,False,False,False,False,False,False,False,False
157_146,140.36979839670377,mid,typical,46,2461041.8194444445,2461041.826267397,full_polybeam,smooth,30.0,multi,coherent_ab,6,8,8,56690;46292;48311;57178;56171;49261;55416;55416,78.744;73.945;72.429;72.261;71.343;71.220;70.677;70.262,0.1653855846774193,1.874030786702616e-07,0.2357282416768072,0,6,6,6,0.0,0.2357282416768072,0.0,0.4552977482091947,1.874030786702616e-07,1257867.4979591686,1.5017240558888238,0.6883519207134249,0.0036702190760162477,False,20264952,100,0.6653252158685476,-0.7610435540684595,0.27722772277227725,0.8118811881188119,15.534955413302669,1453.5113916839637,12.979900219755677,19.272476969818488,21.25373890784965,1673.2643084390404,1991.560477590195,2073.5629010936955,2.590253723888054,2.4968778092067616,1.2020639523297334,1453.5113916839637,132.10277112568858,3916710.068483179,0.00037110517916044363,1323,0.043799776734723475,-1.445965571882522,1.4440828042107998,-4095.9999999999995,4090.666666666666,C:\Users\kimeu\Downloads\starlink_pathB_wsl_package_v0_3_clean\starlink_pathB\paper_final_experiment_check\outputs\random1200_null_random1200_seed3\157_146_lst046_typical_full_polybeam_smooth_S30_multi.npz,9.10175923472585,9444.443085672718,1.7798436919007438e-05,140609741.2109375,False,False,False,False,False,False,False,False,False,False,False,False
157_146,140.36979839670377,mid,typical,46,2461041.8194444445,2461041.826267397,full_polybeam,smooth,1000.0,single,coherent_ab,6,8,1,56690,78.744,0.1653855846774193,1.874030786702616e-07,0.2357282416768072,0,6,6,6,0.0,0.2357282416768072,0.0,0.4552977482091947,1.874030786702616e-07,1257867.4979591686,2.722771704414947,2.722771704414947,0.00603900570795589,False,20264969,100,-0.6679358134427713,0.4264806378588281,0.9405940594059405,0.38613861386138615,13.658961734634431,3286.891058884221,16.9354489429561,30.49889940377334,31.44679543014645,3197.161841804299,3422.381662850751,3428.6623588366288,3.308641790242291,1.0193440472502178,0.8664073432259091,3286.891058884221,-1441.1370738885844,3916710.068483179,0.0008391969283948384,1323,0.043799776734723475,-1.445965571882522,1.4440828042107998,-4095.9999999999995,4090.666666666666,C:\Users\kimeu\Downloads\starlink_pathB_wsl_package_v0_3_clean\starlink_pathB\paper_final_experiment_check\outputs\random1200_null_random1200_seed3\157_146_lst046_typical_full_polybeam_smooth_S1000_single.npz,9.10175923472585,9444.443085672718,1.7798436919007438e-05,140609741.2109375,False,False,False,False,False,False,False,False,False,False,False,False
157_146,140.36979839670377,mid,typical,46,2461041.8194444445,2461041.826267397,full_polybeam,smooth,1000.0,multi,coherent_ab,6,8,8,56690;46292;48311;57178;56171;49261;55416;55416,78.744;73.945;72.429;72.261;71.343;71.220;70.677;70.262,0.1653855846774193,1.874030786702616e-07,0.2357282416768072,0,6,6,6,0.0,0.2357282416768072,0.0,0.4552977482091947,1.874030786702616e-07,1257867.4979591686,50.05746852962746,22.94506402378083,0.12234063586720825,False,20264986,100,0.2902522392123225,-1.566433523357692,0.39603960396039606,0.8910891089108911,506.813449978461,48350.171101217325,471.22521999787114,671.7420328822084,733.9925984855289,59755.262859198796,67444.17786626806,68387.55664285707,82.70024835355935,2.5881128871327834,1.2373222088464144,48350.171101217325,799.9871966400602,3916710.068483179,0.012344587742217502,1323,0.043799776734723475,-1.445965571882522,1.4440828042107998,-4095.9999999999995,4090.666666666666,C:\Users\kimeu\Downloads\starlink_pathB_wsl_package_v0_3_clean\starlink_pathB\paper_final_experiment_check\outputs\random1200_null_random1200_seed3\157_146_lst046_typical_full_polybeam_smooth_S1000_multi.npz,9.10175923472585,9444.443085672718,1.7798436919007438e-05,140609741.2109375,False,False,False,False,False,False,False,False,False,False,False,False
157_146,140.36979839670377,mid,typical,46,2461041.8194444445,2461041.826267397,full_polybeam,lines,30.0,single,coherent_ab,6,8,1,56690,78.744,0.1653855846774193,1.874030786702616e-07,0.2357282416768072,0,6,6,6,0.0,0.2357282416768072,0.0,0.4552977482091947,1.874030786702616e-07,1257867.4979591686,0.08167169634351105,0.08167169634351105,0.00018140654847315448,False,20265003,100,-0.7693124231229231,0.3220343954053655,0.9504950495049505,0.36633663366336633,0.41313522400196234,98.71484806083907,0.6212197560430468,0.9420804644204509,0.9484486264033695,96.4543005294193,102.64145697952749,102.67104344017532,0.18243705656277598,1.1017738006438391,1.0210498014291527,98.71484806083907,-43.56523532702496,3916710.068483179,2.5203511706208136e-05,1323,0.043799776734723475,-1.445965571882522,1.4440828042107998,-4095.9999999999995,4090.666666666666,C:\Users\kimeu\Downloads\starlink_pathB_wsl_package_v0_3_clean\starlink_pathB\paper_final_experiment_check\outputs\random1200_null_random1200_seed3\157_146_lst046_typical_full_polybeam_lines_S30_single.npz,9.10175923472585,9444.443085672718,1.7798436919007438e-05,140609741.2109375,False,False,False,False,False,False,False,False,False,False,False,False
157_146,140.36979839670377,mid,typical,46,2461041.8194444445,2461041.826267397,full_polybeam,lines,30.0,multi,coherent_ab,6,8,8,56690;46292;48311;57178;56171;49261;55416;55416,78.744;73.945;72.429;72.261;71.343;71.220;70.677;70.262,0.1653855846774193,1.874030786702616e-07,0.2357282416768072,0,6,6,6,0.0,0.2357282416768072,0.0,0.4552977482091947,1.874030786702616e-07,1257867.4979591686,1.5015118317402254,0.6882674964676427,0.003673270643177983,False,20265020,100,0.3813050733025807,-0.8427486564677483,0.38613861386138615,0.8415841584158416,15.56726104068548,1454.1730759457785,13.777781367247371,21.290590320219508,22.78331910183845,1694.960750646897,2045.7064866001233,2080.553535318694,3.1654116048107426,2.1477169754062713,1.152162169004473,1454.1730759457785,132.0171649263148,3916710.068483179,0.00037127411795097076,1323,0.043799776734723475,-1.445965571882522,1.4440828042107998,-4095.9999999999995,4090.666666666666,C:\Users\kimeu\Downloads\starlink_pathB_wsl_package_v0_3_clean\starlink_pathB\paper_final_experiment_check\outputs\random1200_null_random1200_seed3\157_146_lst046_typical_full_polybeam_lines_S30_multi.npz,9.10175923472585,9444.443085672718,1.7798436919007438e-05,140609741.2109375,False,False,False,False,False,False,False,False,False,False,False,False
157_146,140.36979839670377,mid,typical,46,2461041.8194444445,2461041.826267397,full_polybeam,lines,1000.0,single,coherent_ab,6,8,1,56690,78.744,0.1653855846774193,1.874030786702616e-07,0.2357282416768072,0,6,6,6,0.0,0.2357282416768072,0.0,0.4552977482091947,1.874030786702616e-07,1257867.4979591686,2.7223898781170357,2.7223898781170357,0.0060468849491051475,False,20265037,100,-0.7433473385001325,0.4603788326799298,0.8910891089108911,0.38613861386138615,13.771889967891184,3284.0511660630164,18.621820332075004,30.65860935426226,31.546308915916708,3177.3586362944593,3414.98069329498,3427.455856887107,4.4006792589684665,0.8632350434080001,0.79393160545706,3284.0511660630164,-1441.685882596101,3916710.068483179,0.0008384718574113983,1323,0.043799776734723475,-1.445965571882522,1.4440828042107998,-4095.9999999999995,4090.666666666666,C:\Users\kimeu\Downloads\starlink_pathB_wsl_package_v0_3_clean\starlink_pathB\paper_final_experiment_check\outputs\random1200_null_random1200_seed3\157_146_lst046_typical_full_polybeam_lines_S1000_single.npz,9.10175923472585,9444.443085672718,1.7798436919007438e-05,140609741.2109375,False,False,False,False,False,False,False,False,False,False,False,False
157_146,140.36979839670377,mid,typical,46,2461041.8194444445,2461041.826267397,full_polybeam,lines,1000.0,multi,coherent_ab,6,8,8,56690;46292;48311;57178;56171;49261;55416;55416,78.744;73.945;72.429;72.261;71.343;71.220;70.677;70.262,0.1653855846774193,1.874030786702616e-07,0.2357282416768072,0,6,6,6,0.0,0.2357282416768072,0.0,0.4552977482091947,1.874030786702616e-07,1257867.4979591686,50.050394391340845,22.942249882254757,0.12244235477259943,False,20265054,100,0.3815651975502585,-0.9561189219291163,0.27722772277227725,0.8118811881188119,507.9448808976049,48368.927961943315,454.8833038590992,642.0429636453231,761.8414914883124,57631.56170625723,66397.49007418999,68093.33857889386,93.79666601017374,2.1490842492362994,1.1113290658726103,48368.927961943315,799.2086729690554,3916710.068483179,0.012349376674867105,1323,0.043799776734723475,-1.445965571882522,1.4440828042107998,-4095.9999999999995,4090.666666666666,C:\Users\kimeu\Downloads\starlink_pathB_wsl_package_v0_3_clean\starlink_pathB\paper_final_experiment_check\outputs\random1200_null_random1200_seed3\157_146_lst046_typical_full_polybeam_lines_S1000_multi.npz,9.10175923472585,9444.443085672718,1.7798436919007438e-05,140609741.2109375,False,False,False,False,False,False,False,False,False,False,False,False
157_146,140.36979839670377,mid,typical,46,2461041.8194444445,2461041.826267397,full_polybeam,khz_comb,30.0,single,coherent_ab,6,8,1,56690,78.744,0.1653855846774193,1.874030786702616e-07,0.2357282416768072,0,6,6,6,0.0,0.2357282416768072,0.0,0.4552977482091947,1.874030786702616e-07,1257867.4979591686,0.06721403378188323,0.06721403378188323,0.00015562281783637865,False,20265071,100,-0.8432007836910683,0.42943902966115566,0.9207920792079208,0.39603960396039606,0.34980394602280285,83.40055351529992,0.5007848702409774,0.7556525459373915,0.7665741191903543,81.04631506103178,86.56213582887587,86.60946428015528,0.12077222912034813,1.3498631695623835,1.2702751492902018,83.40055351529992,-36.352143729479906,3916710.068483179,2.1293522384106e-05,1323,0.043799776734723475,-1.445965571882522,1.4440828042107998,-4095.9999999999995,4090.666666666666,C:\Users\kimeu\Downloads\starlink_pathB_wsl_package_v0_3_clean\starlink_pathB\paper_final_experiment_check\outputs\random1200_null_random1200_seed3\157_146_lst046_typical_full_polybeam_khz_comb_S30_single.npz,9.10175923472585,9444.443085672718,1.7798436919007438e-05,140609741.2109375,False,False,False,False,False,False,False,False,False,False,False,False
157_146,140.36979839670377,mid,typical,46,2461041.8194444445,2461041.826267397,full_polybeam,khz_comb,30.0,multi,coherent_ab,6,8,8,56690;46292;48311;57178;56171;49261;55416;55416,78.744;73.945;72.429;72.261;71.343;71.220;70.677;70.262,0.1653855846774193,1.874030786702616e-07,0.2357282416768072,0,6,6,6,0.0,0.2357282416768072,0.0,0.4552977482091947,1.874030786702616e-07,1257867.4979591686,1.235711654108472,0.5664292139099651,0.0032076954341131465,False,20265088,100,0.3208053187693557,-1.1086580616357675,0.39603960396039606,0.8514851485148515,12.92912819119374,1236.427897102603,11.809397394548341,19.683329263220365,20.64701741507394,1456.45937080744,1698.7921106202666,1772.5874619512922,2.3542255419451976,2.2322279813634727,1.1978257090974223,1236.427897102603,119.21108114599473,3916710.068483179,0.00031568022025726136,1323,0.043799776734723475,-1.445965571882522,1.4440828042107998,-4095.9999999999995,4090.666666666666,C:\Users\kimeu\Downloads\starlink_pathB_wsl_package_v0_3_clean\starlink_pathB\paper_final_experiment_check\outputs\random1200_null_random1200_seed3\157_146_lst046_typical_full_polybeam_khz_comb_S30_multi.npz,9.10175923472585,9444.443085672718,1.7798436919007438e-05,140609741.2109375,False,False,False,False,False,False,False,False,False,False,False,False
157_146,140.36979839670377,mid,typical,46,2461041.8194444445,2461041.826267397,full_polybeam,khz_comb,1000.0,single,coherent_ab,6,8,1,56690,78.744,0.1653855846774193,1.874030786702616e-07,0.2357282416768072,0,6,6,6,0.0,0.2357282416768072,0.0,0.4552977482091947,1.874030786702616e-07,1257867.4979591686,2.2404677927294414,2.2404677927294414,0.0051874272612126215,False,20265105,100,-0.8791272265400294,0.45019071522850285,0.900990099009901,0.3465346534653465,11.659207330003483,2775.634446440531,16.95315306959992,25.47587308199727,25.56178497369474,2684.7098287398735,2881.2767574744003,2889.6714189427453,4.06166181040885,1.0548144780437287,0.8793934673199368,2775.634446440531,-1204.8686687548218,3916710.068483179,0.0007086647716856532,1323,0.043799776734723475,-1.445965571882522,1.4440828042107998,-4095.9999999999995,4090.666666666666,C:\Users\kimeu\Downloads\starlink_pathB_wsl_package_v0_3_clean\starlink_pathB\paper_final_experiment_check\outputs\random1200_null_random1200_seed3\157_146_lst046_typical_full_polybeam_khz_comb_S1000_single.npz,9.10175923472585,9444.443085672718,1.7798436919007438e-05,140609741.2109375,False,False,False,False,False,False,False,False,False,False,False,False
157_146,140.36979839670377,mid,typical,46,2461041.8194444445,2461041.826267397,full_polybeam,khz_comb,1000.0,multi,coherent_ab,6,8,8,56690;46292;48311;57178;56171;49261;55416;55416,78.744;73.945;72.429;72.261;71.343;71.220;70.677;70.262,0.1653855846774193,1.874030786702616e-07,0.2357282416768072,0,6,6,6,0.0,0.2357282416768072,0.0,0.4552977482091947,1.874030786702616e-07,1257867.4979591686,41.1903884702824,18.88097379699884,0.10692318113710489,False,20265122,100,0.23456645026385395,-0.9214728198268576,0.38613861386138615,0.8613861386138614,423.5088024650395,41112.753329994885,396.2359118392128,590.0529016777049,646.8284220934755,47528.27473516152,55679.03297654669,57743.90386813657,78.42260771156248,2.0000577502362464,1.1863615223640944,41112.753329994885,1582.2623554509614,3916710.068483179,0.010496756872769136,1323,0.043799776734723475,-1.445965571882522,1.4440828042107998,-4095.9999999999995,4090.666666666666,C:\Users\kimeu\Downloads\starlink_pathB_wsl_package_v0_3_clean\starlink_pathB\paper_final_experiment_check\outputs\random1200_null_random1200_seed3\157_146_lst046_typical_full_polybeam_khz_comb_S1000_multi.npz,9.10175923472585,9444.443085672718,1.7798436919007438e-05,140609741.2109375,False,False,False,False,False,False,False,False,False,False,False,False
157_146,140.36979839670377,mid,stress,0,2461041.5,2461041.506822953,frozen_polybeam,smooth,30.0,single,coherent_ab,4,2,1,46696,76.053,0.2350680443548387,9.752069536292108e-05,0.5502745938468236,1,4,4,4,0.3308758856684498,0.5502745938468236,0.3308758856684498,0.7280464634021924,9.752069536292108e-05,5642.644279749944,0.011651538651449725,0.011651538651449725,0.00011629740499457444,False,20265093,100,-1.0842816139585953,-0.20171941619833372,0.8811881188118812,0.7623762376237624,0.6087266471877228,183.15729871356083,0.8653544210646942,1.1554541881494516,1.1795675907751138,183.53840282160556,186.48850334326448,186.59969394685476,0.15963847387683927,1.4011494721387396,1.2408622793766855,183.15729871356083,-56.16343606677455,20329787.10384278,9.009307268099234e-06,1323,0.043799776734723475,-1.445965571882522,1.4440828042107998,-4095.9999999999995,4090.666666666666,C:\Users\kimeu\Downloads\starlink_pathB_wsl_package_v0_3_clean\starlink_pathB\paper_final_experiment_check\outputs\random1200_null_random1200_seed3\157_146_lst000_stress_frozen_polybeam_smooth_S30_single.npz,9.10175923472585,9444.443085672718,1.7798436919007438e-05,140609741.2109375,False,False,False,False,False,False,False,False,False,False,False,False
157_146,140.36979839670377,mid,stress,0,2461041.5,2461041.506822953,frozen_polybeam,smooth,30.0,multi,coherent_ab,4,2,2,46696;48481,76.053;75.131,0.2350680443548387,9.752069536292108e-05,0.5502745938468236,1,4,4,4,0.3308758856684498,0.5502745938468236,0.3308758856684498,0.7280464634021924,9.752069536292108e-05,5642.644279749944,0.01935750655431481,0.011651538651449725,0.00018777710540929357,False,20265110,100,-1.1420836805316934,0.01083430483744159,0.8415841584158416,0.49504950495049505,0.6493576845678035,193.6628836641755,0.8394060700447881,1.207791592918511,1.39515070402922,193.61897754348064,199.94640127167517,200.35106607363886,0.11223860566678923,2.009959053695903,1.2023317481735796,193.6628836641755,-48.57347239766979,20329787.10384278,9.52606550550492e-06,1323,0.043799776734723475,-1.445965571882522,1.4440828042107998,-4095.9999999999995,4090.666666666666,C:\Users\kimeu\Downloads\starlink_pathB_wsl_package_v0_3_clean\starlink_pathB\paper_final_experiment_check\outputs\random1200_null_random1200_seed3\157_146_lst000_stress_frozen_polybeam_smooth_S30_multi.npz,9.10175923472585,9444.443085672718,1.7798436919007438e-05,140609741.2109375,False,False,False,False,False,False,False,False,False,False,False,False
157_146,140.36979839670377,mid,stress,0,2461041.5,2461041.506822953,frozen_polybeam,smooth,1000.0,single,coherent_ab,4,2,1,46696,76.053,0.2350680443548387,9.752069536292108e-05,0.5502745938468236,1,4,4,4,0.3308758856684498,0.5502745938468236,0.3308758856684498,0.7280464634021924,9.752069536292108e-05,5642.644279749944,0.38838462171499094,0.38838462171499094,0.0038765801664858153,False,20265127,100,-0.9756013807946146,-0.17911318671613694,0.8811881188118812,0.6435643564356436,20.291974182458944,6104.160748891082,27.631116096257756,38.57329533023621,38.99260935922764,6115.651011196331,6216.974242620793,6219.160498599157,5.073981546964205,0.8871036875421032,0.8396458745191159,6104.160748891082,-1868.801677315017,20329787.10384278,0.0003002569932341918,1323,0.043799776734723475,-1.445965571882522,1.4440828042107998,-4095.9999999999995,4090.666666666666,C:\Users\kimeu\Downloads\starlink_pathB_wsl_package_v0_3_clean\starlink_pathB\paper_final_experiment_check\outputs\random1200_null_random1200_seed3\157_146_lst000_stress_frozen_polybeam_smooth_S1000_single.npz,9.10175923472585,9444.443085672718,1.7798436919007438e-05,140609741.2109375,False,False,False,False,False,False,False,False,False,False,False,False
157_146,140.36979839670377,mid,stress,0,2461041.5,2461041.506822953,frozen_polybeam,smooth,1000.0,multi,coherent_ab,4,2,2,46696;48481,76.053;75.131,0.2350680443548387,9.752069536292108e-05,0.5502745938468236,1,4,4,4,0.3308758856684498,0.5502745938468236,0.3308758856684498,0.7280464634021924,9.752069536292108e-05,5642.644279749944,0.6452502184771605,0.38838462171499094,0.006259236846976452,False,20265144,100,-1.1404596443092891,0.24044843374122396,0.8613861386138614,0.40594059405940597,21.645911589977914,6454.543744091854,28.695798341846967,44.54793567032139,46.769545081502,6418.151567192872,6646.943312852481,6691.220751303679,4.169444743809436,2.2964994975758293,1.6757162579464504,6454.543744091854,-1615.5771847359706,20329787.10384278,0.0003174919496757446,1323,0.043799776734723475,-1.445965571882522,1.4440828042107998,-4095.9999999999995,4090.666666666666,C:\Users\kimeu\Downloads\starlink_pathB_wsl_package_v0_3_clean\starlink_pathB\paper_final_experiment_check\outputs\random1200_null_random1200_seed3\157_146_lst000_stress_frozen_polybeam_smooth_S1000_multi.npz,9.10175923472585,9444.443085672718,1.7798436919007438e-05,140609741.2109375,False,False,False,False,False,False,False,False,False,False,False,False
157_146,140.36979839670377,mid,stress,0,2461041.5,2461041.506822953,frozen_polybeam,lines,30.0,single,coherent_ab,4,2,1,46696,76.053,0.2350680443548387,9.752069536292108e-05,0.5502745938468236,1,4,4,4,0.3308758856684498,0.5502745938468236,0.3308758856684498,0.7280464634021924,9.752069536292108e-05,5642.644279749944,0.011650837245597859,0.011650837245597859,0.00011642324538380658,False,20265161,100,-1.278123700619677,-0.41464628194550296,0.900990099009901,0.7227722772277227,0.602023836952867,183.0793229715486,0.8596281264181016,1.1617691483410453,1.1711604015639023,183.69736283070733,186.40269587120244,186.64375238506588,0.13594279862081748,1.0948876253519193,0.9853752440807669,183.0793229715486,-56.16301694520625,20329787.10384278,9.00547172660468e-06,1323,0.043799776734723475,-1.445965571882522,1.4440828042107998,-4095.9999999999995,4090.666666666666,C:\Users\kimeu\Downloads\starlink_pathB_wsl_package_v0_3_clean\starlink_pathB\paper_final_experiment_check\outputs\random1200_null_random1200_seed3\157_146_lst000_stress_frozen_polybeam_lines_S30_single.npz,9.10175923472585,9444.443085672718,1.7798436919007438e-05,140609741.2109375,False,False,False,False,False,False,False,False,False,False,False,False
157_146,140.36979839670377,mid,stress,0,2461041.5,2461041.506822953,frozen_polybeam,lines,30.0,multi,coherent_ab,4,2,2,46696;48481,76.053;75.131,0.2350680443548387,9.752069536292108e-05,0.5502745938468236,1,4,4,4,0.3308758856684498,0.5502745938468236,0.3308758856684498,0.7280464634021924,9.752069536292108e-05,5642.644279749944,0.019356269913313965,0.011650837245597859,0.00018798680188243373,False,20265178,100,-1.4969901943404866,0.20654295294483788,0.9207920792079208,0.4752475247524752,0.6438820641051279,193.5964829141782,0.8593409155655536,1.2710122356224018,1.3002631425355504,192.78936066708877,201.4806183957187,201.68776581311909,0.09707812710257713,2.0160130005843193,1.2778392592984893,193.5964829141782,-48.57246764053748,20329787.10384278,9.522799325212027e-06,1323,0.043799776734723475,-1.445965571882522,1.4440828042107998,-4095.9999999999995,4090.666666666666,C:\Users\kimeu\Downloads\starlink_pathB_wsl_package_v0_3_clean\starlink_pathB\paper_final_experiment_check\outputs\random1200_null_random1200_seed3\157_146_lst000_stress_frozen_polybeam_lines_S30_multi.npz,9.10175923472585,9444.443085672718,1.7798436919007438e-05,140609741.2109375,False,False,False,False,False,False,False,False,False,False,False,False
157_146,140.36979839670377,mid,stress,0,2461041.5,2461041.506822953,frozen_polybeam,lines,1000.0,single,coherent_ab,4,2,1,46696,76.053,0.2350680443548387,9.752069536292108e-05,0.5502745938468236,1,4,4,4,0.3308758856684498,0.5502745938468236,0.3308758856684498,0.7280464634021924,9.752069536292108e-05,5642.644279749944,0.3883612415199287,0.3883612415199287,0.003880774846126886,False,20265195,100,-1.4412564845855678,-0.3953072130115507,0.9207920792079208,0.7029702970297029,20.068388720144867,6101.572685409003,29.66871321843064,38.33940105203801,38.984107232517054,6120.623656361459,6218.72655441459,6221.182981938796,4.492836792982416,1.1398334557348566,1.033733290738158,6101.572685409003,-1868.786758532713,20329787.10384278,0.00030012968922117584,1323,0.043799776734723475,-1.445965571882522,1.4440828042107998,-4095.9999999999995,4090.666666666666,C:\Users\kimeu\Downloads\starlink_pathB_wsl_package_v0_3_clean\starlink_pathB\paper_final_experiment_check\outputs\random1200_null_random1200_seed3\157_146_lst000_stress_frozen_polybeam_lines_S1000_single.npz,9.10175923472585,9444.443085672718,1.7798436919007438e-05,140609741.2109375,False,False,False,False,False,False,False,False,False,False,False,False
157_146,140.36979839670377,mid,stress,0,2461041.5,2461041.506822953,frozen_polybeam,lines,1000.0,multi,coherent_ab,4,2,2,46696;48481,76.053;75.131,0.2350680443548387,9.752069536292108e-05,0.5502745938468236,1,4,4,4,0.3308758856684498,0.5502745938468236,0.3308758856684498,0.7280464634021924,9.752069536292108e-05,5642.644279749944,0.6452089971104655,0.3883612415199287,0.006266226729414457,False,20265212,100,-0.9069053468937527,-0.1497221760935551,0.8514851485148515,0.5346534653465347,21.463266710736207,6452.315407065124,28.34185943081684,41.25616305285585,44.22583804270522,6473.4701989604655,6689.129127315338,6727.774594401354,5.115800941948692,1.517001007108541,1.037907577829105,6452.315407065124,-1615.543775545647,20329787.10384278,0.00031738234021375924,1323,0.043799776734723475,-1.445965571882522,1.4440828042107998,-4095.9999999999995,4090.666666666666,C:\Users\kimeu\Downloads\starlink_pathB_wsl_package_v0_3_clean\starlink_pathB\paper_final_experiment_check\outputs\random1200_null_random1200_seed3\157_146_lst000_stress_frozen_polybeam_lines_S1000_multi.npz,9.10175923472585,9444.443085672718,1.7798436919007438e-05,140609741.2109375,False,False,False,False,False,False,False,False,False,False,False,False
157_146,140.36979839670377,mid,stress,0,2461041.5,2461041.506822953,frozen_polybeam,khz_comb,30.0,single,coherent_ab,4,2,1,46696,76.053,0.2350680443548387,9.752069536292108e-05,0.5502745938468236,1,4,4,4,0.3308758856684498,0.5502745938468236,0.3308758856684498,0.7280464634021924,9.752069536292108e-05,5642.644279749944,0.009868767262521293,0.009868767262521293,0.00010539888418163806,False,20265229,100,-0.7307112322579445,-0.5583470337582096,0.8910891089108911,0.7722772277227723,0.5752394434530288,168.54691261596255,0.7659642279613763,1.201282416679169,1.2336218948227906,169.13710257254127,170.7951048632761,171.05346103589562,0.17605053689476335,0.9410584707996087,0.8931000972051204,168.54691261596255,-50.47506237359642,20329787.10384278,8.290638350270942e-06,1323,0.043799776734723475,-1.445965571882522,1.4440828042107998,-4095.9999999999995,4090.666666666666,C:\Users\kimeu\Downloads\starlink_pathB_wsl_package_v0_3_clean\starlink_pathB\paper_final_experiment_check\outputs\random1200_null_random1200_seed3\157_146_lst000_stress_frozen_polybeam_khz_comb_S30_single.npz,9.10175923472585,9444.443085672718,1.7798436919007438e-05,140609741.2109375,False,False,False,False,False,False,False,False,False,False,False,False
157_146,140.36979839670377,mid,stress,0,2461041.5,2461041.506822953,frozen_polybeam,khz_comb,30.0,multi,coherent_ab,4,2,2,46696;48481,76.053;75.131,0.2350680443548387,9.752069536292108e-05,0.5502745938468236,1,4,4,4,0.3308758856684498,0.5502745938468236,0.3308758856684498,0.7280464634021924,9.752069536292108e-05,5642.644279749944,0.016210171137047848,0.009868767262521293,0.00016960684463592315,False,20265246,100,-0.7368003829616937,0.18148119972802024,0.8613861386138614,0.49504950495049505,0.6337768064986449,179.39093793413826,0.791213939381123,1.3442488499007594,1.4337029692675425,178.30009485231045,186.78859949419265,188.47924933864263,0.144123013211356,1.5583080785747554,1.0619315298942555,179.39093793413826,-44.477150316196976,20329787.10384278,8.824044099322093e-06,1323,0.043799776734723475,-1.445965571882522,1.4440828042107998,-4095.9999999999995,4090.666666666666,C:\Users\kimeu\Downloads\starlink_pathB_wsl_package_v0_3_clean\starlink_pathB\paper_final_experiment_check\outputs\random1200_null_random1200_seed3\157_146_lst000_stress_frozen_polybeam_khz_comb_S30_multi.npz,9.10175923472585,9444.443085672718,1.7798436919007438e-05,140609741.2109375,False,False,False,False,False,False,False,False,False,False,False,False
157_146,140.36979839670377,mid,stress,0,2461041.5,2461041.506822953,frozen_polybeam,khz_comb,1000.0,single,coherent_ab,4,2,1,46696,76.053,0.2350680443548387,9.752069536292108e-05,0.5502745938468236,1,4,4,4,0.3308758856684498,0.5502745938468236,0.3308758856684498,0.7280464634021924,9.752069536292108e-05,5642.644279749944,0.3289589087507098,0.3289589087507098,0.0035132961393879356,False,20265263,100,-0.7614296065523225,-0.6242629454271186,0.900990099009901,0.7821782178217822,19.173946682014503,5617.402769566732,25.746715601690084,40.09952058263588,41.307192827299225,5641.075654106129,5700.131750582724,5702.385752839726,5.822300396972423,1.2653279500378223,1.118392364484423,5617.402769566732,-1679.4747884606759,20329787.10384278,0.00027631390042962716,1323,0.043799776734723475,-1.445965571882522,1.4440828042107998,-4095.9999999999995,4090.666666666666,C:\Users\kimeu\Downloads\starlink_pathB_wsl_package_v0_3_clean\starlink_pathB\paper_final_experiment_check\outputs\random1200_null_random1200_seed3\157_146_lst000_stress_frozen_polybeam_khz_comb_S1000_single.npz,9.10175923472585,9444.443085672718,1.7798436919007438e-05,140609741.2109375,False,False,False,False,False,False,False,False,False,False,False,False
157_146,140.36979839670377,mid,stress,0,2461041.5,2461041.506822953,frozen_polybeam,khz_comb,1000.0,multi,coherent_ab,4,2,2,46696;48481,76.053;75.131,0.2350680443548387,9.752069536292108e-05,0.5502745938468236,1,4,4,4,0.3308758856684498,0.5502745938468236,0.3308758856684498,0.7280464634021924,9.752069536292108e-05,5642.644279749944,0.5403390379015949,0.3289589087507098,0.005653561487864105,False,20265280,100,-0.786128337977859,0.2092827248925134,0.8118811881188119,0.38613861386138615,21.125017486920115,5978.885693390157,27.903651802113018,45.68818055289666,49.34181359817827,5929.030597663257,6192.828798366015,6263.196408704243,5.816004825916025,2.3959961177383438,1.3060002663806705,5978.885693390157,-1479.4040786338217,20329787.10384278,0.0002940948502239856,1323,0.043799776734723475,-1.445965571882522,1.4440828042107998,-4095.9999999999995,4090.666666666666,C:\Users\kimeu\Downloads\starlink_pathB_wsl_package_v0_3_clean\starlink_pathB\paper_final_experiment_check\outputs\random1200_null_random1200_seed3\157_146_lst000_stress_frozen_polybeam_khz_comb_S1000_multi.npz,9.10175923472585,9444.443085672718,1.7798436919007438e-05,140609741.2109375,False,False,False,False,False,False,False,False,False,False,False,False
157_146,140.36979839670377,mid,stress,0,2461041.5,2461041.506822953,full_polybeam,smooth,30.0,single,coherent_ab,4,2,1,46696,76.053,0.2350680443548387,9.752069536292108e-05,0.5502745938468236,1,4,4,4,0.3308758856684498,0.5502745938468236,0.3308758856684498,0.7280464634021924,9.752069536292108e-05,5642.644279749944,0.11132817251315454,0.11132817251315454,0.000221921896381171,False,20265297,100,-1.896336261931224,-0.3964548677704658,0.7425742574257426,0.5841584158415841,2.6225684053933946,710.300686530039,3.5272830853791675,4.03594668917358,4.106835278599174,717.5170568599206,733.2070640683282,733.943231444058,0.3217898132643313,1.1293869247357124,1.0425229450974787,710.300686530039,-140.1603691556835,20329787.10384278,3.4938914160875616e-05,1323,0.043799776734723475,-1.445965571882522,1.4440828042107998,-4095.9999999999995,4090.666666666666,C:\Users\kimeu\Downloads\starlink_pathB_wsl_package_v0_3_clean\starlink_pathB\paper_final_experiment_check\outputs\random1200_null_random1200_seed3\157_146_lst000_stress_full_polybeam_smooth_S30_single.npz,9.10175923472585,9444.443085672718,1.7798436919007438e-05,140609741.2109375,False,False,False,False,False,False,False,False,False,False,False,False
157_146,140.36979839670377,mid,stress,0,2461041.5,2461041.506822953,full_polybeam,smooth,30.0,multi,coherent_ab,4,2,2,46696;48481,76.053;75.131,0.2350680443548387,9.752069536292108e-05,0.5502745938468236,1,4,4,4,0.3308758856684498,0.5502745938468236,0.3308758856684498,0.7280464634021924,9.752069536292108e-05,5642.644279749944,0.1698776404317202,0.11132817251315454,0.00033891982466273667,False,20265314,100,0.07432637814189093,0.8206395951066732,0.4752475247524752,0.26732673267326734,3.739224647917581,829.3446608115589,3.695255666600133,4.551951348904913,4.617947722516547,814.9906767132718,847.5431606918951,851.2107624716691,0.3990060102969437,1.9469664490702692,1.1871894581077749,829.3446608115589,-240.91160045878595,20329787.10384278,4.079455709867195e-05,1323,0.043799776734723475,-1.445965571882522,1.4440828042107998,-4095.9999999999995,4090.666666666666,C:\Users\kimeu\Downloads\starlink_pathB_wsl_package_v0_3_clean\starlink_pathB\paper_final_experiment_check\outputs\random1200_null_random1200_seed3\157_146_lst000_stress_full_polybeam_smooth_S30_multi.npz,9.10175923472585,9444.443085672718,1.7798436919007438e-05,140609741.2109375,False,False,False,False,False,False,False,False,False,False,False,False
157_146,140.36979839670377,mid,stress,0,2461041.5,2461041.506822953,full_polybeam,smooth,1000.0,single,coherent_ab,4,2,1,46696,76.053,0.2350680443548387,9.752069536292108e-05,0.5502745938468236,1,4,4,4,0.3308758856684498,0.5502745938468236,0.3308758856684498,0.7280464634021924,9.752069536292108e-05,5642.644279749944,3.7109390837718172,3.7109390837718172,0.007397396546039033,False,20265331,100,-1.336392560372814,-0.6848524023846518,0.7722772277227723,0.7128712871287128,87.57913807418663,23656.950544724656,113.65886023947678,135.77090187778305,137.4369779883817,24015.356985768434,24438.380508080387,24468.57165013938,13.162697946550907,1.2923799206767492,1.1229570704984182,23656.950544724656,-4677.425223065518,20329787.10384278,0.001163659531892145,1323,0.043799776734723475,-1.445965571882522,1.4440828042107998,-4095.9999999999995,4090.666666666666,C:\Users\kimeu\Downloads\starlink_pathB_wsl_package_v0_3_clean\starlink_pathB\paper_final_experiment_check\outputs\random1200_null_random1200_seed3\157_146_lst000_stress_full_polybeam_smooth_S1000_single.npz,9.10175923472585,9444.443085672718,1.7798436919007438e-05,140609741.2109375,False,False,False,False,False,False,False,False,False,False,False,False
157_146,140.36979839670377,mid,stress,0,2461041.5,2461041.506822953,full_polybeam,smooth,1000.0,multi,coherent_ab,4,2,2,46696;48481,76.053;75.131,0.2350680443548387,9.752069536292108e-05,0.5502745938468236,1,4,4,4,0.3308758856684498,0.5502745938468236,0.3308758856684498,0.7280464634021924,9.752069536292108e-05,5642.644279749944,5.662588014390673,3.7109390837718172,0.011297327488757891,False,20265348,100,0.16325291496425176,0.8331653194257931,0.42574257425742573,0.22772277227722773,124.68991454987554,27632.232009348154,122.2687885199557,149.8875023746783,154.2395806473004,27158.916844688047,28133.995573072974,28347.130564032646,10.003050390045246,2.156487784540098,1.4634850022301322,27632.232009348154,-8041.67623060339,20329787.10384278,0.0013591992807502175,1323,0.043799776734723475,-1.445965571882522,1.4440828042107998,-4095.9999999999995,4090.666666666666,C:\Users\kimeu\Downloads\starlink_pathB_wsl_package_v0_3_clean\starlink_pathB\paper_final_experiment_check\outputs\random1200_null_random1200_seed3\157_146_lst000_stress_full_polybeam_smooth_S1000_multi.npz,9.10175923472585,9444.443085672718,1.7798436919007438e-05,140609741.2109375,False,False,False,False,False,False,False,False,False,False,False,False
157_146,140.36979839670377,mid,stress,0,2461041.5,2461041.506822953,full_polybeam,lines,30.0,single,coherent_ab,4,2,1,46696,76.053,0.2350680443548387,9.752069536292108e-05,0.5502745938468236,1,4,4,4,0.3308758856684498,0.5502745938468236,0.3308758856684498,0.7280464634021924,9.752069536292108e-05,5642.644279749944,0.11131451845522876,0.11131451845522876,0.00022208128625653508,False,20265365,100,-1.284240084550784,-0.990988910205955,0.7029702970297029,0.7524752475247525,2.624315714027034,710.1966440518247,3.4930430913809687,4.113574202475865,4.14452122548304,723.1317539766014,732.2934421013181,734.285286935465,0.4562609402855742,1.0250675718844673,0.9213325261590155,710.1966440518247,-140.25066480977588,20329787.10384278,3.493379642512743e-05,1323,0.043799776734723475,-1.445965571882522,1.4440828042107998,-4095.9999999999995,4090.666666666666,C:\Users\kimeu\Downloads\starlink_pathB_wsl_package_v0_3_clean\starlink_pathB\paper_final_experiment_check\outputs\random1200_null_random1200_seed3\157_146_lst000_stress_full_polybeam_lines_S30_single.npz,9.10175923472585,9444.443085672718,1.7798436919007438e-05,140609741.2109375,False,False,False,False,False,False,False,False,False,False,False,False
157_146,140.36979839670377,mid,stress,0,2461041.5,2461041.506822953,full_polybeam,lines,30.0,multi,coherent_ab,4,2,2,46696;48481,76.053;75.131,0.2350680443548387,9.752069536292108e-05,0.5502745938468236,1,4,4,4,0.3308758856684498,0.5502745938468236,0.3308758856684498,0.7280464634021924,9.752069536292108e-05,5642.644279749944,0.16985457017831507,0.11131451845522876,0.00033918675476089896,False,20265382,100,0.2426846417169029,0.6911951401088547,0.3465346534653465,0.2376237623762376,3.7327168399824586,829.15821320501,3.5509019936762343,4.571685563681967,4.651310271488183,818.5605939544696,848.9552927932766,851.0680642267091,0.505316005584973,1.8628508252477949,1.206268535976862,829.15821320501,-241.1421307634069,20329787.10384278,4.0785385944758896e-05,1323,0.043799776734723475,-1.445965571882522,1.4440828042107998,-4095.9999999999995,4090.666666666666,C:\Users\kimeu\Downloads\starlink_pathB_wsl_package_v0_3_clean\starlink_pathB\paper_final_experiment_check\outputs\random1200_null_random1200_seed3\157_146_lst000_stress_full_polybeam_lines_S30_multi.npz,9.10175923472585,9444.443085672718,1.7798436919007438e-05,140609741.2109375,False,False,False,False,False,False,False,False,False,False,False,False
157_146,140.36979839670377,mid,stress,0,2461041.5,2461041.506822953,full_polybeam,lines,1000.0,single,coherent_ab,4,2,1,46696,76.053,0.2350680443548387,9.752069536292108e-05,0.5502745938468236,1,4,4,4,0.3308758856684498,0.5502745938468236,0.3308758856684498,0.7280464634021924,9.752069536292108e-05,5642.644279749944,3.710483948507625,3.710483948507625,0.007402709541884501,False,20265399,100,-2.031390277388798,-0.7942296846528578,0.7623762376237624,0.7227722772277227,87.63941122405231,23653.656420065145,118.57727729172257,137.48759542009066,138.3002520662728,24050.156746042296,24447.971583450544,24498.95682791026,10.272425251238019,1.0224183664531752,0.93834419320461,23653.656420065145,-4680.442248775438,20329787.10384278,0.0011634974975017855,1323,0.043799776734723475,-1.445965571882522,1.4440828042107998,-4095.9999999999995,4090.666666666666,C:\Users\kimeu\Downloads\starlink_pathB_wsl_package_v0_3_clean\starlink_pathB\paper_final_experiment_check\outputs\random1200_null_random1200_seed3\157_146_lst000_stress_full_polybeam_lines_S1000_single.npz,9.10175923472585,9444.443085672718,1.7798436919007438e-05,140609741.2109375,False,False,False,False,False,False,False,False,False,False,False,False
157_146,140.36979839670377,mid,stress,0,2461041.5,2461041.506822953,full_polybeam,lines,1000.0,multi,coherent_ab,4,2,2,46696;48481,76.053;75.131,0.2350680443548387,9.752069536292108e-05,0.5502745938468236,1,4,4,4,0.3308758856684498,0.5502745938468236,0.3308758856684498,0.7280464634021924,9.752069536292108e-05,5642.644279749944,5.661819005943835,3.710483948507625,0.01130622515869663,False,20265416,100,0.30811930123971915,0.6442480018107176,0.3465346534653465,0.297029702970297,124.47211849275118,27626.149807160946,119.30914279596254,151.93041401403605,158.31776007308451,27214.883022093032,28292.72127801996,28354.638483446543,11.302048865081815,2.7492321465193252,1.5861023477227312,27626.149807160946,-8049.372877575966,20329787.10384278,0.001358900103874624,1323,0.043799776734723475,-1.445965571882522,1.4440828042107998,-4095.9999999999995,4090.666666666666,C:\Users\kimeu\Downloads\starlink_pathB_wsl_package_v0_3_clean\starlink_pathB\paper_final_experiment_check\outputs\random1200_null_random1200_seed3\157_146_lst000_stress_full_polybeam_lines_S1000_multi.npz,9.10175923472585,9444.443085672718,1.7798436919007438e-05,140609741.2109375,False,False,False,False,False,False,False,False,False,False,False,False
157_146,140.36979839670377,mid,stress,0,2461041.5,2461041.506822953,full_polybeam,khz_comb,30.0,single,coherent_ab,4,2,1,46696,76.053,0.2350680443548387,9.752069536292108e-05,0.5502745938468236,1,4,4,4,0.3308758856684498,0.5502745938468236,0.3308758856684498,0.7280464634021924,9.752069536292108e-05,5642.644279749944,0.09160943311860402,0.09160943311860402,0.000192147112324585,False,20265433,100,-1.5218820694029618,-0.3532372683723039,0.7821782178217822,0.6435643564356436,2.1546279173198855,588.3062073575302,2.8611020458884013,3.336559218192997,3.395898641873064,592.9908025881318,605.8290739743182,606.7383603761247,0.31310591083820327,1.0653724442963077,1.009461695058428,588.3062073575302,-119.25089341227306,20329787.10384278,2.893813911343554e-05,1323,0.043799776734723475,-1.445965571882522,1.4440828042107998,-4095.9999999999995,4090.666666666666,C:\Users\kimeu\Downloads\starlink_pathB_wsl_package_v0_3_clean\starlink_pathB\paper_final_experiment_check\outputs\random1200_null_random1200_seed3\157_146_lst000_stress_full_polybeam_khz_comb_S30_single.npz,9.10175923472585,9444.443085672718,1.7798436919007438e-05,140609741.2109375,False,False,False,False,False,False,False,False,False,False,False,False
157_146,140.36979839670377,mid,stress,0,2461041.5,2461041.506822953,full_polybeam,khz_comb,30.0,multi,coherent_ab,4,2,2,46696;48481,76.053;75.131,0.2350680443548387,9.752069536292108e-05,0.5502745938468236,1,4,4,4,0.3308758856684498,0.5502745938468236,0.3308758856684498,0.7280464634021924,9.752069536292108e-05,5642.644279749944,0.1397866253439169,0.09160943311860402,0.0002938912403252661,False,20265450,100,0.23750742891026383,0.9020946092397533,0.32673267326732675,0.24752475247524752,3.1505599111769698,686.4709714065941,3.054624913915177,3.5953434835537337,3.7331153009043927,674.7821533999554,702.7284151519117,705.5947195595264,0.27244313771734596,1.8523065989164555,1.1786507186360151,686.4709714065941,-202.81365358485994,20329787.10384278,3.376675652824893e-05,1323,0.043799776734723475,-1.445965571882522,1.4440828042107998,-4095.9999999999995,4090.666666666666,C:\Users\kimeu\Downloads\starlink_pathB_wsl_package_v0_3_clean\starlink_pathB\paper_final_experiment_check\outputs\random1200_null_random1200_seed3\157_146_lst000_stress_full_polybeam_khz_comb_S30_multi.npz,9.10175923472585,9444.443085672718,1.7798436919007438e-05,140609741.2109375,False,False,False,False,False,False,False,False,False,False,False,False
157_146,140.36979839670377,mid,stress,0,2461041.5,2461041.506822953,full_polybeam,khz_comb,1000.0,single,coherent_ab,4,2,1,46696,76.053,0.2350680443548387,9.752069536292108e-05,0.5502745938468236,1,4,4,4,0.3308758856684498,0.5502745938468236,0.3308758856684498,0.7280464634021924,9.752069536292108e-05,5642.644279749944,3.0536477706201337,3.0536477706201337,0.006404903744152835,False,20265467,100,-1.4499699982951944,-0.7992035465220444,0.8118811881188119,0.6534653465346535,71.93230722949374,19597.52483872015,95.446066160599,112.5833974252222,113.6836725594713,19915.85944819771,20214.459527784456,20226.91736053466,10.938028468339326,1.4599270590527462,1.2660433173633843,19597.52483872015,-3977.7927570477646,20329787.10384278,0.0009639808197999173,1323,0.043799776734723475,-1.445965571882522,1.4440828042107998,-4095.9999999999995,4090.666666666666,C:\Users\kimeu\Downloads\starlink_pathB_wsl_package_v0_3_clean\starlink_pathB\paper_final_experiment_check\outputs\random1200_null_random1200_seed3\157_146_lst000_stress_full_polybeam_khz_comb_S1000_single.npz,9.10175923472585,9444.443085672718,1.7798436919007438e-05,140609741.2109375,False,False,False,False,False,False,False,False,False,False,False,False
157_146,140.36979839670377,mid,stress,0,2461041.5,2461041.506822953,full_polybeam,khz_comb,1000.0,multi,coherent_ab,4,2,2,46696;48481,76.053;75.131,0.2350680443548387,9.752069536292108e-05,0.5502745938468236,1,4,4,4,0.3308758856684498,0.5502745938468236,0.3308758856684498,0.7280464634021924,9.752069536292108e-05,5642.644279749944,4.659554178130563,3.0536477706201337,0.009796374677508872,False,20265484,100,0.24411089434599892,0.4976894562499495,0.33663366336633666,0.27722772277227725,105.05129081077757,22873.910021798656,102.13048859301853,125.98620841536467,131.88274057962678,22606.355453258955,23319.37709914312,23400.372428209892,8.070324396685464,2.204495817981576,1.3533122264729738,22873.910021798656,-6767.247363991978,20329787.10384278,0.0011251426247092858,1323,0.043799776734723475,-1.445965571882522,1.4440828042107998,-4095.9999999999995,4090.666666666666,C:\Users\kimeu\Downloads\starlink_pathB_wsl_package_v0_3_clean\starlink_pathB\paper_final_experiment_check\outputs\random1200_null_random1200_seed3\157_146_lst000_stress_full_polybeam_khz_comb_S1000_multi.npz,9.10175923472585,9444.443085672718,1.7798436919007438e-05,140609741.2109375,False,False,False,False,False,False,False,False,False,False,False,False
159_76,156.200250406372,mid,quiet,22,2461041.652777778,2461041.6596007315,frozen_polybeam,smooth,30.0,single,coherent_ab,3,2,1,49811,75.690,0.1653960853494623,1.856210936167349e-08,0.0434769020580605,0,3,3,3,0.0,0.0434769020580605,0.0,0.1229563272443203,1.856210936167349e-08,2342239.3010909874,4.4639938620342824e-05,4.4639938620342824e-05,8.294615721090324e-07,False,20265523,100,-0.22472261715666797,-1.0172798229465667,0.5742574257425742,0.9108910891089109,0.002210016846220242,0.2911671595354397,0.002330075086774741,0.003015536829434495,0.003019460800496745,0.30451816285875366,0.3141114366529052,0.314561669439572,0.0003603472355280246,1.1736262835980498,1.0745293351651772,0.2911671595354397,-0.00039863852278276823,2853791.4132691333,1.0202818544537421e-07,1303,0.04873937393834462,-1.445965571882522,1.4440828042107998,-4095.9999999999995,4090.666666666666,C:\Users\kimeu\Downloads\starlink_pathB_wsl_package_v0_3_clean\starlink_pathB\paper_final_experiment_check\outputs\random1200_null_random1200_seed3\159_76_lst022_quiet_frozen_polybeam_smooth_S30_single.npz,9.10175923472585,9444.443085672718,1.7798436919007438e-05,140609741.2109375,False,False,False,False,False,False,False,False,False,False,False,False
159_76,156.200250406372,mid,quiet,22,2461041.652777778,2461041.6596007315,frozen_polybeam,smooth,30.0,multi,coherent_ab,3,2,2,49811;56318,75.690;72.121,0.1653960853494623,1.856210936167349e-08,0.0434769020580605,0,3,3,3,0.0,0.0434769020580605,0.0,0.1229563272443203,1.856210936167349e-08,2342239.3010909874,0.03326045800410399,0.03321581806548365,0.0002023917581512612,False,20265540,100,-0.502944436454546,0.47915232967033966,0.6336633663366337,0.3564356435643564,0.6053936968723974,102.36950976768654,0.6712436305776919,0.7947133781790399,0.809405853016533,100.45113651378405,103.88996889266132,103.9017225486756,0.08831029548605329,1.3637263503885473,1.2896067412304038,102.36950976768654,24.19250551674284,2853791.4132691333,3.587140576977843e-05,1303,0.04873937393834462,-1.445965571882522,1.4440828042107998,-4095.9999999999995,4090.666666666666,C:\Users\kimeu\Downloads\starlink_pathB_wsl_package_v0_3_clean\starlink_pathB\paper_final_experiment_check\outputs\random1200_null_random1200_seed3\159_76_lst022_quiet_frozen_polybeam_smooth_S30_multi.npz,9.10175923472585,9444.443085672718,1.7798436919007438e-05,140609741.2109375,False,False,False,False,False,False,False,False,False,False,False,False
159_76,156.200250406372,mid,quiet,22,2461041.652777778,2461041.6596007315,frozen_polybeam,smooth,1000.0,single,coherent_ab,3,2,1,49811,75.690,0.1653960853494623,1.856210936167349e-08,0.0434769020580605,0,3,3,3,0.0,0.0434769020580605,0.0,0.1229563272443203,1.856210936167349e-08,2342239.3010909874,0.001487997954011427,0.001487997954011427,2.7648719070301082e-05,False,20265557,100,-0.3710994582020226,-0.6880743954829076,0.6336633663366337,0.9108910891089109,0.07366852272389224,9.705551183298201,0.08110496602603234,0.10039416872332367,0.10080705908028903,9.971608154383812,10.48355735123338,10.491526683244217,0.013516086266918137,1.107645228406115,0.9999472503884509,9.705551183298201,-0.012890753086055584,2853791.4132691333,3.4009322258700403e-06,1303,0.04873937393834462,-1.445965571882522,1.4440828042107998,-4095.9999999999995,4090.666666666666,C:\Users\kimeu\Downloads\starlink_pathB_wsl_package_v0_3_clean\starlink_pathB\paper_final_experiment_check\outputs\random1200_null_random1200_seed3\159_76_lst022_quiet_frozen_polybeam_smooth_S1000_single.npz,9.10175923472585,9444.443085672718,1.7798436919007438e-05,140609741.2109375,False,False,False,False,False,False,False,False,False,False,False,False
159_76,156.200250406372,mid,quiet,22,2461041.652777778,2461041.6596007315,frozen_polybeam,smooth,1000.0,multi,coherent_ab,3,2,2,49811;56318,75.690;72.121,0.1653960853494623,1.856210936167349e-08,0.0434769020580605,0,3,3,3,0.0,0.0434769020580605,0.0,0.1229563272443203,1.856210936167349e-08,2342239.3010909874,1.108681933470133,1.1071939355161216,0.006746391938375375,False,20265574,100,-0.3200627640026839,0.4319784694790482,0.594059405940594,0.37623762376237624,20.17005155487732,3412.2689026821017,21.841400014807732,26.74116387056747,26.93940515025968,3344.4692962230324,3461.7236521939267,3463.851087886565,3.5221500870343334,1.0534808311419595,0.9745410329012637,3412.2689026821017,802.5025637049625,2853791.4132691333,0.0011956966745418896,1303,0.04873937393834462,-1.445965571882522,1.4440828042107998,-4095.9999999999995,4090.666666666666,C:\Users\kimeu\Downloads\starlink_pathB_wsl_package_v0_3_clean\starlink_pathB\paper_final_experiment_check\outputs\random1200_null_random1200_seed3\159_76_lst022_quiet_frozen_polybeam_smooth_S1000_multi.npz,9.10175923472585,9444.443085672718,1.7798436919007438e-05,140609741.2109375,False,False,False,False,False,False,False,False,False,False,False,False
159_76,156.200250406372,mid,quiet,22,2461041.652777778,2461041.6596007315,frozen_polybeam,lines,30.0,single,coherent_ab,3,2,1,49811,75.690,0.1653960853494623,1.856210936167349e-08,0.0434769020580605,0,3,3,3,0.0,0.0434769020580605,0.0,0.1229563272443203,1.856210936167349e-08,2342239.3010909874,4.4639938620342824e-05,4.4639938620342824e-05,8.3044250093812e-07,False,20265591,100,-0.37280130158930913,-0.983915881644322,0.6633663366336634,0.8910891089108911,0.002175202578655444,0.2911966847043437,0.0024230536851064244,0.003022696254811308,0.003040699219054659,0.3035629937059371,0.31423372845384534,0.3147823808426352,0.00044842461738880957,0.9350523079032497,0.871944036296782,0.2911966847043437,-0.0003659131567617102,2853791.4132691333,1.0203853139033946e-07,1303,0.04873937393834462,-1.445965571882522,1.4440828042107998,-4095.9999999999995,4090.666666666666,C:\Users\kimeu\Downloads\starlink_pathB_wsl_package_v0_3_clean\starlink_pathB\paper_final_experiment_check\outputs\random1200_null_random1200_seed3\159_76_lst022_quiet_frozen_polybeam_lines_S30_single.npz,9.10175923472585,9444.443085672718,1.7798436919007438e-05,140609741.2109375,False,False,False,False,False,False,False,False,False,False,False,False
159_76,156.200250406372,mid,quiet,22,2461041.652777778,2461041.6596007315,frozen_polybeam,lines,30.0,multi,coherent_ab,3,2,2,49811;56318,75.690;72.121,0.1653960853494623,1.856210936167349e-08,0.0434769020580605,0,3,3,3,0.0,0.0434769020580605,0.0,0.1229563272443203,1.856210936167349e-08,2342239.3010909874,0.03326008729898716,0.03321544736036682,0.00020264686500751585,False,20265608,100,-0.3489794445948225,0.25772707433924186,0.5445544554455446,0.40594059405940597,0.6178012424647932,102.31846780645276,0.6648753460301577,0.7709537886214548,0.7901770859133194,101.33932126487662,103.92440986718043,104.01101630857113,0.090982573206702,1.1852749047665003,1.0395013865940321,102.31846780645276,24.159842374345857,2853791.4132691333,3.5853520103364115e-05,1303,0.04873937393834462,-1.445965571882522,1.4440828042107998,-4095.9999999999995,4090.666666666666,C:\Users\kimeu\Downloads\starlink_pathB_wsl_package_v0_3_clean\starlink_pathB\paper_final_experiment_check\outputs\random1200_null_random1200_seed3\159_76_lst022_quiet_frozen_polybeam_lines_S30_multi.npz,9.10175923472585,9444.443085672718,1.7798436919007438e-05,140609741.2109375,False,False,False,False,False,False,False,False,False,False,False,False
159_76,156.200250406372,mid,quiet,22,2461041.652777778,2461041.6596007315,frozen_polybeam,lines,1000.0,single,coherent_ab,3,2,1,49811,75.690,0.1653960853494623,1.856210936167349e-08,0.0434769020580605,0,3,3,3,0.0,0.0434769020580605,0.0,0.1229563272443203,1.856210936167349e-08,2342239.3010909874,0.001487997954011427,0.001487997954011427,2.7681416697937337e-05,False,20265625,100,-0.23993634224286758,-0.7547998413158485,0.5742574257425742,0.8217821782178217,0.07250800284964498,9.706534646089963,0.07754215825752908,0.10037867594401177,0.1012032336728953,10.085796496638824,10.486099482204782,10.494734733012118,0.014151634023619408,1.0373327232160319,1.002312907424907,9.706534646089963,-0.011799825187069457,2853791.4132691333,3.4012768420838215e-06,1303,0.04873937393834462,-1.445965571882522,1.4440828042107998,-4095.9999999999995,4090.666666666666,C:\Users\kimeu\Downloads\starlink_pathB_wsl_package_v0_3_clean\starlink_pathB\paper_final_experiment_check\outputs\random1200_null_random1200_seed3\159_76_lst022_quiet_frozen_polybeam_lines_S1000_single.npz,9.10175923472585,9444.443085672718,1.7798436919007438e-05,140609741.2109375,False,False,False,False,False,False,False,False,False,False,False,False
159_76,156.200250406372,mid,quiet,22,2461041.652777778,2461041.6596007315,frozen_polybeam,lines,1000.0,multi,coherent_ab,3,2,2,49811;56318,75.690;72.121,0.1653960853494623,1.856210936167349e-08,0.0434769020580605,0,3,3,3,0.0,0.0434769020580605,0.0,0.1229563272443203,1.856210936167349e-08,2342239.3010909874,1.1086695766329053,1.1071815786788939,0.006754895500250529,False,20265642,100,-0.49005393794704666,0.29925957756640115,0.6138613861386139,0.44554455445544555,20.583656229386634,3410.6154828837366,22.40266856899666,26.173264547299596,26.39404391312547,3376.905512181323,3466.606887807236,3467.893820943409,2.5036162745282127,1.2795695917372305,1.2252578341359999,3410.6154828837366,801.4156435224269,2853791.4132691333,0.0011951172980006759,1303,0.04873937393834462,-1.445965571882522,1.4440828042107998,-4095.9999999999995,4090.666666666666,C:\Users\kimeu\Downloads\starlink_pathB_wsl_package_v0_3_clean\starlink_pathB\paper_final_experiment_check\outputs\random1200_null_random1200_seed3\159_76_lst022_quiet_frozen_polybeam_lines_S1000_multi.npz,9.10175923472585,9444.443085672718,1.7798436919007438e-05,140609741.2109375,False,False,False,False,False,False,False,False,False,False,False,False
159_76,156.200250406372,mid,quiet,22,2461041.652777778,2461041.6596007315,frozen_polybeam,khz_comb,30.0,single,coherent_ab,3,2,1,49811,75.690,0.1653960853494623,1.856210936167349e-08,0.0434769020580605,0,3,3,3,0.0,0.0434769020580605,0.0,0.1229563272443203,1.856210936167349e-08,2342239.3010909874,4.457333772303118e-05,4.457333772303118e-05,7.509655089095204e-07,False,20265659,100,-0.05336485079424163,-0.6369153852777257,0.5346534653465347,0.7920792079207921,0.002169482879253337,0.28042421832133724,0.0022092422964306024,0.002931868323503295,0.0030021024375673734,0.28859348839829935,0.3024145894140707,0.3028250566325973,0.0005025285199735663,0.9427512586690866,0.8497606356449169,0.28042421832133724,0.002700998550350109,2853791.4132691333,9.82637403061284e-08,1303,0.04873937393834462,-1.445965571882522,1.4440828042107998,-4095.9999999999995,4090.666666666666,C:\Users\kimeu\Downloads\starlink_pathB_wsl_package_v0_3_clean\starlink_pathB\paper_final_experiment_check\outputs\random1200_null_random1200_seed3\159_76_lst022_quiet_frozen_polybeam_khz_comb_S30_single.npz,9.10175923472585,9444.443085672718,1.7798436919007438e-05,140609741.2109375,False,False,False,False,False,False,False,False,False,False,False,False
159_76,156.200250406372,mid,quiet,22,2461041.652777778,2461041.6596007315,frozen_polybeam,khz_comb,30.0,multi,coherent_ab,3,2,2,49811;56318,75.690;72.121,0.1653960853494623,1.856210936167349e-08,0.0434769020580605,0,3,3,3,0.0,0.0434769020580605,0.0,0.1229563272443203,1.856210936167349e-08,2342239.3010909874,0.0273801657266699,0.027335592388946867,0.00018066443640992955,False,20265676,100,0.14302990030333304,0.7371604772293918,0.46534653465346537,0.27722772277227725,0.5874769154152091,96.83036826607687,0.564717025601567,0.7818910355223578,0.7988009350349876,93.34443893475478,97.76771336484863,97.93331526737178,0.10732955370485797,1.121921664327467,1.0529746971229172,96.83036826607687,22.278764884575843,2853791.4132691333,3.3930429468618304e-05,1303,0.04873937393834462,-1.445965571882522,1.4440828042107998,-4095.9999999999995,4090.666666666666,C:\Users\kimeu\Downloads\starlink_pathB_wsl_package_v0_3_clean\starlink_pathB\paper_final_experiment_check\outputs\random1200_null_random1200_seed3\159_76_lst022_quiet_frozen_polybeam_khz_comb_S30_multi.npz,9.10175923472585,9444.443085672718,1.7798436919007438e-05,140609741.2109375,False,False,False,False,False,False,False,False,False,False,False,False
159_76,156.200250406372,mid,quiet,22,2461041.652777778,2461041.6596007315,frozen_polybeam,khz_comb,1000.0,single,coherent_ab,3,2,1,49811,75.690,0.1653960853494623,1.856210936167349e-08,0.0434769020580605,0,3,3,3,0.0,0.0434769020580605,0.0,0.1229563272443203,1.856210936167349e-08,2342239.3010909874,0.0014857779241010398,0.0014857779241010398,2.5032183630317353e-05,False,20265693,100,-0.13389579069218627,-0.6564624031592132,0.6138613861386139,0.8118811881188119,0.07231738069458515,9.347463279017605,0.07511764582068281,0.09887542827618745,0.10008594934941356,9.660211230363561,10.091366138628286,10.096798447636496,0.014106141364663927,1.0543914443633133,0.9867992632326276,9.347463279017605,0.09039938106191281,2853791.4132691333,3.2754542730611514e-06,1303,0.04873937393834462,-1.445965571882522,1.4440828042107998,-4095.9999999999995,4090.666666666666,C:\Users\kimeu\Downloads\starlink_pathB_wsl_package_v0_3_clean\starlink_pathB\paper_final_experiment_check\outputs\random1200_null_random1200_seed3\159_76_lst022_quiet_frozen_polybeam_khz_comb_S1000_single.npz,9.10175923472585,9444.443085672718,1.7798436919007438e-05,140609741.2109375,False,False,False,False,False,False,False,False,False,False,False,False
159_76,156.200250406372,mid,quiet,22,2461041.652777778,2461041.6596007315,frozen_polybeam,khz_comb,1000.0,multi,coherent_ab,3,2,2,49811;56318,75.690;72.121,0.1653960853494623,1.856210936167349e-08,0.0434769020580605,0,3,3,3,0.0,0.0434769020580605,0.0,0.1229563272443203,1.856210936167349e-08,2342239.3010909874,0.9126721908889963,0.9111864129648952,0.006022147880330983,False,20265710,100,-0.12420100928210556,0.5084108970899945,0.5643564356435643,0.32673267326732675,19.576029119032228,3228.0403140426383,20.183396737892508,26.412686482242226,26.610803836074837,3163.1173057571214,3258.85631474014,3267.696248367655,3.2983938608426797,1.069526916870672,0.9792499309531179,3228.0403140426383,740.6952357932073,2853791.4132691333,0.0011311409443007566,1303,0.04873937393834462,-1.445965571882522,1.4440828042107998,-4095.9999999999995,4090.666666666666,C:\Users\kimeu\Downloads\starlink_pathB_wsl_package_v0_3_clean\starlink_pathB\paper_final_experiment_check\outputs\random1200_null_random1200_seed3\159_76_lst022_quiet_frozen_polybeam_khz_comb_S1000_multi.npz,9.10175923472585,9444.443085672718,1.7798436919007438e-05,140609741.2109375,False,False,False,False,False,False,False,False,False,False,False,False
159_76,156.200250406372,mid,quiet,22,2461041.652777778,2461041.6596007315,full_polybeam,smooth,30.0,single,coherent_ab,3,2,1,49811,75.690,0.1653960853494623,1.856210936167349e-08,0.0434769020580605,0,3,3,3,0.0,0.0434769020580605,0.0,0.1229563272443203,1.856210936167349e-08,2342239.3010909874,0.0007019342703946024,0.0007019342703946024,1.4761177137217754e-05,False,20265727,100,2.092007602466383,1.1802362911265052,0.04950495049504951,0.07920792079207921,0.04263808225368848,3.2776769217232267,0.0311874868752966,0.04248015980720084,0.043005234011016004,3.253086079203285,3.2805585408153215,3.2823372489453644,0.0036918225173394603,1.0109535560729375,0.9299871609683212,3.2776769217232267,-0.2295001397743488,2853791.4132691333,1.1485341593233388e-06,1303,0.04873937393834462,-1.445965571882522,1.4440828042107998,-4095.9999999999995,4090.666666666666,C:\Users\kimeu\Downloads\starlink_pathB_wsl_package_v0_3_clean\starlink_pathB\paper_final_experiment_check\outputs\random1200_null_random1200_seed3\159_76_lst022_quiet_full_polybeam_smooth_S30_single.npz,9.10175923472585,9444.443085672718,1.7798436919007438e-05,140609741.2109375,True,False,True,False,False,False,False,False,False,False,False,False
159_76,156.200250406372,mid,quiet,22,2461041.652777778,2461041.6596007315,full_polybeam,smooth,30.0,multi,coherent_ab,3,2,2,49811;56318,75.690;72.121,0.1653960853494623,1.856210936167349e-08,0.0434769020580605,0,3,3,3,0.0,0.0434769020580605,0.0,0.1229563272443203,1.856210936167349e-08,2342239.3010909874,0.05722133019054487,0.05651939592015027,0.0003620563116112414,False,20265744,100,-0.6104906634952758,0.7636751558804276,0.7128712871287128,0.297029702970297,0.8160105320084767,163.7287263253657,0.8760561495161028,0.9980943970950192,1.020514472475388,159.49080762129353,165.72696926839495,165.815464789999,0.06634043168503467,1.0078446813564275,0.8862748597401289,163.7287263253657,57.748316589356904,2853791.4132691333,5.7372352290389656e-05,1303,0.04873937393834462,-1.445965571882522,1.4440828042107998,-4095.9999999999995,4090.666666666666,C:\Users\kimeu\Downloads\starlink_pathB_wsl_package_v0_3_clean\starlink_pathB\paper_final_experiment_check\outputs\random1200_null_random1200_seed3\159_76_lst022_quiet_full_polybeam_smooth_S30_multi.npz,9.10175923472585,9444.443085672718,1.7798436919007438e-05,140609741.2109375,False,False,False,False,False,False,False,False,False,False,False,False
159_76,156.200250406372,mid,quiet,22,2461041.652777778,2461041.6596007315,full_polybeam,smooth,1000.0,single,coherent_ab,3,2,1,49811,75.690,0.1653960853494623,1.856210936167349e-08,0.0434769020580605,0,3,3,3,0.0,0.0434769020580605,0.0,0.1229563272443203,1.856210936167349e-08,2342239.3010909874,0.023397809013153414,0.023397809013153414,0.0004920392379072586,False,20265761,100,1.0120896775054238,0.9341131922536425,0.07920792079207921,0.1188118811881188,1.421468253227431,109.25022090691476,1.1535453099731967,1.428918904641796,1.4355912976709078,108.48652763389434,109.37692454603848,109.41890850144873,0.17855290246825462,1.8006716547702581,1.4494478343042807,109.25022090691476,-7.577006971389798,2853791.4132691333,3.8282482874865836e-05,1303,0.04873937393834462,-1.445965571882522,1.4440828042107998,-4095.9999999999995,4090.666666666666,C:\Users\kimeu\Downloads\starlink_pathB_wsl_package_v0_3_clean\starlink_pathB\paper_final_experiment_check\outputs\random1200_null_random1200_seed3\159_76_lst022_quiet_full_polybeam_smooth_S1000_single.npz,9.10175923472585,9444.443085672718,1.7798436919007438e-05,140609741.2109375,False,False,False,False,False,False,False,False,False,False,False,False
159_76,156.200250406372,mid,quiet,22,2461041.652777778,2461041.6596007315,full_polybeam,smooth,1000.0,multi,coherent_ab,3,2,2,49811;56318,75.690;72.121,0.1653960853494623,1.856210936167349e-08,0.0434769020580605,0,3,3,3,0.0,0.0434769020580605,0.0,0.1229563272443203,1.856210936167349e-08,2342239.3010909874,1.9073776730181629,1.8839798640050094,0.012068543720374709,False,20265778,100,-0.22240811314647294,0.5656438136255864,0.5544554455445545,0.26732673267326734,27.3194290529309,5472.685019111578,28.080673527755607,33.26389713456051,34.19540399281767,5381.040846483255,5535.720352773527,5544.972443801138,2.3086044690902554,1.3035585217153485,1.1448315955964368,5472.685019111578,1973.4266950344334,2853791.4132691333,0.0019176892164106684,1303,0.04873937393834462,-1.445965571882522,1.4440828042107998,-4095.9999999999995,4090.666666666666,C:\Users\kimeu\Downloads\starlink_pathB_wsl_package_v0_3_clean\starlink_pathB\paper_final_experiment_check\outputs\random1200_null_random1200_seed3\159_76_lst022_quiet_full_polybeam_smooth_S1000_multi.npz,9.10175923472585,9444.443085672718,1.7798436919007438e-05,140609741.2109375,False,False,False,False,False,False,False,False,False,False,False,False
159_76,156.200250406372,mid,quiet,22,2461041.652777778,2461041.6596007315,full_polybeam,lines,30.0,single,coherent_ab,3,2,1,49811,75.690,0.1653960853494623,1.856210936167349e-08,0.0434769020580605,0,3,3,3,0.0,0.0434769020580605,0.0,0.1229563272443203,1.856210936167349e-08,2342239.3010909874,0.0007018692447691886,0.0007018692447691886,1.4770338283125313e-05,False,20265795,100,1.678301344950492,0.9192042281997105,0.0594059405940594,0.0891089108910891,0.04252567552248365,3.276666358159636,0.032144596567832195,0.04246251907297847,0.0429017714614929,3.2597457783533166,3.2790954325786497,3.28002613307284,0.004172040884895978,1.3184733565549727,1.200803697565099,3.276666358159636,-0.22917748903194912,2853791.4132691333,1.1481800467000784e-06,1303,0.04873937393834462,-1.445965571882522,1.4440828042107998,-4095.9999999999995,4090.666666666666,C:\Users\kimeu\Downloads\starlink_pathB_wsl_package_v0_3_clean\starlink_pathB\paper_final_experiment_check\outputs\random1200_null_random1200_seed3\159_76_lst022_quiet_full_polybeam_lines_S30_single.npz,9.10175923472585,9444.443085672718,1.7798436919007438e-05,140609741.2109375,False,False,False,False,False,False,False,False,False,False,False,False
159_76,156.200250406372,mid,quiet,22,2461041.652777778,2461041.6596007315,full_polybeam,lines,30.0,multi,coherent_ab,3,2,2,49811;56318,75.690;72.121,0.1653960853494623,1.856210936167349e-08,0.0434769020580605,0,3,3,3,0.0,0.0434769020580605,0.0,0.1229563272443203,1.856210936167349e-08,2342239.3010909874,0.05722120566336496,0.056519336418595766,0.00036240029243587464,False,20265812,100,-0.875550993543901,0.7582418608624327,0.6732673267326733,0.2376237623762376,0.8249948190182295,163.57320324369584,0.9018785745874993,1.0030479399466912,1.009431253136745,160.03325354494837,165.54112027269522,165.75633867244093,0.059228283752418065,1.0950775902373382,0.9103102765895316,163.57320324369584,57.568472295533596,2853791.4132691333,5.7317855286527806e-05,1303,0.04873937393834462,-1.445965571882522,1.4440828042107998,-4095.9999999999995,4090.666666666666,C:\Users\kimeu\Downloads\starlink_pathB_wsl_package_v0_3_clean\starlink_pathB\paper_final_experiment_check\outputs\random1200_null_random1200_seed3\159_76_lst022_quiet_full_polybeam_lines_S30_multi.npz,9.10175923472585,9444.443085672718,1.7798436919007438e-05,140609741.2109375,False,False,False,False,False,False,False,False,False,False,False,False
159_76,156.200250406372,mid,quiet,22,2461041.652777778,2461041.6596007315,full_polybeam,lines,1000.0,single,coherent_ab,3,2,1,49811,75.690,0.1653960853494623,1.856210936167349e-08,0.0434769020580605,0,3,3,3,0.0,0.0434769020580605,0.0,0.1229563272443203,1.856210936167349e-08,2342239.3010909874,0.023395641492306284,0.023395641492306284,0.0004923446094375105,False,20265829,100,1.3784191144965123,0.9885975444998752,0.06930693069306931,0.10891089108910891,1.4177210423476936,109.21652657991285,1.1059998459436429,1.4230449309271536,1.432902764051887,108.43288493207476,109.3011036545372,109.36070832515598,0.1525320305677269,1.164354778779855,1.0594258081469923,109.21652657991285,-7.566301644833652,2853791.4132691333,3.82706760109005e-05,1303,0.04873937393834462,-1.445965571882522,1.4440828042107998,-4095.9999999999995,4090.666666666666,C:\Users\kimeu\Downloads\starlink_pathB_wsl_package_v0_3_clean\starlink_pathB\paper_final_experiment_check\outputs\random1200_null_random1200_seed3\159_76_lst022_quiet_full_polybeam_lines_S1000_single.npz,9.10175923472585,9444.443085672718,1.7798436919007438e-05,140609741.2109375,False,False,False,False,False,False,False,False,False,False,False,False
159_76,156.200250406372,mid,quiet,22,2461041.652777778,2461041.6596007315,full_polybeam,lines,1000.0,multi,coherent_ab,3,2,2,49811;56318,75.690;72.121,0.1653960853494623,1.856210936167349e-08,0.0434769020580605,0,3,3,3,0.0,0.0434769020580605,0.0,0.1229563272443203,1.856210936167349e-08,2342239.3010909874,1.9073735221121653,1.883977880619859,0.01208000974786249,False,20265846,100,-0.2615235868752825,0.47579508640484575,0.5346534653465347,0.27722772277227725,27.70125341680432,5467.497849840109,28.696811765361417,33.44520442067024,33.834561196739095,5385.599637617146,5530.230344955421,5544.4801511173255,2.5676265557713123,0.9748184747539931,0.8561581724516374,5467.497849840109,1967.4133529480969,2853791.4132691333,0.001915871575062618,1303,0.04873937393834462,-1.445965571882522,1.4440828042107998,-4095.9999999999995,4090.666666666666,C:\Users\kimeu\Downloads\starlink_pathB_wsl_package_v0_3_clean\starlink_pathB\paper_final_experiment_check\outputs\random1200_null_random1200_seed3\159_76_lst022_quiet_full_polybeam_lines_S1000_multi.npz,9.10175923472585,9444.443085672718,1.7798436919007438e-05,140609741.2109375,False,False,False,False,False,False,False,False,False,False,False,False
159_76,156.200250406372,mid,quiet,22,2461041.652777778,2461041.6596007315,full_polybeam,khz_comb,30.0,single,coherent_ab,3,2,1,49811,75.690,0.1653960853494623,1.856210936167349e-08,0.0434769020580605,0,3,3,3,0.0,0.0434769020580605,0.0,0.1229563272443203,1.856210936167349e-08,2342239.3010909874,0.0005776231575987008,0.0005776231575987008,1.221362471704151e-05,False,20265863,100,2.3153172790784424,0.6957803564377891,0.04950495049504951,0.26732673267326734,0.035126666220094194,2.69753148266401,0.02504143208034293,0.034710495725630605,0.03544979130670981,2.6850387782091634,2.7010973043634294,2.702475572462364,0.002937997870049003,1.2586379731480664,1.0900302574821104,2.69753148266401,-0.18736100982576565,2853791.4132691333,9.45244796140822e-07,1303,0.04873937393834462,-1.445965571882522,1.4440828042107998,-4095.9999999999995,4090.666666666666,C:\Users\kimeu\Downloads\starlink_pathB_wsl_package_v0_3_clean\starlink_pathB\paper_final_experiment_check\outputs\random1200_null_random1200_seed3\159_76_lst022_quiet_full_polybeam_khz_comb_S30_single.npz,9.10175923472585,9444.443085672718,1.7798436919007438e-05,140609741.2109375,True,False,True,False,False,False,False,False,False,False,False,False
159_76,156.200250406372,mid,quiet,22,2461041.652777778,2461041.6596007315,full_polybeam,khz_comb,30.0,multi,coherent_ab,3,2,2,49811;56318,75.690;72.121,0.1653960853494623,1.856210936167349e-08,0.0434769020580605,0,3,3,3,0.0,0.0434769020580605,0.0,0.1229563272443203,1.856210936167349e-08,2342239.3010909874,0.04709181053765485,0.04651418738005615,0.0003105951318742753,False,20265880,100,-0.5286698640102725,0.5438761903226363,0.6633663366336634,0.31683168316831684,0.6873130624662735,140.05736938523552,0.7362501373563646,0.8604868732680188,0.8714083312277944,137.70682986847874,141.37716677564916,141.4811319234419,0.062435192652742444,1.148768138826832,1.0194812294708184,140.05736938523552,49.02071593234794,2853791.4132691333,4.907764762835072e-05,1303,0.04873937393834462,-1.445965571882522,1.4440828042107998,-4095.9999999999995,4090.666666666666,C:\Users\kimeu\Downloads\starlink_pathB_wsl_package_v0_3_clean\starlink_pathB\paper_final_experiment_check\outputs\random1200_null_random1200_seed3\159_76_lst022_quiet_full_polybeam_khz_comb_S30_multi.npz,9.10175923472585,9444.443085672718,1.7798436919007438e-05,140609741.2109375,False,False,False,False,False,False,False,False,False,False,False,False
159_76,156.200250406372,mid,quiet,22,2461041.652777778,2461041.6596007315,full_polybeam,khz_comb,1000.0,single,coherent_ab,3,2,1,49811,75.690,0.1653960853494623,1.856210936167349e-08,0.0434769020580605,0,3,3,3,0.0,0.0434769020580605,0.0,0.1229563272443203,1.856210936167349e-08,2342239.3010909874,0.019254105253290025,0.019254105253290025,0.00040712082390138366,False,20265897,100,1.1156670930681414,0.622005152696174,0.06930693069306931,0.21782178217821782,1.1710236063554476,89.91393815097084,0.9207429296802729,1.1722434884717585,1.1813349268134334,89.55780838693676,90.03809798012782,90.08087566009986,0.1513103727284033,0.9949563646864288,0.9217943397295545,89.91393815097084,-6.1959227742745835,2853791.4132691333,3.1506836040259435e-05,1303,0.04873937393834462,-1.445965571882522,1.4440828042107998,-4095.9999999999995,4090.666666666666,C:\Users\kimeu\Downloads\starlink_pathB_wsl_package_v0_3_clean\starlink_pathB\paper_final_experiment_check\outputs\random1200_null_random1200_seed3\159_76_lst022_quiet_full_polybeam_khz_comb_S1000_single.npz,9.10175923472585,9444.443085672718,1.7798436919007438e-05,140609741.2109375,False,False,False,False,False,False,False,False,False,False,False,False
159_76,156.200250406372,mid,quiet,22,2461041.652777778,2461041.6596007315,full_polybeam,khz_comb,1000.0,multi,coherent_ab,3,2,2,49811;56318,75.690;72.121,0.1653960853494623,1.856210936167349e-08,0.0434769020580605,0,3,3,3,0.0,0.0434769020580605,0.0,0.1229563272443203,1.856210936167349e-08,2342239.3010909874,1.5697270179218286,1.5504729126685386,0.010353171062475842,False,20265914,100,-0.6898603917029613,1.0306799087746752,0.6633663366336634,0.27722772277227725,23.044554191158568,4678.735692842198,25.542224312589724,28.854243471532847,29.245920151621593,4569.115333899996,4724.049267897988,4726.350503196647,2.4420236868033953,1.2012202233012965,1.0249290193962444,4678.735692842198,1666.4943558004418,2853791.4132691333,0.00163948061203342,1303,0.04873937393834462,-1.445965571882522,1.4440828042107998,-4095.9999999999995,4090.666666666666,C:\Users\kimeu\Downloads\starlink_pathB_wsl_package_v0_3_clean\starlink_pathB\paper_final_experiment_check\outputs\random1200_null_random1200_seed3\159_76_lst022_quiet_full_polybeam_khz_comb_S1000_multi.npz,9.10175923472585,9444.443085672718,1.7798436919007438e-05,140609741.2109375,False,False,False,False,False,False,False,False,False,False,False,False
159_76,156.200250406372,mid,typical,44,2461041.8055555555,2461041.8123785085,frozen_polybeam,smooth,30.0,single,coherent_ab,3,4,1,54619,88.069,0.1653015793010752,1.9250990235090578e-07,0.2419547912000571,0,3,3,3,0.0,0.2419547912000571,0.0,0.7241364102878726,1.9250990235090578e-07,1256843.3532267006,2.135542764418268,2.135542764418268,0.002848915549530424,False,20265953,100,1.070925611298872,0.21370459849130066,0.13861386138613863,0.43564356435643564,23.157074588542855,2804.3432414561944,17.17000475788541,24.626709526688547,25.419689397588822,2795.9003519536836,2840.7571523322513,2843.889082379607,3.7707785064751533,0.9376520353841385,0.8543034677631078,2804.3432414561944,382.8127043089995,2078209.3784254282,0.0013494036118636551,1303,0.04873937393834462,-1.445965571882522,1.4440828042107998,-4095.9999999999995,4090.666666666666,C:\Users\kimeu\Downloads\starlink_pathB_wsl_package_v0_3_clean\starlink_pathB\paper_final_experiment_check\outputs\random1200_null_random1200_seed3\159_76_lst044_typical_frozen_polybeam_smooth_S30_single.npz,9.10175923472585,9444.443085672718,1.7798436919007438e-05,140609741.2109375,False,False,False,False,False,False,False,False,False,False,False,False
159_76,156.200250406372,mid,typical,44,2461041.8055555555,2461041.8123785085,frozen_polybeam,smooth,30.0,multi,coherent_ab,3,4,4,54619;55550;55172;53011,88.069;86.924;84.648;82.333,0.1653015793010752,1.9250990235090578e-07,0.2419547912000571,0,3,3,3,0.0,0.2419547912000571,0.0,0.7241364102878726,1.9250990235090578e-07,1256843.3532267006,4.083326411715825,2.135542764418268,0.006304540546138068,False,20265970,100,1.927814765780205,0.7829287990058991,0.06930693069306931,0.1782178217821782,32.438099197606334,3225.717782766331,17.77613392841897,33.55543978739706,35.573222945513685,3052.9084201669357,3311.8657211355007,3335.4469570579818,5.129828998810126,2.438540337845223,1.1151460267919475,3225.717782766331,559.9692401950077,2078209.3784254282,0.0015521620758011984,1303,0.04873937393834462,-1.445965571882522,1.4440828042107998,-4095.9999999999995,4090.666666666666,C:\Users\kimeu\Downloads\starlink_pathB_wsl_package_v0_3_clean\starlink_pathB\paper_final_experiment_check\outputs\random1200_null_random1200_seed3\159_76_lst044_typical_frozen_polybeam_smooth_S30_multi.npz,9.10175923472585,9444.443085672718,1.7798436919007438e-05,140609741.2109375,False,False,False,False,False,False,False,False,False,False,False,False
159_76,156.200250406372,mid,typical,44,2461041.8055555555,2461041.8123785085,frozen_polybeam,smooth,1000.0,single,coherent_ab,3,4,1,54619,88.069,0.1653015793010752,1.9250990235090578e-07,0.2419547912000571,0,3,3,3,0.0,0.2419547912000571,0.0,0.7241364102878726,1.9250990235090578e-07,1256843.3532267006,71.18475881394224,71.18475881394224,0.09496385165101415,False,20265987,100,0.9875209592915902,-0.45769575910652477,0.12871287128712872,0.6138613861386139,755.5474402009318,93048.97661849289,576.8635547414142,829.06714407547,832.0050058519492,93608.55920469678,96436.2655600734,96529.88643216853,122.04361687297842,0.9128672099491881,0.8603198085531637,93048.97661849289,4995.268398600325,2078209.3784254282,0.04477362944487922,1303,0.04873937393834462,-1.445965571882522,1.4440828042107998,-4095.9999999999995,4090.666666666666,C:\Users\kimeu\Downloads\starlink_pathB_wsl_package_v0_3_clean\starlink_pathB\paper_final_experiment_check\outputs\random1200_null_random1200_seed3\159_76_lst044_typical_frozen_polybeam_smooth_S1000_single.npz,9.10175923472585,9444.443085672718,1.7798436919007438e-05,140609741.2109375,False,False,False,False,False,False,False,False,False,False,False,False
159_76,156.200250406372,mid,typical,44,2461041.8055555555,2461041.8123785085,frozen_polybeam,smooth,1000.0,multi,coherent_ab,3,4,4,54619;55550;55172;53011,88.069;86.924;84.648;82.333,0.1653015793010752,1.9250990235090578e-07,0.2419547912000571,0,3,3,3,0.0,0.2419547912000571,0.0,0.7241364102878726,1.9250990235090578e-07,1256843.3532267006,136.11088039052748,71.18475881394224,0.21015135153793563,False,20266004,100,2.5991810790581495,0.3604732306676231,0.0297029702970297,0.32673267326732675,996.1714924350986,108016.4137290715,527.8681703181621,863.2047686067599,1021.8613025556226,105004.13732316639,114619.94128599712,115834.39954115993,121.52530115928812,2.586026219547075,1.3765270178945175,108016.4137290715,-7520.239288934785,2078209.3784254282,0.051975712770053514,1303,0.04873937393834462,-1.445965571882522,1.4440828042107998,-4095.9999999999995,4090.666666666666,C:\Users\kimeu\Downloads\starlink_pathB_wsl_package_v0_3_clean\starlink_pathB\paper_final_experiment_check\outputs\random1200_null_random1200_seed3\159_76_lst044_typical_frozen_polybeam_smooth_S1000_multi.npz,9.10175923472585,9444.443085672718,1.7798436919007438e-05,140609741.2109375,True,False,True,False,False,False,False,False,False,False,False,False
159_76,156.200250406372,mid,typical,44,2461041.8055555555,2461041.8123785085,frozen_polybeam,lines,30.0,single,coherent_ab,3,4,1,54619,88.069,0.1653015793010752,1.9250990235090578e-07,0.2419547912000571,0,3,3,3,0.0,0.2419547912000571,0.0,0.7241364102878726,1.9250990235090578e-07,1256843.3532267006,2.1355339227268764,2.1355339227268764,0.002852848298273966,False,20266021,100,1.2002134242621796,-0.023843421846665203,0.13861386138613863,0.5247524752475248,23.39674919873096,2801.4440427759628,16.705931258174132,25.093183474166448,25.78030740053581,2802.4291472453197,2842.4427430180226,2843.4020842490536,3.760076985491196,1.0579107605606208,0.9860602392166915,2801.4440427759628,383.2662800789498,2078209.3784254282,0.0013480085653826176,1303,0.04873937393834462,-1.445965571882522,1.4440828042107998,-4095.9999999999995,4090.666666666666,C:\Users\kimeu\Downloads\starlink_pathB_wsl_package_v0_3_clean\starlink_pathB\paper_final_experiment_check\outputs\random1200_null_random1200_seed3\159_76_lst044_typical_frozen_polybeam_lines_S30_single.npz,9.10175923472585,9444.443085672718,1.7798436919007438e-05,140609741.2109375,False,False,False,False,False,False,False,False,False,False,False,False
159_76,156.200250406372,mid,typical,44,2461041.8055555555,2461041.8123785085,frozen_polybeam,lines,30.0,multi,coherent_ab,3,4,4,54619;55550;55172;53011,88.069;86.924;84.648;82.333,0.1653015793010752,1.9250990235090578e-07,0.2419547912000571,0,3,3,3,0.0,0.2419547912000571,0.0,0.7241364102878726,1.9250990235090578e-07,1256843.3532267006,4.08328910028317,2.1355339227268764,0.006312851944154472,False,20266038,100,2.1999074517763875,0.9041170008087258,0.06930693069306931,0.1782178217821782,32.78596505329733,3221.8112175500382,17.78151209421617,33.26010975860599,34.77953287523353,3007.389700886641,3303.6135788837046,3336.4006908792157,4.600359375904418,2.9480349871555958,1.4200066555606452,3221.8112175500382,560.4490599893031,2078209.3784254282,0.0015502823011948243,1303,0.04873937393834462,-1.445965571882522,1.4440828042107998,-4095.9999999999995,4090.666666666666,C:\Users\kimeu\Downloads\starlink_pathB_wsl_package_v0_3_clean\starlink_pathB\paper_final_experiment_check\outputs\random1200_null_random1200_seed3\159_76_lst044_typical_frozen_polybeam_lines_S30_multi.npz,9.10175923472585,9444.443085672718,1.7798436919007438e-05,140609741.2109375,True,False,False,False,False,False,False,False,False,False,False,False
159_76,156.200250406372,mid,typical,44,2461041.8055555555,2461041.8123785085,frozen_polybeam,lines,1000.0,single,coherent_ab,3,4,1,54619,88.069,0.1653015793010752,1.9250990235090578e-07,0.2419547912000571,0,3,3,3,0.0,0.2419547912000571,0.0,0.7241364102878726,1.9250990235090578e-07,1256843.3532267006,71.18446409089587,71.18446409089587,0.09509494327579891,False,20266055,100,0.7163394241578789,-0.4908707401949066,0.18811881188118812,0.6831683168316832,763.0701922576341,92974.08341186716,592.8779687869351,836.281423904385,841.8766155607175,93619.85406292275,96265.78186960185,96458.31045449445,160.24956632913472,0.8692163778606056,0.8248019908004616,92974.08341186716,5013.60737006691,2078209.3784254282,0.04473759207183913,1303,0.04873937393834462,-1.445965571882522,1.4440828042107998,-4095.9999999999995,4090.666666666666,C:\Users\kimeu\Downloads\starlink_pathB_wsl_package_v0_3_clean\starlink_pathB\paper_final_experiment_check\outputs\random1200_null_random1200_seed3\159_76_lst044_typical_frozen_polybeam_lines_S1000_single.npz,9.10175923472585,9444.443085672718,1.7798436919007438e-05,140609741.2109375,False,False,False,False,False,False,False,False,False,False,False,False
159_76,156.200250406372,mid,typical,44,2461041.8055555555,2461041.8123785085,frozen_polybeam,lines,1000.0,multi,coherent_ab,3,4,4,54619;55550;55172;53011,88.069;86.924;84.648;82.333,0.1653015793010752,1.9250990235090578e-07,0.2419547912000571,0,3,3,3,0.0,0.2419547912000571,0.0,0.7241364102878726,1.9250990235090578e-07,1256843.3532267006,136.10963667610565,71.18446409089587,0.21042839813848244,False,20266072,100,3.6648557700517137,0.40322605692184643,0.019801980198019802,0.31683168316831684,1005.9836738833296,107910.96886499664,474.2934426509903,887.2501116489013,943.4581802133888,104641.9449437201,116624.65788858624,118988.93285526188,97.85382300737217,2.9460956487133356,1.7337216112594906,107910.96886499664,-7487.666628399084,2078209.3784254282,0.05192497444446923,1303,0.04873937393834462,-1.445965571882522,1.4440828042107998,-4095.9999999999995,4090.666666666666,C:\Users\kimeu\Downloads\starlink_pathB_wsl_package_v0_3_clean\starlink_pathB\paper_final_experiment_check\outputs\random1200_null_random1200_seed3\159_76_lst044_typical_frozen_polybeam_lines_S1000_multi.npz,9.10175923472585,9444.443085672718,1.7798436919007438e-05,140609741.2109375,True,True,True,False,False,False,False,False,False,False,False,False
159_76,156.200250406372,mid,typical,44,2461041.8055555555,2461041.8123785085,frozen_polybeam,khz_comb,30.0,single,coherent_ab,3,4,1,54619,88.069,0.1653015793010752,1.9250990235090578e-07,0.2419547912000571,0,3,3,3,0.0,0.2419547912000571,0.0,0.7241364102878726,1.9250990235090578e-07,1256843.3532267006,1.7574980764548087,1.7574980764548087,0.0024006336985883748,False,20266089,100,0.9915132176255441,-0.005464890996690467,0.09900990099009901,0.504950495049505,19.96716499377453,2347.6354657720062,14.114653667232233,21.38613296537769,21.900378912620862,2347.808034724524,2385.0894633453518,2385.7597929922695,3.981252835880696,1.3267472219713108,1.15883621502511,2347.6354657720062,340.25278837681486,2078209.3784254282,0.0011296433796053364,1303,0.04873937393834462,-1.445965571882522,1.4440828042107998,-4095.9999999999995,4090.666666666666,C:\Users\kimeu\Downloads\starlink_pathB_wsl_package_v0_3_clean\starlink_pathB\paper_final_experiment_check\outputs\random1200_null_random1200_seed3\159_76_lst044_typical_frozen_polybeam_khz_comb_S30_single.npz,9.10175923472585,9444.443085672718,1.7798436919007438e-05,140609741.2109375,False,False,False,False,False,False,False,False,False,False,False,False
159_76,156.200250406372,mid,typical,44,2461041.8055555555,2461041.8123785085,frozen_polybeam,khz_comb,30.0,multi,coherent_ab,3,4,4,54619;55550;55172;53011,88.069;86.924;84.648;82.333,0.1653015793010752,1.9250990235090578e-07,0.2419547912000571,0,3,3,3,0.0,0.2419547912000571,0.0,0.7241364102878726,1.9250990235090578e-07,1256843.3532267006,3.3604583205089074,1.7574980764548087,0.005323612675047421,False,20266106,100,2.443810312762973,0.9541165884404984,0.0594059405940594,0.13861386138613863,27.52509723033654,2708.7728018636444,14.810901068844032,27.114075109436158,29.59356237374493,2513.8296814289906,2744.1808085333146,2791.273648459958,3.50911352665662,2.355371492522922,1.2750511757581262,2708.7728018636444,512.0522263955268,2078209.3784254282,0.0013034166961155605,1303,0.04873937393834462,-1.445965571882522,1.4440828042107998,-4095.9999999999995,4090.666666666666,C:\Users\kimeu\Downloads\starlink_pathB_wsl_package_v0_3_clean\starlink_pathB\paper_final_experiment_check\outputs\random1200_null_random1200_seed3\159_76_lst044_typical_frozen_polybeam_khz_comb_S30_multi.npz,9.10175923472585,9444.443085672718,1.7798436919007438e-05,140609741.2109375,True,False,False,False,False,False,False,False,False,False,False,False
159_76,156.200250406372,mid,typical,44,2461041.8055555555,2461041.8123785085,frozen_polybeam,khz_comb,1000.0,single,coherent_ab,3,4,1,54619,88.069,0.1653015793010752,1.9250990235090578e-07,0.2419547912000571,0,3,3,3,0.0,0.2419547912000571,0.0,0.7241364102878726,1.9250990235090578e-07,1256843.3532267006,58.58326921516027,58.58326921516027,0.08002112328627917,False,20266123,100,1.7011452554809678,-0.4125631733799579,0.12871287128712872,0.6237623762376238,654.85660967801,77893.59456687137,441.8506873923683,705.7989506463692,721.3178211272515,78289.84990188037,80161.06854585421,80608.27754292202,84.45517855254218,1.150255818390639,1.0748720738627429,77893.59456687137,6332.214234682408,2078209.3784254282,0.03748111012081375,1303,0.04873937393834462,-1.445965571882522,1.4440828042107998,-4095.9999999999995,4090.666666666666,C:\Users\kimeu\Downloads\starlink_pathB_wsl_package_v0_3_clean\starlink_pathB\paper_final_experiment_check\outputs\random1200_null_random1200_seed3\159_76_lst044_typical_frozen_polybeam_khz_comb_S1000_single.npz,9.10175923472585,9444.443085672718,1.7798436919007438e-05,140609741.2109375,False,False,False,False,False,False,False,False,False,False,False,False
159_76,156.200250406372,mid,typical,44,2461041.8055555555,2461041.8123785085,frozen_polybeam,khz_comb,1000.0,multi,coherent_ab,3,4,4,54619;55550;55172;53011,88.069;86.924;84.648;82.333,0.1653015793010752,1.9250990235090578e-07,0.2419547912000571,0,3,3,3,0.0,0.2419547912000571,0.0,0.7241364102878726,1.9250990235090578e-07,1256843.3532267006,112.01527735029688,58.58326921516027,0.17745375583491402,False,20266140,100,3.209057991288211,0.7016432324739432,0.06930693069306931,0.25742574257425743,860.2487206073351,89858.17845738534,418.7695293226816,879.4457672773731,951.4311745530365,85899.21571979648,94016.56699660202,95700.6528885123,92.79160296606665,2.2015957580306362,1.441757206811461,89858.17845738534,-175.18033836160384,2078209.3784254282,0.043238270113797245,1303,0.04873937393834462,-1.445965571882522,1.4440828042107998,-4095.9999999999995,4090.666666666666,C:\Users\kimeu\Downloads\starlink_pathB_wsl_package_v0_3_clean\starlink_pathB\paper_final_experiment_check\outputs\random1200_null_random1200_seed3\159_76_lst044_typical_frozen_polybeam_khz_comb_S1000_multi.npz,9.10175923472585,9444.443085672718,1.7798436919007438e-05,140609741.2109375,True,True,True,False,False,False,False,False,False,False,False,False
159_76,156.200250406372,mid,typical,44,2461041.8055555555,2461041.8123785085,full_polybeam,smooth,30.0,single,coherent_ab,3,4,1,54619,88.069,0.1653015793010752,1.9250990235090578e-07,0.2419547912000571,0,3,3,3,0.0,0.2419547912000571,0.0,0.7241364102878726,1.9250990235090578e-07,1256843.3532267006,2.5513567724408466,2.5513567724408466,0.004270652765731155,False,20266157,100,1.0043612115024096,-0.2294560582221988,0.18811881188118812,0.5544554455445545,28.99645144806891,3564.453544991906,20.72681766663584,33.17824583212666,33.56917987469228,3571.750191672817,3615.014317061385,3619.216953632908,5.553571270925886,1.0655258083534644,0.9908821888031497,3564.453544991906,360.96100940027156,2078209.3784254282,0.0017151561252661378,1303,0.04873937393834462,-1.445965571882522,1.4440828042107998,-4095.9999999999995,4090.666666666666,C:\Users\kimeu\Downloads\starlink_pathB_wsl_package_v0_3_clean\starlink_pathB\paper_final_experiment_check\outputs\random1200_null_random1200_seed3\159_76_lst044_typical_full_polybeam_smooth_S30_single.npz,9.10175923472585,9444.443085672718,1.7798436919007438e-05,140609741.2109375,False,False,False,False,False,False,False,False,False,False,False,False
159_76,156.200250406372,mid,typical,44,2461041.8055555555,2461041.8123785085,full_polybeam,smooth,30.0,multi,coherent_ab,3,4,4,54619;55550;55172;53011,88.069;86.924;84.648;82.333,0.1653015793010752,1.9250990235090578e-07,0.2419547912000571,0,3,3,3,0.0,0.2419547912000571,0.0,0.7241364102878726,1.9250990235090578e-07,1256843.3532267006,5.3778315415243,2.5513567724408466,0.010167322631316091,False,20266174,100,1.9319261321517065,0.662116870299775,0.04950495049504951,0.2871287128712871,42.532758316165655,4117.4562353705005,23.249278429614833,41.258601292857996,47.62707571624645,3905.030051170833,4344.295595278702,4408.987279182937,6.732415270735601,2.2100775563277995,1.3204851449757251,4117.4562353705005,461.0652863337441,2078209.3784254282,0.001981251878715957,1303,0.04873937393834462,-1.445965571882522,1.4440828042107998,-4095.9999999999995,4090.666666666666,C:\Users\kimeu\Downloads\starlink_pathB_wsl_package_v0_3_clean\starlink_pathB\paper_final_experiment_check\outputs\random1200_null_random1200_seed3\159_76_lst044_typical_full_polybeam_smooth_S30_multi.npz,9.10175923472585,9444.443085672718,1.7798436919007438e-05,140609741.2109375,False,False,True,False,False,False,False,False,False,False,False,False
159_76,156.200250406372,mid,typical,44,2461041.8055555555,2461041.8123785085,full_polybeam,smooth,1000.0,single,coherent_ab,3,4,1,54619,88.069,0.1653015793010752,1.9250990235090578e-07,0.2419547912000571,0,3,3,3,0.0,0.2419547912000571,0.0,0.7241364102878726,1.9250990235090578e-07,1256843.3532267006,85.04522574802822,85.04522574802822,0.1423550921910385,False,20266191,100,1.4500362687021437,-0.7576514044694114,0.2079207920792079,0.900990099009901,915.4023836938736,120574.63367442788,597.8851932658982,1062.0565590649924,1069.8549120696657,122898.60646665117,127869.85335354896,127964.22773883153,147.6945201586758,1.3818483569053435,1.2721649430035928,120574.63367442788,-14526.627367484663,2078209.3784254282,0.0580185206197954,1303,0.04873937393834462,-1.445965571882522,1.4440828042107998,-4095.9999999999995,4090.666666666666,C:\Users\kimeu\Downloads\starlink_pathB_wsl_package_v0_3_clean\starlink_pathB\paper_final_experiment_check\outputs\random1200_null_random1200_seed3\159_76_lst044_typical_full_polybeam_smooth_S1000_single.npz,9.10175923472585,9444.443085672718,1.7798436919007438e-05,140609741.2109375,False,False,False,False,False,False,False,False,False,False,False,False
159_76,156.200250406372,mid,typical,44,2461041.8055555555,2461041.8123785085,full_polybeam,smooth,1000.0,multi,coherent_ab,3,4,4,54619;55550;55172;53011,88.069;86.924;84.648;82.333,0.1653015793010752,1.9250990235090578e-07,0.2419547912000571,0,3,3,3,0.0,0.2419547912000571,0.0,0.7241364102878726,1.9250990235090578e-07,1256843.3532267006,179.26105138414331,85.04522574802822,0.338910754377203,False,20266208,100,2.9620387168555755,0.071333441130248,0.04950495049504951,0.4752475247524752,1225.0502860703177,151504.68483837336,623.6425401424308,1190.4849571724656,1337.6948963098364,150839.74134977825,167297.12204806952,172621.89087224565,136.94755743659857,2.4150053004047445,1.217007235385006,151504.68483837336,-53664.421580861585,2078209.3784254282,0.07290154996469224,1303,0.04873937393834462,-1.445965571882522,1.4440828042107998,-4095.9999999999995,4090.666666666666,C:\Users\kimeu\Downloads\starlink_pathB_wsl_package_v0_3_clean\starlink_pathB\paper_final_experiment_check\outputs\random1200_null_random1200_seed3\159_76_lst044_typical_full_polybeam_smooth_S1000_multi.npz,9.10175923472585,9444.443085672718,1.7798436919007438e-05,140609741.2109375,True,False,True,False,False,False,False,False,False,False,False,False
159_76,156.200250406372,mid,typical,44,2461041.8055555555,2461041.8123785085,full_polybeam,lines,30.0,single,coherent_ab,3,4,1,54619,88.069,0.1653015793010752,1.9250990235090578e-07,0.2419547912000571,0,3,3,3,0.0,0.2419547912000571,0.0,0.7241364102878726,1.9250990235090578e-07,1256843.3532267006,2.5513282980251777,2.5513282980251777,0.004275552249019285,False,20266225,100,0.6829036224872086,-0.5968535050134864,0.16831683168316833,0.7227722772277227,29.21942598735177,3560.3803447585224,22.162726836799948,33.54777204177126,33.93594782242291,3577.433468172786,3619.6662362883303,3623.178425868294,6.969765883095306,0.9795473948467502,0.9229806644241132,3560.3803447585224,361.43438213853983,2078209.3784254282,0.001713196168644024,1303,0.04873937393834462,-1.445965571882522,1.4440828042107998,-4095.9999999999995,4090.666666666666,C:\Users\kimeu\Downloads\starlink_pathB_wsl_package_v0_3_clean\starlink_pathB\paper_final_experiment_check\outputs\random1200_null_random1200_seed3\159_76_lst044_typical_full_polybeam_lines_S30_single.npz,9.10175923472585,9444.443085672718,1.7798436919007438e-05,140609741.2109375,False,False,False,False,False,False,False,False,False,False,False,False
159_76,156.200250406372,mid,typical,44,2461041.8055555555,2461041.8123785085,full_polybeam,lines,30.0,multi,coherent_ab,3,4,4,54619;55550;55172;53011,88.069;86.924;84.648;82.333,0.1653015793010752,1.9250990235090578e-07,0.2419547912000571,0,3,3,3,0.0,0.2419547912000571,0.0,0.7241364102878726,1.9250990235090578e-07,1256843.3532267006,5.377724624185606,2.5513282980251777,0.010178069810406518,False,20266242,100,2.5634947968721193,0.967912224976591,0.0891089108910891,0.22772277227722773,42.857736657001624,4116.321172982594,23.33170372356301,43.91316620282448,49.17139237453428,3870.638718360838,4285.810855288515,4340.288308613969,5.137567979037726,2.734987251239942,1.421857266233055,4116.321172982594,461.6165015276019,2078209.3784254282,0.0019807057054575306,1303,0.04873937393834462,-1.445965571882522,1.4440828042107998,-4095.9999999999995,4090.666666666666,C:\Users\kimeu\Downloads\starlink_pathB_wsl_package_v0_3_clean\starlink_pathB\paper_final_experiment_check\outputs\random1200_null_random1200_seed3\159_76_lst044_typical_full_polybeam_lines_S30_multi.npz,9.10175923472585,9444.443085672718,1.7798436919007438e-05,140609741.2109375,True,False,False,False,False,False,False,False,False,False,False,False
159_76,156.200250406372,mid,typical,44,2461041.8055555555,2461041.8123785085,full_polybeam,lines,1000.0,single,coherent_ab,3,4,1,54619,88.069,0.1653015793010752,1.9250990235090578e-07,0.2419547912000571,0,3,3,3,0.0,0.2419547912000571,0.0,0.7241364102878726,1.9250990235090578e-07,1256843.3532267006,85.04427660083925,85.04427660083925,0.14251840830064283,False,20266259,100,0.6484802266387457,-0.7131505374605288,0.1782178217821782,0.8712871287128713,921.8516326960612,120432.0032458324,721.1347571500442,1029.2350613275662,1067.3831648978185,122688.14332297472,127866.57179278221,127998.94253321463,208.76762662220767,1.0527407004758713,0.9872373292616535,120432.0032458324,-14496.66064849626,2078209.3784254282,0.05794988921524291,1303,0.04873937393834462,-1.445965571882522,1.4440828042107998,-4095.9999999999995,4090.666666666666,C:\Users\kimeu\Downloads\starlink_pathB_wsl_package_v0_3_clean\starlink_pathB\paper_final_experiment_check\outputs\random1200_null_random1200_seed3\159_76_lst044_typical_full_polybeam_lines_S1000_single.npz,9.10175923472585,9444.443085672718,1.7798436919007438e-05,140609741.2109375,False,False,False,False,False,False,False,False,False,False,False,False
159_76,156.200250406372,mid,typical,44,2461041.8055555555,2461041.8123785085,full_polybeam,lines,1000.0,multi,coherent_ab,3,4,4,54619;55550;55172;53011,88.069;86.924;84.648;82.333,0.1653015793010752,1.9250990235090578e-07,0.2419547912000571,0,3,3,3,0.0,0.2419547912000571,0.0,0.7241364102878726,1.9250990235090578e-07,1256843.3532267006,179.25748747285354,85.04427660083925,0.33926899368021723,False,20266276,100,2.4939590022171516,0.2722210883239903,0.039603960396039604,0.42574257425742573,1232.998642946463,151390.73598031196,647.6872427856995,1139.968291272409,1290.34193027527,148930.4841899048,166493.62136768215,170280.49302176715,158.29736193488884,2.4579232650780516,1.2505573037907938,151390.73598031196,-53601.51451080816,2078209.3784254282,0.07284671965777305,1303,0.04873937393834462,-1.445965571882522,1.4440828042107998,-4095.9999999999995,4090.666666666666,C:\Users\kimeu\Downloads\starlink_pathB_wsl_package_v0_3_clean\starlink_pathB\paper_final_experiment_check\outputs\random1200_null_random1200_seed3\159_76_lst044_typical_full_polybeam_lines_S1000_multi.npz,9.10175923472585,9444.443085672718,1.7798436919007438e-05,140609741.2109375,True,False,True,False,False,False,False,False,False,False,False,False
159_76,156.200250406372,mid,typical,44,2461041.8055555555,2461041.8123785085,full_polybeam,khz_comb,30.0,single,coherent_ab,3,4,1,54619,88.069,0.1653015793010752,1.9250990235090578e-07,0.2419547912000571,0,3,3,3,0.0,0.2419547912000571,0.0,0.7241364102878726,1.9250990235090578e-07,1256843.3532267006,2.099687824419282,2.099687824419282,0.0035652154782462218,False,20266293,100,2.5085062354467658,-0.17967784195742714,0.19801980198019803,0.6039603960396039,24.6988365104703,2953.2793812828736,14.136861693925312,27.857006463936997,28.510905775089117,2958.688268907935,3009.8468664578572,3013.0678765120106,2.8399189585093154,1.524647522574336,1.3870879182623765,2953.2793812828736,321.4790953174052,2078209.3784254282,0.0014210692204268895,1303,0.04873937393834462,-1.445965571882522,1.4440828042107998,-4095.9999999999995,4090.666666666666,C:\Users\kimeu\Downloads\starlink_pathB_wsl_package_v0_3_clean\starlink_pathB\paper_final_experiment_check\outputs\random1200_null_random1200_seed3\159_76_lst044_typical_full_polybeam_khz_comb_S30_single.npz,9.10175923472585,9444.443085672718,1.7798436919007438e-05,140609741.2109375,True,False,False,False,False,False,False,False,False,False,False,False
159_76,156.200250406372,mid,typical,44,2461041.8055555555,2461041.8123785085,full_polybeam,khz_comb,30.0,multi,coherent_ab,3,4,4,54619;55550;55172;53011,88.069;86.924;84.648;82.333,0.1653015793010752,1.9250990235090578e-07,0.2419547912000571,0,3,3,3,0.0,0.2419547912000571,0.0,0.7241364102878726,1.9250990235090578e-07,1256843.3532267006,4.425750666906469,2.099687824419282,0.008487185315515186,False,20266310,100,1.8077955454582424,0.8750952388303127,0.0891089108910891,0.26732673267326734,35.77777587722949,3419.3333611075304,20.94138182381448,38.83296842232009,41.09800374086697,3207.3820079679876,3591.6018585549355,3656.322619681764,5.535477016813502,2.6411258799714457,1.130771363575072,3419.3333611075304,428.33441572445537,2078209.3784254282,0.0016453266916244096,1303,0.04873937393834462,-1.445965571882522,1.4440828042107998,-4095.9999999999995,4090.666666666666,C:\Users\kimeu\Downloads\starlink_pathB_wsl_package_v0_3_clean\starlink_pathB\paper_final_experiment_check\outputs\random1200_null_random1200_seed3\159_76_lst044_typical_full_polybeam_khz_comb_S30_multi.npz,9.10175923472585,9444.443085672718,1.7798436919007438e-05,140609741.2109375,False,False,False,False,False,False,False,False,False,False,False,False
159_76,156.200250406372,mid,typical,44,2461041.8055555555,2461041.8123785085,full_polybeam,khz_comb,1000.0,single,coherent_ab,3,4,1,54619,88.069,0.1653015793010752,1.9250990235090578e-07,0.2419547912000571,0,3,3,3,0.0,0.2419547912000571,0.0,0.7241364102878726,1.9250990235090578e-07,1256843.3532267006,69.9895941473094,69.9895941473094,0.11884051594154076,False,20266327,100,2.346596215203327,-0.6326494727453778,0.12871287128712872,0.8316831683168316,788.1537892299525,98993.14103235558,476.81049233583053,850.2541965005081,899.1188802288004,100095.61323845733,104728.04446505077,104911.43874156062,89.49054610226904,1.6520378528633344,1.5854131951907826,98993.14103235558,-7100.986952380519,2078209.3784254282,0.04763386310351391,1303,0.04873937393834462,-1.445965571882522,1.4440828042107998,-4095.9999999999995,4090.666666666666,C:\Users\kimeu\Downloads\starlink_pathB_wsl_package_v0_3_clean\starlink_pathB\paper_final_experiment_check\outputs\random1200_null_random1200_seed3\159_76_lst044_typical_full_polybeam_khz_comb_S1000_single.npz,9.10175923472585,9444.443085672718,1.7798436919007438e-05,140609741.2109375,True,False,False,False,False,False,False,False,False,False,False,False
159_76,156.200250406372,mid,typical,44,2461041.8055555555,2461041.8123785085,full_polybeam,khz_comb,1000.0,multi,coherent_ab,3,4,4,54619;55550;55172;53011,88.069;86.924;84.648;82.333,0.1653015793010752,1.9250990235090578e-07,0.2419547912000571,0,3,3,3,0.0,0.2419547912000571,0.0,0.7241364102878726,1.9250990235090578e-07,1256843.3532267006,147.52502223021563,69.9895941473094,0.2829061771838396,False,20266344,100,2.671616338292978,0.169902056116573,0.039603960396039604,0.43564356435643564,1061.3845757686763,121154.40099419013,578.995338478041,970.7605016248891,1088.398600947088,119579.77693143708,132711.07090974666,136147.62940411427,121.7866047455708,2.637315507433349,1.4232302345566434,121154.40099419013,-32133.313053246697,2078209.3784254282,0.058297495070484054,1303,0.04873937393834462,-1.445965571882522,1.4440828042107998,-4095.9999999999995,4090.666666666666,C:\Users\kimeu\Downloads\starlink_pathB_wsl_package_v0_3_clean\starlink_pathB\paper_final_experiment_check\outputs\random1200_null_random1200_seed3\159_76_lst044_typical_full_polybeam_khz_comb_S1000_multi.npz,9.10175923472585,9444.443085672718,1.7798436919007438e-05,140609741.2109375,True,False,True,False,False,False,False,False,False,False,False,False
159_76,156.200250406372,mid,stress,0,2461041.5,2461041.506822953,frozen_polybeam,smooth,30.0,single,coherent_ab,4,2,1,46696,76.053,0.2313613071236559,8.574847721632174e-05,0.5502745938468236,1,4,4,4,0.3308758856684498,0.5502745938468236,0.3308758856684498,0.7280464634021924,8.574847721632174e-05,6417.310390931139,0.027111316125751926,0.027111316125751926,0.00020864413182925632,False,20266317,100,-1.2836677019005511,0.822489641118068,1.0,0.0891089108910891,0.732980841454264,216.90978557488165,0.8364322165743943,1.331516030878629,1.376051209913021,210.96674500462314,217.01722011584775,217.1562372054881,0.05435752295579732,0.9819706286685635,0.9200170770028409,216.90978557488165,3.3604279329149804,11210403.618008923,1.934897198763009e-05,1303,0.04873937393834462,-1.445965571882522,1.4440828042107998,-4095.9999999999995,4090.666666666666,C:\Users\kimeu\Downloads\starlink_pathB_wsl_package_v0_3_clean\starlink_pathB\paper_final_experiment_check\outputs\random1200_null_random1200_seed3\159_76_lst000_stress_frozen_polybeam_smooth_S30_single.npz,9.10175923472585,9444.443085672718,1.7798436919007438e-05,140609741.2109375,False,False,False,False,False,False,False,False,False,False,False,False
159_76,156.200250406372,mid,stress,0,2461041.5,2461041.506822953,frozen_polybeam,smooth,30.0,multi,coherent_ab,4,2,2,46696;48481,76.053;75.131,0.2313613071236559,8.574847721632174e-05,0.5502745938468236,1,4,4,4,0.3308758856684498,0.5502745938468236,0.3308758856684498,0.7280464634021924,8.574847721632174e-05,6417.310390931139,0.036089418242410506,0.027111316125751926,0.000293457718293951,False,20266334,100,-0.8078412358981134,0.7460664540323902,0.8910891089108911,0.24752475247524752,0.762505847713328,222.42973190712073,0.8299182681112143,1.3964838090834746,1.436603518645934,216.7906736715414,227.48804166780306,228.8110335815343,0.05628464184769655,2.0884216591952964,1.0101139479847694,222.42973190712073,2.7002301929061385,11210403.618008923,1.984136695576233e-05,1303,0.04873937393834462,-1.445965571882522,1.4440828042107998,-4095.9999999999995,4090.666666666666,C:\Users\kimeu\Downloads\starlink_pathB_wsl_package_v0_3_clean\starlink_pathB\paper_final_experiment_check\outputs\random1200_null_random1200_seed3\159_76_lst000_stress_frozen_polybeam_smooth_S30_multi.npz,9.10175923472585,9444.443085672718,1.7798436919007438e-05,140609741.2109375,False,False,False,False,False,False,False,False,False,False,False,False
159_76,156.200250406372,mid,stress,0,2461041.5,2461041.506822953,frozen_polybeam,smooth,1000.0,single,coherent_ab,4,2,1,46696,76.053,0.2313613071236559,8.574847721632174e-05,0.5502745938468236,1,4,4,4,0.3308758856684498,0.5502745938468236,0.3308758856684498,0.7280464634021924,8.574847721632174e-05,6417.310390931139,0.9037105375250643,0.9037105375250643,0.006954804394308545,False,20266351,100,-1.0911903826569296,0.8860469342036037,0.9900990099009901,0.09900990099009901,24.407478971901583,7229.719949444525,27.918689313622963,45.58542525881148,46.19400323543934,6987.488891582754,7234.071497681421,7237.678913212774,2.1703627228671394,1.270524980776786,1.1480371702635797,7229.719949444525,93.48389286664474,11210403.618008923,0.0006449116549051241,1303,0.04873937393834462,-1.445965571882522,1.4440828042107998,-4095.9999999999995,4090.666666666666,C:\Users\kimeu\Downloads\starlink_pathB_wsl_package_v0_3_clean\starlink_pathB\paper_final_experiment_check\outputs\random1200_null_random1200_seed3\159_76_lst000_stress_frozen_polybeam_smooth_S1000_single.npz,9.10175923472585,9444.443085672718,1.7798436919007438e-05,140609741.2109375,False,False,False,False,False,False,False,False,False,False,False,False
159_76,156.200250406372,mid,stress,0,2461041.5,2461041.506822953,frozen_polybeam,smooth,1000.0,multi,coherent_ab,4,2,2,46696;48481,76.053;75.131,0.2313613071236559,8.574847721632174e-05,0.5502745938468236,1,4,4,4,0.3308758856684498,0.5502745938468236,0.3308758856684498,0.7280464634021924,8.574847721632174e-05,6417.310390931139,1.2029806080803502,0.9037105375250643,0.0097819239431317,False,20266368,100,-0.9976166992999993,0.6422795608994681,0.8811881188118812,0.26732673267326734,25.391245994767814,7414.153463877781,28.00911907212503,46.182174916662554,46.529923455641985,7255.0081619144285,7570.336261865417,7631.076426561604,1.7699495220949757,2.9438704726623666,1.1162662722836494,7414.153463877781,71.24845980101784,11210403.618008923,0.0006613636508115848,1303,0.04873937393834462,-1.445965571882522,1.4440828042107998,-4095.9999999999995,4090.666666666666,C:\Users\kimeu\Downloads\starlink_pathB_wsl_package_v0_3_clean\starlink_pathB\paper_final_experiment_check\outputs\random1200_null_random1200_seed3\159_76_lst000_stress_frozen_polybeam_smooth_S1000_multi.npz,9.10175923472585,9444.443085672718,1.7798436919007438e-05,140609741.2109375,False,False,False,False,False,False,False,False,False,False,False,False
159_76,156.200250406372,mid,stress,0,2461041.5,2461041.506822953,frozen_polybeam,lines,30.0,single,coherent_ab,4,2,1,46696,76.053,0.2313613071236559,8.574847721632174e-05,0.5502745938468236,1,4,4,4,0.3308758856684498,0.5502745938468236,0.3308758856684498,0.7280464634021924,8.574847721632174e-05,6417.310390931139,0.027111013549925195,0.027111013549925195,0.00020888424099402132,False,20266385,100,-1.0887550693714485,0.9423759947167059,0.9702970297029703,0.06930693069306931,0.7388460991569445,217.07599217093093,0.8259058787134563,1.3718825312787886,1.3745794099412887,209.74038777295678,217.09085644634823,217.2685056287844,0.053934092694362334,1.1781732484377947,1.0192292880812532,217.07599217093093,2.9852984284392345,11210403.618008923,1.936379809039255e-05,1303,0.04873937393834462,-1.445965571882522,1.4440828042107998,-4095.9999999999995,4090.666666666666,C:\Users\kimeu\Downloads\starlink_pathB_wsl_package_v0_3_clean\starlink_pathB\paper_final_experiment_check\outputs\random1200_null_random1200_seed3\159_76_lst000_stress_frozen_polybeam_lines_S30_single.npz,9.10175923472585,9444.443085672718,1.7798436919007438e-05,140609741.2109375,False,False,False,False,False,False,False,False,False,False,False,False
159_76,156.200250406372,mid,stress,0,2461041.5,2461041.506822953,frozen_polybeam,lines,30.0,multi,coherent_ab,4,2,2,46696;48481,76.053;75.131,0.2313613071236559,8.574847721632174e-05,0.5502745938468236,1,4,4,4,0.3308758856684498,0.5502745938468236,0.3308758856684498,0.7280464634021924,8.574847721632174e-05,6417.310390931139,0.036088978272571626,0.027111013549925195,0.0002938108572795311,False,20266402,100,-0.8862688249381846,1.0311868432339837,0.8514851485148515,0.16831683168316833,0.7652793922497949,222.52530982481085,0.843851608768091,1.3639034787485798,1.4135186261192576,214.98331470079768,226.84015820456847,227.93124753523296,0.059797019258667206,2.780953839727615,1.4726460194111624,222.52530982481085,2.2445538818553583,11210403.618008923,1.9849892778823382e-05,1303,0.04873937393834462,-1.445965571882522,1.4440828042107998,-4095.9999999999995,4090.666666666666,C:\Users\kimeu\Downloads\starlink_pathB_wsl_package_v0_3_clean\starlink_pathB\paper_final_experiment_check\outputs\random1200_null_random1200_seed3\159_76_lst000_stress_frozen_polybeam_lines_S30_multi.npz,9.10175923472585,9444.443085672718,1.7798436919007438e-05,140609741.2109375,False,False,False,False,False,False,False,False,False,False,False,False
159_76,156.200250406372,mid,stress,0,2461041.5,2461041.506822953,frozen_polybeam,lines,1000.0,single,coherent_ab,4,2,1,46696,76.053,0.2313613071236559,8.574847721632174e-05,0.5502745938468236,1,4,4,4,0.3308758856684498,0.5502745938468236,0.3308758856684498,0.7280464634021924,8.574847721632174e-05,6417.310390931139,0.9037004516641732,0.9037004516641732,0.006962808033134045,False,20266419,100,-1.1375542190107257,0.7086264619262612,0.9405940594059405,0.07920792079207921,24.60294723459083,7235.448288661355,27.487622443628425,45.356290854308284,45.597888180281586,7055.3105695238755,7238.893956206517,7242.8974103082655,1.710412339096365,1.1561175759038709,1.0365149559518285,7235.448288661355,80.98961675825004,11210403.618008923,0.0006454226391133668,1303,0.04873937393834462,-1.445965571882522,1.4440828042107998,-4095.9999999999995,4090.666666666666,C:\Users\kimeu\Downloads\starlink_pathB_wsl_package_v0_3_clean\starlink_pathB\paper_final_experiment_check\outputs\random1200_null_random1200_seed3\159_76_lst000_stress_frozen_polybeam_lines_S1000_single.npz,9.10175923472585,9444.443085672718,1.7798436919007438e-05,140609741.2109375,False,False,False,False,False,False,False,False,False,False,False,False
159_76,156.200250406372,mid,stress,0,2461041.5,2461041.506822953,frozen_polybeam,lines,1000.0,multi,coherent_ab,4,2,2,46696;48481,76.053;75.131,0.2313613071236559,8.574847721632174e-05,0.5502745938468236,1,4,4,4,0.3308758856684498,0.5502745938468236,0.3308758856684498,0.7280464634021924,8.574847721632174e-05,6417.310390931139,1.2029659424190542,0.9037004516641732,0.009793695242651036,False,20266436,100,-0.7711771337790266,0.9364035700598986,0.8415841584158416,0.22772277227722773,25.483693400514312,7417.365833884645,27.481135062867907,43.82031432830627,45.49046736378682,7190.577221076558,7593.688280020269,7633.859367604337,1.7470123073399009,1.8259831231616939,1.0292729670715544,7417.365833884645,56.0661141376122,11210403.618008923,0.0006616502033850983,1303,0.04873937393834462,-1.445965571882522,1.4440828042107998,-4095.9999999999995,4090.666666666666,C:\Users\kimeu\Downloads\starlink_pathB_wsl_package_v0_3_clean\starlink_pathB\paper_final_experiment_check\outputs\random1200_null_random1200_seed3\159_76_lst000_stress_frozen_polybeam_lines_S1000_multi.npz,9.10175923472585,9444.443085672718,1.7798436919007438e-05,140609741.2109375,False,False,False,False,False,False,False,False,False,False,False,False
159_76,156.200250406372,mid,stress,0,2461041.5,2461041.506822953,frozen_polybeam,khz_comb,30.0,single,coherent_ab,4,2,1,46696,76.053,0.2313613071236559,8.574847721632174e-05,0.5502745938468236,1,4,4,4,0.3308758856684498,0.5502745938468236,0.3308758856684498,0.7280464634021924,8.574847721632174e-05,6417.310390931139,0.026399742610811544,0.026399742610811544,0.00018656973509969,False,20266453,100,-0.04825694430628849,0.9715249291586616,0.5247524752475248,0.04950495049504951,0.7369937414914602,192.36663145834683,0.7405309170608234,1.3466777811177963,1.3586820434764377,186.76088256083062,192.36248995729733,192.3871351839884,0.04943935573373892,1.152909428341324,1.057496617182688,192.36663145834683,3.325243911841235,11210403.618008923,1.715965258818335e-05,1303,0.04873937393834462,-1.445965571882522,1.4440828042107998,-4095.9999999999995,4090.666666666666,C:\Users\kimeu\Downloads\starlink_pathB_wsl_package_v0_3_clean\starlink_pathB\paper_final_experiment_check\outputs\random1200_null_random1200_seed3\159_76_lst000_stress_frozen_polybeam_khz_comb_S30_single.npz,9.10175923472585,9444.443085672718,1.7798436919007438e-05,140609741.2109375,False,False,False,False,False,False,False,False,False,False,False,False
159_76,156.200250406372,mid,stress,0,2461041.5,2461041.506822953,frozen_polybeam,khz_comb,30.0,multi,coherent_ab,4,2,2,46696;48481,76.053;75.131,0.2313613071236559,8.574847721632174e-05,0.5502745938468236,1,4,4,4,0.3308758856684498,0.5502745938468236,0.3308758856684498,0.7280464634021924,8.574847721632174e-05,6417.310390931139,0.033788412752085745,0.026399742610811544,0.00026272522624170956,False,20266470,100,0.22511587986188372,0.7140817056527035,0.44554455445544555,0.24752475247524752,0.7515692347660661,198.03109175399578,0.7362080123220949,1.3083147301049394,1.3804046344991732,192.71111662729493,202.06250369046202,202.58827429449377,0.04602519644140557,2.2107807952380996,1.2237120588238644,198.03109175399578,2.8144656158880528,11210403.618008923,1.7664938614330467e-05,1303,0.04873937393834462,-1.445965571882522,1.4440828042107998,-4095.9999999999995,4090.666666666666,C:\Users\kimeu\Downloads\starlink_pathB_wsl_package_v0_3_clean\starlink_pathB\paper_final_experiment_check\outputs\random1200_null_random1200_seed3\159_76_lst000_stress_frozen_polybeam_khz_comb_S30_multi.npz,9.10175923472585,9444.443085672718,1.7798436919007438e-05,140609741.2109375,False,False,False,False,False,False,False,False,False,False,False,False
159_76,156.200250406372,mid,stress,0,2461041.5,2461041.506822953,frozen_polybeam,khz_comb,1000.0,single,coherent_ab,4,2,1,46696,76.053,0.2313613071236559,8.574847721632174e-05,0.5502745938468236,1,4,4,4,0.3308758856684498,0.5502745938468236,0.3308758856684498,0.7280464634021924,8.574847721632174e-05,6417.310390931139,0.8799914203603849,0.8799914203603849,0.006218991169989667,False,20266487,100,0.039974727437999444,0.8889128259979302,0.49504950495049505,0.07920792079207921,24.549186974829354,6411.842103364593,24.46995859341132,44.68500943137514,45.22793734861807,6209.2758888692315,6411.910471760175,6412.905963124379,1.3368148973031566,0.846356294613806,0.8292290431201158,6411.842103364593,100.21774986934997,11210403.618008923,0.0005719546166084784,1303,0.04873937393834462,-1.445965571882522,1.4440828042107998,-4095.9999999999995,4090.666666666666,C:\Users\kimeu\Downloads\starlink_pathB_wsl_package_v0_3_clean\starlink_pathB\paper_final_experiment_check\outputs\random1200_null_random1200_seed3\159_76_lst000_stress_frozen_polybeam_khz_comb_S1000_single.npz,9.10175923472585,9444.443085672718,1.7798436919007438e-05,140609741.2109375,False,False,False,False,False,False,False,False,False,False,False,False
159_76,156.200250406372,mid,stress,0,2461041.5,2461041.506822953,frozen_polybeam,khz_comb,1000.0,multi,coherent_ab,4,2,2,46696;48481,76.053;75.131,0.2313613071236559,8.574847721632174e-05,0.5502745938468236,1,4,4,4,0.3308758856684498,0.5502745938468236,0.3308758856684498,0.7280464634021924,8.574847721632174e-05,6417.310390931139,1.1262804250695249,0.8799914203603849,0.00875750754139032,False,20266504,100,0.007962202486800567,1.0781324895512239,0.49504950495049505,0.1782178217821782,25.03447554531158,6600.943506359866,25.014815917599662,43.09382081845506,44.31282951294517,6392.840143674662,6744.079186133839,6752.460620400171,1.6653981418357944,2.8573942056662602,0.9888969157902073,6600.943506359866,82.88308229109069,11210403.618008923,0.0005888230014979833,1303,0.04873937393834462,-1.445965571882522,1.4440828042107998,-4095.9999999999995,4090.666666666666,C:\Users\kimeu\Downloads\starlink_pathB_wsl_package_v0_3_clean\starlink_pathB\paper_final_experiment_check\outputs\random1200_null_random1200_seed3\159_76_lst000_stress_frozen_polybeam_khz_comb_S1000_multi.npz,9.10175923472585,9444.443085672718,1.7798436919007438e-05,140609741.2109375,False,False,False,False,False,False,False,False,False,False,False,False
159_76,156.200250406372,mid,stress,0,2461041.5,2461041.506822953,full_polybeam,smooth,30.0,single,coherent_ab,4,2,1,46696,76.053,0.2313613071236559,8.574847721632174e-05,0.5502745938468236,1,4,4,4,0.3308758856684498,0.5502745938468236,0.3308758856684498,0.7280464634021924,8.574847721632174e-05,6417.310390931139,0.27698232189539107,0.27698232189539107,0.0005627885952190462,False,20266521,100,-0.9672528676308138,-0.4598100027938481,0.9405940594059405,0.7227722772277227,4.148513920485129,1060.1626359843967,5.186260215856237,7.9104029735153745,8.06496781991511,1065.8833778302974,1099.5640091064056,1100.3645983399063,0.7236476730467984,1.0598945027916757,1.013105926606906,1060.1626359843967,95.27647460173262,11210403.618008923,9.456953309703331e-05,1303,0.04873937393834462,-1.445965571882522,1.4440828042107998,-4095.9999999999995,4090.666666666666,C:\Users\kimeu\Downloads\starlink_pathB_wsl_package_v0_3_clean\starlink_pathB\paper_final_experiment_check\outputs\random1200_null_random1200_seed3\159_76_lst000_stress_full_polybeam_smooth_S30_single.npz,9.10175923472585,9444.443085672718,1.7798436919007438e-05,140609741.2109375,False,False,False,False,False,False,False,False,False,False,False,False
159_76,156.200250406372,mid,stress,0,2461041.5,2461041.506822953,full_polybeam,smooth,30.0,multi,coherent_ab,4,2,2,46696;48481,76.053;75.131,0.2313613071236559,8.574847721632174e-05,0.5502745938468236,1,4,4,4,0.3308758856684498,0.5502745938468236,0.3308758856684498,0.7280464634021924,8.574847721632174e-05,6417.310390931139,0.4008293399059675,0.27698232189539107,0.0007602513511216051,False,20266538,100,-0.328501071909055,-0.05809524611977797,0.6138613861386139,0.5247524752475248,5.074929018563125,1211.6717134256828,5.3567139861916075,8.894458265853062,9.793701007481651,1214.8534389386787,1311.0561201722965,1329.3925490982772,0.5785714966477826,1.7889310694376321,1.1550347405600971,1211.6717134256828,-13.173889128728263,11210403.618008923,0.00010808457524929754,1303,0.04873937393834462,-1.445965571882522,1.4440828042107998,-4095.9999999999995,4090.666666666666,C:\Users\kimeu\Downloads\starlink_pathB_wsl_package_v0_3_clean\starlink_pathB\paper_final_experiment_check\outputs\random1200_null_random1200_seed3\159_76_lst000_stress_full_polybeam_smooth_S30_multi.npz,9.10175923472585,9444.443085672718,1.7798436919007438e-05,140609741.2109375,False,False,False,False,False,False,False,False,False,False,False,False
159_76,156.200250406372,mid,stress,0,2461041.5,2461041.506822953,full_polybeam,smooth,1000.0,single,coherent_ab,4,2,1,46696,76.053,0.2313613071236559,8.574847721632174e-05,0.5502745938468236,1,4,4,4,0.3308758856684498,0.5502745938468236,0.3308758856684498,0.7280464634021924,8.574847721632174e-05,6417.310390931139,9.232744063179702,9.232744063179702,0.018759619840634872,False,20266555,100,-0.7431502226211448,-0.4570016713808081,0.8910891089108911,0.6831683168316832,137.19317363365917,35370.52150724577,174.05251288296768,266.12610381523683,266.98743106449524,35636.9409250604,36626.06875591037,36702.655545708905,33.453914117638305,1.224527102373267,1.124053931782992,35370.52150724577,2930.738712371458,11210403.618008923,0.003155151474691321,1303,0.04873937393834462,-1.445965571882522,1.4440828042107998,-4095.9999999999995,4090.666666666666,C:\Users\kimeu\Downloads\starlink_pathB_wsl_package_v0_3_clean\starlink_pathB\paper_final_experiment_check\outputs\random1200_null_random1200_seed3\159_76_lst000_stress_full_polybeam_smooth_S1000_single.npz,9.10175923472585,9444.443085672718,1.7798436919007438e-05,140609741.2109375,False,False,False,False,False,False,False,False,False,False,False,False
159_76,156.200250406372,mid,stress,0,2461041.5,2461041.506822953,full_polybeam,smooth,1000.0,multi,coherent_ab,4,2,2,46696;48481,76.053;75.131,0.2313613071236559,8.574847721632174e-05,0.5502745938468236,1,4,4,4,0.3308758856684498,0.5502745938468236,0.3308758856684498,0.7280464634021924,8.574847721632174e-05,6417.310390931139,13.360977996865582,9.232744063179702,0.0253417117040535,False,20266572,100,-0.319909957009636,-0.13320471843419232,0.6732673267326733,0.5841584158415841,168.77712419584714,40441.249868292376,178.65481648806417,298.6011443045872,339.72364585455756,40636.3101892415,43776.281565749276,44221.52590508297,20.825898131869963,2.649868806589857,1.4315035740364188,40441.249868292376,-738.2586723524762,11210403.618008923,0.0036074749176136386,1303,0.04873937393834462,-1.445965571882522,1.4440828042107998,-4095.9999999999995,4090.666666666666,C:\Users\kimeu\Downloads\starlink_pathB_wsl_package_v0_3_clean\starlink_pathB\paper_final_experiment_check\outputs\random1200_null_random1200_seed3\159_76_lst000_stress_full_polybeam_smooth_S1000_multi.npz,9.10175923472585,9444.443085672718,1.7798436919007438e-05,140609741.2109375,False,False,False,False,False,False,False,False,False,False,False,False
159_76,156.200250406372,mid,stress,0,2461041.5,2461041.506822953,full_polybeam,lines,30.0,single,coherent_ab,4,2,1,46696,76.053,0.2313613071236559,8.574847721632174e-05,0.5502745938468236,1,4,4,4,0.3308758856684498,0.5502745938468236,0.3308758856684498,0.7280464634021924,8.574847721632174e-05,6417.310390931139,0.2769679809302679,0.2769679809302679,0.0005632622679849945,False,20266589,100,-1.482806435160983,-0.6168213765028236,0.9306930693069307,0.8118811881188119,4.164330719875579,1059.7766067818236,5.266283788560031,7.728157291412208,8.058900517751063,1073.2096550850633,1099.5926428599073,1099.9887961452237,0.501250294428246,0.9548506359138469,0.8620757312115603,1059.7766067818236,94.58458370588923,11210403.618008923,9.453509819034065e-05,1303,0.04873937393834462,-1.445965571882522,1.4440828042107998,-4095.9999999999995,4090.666666666666,C:\Users\kimeu\Downloads\starlink_pathB_wsl_package_v0_3_clean\starlink_pathB\paper_final_experiment_check\outputs\random1200_null_random1200_seed3\159_76_lst000_stress_full_polybeam_lines_S30_single.npz,9.10175923472585,9444.443085672718,1.7798436919007438e-05,140609741.2109375,False,False,False,False,False,False,False,False,False,False,False,False
159_76,156.200250406372,mid,stress,0,2461041.5,2461041.506822953,full_polybeam,lines,30.0,multi,coherent_ab,4,2,2,46696;48481,76.053;75.131,0.2313613071236559,8.574847721632174e-05,0.5502745938468236,1,4,4,4,0.3308758856684498,0.5502745938468236,0.3308758856684498,0.7280464634021924,8.574847721632174e-05,6417.310390931139,0.40079508129218616,0.2769679809302679,0.0007608834313734641,False,20266606,100,-0.4160612641699876,-0.10470501656237463,0.693069306930693,0.5247524752475248,5.0626989645606955,1210.9790516262883,5.492360831112819,9.069234986904666,10.187939478976551,1216.3013147262966,1316.9888810526616,1325.7239141529903,0.6965391485482542,1.9792203929948335,1.1860701417551363,1210.9790516262883,-13.695055884638304,11210403.618008923,0.0001080227878397629,1303,0.04873937393834462,-1.445965571882522,1.4440828042107998,-4095.9999999999995,4090.666666666666,C:\Users\kimeu\Downloads\starlink_pathB_wsl_package_v0_3_clean\starlink_pathB\paper_final_experiment_check\outputs\random1200_null_random1200_seed3\159_76_lst000_stress_full_polybeam_lines_S30_multi.npz,9.10175923472585,9444.443085672718,1.7798436919007438e-05,140609741.2109375,False,False,False,False,False,False,False,False,False,False,False,False
159_76,156.200250406372,mid,stress,0,2461041.5,2461041.506822953,full_polybeam,lines,1000.0,single,coherent_ab,4,2,1,46696,76.053,0.2313613071236559,8.574847721632174e-05,0.5502745938468236,1,4,4,4,0.3308758856684498,0.5502745938468236,0.3308758856684498,0.7280464634021924,8.574847721632174e-05,6417.310390931139,9.232266031008926,9.232266031008926,0.018775408932833148,False,20266623,100,-0.7756018961108584,-0.4044283756246231,0.8712871287128713,0.7326732673267327,137.75284080826532,35359.19442879643,178.71054790747075,262.15090329617016,267.7616214715669,35538.242150658116,36611.98123215782,36723.14790217991,35.61826641513835,0.9329645916717839,0.8782275638278023,35359.19442879643,2907.6061323686718,11210403.618008923,0.003154141066963347,1303,0.04873937393834462,-1.445965571882522,1.4440828042107998,-4095.9999999999995,4090.666666666666,C:\Users\kimeu\Downloads\starlink_pathB_wsl_package_v0_3_clean\starlink_pathB\paper_final_experiment_check\outputs\random1200_null_random1200_seed3\159_76_lst000_stress_full_polybeam_lines_S1000_single.npz,9.10175923472585,9444.443085672718,1.7798436919007438e-05,140609741.2109375,False,False,False,False,False,False,False,False,False,False,False,False
159_76,156.200250406372,mid,stress,0,2461041.5,2461041.506822953,full_polybeam,lines,1000.0,multi,coherent_ab,4,2,2,46696;48481,76.053;75.131,0.2313613071236559,8.574847721632174e-05,0.5502745938468236,1,4,4,4,0.3308758856684498,0.5502745938468236,0.3308758856684498,0.7280464634021924,8.574847721632174e-05,6417.310390931139,13.359836043072868,9.232266031008926,0.02536278104578214,False,20266640,100,-0.5044724573371091,-0.01171570145749985,0.7326732673267327,0.5148514851485149,168.38539160643268,40418.81773140351,185.37062033215443,315.0529327080514,335.29275883689144,40443.24125061442,43847.50731433558,44552.564293412324,22.709623997252493,2.4947238726021634,1.2163646813595133,40418.81773140351,-755.6775825525485,11210403.618008923,0.003605473906976267,1303,0.04873937393834462,-1.445965571882522,1.4440828042107998,-4095.9999999999995,4090.666666666666,C:\Users\kimeu\Downloads\starlink_pathB_wsl_package_v0_3_clean\starlink_pathB\paper_final_experiment_check\outputs\random1200_null_random1200_seed3\159_76_lst000_stress_full_polybeam_lines_S1000_multi.npz,9.10175923472585,9444.443085672718,1.7798436919007438e-05,140609741.2109375,False,False,False,False,False,False,False,False,False,False,False,False
159_76,156.200250406372,mid,stress,0,2461041.5,2461041.506822953,full_polybeam,khz_comb,30.0,single,coherent_ab,4,2,1,46696,76.053,0.2313613071236559,8.574847721632174e-05,0.5502745938468236,1,4,4,4,0.3308758856684498,0.5502745938468236,0.3308758856684498,0.7280464634021924,8.574847721632174e-05,6417.310390931139,0.22793863798846023,0.22793863798846023,0.0004762399935834764,False,20266657,100,-0.7195343954490092,-0.49166014104089434,0.7524752475247525,0.6633663366336634,3.4858914115902735,875.5598968304412,4.256724608678269,6.7424379771044185,6.799329075871937,881.4443450973364,906.8779136439822,907.2557597544213,0.7225782003224595,0.9978652876115394,0.9068157361435588,875.5598968304412,78.64051376267828,11210403.618008923,7.810244186247678e-05,1303,0.04873937393834462,-1.445965571882522,1.4440828042107998,-4095.9999999999995,4090.666666666666,C:\Users\kimeu\Downloads\starlink_pathB_wsl_package_v0_3_clean\starlink_pathB\paper_final_experiment_check\outputs\random1200_null_random1200_seed3\159_76_lst000_stress_full_polybeam_khz_comb_S30_single.npz,9.10175923472585,9444.443085672718,1.7798436919007438e-05,140609741.2109375,False,False,False,False,False,False,False,False,False,False,False,False
159_76,156.200250406372,mid,stress,0,2461041.5,2461041.506822953,full_polybeam,khz_comb,30.0,multi,coherent_ab,4,2,2,46696;48481,76.053;75.131,0.2313613071236559,8.574847721632174e-05,0.5502745938468236,1,4,4,4,0.3308758856684498,0.5502745938468236,0.3308758856684498,0.7280464634021924,8.574847721632174e-05,6417.310390931139,0.3298456544881841,0.22793863798846023,0.0006444903111587391,False,20266674,100,-0.6653632510054884,-0.0782862547291943,0.7524752475247525,0.5445544554455446,4.180391817721102,999.1987378750907,4.766198932015868,7.851378515583928,8.491928427019449,1002.9040537416291,1096.5926614191048,1100.4166838000328,0.5938432650591494,2.393272797926158,1.5266614135180143,999.1987378750907,-9.984134559546874,11210403.618008923,8.913137937959081e-05,1303,0.04873937393834462,-1.445965571882522,1.4440828042107998,-4095.9999999999995,4090.666666666666,C:\Users\kimeu\Downloads\starlink_pathB_wsl_package_v0_3_clean\starlink_pathB\paper_final_experiment_check\outputs\random1200_null_random1200_seed3\159_76_lst000_stress_full_polybeam_khz_comb_S30_multi.npz,9.10175923472585,9444.443085672718,1.7798436919007438e-05,140609741.2109375,False,False,False,False,False,False,False,False,False,False,False,False
159_76,156.200250406372,mid,stress,0,2461041.5,2461041.506822953,full_polybeam,khz_comb,1000.0,single,coherent_ab,4,2,1,46696,76.053,0.2313613071236559,8.574847721632174e-05,0.5502745938468236,1,4,4,4,0.3308758856684498,0.5502745938468236,0.3308758856684498,0.7280464634021924,8.574847721632174e-05,6417.310390931139,7.597954599615341,7.597954599615341,0.015874666452782547,False,20266691,100,-0.9635857528628582,-0.4244853723037879,0.8415841584158416,0.6831683168316832,115.48060010659538,29206.936792470082,143.72213216834825,218.89136349239487,225.24469532065103,29394.561602449903,30254.35627202245,30289.27538593396,19.76850773532078,1.3007193562691362,1.1690819454343788,29206.936792470082,2457.8584201732965,11210403.618008923,0.0026053421257331605,1303,0.04873937393834462,-1.445965571882522,1.4440828042107998,-4095.9999999999995,4090.666666666666,C:\Users\kimeu\Downloads\starlink_pathB_wsl_package_v0_3_clean\starlink_pathB\paper_final_experiment_check\outputs\random1200_null_random1200_seed3\159_76_lst000_stress_full_polybeam_khz_comb_S1000_single.npz,9.10175923472585,9444.443085672718,1.7798436919007438e-05,140609741.2109375,False,False,False,False,False,False,False,False,False,False,False,False
159_76,156.200250406372,mid,stress,0,2461041.5,2461041.506822953,full_polybeam,khz_comb,1000.0,multi,coherent_ab,4,2,2,46696;48481,76.053;75.131,0.2313613071236559,8.574847721632174e-05,0.5502745938468236,1,4,4,4,0.3308758856684498,0.5502745938468236,0.3308758856684498,0.7280464634021924,8.574847721632174e-05,6417.310390931139,10.994855149606138,7.597954599615341,0.02148301037195797,False,20266708,100,-0.504007910234884,0.0979709482484851,0.693069306930693,0.46534653465346537,139.0932189281266,33343.35947291792,153.09292299170374,266.27529547227147,277.1525559687134,33191.035689670214,36402.204941579825,36682.020320066964,18.7351643387683,1.9900508316223984,1.2424576793900755,33343.35947291792,-532.8584136099985,11210403.618008923,0.002974322835205823,1303,0.04873937393834462,-1.445965571882522,1.4440828042107998,-4095.9999999999995,4090.666666666666,C:\Users\kimeu\Downloads\starlink_pathB_wsl_package_v0_3_clean\starlink_pathB\paper_final_experiment_check\outputs\random1200_null_random1200_seed3\159_76_lst000_stress_full_polybeam_khz_comb_S1000_multi.npz,9.10175923472585,9444.443085672718,1.7798436919007438e-05,140609741.2109375,False,False,False,False,False,False,False,False,False,False,False,False
23_80,207.2758462936688,long,quiet,48,2461041.833333333,2461041.8401562865,frozen_polybeam,smooth,30.0,single,coherent_ab,2,2,1,57120,82.496,0.1671706989247312,5.820419561578807e-09,0.0149220859960422,0,2,2,2,0.0,0.0149220859960422,0.0,0.0457676818690719,5.820419561578807e-09,2563747.4821479414,0.08029053164332424,0.08029053164332424,0.00016465797737522632,False,20266773,100,1.3242858323538975,0.22947937047628453,0.1188118811881188,0.39603960396039606,0.917213573706249,87.21710703413024,0.703108524052368,1.0589610979639474,1.077525893276761,85.96822004108633,91.65294730889389,91.95111672890586,0.10904887300057453,1.8761933667919228,1.570218456473649,87.21710703413024,-20.506611442155325,5016469.09829277,1.7386154549185284e-05,1239,0.06467656072644712,-1.445965571882522,1.4440828042107998,-4095.9999999999995,4090.666666666666,C:\Users\kimeu\Downloads\starlink_pathB_wsl_package_v0_3_clean\starlink_pathB\paper_final_experiment_check\outputs\random1200_null_random1200_seed3\23_80_lst048_quiet_frozen_polybeam_smooth_S30_single.npz,9.10175923472585,9444.443085672718,1.7798436919007438e-05,140609741.2109375,False,False,False,False,False,False,False,False,False,False,False,False
23_80,207.2758462936688,long,quiet,48,2461041.833333333,2461041.8401562865,frozen_polybeam,smooth,30.0,multi,coherent_ab,2,2,2,57120;57111,82.496;74.537,0.1671706989247312,5.820419561578807e-09,0.0149220859960422,0,2,2,2,0.0,0.0149220859960422,0.0,0.0457676818690719,5.820419561578807e-09,2563747.4821479414,0.08319399726573376,0.08029053164332424,0.000219094980027491,False,20266790,100,0.9614854874783141,0.679671001834743,0.13861386138613863,0.24752475247524752,0.9720691811598954,94.43093603960335,0.7595451758952549,1.0857393087946547,1.129839255189363,90.63982097664075,98.13136327102231,99.68222639544993,0.1490875105082523,2.025342621675181,1.1078037528799511,94.43093603960335,-24.05396370240465,5016469.09829277,1.8824183741456828e-05,1239,0.06467656072644712,-1.445965571882522,1.4440828042107998,-4095.9999999999995,4090.666666666666,C:\Users\kimeu\Downloads\starlink_pathB_wsl_package_v0_3_clean\starlink_pathB\paper_final_experiment_check\outputs\random1200_null_random1200_seed3\23_80_lst048_quiet_frozen_polybeam_smooth_S30_multi.npz,9.10175923472585,9444.443085672718,1.7798436919007438e-05,140609741.2109375,False,False,False,False,False,False,False,False,False,False,False,False
23_80,207.2758462936688,long,quiet,48,2461041.833333333,2461041.8401562865,frozen_polybeam,smooth,1000.0,single,coherent_ab,2,2,1,57120,82.496,0.1671706989247312,5.820419561578807e-09,0.0149220859960422,0,2,2,2,0.0,0.0149220859960422,0.0,0.0457676818690719,5.820419561578807e-09,2563747.4821479414,2.6763510547774745,2.6763510547774745,0.00548859924584088,False,20266807,100,1.2085983863457028,0.09903993061341301,0.2376237623762376,0.48514851485148514,30.586908725592366,2905.317177085766,23.107373820731482,35.20688488910564,35.90518129601504,2884.4893550161305,3058.1930207673217,3069.7364771131993,4.174155149888065,0.8914422451608512,0.8228206707087367,2905.317177085766,-676.502394474724,5016469.09829277,0.0005791558006555883,1239,0.06467656072644712,-1.445965571882522,1.4440828042107998,-4095.9999999999995,4090.666666666666,C:\Users\kimeu\Downloads\starlink_pathB_wsl_package_v0_3_clean\starlink_pathB\paper_final_experiment_check\outputs\random1200_null_random1200_seed3\23_80_lst048_quiet_frozen_polybeam_smooth_S1000_single.npz,9.10175923472585,9444.443085672718,1.7798436919007438e-05,140609741.2109375,False,False,False,False,False,False,False,False,False,False,False,False
23_80,207.2758462936688,long,quiet,48,2461041.833333333,2461041.8401562865,frozen_polybeam,smooth,1000.0,multi,coherent_ab,2,2,2,57120;57111,82.496;74.537,0.1671706989247312,5.820419561578807e-09,0.0149220859960422,0,2,2,2,0.0,0.0149220859960422,0.0,0.0457676818690719,5.820419561578807e-09,2563747.4821479414,2.7731332421911254,2.6763510547774745,0.007303166000916369,False,20266824,100,1.2569128358931592,0.3006114268114869,0.16831683168316833,0.3465346534653465,32.41645226030232,3145.4830422016926,23.999841751481654,35.50275569018995,37.102864455790815,3089.5085246248955,3295.9928325739083,3353.472809798267,4.516563004370255,1.9254005180507472,1.349367246927151,3145.4830422016926,-794.2589898693312,5016469.09829277,0.0006270312804821581,1239,0.06467656072644712,-1.445965571882522,1.4440828042107998,-4095.9999999999995,4090.666666666666,C:\Users\kimeu\Downloads\starlink_pathB_wsl_package_v0_3_clean\starlink_pathB\paper_final_experiment_check\outputs\random1200_null_random1200_seed3\23_80_lst048_quiet_frozen_polybeam_smooth_S1000_multi.npz,9.10175923472585,9444.443085672718,1.7798436919007438e-05,140609741.2109375,False,False,False,False,False,False,False,False,False,False,False,False
23_80,207.2758462936688,long,quiet,48,2461041.833333333,2461041.8401562865,frozen_polybeam,lines,30.0,single,coherent_ab,2,2,1,57120,82.496,0.1671706989247312,5.820419561578807e-09,0.0149220859960422,0,2,2,2,0.0,0.0149220859960422,0.0,0.0457676818690719,5.820419561578807e-09,2563747.4821479414,0.08027927214756668,0.08027927214756668,0.00016492125875921677,False,20266841,100,1.1244162712552266,0.12210676191874983,0.1485148514851485,0.4752475247524752,0.9137377953229588,87.18302955215867,0.6899867031561371,1.0512419508053426,1.0660197348139628,86.36033060034981,91.83686065239367,91.99314038356148,0.13421901474339393,1.3745181070267782,1.2855874741930506,87.18302955215867,-20.349012759404967,5016469.09829277,1.7379361428106723e-05,1239,0.06467656072644712,-1.445965571882522,1.4440828042107998,-4095.9999999999995,4090.666666666666,C:\Users\kimeu\Downloads\starlink_pathB_wsl_package_v0_3_clean\starlink_pathB\paper_final_experiment_check\outputs\random1200_null_random1200_seed3\23_80_lst048_quiet_frozen_polybeam_lines_S30_single.npz,9.10175923472585,9444.443085672718,1.7798436919007438e-05,140609741.2109375,False,False,False,False,False,False,False,False,False,False,False,False
23_80,207.2758462936688,long,quiet,48,2461041.833333333,2461041.8401562865,frozen_polybeam,lines,30.0,multi,coherent_ab,2,2,2,57120;57111,82.496;74.537,0.1671706989247312,5.820419561578807e-09,0.0149220859960422,0,2,2,2,0.0,0.0149220859960422,0.0,0.0457676818690719,5.820419561578807e-09,2563747.4821479414,0.08318242802849345,0.08027927214756668,0.00021941860698877237,False,20266858,100,1.125883789296902,0.7085253194156882,0.13861386138613863,0.24752475247524752,0.968722414025251,94.34681696686043,0.7278101549673011,1.1250951277388594,1.1409234893201938,90.51408100768512,98.76409462370229,99.98575357530389,0.144324924227476,1.6974676833083613,1.1419723430223696,94.34681696686043,-23.90102400301944,5016469.09829277,1.8807415159592832e-05,1239,0.06467656072644712,-1.445965571882522,1.4440828042107998,-4095.9999999999995,4090.666666666666,C:\Users\kimeu\Downloads\starlink_pathB_wsl_package_v0_3_clean\starlink_pathB\paper_final_experiment_check\outputs\random1200_null_random1200_seed3\23_80_lst048_quiet_frozen_polybeam_lines_S30_multi.npz,9.10175923472585,9444.443085672718,1.7798436919007438e-05,140609741.2109375,False,False,False,False,False,False,False,False,False,False,False,False
23_80,207.2758462936688,long,quiet,48,2461041.833333333,2461041.8401562865,frozen_polybeam,lines,1000.0,single,coherent_ab,2,2,1,57120,82.496,0.1671706989247312,5.820419561578807e-09,0.0149220859960422,0,2,2,2,0.0,0.0149220859960422,0.0,0.0457676818690719,5.820419561578807e-09,2563747.4821479414,2.6759757382522227,2.6759757382522227,0.005497375291973891,False,20266875,100,0.9957180184171445,-0.1457241104063726,0.24752475247524752,0.5643564356435643,30.470621911415947,2904.203375005416,23.678668832954827,35.254897135301874,35.676286354873774,2930.3122108564194,3064.1015595295053,3069.709279774069,4.600810174654725,0.8276803751769742,0.7515676953645399,2904.203375005416,-671.2508099331046,5016469.09829277,0.0005789337715633072,1239,0.06467656072644712,-1.445965571882522,1.4440828042107998,-4095.9999999999995,4090.666666666666,C:\Users\kimeu\Downloads\starlink_pathB_wsl_package_v0_3_clean\starlink_pathB\paper_final_experiment_check\outputs\random1200_null_random1200_seed3\23_80_lst048_quiet_frozen_polybeam_lines_S1000_single.npz,9.10175923472585,9444.443085672718,1.7798436919007438e-05,140609741.2109375,False,False,False,False,False,False,False,False,False,False,False,False
23_80,207.2758462936688,long,quiet,48,2461041.833333333,2461041.8401562865,frozen_polybeam,lines,1000.0,multi,coherent_ab,2,2,2,57120;57111,82.496;74.537,0.1671706989247312,5.820419561578807e-09,0.0149220859960422,0,2,2,2,0.0,0.0149220859960422,0.0,0.0457676818690719,5.820419561578807e-09,2563747.4821479414,2.7727476009497813,2.6759757382522227,0.007313953566292411,False,20266892,100,1.475303747763916,0.6330711199656079,0.1188118811881188,0.2871287128712871,32.30441787170639,3142.707795850656,25.088478378780565,34.03196589911585,36.58262283147298,3023.961094387546,3273.8038750627493,3352.3712884688903,3.2990389377764586,1.9667844742861025,1.1634746331835424,3142.707795850656,-789.1628199880929,5016469.09829277,0.0006264780534420512,1239,0.06467656072644712,-1.445965571882522,1.4440828042107998,-4095.9999999999995,4090.666666666666,C:\Users\kimeu\Downloads\starlink_pathB_wsl_package_v0_3_clean\starlink_pathB\paper_final_experiment_check\outputs\random1200_null_random1200_seed3\23_80_lst048_quiet_frozen_polybeam_lines_S1000_multi.npz,9.10175923472585,9444.443085672718,1.7798436919007438e-05,140609741.2109375,False,False,False,False,False,False,False,False,False,False,False,False
23_80,207.2758462936688,long,quiet,48,2461041.833333333,2461041.8401562865,frozen_polybeam,khz_comb,30.0,single,coherent_ab,2,2,1,57120,82.496,0.1671706989247312,5.820419561578807e-09,0.0149220859960422,0,2,2,2,0.0,0.0149220859960422,0.0,0.0457676818690719,5.820419561578807e-09,2563747.4821479414,0.06723417908942389,0.06723417908942389,0.000148097598700787,False,20266909,100,2.0630396621362133,0.14402259327776668,0.1782178217821782,0.4158415841584158,0.8785834527116094,80.71961173716906,0.6394625554848972,1.0270387129969094,1.0412116657916703,79.94130137733399,84.74260570222329,84.77920461353465,0.0781782524773007,1.0830736244989376,0.9317391303832174,80.71961173716906,-17.591947732036928,5016469.09829277,1.6090921753039398e-05,1239,0.06467656072644712,-1.445965571882522,1.4440828042107998,-4095.9999999999995,4090.666666666666,C:\Users\kimeu\Downloads\starlink_pathB_wsl_package_v0_3_clean\starlink_pathB\paper_final_experiment_check\outputs\random1200_null_random1200_seed3\23_80_lst048_quiet_frozen_polybeam_khz_comb_S30_single.npz,9.10175923472585,9444.443085672718,1.7798436919007438e-05,140609741.2109375,True,False,False,False,False,False,False,False,False,False,False,False
23_80,207.2758462936688,long,quiet,48,2461041.833333333,2461041.8401562865,frozen_polybeam,khz_comb,30.0,multi,coherent_ab,2,2,2,57120;57111,82.496;74.537,0.1671706989247312,5.820419561578807e-09,0.0149220859960422,0,2,2,2,0.0,0.0149220859960422,0.0,0.0457676818690719,5.820419561578807e-09,2563747.4821479414,0.06980626773308571,0.06723417908942389,0.00019714019392375726,False,20266926,100,1.64618258963714,0.7441428549360697,0.15841584158415842,0.16831683168316833,0.9316342882266326,87.77609840314027,0.6505638585176712,0.9971119225087022,1.0769123178601514,84.80898963141856,89.73292800367146,92.09495953692182,0.11516304983069858,1.9332394792576966,1.1277043293129596,87.77609840314027,-20.41833248432779,5016469.09829277,1.7497585788580392e-05,1239,0.06467656072644712,-1.445965571882522,1.4440828042107998,-4095.9999999999995,4090.666666666666,C:\Users\kimeu\Downloads\starlink_pathB_wsl_package_v0_3_clean\starlink_pathB\paper_final_experiment_check\outputs\random1200_null_random1200_seed3\23_80_lst048_quiet_frozen_polybeam_khz_comb_S30_multi.npz,9.10175923472585,9444.443085672718,1.7798436919007438e-05,140609741.2109375,False,False,False,False,False,False,False,False,False,False,False,False
23_80,207.2758462936688,long,quiet,48,2461041.833333333,2461041.8401562865,frozen_polybeam,khz_comb,1000.0,single,coherent_ab,2,2,1,57120,82.496,0.1671706989247312,5.820419561578807e-09,0.0149220859960422,0,2,2,2,0.0,0.0149220859960422,0.0,0.0457676818690719,5.820419561578807e-09,2563747.4821479414,2.241139302980796,2.241139302980796,0.004936586623359566,False,20266943,100,1.6815925186190936,-0.01203448869101098,0.21782178217821782,0.5148514851485149,29.29892966180705,2689.1242117218108,21.277067774828538,34.533304495077026,34.858541929168354,2691.000594196299,2823.0167591231007,2828.6161653519453,3.217587885683315,1.1910068393398514,1.1005510480080594,2689.1242117218108,-579.9762199600251,5016469.09829277,0.0005360591601445302,1239,0.06467656072644712,-1.445965571882522,1.4440828042107998,-4095.9999999999995,4090.666666666666,C:\Users\kimeu\Downloads\starlink_pathB_wsl_package_v0_3_clean\starlink_pathB\paper_final_experiment_check\outputs\random1200_null_random1200_seed3\23_80_lst048_quiet_frozen_polybeam_khz_comb_S1000_single.npz,9.10175923472585,9444.443085672718,1.7798436919007438e-05,140609741.2109375,False,False,False,False,False,False,False,False,False,False,False,False
23_80,207.2758462936688,long,quiet,48,2461041.833333333,2461041.8401562865,frozen_polybeam,khz_comb,1000.0,multi,coherent_ab,2,2,2,57120;57111,82.496;74.537,0.1671706989247312,5.820419561578807e-09,0.0149220859960422,0,2,2,2,0.0,0.0149220859960422,0.0,0.0457676818690719,5.820419561578807e-09,2563747.4821479414,2.3268755911028562,2.241139302980796,0.006571339797458574,False,20266960,100,1.7054524624037821,0.8993863028289482,0.18811881188118812,0.18811881188118812,31.067715820223384,2924.148754442317,22.567389584946795,33.72943319157275,35.69380542065559,2794.5976808221644,3047.0098733534223,3092.9356502661176,3.3618008268313133,2.2224226234939066,1.1104489679828211,2924.148754442317,-673.7362738270147,5016469.09829277,0.0005829097512904999,1239,0.06467656072644712,-1.445965571882522,1.4440828042107998,-4095.9999999999995,4090.666666666666,C:\Users\kimeu\Downloads\starlink_pathB_wsl_package_v0_3_clean\starlink_pathB\paper_final_experiment_check\outputs\random1200_null_random1200_seed3\23_80_lst048_quiet_frozen_polybeam_khz_comb_S1000_multi.npz,9.10175923472585,9444.443085672718,1.7798436919007438e-05,140609741.2109375,False,False,False,False,False,False,False,False,False,False,False,False
23_80,207.2758462936688,long,quiet,48,2461041.833333333,2461041.8401562865,full_polybeam,smooth,30.0,single,coherent_ab,2,2,1,57120,82.496,0.1671706989247312,5.820419561578807e-09,0.0149220859960422,0,2,2,2,0.0,0.0149220859960422,0.0,0.0457676818690719,5.820419561578807e-09,2563747.4821479414,0.16883636135870475,0.16883636135870475,0.0002498696241439351,False,20266977,100,-1.5877235407419898,0.10578283031073242,0.9801980198019802,0.46534653465346537,0.50118937960724,165.0664344210296,0.663739180430639,0.7614958892416325,0.7965540611575489,164.01153325400227,173.51943853900676,173.81684443180623,0.06905379670752154,1.2876183522414362,1.1162862524547135,165.0664344210296,-33.46025578605115,5016469.09829277,3.290490406433598e-05,1239,0.06467656072644712,-1.445965571882522,1.4440828042107998,-4095.9999999999995,4090.666666666666,C:\Users\kimeu\Downloads\starlink_pathB_wsl_package_v0_3_clean\starlink_pathB\paper_final_experiment_check\outputs\random1200_null_random1200_seed3\23_80_lst048_quiet_full_polybeam_smooth_S30_single.npz,9.10175923472585,9444.443085672718,1.7798436919007438e-05,140609741.2109375,False,False,False,False,False,False,False,False,False,False,False,False
23_80,207.2758462936688,long,quiet,48,2461041.833333333,2461041.8401562865,full_polybeam,smooth,30.0,multi,coherent_ab,2,2,2,57120;57111,82.496;74.537,0.1671706989247312,5.820419561578807e-09,0.0149220859960422,0,2,2,2,0.0,0.0149220859960422,0.0,0.0457676818690719,5.820419561578807e-09,2563747.4821479414,0.19741708700415994,0.16883636135870475,0.00034141736738920136,False,20266994,100,0.18832762697093142,0.8476995032623877,0.46534653465346537,0.27722772277227725,1.680156661237561,395.73616276740336,1.6074079102068026,2.17806641951754,2.3137022507294,390.71141083019376,398.1537378505738,399.2151134077142,0.2605478607835039,2.7237959281859934,1.511916217595635,395.73616276740336,-29.96284368558691,5016469.09829277,7.888739171184814e-05,1239,0.06467656072644712,-1.445965571882522,1.4440828042107998,-4095.9999999999995,4090.666666666666,C:\Users\kimeu\Downloads\starlink_pathB_wsl_package_v0_3_clean\starlink_pathB\paper_final_experiment_check\outputs\random1200_null_random1200_seed3\23_80_lst048_quiet_full_polybeam_smooth_S30_multi.npz,9.10175923472585,9444.443085672718,1.7798436919007438e-05,140609741.2109375,False,False,False,False,False,False,False,False,False,False,False,False
23_80,207.2758462936688,long,quiet,48,2461041.833333333,2461041.8401562865,full_polybeam,smooth,1000.0,single,coherent_ab,2,2,1,57120,82.496,0.1671706989247312,5.820419561578807e-09,0.0149220859960422,0,2,2,2,0.0,0.0149220859960422,0.0,0.0457676818690719,5.820419561578807e-09,2563747.4821479414,5.627878711956826,5.627878711956826,0.008328987471464502,False,20267011,100,-2.0195025305760046,-0.20711349001631646,0.9900990099009901,0.5841584158415841,16.731031853254535,5498.320304976425,22.523499455817728,26.30970707639699,26.57506732718717,5558.941148980848,5794.501526441861,5800.545397925516,1.9346179632575513,1.3840852409551918,1.2840766007722677,5498.320304976425,-1110.4677613115246,5016469.09829277,0.0010960538572534297,1239,0.06467656072644712,-1.445965571882522,1.4440828042107998,-4095.9999999999995,4090.666666666666,C:\Users\kimeu\Downloads\starlink_pathB_wsl_package_v0_3_clean\starlink_pathB\paper_final_experiment_check\outputs\random1200_null_random1200_seed3\23_80_lst048_quiet_full_polybeam_smooth_S1000_single.npz,9.10175923472585,9444.443085672718,1.7798436919007438e-05,140609741.2109375,False,False,False,False,False,False,False,False,False,False,False,False
23_80,207.2758462936688,long,quiet,48,2461041.833333333,2461041.8401562865,full_polybeam,smooth,1000.0,multi,coherent_ab,2,2,2,57120;57111,82.496;74.537,0.1671706989247312,5.820419561578807e-09,0.0149220859960422,0,2,2,2,0.0,0.0149220859960422,0.0,0.0457676818690719,5.820419561578807e-09,2563747.4821479414,6.580569566805332,5.627878711956826,0.011380578912973376,False,20267028,100,0.5053649615837515,0.6733575263608661,0.38613861386138615,0.21782178217821782,56.04700451758981,13192.830022368893,51.253644407637694,70.65943307521873,75.91963330718856,13088.299753951203,13272.972508115232,13294.424291849973,6.397509417499691,1.9217629819902307,1.169493024478012,13192.830022368893,-998.5142360370259,5016469.09829277,0.002629903576373817,1239,0.06467656072644712,-1.445965571882522,1.4440828042107998,-4095.9999999999995,4090.666666666666,C:\Users\kimeu\Downloads\starlink_pathB_wsl_package_v0_3_clean\starlink_pathB\paper_final_experiment_check\outputs\random1200_null_random1200_seed3\23_80_lst048_quiet_full_polybeam_smooth_S1000_multi.npz,9.10175923472585,9444.443085672718,1.7798436919007438e-05,140609741.2109375,False,False,False,False,False,False,False,False,False,False,False,False
23_80,207.2758462936688,long,quiet,48,2461041.833333333,2461041.8401562865,full_polybeam,lines,30.0,single,coherent_ab,2,2,1,57120,82.496,0.1671706989247312,5.820419561578807e-09,0.0149220859960422,0,2,2,2,0.0,0.0149220859960422,0.0,0.0457676818690719,5.820419561578807e-09,2563747.4821479414,0.16881268469029154,0.16881268469029154,0.0002502362615951324,False,20267045,100,-2.4323757344154577,-0.22423202284106156,0.9405940594059405,0.5841584158415841,0.49952916230176925,164.9237440742213,0.6682713210050224,0.759243820190386,0.7808453968051982,166.75592758091486,173.60455303389548,173.77578674625923,0.04679171279713046,0.8995666409986902,0.8665711468925594,164.9237440742213,-33.228001075692326,5016469.09829277,3.287645968562808e-05,1239,0.06467656072644712,-1.445965571882522,1.4440828042107998,-4095.9999999999995,4090.666666666666,C:\Users\kimeu\Downloads\starlink_pathB_wsl_package_v0_3_clean\starlink_pathB\paper_final_experiment_check\outputs\random1200_null_random1200_seed3\23_80_lst048_quiet_full_polybeam_lines_S30_single.npz,9.10175923472585,9444.443085672718,1.7798436919007438e-05,140609741.2109375,False,False,False,False,False,False,False,False,False,False,False,False
23_80,207.2758462936688,long,quiet,48,2461041.833333333,2461041.8401562865,full_polybeam,lines,30.0,multi,coherent_ab,2,2,2,57120;57111,82.496;74.537,0.1671706989247312,5.820419561578807e-09,0.0149220859960422,0,2,2,2,0.0,0.0149220859960422,0.0,0.0457676818690719,5.820419561578807e-09,2563747.4821479414,0.19738745911528524,0.16881268469029154,0.00034184860908982584,False,20267062,100,0.48939514339369405,0.8245991893892952,0.33663366336633666,0.19801980198019803,1.677249066226068,395.582833822349,1.5230400980049126,2.1201805825130404,2.291092793247376,392.1378319960967,397.7201669112527,398.45493791554964,0.21253280809514763,2.687759174306718,1.4352123249414996,395.582833822349,-29.716150311870777,5016469.09829277,7.885682659880747e-05,1239,0.06467656072644712,-1.445965571882522,1.4440828042107998,-4095.9999999999995,4090.666666666666,C:\Users\kimeu\Downloads\starlink_pathB_wsl_package_v0_3_clean\starlink_pathB\paper_final_experiment_check\outputs\random1200_null_random1200_seed3\23_80_lst048_quiet_full_polybeam_lines_S30_multi.npz,9.10175923472585,9444.443085672718,1.7798436919007438e-05,140609741.2109375,False,False,False,False,False,False,False,False,False,False,False,False
23_80,207.2758462936688,long,quiet,48,2461041.833333333,2461041.8401562865,full_polybeam,lines,1000.0,single,coherent_ab,2,2,1,57120,82.496,0.1671706989247312,5.820419561578807e-09,0.0149220859960422,0,2,2,2,0.0,0.0149220859960422,0.0,0.0457676818690719,5.820419561578807e-09,2563747.4821479414,5.627089489676385,5.627089489676385,0.008341208719837746,False,20267079,100,-2.1535955151043393,-0.2403228897392151,0.9603960396039604,0.5841584158415841,16.67471980159098,5493.566791941891,22.210236101088412,26.215535269173596,26.26070497279732,5563.6569878752625,5785.464911777245,5796.677193934079,1.733684234925704,0.9086601860994481,0.869341385016865,5493.566791941891,-1102.733732583778,5016469.09829277,0.001095106275808913,1239,0.06467656072644712,-1.445965571882522,1.4440828042107998,-4095.9999999999995,4090.666666666666,C:\Users\kimeu\Downloads\starlink_pathB_wsl_package_v0_3_clean\starlink_pathB\paper_final_experiment_check\outputs\random1200_null_random1200_seed3\23_80_lst048_quiet_full_polybeam_lines_S1000_single.npz,9.10175923472585,9444.443085672718,1.7798436919007438e-05,140609741.2109375,False,False,False,False,False,False,False,False,False,False,False,False
23_80,207.2758462936688,long,quiet,48,2461041.833333333,2461041.8401562865,full_polybeam,lines,1000.0,multi,coherent_ab,2,2,2,57120;57111,82.496;74.537,0.1671706989247312,5.820419561578807e-09,0.0149220859960422,0,2,2,2,0.0,0.0149220859960422,0.0,0.0457676818690719,5.820419561578807e-09,2563747.4821479414,6.579581970509508,5.627089489676385,0.011394953636327526,False,20267096,100,0.40723735007814044,0.6413514584242711,0.39603960396039606,0.2376237623762376,56.00069997610626,13187.592623089131,51.46794610724052,70.4752625475202,77.19683677287141,13060.341598110022,13260.425771312432,13270.864933979465,7.507416986543831,2.122623229538485,1.4262755470479767,13187.592623089131,-990.294584384758,5016469.09829277,0.0026288595354005467,1239,0.06467656072644712,-1.445965571882522,1.4440828042107998,-4095.9999999999995,4090.666666666666,C:\Users\kimeu\Downloads\starlink_pathB_wsl_package_v0_3_clean\starlink_pathB\paper_final_experiment_check\outputs\random1200_null_random1200_seed3\23_80_lst048_quiet_full_polybeam_lines_S1000_multi.npz,9.10175923472585,9444.443085672718,1.7798436919007438e-05,140609741.2109375,False,False,False,False,False,False,False,False,False,False,False,False
23_80,207.2758462936688,long,quiet,48,2461041.833333333,2461041.8401562865,full_polybeam,khz_comb,30.0,single,coherent_ab,2,2,1,57120,82.496,0.1671706989247312,5.820419561578807e-09,0.0149220859960422,0,2,2,2,0.0,0.0149220859960422,0.0,0.0457676818690719,5.820419561578807e-09,2563747.4821479414,0.1389291761966098,0.1389291761966098,0.00021500710153623032,False,20267113,100,-1.8353492194955412,-0.3174865540844238,1.0,0.6039603960396039,0.4474066588009009,139.4627582817377,0.634471832529016,0.7519341112190886,0.7677130858519376,141.38794078399013,145.96425365787636,146.0661394134521,0.06874644332492608,1.1545245523706271,1.0176641140343514,139.4627582817377,-27.933657247375496,5016469.09829277,2.7800980241102327e-05,1239,0.06467656072644712,-1.445965571882522,1.4440828042107998,-4095.9999999999995,4090.666666666666,C:\Users\kimeu\Downloads\starlink_pathB_wsl_package_v0_3_clean\starlink_pathB\paper_final_experiment_check\outputs\random1200_null_random1200_seed3\23_80_lst048_quiet_full_polybeam_khz_comb_S30_single.npz,9.10175923472585,9444.443085672718,1.7798436919007438e-05,140609741.2109375,False,False,False,False,False,False,False,False,False,False,False,False
23_80,207.2758462936688,long,quiet,48,2461041.833333333,2461041.8401562865,full_polybeam,khz_comb,30.0,multi,coherent_ab,2,2,2,57120;57111,82.496;74.537,0.1671706989247312,5.820419561578807e-09,0.0149220859960422,0,2,2,2,0.0,0.0149220859960422,0.0,0.0457676818690719,5.820419561578807e-09,2563747.4821479414,0.16244559546422327,0.1389291761966098,0.000294960650772488,False,20267130,100,0.7185542323674872,0.659697949340376,0.27722772277227725,0.27722772277227725,1.4723574250638194,327.37334915502026,1.3203597589372293,1.7475561365761678,1.9382587375263145,324.2705322753827,329.2605703026504,329.7343003026695,0.14267680384625692,1.8521013750628956,1.3037006194682705,327.37334915502026,-25.107855530669397,5016469.09829277,6.525971609521797e-05,1239,0.06467656072644712,-1.445965571882522,1.4440828042107998,-4095.9999999999995,4090.666666666666,C:\Users\kimeu\Downloads\starlink_pathB_wsl_package_v0_3_clean\starlink_pathB\paper_final_experiment_check\outputs\random1200_null_random1200_seed3\23_80_lst048_quiet_full_polybeam_khz_comb_S30_multi.npz,9.10175923472585,9444.443085672718,1.7798436919007438e-05,140609741.2109375,False,False,False,False,False,False,False,False,False,False,False,False
23_80,207.2758462936688,long,quiet,48,2461041.833333333,2461041.8401562865,full_polybeam,khz_comb,1000.0,single,coherent_ab,2,2,1,57120,82.496,0.1671706989247312,5.820419561578807e-09,0.0149220859960422,0,2,2,2,0.0,0.0149220859960422,0.0,0.0457676818690719,5.820419561578807e-09,2563747.4821479414,4.630972539886993,4.630972539886993,0.007166903384541013,False,20267147,100,-1.4124532036091808,0.1758774349624282,0.9801980198019802,0.45544554455445546,14.943168900066667,4645.894703859667,20.824537491384035,25.40372626187236,25.576709006564524,4592.675956952344,4861.776047079666,4869.5812906002375,2.808538192828564,1.4853019575645237,1.3163646511516027,4645.894703859667,-927.2303224104251,5016469.09829277,0.0009261284407075848,1239,0.06467656072644712,-1.445965571882522,1.4440828042107998,-4095.9999999999995,4090.666666666666,C:\Users\kimeu\Downloads\starlink_pathB_wsl_package_v0_3_clean\starlink_pathB\paper_final_experiment_check\outputs\random1200_null_random1200_seed3\23_80_lst048_quiet_full_polybeam_khz_comb_S1000_single.npz,9.10175923472585,9444.443085672718,1.7798436919007438e-05,140609741.2109375,False,False,False,False,False,False,False,False,False,False,False,False
23_80,207.2758462936688,long,quiet,48,2461041.833333333,2461041.8401562865,full_polybeam,khz_comb,1000.0,multi,coherent_ab,2,2,2,57120;57111,82.496;74.537,0.1671706989247312,5.820419561578807e-09,0.0149220859960422,0,2,2,2,0.0,0.0149220859960422,0.0,0.0457676818690719,5.820419561578807e-09,2563747.4821479414,5.414853182140775,4.630972539886993,0.00983202169241627,False,20267164,100,0.6468125581630508,0.7147220555224701,0.31683168316831684,0.1782178217821782,49.11834853473192,10913.285752014173,44.53154388118128,60.15007356138677,64.9114374416761,10798.368640328608,10966.481623857204,10992.684847024337,4.783081768125271,2.5544830793601974,1.5742840517173398,10913.285752014173,-836.0747429218866,5016469.09829277,0.002175491473819352,1239,0.06467656072644712,-1.445965571882522,1.4440828042107998,-4095.9999999999995,4090.666666666666,C:\Users\kimeu\Downloads\starlink_pathB_wsl_package_v0_3_clean\starlink_pathB\paper_final_experiment_check\outputs\random1200_null_random1200_seed3\23_80_lst048_quiet_full_polybeam_khz_comb_S1000_multi.npz,9.10175923472585,9444.443085672718,1.7798436919007438e-05,140609741.2109375,False,False,False,False,False,False,False,False,False,False,False,False
23_80,207.2758462936688,long,typical,44,2461041.8055555555,2461041.8123785085,frozen_polybeam,smooth,30.0,single,coherent_ab,3,4,1,54619,88.069,0.167023689516129,8.145571291565058e-08,0.2419547912000571,0,3,3,3,0.0,0.2419547912000571,0.0,0.7241364102878726,8.145571291565058e-08,2970384.55056685,0.7425350034957587,0.7425350034957587,0.0014321921014443407,False,20267177,100,0.08484454579462693,0.005590931814614773,0.36633663366336633,0.4752475247524752,17.013224696414,1959.8478575508593,16.85016969630601,18.92696367474962,19.227868821498603,1959.7237734334035,1975.9583660439496,1977.6539522528115,1.296242319753901,0.995572100894623,0.8705153306359936,1959.8478575508593,205.6670991477547,1566056.4445053064,0.0012514541633714522,1239,0.06467656072644712,-1.445965571882522,1.4440828042107998,-4095.9999999999995,4090.666666666666,C:\Users\kimeu\Downloads\starlink_pathB_wsl_package_v0_3_clean\starlink_pathB\paper_final_experiment_check\outputs\random1200_null_random1200_seed3\23_80_lst044_typical_frozen_polybeam_smooth_S30_single.npz,9.10175923472585,9444.443085672718,1.7798436919007438e-05,140609741.2109375,False,False,False,False,False,False,False,False,False,False,False,False
23_80,207.2758462936688,long,typical,44,2461041.8055555555,2461041.8123785085,frozen_polybeam,smooth,30.0,multi,coherent_ab,3,4,4,54619;55550;55172;53011,88.069;86.924;84.648;82.333,0.167023689516129,8.145571291565058e-08,0.2419547912000571,0,3,3,3,0.0,0.2419547912000571,0.0,0.7241364102878726,8.145571291565058e-08,2970384.55056685,1.7356222789363127,0.7425350034957587,0.004093070585204289,False,20267194,100,0.07424708541402426,-0.9408925748910298,0.49504950495049505,0.8316831683168316,17.788222713290907,2090.259863547983,17.659710559317546,20.58726778649243,22.093161313448327,2200.260327229297,2345.8457928790003,2386.850392362705,1.1674567405859761,2.7728988180877963,1.1205764951490402,2090.259863547983,143.15757303983276,1566056.4445053064,0.0013347283048972508,1239,0.06467656072644712,-1.445965571882522,1.4440828042107998,-4095.9999999999995,4090.666666666666,C:\Users\kimeu\Downloads\starlink_pathB_wsl_package_v0_3_clean\starlink_pathB\paper_final_experiment_check\outputs\random1200_null_random1200_seed3\23_80_lst044_typical_frozen_polybeam_smooth_S30_multi.npz,9.10175923472585,9444.443085672718,1.7798436919007438e-05,140609741.2109375,False,False,False,False,False,False,False,False,False,False,False,False
23_80,207.2758462936688,long,typical,44,2461041.8055555555,2461041.8123785085,frozen_polybeam,smooth,1000.0,single,coherent_ab,3,4,1,54619,88.069,0.167023689516129,8.145571291565058e-08,0.2419547912000571,0,3,3,3,0.0,0.2419547912000571,0.0,0.7241364102878726,8.145571291565058e-08,2970384.55056685,24.751166783191962,24.751166783191962,0.04773973671481135,False,20267211,100,0.2064168574877687,0.034207072191253844,0.36633663366336633,0.4158415841584158,565.185355543862,65346.034825922805,552.0279674347555,637.2529751107045,641.3511951270671,65321.23778828027,65880.93744178982,65928.17070945996,42.9932749022953,0.8296198547230471,0.7979149623194098,65346.034825922805,6875.5055301169605,1566056.4445053064,0.04172648760853868,1239,0.06467656072644712,-1.445965571882522,1.4440828042107998,-4095.9999999999995,4090.666666666666,C:\Users\kimeu\Downloads\starlink_pathB_wsl_package_v0_3_clean\starlink_pathB\paper_final_experiment_check\outputs\random1200_null_random1200_seed3\23_80_lst044_typical_frozen_polybeam_smooth_S1000_single.npz,9.10175923472585,9444.443085672718,1.7798436919007438e-05,140609741.2109375,False,False,False,False,False,False,False,False,False,False,False,False
23_80,207.2758462936688,long,typical,44,2461041.8055555555,2461041.8123785085,frozen_polybeam,smooth,1000.0,multi,coherent_ab,3,4,4,54619;55550;55172;53011,88.069;86.924;84.648;82.333,0.167023689516129,8.145571291565058e-08,0.2419547912000571,0,3,3,3,0.0,0.2419547912000571,0.0,0.7241364102878726,8.145571291565058e-08,2970384.55056685,57.85407596454376,24.751166783191962,0.1364356861734763,False,20267228,100,0.10284205022305645,-0.7230111326053925,0.45544554455445546,0.8415841584158416,584.2804418963751,69715.26596313718,577.960281168082,679.792236000409,734.3810842193595,72426.84955908539,77937.5794530606,79375.36705338406,41.450846228703995,2.447655371456979,1.0361975250455002,69715.26596313718,1306.9205965470715,1566056.4445053064,0.04451644524547082,1239,0.06467656072644712,-1.445965571882522,1.4440828042107998,-4095.9999999999995,4090.666666666666,C:\Users\kimeu\Downloads\starlink_pathB_wsl_package_v0_3_clean\starlink_pathB\paper_final_experiment_check\outputs\random1200_null_random1200_seed3\23_80_lst044_typical_frozen_polybeam_smooth_S1000_multi.npz,9.10175923472585,9444.443085672718,1.7798436919007438e-05,140609741.2109375,False,False,False,False,False,False,False,False,False,False,False,False
23_80,207.2758462936688,long,typical,44,2461041.8055555555,2461041.8123785085,frozen_polybeam,lines,30.0,single,coherent_ab,3,4,1,54619,88.069,0.167023689516129,8.145571291565058e-08,0.2419547912000571,0,3,3,3,0.0,0.2419547912000571,0.0,0.7241364102878726,8.145571291565058e-08,2970384.55056685,0.7424752894238937,0.7424752894238937,0.0014338464210055788,False,20267245,100,0.4073410615550244,0.005389147792034459,0.38613861386138615,0.49504950495049505,17.29860772761276,1959.9247664336112,16.446098885609445,18.82938997913386,18.952092858070333,1959.799972162053,1976.0215178760739,1976.858497706266,1.4116164329425374,1.0600572305717408,0.9421561958912077,1959.9247664336112,205.66910341059608,1566056.4445053064,0.0012515032732761569,1239,0.06467656072644712,-1.445965571882522,1.4440828042107998,-4095.9999999999995,4090.666666666666,C:\Users\kimeu\Downloads\starlink_pathB_wsl_package_v0_3_clean\starlink_pathB\paper_final_experiment_check\outputs\random1200_null_random1200_seed3\23_80_lst044_typical_frozen_polybeam_lines_S30_single.npz,9.10175923472585,9444.443085672718,1.7798436919007438e-05,140609741.2109375,False,False,False,False,False,False,False,False,False,False,False,False
23_80,207.2758462936688,long,typical,44,2461041.8055555555,2461041.8123785085,frozen_polybeam,lines,30.0,multi,coherent_ab,3,4,4,54619;55550;55172;53011,88.069;86.924;84.648;82.333,0.167023689516129,8.145571291565058e-08,0.2419547912000571,0,3,3,3,0.0,0.2419547912000571,0.0,0.7241364102878726,8.145571291565058e-08,2970384.55056685,1.7355178372877162,0.7424752894238937,0.004097267027228687,False,20267262,100,0.029583227377191244,-0.708494005649144,0.49504950495049505,0.7623762376237624,17.557594692619205,2089.421391470406,17.507275362531118,21.495780190939943,22.59771283550958,2172.945424630275,2362.769487290318,2405.7733297320347,1.1472691175552683,2.0111367396964392,1.1531528562008375,2089.421391470406,142.5917338051486,1566056.4445053064,0.0013341929014125814,1239,0.06467656072644712,-1.445965571882522,1.4440828042107998,-4095.9999999999995,4090.666666666666,C:\Users\kimeu\Downloads\starlink_pathB_wsl_package_v0_3_clean\starlink_pathB\paper_final_experiment_check\outputs\random1200_null_random1200_seed3\23_80_lst044_typical_frozen_polybeam_lines_S30_multi.npz,9.10175923472585,9444.443085672718,1.7798436919007438e-05,140609741.2109375,False,False,False,False,False,False,False,False,False,False,False,False
23_80,207.2758462936688,long,typical,44,2461041.8055555555,2461041.8123785085,frozen_polybeam,lines,1000.0,single,coherent_ab,3,4,1,54619,88.069,0.167023689516129,8.145571291565058e-08,0.2419547912000571,0,3,3,3,0.0,0.2419547912000571,0.0,0.7241364102878726,8.145571291565058e-08,2970384.55056685,24.74917631412979,24.74917631412979,0.047794880700185956,False,20267279,100,0.41004469143785494,0.5428124749337273,0.3069306930693069,0.3564356435643564,574.6883009727817,65348.48318880522,546.1992761986871,631.8276718497086,639.1175822842281,65021.68834781462,65894.97488560884,65952.43320831613,46.862169802139306,1.023676379649854,0.9734152894806627,65348.48318880522,6874.663013141055,1566056.4445053064,0.041728051002304596,1239,0.06467656072644712,-1.445965571882522,1.4440828042107998,-4095.9999999999995,4090.666666666666,C:\Users\kimeu\Downloads\starlink_pathB_wsl_package_v0_3_clean\starlink_pathB\paper_final_experiment_check\outputs\random1200_null_random1200_seed3\23_80_lst044_typical_frozen_polybeam_lines_S1000_single.npz,9.10175923472585,9444.443085672718,1.7798436919007438e-05,140609741.2109375,False,False,False,False,False,False,False,False,False,False,False,False
23_80,207.2758462936688,long,typical,44,2461041.8055555555,2461041.8123785085,frozen_polybeam,lines,1000.0,multi,coherent_ab,3,4,4,54619;55550;55172;53011,88.069;86.924;84.648;82.333,0.167023689516129,8.145571291565058e-08,0.2419547912000571,0,3,3,3,0.0,0.2419547912000571,0.0,0.7241364102878726,8.145571291565058e-08,2970384.55056685,57.85059457625721,24.74917631412979,0.1365755675742896,False,20267296,100,0.03343228357707779,-0.8023831224116722,0.49504950495049505,0.7920792079207921,576.4607294969348,69681.46452802015,574.0418581217211,660.2165938727135,707.9630516854475,72366.19706174663,77941.9608138505,80092.48866101552,48.800327599000866,2.2780253366835854,1.5333771231679179,69681.46452802015,1286.0090763170153,1566056.4445053064,0.04449486145439124,1239,0.06467656072644712,-1.445965571882522,1.4440828042107998,-4095.9999999999995,4090.666666666666,C:\Users\kimeu\Downloads\starlink_pathB_wsl_package_v0_3_clean\starlink_pathB\paper_final_experiment_check\outputs\random1200_null_random1200_seed3\23_80_lst044_typical_frozen_polybeam_lines_S1000_multi.npz,9.10175923472585,9444.443085672718,1.7798436919007438e-05,140609741.2109375,False,False,False,False,False,False,False,False,False,False,False,False
23_80,207.2758462936688,long,typical,44,2461041.8055555555,2461041.8123785085,frozen_polybeam,khz_comb,30.0,single,coherent_ab,3,4,1,54619,88.069,0.167023689516129,8.145571291565058e-08,0.2419547912000571,0,3,3,3,0.0,0.2419547912000571,0.0,0.7241364102878726,8.145571291565058e-08,2970384.55056685,0.6605485468262364,0.6605485468262364,0.0012956984767759814,False,20267313,100,0.010550719857486172,0.23269578339453298,0.49504950495049505,0.3465346534653465,14.432680699062985,1910.7251153011143,14.423066394407897,18.59702728064135,18.670607704786725,1907.3476387669698,1923.694901718032,1927.7886379287506,0.6146272231887906,1.1961402957811464,1.0635810802101866,1910.7251153011143,199.08037496545873,1566056.4445053064,0.0012200870038912828,1239,0.06467656072644712,-1.445965571882522,1.4440828042107998,-4095.9999999999995,4090.666666666666,C:\Users\kimeu\Downloads\starlink_pathB_wsl_package_v0_3_clean\starlink_pathB\paper_final_experiment_check\outputs\random1200_null_random1200_seed3\23_80_lst044_typical_frozen_polybeam_khz_comb_S30_single.npz,9.10175923472585,9444.443085672718,1.7798436919007438e-05,140609741.2109375,False,False,False,False,False,False,False,False,False,False,False,False
23_80,207.2758462936688,long,typical,44,2461041.8055555555,2461041.8123785085,frozen_polybeam,khz_comb,30.0,multi,coherent_ab,3,4,4,54619;55550;55172;53011,88.069;86.924;84.648;82.333,0.167023689516129,8.145571291565058e-08,0.2419547912000571,0,3,3,3,0.0,0.2419547912000571,0.0,0.7241364102878726,8.145571291565058e-08,2970384.55056685,1.5407891811771193,0.6605485468262364,0.0037168429546656978,False,20267330,100,-0.913709461431003,-0.657916324014712,0.8613861386138614,0.7722772277227723,14.629491706351473,2039.7330217457318,16.700711453875556,19.483596379112623,20.487172793054658,2102.1487152898962,2280.657015922177,2304.158142870673,1.5289527355473638,2.2496253615817747,1.2448410981875084,2039.7330217457318,129.71814386808688,1566056.4445053064,0.0013024645624379475,1239,0.06467656072644712,-1.445965571882522,1.4440828042107998,-4095.9999999999995,4090.666666666666,C:\Users\kimeu\Downloads\starlink_pathB_wsl_package_v0_3_clean\starlink_pathB\paper_final_experiment_check\outputs\random1200_null_random1200_seed3\23_80_lst044_typical_frozen_polybeam_khz_comb_S30_multi.npz,9.10175923472585,9444.443085672718,1.7798436919007438e-05,140609741.2109375,False,False,False,False,False,False,False,False,False,False,False,False
23_80,207.2758462936688,long,typical,44,2461041.8055555555,2461041.8123785085,frozen_polybeam,khz_comb,1000.0,single,coherent_ab,3,4,1,54619,88.069,0.167023689516129,8.145571291565058e-08,0.2419547912000571,0,3,3,3,0.0,0.2419547912000571,0.0,0.7241364102878726,8.145571291565058e-08,2970384.55056685,22.018284894207884,22.018284894207884,0.04318994922586605,False,20267347,100,-0.11631493160258888,0.3682699236138521,0.5346534653465347,0.37623762376237624,479.60696739114974,63701.71096278305,486.3372144598254,616.2352272921923,619.8636756142652,63542.96006769108,64278.26757772679,64330.8946200472,39.02757276534521,1.112704718758922,1.0323911182152135,63701.71096278305,6615.217495846713,1566056.4445053064,0.04067651021538081,1239,0.06467656072644712,-1.445965571882522,1.4440828042107998,-4095.9999999999995,4090.666666666666,C:\Users\kimeu\Downloads\starlink_pathB_wsl_package_v0_3_clean\starlink_pathB\paper_final_experiment_check\outputs\random1200_null_random1200_seed3\23_80_lst044_typical_frozen_polybeam_khz_comb_S1000_single.npz,9.10175923472585,9444.443085672718,1.7798436919007438e-05,140609741.2109375,False,False,False,False,False,False,False,False,False,False,False,False
23_80,207.2758462936688,long,typical,44,2461041.8055555555,2461041.8123785085,frozen_polybeam,khz_comb,1000.0,multi,coherent_ab,3,4,4,54619;55550;55172;53011,88.069;86.924;84.648;82.333,0.167023689516129,8.145571291565058e-08,0.2419547912000571,0,3,3,3,0.0,0.2419547912000571,0.0,0.7241364102878726,8.145571291565058e-08,2970384.55056685,51.35963937257065,22.018284894207884,0.12389476515552328,False,20267364,100,-0.989990310385018,-0.6598823811057177,0.8316831683168316,0.7722772277227723,481.5783071516505,68048.92724633297,538.9978828327719,629.3065290186448,670.2613102984346,70105.1921980243,74696.3661052241,76392.0550817772,39.1205578516433,2.0253697619304942,1.5689423944140986,68048.92724633297,763.3939398706013,1566056.4445053064,0.04345241034260971,1239,0.06467656072644712,-1.445965571882522,1.4440828042107998,-4095.9999999999995,4090.666666666666,C:\Users\kimeu\Downloads\starlink_pathB_wsl_package_v0_3_clean\starlink_pathB\paper_final_experiment_check\outputs\random1200_null_random1200_seed3\23_80_lst044_typical_frozen_polybeam_khz_comb_S1000_multi.npz,9.10175923472585,9444.443085672718,1.7798436919007438e-05,140609741.2109375,False,False,False,False,False,False,False,False,False,False,False,False
23_80,207.2758462936688,long,typical,44,2461041.8055555555,2461041.8123785085,full_polybeam,smooth,30.0,single,coherent_ab,3,4,1,54619,88.069,0.167023689516129,8.145571291565058e-08,0.2419547912000571,0,3,3,3,0.0,0.2419547912000571,0.0,0.7241364102878726,8.145571291565058e-08,2970384.55056685,0.8688817641017866,0.8688817641017866,0.0016860721680213462,False,20267381,100,0.10669990318366265,-0.11464123330830914,0.4158415841584158,0.5643564356435643,16.74593263128645,1949.4020006662126,16.515035255179555,19.399208235112837,19.500486473500874,1952.4497870054915,1974.7184058443456,1975.513730537405,1.4595903269323571,1.3566502436796806,1.2539286460214933,1949.4020006662126,206.13483870728777,1566056.4445053064,0.0012447839970940507,1239,0.06467656072644712,-1.445965571882522,1.4440828042107998,-4095.9999999999995,4090.666666666666,C:\Users\kimeu\Downloads\starlink_pathB_wsl_package_v0_3_clean\starlink_pathB\paper_final_experiment_check\outputs\random1200_null_random1200_seed3\23_80_lst044_typical_full_polybeam_smooth_S30_single.npz,9.10175923472585,9444.443085672718,1.7798436919007438e-05,140609741.2109375,False,False,False,False,False,False,False,False,False,False,False,False
23_80,207.2758462936688,long,typical,44,2461041.8055555555,2461041.8123785085,full_polybeam,smooth,30.0,multi,coherent_ab,3,4,4,54619;55550;55172;53011,88.069;86.924;84.648;82.333,0.167023689516129,8.145571291565058e-08,0.2419547912000571,0,3,3,3,0.0,0.2419547912000571,0.0,0.7241364102878726,8.145571291565058e-08,2970384.55056685,2.247875852403231,0.8688817641017866,0.005227846241237192,False,20267398,100,0.17900563545523876,-0.7607395565561618,0.45544554455445546,0.7524752475247525,17.79368614970099,2119.013663040931,17.484071850826126,20.800167171333207,21.89193088302335,2200.9801232613304,2313.6158489068093,2345.1943388082686,1.166622397455967,2.5333182773981293,1.2315932476825262,2119.013663040931,196.77306981063833,1566056.4445053064,0.0013530889454692009,1239,0.06467656072644712,-1.445965571882522,1.4440828042107998,-4095.9999999999995,4090.666666666666,C:\Users\kimeu\Downloads\starlink_pathB_wsl_package_v0_3_clean\starlink_pathB\paper_final_experiment_check\outputs\random1200_null_random1200_seed3\23_80_lst044_typical_full_polybeam_smooth_S30_multi.npz,9.10175923472585,9444.443085672718,1.7798436919007438e-05,140609741.2109375,False,False,False,False,False,False,False,False,False,False,False,False
23_80,207.2758462936688,long,typical,44,2461041.8055555555,2461041.8123785085,full_polybeam,smooth,1000.0,single,coherent_ab,3,4,1,54619,88.069,0.167023689516129,8.145571291565058e-08,0.2419547912000571,0,3,3,3,0.0,0.2419547912000571,0.0,0.7241364102878726,8.145571291565058e-08,2970384.55056685,28.962725470059553,28.962725470059553,0.056202405600711526,False,20267415,100,0.18785460315674815,0.0064395511212555585,0.32673267326732675,0.504950495049505,556.3810756270868,65010.20533855361,543.6734335991132,643.6125791714624,652.72977901757,65004.57718729329,65797.404709579,65895.55008630508,45.62670798890531,1.2197383459324613,1.1859744122119416,65010.20533855361,7135.343284676076,1566056.4445053064,0.04151204483506937,1239,0.06467656072644712,-1.445965571882522,1.4440828042107998,-4095.9999999999995,4090.666666666666,C:\Users\kimeu\Downloads\starlink_pathB_wsl_package_v0_3_clean\starlink_pathB\paper_final_experiment_check\outputs\random1200_null_random1200_seed3\23_80_lst044_typical_full_polybeam_smooth_S1000_single.npz,9.10175923472585,9444.443085672718,1.7798436919007438e-05,140609741.2109375,False,False,False,False,False,False,False,False,False,False,False,False
23_80,207.2758462936688,long,typical,44,2461041.8055555555,2461041.8123785085,full_polybeam,smooth,1000.0,multi,coherent_ab,3,4,4,54619;55550;55172;53011,88.069;86.924;84.648;82.333,0.167023689516129,8.145571291565058e-08,0.2419547912000571,0,3,3,3,0.0,0.2419547912000571,0.0,0.7241364102878726,8.145571291565058e-08,2970384.55056685,74.92919508010769,28.962725470059553,0.1742615413745731,False,20267432,100,0.10484605530927779,-0.8902573496565526,0.48514851485148514,0.8118811881188119,586.4350041944479,70548.79839623379,579.6053168067513,680.1508832942337,783.0791736195872,73376.74963632954,77122.07722651081,78522.77846242186,43.936426788081235,2.7117356760676428,1.4903022977053015,70548.79839623379,4302.012979822195,1566056.4445053064,0.04504869453700891,1239,0.06467656072644712,-1.445965571882522,1.4440828042107998,-4095.9999999999995,4090.666666666666,C:\Users\kimeu\Downloads\starlink_pathB_wsl_package_v0_3_clean\starlink_pathB\paper_final_experiment_check\outputs\random1200_null_random1200_seed3\23_80_lst044_typical_full_polybeam_smooth_S1000_multi.npz,9.10175923472585,9444.443085672718,1.7798436919007438e-05,140609741.2109375,False,False,False,False,False,False,False,False,False,False,False,False
23_80,207.2758462936688,long,typical,44,2461041.8055555555,2461041.8123785085,full_polybeam,lines,30.0,single,coherent_ab,3,4,1,54619,88.069,0.167023689516129,8.145571291565058e-08,0.2419547912000571,0,3,3,3,0.0,0.2419547912000571,0.0,0.7241364102878726,8.145571291565058e-08,2970384.55056685,0.868811889324356,0.868811889324356,0.0016880364183853001,False,20267449,100,0.1745317595464001,-0.04866333347122551,0.43564356435643564,0.5148514851485149,17.029192290107858,1949.493464980696,16.54793449531462,19.48889162570622,19.708274672722883,1950.9827106326534,1975.492070584214,1975.950554697143,1.8598559732495232,0.8700613402188239,0.8302413846391646,1949.493464980696,206.1447492914977,1566056.4445053064,0.0012448424013200314,1239,0.06467656072644712,-1.445965571882522,1.4440828042107998,-4095.9999999999995,4090.666666666666,C:\Users\kimeu\Downloads\starlink_pathB_wsl_package_v0_3_clean\starlink_pathB\paper_final_experiment_check\outputs\random1200_null_random1200_seed3\23_80_lst044_typical_full_polybeam_lines_S30_single.npz,9.10175923472585,9444.443085672718,1.7798436919007438e-05,140609741.2109375,False,False,False,False,False,False,False,False,False,False,False,False
23_80,207.2758462936688,long,typical,44,2461041.8055555555,2461041.8123785085,full_polybeam,lines,30.0,multi,coherent_ab,3,4,4,54619;55550;55172;53011,88.069;86.924;84.648;82.333,0.167023689516129,8.145571291565058e-08,0.2419547912000571,0,3,3,3,0.0,0.2419547912000571,0.0,0.7241364102878726,8.145571291565058e-08,2970384.55056685,2.247721759537098,0.868811889324356,0.005232862102612705,False,20267466,100,-0.14427682883643395,-0.7841920438423723,0.5841584158415841,0.7821782178217822,17.56406548816676,2118.5986724205763,17.810727190540632,20.76208805932916,22.354568024400482,2186.0218147411374,2317.272365041009,2341.3204823357473,1.1531376196004146,3.1619975462344505,1.2848807883110023,2118.5986724205763,196.04768504607975,1566056.4445053064,0.0013528239546243238,1239,0.06467656072644712,-1.445965571882522,1.4440828042107998,-4095.9999999999995,4090.666666666666,C:\Users\kimeu\Downloads\starlink_pathB_wsl_package_v0_3_clean\starlink_pathB\paper_final_experiment_check\outputs\random1200_null_random1200_seed3\23_80_lst044_typical_full_polybeam_lines_S30_multi.npz,9.10175923472585,9444.443085672718,1.7798436919007438e-05,140609741.2109375,False,False,False,False,False,False,False,False,False,False,False,False
23_80,207.2758462936688,long,typical,44,2461041.8055555555,2461041.8123785085,full_polybeam,lines,1000.0,single,coherent_ab,3,4,1,54619,88.069,0.167023689516129,8.145571291565058e-08,0.2419547912000571,0,3,3,3,0.0,0.2419547912000571,0.0,0.7241364102878726,8.145571291565058e-08,2970384.55056685,28.960396310811863,28.960396310811863,0.05626788061284334,False,20267483,100,0.3260539992536855,0.02429441482864929,0.36633663366336633,0.48514851485148514,565.8132536032526,65013.58015905547,544.7223019340763,651.7475147264175,655.6385007821771,64989.81707331892,65797.20806142874,65900.92256193182,43.62974244140054,1.1248740608930785,1.0302732125293192,65013.58015905547,7134.308169382479,1566056.4445053064,0.04151419981518755,1239,0.06467656072644712,-1.445965571882522,1.4440828042107998,-4095.9999999999995,4090.666666666666,C:\Users\kimeu\Downloads\starlink_pathB_wsl_package_v0_3_clean\starlink_pathB\paper_final_experiment_check\outputs\random1200_null_random1200_seed3\23_80_lst044_typical_full_polybeam_lines_S1000_single.npz,9.10175923472585,9444.443085672718,1.7798436919007438e-05,140609741.2109375,False,False,False,False,False,False,False,False,False,False,False,False
23_80,207.2758462936688,long,typical,44,2461041.8055555555,2461041.8123785085,full_polybeam,lines,1000.0,multi,coherent_ab,3,4,4,54619;55550;55172;53011,88.069;86.924;84.648;82.333,0.167023689516129,8.145571291565058e-08,0.2419547912000571,0,3,3,3,0.0,0.2419547912000571,0.0,0.7241364102878726,8.145571291565058e-08,2970384.55056685,74.92405865123659,28.960396310811863,0.17442873675375684,False,20267500,100,0.11637473346628266,-0.7439517938712783,0.48514851485148514,0.7623762376237624,578.5764522601316,70541.69715111256,571.0806312427217,673.6193940932333,716.4920403568851,72913.08044039423,77424.153815555,78465.72400791677,43.44467102387239,2.4804518645380846,1.3200491353569372,70541.69715111256,4274.6569813463675,1566056.4445053064,0.04504416006116281,1239,0.06467656072644712,-1.445965571882522,1.4440828042107998,-4095.9999999999995,4090.666666666666,C:\Users\kimeu\Downloads\starlink_pathB_wsl_package_v0_3_clean\starlink_pathB\paper_final_experiment_check\outputs\random1200_null_random1200_seed3\23_80_lst044_typical_full_polybeam_lines_S1000_multi.npz,9.10175923472585,9444.443085672718,1.7798436919007438e-05,140609741.2109375,False,False,False,False,False,False,False,False,False,False,False,False
23_80,207.2758462936688,long,typical,44,2461041.8055555555,2461041.8123785085,full_polybeam,khz_comb,30.0,single,coherent_ab,3,4,1,54619,88.069,0.167023689516129,8.145571291565058e-08,0.2419547912000571,0,3,3,3,0.0,0.2419547912000571,0.0,0.7241364102878726,8.145571291565058e-08,2970384.55056685,0.7150133313447303,0.7150133313447303,0.0014913279202520653,False,20267517,100,-0.2373776566456676,0.004232112906348235,0.6633663366336634,0.49504950495049505,14.23208800552311,1873.6859328611472,14.642020620062794,18.90304095411243,19.284860799034014,1873.596160247373,1898.902063428615,1902.1900752189251,1.1647926954128707,0.8301782404077079,0.7723413385597511,1873.6859328611472,197.60517120755736,1566056.4445053064,0.001196435760304295,1239,0.06467656072644712,-1.445965571882522,1.4440828042107998,-4095.9999999999995,4090.666666666666,C:\Users\kimeu\Downloads\starlink_pathB_wsl_package_v0_3_clean\starlink_pathB\paper_final_experiment_check\outputs\random1200_null_random1200_seed3\23_80_lst044_typical_full_polybeam_khz_comb_S30_single.npz,9.10175923472585,9444.443085672718,1.7798436919007438e-05,140609741.2109375,False,False,False,False,False,False,False,False,False,False,False,False
23_80,207.2758462936688,long,typical,44,2461041.8055555555,2461041.8123785085,full_polybeam,khz_comb,30.0,multi,coherent_ab,3,4,4,54619;55550;55172;53011,88.069;86.924;84.648;82.333,0.167023689516129,8.145571291565058e-08,0.2419547912000571,0,3,3,3,0.0,0.2419547912000571,0.0,0.7241364102878726,8.145571291565058e-08,2970384.55056685,1.853362676191836,0.7150133313447303,0.0045921477185744955,False,20267534,100,-0.898098546009142,-0.5756745820217933,0.8415841584158416,0.7227722772277227,14.61994335969166,2029.16032214485,16.347884517657462,19.188572539467827,20.54854056810472,2081.714717708515,2201.505807538296,2226.468828226509,1.297719887362291,2.624920698887409,1.3121594729803447,2029.16032214485,173.88508780543663,1566056.4445053064,0.001295713401176821,1239,0.06467656072644712,-1.445965571882522,1.4440828042107998,-4095.9999999999995,4090.666666666666,C:\Users\kimeu\Downloads\starlink_pathB_wsl_package_v0_3_clean\starlink_pathB\paper_final_experiment_check\outputs\random1200_null_random1200_seed3\23_80_lst044_typical_full_polybeam_khz_comb_S30_multi.npz,9.10175923472585,9444.443085672718,1.7798436919007438e-05,140609741.2109375,False,False,False,False,False,False,False,False,False,False,False,False
23_80,207.2758462936688,long,typical,44,2461041.8055555555,2461041.8123785085,full_polybeam,khz_comb,1000.0,single,coherent_ab,3,4,1,54619,88.069,0.167023689516129,8.145571291565058e-08,0.2419547912000571,0,3,3,3,0.0,0.2419547912000571,0.0,0.7241364102878726,8.145571291565058e-08,2970384.55056685,23.83377771149101,23.83377771149101,0.04971093067506884,False,20267551,100,-0.19673084392240975,0.04934080378972281,0.6237623762376238,0.44554455445544555,472.9836588289172,62465.804072615,482.1132252761331,631.4128936000465,642.8190824168933,62430.11773344007,63240.258926265335,63360.89506875325,31.300674992800396,1.4126147485350844,1.258190703254856,62465.804072615,6746.647820223654,1566056.4445053064,0.0398873260869898,1239,0.06467656072644712,-1.445965571882522,1.4440828042107998,-4095.9999999999995,4090.666666666666,C:\Users\kimeu\Downloads\starlink_pathB_wsl_package_v0_3_clean\starlink_pathB\paper_final_experiment_check\outputs\random1200_null_random1200_seed3\23_80_lst044_typical_full_polybeam_khz_comb_S1000_single.npz,9.10175923472585,9444.443085672718,1.7798436919007438e-05,140609741.2109375,False,False,False,False,False,False,False,False,False,False,False,False
23_80,207.2758462936688,long,typical,44,2461041.8055555555,2461041.8123785085,full_polybeam,khz_comb,1000.0,multi,coherent_ab,3,4,4,54619;55550;55172;53011,88.069;86.924;84.648;82.333,0.167023689516129,8.145571291565058e-08,0.2419547912000571,0,3,3,3,0.0,0.2419547912000571,0.0,0.7241364102878726,8.145571291565058e-08,2970384.55056685,61.7787558730612,23.83377771149101,0.15307159061914985,False,20267568,100,-1.0132756763303004,-0.4758127364056845,0.7821782178217822,0.7128712871287128,482.5700550256763,67598.77595208364,539.7267182561511,626.4751703388202,662.0304043413948,69190.18235618761,74098.56854461799,74298.44020661419,38.046547540833444,2.5342627258826145,1.3287181385596072,67598.77595208364,3311.1013600714873,1566056.4445053064,0.043164967769368665,1239,0.06467656072644712,-1.445965571882522,1.4440828042107998,-4095.9999999999995,4090.666666666666,C:\Users\kimeu\Downloads\starlink_pathB_wsl_package_v0_3_clean\starlink_pathB\paper_final_experiment_check\outputs\random1200_null_random1200_seed3\23_80_lst044_typical_full_polybeam_khz_comb_S1000_multi.npz,9.10175923472585,9444.443085672718,1.7798436919007438e-05,140609741.2109375,False,False,False,False,False,False,False,False,False,False,False,False
23_80,207.2758462936688,long,stress,0,2461041.5,2461041.506822953,frozen_polybeam,smooth,30.0,single,coherent_ab,4,2,1,46696,76.053,0.2671055947580645,0.0001112423478926,0.5502745938468236,1,4,4,4,0.3308758856684498,0.5502745938468236,0.3308758856684498,0.7280464634021924,0.0001112423478926,4946.628727918531,0.005964157968064718,0.005964157968064718,7.658128490555335e-05,False,20267541,100,2.479110866990915,-0.0006235867775349213,0.06930693069306931,0.5148514851485149,0.3186712437272945,41.69705519700513,0.22010801295164129,0.32256518798276373,0.3276351341780355,41.698190025200574,44.33518980183134,44.41046812729629,0.026816061059435015,1.159159490467342,1.070200340156349,41.69705519700513,8.062466453692752,8696461.184763726,4.7947152653378965e-06,1239,0.06467656072644712,-1.445965571882522,1.4440828042107998,-4095.9999999999995,4090.666666666666,C:\Users\kimeu\Downloads\starlink_pathB_wsl_package_v0_3_clean\starlink_pathB\paper_final_experiment_check\outputs\random1200_null_random1200_seed3\23_80_lst000_stress_frozen_polybeam_smooth_S30_single.npz,9.10175923472585,9444.443085672718,1.7798436919007438e-05,140609741.2109375,True,False,False,False,False,False,False,False,False,False,False,False
23_80,207.2758462936688,long,stress,0,2461041.5,2461041.506822953,frozen_polybeam,smooth,30.0,multi,coherent_ab,4,2,2,46696;48481,76.053;75.131,0.2671055947580645,0.0001112423478926,0.5502745938468236,1,4,4,4,0.3308758856684498,0.5502745938468236,0.3308758856684498,0.7280464634021924,0.0001112423478926,4946.628727918531,0.010027417247670475,0.005964157968064718,0.00012903264389672512,False,20267558,100,1.0935227236915182,1.1457609101722752,0.12871287128712872,0.18811881188118812,0.32607185444067,51.84501696259868,0.2643038865389826,0.3424384906601517,0.3612806701340378,49.89809541266703,53.276283291930994,53.35483772063553,0.038098818322396255,1.8096113455942788,1.4131291577003453,51.84501696259868,11.022137101027708,8696461.184763726,5.961622303728739e-06,1239,0.06467656072644712,-1.445965571882522,1.4440828042107998,-4095.9999999999995,4090.666666666666,C:\Users\kimeu\Downloads\starlink_pathB_wsl_package_v0_3_clean\starlink_pathB\paper_final_experiment_check\outputs\random1200_null_random1200_seed3\23_80_lst000_stress_frozen_polybeam_smooth_S30_multi.npz,9.10175923472585,9444.443085672718,1.7798436919007438e-05,140609741.2109375,False,False,False,False,False,False,False,False,False,False,False,False
23_80,207.2758462936688,long,stress,0,2461041.5,2461041.506822953,frozen_polybeam,smooth,1000.0,single,coherent_ab,4,2,1,46696,76.053,0.2671055947580645,0.0001112423478926,0.5502745938468236,1,4,4,4,0.3308758856684498,0.5502745938468236,0.3308758856684498,0.7280464634021924,0.0001112423478926,4946.628727918531,0.19880526560215728,0.19880526560215728,0.0025527094968517787,False,20267575,100,2.1614570108022932,-0.2003870639507707,0.07920792079207921,0.5841584158415841,10.642063859484551,1390.1114649316348,7.893408725767586,10.737209245575922,10.858239954480633,1403.732791311244,1480.1961160371661,1480.7184510154655,0.8577281340385525,1.0080922225015105,0.9155199589045806,1390.1114649316348,270.05558531242013,8696461.184763726,0.00015984794681394334,1239,0.06467656072644712,-1.445965571882522,1.4440828042107998,-4095.9999999999995,4090.666666666666,C:\Users\kimeu\Downloads\starlink_pathB_wsl_package_v0_3_clean\starlink_pathB\paper_final_experiment_check\outputs\random1200_null_random1200_seed3\23_80_lst000_stress_frozen_polybeam_smooth_S1000_single.npz,9.10175923472585,9444.443085672718,1.7798436919007438e-05,140609741.2109375,True,False,False,False,False,False,False,False,False,False,False,False
23_80,207.2758462936688,long,stress,0,2461041.5,2461041.506822953,frozen_polybeam,smooth,1000.0,multi,coherent_ab,4,2,2,46696;48481,76.053;75.131,0.2671055947580645,0.0001112423478926,0.5502745938468236,1,4,4,4,0.3308758856684498,0.5502745938468236,0.3308758856684498,0.7280464634021924,0.0001112423478926,4946.628727918531,0.3342472415890158,0.19880526560215728,0.0043010881298908375,False,20267592,100,0.6418357627944743,1.3545299514307187,0.2079207920792079,0.19801980198019803,10.887438185427527,1728.5060945207877,9.209380758617044,11.812335537981744,12.335857154177502,1668.5760219903445,1759.343152032848,1769.1223602519844,1.7634327874266091,1.963962231728253,1.3981463894497093,1728.5060945207877,368.9219926895184,8696461.184763726,0.0001987597090123446,1239,0.06467656072644712,-1.445965571882522,1.4440828042107998,-4095.9999999999995,4090.666666666666,C:\Users\kimeu\Downloads\starlink_pathB_wsl_package_v0_3_clean\starlink_pathB\paper_final_experiment_check\outputs\random1200_null_random1200_seed3\23_80_lst000_stress_frozen_polybeam_smooth_S1000_multi.npz,9.10175923472585,9444.443085672718,1.7798436919007438e-05,140609741.2109375,False,False,False,False,False,False,False,False,False,False,False,False
23_80,207.2758462936688,long,stress,0,2461041.5,2461041.506822953,frozen_polybeam,lines,30.0,single,coherent_ab,4,2,1,46696,76.053,0.2671055947580645,0.0001112423478926,0.5502745938468236,1,4,4,4,0.3308758856684498,0.5502745938468236,0.3308758856684498,0.7280464634021924,0.0001112423478926,4946.628727918531,0.005964159900133207,0.005964159900133207,7.667232256166942e-05,False,20267609,100,1.6468839049594541,-0.3839520869659967,0.1188118811881188,0.6138613861386139,0.3170313976770558,41.72839166750086,0.23237741211414686,0.32282850409483216,0.32578877252401073,42.533568912949534,44.33313491221288,44.41858616673738,0.03467052585983765,1.102454448981925,1.0506878050553277,41.72839166750086,8.060680360950986,8696461.184763726,4.7983186242019175e-06,1239,0.06467656072644712,-1.445965571882522,1.4440828042107998,-4095.9999999999995,4090.666666666666,C:\Users\kimeu\Downloads\starlink_pathB_wsl_package_v0_3_clean\starlink_pathB\paper_final_experiment_check\outputs\random1200_null_random1200_seed3\23_80_lst000_stress_frozen_polybeam_lines_S30_single.npz,9.10175923472585,9444.443085672718,1.7798436919007438e-05,140609741.2109375,False,False,False,False,False,False,False,False,False,False,False,False
23_80,207.2758462936688,long,stress,0,2461041.5,2461041.506822953,frozen_polybeam,lines,30.0,multi,coherent_ab,4,2,2,46696;48481,76.053;75.131,0.2671055947580645,0.0001112423478926,0.5502745938468236,1,4,4,4,0.3308758856684498,0.5502745938468236,0.3308758856684498,0.7280464634021924,0.0001112423478926,4946.628727918531,0.010027391064853227,0.005964159900133207,0.00012918404380458725,False,20267626,100,1.1392933037978263,1.2477383825227728,0.10891089108910891,0.15841584158415842,0.32389060142486414,51.83682423949047,0.25829396615972655,0.3364331304240295,0.35853138086738917,50.163341133351885,52.809872013294715,53.189623505236234,0.03883488491646858,1.7412568355091784,1.2417993974082875,51.83682423949047,11.052739856223491,8696461.184763726,5.960680228218465e-06,1239,0.06467656072644712,-1.445965571882522,1.4440828042107998,-4095.9999999999995,4090.666666666666,C:\Users\kimeu\Downloads\starlink_pathB_wsl_package_v0_3_clean\starlink_pathB\paper_final_experiment_check\outputs\random1200_null_random1200_seed3\23_80_lst000_stress_frozen_polybeam_lines_S30_multi.npz,9.10175923472585,9444.443085672718,1.7798436919007438e-05,140609741.2109375,False,False,False,False,False,False,False,False,False,False,False,False
23_80,207.2758462936688,long,stress,0,2461041.5,2461041.506822953,frozen_polybeam,lines,1000.0,single,coherent_ab,4,2,1,46696,76.053,0.2671055947580645,0.0001112423478926,0.5502745938468236,1,4,4,4,0.3308758856684498,0.5502745938468236,0.3308758856684498,0.7280464634021924,0.0001112423478926,4946.628727918531,0.19880533000444023,0.19880533000444023,0.002555744085388981,False,20267643,100,1.4350003040009316,-0.40274912702559473,0.0891089108910891,0.6633663366336634,10.58724382014043,1391.158914841427,7.74055270962981,10.722739750225447,10.82932180331476,1416.6158228803902,1478.3432678038027,1478.9681352869468,1.3380253953746433,1.0252379504985458,0.9272775390444762,1391.158914841427,269.9957710651513,8696461.184763726,0.00015996839234776894,1239,0.06467656072644712,-1.445965571882522,1.4440828042107998,-4095.9999999999995,4090.666666666666,C:\Users\kimeu\Downloads\starlink_pathB_wsl_package_v0_3_clean\starlink_pathB\paper_final_experiment_check\outputs\random1200_null_random1200_seed3\23_80_lst000_stress_frozen_polybeam_lines_S1000_single.npz,9.10175923472585,9444.443085672718,1.7798436919007438e-05,140609741.2109375,False,False,False,False,False,False,False,False,False,False,False,False
23_80,207.2758462936688,long,stress,0,2461041.5,2461041.506822953,frozen_polybeam,lines,1000.0,multi,coherent_ab,4,2,2,46696;48481,76.053;75.131,0.2671055947580645,0.0001112423478926,0.5502745938468236,1,4,4,4,0.3308758856684498,0.5502745938468236,0.3308758856684498,0.7280464634021924,0.0001112423478926,4946.628727918531,0.33424636882844094,0.19880533000444023,0.004306134793486242,False,20267660,100,1.1969895216719488,1.3059247262019091,0.0891089108910891,0.15841584158415842,10.814535529729255,1728.237142056124,8.561030645210849,10.859307923327105,11.8119301381426,1665.2017776923994,1763.448706751656,1777.2234034611854,1.269825836837697,2.1736637663413387,1.5697318760469208,1728.237142056124,369.9418907014649,8696461.184763726,0.0001987287823562083,1239,0.06467656072644712,-1.445965571882522,1.4440828042107998,-4095.9999999999995,4090.666666666666,C:\Users\kimeu\Downloads\starlink_pathB_wsl_package_v0_3_clean\starlink_pathB\paper_final_experiment_check\outputs\random1200_null_random1200_seed3\23_80_lst000_stress_frozen_polybeam_lines_S1000_multi.npz,9.10175923472585,9444.443085672718,1.7798436919007438e-05,140609741.2109375,False,False,False,False,False,False,False,False,False,False,False,False
23_80,207.2758462936688,long,stress,0,2461041.5,2461041.506822953,frozen_polybeam,khz_comb,30.0,single,coherent_ab,4,2,1,46696,76.053,0.2671055947580645,0.0001112423478926,0.5502745938468236,1,4,4,4,0.3308758856684498,0.5502745938468236,0.3308758856684498,0.7280464634021924,0.0001112423478926,4946.628727918531,0.004908374173128791,0.004908374173128791,6.879802700420282e-05,False,20267677,100,1.6739516003983366,-0.42705017391317496,0.07920792079207921,0.6237623762376238,0.31757426631338603,37.45776558474485,0.23226805642082127,0.32084416216221145,0.3230376729343152,38.080217303454795,39.437573267015125,39.45612518370964,0.034372708437217625,1.1955751291883856,1.0438340578146388,37.45776558474485,6.140614000174702,8696461.184763726,4.3072423125824065e-06,1239,0.06467656072644712,-1.445965571882522,1.4440828042107998,-4095.9999999999995,4090.666666666666,C:\Users\kimeu\Downloads\starlink_pathB_wsl_package_v0_3_clean\starlink_pathB\paper_final_experiment_check\outputs\random1200_null_random1200_seed3\23_80_lst000_stress_frozen_polybeam_khz_comb_S30_single.npz,9.10175923472585,9444.443085672718,1.7798436919007438e-05,140609741.2109375,False,False,False,False,False,False,False,False,False,False,False,False
23_80,207.2758462936688,long,stress,0,2461041.5,2461041.506822953,frozen_polybeam,khz_comb,30.0,multi,coherent_ab,4,2,2,46696;48481,76.053;75.131,0.2671055947580645,0.0001112423478926,0.5502745938468236,1,4,4,4,0.3308758856684498,0.5502745938468236,0.3308758856684498,0.7280464634021924,0.0001112423478926,4946.628727918531,0.008252325247934537,0.004908374173128791,0.00011586940229574912,False,20267694,100,1.5674283244065301,0.7045887637644461,0.1485148514851485,0.2871287128712871,0.32111013068424654,45.5796028442303,0.23882744659476884,0.333920031719299,0.35461141956137,44.83619097450889,46.829567711054644,47.1446372105247,0.035407622293860186,1.9054922616021308,1.5185455477221659,45.5796028442303,8.781554785506682,8696461.184763726,5.241166708601673e-06,1239,0.06467656072644712,-1.445965571882522,1.4440828042107998,-4095.9999999999995,4090.666666666666,C:\Users\kimeu\Downloads\starlink_pathB_wsl_package_v0_3_clean\starlink_pathB\paper_final_experiment_check\outputs\random1200_null_random1200_seed3\23_80_lst000_stress_frozen_polybeam_khz_comb_S30_multi.npz,9.10175923472585,9444.443085672718,1.7798436919007438e-05,140609741.2109375,False,False,False,False,False,False,False,False,False,False,False,False
23_80,207.2758462936688,long,stress,0,2461041.5,2461041.506822953,frozen_polybeam,khz_comb,1000.0,single,coherent_ab,4,2,1,46696,76.053,0.2671055947580645,0.0001112423478926,0.5502745938468236,1,4,4,4,0.3308758856684498,0.5502745938468236,0.3308758856684498,0.7280464634021924,0.0001112423478926,4946.628727918531,0.16361247243762636,0.16361247243762636,0.0022932675668067607,False,20267711,100,1.2300669844006806,-0.4987996203370672,0.04950495049504951,0.6831683168316832,10.60419241082127,1248.7113208625767,7.713934191926398,10.477646648717927,10.797162463395653,1271.8654398751237,1314.6502135299022,1315.283992698345,1.5848343918406158,1.077530013261342,0.996951767026657,1248.7113208625767,205.71463831165087,8696461.184763726,0.00014358844296923093,1239,0.06467656072644712,-1.445965571882522,1.4440828042107998,-4095.9999999999995,4090.666666666666,C:\Users\kimeu\Downloads\starlink_pathB_wsl_package_v0_3_clean\starlink_pathB\paper_final_experiment_check\outputs\random1200_null_random1200_seed3\23_80_lst000_stress_frozen_polybeam_khz_comb_S1000_single.npz,9.10175923472585,9444.443085672718,1.7798436919007438e-05,140609741.2109375,False,False,True,False,False,False,False,False,False,False,False,False
23_80,207.2758462936688,long,stress,0,2461041.5,2461041.506822953,frozen_polybeam,khz_comb,1000.0,multi,coherent_ab,4,2,2,46696;48481,76.053;75.131,0.2671055947580645,0.0001112423478926,0.5502745938468236,1,4,4,4,0.3308758856684498,0.5502745938468236,0.3308758856684498,0.7280464634021924,0.0001112423478926,4946.628727918531,0.2750775082644845,0.16361247243762636,0.0038623134098583036,False,20267728,100,1.494258671443024,0.8584568179661325,0.15841584158415842,0.27722772277227725,10.720869261860571,1519.5308945426766,8.12127218094156,11.291909751923686,11.449325709052356,1489.7349625234751,1563.4909943645343,1566.1874875699955,1.1734274948184975,1.9890566373322702,1.5776143971569359,1519.5308945426766,293.8883321799055,8696461.184763726,0.00017472979666774202,1239,0.06467656072644712,-1.445965571882522,1.4440828042107998,-4095.9999999999995,4090.666666666666,C:\Users\kimeu\Downloads\starlink_pathB_wsl_package_v0_3_clean\starlink_pathB\paper_final_experiment_check\outputs\random1200_null_random1200_seed3\23_80_lst000_stress_frozen_polybeam_khz_comb_S1000_multi.npz,9.10175923472585,9444.443085672718,1.7798436919007438e-05,140609741.2109375,False,False,False,False,False,False,False,False,False,False,False,False
23_80,207.2758462936688,long,stress,0,2461041.5,2461041.506822953,full_polybeam,smooth,30.0,single,coherent_ab,4,2,1,46696,76.053,0.2671055947580645,0.0001112423478926,0.5502745938468236,1,4,4,4,0.3308758856684498,0.5502745938468236,0.3308758856684498,0.7280464634021924,0.0001112423478926,4946.628727918531,0.05927848384424655,0.05927848384424655,0.00011009156188706715,False,20267745,100,0.36695106274269046,1.1686291716683865,0.40594059405940597,0.12871287128712872,1.011249710474658,180.7804752967075,0.9348639758500212,1.1177972102994318,1.1214383756758617,176.5132917037094,181.3968236666197,181.68425445148458,0.14040420478704618,1.6533909910077436,1.4524530518040157,180.7804752967075,26.873344132497582,8696461.184763726,2.0787820638288643e-05,1239,0.06467656072644712,-1.445965571882522,1.4440828042107998,-4095.9999999999995,4090.666666666666,C:\Users\kimeu\Downloads\starlink_pathB_wsl_package_v0_3_clean\starlink_pathB\paper_final_experiment_check\outputs\random1200_null_random1200_seed3\23_80_lst000_stress_full_polybeam_smooth_S30_single.npz,9.10175923472585,9444.443085672718,1.7798436919007438e-05,140609741.2109375,False,False,False,False,False,False,False,False,False,False,False,False
23_80,207.2758462936688,long,stress,0,2461041.5,2461041.506822953,full_polybeam,smooth,30.0,multi,coherent_ab,4,2,2,46696;48481,76.053;75.131,0.2671055947580645,0.0001112423478926,0.5502745938468236,1,4,4,4,0.3308758856684498,0.5502745938468236,0.3308758856684498,0.7280464634021924,0.0001112423478926,4946.628727918531,0.09776282339240572,0.05927848384424655,0.0001913273676222717,False,20267762,100,1.2738584363619971,0.7048102595593392,0.1188118811881188,0.19801980198019803,1.1001757937883667,201.5630595158257,0.9390034670832392,1.163837715028785,1.1831389842844149,197.51912241654355,203.25363849701958,203.67773177631975,0.08533856034773635,2.444380499231769,1.6985838663844663,201.5630595158257,59.77815408316181,8696461.184763726,2.3177595487802083e-05,1239,0.06467656072644712,-1.445965571882522,1.4440828042107998,-4095.9999999999995,4090.666666666666,C:\Users\kimeu\Downloads\starlink_pathB_wsl_package_v0_3_clean\starlink_pathB\paper_final_experiment_check\outputs\random1200_null_random1200_seed3\23_80_lst000_stress_full_polybeam_smooth_S30_multi.npz,9.10175923472585,9444.443085672718,1.7798436919007438e-05,140609741.2109375,False,False,False,False,False,False,False,False,False,False,False,False
23_80,207.2758462936688,long,stress,0,2461041.5,2461041.506822953,full_polybeam,smooth,1000.0,single,coherent_ab,4,2,1,46696,76.053,0.2671055947580645,0.0001112423478926,0.5502745938468236,1,4,4,4,0.3308758856684498,0.5502745938468236,0.3308758856684498,0.7280464634021924,0.0001112423478926,4946.628727918531,1.9759494614748851,1.9759494614748851,0.003669718729568906,False,20267779,100,0.38101636489044366,0.6895117896506746,0.33663366336633666,0.19801980198019803,33.81673060799221,6030.872658661614,31.349201972327137,37.00547171057224,37.451056331460244,5926.970201049493,6051.410897845193,6060.42488694315,4.368120156672376,0.8563379248374652,0.8324527239224598,6030.872658661614,914.9394427248412,8696461.184763726,0.0006934858364259424,1239,0.06467656072644712,-1.445965571882522,1.4440828042107998,-4095.9999999999995,4090.666666666666,C:\Users\kimeu\Downloads\starlink_pathB_wsl_package_v0_3_clean\starlink_pathB\paper_final_experiment_check\outputs\random1200_null_random1200_seed3\23_80_lst000_stress_full_polybeam_smooth_S1000_single.npz,9.10175923472585,9444.443085672718,1.7798436919007438e-05,140609741.2109375,False,False,False,False,False,False,False,False,False,False,False,False
23_80,207.2758462936688,long,stress,0,2461041.5,2461041.506822953,full_polybeam,smooth,1000.0,multi,coherent_ab,4,2,2,46696;48481,76.053;75.131,0.2671055947580645,0.0001112423478926,0.5502745938468236,1,4,4,4,0.3308758856684498,0.5502745938468236,0.3308758856684498,0.7280464634021924,0.0001112423478926,4946.628727918531,3.258760779746858,1.9759494614748851,0.00637757892074239,False,20267796,100,1.2815499735687015,0.833961110807684,0.12871287128712872,0.15841584158415842,36.77794343313508,6724.246146041511,30.59661034023884,37.883393582105235,39.438779374015574,6589.42348365641,6764.392053780941,6775.85123153432,3.253288703830549,2.2996317304585925,1.7011692461375543,6724.246146041511,2006.871453939113,8696461.184763726,0.0007732163696449824,1239,0.06467656072644712,-1.445965571882522,1.4440828042107998,-4095.9999999999995,4090.666666666666,C:\Users\kimeu\Downloads\starlink_pathB_wsl_package_v0_3_clean\starlink_pathB\paper_final_experiment_check\outputs\random1200_null_random1200_seed3\23_80_lst000_stress_full_polybeam_smooth_S1000_multi.npz,9.10175923472585,9444.443085672718,1.7798436919007438e-05,140609741.2109375,False,False,False,False,False,False,False,False,False,False,False,False
23_80,207.2758462936688,long,stress,0,2461041.5,2461041.506822953,full_polybeam,lines,30.0,single,coherent_ab,4,2,1,46696,76.053,0.2671055947580645,0.0001112423478926,0.5502745938468236,1,4,4,4,0.3308758856684498,0.5502745938468236,0.3308758856684498,0.7280464634021924,0.0001112423478926,4946.628727918531,0.05927848993723245,0.05927848993723245,0.00011018760844754893,False,20267813,100,0.370444391410322,1.208311242384288,0.3465346534653465,0.1485148514851485,1.0114434009337856,180.7748417194739,0.9402967513633484,1.1053065402504216,1.1201626122344897,176.35760860200028,181.05475481961875,181.6114965847341,0.1295410561360768,1.2150326885439389,1.1081971104520365,180.7748417194739,26.90381875143109,8696461.184763726,2.0787172837175764e-05,1239,0.06467656072644712,-1.445965571882522,1.4440828042107998,-4095.9999999999995,4090.666666666666,C:\Users\kimeu\Downloads\starlink_pathB_wsl_package_v0_3_clean\starlink_pathB\paper_final_experiment_check\outputs\random1200_null_random1200_seed3\23_80_lst000_stress_full_polybeam_lines_S30_single.npz,9.10175923472585,9444.443085672718,1.7798436919007438e-05,140609741.2109375,False,False,False,False,False,False,False,False,False,False,False,False
23_80,207.2758462936688,long,stress,0,2461041.5,2461041.506822953,full_polybeam,lines,30.0,multi,coherent_ab,4,2,2,46696;48481,76.053;75.131,0.2671055947580645,0.0001112423478926,0.5502745938468236,1,4,4,4,0.3308758856684498,0.5502745938468236,0.3308758856684498,0.7280464634021924,0.0001112423478926,4946.628727918531,0.09776283052405726,0.05927848993723245,0.00019149006418961076,False,20267830,100,1.1862209941237407,0.926484321264016,0.19801980198019803,0.1188118811881188,1.099555703040096,201.62465408842849,0.9138162007275241,1.171278179116598,1.1809372420086224,197.30957246519228,202.55378200000715,203.38694524639214,0.10561234255692398,2.78357932629953,1.7322318037574667,201.62465408842849,59.84808480182154,8696461.184763726,2.3184678204702e-05,1239,0.06467656072644712,-1.445965571882522,1.4440828042107998,-4095.9999999999995,4090.666666666666,C:\Users\kimeu\Downloads\starlink_pathB_wsl_package_v0_3_clean\starlink_pathB\paper_final_experiment_check\outputs\random1200_null_random1200_seed3\23_80_lst000_stress_full_polybeam_lines_S30_multi.npz,9.10175923472585,9444.443085672718,1.7798436919007438e-05,140609741.2109375,False,False,False,False,False,False,False,False,False,False,False,False
23_80,207.2758462936688,long,stress,0,2461041.5,2461041.506822953,full_polybeam,lines,1000.0,single,coherent_ab,4,2,1,46696,76.053,0.2671055947580645,0.0001112423478926,0.5502745938468236,1,4,4,4,0.3308758856684498,0.5502745938468236,0.3308758856684498,0.7280464634021924,0.0001112423478926,4946.628727918531,1.9759496645744152,1.9759496645744152,0.0036729202815849646,False,20267847,100,0.4449369735091031,1.2717616652336083,0.297029702970297,0.1485148514851485,33.823056037064816,6030.583038735506,30.732621226541596,37.117173824055314,37.47035237057317,5870.750627772178,6048.340042282536,6053.192884411895,4.684865152974453,1.1877241025084935,1.067055012537894,6030.583038735506,915.9399682514896,8696461.184763726,0.0006934525332328441,1239,0.06467656072644712,-1.445965571882522,1.4440828042107998,-4095.9999999999995,4090.666666666666,C:\Users\kimeu\Downloads\starlink_pathB_wsl_package_v0_3_clean\starlink_pathB\paper_final_experiment_check\outputs\random1200_null_random1200_seed3\23_80_lst000_stress_full_polybeam_lines_S1000_single.npz,9.10175923472585,9444.443085672718,1.7798436919007438e-05,140609741.2109375,False,False,False,False,False,False,False,False,False,False,False,False
23_80,207.2758462936688,long,stress,0,2461041.5,2461041.506822953,full_polybeam,lines,1000.0,multi,coherent_ab,4,2,2,46696;48481,76.053;75.131,0.2671055947580645,0.0001112423478926,0.5502745938468236,1,4,4,4,0.3308758856684498,0.5502745938468236,0.3308758856684498,0.7280464634021924,0.0001112423478926,4946.628727918531,3.2587610174685757,1.9759496645744152,0.006383002139653692,False,20267864,100,1.2114870731636702,0.9063201519597638,0.19801980198019803,0.0891089108910891,36.7572211562474,6726.40225248189,31.03638778552886,40.04909586118701,42.10743091742359,6586.071215074402,6749.835406387322,6774.281189567457,3.1850519337185688,2.365716906216349,1.5782192278817966,6726.40225248189,2009.1907224895267,8696461.184763726,0.000773464298819226,1239,0.06467656072644712,-1.445965571882522,1.4440828042107998,-4095.9999999999995,4090.666666666666,C:\Users\kimeu\Downloads\starlink_pathB_wsl_package_v0_3_clean\starlink_pathB\paper_final_experiment_check\outputs\random1200_null_random1200_seed3\23_80_lst000_stress_full_polybeam_lines_S1000_multi.npz,9.10175923472585,9444.443085672718,1.7798436919007438e-05,140609741.2109375,False,False,False,False,False,False,False,False,False,False,False,False
23_80,207.2758462936688,long,stress,0,2461041.5,2461041.506822953,full_polybeam,khz_comb,30.0,single,coherent_ab,4,2,1,46696,76.053,0.2671055947580645,0.0001112423478926,0.5502745938468236,1,4,4,4,0.3308758856684498,0.5502745938468236,0.3308758856684498,0.7280464634021924,0.0001112423478926,4946.628727918531,0.048784910851147396,0.048784910851147396,9.633850105218924e-05,False,20267881,100,0.39197658147639397,0.779020983814652,0.3069306930693069,0.24752475247524752,0.8310917529124708,149.54068675497686,0.7679605484499916,0.9161520969588309,0.9226999790176342,146.55553602594756,150.5043128728852,150.75927121002735,0.10863254606738337,1.6486310918082119,1.4289651428336168,149.54068675497686,21.582627210049722,8696461.184763726,1.7195579164657622e-05,1239,0.06467656072644712,-1.445965571882522,1.4440828042107998,-4095.9999999999995,4090.666666666666,C:\Users\kimeu\Downloads\starlink_pathB_wsl_package_v0_3_clean\starlink_pathB\paper_final_experiment_check\outputs\random1200_null_random1200_seed3\23_80_lst000_stress_full_polybeam_khz_comb_S30_single.npz,9.10175923472585,9444.443085672718,1.7798436919007438e-05,140609741.2109375,False,False,False,False,False,False,False,False,False,False,False,False
23_80,207.2758462936688,long,stress,0,2461041.5,2461041.506822953,full_polybeam,khz_comb,30.0,multi,coherent_ab,4,2,2,46696;48481,76.053;75.131,0.2671055947580645,0.0001112423478926,0.5502745938468236,1,4,4,4,0.3308758856684498,0.5502745938468236,0.3308758856684498,0.7280464634021924,0.0001112423478926,4946.628727918531,0.08045668802835623,0.048784910851147396,0.00016696089629841292,False,20267898,100,1.2504304857697057,0.8745453174184229,0.21782178217821782,0.10891089108910891,0.9071275106398389,167.10178037386106,0.7799515650694957,0.9729752124731021,1.0035967095612068,163.65471080780804,167.6082772459872,169.35322521049835,0.06859957517917792,2.2053252347555308,1.6269956984507485,167.10178037386106,48.94131013389736,8696461.184763726,1.92149170592085e-05,1239,0.06467656072644712,-1.445965571882522,1.4440828042107998,-4095.9999999999995,4090.666666666666,C:\Users\kimeu\Downloads\starlink_pathB_wsl_package_v0_3_clean\starlink_pathB\paper_final_experiment_check\outputs\random1200_null_random1200_seed3\23_80_lst000_stress_full_polybeam_khz_comb_S30_multi.npz,9.10175923472585,9444.443085672718,1.7798436919007438e-05,140609741.2109375,False,False,False,False,False,False,False,False,False,False,False,False
23_80,207.2758462936688,long,stress,0,2461041.5,2461041.506822953,full_polybeam,khz_comb,1000.0,single,coherent_ab,4,2,1,46696,76.053,0.2671055947580645,0.0001112423478926,0.5502745938468236,1,4,4,4,0.3308758856684498,0.5502745938468236,0.3308758856684498,0.7280464634021924,0.0001112423478926,4946.628727918531,1.6261636950382468,1.6261636950382468,0.003211283368406308,False,20267915,100,0.40910172782373716,0.6986710390792088,0.33663366336633666,0.19801980198019803,27.776387199952296,4987.763937086479,25.509584653626007,30.749944684699766,30.872167498845883,4905.87624373436,5020.874373627436,5025.137764828253,3.737303626627181,1.432360473650946,1.2167919799983808,4987.763937086479,732.4948017368287,8696461.184763726,0.0005735394928025533,1239,0.06467656072644712,-1.445965571882522,1.4440828042107998,-4095.9999999999995,4090.666666666666,C:\Users\kimeu\Downloads\starlink_pathB_wsl_package_v0_3_clean\starlink_pathB\paper_final_experiment_check\outputs\random1200_null_random1200_seed3\23_80_lst000_stress_full_polybeam_khz_comb_S1000_single.npz,9.10175923472585,9444.443085672718,1.7798436919007438e-05,140609741.2109375,False,False,False,False,False,False,False,False,False,False,False,False
23_80,207.2758462936688,long,stress,0,2461041.5,2461041.506822953,full_polybeam,khz_comb,1000.0,multi,coherent_ab,4,2,2,46696;48481,76.053;75.131,0.2671055947580645,0.0001112423478926,0.5502745938468236,1,4,4,4,0.3308758856684498,0.5502745938468236,0.3308758856684498,0.7280464634021924,0.0001112423478926,4946.628727918531,2.681889600945208,1.6261636950382468,0.005565363209947096,False,20267932,100,1.248312874136954,0.8342575571989298,0.1782178217821782,0.1485148514851485,30.309414639232273,5573.835799684583,25.53945541759458,33.09342766045302,33.92111729718196,5450.113931099696,5600.40272143086,5612.075371560904,2.5773133360489737,2.8951162031771105,1.8461251078318177,5573.835799684583,1641.1005697192209,8696461.184763726,0.0006409314871030519,1239,0.06467656072644712,-1.445965571882522,1.4440828042107998,-4095.9999999999995,4090.666666666666,C:\Users\kimeu\Downloads\starlink_pathB_wsl_package_v0_3_clean\starlink_pathB\paper_final_experiment_check\outputs\random1200_null_random1200_seed3\23_80_lst000_stress_full_polybeam_khz_comb_S1000_multi.npz,9.10175923472585,9444.443085672718,1.7798436919007438e-05,140609741.2109375,False,False,False,False,False,False,False,False,False,False,False,False
4_196,190.65540049004915,long,quiet,48,2461041.833333333,2461041.8401562865,frozen_polybeam,smooth,30.0,single,coherent_ab,2,2,1,57120,82.496,0.1663831485215053,5.3123270866481575e-09,0.0149220859960422,0,2,2,2,0.0,0.0149220859960422,0.0,0.0457676818690719,5.3123270866481575e-09,2808954.6732818866,2.568426976720897,2.568426976720897,0.007198132837525859,False,20267997,100,0.2630473404872499,-2.012853752498057,0.45544554455445546,0.9504950495049505,46.89583178329485,5998.240348288742,44.746783310758474,53.52110038103274,55.152457626895774,6159.396604644858,6221.508563404526,6225.8115131049435,5.510465658797784,1.36123672020058,1.2344705584385118,5998.240348288742,-108.56303297173594,18440185.57615971,0.0003252809101901628,1261,0.059490460698200555,-1.445965571882522,1.4440828042107998,-4095.9999999999995,4090.666666666666,C:\Users\kimeu\Downloads\starlink_pathB_wsl_package_v0_3_clean\starlink_pathB\paper_final_experiment_check\outputs\random1200_null_random1200_seed3\4_196_lst048_quiet_frozen_polybeam_smooth_S30_single.npz,9.10175923472585,9444.443085672718,1.7798436919007438e-05,140609741.2109375,False,False,False,False,False,False,False,False,False,False,False,False
4_196,190.65540049004915,long,quiet,48,2461041.833333333,2461041.8401562865,frozen_polybeam,smooth,30.0,multi,coherent_ab,2,2,2,57120;57111,82.496;74.537,0.1663831485215053,5.3123270866481575e-09,0.0149220859960422,0,2,2,2,0.0,0.0149220859960422,0.0,0.0457676818690719,5.3123270866481575e-09,2808954.6732818866,2.6048878551885424,2.568426976720897,0.00746019560555647,False,20268014,100,0.19533309443422078,-0.8624065965895336,0.4158415841584158,0.7821782178217822,49.47292651296084,6315.401954441218,48.15508835722176,55.68916097200708,57.175123920223925,6410.674046335798,6532.671270288657,6569.521089432504,4.5505328275594366,1.8314788930387642,1.132002353605388,6315.401954441218,-118.15464636468242,18440185.57615971,0.00034248039036039043,1261,0.059490460698200555,-1.445965571882522,1.4440828042107998,-4095.9999999999995,4090.666666666666,C:\Users\kimeu\Downloads\starlink_pathB_wsl_package_v0_3_clean\starlink_pathB\paper_final_experiment_check\outputs\random1200_null_random1200_seed3\4_196_lst048_quiet_frozen_polybeam_smooth_S30_multi.npz,9.10175923472585,9444.443085672718,1.7798436919007438e-05,140609741.2109375,False,False,False,False,False,False,False,False,False,False,False,False
4_196,190.65540049004915,long,quiet,48,2461041.833333333,2461041.8401562865,frozen_polybeam,smooth,1000.0,single,coherent_ab,2,2,1,57120,82.496,0.1663831485215053,5.3123270866481575e-09,0.0149220859960422,0,2,2,2,0.0,0.0149220859960422,0.0,0.0457676818690719,5.3123270866481575e-09,2808954.6732818866,85.61423255736322,85.61423255736322,0.23993776125086197,False,20268031,100,0.26730516527367065,-1.7318883360154889,0.39603960396039606,0.7920792079207921,1578.6112189644118,201775.45505689463,1514.457914716375,1805.88700850838,1831.0358386153991,206114.53719887818,208738.1156715736,209075.43164988005,161.8779452349536,0.92255207151623,0.811988846584714,201775.45505689463,-6.6895046297622685,18440185.57615971,0.010942159677490388,1261,0.059490460698200555,-1.445965571882522,1.4440828042107998,-4095.9999999999995,4090.666666666666,C:\Users\kimeu\Downloads\starlink_pathB_wsl_package_v0_3_clean\starlink_pathB\paper_final_experiment_check\outputs\random1200_null_random1200_seed3\4_196_lst048_quiet_frozen_polybeam_smooth_S1000_single.npz,9.10175923472585,9444.443085672718,1.7798436919007438e-05,140609741.2109375,False,False,False,False,False,False,False,False,False,False,False,False
4_196,190.65540049004915,long,quiet,48,2461041.833333333,2461041.8401562865,frozen_polybeam,smooth,1000.0,multi,coherent_ab,2,2,2,57120;57111,82.496;74.537,0.1663831485215053,5.3123270866481575e-09,0.0149220859960422,0,2,2,2,0.0,0.0149220859960422,0.0,0.0457676818690719,5.3123270866481575e-09,2808954.6732818866,86.82959517295139,85.61423255736322,0.24867318685188233,False,20268048,100,0.3229824209729557,-0.36186091985605295,0.40594059405940597,0.6336633663366337,1664.5689719354305,212312.75199630074,1577.5816293937123,1814.6063947831578,1869.6613970493765,213532.64351441065,218331.16211305675,218877.27726407963,181.65743683222627,1.4829814311515113,1.042115194691164,212312.75199630074,-308.42682369623526,18440185.57615971,0.011513590854030671,1261,0.059490460698200555,-1.445965571882522,1.4440828042107998,-4095.9999999999995,4090.666666666666,C:\Users\kimeu\Downloads\starlink_pathB_wsl_package_v0_3_clean\starlink_pathB\paper_final_experiment_check\outputs\random1200_null_random1200_seed3\4_196_lst048_quiet_frozen_polybeam_smooth_S1000_multi.npz,9.10175923472585,9444.443085672718,1.7798436919007438e-05,140609741.2109375,False,False,False,False,False,False,False,False,False,False,False,False
4_196,190.65540049004915,long,quiet,48,2461041.833333333,2461041.8401562865,frozen_polybeam,lines,30.0,single,coherent_ab,2,2,1,57120,82.496,0.1663831485215053,5.3123270866481575e-09,0.0149220859960422,0,2,2,2,0.0,0.0149220859960422,0.0,0.0457676818690719,5.3123270866481575e-09,2808954.6732818866,2.5684236138364716,2.5684236138364716,0.007206619792884755,False,20268065,100,0.15884002699483954,-1.5300473047302292,0.4158415841584158,0.900990099009901,47.184767858296254,5998.608428580632,45.98040987957211,52.534823424229394,54.79301069246838,6140.061134341615,6230.297034089248,6236.374332014367,5.114128618082759,1.0758494520896398,1.0089045680353803,5998.608428580632,-111.5591907091426,18440185.57615971,0.000325300870959558,1261,0.059490460698200555,-1.445965571882522,1.4440828042107998,-4095.9999999999995,4090.666666666666,C:\Users\kimeu\Downloads\starlink_pathB_wsl_package_v0_3_clean\starlink_pathB\paper_final_experiment_check\outputs\random1200_null_random1200_seed3\4_196_lst048_quiet_frozen_polybeam_lines_S30_single.npz,9.10175923472585,9444.443085672718,1.7798436919007438e-05,140609741.2109375,False,False,False,False,False,False,False,False,False,False,False,False
4_196,190.65540049004915,long,quiet,48,2461041.833333333,2461041.8401562865,frozen_polybeam,lines,30.0,multi,coherent_ab,2,2,2,57120;57111,82.496;74.537,0.1663831485215053,5.3123270866481575e-09,0.0149220859960422,0,2,2,2,0.0,0.0149220859960422,0.0,0.0457676818690719,5.3123270866481575e-09,2808954.6732818866,2.604883730888238,2.5684236138364716,0.007468969923073472,False,20268082,100,0.3938320009367588,-0.46837291460330976,0.2871287128712871,0.7029702970297029,49.756852301594336,6315.660373310837,46.02963445569003,54.2299617408627,55.27121202125302,6378.439602284231,6546.742100814362,6571.857868879379,6.3833664853009395,2.238528765027606,1.5160835889008164,6315.660373310837,-121.10153256232914,18440185.57615971,0.0003424944042578402,1261,0.059490460698200555,-1.445965571882522,1.4440828042107998,-4095.9999999999995,4090.666666666666,C:\Users\kimeu\Downloads\starlink_pathB_wsl_package_v0_3_clean\starlink_pathB\paper_final_experiment_check\outputs\random1200_null_random1200_seed3\4_196_lst048_quiet_frozen_polybeam_lines_S30_multi.npz,9.10175923472585,9444.443085672718,1.7798436919007438e-05,140609741.2109375,False,False,False,False,False,False,False,False,False,False,False,False
4_196,190.65540049004915,long,quiet,48,2461041.833333333,2461041.8401562865,frozen_polybeam,lines,1000.0,single,coherent_ab,2,2,1,57120,82.496,0.1663831485215053,5.3123270866481575e-09,0.0149220859960422,0,2,2,2,0.0,0.0149220859960422,0.0,0.0457676818690719,5.3123270866481575e-09,2808954.6732818866,85.61412046121572,85.61412046121572,0.24022065976282514,False,20268099,100,0.5412019055791848,-1.3932475727717513,0.31683168316831684,0.7920792079207921,1588.5859094466505,201721.26268033648,1405.4004005615589,1789.7041098312422,1827.7730794620663,205374.04526292806,208959.01343292624,209409.30199365152,228.3009940269585,1.9471718014671051,1.8292645221053345,201721.26268033648,-107.89958317466653,18440185.57615971,0.0109392208580119,1261,0.059490460698200555,-1.445965571882522,1.4440828042107998,-4095.9999999999995,4090.666666666666,C:\Users\kimeu\Downloads\starlink_pathB_wsl_package_v0_3_clean\starlink_pathB\paper_final_experiment_check\outputs\random1200_null_random1200_seed3\4_196_lst048_quiet_frozen_polybeam_lines_S1000_single.npz,9.10175923472585,9444.443085672718,1.7798436919007438e-05,140609741.2109375,False,False,False,False,False,False,False,False,False,False,False,False
4_196,190.65540049004915,long,quiet,48,2461041.833333333,2461041.8401562865,frozen_polybeam,lines,1000.0,multi,coherent_ab,2,2,2,57120;57111,82.496;74.537,0.1663831485215053,5.3123270866481575e-09,0.0149220859960422,0,2,2,2,0.0,0.0149220859960422,0.0,0.0457676818690719,5.3123270866481575e-09,2808954.6732818866,86.8294576962746,85.61412046121572,0.24896566410244902,False,20268116,100,0.17834537322192376,-0.4353339968394483,0.37623762376237624,0.7029702970297029,1674.3772460100154,212305.4080134436,1617.1307667275505,1882.1748122593215,1905.5147236810333,213642.63945979322,218218.86086951243,218606.97528583085,216.50251190169,1.6514214022540705,1.123742518080682,212305.4080134436,-408.02106420333394,18440185.57615971,0.011513192594326246,1261,0.059490460698200555,-1.445965571882522,1.4440828042107998,-4095.9999999999995,4090.666666666666,C:\Users\kimeu\Downloads\starlink_pathB_wsl_package_v0_3_clean\starlink_pathB\paper_final_experiment_check\outputs\random1200_null_random1200_seed3\4_196_lst048_quiet_frozen_polybeam_lines_S1000_multi.npz,9.10175923472585,9444.443085672718,1.7798436919007438e-05,140609741.2109375,False,False,False,False,False,False,False,False,False,False,False,False
4_196,190.65540049004915,long,quiet,48,2461041.833333333,2461041.8401562865,frozen_polybeam,khz_comb,30.0,single,coherent_ab,2,2,1,57120,82.496,0.1663831485215053,5.3123270866481575e-09,0.0149220859960422,0,2,2,2,0.0,0.0149220859960422,0.0,0.0457676818690719,5.3123270866481575e-09,2808954.6732818866,2.4435871558654663,2.4435871558654663,0.00650434685655666,False,20268133,100,0.829264927000704,-1.7262056293609065,0.12871287128712872,0.8514851485148515,49.97822844343682,5756.287413102544,46.39414440168184,50.78643550407869,51.464539761179225,5959.41812981817,6056.478651882198,6058.136525768027,2.915149897988158,1.333773982381573,1.2070378141254097,5756.287413102544,-237.64049097189218,18440185.57615971,0.00031215995030681946,1261,0.059490460698200555,-1.445965571882522,1.4440828042107998,-4095.9999999999995,4090.666666666666,C:\Users\kimeu\Downloads\starlink_pathB_wsl_package_v0_3_clean\starlink_pathB\paper_final_experiment_check\outputs\random1200_null_random1200_seed3\4_196_lst048_quiet_frozen_polybeam_khz_comb_S30_single.npz,9.10175923472585,9444.443085672718,1.7798436919007438e-05,140609741.2109375,False,False,False,False,False,False,False,False,False,False,False,False
4_196,190.65540049004915,long,quiet,48,2461041.833333333,2461041.8401562865,frozen_polybeam,khz_comb,30.0,multi,coherent_ab,2,2,2,57120;57111,82.496;74.537,0.1663831485215053,5.3123270866481575e-09,0.0149220859960422,0,2,2,2,0.0,0.0149220859960422,0.0,0.0457676818690719,5.3123270866481575e-09,2808954.6732818866,2.473593040999791,2.4435871558654663,0.0067345911935581156,False,20268150,100,1.0728198852590816,-0.8250516800112981,0.0594059405940594,0.8712871287128713,53.16753197515209,6036.824540164414,44.13348375655187,52.76890559424891,54.28294250634373,6148.217844054709,6303.4897578997725,6345.01396433268,5.679781040449598,1.7915635716737286,1.276407204688077,6036.824540164414,-248.1467011536657,18440185.57615971,0.0003273733073472476,1261,0.059490460698200555,-1.445965571882522,1.4440828042107998,-4095.9999999999995,4090.666666666666,C:\Users\kimeu\Downloads\starlink_pathB_wsl_package_v0_3_clean\starlink_pathB\paper_final_experiment_check\outputs\random1200_null_random1200_seed3\4_196_lst048_quiet_frozen_polybeam_khz_comb_S30_multi.npz,9.10175923472585,9444.443085672718,1.7798436919007438e-05,140609741.2109375,False,False,False,False,False,False,False,False,False,False,False,False
4_196,190.65540049004915,long,quiet,48,2461041.833333333,2461041.8401562865,frozen_polybeam,khz_comb,1000.0,single,coherent_ab,2,2,1,57120,82.496,0.1663831485215053,5.3123270866481575e-09,0.0149220859960422,0,2,2,2,0.0,0.0149220859960422,0.0,0.0457676818690719,5.3123270866481575e-09,2808954.6732818866,81.45290519551553,81.45290519551553,0.21681156188522213,False,20268167,100,0.7287947479781571,-1.2178932161962452,0.12871287128712872,0.7821782178217822,1678.690696618327,193185.659207539,1501.5834715186666,1712.7012342269677,1724.9435207879962,198162.70419134042,201998.84121439207,202730.74624063296,163.910603222188,1.1863344926705488,1.0264963049272047,193185.659207539,-5588.62317475542,18440185.57615971,0.010476340295473924,1261,0.059490460698200555,-1.445965571882522,1.4440828042107998,-4095.9999999999995,4090.666666666666,C:\Users\kimeu\Downloads\starlink_pathB_wsl_package_v0_3_clean\starlink_pathB\paper_final_experiment_check\outputs\random1200_null_random1200_seed3\4_196_lst048_quiet_frozen_polybeam_khz_comb_S1000_single.npz,9.10175923472585,9444.443085672718,1.7798436919007438e-05,140609741.2109375,False,False,False,False,False,False,False,False,False,False,False,False
4_196,190.65540049004915,long,quiet,48,2461041.833333333,2461041.8401562865,frozen_polybeam,khz_comb,1000.0,multi,coherent_ab,2,2,2,57120;57111,82.496;74.537,0.1663831485215053,5.3123270866481575e-09,0.0149220859960422,0,2,2,2,0.0,0.0149220859960422,0.0,0.0457676818690719,5.3123270866481575e-09,2808954.6732818866,82.45310136665968,81.45290519551553,0.224486373118604,False,20268184,100,1.0063475860792332,-0.5285947394604322,0.0891089108910891,0.6831683168316832,1785.0577175158542,202572.18420916118,1433.906200453559,1815.1915702258686,1845.3123756692644,205178.61321868736,211153.25717463592,212370.7733528867,235.35452035759954,1.9079149584342914,1.4042849496392575,202572.18420916118,-5921.503791178336,18440185.57615971,0.010985365812752747,1261,0.059490460698200555,-1.445965571882522,1.4440828042107998,-4095.9999999999995,4090.666666666666,C:\Users\kimeu\Downloads\starlink_pathB_wsl_package_v0_3_clean\starlink_pathB\paper_final_experiment_check\outputs\random1200_null_random1200_seed3\4_196_lst048_quiet_frozen_polybeam_khz_comb_S1000_multi.npz,9.10175923472585,9444.443085672718,1.7798436919007438e-05,140609741.2109375,False,False,False,False,False,False,False,False,False,False,False,False
4_196,190.65540049004915,long,quiet,48,2461041.833333333,2461041.8401562865,full_polybeam,smooth,30.0,single,coherent_ab,2,2,1,57120,82.496,0.1663831485215053,5.3123270866481575e-09,0.0149220859960422,0,2,2,2,0.0,0.0149220859960422,0.0,0.0457676818690719,5.3123270866481575e-09,2808954.6732818866,6.007916474381776,6.007916474381776,0.01243088639664004,False,20268201,100,-0.8718777614716433,-1.0866139793771443,0.7425742574257426,0.7920792079207921,44.512196404371934,8730.20184465678,51.4769397976479,63.8132926869046,65.46474459255711,8827.744536951668,8910.39473747671,8928.145907629092,5.387974402467989,0.8714808437277626,0.8014688827515035,8730.20184465678,1845.8274032539805,18440185.57615971,0.0004734335133776296,1261,0.059490460698200555,-1.445965571882522,1.4440828042107998,-4095.9999999999995,4090.666666666666,C:\Users\kimeu\Downloads\starlink_pathB_wsl_package_v0_3_clean\starlink_pathB\paper_final_experiment_check\outputs\random1200_null_random1200_seed3\4_196_lst048_quiet_full_polybeam_smooth_S30_single.npz,9.10175923472585,9444.443085672718,1.7798436919007438e-05,140609741.2109375,False,False,False,False,False,False,False,False,False,False,False,False
4_196,190.65540049004915,long,quiet,48,2461041.833333333,2461041.8401562865,full_polybeam,smooth,30.0,multi,coherent_ab,2,2,2,57120;57111,82.496;74.537,0.1663831485215053,5.3123270866481575e-09,0.0149220859960422,0,2,2,2,0.0,0.0149220859960422,0.0,0.0457676818690719,5.3123270866481575e-09,2808954.6732818866,6.825768628571486,6.007916474381776,0.0138241947040596,False,20268218,100,0.2615407621334262,0.7593794551397449,0.36633663366336633,0.22772277227722773,194.1903088095405,31835.550756481607,190.96317244275997,205.3428027508875,211.1548927855384,31487.985189418465,32108.819847209044,32211.229437597067,8.322502546864598,1.644454321569941,1.124611212005441,31835.550756481607,1755.6377435077325,18440185.57615971,0.0017264224714549524,1261,0.059490460698200555,-1.445965571882522,1.4440828042107998,-4095.9999999999995,4090.666666666666,C:\Users\kimeu\Downloads\starlink_pathB_wsl_package_v0_3_clean\starlink_pathB\paper_final_experiment_check\outputs\random1200_null_random1200_seed3\4_196_lst048_quiet_full_polybeam_smooth_S30_multi.npz,9.10175923472585,9444.443085672718,1.7798436919007438e-05,140609741.2109375,False,False,False,False,False,False,False,False,False,False,False,False
4_196,190.65540049004915,long,quiet,48,2461041.833333333,2461041.8401562865,full_polybeam,smooth,1000.0,single,coherent_ab,2,2,1,57120,82.496,0.1663831485215053,5.3123270866481575e-09,0.0149220859960422,0,2,2,2,0.0,0.0149220859960422,0.0,0.0457676818690719,5.3123270866481575e-09,2808954.6732818866,200.26388247939258,200.26388247939258,0.41436287988800136,False,20268235,100,-1.2251061041998628,1.0054124327703098,0.8217821782178217,0.04950495049504951,1611.7449878549169,339655.3432576113,1909.1402905936739,2267.550498424982,2269.530718356702,311977.05608184275,339365.70304718893,339835.996155004,163.73307007562835,1.1341322087950994,1.0690230710569277,339655.3432576113,157905.7270226404,18440185.57615971,0.01841930179361822,1261,0.059490460698200555,-1.445965571882522,1.4440828042107998,-4095.9999999999995,4090.666666666666,C:\Users\kimeu\Downloads\starlink_pathB_wsl_package_v0_3_clean\starlink_pathB\paper_final_experiment_check\outputs\random1200_null_random1200_seed3\4_196_lst048_quiet_full_polybeam_smooth_S1000_single.npz,9.10175923472585,9444.443085672718,1.7798436919007438e-05,140609741.2109375,False,False,False,False,False,False,False,False,False,False,False,False
4_196,190.65540049004915,long,quiet,48,2461041.833333333,2461041.8401562865,full_polybeam,smooth,1000.0,multi,coherent_ab,2,2,2,57120;57111,82.496;74.537,0.1663831485215053,5.3123270866481575e-09,0.0149220859960422,0,2,2,2,0.0,0.0149220859960422,0.0,0.0457676818690719,5.3123270866481575e-09,2808954.6732818866,227.5256209523829,200.26388247939258,0.46080649013532005,False,20268252,100,0.2999071384947028,1.0897779488783035,0.37623762376237624,0.0891089108910891,6522.023640948119,1071977.9823045789,6401.846945699974,6990.6497529513945,7084.706173679643,1051364.5379484594,1074419.3366752525,1079482.1131411386,270.2772293322396,1.9940392330675194,1.2600776400582716,1071977.9823045789,157183.7271700721,18440185.57615971,0.05813271118542753,1261,0.059490460698200555,-1.445965571882522,1.4440828042107998,-4095.9999999999995,4090.666666666666,C:\Users\kimeu\Downloads\starlink_pathB_wsl_package_v0_3_clean\starlink_pathB\paper_final_experiment_check\outputs\random1200_null_random1200_seed3\4_196_lst048_quiet_full_polybeam_smooth_S1000_multi.npz,9.10175923472585,9444.443085672718,1.7798436919007438e-05,140609741.2109375,False,False,False,False,False,False,False,False,False,False,False,False
4_196,190.65540049004915,long,quiet,48,2461041.833333333,2461041.8401562865,full_polybeam,lines,30.0,single,coherent_ab,2,2,1,57120,82.496,0.1663831485215053,5.3123270866481575e-09,0.0149220859960422,0,2,2,2,0.0,0.0149220859960422,0.0,0.0457676818690719,5.3123270866481575e-09,2808954.6732818866,6.007685698943695,6.007685698943695,0.012443186677498804,False,20268269,100,-1.027257921218503,-1.299464495905187,0.7920792079207921,0.7821782178217822,44.75108252332211,8722.549117444327,52.797182654006974,64.6389891089384,65.32636160947324,8841.964102616732,8928.717291526491,8943.438879539844,5.283016149958712,1.057303375104797,1.002153894506345,8722.549117444327,1841.6684270890187,18440185.57615971,0.00047301851065540394,1261,0.059490460698200555,-1.445965571882522,1.4440828042107998,-4095.9999999999995,4090.666666666666,C:\Users\kimeu\Downloads\starlink_pathB_wsl_package_v0_3_clean\starlink_pathB\paper_final_experiment_check\outputs\random1200_null_random1200_seed3\4_196_lst048_quiet_full_polybeam_lines_S30_single.npz,9.10175923472585,9444.443085672718,1.7798436919007438e-05,140609741.2109375,False,False,False,False,False,False,False,False,False,False,False,False
4_196,190.65540049004915,long,quiet,48,2461041.833333333,2461041.8401562865,full_polybeam,lines,30.0,multi,coherent_ab,2,2,2,57120;57111,82.496;74.537,0.1663831485215053,5.3123270866481575e-09,0.0149220859960422,0,2,2,2,0.0,0.0149220859960422,0.0,0.0457676818690719,5.3123270866481575e-09,2808954.6732818866,6.8254620891337465,6.007685698943695,0.013837357503201643,False,20268286,100,0.28696458848002104,0.8650425955415999,0.4158415841584158,0.16831683168316833,193.58032170869228,31826.652748758483,190.473951725422,206.05558559117054,209.30131572660707,31489.931723742942,32042.977429773466,32100.30635678286,7.301311497453753,1.9459518571336267,1.1295602009192542,31826.652748758483,1751.447495464219,18440185.57615971,0.001725939937931286,1261,0.059490460698200555,-1.445965571882522,1.4440828042107998,-4095.9999999999995,4090.666666666666,C:\Users\kimeu\Downloads\starlink_pathB_wsl_package_v0_3_clean\starlink_pathB\paper_final_experiment_check\outputs\random1200_null_random1200_seed3\4_196_lst048_quiet_full_polybeam_lines_S30_multi.npz,9.10175923472585,9444.443085672718,1.7798436919007438e-05,140609741.2109375,False,False,False,False,False,False,False,False,False,False,False,False
4_196,190.65540049004915,long,quiet,48,2461041.833333333,2461041.8401562865,full_polybeam,lines,1000.0,single,coherent_ab,2,2,1,57120,82.496,0.1663831485215053,5.3123270866481575e-09,0.0149220859960422,0,2,2,2,0.0,0.0149220859960422,0.0,0.0457676818690719,5.3123270866481575e-09,2808954.6732818866,200.25618996478988,200.25618996478988,0.41477288924996003,False,20268303,100,-1.505563579691202,1.166064518386456,0.801980198019802,0.0297029702970297,1608.121341193319,339458.59173537424,1849.9404095946302,2166.663487201408,2245.753703245022,306587.13542635285,338287.62089379464,339646.70913457527,108.33466570397286,1.9954660650876912,1.7169301202520983,339458.59173537424,157705.7730223238,18440185.57615971,0.018408632078748783,1261,0.059490460698200555,-1.445965571882522,1.4440828042107998,-4095.9999999999995,4090.666666666666,C:\Users\kimeu\Downloads\starlink_pathB_wsl_package_v0_3_clean\starlink_pathB\paper_final_experiment_check\outputs\random1200_null_random1200_seed3\4_196_lst048_quiet_full_polybeam_lines_S1000_single.npz,9.10175923472585,9444.443085672718,1.7798436919007438e-05,140609741.2109375,False,False,False,False,False,False,False,False,False,False,False,False
4_196,190.65540049004915,long,quiet,48,2461041.833333333,2461041.8401562865,full_polybeam,lines,1000.0,multi,coherent_ab,2,2,2,57120;57111,82.496;74.537,0.1663831485215053,5.3123270866481575e-09,0.0149220859960422,0,2,2,2,0.0,0.0149220859960422,0.0,0.0457676818690719,5.3123270866481575e-09,2808954.6732818866,227.51540297112493,200.25618996478988,0.46124525010672135,False,20268320,100,0.4636204489780388,1.2696431903072918,0.3465346534653465,0.10891089108910891,6500.41035314582,1071588.947718447,6295.131240955656,6892.969700169972,7024.445935640227,1052143.7681788208,1077163.5446138768,1080859.3143891736,298.64701738465374,2.2326564310435533,1.4771235565889445,1071588.947718447,156981.0222658727,18440185.57615971,0.058111614077455104,1261,0.059490460698200555,-1.445965571882522,1.4440828042107998,-4095.9999999999995,4090.666666666666,C:\Users\kimeu\Downloads\starlink_pathB_wsl_package_v0_3_clean\starlink_pathB\paper_final_experiment_check\outputs\random1200_null_random1200_seed3\4_196_lst048_quiet_full_polybeam_lines_S1000_multi.npz,9.10175923472585,9444.443085672718,1.7798436919007438e-05,140609741.2109375,False,False,False,False,False,False,False,False,False,False,False,False
4_196,190.65540049004915,long,quiet,48,2461041.833333333,2461041.8401562865,full_polybeam,khz_comb,30.0,single,coherent_ab,2,2,1,57120,82.496,0.1663831485215053,5.3123270866481575e-09,0.0149220859960422,0,2,2,2,0.0,0.0149220859960422,0.0,0.0457676818690719,5.3123270866481575e-09,2808954.6732818866,4.944194961022393,4.944194961022393,0.010621205432669518,False,20268337,100,-0.29776061357496103,-1.9753979154362977,0.594059405940594,0.7722772277227723,45.07220854168554,7481.178183686831,46.27172711996718,53.64010797736046,54.03636640152981,7650.011886361921,7720.398560079899,7742.559104223558,2.717163251236343,1.0607485044419094,0.9694440266784835,7481.178183686831,1379.304459187434,18440185.57615971,0.0004056997231827662,1261,0.059490460698200555,-1.445965571882522,1.4440828042107998,-4095.9999999999995,4090.666666666666,C:\Users\kimeu\Downloads\starlink_pathB_wsl_package_v0_3_clean\starlink_pathB\paper_final_experiment_check\outputs\random1200_null_random1200_seed3\4_196_lst048_quiet_full_polybeam_khz_comb_S30_single.npz,9.10175923472585,9444.443085672718,1.7798436919007438e-05,140609741.2109375,False,False,False,False,False,False,False,False,False,False,False,False
4_196,190.65540049004915,long,quiet,48,2461041.833333333,2461041.8401562865,full_polybeam,khz_comb,30.0,multi,coherent_ab,2,2,2,57120;57111,82.496;74.537,0.1663831485215053,5.3123270866481575e-09,0.0149220859960422,0,2,2,2,0.0,0.0149220859960422,0.0,0.0457676818690719,5.3123270866481575e-09,2808954.6732818866,5.617207184070552,4.944194961022393,0.011786833372513017,False,20268354,100,0.6784990497133583,0.8351210309089908,0.24752475247524752,0.2079207920792079,162.18827242728912,26329.986592331923,155.87856637272125,168.31358024287184,178.70920098815347,26001.010533308065,26550.290977056586,26648.240763413538,6.272430935043303,1.731680334124128,1.237002369815109,26329.986592331923,1297.5093001441314,18440185.57615971,0.0014278590897898826,1261,0.059490460698200555,-1.445965571882522,1.4440828042107998,-4095.9999999999995,4090.666666666666,C:\Users\kimeu\Downloads\starlink_pathB_wsl_package_v0_3_clean\starlink_pathB\paper_final_experiment_check\outputs\random1200_null_random1200_seed3\4_196_lst048_quiet_full_polybeam_khz_comb_S30_multi.npz,9.10175923472585,9444.443085672718,1.7798436919007438e-05,140609741.2109375,False,False,False,False,False,False,False,False,False,False,False,False
4_196,190.65540049004915,long,quiet,48,2461041.833333333,2461041.8401562865,full_polybeam,khz_comb,1000.0,single,coherent_ab,2,2,1,57120,82.496,0.1663831485215053,5.3123270866481575e-09,0.0149220859960422,0,2,2,2,0.0,0.0149220859960422,0.0,0.0457676818690719,5.3123270866481575e-09,2808954.6732818866,164.80649870074646,164.80649870074646,0.35404018108898394,False,20268371,100,-0.07757792351754346,0.627958910382599,0.5445544554455446,0.19801980198019803,1580.929177313672,281529.58885026287,1595.4513774269726,1833.3513904770275,1858.2106345928246,270140.53413503617,283742.755250371,284035.63586149144,126.26130398393798,0.7799956798164508,0.7624511588962891,281529.58885026287,110666.01400039303,18440185.57615971,0.01526717763698847,1261,0.059490460698200555,-1.445965571882522,1.4440828042107998,-4095.9999999999995,4090.666666666666,C:\Users\kimeu\Downloads\starlink_pathB_wsl_package_v0_3_clean\starlink_pathB\paper_final_experiment_check\outputs\random1200_null_random1200_seed3\4_196_lst048_quiet_full_polybeam_khz_comb_S1000_single.npz,9.10175923472585,9444.443085672718,1.7798436919007438e-05,140609741.2109375,False,False,False,False,False,False,False,False,False,False,False,False
4_196,190.65540049004915,long,quiet,48,2461041.833333333,2461041.8401562865,full_polybeam,khz_comb,1000.0,multi,coherent_ab,2,2,2,57120;57111,82.496;74.537,0.1663831485215053,5.3123270866481575e-09,0.0149220859960422,0,2,2,2,0.0,0.0149220859960422,0.0,0.0457676818690719,5.3123270866481575e-09,2808954.6732818866,187.24023946901843,164.80649870074646,0.3928944457504339,False,20268388,100,0.6374032932567888,0.9411889758379315,0.25742574257425743,0.15841584158415842,5441.640484590578,884590.5051541929,5263.526655209855,5730.094696608844,5897.082540312779,869070.8899430172,889852.7359084124,892020.9660505438,188.4774260240447,1.9009630322556528,1.3507112265989967,884590.5051541929,109488.72781570954,18440185.57615971,0.04797080276121683,1261,0.059490460698200555,-1.445965571882522,1.4440828042107998,-4095.9999999999995,4090.666666666666,C:\Users\kimeu\Downloads\starlink_pathB_wsl_package_v0_3_clean\starlink_pathB\paper_final_experiment_check\outputs\random1200_null_random1200_seed3\4_196_lst048_quiet_full_polybeam_khz_comb_S1000_multi.npz,9.10175923472585,9444.443085672718,1.7798436919007438e-05,140609741.2109375,False,False,False,False,False,False,False,False,False,False,False,False
4_196,190.65540049004915,long,typical,53,2461041.8680555555,2461041.8748785085,frozen_polybeam,smooth,30.0,single,coherent_ab,3,3,1,55519,88.766,0.1665616599462365,1.04736401041449e-07,0.3041325609933296,1,3,3,3,0.0023396773596836,0.3041325609933296,0.0023396773596836,0.4996640359057469,1.04736401041449e-07,2903790.4488714524,0.8609190904462858,0.8609190904462858,0.0013815282774010166,False,20268410,100,-1.3059886245011079,-1.5970400046250317,0.8217821782178217,0.9108910891089109,8.338378741940687,1432.5257184233474,10.705327636390962,12.404508990315481,12.434686023579651,1574.6773557986944,1653.4637263776604,1653.813707019747,1.2224341985137244,1.373934413072317,1.3091900698558037,1432.5257184233474,336.94635335928456,4081507.6017729165,0.00035097955417284776,1261,0.059490460698200555,-1.445965571882522,1.4440828042107998,-4095.9999999999995,4090.666666666666,C:\Users\kimeu\Downloads\starlink_pathB_wsl_package_v0_3_clean\starlink_pathB\paper_final_experiment_check\outputs\random1200_null_random1200_seed3\4_196_lst053_typical_frozen_polybeam_smooth_S30_single.npz,9.10175923472585,9444.443085672718,1.7798436919007438e-05,140609741.2109375,False,False,False,False,False,False,False,False,False,False,False,False
4_196,190.65540049004915,long,typical,53,2461041.8680555555,2461041.8748785085,frozen_polybeam,smooth,30.0,multi,coherent_ab,3,3,3,55519;44605;55345,88.766;85.722;73.439,0.1665616599462365,1.04736401041449e-07,0.3041325609933296,1,3,3,3,0.0023396773596836,0.3041325609933296,0.0023396773596836,0.4996640359057469,1.04736401041449e-07,2903790.4488714524,1.0903460576675348,0.8609190904462858,0.002281997304099893,False,20268427,100,0.11128071834011671,0.092813258838213,0.45544554455445546,0.43564356435643564,13.370915880718712,1825.4440502225243,12.996185697171768,17.481787396472235,18.96522858748993,1812.3153299688172,2001.2992001224693,2043.307424212319,2.271301352736373,1.907961756764339,1.2369955006377167,1825.4440502225243,318.32134616510956,4081507.6017729165,0.0004472474948789981,1261,0.059490460698200555,-1.445965571882522,1.4440828042107998,-4095.9999999999995,4090.666666666666,C:\Users\kimeu\Downloads\starlink_pathB_wsl_package_v0_3_clean\starlink_pathB\paper_final_experiment_check\outputs\random1200_null_random1200_seed3\4_196_lst053_typical_frozen_polybeam_smooth_S30_multi.npz,9.10175923472585,9444.443085672718,1.7798436919007438e-05,140609741.2109375,False,False,False,False,False,False,False,False,False,False,False,False
4_196,190.65540049004915,long,typical,53,2461041.8680555555,2461041.8748785085,frozen_polybeam,smooth,1000.0,single,coherent_ab,3,3,1,55519,88.766,0.1665616599462365,1.04736401041449e-07,0.3041325609933296,1,3,3,3,0.0023396773596836,0.3041325609933296,0.0023396773596836,0.4996640359057469,1.04736401041449e-07,2903790.4488714524,28.697303014876194,28.697303014876194,0.0460509425800339,False,20268444,100,-1.232905877109069,-2.1437867648476354,0.801980198019802,0.9504950495049505,266.9520066321893,46842.22617042915,345.12157622580617,402.64474190232824,408.83963999123995,52697.06143898362,55585.55976344426,56223.82412461092,42.764539728520504,1.452921008040884,1.3087696827797524,46842.22617042915,6457.775614931312,4081507.6017729165,0.011476697029813672,1261,0.059490460698200555,-1.445965571882522,1.4440828042107998,-4095.9999999999995,4090.666666666666,C:\Users\kimeu\Downloads\starlink_pathB_wsl_package_v0_3_clean\starlink_pathB\paper_final_experiment_check\outputs\random1200_null_random1200_seed3\4_196_lst053_typical_frozen_polybeam_smooth_S1000_single.npz,9.10175923472585,9444.443085672718,1.7798436919007438e-05,140609741.2109375,False,False,False,False,False,False,False,False,False,False,False,False
4_196,190.65540049004915,long,typical,53,2461041.8680555555,2461041.8748785085,frozen_polybeam,smooth,1000.0,multi,coherent_ab,3,3,3,55519;44605;55345,88.766;85.722;73.439,0.1665616599462365,1.04736401041449e-07,0.3041325609933296,1,3,3,3,0.0023396773596836,0.3041325609933296,0.0023396773596836,0.4996640359057469,1.04736401041449e-07,2903790.4488714524,36.34486858891783,28.697303014876194,0.07606657680332976,False,20268461,100,-0.06960632163102537,-0.16900057173383798,0.5148514851485149,0.5445544554455446,437.21572469707553,60014.96382360182,443.71191009383165,563.1128060304972,587.7371700096332,60775.39117826655,67775.88823700395,69949.07132703975,62.94855006396142,2.176680360735238,1.4545504433965668,60014.96382360182,5361.22926619242,4081507.6017729165,0.014704116635120966,1261,0.059490460698200555,-1.445965571882522,1.4440828042107998,-4095.9999999999995,4090.666666666666,C:\Users\kimeu\Downloads\starlink_pathB_wsl_package_v0_3_clean\starlink_pathB\paper_final_experiment_check\outputs\random1200_null_random1200_seed3\4_196_lst053_typical_frozen_polybeam_smooth_S1000_multi.npz,9.10175923472585,9444.443085672718,1.7798436919007438e-05,140609741.2109375,False,False,False,False,False,False,False,False,False,False,False,False
4_196,190.65540049004915,long,typical,53,2461041.8680555555,2461041.8748785085,frozen_polybeam,lines,30.0,single,coherent_ab,3,3,1,55519,88.766,0.1665616599462365,1.04736401041449e-07,0.3041325609933296,1,3,3,3,0.0023396773596836,0.3041325609933296,0.0023396773596836,0.4996640359057469,1.04736401041449e-07,2903790.4488714524,0.8609011117937333,0.8609011117937333,0.0013823749826988546,False,20268478,100,-0.7400538198361315,-1.2278084256827237,0.7326732673267327,0.8910891089108911,8.268384739254543,1432.7586809295979,10.106128990965772,12.272414414053765,12.462085942793738,1559.018983675971,1651.4118713964242,1652.5221709340838,1.6749342856373914,1.516055909453751,1.4196709733630097,1432.7586809295979,337.78347398954526,4081507.6017729165,0.0003510366317355967,1261,0.059490460698200555,-1.445965571882522,1.4440828042107998,-4095.9999999999995,4090.666666666666,C:\Users\kimeu\Downloads\starlink_pathB_wsl_package_v0_3_clean\starlink_pathB\paper_final_experiment_check\outputs\random1200_null_random1200_seed3\4_196_lst053_typical_frozen_polybeam_lines_S30_single.npz,9.10175923472585,9444.443085672718,1.7798436919007438e-05,140609741.2109375,False,False,False,False,False,False,False,False,False,False,False,False
4_196,190.65540049004915,long,typical,53,2461041.8680555555,2461041.8748785085,frozen_polybeam,lines,30.0,multi,coherent_ab,3,3,3,55519;44605;55345,88.766;85.722;73.439,0.1665616599462365,1.04736401041449e-07,0.3041325609933296,1,3,3,3,0.0023396773596836,0.3041325609933296,0.0023396773596836,0.4996640359057469,1.04736401041449e-07,2903790.4488714524,1.0903186349790095,0.8609011117937333,0.00228373537259146,False,20268495,100,0.07629612269704587,0.08099050674497096,0.48514851485148514,0.4752475247524752,13.279096328209107,1823.2647298544944,13.064927188223464,17.389268592739427,18.374386987010716,1811.595274113676,2029.9075264258122,2061.4646440088163,1.893347928818912,1.9982897043154315,1.4484372593843904,1823.2647298544944,319.03889020763165,4081507.6017729165,0.0004467135450299072,1261,0.059490460698200555,-1.445965571882522,1.4440828042107998,-4095.9999999999995,4090.666666666666,C:\Users\kimeu\Downloads\starlink_pathB_wsl_package_v0_3_clean\starlink_pathB\paper_final_experiment_check\outputs\random1200_null_random1200_seed3\4_196_lst053_typical_frozen_polybeam_lines_S30_multi.npz,9.10175923472585,9444.443085672718,1.7798436919007438e-05,140609741.2109375,False,False,False,False,False,False,False,False,False,False,False,False
4_196,190.65540049004915,long,typical,53,2461041.8680555555,2461041.8748785085,frozen_polybeam,lines,1000.0,single,coherent_ab,3,3,1,55519,88.766,0.1665616599462365,1.04736401041449e-07,0.3041325609933296,1,3,3,3,0.0023396773596836,0.3041325609933296,0.0023396773596836,0.4996640359057469,1.04736401041449e-07,2903790.4488714524,28.696703726457773,28.696703726457773,0.04607916608996181,False,20268512,100,-0.44860953717407115,-1.2714820623574672,0.7623762376237624,0.900990099009901,264.78393928182413,46856.88794087904,298.2497751940575,402.8938216837935,405.7910498947088,51031.55965899039,55945.78234272751,56261.19415737011,50.31635578492569,0.9300777172702314,0.877506031853782,46856.88794087904,6486.983959463297,4081507.6017729165,0.011480289273631499,1261,0.059490460698200555,-1.445965571882522,1.4440828042107998,-4095.9999999999995,4090.666666666666,C:\Users\kimeu\Downloads\starlink_pathB_wsl_package_v0_3_clean\starlink_pathB\paper_final_experiment_check\outputs\random1200_null_random1200_seed3\4_196_lst053_typical_frozen_polybeam_lines_S1000_single.npz,9.10175923472585,9444.443085672718,1.7798436919007438e-05,140609741.2109375,False,False,False,False,False,False,False,False,False,False,False,False
4_196,190.65540049004915,long,typical,53,2461041.8680555555,2461041.8748785085,frozen_polybeam,lines,1000.0,multi,coherent_ab,3,3,3,55519;44605;55345,88.766;85.722;73.439,0.1665616599462365,1.04736401041449e-07,0.3041325609933296,1,3,3,3,0.0023396773596836,0.3041325609933296,0.0023396773596836,0.4996640359057469,1.04736401041449e-07,2903790.4488714524,36.34395449930031,28.696703726457773,0.07612451241971532,False,20268529,100,0.07521946649867817,0.011515984041678777,0.46534653465346537,0.504950495049505,434.1839974847585,59948.52009415029,427.6474800396602,571.8551203532327,615.6240920071627,59900.37472403069,68169.46842305471,69264.7509304406,58.612761045757225,2.046267444101314,1.446036607695584,59948.52009415029,5386.375591219246,4081507.6017729165,0.014687837422649902,1261,0.059490460698200555,-1.445965571882522,1.4440828042107998,-4095.9999999999995,4090.666666666666,C:\Users\kimeu\Downloads\starlink_pathB_wsl_package_v0_3_clean\starlink_pathB\paper_final_experiment_check\outputs\random1200_null_random1200_seed3\4_196_lst053_typical_frozen_polybeam_lines_S1000_multi.npz,9.10175923472585,9444.443085672718,1.7798436919007438e-05,140609741.2109375,False,False,False,False,False,False,False,False,False,False,False,False
4_196,190.65540049004915,long,typical,53,2461041.8680555555,2461041.8748785085,frozen_polybeam,khz_comb,30.0,single,coherent_ab,3,3,1,55519,88.766,0.1665616599462365,1.04736401041449e-07,0.3041325609933296,1,3,3,3,0.0023396773596836,0.3041325609933296,0.0023396773596836,0.4996640359057469,1.04736401041449e-07,2903790.4488714524,0.7085029331040982,0.7085029331040982,0.0012347933871267535,False,20268546,100,-0.8755799312124493,-0.8606565224275116,0.7821782178217822,0.8415841584158416,7.787928476567686,1382.6167043988048,9.896531470172476,12.003295834861593,12.069450929170134,1482.9103441934599,1575.0181912022592,1576.043557385127,1.6243328380330695,0.9114177720996692,0.8901575917537659,1382.6167043988048,303.10704273836166,4081507.6017729165,0.00033875147109813705,1261,0.059490460698200555,-1.445965571882522,1.4440828042107998,-4095.9999999999995,4090.666666666666,C:\Users\kimeu\Downloads\starlink_pathB_wsl_package_v0_3_clean\starlink_pathB\paper_final_experiment_check\outputs\random1200_null_random1200_seed3\4_196_lst053_typical_frozen_polybeam_khz_comb_S30_single.npz,9.10175923472585,9444.443085672718,1.7798436919007438e-05,140609741.2109375,False,False,False,False,False,False,False,False,False,False,False,False
4_196,190.65540049004915,long,typical,53,2461041.8680555555,2461041.8748785085,frozen_polybeam,khz_comb,30.0,multi,coherent_ab,3,3,3,55519;44605;55345,88.766;85.722;73.439,0.1665616599462365,1.04736401041449e-07,0.3041325609933296,1,3,3,3,0.0023396773596836,0.3041325609933296,0.0023396773596836,0.4996640359057469,1.04736401041449e-07,2903790.4488714524,0.8973085762325855,0.7085029331040982,0.0020414816438819455,False,20268563,100,0.17361941063981567,0.628898456672612,0.43564356435643564,0.3465346534653465,12.919402852500752,1775.780529662413,12.496878876943356,16.874357154742437,17.722741953936644,1700.4769754734298,1944.966217981048,1971.7022471119712,1.6414553886604608,2.287300986236959,1.5600075682771202,1775.780529662413,287.7768677363067,4081507.6017729165,0.00043507955954585344,1261,0.059490460698200555,-1.445965571882522,1.4440828042107998,-4095.9999999999995,4090.666666666666,C:\Users\kimeu\Downloads\starlink_pathB_wsl_package_v0_3_clean\starlink_pathB\paper_final_experiment_check\outputs\random1200_null_random1200_seed3\4_196_lst053_typical_frozen_polybeam_khz_comb_S30_multi.npz,9.10175923472585,9444.443085672718,1.7798436919007438e-05,140609741.2109375,False,False,False,False,False,False,False,False,False,False,False,False
4_196,190.65540049004915,long,typical,53,2461041.8680555555,2461041.8748785085,frozen_polybeam,khz_comb,1000.0,single,coherent_ab,3,3,1,55519,88.766,0.1665616599462365,1.04736401041449e-07,0.3041325609933296,1,3,3,3,0.0023396773596836,0.3041325609933296,0.0023396773596836,0.4996640359057469,1.04736401041449e-07,2903790.4488714524,23.616764436803276,23.616764436803276,0.04115977957089179,False,20268580,100,-0.8439712317681632,-1.807679978971393,0.7722772277227723,0.9207920792079208,252.31523871253285,45340.37372746138,318.78072882350716,390.0579072378675,393.7003982774323,50297.37122961403,53213.48785361199,53303.492886737185,53.118349555604254,1.1532578891502905,1.0502000915117689,45340.37372746138,5950.617141495505,4081507.6017729165,0.011108731907730988,1261,0.059490460698200555,-1.445965571882522,1.4440828042107998,-4095.9999999999995,4090.666666666666,C:\Users\kimeu\Downloads\starlink_pathB_wsl_package_v0_3_clean\starlink_pathB\paper_final_experiment_check\outputs\random1200_null_random1200_seed3\4_196_lst053_typical_frozen_polybeam_khz_comb_S1000_single.npz,9.10175923472585,9444.443085672718,1.7798436919007438e-05,140609741.2109375,False,False,False,False,False,False,False,False,False,False,False,False
4_196,190.65540049004915,long,typical,53,2461041.8680555555,2461041.8748785085,frozen_polybeam,khz_comb,1000.0,multi,coherent_ab,3,3,3,55519;44605;55345,88.766;85.722;73.439,0.1665616599462365,1.04736401041449e-07,0.3041325609933296,1,3,3,3,0.0023396773596836,0.3041325609933296,0.0023396773596836,0.4996640359057469,1.04736401041449e-07,2903790.4488714524,29.91028587441952,23.616764436803276,0.0680493881293982,False,20268597,100,0.13198131911854574,0.36606152997761715,0.4752475247524752,0.38613861386138615,422.218667774554,58552.21446720788,409.75822076557654,543.8741222299146,611.7232283010511,56912.694366864525,65396.162486529545,66607.60936242095,63.67913597646475,2.500521185706929,1.6347811221567974,58552.21446720788,4966.246509480989,4081507.6017729165,0.014345732062773592,1261,0.059490460698200555,-1.445965571882522,1.4440828042107998,-4095.9999999999995,4090.666666666666,C:\Users\kimeu\Downloads\starlink_pathB_wsl_package_v0_3_clean\starlink_pathB\paper_final_experiment_check\outputs\random1200_null_random1200_seed3\4_196_lst053_typical_frozen_polybeam_khz_comb_S1000_multi.npz,9.10175923472585,9444.443085672718,1.7798436919007438e-05,140609741.2109375,False,False,False,False,False,False,False,False,False,False,False,False
4_196,190.65540049004915,long,typical,53,2461041.8680555555,2461041.8748785085,full_polybeam,smooth,30.0,single,coherent_ab,3,3,1,55519,88.766,0.1665616599462365,1.04736401041449e-07,0.3041325609933296,1,3,3,3,0.0023396773596836,0.3041325609933296,0.0023396773596836,0.4996640359057469,1.04736401041449e-07,2903790.4488714524,0.9637008843365256,0.9637008843365256,0.0016670306277228682,False,20268614,100,-1.0415998350345586,-1.152054403896273,0.8217821782178217,0.8316831683168316,7.890868710997893,1446.1329441671921,10.32974186215597,12.337168634131103,12.397800540494936,1585.4146208359252,1701.3444705153568,1703.6108852515556,1.5792988330658773,0.7840792748715306,0.7468828619320029,1446.1329441671921,260.2016952936955,4081507.6017729165,0.00035431342662182574,1261,0.059490460698200555,-1.445965571882522,1.4440828042107998,-4095.9999999999995,4090.666666666666,C:\Users\kimeu\Downloads\starlink_pathB_wsl_package_v0_3_clean\starlink_pathB\paper_final_experiment_check\outputs\random1200_null_random1200_seed3\4_196_lst053_typical_full_polybeam_smooth_S30_single.npz,9.10175923472585,9444.443085672718,1.7798436919007438e-05,140609741.2109375,False,False,False,False,False,False,False,False,False,False,False,False
4_196,190.65540049004915,long,typical,53,2461041.8680555555,2461041.8748785085,full_polybeam,smooth,30.0,multi,coherent_ab,3,3,3,55519;44605;55345,88.766;85.722;73.439,0.1665616599462365,1.04736401041449e-07,0.3041325609933296,1,3,3,3,0.0023396773596836,0.3041325609933296,0.0023396773596836,0.4996640359057469,1.04736401041449e-07,2903790.4488714524,1.8189678346360516,0.9637008843365256,0.0035807586621238625,False,20268631,100,-0.6647470782934523,0.746356746339747,0.7722772277227723,0.25742574257425743,12.162268627426783,2395.2590815057765,13.81588278926506,17.747167319488835,19.368177045766902,2284.152224993035,2526.5041973271505,2565.5469162984546,1.6778523867496915,2.281567964099816,1.5684677565961982,2395.2590815057765,713.4850765914834,4081507.6017729165,0.0005868564548220684,1261,0.059490460698200555,-1.445965571882522,1.4440828042107998,-4095.9999999999995,4090.666666666666,C:\Users\kimeu\Downloads\starlink_pathB_wsl_package_v0_3_clean\starlink_pathB\paper_final_experiment_check\outputs\random1200_null_random1200_seed3\4_196_lst053_typical_full_polybeam_smooth_S30_multi.npz,9.10175923472585,9444.443085672718,1.7798436919007438e-05,140609741.2109375,False,False,False,False,False,False,False,False,False,False,False,False
4_196,190.65540049004915,long,typical,53,2461041.8680555555,2461041.8748785085,full_polybeam,smooth,1000.0,single,coherent_ab,3,3,1,55519,88.766,0.1665616599462365,1.04736401041449e-07,0.3041325609933296,1,3,3,3,0.0023396773596836,0.3041325609933296,0.0023396773596836,0.4996640359057469,1.04736401041449e-07,2903790.4488714524,32.12336281121752,32.12336281121752,0.05556768759076226,False,20268648,100,-0.443544490104698,-1.0618729255271682,0.7326732673267327,0.8811881188118812,252.01338850878892,47492.10763766072,287.38058581936593,408.4594562552832,411.2245214763493,51865.88977361461,57982.13026881239,58156.17285666085,53.78231114749906,0.8246766702010038,0.7704640803996994,47492.10763766072,2461.3139143764183,4081507.6017729165,0.011635922867577461,1261,0.059490460698200555,-1.445965571882522,1.4440828042107998,-4095.9999999999995,4090.666666666666,C:\Users\kimeu\Downloads\starlink_pathB_wsl_package_v0_3_clean\starlink_pathB\paper_final_experiment_check\outputs\random1200_null_random1200_seed3\4_196_lst053_typical_full_polybeam_smooth_S1000_single.npz,9.10175923472585,9444.443085672718,1.7798436919007438e-05,140609741.2109375,False,False,False,False,False,False,False,False,False,False,False,False
4_196,190.65540049004915,long,typical,53,2461041.8680555555,2461041.8748785085,full_polybeam,smooth,1000.0,multi,coherent_ab,3,3,3,55519;44605;55345,88.766;85.722;73.439,0.1665616599462365,1.04736401041449e-07,0.3041325609933296,1,3,3,3,0.0023396773596836,0.3041325609933296,0.0023396773596836,0.4996640359057469,1.04736401041449e-07,2903790.4488714524,60.63226115453505,32.12336281121752,0.1193586220707954,False,20268665,100,-0.6816291025822545,0.7649052621039762,0.7623762376237624,0.2871287128712871,390.78462999947806,78870.68478591455,464.4807483227901,615.7921159318383,649.8010890902433,75060.36948081241,84960.91074617393,87461.56787290999,72.92433763473207,3.378718435794259,1.8727405792831073,78870.68478591455,20409.736814205095,4081507.6017729165,0.019323909810104206,1261,0.059490460698200555,-1.445965571882522,1.4440828042107998,-4095.9999999999995,4090.666666666666,C:\Users\kimeu\Downloads\starlink_pathB_wsl_package_v0_3_clean\starlink_pathB\paper_final_experiment_check\outputs\random1200_null_random1200_seed3\4_196_lst053_typical_full_polybeam_smooth_S1000_multi.npz,9.10175923472585,9444.443085672718,1.7798436919007438e-05,140609741.2109375,False,False,False,False,False,False,False,False,False,False,False,False
4_196,190.65540049004915,long,typical,53,2461041.8680555555,2461041.8748785085,full_polybeam,lines,30.0,single,coherent_ab,3,3,1,55519,88.766,0.1665616599462365,1.04736401041449e-07,0.3041325609933296,1,3,3,3,0.0023396773596836,0.3041325609933296,0.0023396773596836,0.4996640359057469,1.04736401041449e-07,2903790.4488714524,0.9636807592823177,0.9636807592823177,0.00166804610745119,False,20268682,100,-0.9888174086266801,-1.0904963007631345,0.8613861386138614,0.8217821782178217,7.8166516663332,1446.4580790394498,10.313434604340046,12.354364319514115,12.381586731916823,1597.5010020330337,1702.3970854454271,1703.800086789059,1.7031021151249206,1.1397298153564093,1.0656673799725604,1446.4580790394498,261.11806938618963,4081507.6017729165,0.00035439308710613214,1261,0.059490460698200555,-1.445965571882522,1.4440828042107998,-4095.9999999999995,4090.666666666666,C:\Users\kimeu\Downloads\starlink_pathB_wsl_package_v0_3_clean\starlink_pathB\paper_final_experiment_check\outputs\random1200_null_random1200_seed3\4_196_lst053_typical_full_polybeam_lines_S30_single.npz,9.10175923472585,9444.443085672718,1.7798436919007438e-05,140609741.2109375,False,False,False,False,False,False,False,False,False,False,False,False
4_196,190.65540049004915,long,typical,53,2461041.8680555555,2461041.8748785085,full_polybeam,lines,30.0,multi,coherent_ab,3,3,3,55519;44605;55345,88.766;85.722;73.439,0.1665616599462365,1.04736401041449e-07,0.3041325609933296,1,3,3,3,0.0023396773596836,0.3041325609933296,0.0023396773596836,0.4996640359057469,1.04736401041449e-07,2903790.4488714524,1.818870711378947,0.9636807592823177,0.0035832458003050615,False,20268699,100,-0.5833407604106318,1.0574545722161965,0.7128712871287128,0.24752475247524752,12.22061392483647,2395.092141882951,14.269839843817863,18.63678190228611,21.244603853847604,2248.6743877914255,2532.910664551979,2620.283864390763,2.3694280260133382,2.9261726774444448,1.807540056006722,2395.092141882951,713.7284219669741,4081507.6017729165,0.0005868155533613551,1261,0.059490460698200555,-1.445965571882522,1.4440828042107998,-4095.9999999999995,4090.666666666666,C:\Users\kimeu\Downloads\starlink_pathB_wsl_package_v0_3_clean\starlink_pathB\paper_final_experiment_check\outputs\random1200_null_random1200_seed3\4_196_lst053_typical_full_polybeam_lines_S30_multi.npz,9.10175923472585,9444.443085672718,1.7798436919007438e-05,140609741.2109375,False,False,False,False,False,False,False,False,False,False,False,False
4_196,190.65540049004915,long,typical,53,2461041.8680555555,2461041.8748785085,full_polybeam,lines,1000.0,single,coherent_ab,3,3,1,55519,88.766,0.1665616599462365,1.04736401041449e-07,0.3041325609933296,1,3,3,3,0.0023396773596836,0.3041325609933296,0.0023396773596836,0.4996640359057469,1.04736401041449e-07,2903790.4488714524,32.122691976077256,32.122691976077256,0.055601536915039655,False,20268716,100,-0.8337357756077637,-1.2959444251861272,0.8415841584158416,0.9306930693069307,249.7320691783898,47513.98175666576,322.10360954816883,402.7561516980103,405.73036446034945,52766.356425529346,58102.493125199966,58216.39042267651,58.54844742978639,1.3585673538007847,1.1899720662537134,47513.98175666576,2494.685953906076,4081507.6017729165,0.011641282190930316,1261,0.059490460698200555,-1.445965571882522,1.4440828042107998,-4095.9999999999995,4090.666666666666,C:\Users\kimeu\Downloads\starlink_pathB_wsl_package_v0_3_clean\starlink_pathB\paper_final_experiment_check\outputs\random1200_null_random1200_seed3\4_196_lst053_typical_full_polybeam_lines_S1000_single.npz,9.10175923472585,9444.443085672718,1.7798436919007438e-05,140609741.2109375,False,False,False,False,False,False,False,False,False,False,False,False
4_196,190.65540049004915,long,typical,53,2461041.8680555555,2461041.8748785085,full_polybeam,lines,1000.0,multi,coherent_ab,3,3,3,55519;44605;55345,88.766;85.722;73.439,0.1665616599462365,1.04736401041449e-07,0.3041325609933296,1,3,3,3,0.0023396773596836,0.3041325609933296,0.0023396773596836,0.4996640359057469,1.04736401041449e-07,2903790.4488714524,60.629023712631565,32.122691976077256,0.11944152667683539,False,20268733,100,-0.48907457719080666,1.0472940855526756,0.6435643564356436,0.2079207920792079,392.70059967235557,78861.59277020697,437.4197954976298,598.861274228238,675.2590714516448,74962.51578426131,82890.0837404256,86456.13842886798,61.672975374477915,2.0521970422266205,1.4541465444357728,78861.59277020697,20418.194302580385,4081507.6017729165,0.01932168219800724,1261,0.059490460698200555,-1.445965571882522,1.4440828042107998,-4095.9999999999995,4090.666666666666,C:\Users\kimeu\Downloads\starlink_pathB_wsl_package_v0_3_clean\starlink_pathB\paper_final_experiment_check\outputs\random1200_null_random1200_seed3\4_196_lst053_typical_full_polybeam_lines_S1000_multi.npz,9.10175923472585,9444.443085672718,1.7798436919007438e-05,140609741.2109375,False,False,False,False,False,False,False,False,False,False,False,False
4_196,190.65540049004915,long,typical,53,2461041.8680555555,2461041.8748785085,full_polybeam,khz_comb,30.0,single,coherent_ab,3,3,1,55519,88.766,0.1665616599462365,1.04736401041449e-07,0.3041325609933296,1,3,3,3,0.0023396773596836,0.3041325609933296,0.0023396773596836,0.4996640359057469,1.04736401041449e-07,2903790.4488714524,0.7930883526273039,0.7930883526273039,0.0014609157719254744,False,20268750,100,-1.5621841216949826,-1.236821789998053,0.8712871287128713,0.8712871287128713,7.140610716474384,1369.0458269426085,10.085225477897438,11.779779704875864,11.913828976113074,1508.7820151028682,1602.426318335864,1603.2618813467018,1.2713709089830445,0.957584647162924,0.9003447097450465,1369.0458269426085,242.41980149393936,4081507.6017729165,0.000335426504252479,1261,0.059490460698200555,-1.445965571882522,1.4440828042107998,-4095.9999999999995,4090.666666666666,C:\Users\kimeu\Downloads\starlink_pathB_wsl_package_v0_3_clean\starlink_pathB\paper_final_experiment_check\outputs\random1200_null_random1200_seed3\4_196_lst053_typical_full_polybeam_khz_comb_S30_single.npz,9.10175923472585,9444.443085672718,1.7798436919007438e-05,140609741.2109375,False,False,False,False,False,False,False,False,False,False,False,False
4_196,190.65540049004915,long,typical,53,2461041.8680555555,2461041.8748785085,full_polybeam,khz_comb,30.0,multi,coherent_ab,3,3,3,55519;44605;55345,88.766;85.722;73.439,0.1665616599462365,1.04736401041449e-07,0.3041325609933296,1,3,3,3,0.0023396773596836,0.3041325609933296,0.0023396773596836,0.4996640359057469,1.04736401041449e-07,2903790.4488714524,1.4968911252351598,0.7930883526273039,0.0030982759445279187,False,20268767,100,-0.35897968897718746,1.1355350188471762,0.6633663366336634,0.22772277227722773,11.98164441969584,2151.86227895856,12.97276263905701,17.789153735989203,18.869872758715797,2047.807257220922,2302.660883971997,2360.5029172829127,1.8622225742428782,2.263673055473039,1.5357235396349787,2151.86227895856,615.0602577552163,4081507.6017729165,0.0005272224111560735,1261,0.059490460698200555,-1.445965571882522,1.4440828042107998,-4095.9999999999995,4090.666666666666,C:\Users\kimeu\Downloads\starlink_pathB_wsl_package_v0_3_clean\starlink_pathB\paper_final_experiment_check\outputs\random1200_null_random1200_seed3\4_196_lst053_typical_full_polybeam_khz_comb_S30_multi.npz,9.10175923472585,9444.443085672718,1.7798436919007438e-05,140609741.2109375,False,False,False,False,False,False,False,False,False,False,False,False
4_196,190.65540049004915,long,typical,53,2461041.8680555555,2461041.8748785085,full_polybeam,khz_comb,1000.0,single,coherent_ab,3,3,1,55519,88.766,0.1665616599462365,1.04736401041449e-07,0.3041325609933296,1,3,3,3,0.0023396773596836,0.3041325609933296,0.0023396773596836,0.4996640359057469,1.04736401041449e-07,2903790.4488714524,26.436278420910128,26.436278420910128,0.048697192397515826,False,20268784,100,-1.0547371049332164,-1.3988381607299665,0.8415841584158416,0.9207920792079208,232.77985128608452,45011.88449608541,313.2575920329191,385.128953726827,388.05114200499327,50232.251379829904,53901.881944673085,54397.86003633952,51.4644760513379,1.2249295912571856,1.1496353221018285,45011.88449608541,3163.3295196254853,4081507.6017729165,0.011028249580261286,1261,0.059490460698200555,-1.445965571882522,1.4440828042107998,-4095.9999999999995,4090.666666666666,C:\Users\kimeu\Downloads\starlink_pathB_wsl_package_v0_3_clean\starlink_pathB\paper_final_experiment_check\outputs\random1200_null_random1200_seed3\4_196_lst053_typical_full_polybeam_khz_comb_S1000_single.npz,9.10175923472585,9444.443085672718,1.7798436919007438e-05,140609741.2109375,False,False,False,False,False,False,False,False,False,False,False,False
4_196,190.65540049004915,long,typical,53,2461041.8680555555,2461041.8748785085,full_polybeam,khz_comb,1000.0,multi,coherent_ab,3,3,3,55519;44605;55345,88.766;85.722;73.439,0.1665616599462365,1.04736401041449e-07,0.3041325609933296,1,3,3,3,0.0023396773596836,0.3041325609933296,0.0023396773596836,0.4996640359057469,1.04736401041449e-07,2903790.4488714524,49.896370841171986,26.436278420910128,0.1032758648175973,False,20268801,100,-0.3054663797186671,1.052964670752763,0.6237623762376238,0.2376237623762376,385.5666707171513,70877.31771862318,414.4423628675868,585.8405103674512,597.6948378800606,68034.97521123632,76503.35381408397,77442.25492133902,63.7595127388397,2.678842005582021,1.7387856965273958,70877.31771862318,17400.240253301094,4081507.6017729165,0.01736547487693901,1261,0.059490460698200555,-1.445965571882522,1.4440828042107998,-4095.9999999999995,4090.666666666666,C:\Users\kimeu\Downloads\starlink_pathB_wsl_package_v0_3_clean\starlink_pathB\paper_final_experiment_check\outputs\random1200_null_random1200_seed3\4_196_lst053_typical_full_polybeam_khz_comb_S1000_multi.npz,9.10175923472585,9444.443085672718,1.7798436919007438e-05,140609741.2109375,False,False,False,False,False,False,False,False,False,False,False,False
4_196,190.65540049004915,long,stress,0,2461041.5,2461041.506822953,frozen_polybeam,smooth,30.0,single,coherent_ab,4,2,1,46696,76.053,0.2652994791666667,0.0001677236185346,0.5502745938468236,1,4,4,4,0.3308758856684498,0.5502745938468236,0.3308758856684498,0.7280464634021924,0.0001677236185346,3280.8414143128903,0.007495598740780315,0.007495598740780315,8.634802371563213e-05,False,20268765,100,-0.3327071927757502,0.8284187775784696,0.7227722772277227,0.06930693069306931,0.2795861297236115,62.625968802695446,0.28923807256433065,0.34671538569518817,0.35295550237785395,62.37083667763482,62.631712426156646,62.74714136621747,0.019567194212868344,0.9103010100534612,0.8236078868534713,62.625968802695446,-2.667326261166041,7539724.135843243,8.306135300756777e-06,1261,0.059490460698200555,-1.445965571882522,1.4440828042107998,-4095.9999999999995,4090.666666666666,C:\Users\kimeu\Downloads\starlink_pathB_wsl_package_v0_3_clean\starlink_pathB\paper_final_experiment_check\outputs\random1200_null_random1200_seed3\4_196_lst000_stress_frozen_polybeam_smooth_S30_single.npz,9.10175923472585,9444.443085672718,1.7798436919007438e-05,140609741.2109375,False,False,False,False,False,False,False,False,False,False,False,False
4_196,190.65540049004915,long,stress,0,2461041.5,2461041.506822953,frozen_polybeam,smooth,30.0,multi,coherent_ab,4,2,2,46696;48481,76.053;75.131,0.2652994791666667,0.0001677236185346,0.5502745938468236,1,4,4,4,0.3308758856684498,0.5502745938468236,0.3308758856684498,0.7280464634021924,0.0001677236185346,3280.8414143128903,0.030874360007629564,0.02337876126684925,0.0002550938069705636,False,20268782,100,1.4501124980547775,1.4702452684661698,0.13861386138613863,0.0891089108910891,0.5942449839385517,142.6538841447169,0.5043037692460075,0.6365979220036024,0.6474464118489779,137.60944734148924,143.05396622038117,144.15000130913177,0.04183435305026251,2.1792092242892833,1.285399142817837,142.6538841447169,9.627674986371566,7539724.135843243,1.8920305514435438e-05,1261,0.059490460698200555,-1.445965571882522,1.4440828042107998,-4095.9999999999995,4090.666666666666,C:\Users\kimeu\Downloads\starlink_pathB_wsl_package_v0_3_clean\starlink_pathB\paper_final_experiment_check\outputs\random1200_null_random1200_seed3\4_196_lst000_stress_frozen_polybeam_smooth_S30_multi.npz,9.10175923472585,9444.443085672718,1.7798436919007438e-05,140609741.2109375,False,False,False,False,False,False,False,False,False,False,False,False
4_196,190.65540049004915,long,stress,0,2461041.5,2461041.506822953,frozen_polybeam,smooth,1000.0,single,coherent_ab,4,2,1,46696,76.053,0.2652994791666667,0.0001677236185346,0.5502745938468236,1,4,4,4,0.3308758856684498,0.5502745938468236,0.3308758856684498,0.7280464634021924,0.0001677236185346,3280.8414143128903,0.24985329135934387,0.24985329135934387,0.002878267457187738,False,20268799,100,-0.5710302011461,0.8604497905708774,0.6633663366336634,0.06930693069306931,9.31652074302474,2087.516753631244,9.9102988502691,11.499501527741677,11.745931089669147,2078.981167152211,2087.8670350034386,2090.5593598584,0.7013601832477434,1.076803043315177,0.9711345344406818,2087.516753631244,-89.74469584702213,7539724.135843243,0.0002768691156361221,1261,0.059490460698200555,-1.445965571882522,1.4440828042107998,-4095.9999999999995,4090.666666666666,C:\Users\kimeu\Downloads\starlink_pathB_wsl_package_v0_3_clean\starlink_pathB\paper_final_experiment_check\outputs\random1200_null_random1200_seed3\4_196_lst000_stress_frozen_polybeam_smooth_S1000_single.npz,9.10175923472585,9444.443085672718,1.7798436919007438e-05,140609741.2109375,False,False,False,False,False,False,False,False,False,False,False,False
4_196,190.65540049004915,long,stress,0,2461041.5,2461041.506822953,frozen_polybeam,smooth,1000.0,multi,coherent_ab,4,2,2,46696;48481,76.053;75.131,0.2652994791666667,0.0001677236185346,0.5502745938468236,1,4,4,4,0.3308758856684498,0.5502745938468236,0.3308758856684498,0.7280464634021924,0.0001677236185346,3280.8414143128903,1.0291453335876524,0.7792920422283084,0.008503126899018785,False,20268816,100,1.3574284920945523,1.1774235013540504,0.13861386138613863,0.07920792079207921,19.812085499543173,4754.989646979218,17.332821038302654,21.233712494573933,22.878844537637598,4588.155444476504,4760.1851876334795,4779.352556585082,1.2319182772015722,2.355392086532198,1.7214717688819228,4754.989646979218,319.4119708004342,7539724.135843243,0.0006306583054377785,1261,0.059490460698200555,-1.445965571882522,1.4440828042107998,-4095.9999999999995,4090.666666666666,C:\Users\kimeu\Downloads\starlink_pathB_wsl_package_v0_3_clean\starlink_pathB\paper_final_experiment_check\outputs\random1200_null_random1200_seed3\4_196_lst000_stress_frozen_polybeam_smooth_S1000_multi.npz,9.10175923472585,9444.443085672718,1.7798436919007438e-05,140609741.2109375,False,False,False,False,False,False,False,False,False,False,False,False
4_196,190.65540049004915,long,stress,0,2461041.5,2461041.506822953,frozen_polybeam,lines,30.0,single,coherent_ab,4,2,1,46696,76.053,0.2652994791666667,0.0001677236185346,0.5502745938468236,1,4,4,4,0.3308758856684498,0.5502745938468236,0.3308758856684498,0.7280464634021924,0.0001677236185346,3280.8414143128903,0.007494547599873724,0.007494547599873724,8.647015816079516e-05,False,20268833,100,-0.39140548380351875,0.7000891803491187,0.5841584158415841,0.09900990099009901,0.2803331285904278,62.809329597589,0.29490158556473034,0.3533180277308475,0.3562690771962025,62.52708530577114,62.88514874870168,62.96511971161691,0.025105140361119993,0.9951473097252294,0.9603631570366581,62.809329597589,-2.748748178282599,7539724.135843243,8.330454598331853e-06,1261,0.059490460698200555,-1.445965571882522,1.4440828042107998,-4095.9999999999995,4090.666666666666,C:\Users\kimeu\Downloads\starlink_pathB_wsl_package_v0_3_clean\starlink_pathB\paper_final_experiment_check\outputs\random1200_null_random1200_seed3\4_196_lst000_stress_frozen_polybeam_lines_S30_single.npz,9.10175923472585,9444.443085672718,1.7798436919007438e-05,140609741.2109375,False,False,False,False,False,False,False,False,False,False,False,False
4_196,190.65540049004915,long,stress,0,2461041.5,2461041.506822953,frozen_polybeam,lines,30.0,multi,coherent_ab,4,2,2,46696;48481,76.053;75.131,0.2652994791666667,0.0001677236185346,0.5502745938468236,1,4,4,4,0.3308758856684498,0.5502745938468236,0.3308758856684498,0.7280464634021924,0.0001677236185346,3280.8414143128903,0.030872951096030714,0.02337840349615699,0.00025540168177081823,False,20268850,100,1.5001798084878253,1.081542692434031,0.16831683168316833,0.07920792079207921,0.6019727425154997,142.46343528549198,0.5236123459114879,0.6335975369333482,0.6691689121312812,138.02951696329413,143.34255535703372,144.31987788145707,0.035231352348091605,1.5243825722649933,1.1984209785017739,142.46343528549198,9.81473813822447,7539724.135843243,1.889504612088289e-05,1261,0.059490460698200555,-1.445965571882522,1.4440828042107998,-4095.9999999999995,4090.666666666666,C:\Users\kimeu\Downloads\starlink_pathB_wsl_package_v0_3_clean\starlink_pathB\paper_final_experiment_check\outputs\random1200_null_random1200_seed3\4_196_lst000_stress_frozen_polybeam_lines_S30_multi.npz,9.10175923472585,9444.443085672718,1.7798436919007438e-05,140609741.2109375,False,False,False,False,False,False,False,False,False,False,False,False
4_196,190.65540049004915,long,stress,0,2461041.5,2461041.506822953,frozen_polybeam,lines,1000.0,single,coherent_ab,4,2,1,46696,76.053,0.2652994791666667,0.0001677236185346,0.5502745938468236,1,4,4,4,0.3308758856684498,0.5502745938468236,0.3308758856684498,0.7280464634021924,0.0001677236185346,3280.8414143128903,0.2498182533291242,0.2498182533291242,0.0028823386053598386,False,20268867,100,-0.01034504811577491,0.9918131908967673,0.5346534653465347,0.06930693069306931,9.341445577425475,2093.6258307222643,9.354743611384094,11.461596219588728,11.834744603571062,2084.0563953507417,2095.154599696733,2098.9619912713824,0.8670236159286446,0.9690910040273536,0.8863273613588373,2093.6258307222643,-92.46196636883766,7539724.135843243,0.00027767936770648345,1261,0.059490460698200555,-1.445965571882522,1.4440828042107998,-4095.9999999999995,4090.666666666666,C:\Users\kimeu\Downloads\starlink_pathB_wsl_package_v0_3_clean\starlink_pathB\paper_final_experiment_check\outputs\random1200_null_random1200_seed3\4_196_lst000_stress_frozen_polybeam_lines_S1000_single.npz,9.10175923472585,9444.443085672718,1.7798436919007438e-05,140609741.2109375,False,False,False,False,False,False,False,False,False,False,False,False
4_196,190.65540049004915,long,stress,0,2461041.5,2461041.506822953,frozen_polybeam,lines,1000.0,multi,coherent_ab,4,2,2,46696;48481,76.053;75.131,0.2652994791666667,0.0001677236185346,0.5502745938468236,1,4,4,4,0.3308758856684498,0.5502745938468236,0.3308758856684498,0.7280464634021924,0.0001677236185346,3280.8414143128903,1.0290983698676905,0.7792801165385664,0.008513389392360605,False,20268884,100,2.175942045145216,1.026637145806167,0.1188118811881188,0.06930693069306931,20.06978363053713,4748.6788790414275,16.91093804014031,20.55427456683028,21.609952523121144,4621.316246823044,4749.833795352304,4770.194816984353,0.9791676970853587,2.0447585687290895,1.4566459286843367,4748.6788790414275,325.64871011623495,7539724.135843243,0.0006298213029395319,1261,0.059490460698200555,-1.445965571882522,1.4440828042107998,-4095.9999999999995,4090.666666666666,C:\Users\kimeu\Downloads\starlink_pathB_wsl_package_v0_3_clean\starlink_pathB\paper_final_experiment_check\outputs\random1200_null_random1200_seed3\4_196_lst000_stress_frozen_polybeam_lines_S1000_multi.npz,9.10175923472585,9444.443085672718,1.7798436919007438e-05,140609741.2109375,True,False,False,False,False,False,False,False,False,False,False,False
4_196,190.65540049004915,long,stress,0,2461041.5,2461041.506822953,frozen_polybeam,khz_comb,30.0,single,coherent_ab,4,2,1,46696,76.053,0.2652994791666667,0.0001677236185346,0.5502745938468236,1,4,4,4,0.3308758856684498,0.5502745938468236,0.3308758856684498,0.7280464634021924,0.0001677236185346,3280.8414143128903,0.007220286484589342,0.007220286484589342,7.785020048062956e-05,False,20268901,100,0.34558747251274846,0.8035842208750356,0.3564356435643564,0.1188118811881188,0.2581944923986157,55.884957291523385,0.24941984264478378,0.28464701877765036,0.28606181143660253,55.21304470712169,55.97209052512352,56.08723304085182,0.01712567916183616,1.1040425657032062,1.0332159420182159,55.884957291523385,-1.2595907479204391,7539724.135843243,7.412069232858372e-06,1261,0.059490460698200555,-1.445965571882522,1.4440828042107998,-4095.9999999999995,4090.666666666666,C:\Users\kimeu\Downloads\starlink_pathB_wsl_package_v0_3_clean\starlink_pathB\paper_final_experiment_check\outputs\random1200_null_random1200_seed3\4_196_lst000_stress_frozen_polybeam_khz_comb_S30_single.npz,9.10175923472585,9444.443085672718,1.7798436919007438e-05,140609741.2109375,False,False,False,False,False,False,False,False,False,False,False,False
4_196,190.65540049004915,long,stress,0,2461041.5,2461041.506822953,frozen_polybeam,khz_comb,30.0,multi,coherent_ab,4,2,2,46696;48481,76.053;75.131,0.2652994791666667,0.0001677236185346,0.5502745938468236,1,4,4,4,0.3308758856684498,0.5502745938468236,0.3308758856684498,0.7280464634021924,0.0001677236185346,3280.8414143128903,0.02646020524111998,0.01923991875653064,0.00022932036649481207,False,20268918,100,1.7527968088200252,1.3650239101719421,0.06930693069306931,0.07920792079207921,0.5228571500410908,126.77135343213818,0.44706193465094657,0.5281327697208781,0.5712894330603059,122.54562990606796,127.63000479872079,128.222015696609,0.029166627949081203,2.294100297919963,1.4210508623305749,126.77135343213818,10.984289505957694,7539724.135843243,1.6813792009906216e-05,1261,0.059490460698200555,-1.445965571882522,1.4440828042107998,-4095.9999999999995,4090.666666666666,C:\Users\kimeu\Downloads\starlink_pathB_wsl_package_v0_3_clean\starlink_pathB\paper_final_experiment_check\outputs\random1200_null_random1200_seed3\4_196_lst000_stress_frozen_polybeam_khz_comb_S30_multi.npz,9.10175923472585,9444.443085672718,1.7798436919007438e-05,140609741.2109375,False,False,False,False,False,False,False,False,False,False,False,False
4_196,190.65540049004915,long,stress,0,2461041.5,2461041.506822953,frozen_polybeam,khz_comb,1000.0,single,coherent_ab,4,2,1,46696,76.053,0.2652994791666667,0.0001677236185346,0.5502745938468236,1,4,4,4,0.3308758856684498,0.5502745938468236,0.3308758856684498,0.7280464634021924,0.0001677236185346,3280.8414143128903,0.24067621615297805,0.24067621615297805,0.0025950066826876525,False,20268935,100,0.3708846540532313,1.133959143367187,0.26732673267326734,0.12871287128712872,8.603750966311054,1862.799782074143,8.334993407922326,9.429578754055546,9.533455120241497,1834.2612925548024,1868.9495354605565,1869.6491689270983,0.4887624432330142,1.4013869670234451,1.244875069560931,1862.799782074143,-42.69798065025236,7539724.135843243,0.00024706471331206167,1261,0.059490460698200555,-1.445965571882522,1.4440828042107998,-4095.9999999999995,4090.666666666666,C:\Users\kimeu\Downloads\starlink_pathB_wsl_package_v0_3_clean\starlink_pathB\paper_final_experiment_check\outputs\random1200_null_random1200_seed3\4_196_lst000_stress_frozen_polybeam_khz_comb_S1000_single.npz,9.10175923472585,9444.443085672718,1.7798436919007438e-05,140609741.2109375,False,False,False,False,False,False,False,False,False,False,False,False
4_196,190.65540049004915,long,stress,0,2461041.5,2461041.506822953,frozen_polybeam,khz_comb,1000.0,multi,coherent_ab,4,2,2,46696;48481,76.053;75.131,0.2652994791666667,0.0001677236185346,0.5502745938468236,1,4,4,4,0.3308758856684498,0.5502745938468236,0.3308758856684498,0.7280464634021924,0.0001677236185346,3280.8414143128903,0.8820068413706661,0.641330625217688,0.007644012216493734,False,20268952,100,2.4764953016748232,1.2244833815182246,0.04950495049504951,0.12871287128712872,17.43111538939047,4225.675248376173,14.790630663231923,17.174662057068964,18.007928160219713,4101.29267635808,4245.030374863453,4281.440502013145,0.7191544224326094,1.8322024096817247,1.3585012327534285,4225.675248376173,366.3769078391465,7539724.135843243,0.000560454888301238,1261,0.059490460698200555,-1.445965571882522,1.4440828042107998,-4095.9999999999995,4090.666666666666,C:\Users\kimeu\Downloads\starlink_pathB_wsl_package_v0_3_clean\starlink_pathB\paper_final_experiment_check\outputs\random1200_null_random1200_seed3\4_196_lst000_stress_frozen_polybeam_khz_comb_S1000_multi.npz,9.10175923472585,9444.443085672718,1.7798436919007438e-05,140609741.2109375,True,False,True,False,False,False,False,False,False,False,False,False
4_196,190.65540049004915,long,stress,0,2461041.5,2461041.506822953,full_polybeam,smooth,30.0,single,coherent_ab,4,2,1,46696,76.053,0.2652994791666667,0.0001677236185346,0.5502745938468236,1,4,4,4,0.3308758856684498,0.5502745938468236,0.3308758856684498,0.7280464634021924,0.0001677236185346,3280.8414143128903,0.06234321984103022,0.06234321984103022,0.00013625404034226296,False,20268969,100,-1.9669066426075392,-0.2013113207760955,1.0,0.6138613861386139,1.8840601466454245,311.4024410517285,2.145976908464945,2.556560286432796,2.591932064215689,311.69277424006236,314.3082816476765,314.47211917575316,0.08981638059094621,0.9041505366873588,0.87110798472774,311.4024410517285,-1.405655895182342,7539724.135843243,4.1301569585463515e-05,1261,0.059490460698200555,-1.445965571882522,1.4440828042107998,-4095.9999999999995,4090.666666666666,C:\Users\kimeu\Downloads\starlink_pathB_wsl_package_v0_3_clean\starlink_pathB\paper_final_experiment_check\outputs\random1200_null_random1200_seed3\4_196_lst000_stress_full_polybeam_smooth_S30_single.npz,9.10175923472585,9444.443085672718,1.7798436919007438e-05,140609741.2109375,False,False,False,False,False,False,False,False,False,False,False,False
4_196,190.65540049004915,long,stress,0,2461041.5,2461041.506822953,full_polybeam,smooth,30.0,multi,coherent_ab,4,2,2,46696;48481,76.053;75.131,0.2652994791666667,0.0001677236185346,0.5502745938468236,1,4,4,4,0.3308758856684498,0.5502745938468236,0.3308758856684498,0.7280464634021924,0.0001677236185346,3280.8414143128903,0.20650041866064156,0.14415719881961134,0.0005565403509754672,False,20268986,100,1.3826489218489866,-1.392091216295082,0.10891089108910891,0.9306930693069307,3.240547640127261,608.861665139622,2.7658223670659936,3.313151166935768,3.610269296528313,627.4105759893785,659.6150794119739,663.2316772050048,0.23158287321530224,1.7091158193595115,1.1920173231365119,608.861665139622,60.399239424643,7539724.135843243,8.075383849193401e-05,1261,0.059490460698200555,-1.445965571882522,1.4440828042107998,-4095.9999999999995,4090.666666666666,C:\Users\kimeu\Downloads\starlink_pathB_wsl_package_v0_3_clean\starlink_pathB\paper_final_experiment_check\outputs\random1200_null_random1200_seed3\4_196_lst000_stress_full_polybeam_smooth_S30_multi.npz,9.10175923472585,9444.443085672718,1.7798436919007438e-05,140609741.2109375,False,False,False,False,False,False,False,False,False,False,False,False
4_196,190.65540049004915,long,stress,0,2461041.5,2461041.506822953,full_polybeam,smooth,1000.0,single,coherent_ab,4,2,1,46696,76.053,0.2652994791666667,0.0001677236185346,0.5502745938468236,1,4,4,4,0.3308758856684498,0.5502745938468236,0.3308758856684498,0.7280464634021924,0.0001677236185346,3280.8414143128903,2.0781073280343403,2.0781073280343403,0.004541801344742099,False,20269003,100,-2.470810170545466,-0.4879222028292162,1.0,0.6831683168316832,63.01194776216653,10378.390779115234,71.04831961052923,85.85656667502117,86.6528724366529,10405.910990640745,10485.425702778655,10489.60722052828,2.1937980570323816,1.6705055769274597,1.507807029416334,10378.390779115234,-16.64479490961557,7539724.135843243,0.001376494761894165,1261,0.059490460698200555,-1.445965571882522,1.4440828042107998,-4095.9999999999995,4090.666666666666,C:\Users\kimeu\Downloads\starlink_pathB_wsl_package_v0_3_clean\starlink_pathB\paper_final_experiment_check\outputs\random1200_null_random1200_seed3\4_196_lst000_stress_full_polybeam_smooth_S1000_single.npz,9.10175923472585,9444.443085672718,1.7798436919007438e-05,140609741.2109375,False,False,False,False,False,False,False,False,False,False,False,False
4_196,190.65540049004915,long,stress,0,2461041.5,2461041.506822953,full_polybeam,smooth,1000.0,multi,coherent_ab,4,2,2,46696;48481,76.053;75.131,0.2652994791666667,0.0001677236185346,0.5502745938468236,1,4,4,4,0.3308758856684498,0.5502745938468236,0.3308758856684498,0.7280464634021924,0.0001677236185346,3280.8414143128903,6.883347288688053,4.805239960653712,0.01855134503251557,False,20269020,100,1.5568449421496917,-1.161200138352071,0.06930693069306931,0.9603960396039604,108.23525819177121,20296.37037237751,90.66587975017865,108.49107808666422,117.85845349686544,21006.661720334363,21896.276888643297,22013.425304765842,7.611794269144411,2.1258648996627008,1.3526999561437714,20296.37037237751,2080.6711466025654,7539724.135843243,0.002691924798135544,1261,0.059490460698200555,-1.445965571882522,1.4440828042107998,-4095.9999999999995,4090.666666666666,C:\Users\kimeu\Downloads\starlink_pathB_wsl_package_v0_3_clean\starlink_pathB\paper_final_experiment_check\outputs\random1200_null_random1200_seed3\4_196_lst000_stress_full_polybeam_smooth_S1000_multi.npz,9.10175923472585,9444.443085672718,1.7798436919007438e-05,140609741.2109375,False,False,False,False,False,False,False,False,False,False,False,False
4_196,190.65540049004915,long,stress,0,2461041.5,2461041.506822953,full_polybeam,lines,30.0,single,coherent_ab,4,2,1,46696,76.053,0.2652994791666667,0.0001677236185346,0.5502745938468236,1,4,4,4,0.3308758856684498,0.5502745938468236,0.3308758856684498,0.7280464634021924,0.0001677236185346,3280.8414143128903,0.06233946686895255,0.06233946686895255,0.000136441469230357,False,20269037,100,-1.7508928945435176,-0.37519448802239214,0.9900990099009901,0.6336633663366337,1.8720224421667808,311.176679321425,2.1068234408248827,2.5648252307681103,2.604282832484696,311.92851375052624,314.5645795428778,314.75809583894335,0.0904516229429646,0.9670577590150798,0.9242298593017367,311.176679321425,-1.6659952306288472,7539724.135843243,4.127162661590178e-05,1261,0.059490460698200555,-1.445965571882522,1.4440828042107998,-4095.9999999999995,4090.666666666666,C:\Users\kimeu\Downloads\starlink_pathB_wsl_package_v0_3_clean\starlink_pathB\paper_final_experiment_check\outputs\random1200_null_random1200_seed3\4_196_lst000_stress_full_polybeam_lines_S30_single.npz,9.10175923472585,9444.443085672718,1.7798436919007438e-05,140609741.2109375,False,False,False,False,False,False,False,False,False,False,False,False
4_196,190.65540049004915,long,stress,0,2461041.5,2461041.506822953,full_polybeam,lines,30.0,multi,coherent_ab,4,2,2,46696;48481,76.053;75.131,0.2652994791666667,0.0001677236185346,0.5502745938468236,1,4,4,4,0.3308758856684498,0.5502745938468236,0.3308758856684498,0.7280464634021924,0.0001677236185346,3280.8414143128903,0.20648665292952323,0.14414718606057067,0.0005570573246353819,False,20269054,100,1.523476592664199,-1.5303790290564219,0.0594059405940594,0.9702970297029703,3.2241998479075846,608.7063320658215,2.6970579943645134,3.216809895062397,3.3303648802532915,630.5131242481028,663.581603753504,667.3343064536931,0.23338219363540702,1.8458700378885606,1.3372007511005848,608.7063320658215,60.61824994710088,7539724.135843243,8.073323653475336e-05,1261,0.059490460698200555,-1.445965571882522,1.4440828042107998,-4095.9999999999995,4090.666666666666,C:\Users\kimeu\Downloads\starlink_pathB_wsl_package_v0_3_clean\starlink_pathB\paper_final_experiment_check\outputs\random1200_null_random1200_seed3\4_196_lst000_stress_full_polybeam_lines_S30_multi.npz,9.10175923472585,9444.443085672718,1.7798436919007438e-05,140609741.2109375,False,False,False,False,False,False,False,False,False,False,False,False
4_196,190.65540049004915,long,stress,0,2461041.5,2461041.506822953,full_polybeam,lines,1000.0,single,coherent_ab,4,2,1,46696,76.053,0.2652994791666667,0.0001677236185346,0.5502745938468236,1,4,4,4,0.3308758856684498,0.5502745938468236,0.3308758856684498,0.7280464634021924,0.0001677236185346,3280.8414143128903,2.0779822289650847,2.0779822289650847,0.004548048974345234,False,20269071,100,-1.606359501617837,-0.3010984402473154,1.0,0.5643564356435643,62.60589627788613,10371.07960660625,71.85417386205881,86.97555071838869,87.25650014114373,10390.25197216339,10479.008832382879,10497.068544486989,3.883238942040407,1.0130182008136093,0.882984209120965,10371.07960660625,-25.38280176780095,7539724.135843243,0.0013755250748900705,1261,0.059490460698200555,-1.445965571882522,1.4440828042107998,-4095.9999999999995,4090.666666666666,C:\Users\kimeu\Downloads\starlink_pathB_wsl_package_v0_3_clean\starlink_pathB\paper_final_experiment_check\outputs\random1200_null_random1200_seed3\4_196_lst000_stress_full_polybeam_lines_S1000_single.npz,9.10175923472585,9444.443085672718,1.7798436919007438e-05,140609741.2109375,False,False,False,False,False,False,False,False,False,False,False,False
4_196,190.65540049004915,long,stress,0,2461041.5,2461041.506822953,full_polybeam,lines,1000.0,multi,coherent_ab,4,2,2,46696;48481,76.053;75.131,0.2652994791666667,0.0001677236185346,0.5502745938468236,1,4,4,4,0.3308758856684498,0.5502745938468236,0.3308758856684498,0.7280464634021924,0.0001677236185346,3280.8414143128903,6.882888430984108,4.804906202019024,0.018568577487846058,False,20269088,100,1.0991260544022001,-1.0187210790277546,0.0891089108910891,0.9108910891089109,107.69361843942897,20291.396076506397,92.27281921698386,111.04586534936816,112.97780535867687,20977.047901593865,21901.152811828968,22133.838623326417,9.463142591902397,2.240177165394367,1.4230312936594185,20291.396076506397,2087.871941782399,7539724.135843243,0.0026912650530597966,1261,0.059490460698200555,-1.445965571882522,1.4440828042107998,-4095.9999999999995,4090.666666666666,C:\Users\kimeu\Downloads\starlink_pathB_wsl_package_v0_3_clean\starlink_pathB\paper_final_experiment_check\outputs\random1200_null_random1200_seed3\4_196_lst000_stress_full_polybeam_lines_S1000_multi.npz,9.10175923472585,9444.443085672718,1.7798436919007438e-05,140609741.2109375,False,False,False,False,False,False,False,False,False,False,False,False
4_196,190.65540049004915,long,stress,0,2461041.5,2461041.506822953,full_polybeam,khz_comb,30.0,single,coherent_ab,4,2,1,46696,76.053,0.2652994791666667,0.0001677236185346,0.5502745938468236,1,4,4,4,0.3308758856684498,0.5502745938468236,0.3308758856684498,0.7280464634021924,0.0001677236185346,3280.8414143128903,0.05130402844151623,0.05130402844151623,0.0001185934207594204,False,20269105,100,-1.6901312162649504,0.23095605389430648,0.9900990099009901,0.48514851485148514,1.542086825476872,257.62631299984645,1.7359404847115911,2.0858119471088683,2.1450488851721823,257.3500807681347,259.79323065817624,259.88705850925066,0.07736233766127043,0.8413807263217228,0.793970579792045,257.62631299984645,-0.10592591173487964,7539724.135843243,3.416919616131731e-05,1261,0.059490460698200555,-1.445965571882522,1.4440828042107998,-4095.9999999999995,4090.666666666666,C:\Users\kimeu\Downloads\starlink_pathB_wsl_package_v0_3_clean\starlink_pathB\paper_final_experiment_check\outputs\random1200_null_random1200_seed3\4_196_lst000_stress_full_polybeam_khz_comb_S30_single.npz,9.10175923472585,9444.443085672718,1.7798436919007438e-05,140609741.2109375,False,False,False,False,False,False,False,False,False,False,False,False
4_196,190.65540049004915,long,stress,0,2461041.5,2461041.506822953,full_polybeam,khz_comb,30.0,multi,coherent_ab,4,2,2,46696;48481,76.053;75.131,0.2652994791666667,0.0001677236185346,0.5502745938468236,1,4,4,4,0.3308758856684498,0.5502745938468236,0.3308758856684498,0.7280464634021924,0.0001677236185346,3280.8414143128903,0.16993403451715705,0.11863000607564081,0.0004760433071309548,False,20269122,100,1.4619227447512873,-0.9943058567434203,0.0594059405940594,0.8910891089108911,2.6478245888520178,503.74277692933697,2.2375650764215607,2.639777853393889,2.716930700388675,518.0482220347469,541.5561140077804,544.487276542305,0.1892824029964686,1.8477470137985008,1.1685404167967204,503.74277692933697,52.57285898798574,7539724.135843243,6.681183128897041e-05,1261,0.059490460698200555,-1.445965571882522,1.4440828042107998,-4095.9999999999995,4090.666666666666,C:\Users\kimeu\Downloads\starlink_pathB_wsl_package_v0_3_clean\starlink_pathB\paper_final_experiment_check\outputs\random1200_null_random1200_seed3\4_196_lst000_stress_full_polybeam_khz_comb_S30_multi.npz,9.10175923472585,9444.443085672718,1.7798436919007438e-05,140609741.2109375,False,False,False,False,False,False,False,False,False,False,False,False
4_196,190.65540049004915,long,stress,0,2461041.5,2461041.506822953,full_polybeam,khz_comb,1000.0,single,coherent_ab,4,2,1,46696,76.053,0.2652994791666667,0.0001677236185346,0.5502745938468236,1,4,4,4,0.3308758856684498,0.5502745938468236,0.3308758856684498,0.7280464634021924,0.0001677236185346,3280.8414143128903,1.7101342813838742,1.7101342813838742,0.003953114025314014,False,20269139,100,-1.5013421507546643,1.0099458236985859,0.9900990099009901,0.32673267326732675,51.541881281937094,8586.436031301058,58.44849838322989,71.49951502610938,71.769237451721,8565.977967219667,8654.354049216885,8660.965416479461,3.102856608484217,1.1456645696333971,1.0678997104429906,8586.436031301058,16.76021102942548,7539724.135843243,0.0011388262854978778,1261,0.059490460698200555,-1.445965571882522,1.4440828042107998,-4095.9999999999995,4090.666666666666,C:\Users\kimeu\Downloads\starlink_pathB_wsl_package_v0_3_clean\starlink_pathB\paper_final_experiment_check\outputs\random1200_null_random1200_seed3\4_196_lst000_stress_full_polybeam_khz_comb_S1000_single.npz,9.10175923472585,9444.443085672718,1.7798436919007438e-05,140609741.2109375,False,False,False,False,False,False,False,False,False,False,False,False
4_196,190.65540049004915,long,stress,0,2461041.5,2461041.506822953,full_polybeam,khz_comb,1000.0,multi,coherent_ab,4,2,2,46696;48481,76.053;75.131,0.2652994791666667,0.0001677236185346,0.5502745938468236,1,4,4,4,0.3308758856684498,0.5502745938468236,0.3308758856684498,0.7280464634021924,0.0001677236185346,3280.8414143128903,5.664467817238568,3.9543335358546936,0.01586811023769849,False,20269156,100,1.1843773185654825,-1.1984938815076898,0.039603960396039604,0.8910891089108911,88.404305516784,16792.04935006802,75.13037035141315,88.08889277273788,89.60461589282747,17367.551840550834,18037.441395520396,18234.199791886345,7.5593702028827465,1.87309016392698,1.250566392250756,16792.04935006802,1799.228073868749,7539724.135843243,0.002227143731988809,1261,0.059490460698200555,-1.445965571882522,1.4440828042107998,-4095.9999999999995,4090.666666666666,C:\Users\kimeu\Downloads\starlink_pathB_wsl_package_v0_3_clean\starlink_pathB\paper_final_experiment_check\outputs\random1200_null_random1200_seed3\4_196_lst000_stress_full_polybeam_khz_comb_S1000_multi.npz,9.10175923472585,9444.443085672718,1.7798436919007438e-05,140609741.2109375,False,False,True,False,False,False,False,False,False,False,False,False
4_76,93.9206796714852,mid,quiet,17,2461041.6180555555,2461041.624878509,frozen_polybeam,smooth,30.0,single,coherent_ab,2,4,1,47854,83.414,0.1657111055107527,7.747507627984598e-08,0.0684687078802128,0,2,2,2,0.0,0.0684687078802128,0.0,0.2805166207424566,7.747507627984598e-08,883751.4097165731,0.6693177620395383,0.6693177620395383,0.0032463496885548363,False,20269190,100,0.18831002419382034,-0.7263135846748607,0.3564356435643564,0.7821782178217822,14.732874972789432,972.4890551325249,13.744696572601242,21.12578909553158,21.603862720204052,1001.5517031050102,1045.6442884183775,1047.759046031585,3.539467442026762,1.197676247614451,1.1107986701042927,972.4890551325249,44.0112991459957,5146801.042040682,0.0001889501939532789,1381,0.029306195829665968,-1.445965571882522,1.4440828042107998,-4095.9999999999995,4090.666666666666,C:\Users\kimeu\Downloads\starlink_pathB_wsl_package_v0_3_clean\starlink_pathB\paper_final_experiment_check\outputs\random1200_null_random1200_seed3\4_76_lst017_quiet_frozen_polybeam_smooth_S30_single.npz,9.10175923472585,9444.443085672718,1.7798436919007438e-05,140609741.2109375,False,False,False,False,False,False,False,False,False,False,False,False
4_76,93.9206796714852,mid,quiet,17,2461041.6180555555,2461041.624878509,frozen_polybeam,smooth,30.0,multi,coherent_ab,2,4,4,47854;47857;58206;59742,83.414;83.372;82.276;76.763,0.1657111055107527,7.747507627984598e-08,0.0684687078802128,0,2,2,2,0.0,0.0684687078802128,0.0,0.2805166207424566,7.747507627984598e-08,883751.4097165731,1.5184627020868235,0.6693177620395383,0.006853922867147795,False,20269207,100,0.08515320665388307,-0.06041895387845403,0.48514851485148514,0.5148514851485149,16.37823172280332,1407.0054108547465,15.988075540066347,30.69753295874543,35.35158475090757,1421.1273511905079,1666.8232973916415,1694.3839553424455,3.0903914291611727,2.003081497074396,1.462096614188027,1407.0054108547465,12.804205920662966,5146801.042040682,0.0002733747427502804,1381,0.029306195829665968,-1.445965571882522,1.4440828042107998,-4095.9999999999995,4090.666666666666,C:\Users\kimeu\Downloads\starlink_pathB_wsl_package_v0_3_clean\starlink_pathB\paper_final_experiment_check\outputs\random1200_null_random1200_seed3\4_76_lst017_quiet_frozen_polybeam_smooth_S30_multi.npz,9.10175923472585,9444.443085672718,1.7798436919007438e-05,140609741.2109375,False,False,False,False,False,False,False,False,False,False,False,False
4_76,93.9206796714852,mid,quiet,17,2461041.6180555555,2461041.624878509,frozen_polybeam,smooth,1000.0,single,coherent_ab,2,4,1,47854,83.414,0.1657111055107527,7.747507627984598e-08,0.0684687078802128,0,2,2,2,0.0,0.0684687078802128,0.0,0.2805166207424566,7.747507627984598e-08,883751.4097165731,22.310592067984608,22.310592067984608,0.10821165628516123,False,20269224,100,0.7740486863864626,-1.6485403405751546,0.19801980198019803,0.8118811881188119,428.84714769199854,39215.47359930043,357.18530941973586,530.1750553198538,539.106609102777,41706.94563415769,43068.515142341486,43140.790707914755,62.44471255082635,0.87800507174615,0.8072005437251767,39215.47359930043,-24809.327479584328,5146801.042040682,0.007619387903083131,1381,0.029306195829665968,-1.445965571882522,1.4440828042107998,-4095.9999999999995,4090.666666666666,C:\Users\kimeu\Downloads\starlink_pathB_wsl_package_v0_3_clean\starlink_pathB\paper_final_experiment_check\outputs\random1200_null_random1200_seed3\4_76_lst017_quiet_frozen_polybeam_smooth_S1000_single.npz,9.10175923472585,9444.443085672718,1.7798436919007438e-05,140609741.2109375,False,False,False,False,False,False,False,False,False,False,False,False
4_76,93.9206796714852,mid,quiet,17,2461041.6180555555,2461041.624878509,frozen_polybeam,smooth,1000.0,multi,coherent_ab,2,4,4,47854;47857;58206;59742,83.414;83.372;82.276;76.763,0.1657111055107527,7.747507627984598e-08,0.0684687078802128,0,2,2,2,0.0,0.0684687078802128,0.0,0.2805166207424566,7.747507627984598e-08,883751.4097165731,50.61542340289411,22.310592067984608,0.22846409557159314,False,20269241,100,0.023565208341135176,0.5882146505926121,0.48514851485148514,0.27722772277227725,340.50709108730734,86979.93949015728,337.71918002998063,925.225727259316,1198.4754959838876,72948.6658388181,93734.8497527753,95807.51586958006,79.79646176635106,2.1457696163138364,1.021246694003549,86979.93949015728,-76087.68008341313,5146801.042040682,0.016899806069766037,1381,0.029306195829665968,-1.445965571882522,1.4440828042107998,-4095.9999999999995,4090.666666666666,C:\Users\kimeu\Downloads\starlink_pathB_wsl_package_v0_3_clean\starlink_pathB\paper_final_experiment_check\outputs\random1200_null_random1200_seed3\4_76_lst017_quiet_frozen_polybeam_smooth_S1000_multi.npz,9.10175923472585,9444.443085672718,1.7798436919007438e-05,140609741.2109375,False,False,False,False,False,False,False,False,False,False,False,False
4_76,93.9206796714852,mid,quiet,17,2461041.6180555555,2461041.624878509,frozen_polybeam,lines,30.0,single,coherent_ab,2,4,1,47854,83.414,0.1657111055107527,7.747507627984598e-08,0.0684687078802128,0,2,2,2,0.0,0.0684687078802128,0.0,0.2805166207424566,7.747507627984598e-08,883751.4097165731,0.6693138671132577,0.6693138671132577,0.0032501314644092037,False,20269258,100,0.08588685680761793,-0.8597993053712564,0.38613861386138615,0.8514851485148515,14.841393789225549,971.5399018724349,14.503690601997732,20.829408239498296,21.28935554523683,1001.7298158925156,1046.1913061270784,1047.70129415285,2.6520667736294854,1.0128031273994287,0.9060680399913298,971.5399018724349,44.46144140610427,5146801.042040682,0.00018876577779801333,1381,0.029306195829665968,-1.445965571882522,1.4440828042107998,-4095.9999999999995,4090.666666666666,C:\Users\kimeu\Downloads\starlink_pathB_wsl_package_v0_3_clean\starlink_pathB\paper_final_experiment_check\outputs\random1200_null_random1200_seed3\4_76_lst017_quiet_frozen_polybeam_lines_S30_single.npz,9.10175923472585,9444.443085672718,1.7798436919007438e-05,140609741.2109375,False,False,False,False,False,False,False,False,False,False,False,False
4_76,93.9206796714852,mid,quiet,17,2461041.6180555555,2461041.624878509,frozen_polybeam,lines,30.0,multi,coherent_ab,2,4,4,47854;47857;58206;59742,83.414;83.372;82.276;76.763,0.1657111055107527,7.747507627984598e-08,0.0684687078802128,0,2,2,2,0.0,0.0684687078802128,0.0,0.2805166207424566,7.747507627984598e-08,883751.4097165731,1.5184520638478967,0.6693138671132577,0.006861901617787182,False,20269275,100,0.00584211763078051,0.05003358587390151,0.49504950495049505,0.48514851485148514,16.51457264745477,1408.8502019202529,16.485901667585495,35.62246655423332,37.747494194994154,1395.1668055680248,1664.0431509562995,1672.903405557322,3.310154332579259,2.190093710155247,1.4391320896613293,1408.8502019202529,13.08114613710518,5146801.042040682,0.00027373317725171874,1381,0.029306195829665968,-1.445965571882522,1.4440828042107998,-4095.9999999999995,4090.666666666666,C:\Users\kimeu\Downloads\starlink_pathB_wsl_package_v0_3_clean\starlink_pathB\paper_final_experiment_check\outputs\random1200_null_random1200_seed3\4_76_lst017_quiet_frozen_polybeam_lines_S30_multi.npz,9.10175923472585,9444.443085672718,1.7798436919007438e-05,140609741.2109375,False,False,False,False,False,False,False,False,False,False,False,False
4_76,93.9206796714852,mid,quiet,17,2461041.6180555555,2461041.624878509,frozen_polybeam,lines,1000.0,single,coherent_ab,2,4,1,47854,83.414,0.1657111055107527,7.747507627984598e-08,0.0684687078802128,0,2,2,2,0.0,0.0684687078802128,0.0,0.2805166207424566,7.747507627984598e-08,883751.4097165731,22.31046223710859,22.31046223710859,0.10833771548030678,False,20269292,100,0.7987377401479668,-1.3754627185499833,0.16831683168316833,0.8514851485148515,431.0457215390088,39210.97946058343,366.7849245524267,505.3847878992743,526.396289686672,41465.13882786287,42967.58466495936,43076.489661916356,54.264762493909075,0.8350110684206276,0.7732281334340086,39210.97946058343,-24796.34356677191,5146801.042040682,0.007618514712400164,1381,0.029306195829665968,-1.445965571882522,1.4440828042107998,-4095.9999999999995,4090.666666666666,C:\Users\kimeu\Downloads\starlink_pathB_wsl_package_v0_3_clean\starlink_pathB\paper_final_experiment_check\outputs\random1200_null_random1200_seed3\4_76_lst017_quiet_frozen_polybeam_lines_S1000_single.npz,9.10175923472585,9444.443085672718,1.7798436919007438e-05,140609741.2109375,False,False,False,False,False,False,False,False,False,False,False,False
4_76,93.9206796714852,mid,quiet,17,2461041.6180555555,2461041.624878509,frozen_polybeam,lines,1000.0,multi,coherent_ab,2,4,4,47854;47857;58206;59742,83.414;83.372;82.276;76.763,0.1657111055107527,7.747507627984598e-08,0.0684687078802128,0,2,2,2,0.0,0.0684687078802128,0.0,0.2805166207424566,7.747507627984598e-08,883751.4097165731,50.61506879492989,22.31046223710859,0.22873005392623938,False,20269309,100,-0.23622042722521375,0.9815916726230414,0.5643564356435643,0.21782178217821782,341.03201567591896,87042.42997683364,370.95582907169955,926.3354844066918,1075.0884846631343,62955.38574798868,91728.86750178649,93605.26534372034,85.44280382878605,2.1814465437306185,1.021806928928237,87042.42997683364,-76087.77471104884,5146801.042040682,0.01691194768669778,1381,0.029306195829665968,-1.445965571882522,1.4440828042107998,-4095.9999999999995,4090.666666666666,C:\Users\kimeu\Downloads\starlink_pathB_wsl_package_v0_3_clean\starlink_pathB\paper_final_experiment_check\outputs\random1200_null_random1200_seed3\4_76_lst017_quiet_frozen_polybeam_lines_S1000_multi.npz,9.10175923472585,9444.443085672718,1.7798436919007438e-05,140609741.2109375,False,False,False,False,False,False,False,False,False,False,False,False
4_76,93.9206796714852,mid,quiet,17,2461041.6180555555,2461041.624878509,frozen_polybeam,khz_comb,30.0,single,coherent_ab,2,4,1,47854,83.414,0.1657111055107527,7.747507627984598e-08,0.0684687078802128,0,2,2,2,0.0,0.0684687078802128,0.0,0.2805166207424566,7.747507627984598e-08,883751.4097165731,0.5508307882527252,0.5508307882527252,0.0029114501909365486,False,20269326,100,0.7519503772786771,-0.8856903206995458,0.22772277227722773,0.9603960396039604,15.377157615210308,911.473065716727,13.487189682007738,19.184342462990024,19.314066976024915,944.1832889436641,985.4798775089598,986.6062876695809,1.6952792965748813,0.8675932590880411,0.821313847965715,911.473065716727,41.30200569675915,5146801.042040682,0.00017709506512327358,1381,0.029306195829665968,-1.445965571882522,1.4440828042107998,-4095.9999999999995,4090.666666666666,C:\Users\kimeu\Downloads\starlink_pathB_wsl_package_v0_3_clean\starlink_pathB\paper_final_experiment_check\outputs\random1200_null_random1200_seed3\4_76_lst017_quiet_frozen_polybeam_khz_comb_S30_single.npz,9.10175923472585,9444.443085672718,1.7798436919007438e-05,140609741.2109375,False,False,False,False,False,False,False,False,False,False,False,False
4_76,93.9206796714852,mid,quiet,17,2461041.6180555555,2461041.624878509,frozen_polybeam,khz_comb,30.0,multi,coherent_ab,2,4,4,47854;47857;58206;59742,83.414;83.372;82.276;76.763,0.1657111055107527,7.747507627984598e-08,0.0684687078802128,0,2,2,2,0.0,0.0684687078802128,0.0,0.2805166207424566,7.747507627984598e-08,883751.4097165731,1.2510791000927157,0.5508307882527252,0.0061373658296933215,False,20269343,100,0.7101159574346123,0.025348632864785017,0.3069306930693069,0.49504950495049505,17.8367764497998,1342.0728512590117,15.235789702494003,26.033271331772994,28.80559246973099,1336.753757774441,1537.576502587036,1554.5176306755743,2.470500075673044,2.4052765746840192,1.6376686773105542,1342.0728512590117,20.36893936101781,5146801.042040682,0.00026075864217336953,1381,0.029306195829665968,-1.445965571882522,1.4440828042107998,-4095.9999999999995,4090.666666666666,C:\Users\kimeu\Downloads\starlink_pathB_wsl_package_v0_3_clean\starlink_pathB\paper_final_experiment_check\outputs\random1200_null_random1200_seed3\4_76_lst017_quiet_frozen_polybeam_khz_comb_S30_multi.npz,9.10175923472585,9444.443085672718,1.7798436919007438e-05,140609741.2109375,False,False,False,False,False,False,False,False,False,False,False,False
4_76,93.9206796714852,mid,quiet,17,2461041.6180555555,2461041.624878509,frozen_polybeam,khz_comb,1000.0,single,coherent_ab,2,4,1,47854,83.414,0.1657111055107527,7.747507627984598e-08,0.0684687078802128,0,2,2,2,0.0,0.0684687078802128,0.0,0.2805166207424566,7.747507627984598e-08,883751.4097165731,18.361026275090843,18.361026275090843,0.09704833969788491,False,20269360,100,0.7108435571732596,-3.935149621303191,0.15841584158415842,0.9207920792079208,434.73779168922556,36587.85747998121,360.84165905450027,482.5935702561699,493.8586122871895,39295.34539970639,40620.63358240322,40767.60454314045,70.11705757224809,1.5010360555655309,1.3818180453926283,36587.85747998121,-23338.08073224545,5146801.042040682,0.007108854059272961,1381,0.029306195829665968,-1.445965571882522,1.4440828042107998,-4095.9999999999995,4090.666666666666,C:\Users\kimeu\Downloads\starlink_pathB_wsl_package_v0_3_clean\starlink_pathB\paper_final_experiment_check\outputs\random1200_null_random1200_seed3\4_76_lst017_quiet_frozen_polybeam_khz_comb_S1000_single.npz,9.10175923472585,9444.443085672718,1.7798436919007438e-05,140609741.2109375,False,False,False,False,False,False,False,False,False,False,False,False
4_76,93.9206796714852,mid,quiet,17,2461041.6180555555,2461041.624878509,frozen_polybeam,khz_comb,1000.0,multi,coherent_ab,2,4,4,47854;47857;58206;59742,83.414;83.372;82.276;76.763,0.1657111055107527,7.747507627984598e-08,0.0684687078802128,0,2,2,2,0.0,0.0684687078802128,0.0,0.2805166207424566,7.747507627984598e-08,883751.4097165731,41.70263666975719,18.361026275090843,0.20457886098977734,False,20269377,100,-0.17378296893187714,0.9927741945645849,0.6039603960396039,0.2079207920792079,332.15659782525836,82310.81098657705,358.4984823910636,852.3941228811192,980.4881740954427,61299.28003792239,87240.59050092456,89722.68995670795,102.23877423684462,2.1303054979520986,0.9842530621583917,82310.81098657705,-72732.51758388199,5146801.042040682,0.01599261566830281,1381,0.029306195829665968,-1.445965571882522,1.4440828042107998,-4095.9999999999995,4090.666666666666,C:\Users\kimeu\Downloads\starlink_pathB_wsl_package_v0_3_clean\starlink_pathB\paper_final_experiment_check\outputs\random1200_null_random1200_seed3\4_76_lst017_quiet_frozen_polybeam_khz_comb_S1000_multi.npz,9.10175923472585,9444.443085672718,1.7798436919007438e-05,140609741.2109375,False,False,False,False,False,False,False,False,False,False,False,False
4_76,93.9206796714852,mid,quiet,17,2461041.6180555555,2461041.624878509,full_polybeam,smooth,30.0,single,coherent_ab,2,4,1,47854,83.414,0.1657111055107527,7.747507627984598e-08,0.0684687078802128,0,2,2,2,0.0,0.0684687078802128,0.0,0.2805166207424566,7.747507627984598e-08,883751.4097165731,1.3732962054686584,1.3732962054686584,0.0056359435340404,False,20269394,100,0.2706073453749049,-0.8614000544587505,0.44554455445544555,0.6732673267326733,19.72424105006212,1570.2029111139468,18.592217068813625,36.41016950241683,36.56859318412389,1604.9848439224043,1632.7922910123366,1633.0711113884274,2.821577935366804,0.9467517039098882,0.8775013363135657,1570.2029111139468,25.696517810003915,5146801.042040682,0.0003050832737244043,1381,0.029306195829665968,-1.445965571882522,1.4440828042107998,-4095.9999999999995,4090.666666666666,C:\Users\kimeu\Downloads\starlink_pathB_wsl_package_v0_3_clean\starlink_pathB\paper_final_experiment_check\outputs\random1200_null_random1200_seed3\4_76_lst017_quiet_full_polybeam_smooth_S30_single.npz,9.10175923472585,9444.443085672718,1.7798436919007438e-05,140609741.2109375,False,False,False,False,False,False,False,False,False,False,False,False
4_76,93.9206796714852,mid,quiet,17,2461041.6180555555,2461041.624878509,full_polybeam,smooth,30.0,multi,coherent_ab,2,4,4,47854;47857;58206;59742,83.414;83.372;82.276;76.763,0.1657111055107527,7.747507627984598e-08,0.0684687078802128,0,2,2,2,0.0,0.0684687078802128,0.0,0.2805166207424566,7.747507627984598e-08,883751.4097165731,3.27725925561702,1.3732962054686584,0.012069444500966838,False,20269411,100,-0.8916852974873262,-0.4430506407846828,0.8316831683168316,0.6138613861386139,20.88835367325737,2239.0430226263506,29.259954803201254,52.73680903464483,64.44160180354513,2525.671539119425,3137.358973668663,3275.9347504127263,6.332466869289419,2.306390100182019,1.2370485968817315,2239.0430226263506,-70.15712386567586,5146801.042040682,0.0004350358609818305,1381,0.029306195829665968,-1.445965571882522,1.4440828042107998,-4095.9999999999995,4090.666666666666,C:\Users\kimeu\Downloads\starlink_pathB_wsl_package_v0_3_clean\starlink_pathB\paper_final_experiment_check\outputs\random1200_null_random1200_seed3\4_76_lst017_quiet_full_polybeam_smooth_S30_multi.npz,9.10175923472585,9444.443085672718,1.7798436919007438e-05,140609741.2109375,False,False,False,False,False,False,False,False,False,False,False,False
4_76,93.9206796714852,mid,quiet,17,2461041.6180555555,2461041.624878509,full_polybeam,smooth,1000.0,single,coherent_ab,2,4,1,47854,83.414,0.1657111055107527,7.747507627984598e-08,0.0684687078802128,0,2,2,2,0.0,0.0684687078802128,0.0,0.2805166207424566,7.747507627984598e-08,883751.4097165731,45.77654018228861,45.77654018228861,0.18786478446801338,False,20269428,100,0.12345543684430521,-2.645351559570643,0.31683168316831684,0.7425742574257426,483.9834199379329,70419.57455670211,465.85899203923873,734.03308894023,739.9819650773181,73586.99917111541,74452.3402356948,74516.29077577853,99.02163445329825,1.168880406477803,1.0530553745922486,70419.57455670211,-49743.53449884693,5146801.042040682,0.013682202591763889,1381,0.029306195829665968,-1.445965571882522,1.4440828042107998,-4095.9999999999995,4090.666666666666,C:\Users\kimeu\Downloads\starlink_pathB_wsl_package_v0_3_clean\starlink_pathB\paper_final_experiment_check\outputs\random1200_null_random1200_seed3\4_76_lst017_quiet_full_polybeam_smooth_S1000_single.npz,9.10175923472585,9444.443085672718,1.7798436919007438e-05,140609741.2109375,False,False,False,False,False,False,False,False,False,False,False,False
4_76,93.9206796714852,mid,quiet,17,2461041.6180555555,2461041.624878509,full_polybeam,smooth,1000.0,multi,coherent_ab,2,4,4,47854;47857;58206;59742,83.414;83.372;82.276;76.763,0.1657111055107527,7.747507627984598e-08,0.0684687078802128,0,2,2,2,0.0,0.0684687078802128,0.0,0.2805166207424566,7.747507627984598e-08,883751.4097165731,109.241975187234,45.77654018228861,0.4023148166988947,False,20269445,100,-0.9098599471672661,0.3181363503025744,0.7920792079207921,0.36633663366336633,396.06798586849254,134438.8861985079,572.2999395872503,1124.9247352362813,1304.373600983266,114198.51879385926,186552.81865276577,189388.62247139605,130.64299036119337,2.1706389816337817,1.1415809135181936,134438.8861985079,-117121.37419600668,5146801.042040682,0.026120863250856018,1381,0.029306195829665968,-1.445965571882522,1.4440828042107998,-4095.9999999999995,4090.666666666666,C:\Users\kimeu\Downloads\starlink_pathB_wsl_package_v0_3_clean\starlink_pathB\paper_final_experiment_check\outputs\random1200_null_random1200_seed3\4_76_lst017_quiet_full_polybeam_smooth_S1000_multi.npz,9.10175923472585,9444.443085672718,1.7798436919007438e-05,140609741.2109375,False,False,False,False,False,False,False,False,False,False,False,False
4_76,93.9206796714852,mid,quiet,17,2461041.6180555555,2461041.624878509,full_polybeam,lines,30.0,single,coherent_ab,2,4,1,47854,83.414,0.1657111055107527,7.747507627984598e-08,0.0684687078802128,0,2,2,2,0.0,0.0684687078802128,0.0,0.2805166207424566,7.747507627984598e-08,883751.4097165731,1.373243454563285,1.373243454563285,0.005641429498565307,False,20269462,100,0.5266718157551885,-1.0243538372560528,0.4158415841584158,0.6534653465346535,19.457831862935564,1570.058514833397,17.40461759887512,35.68655728380945,36.142766943497335,1607.276113571356,1632.3938211162563,1632.5942543626213,2.629481978921831,0.9693972515504055,0.8972249323347816,1570.058514833397,26.06946595476529,5146801.042040682,0.0003050552181847846,1381,0.029306195829665968,-1.445965571882522,1.4440828042107998,-4095.9999999999995,4090.666666666666,C:\Users\kimeu\Downloads\starlink_pathB_wsl_package_v0_3_clean\starlink_pathB\paper_final_experiment_check\outputs\random1200_null_random1200_seed3\4_76_lst017_quiet_full_polybeam_lines_S30_single.npz,9.10175923472585,9444.443085672718,1.7798436919007438e-05,140609741.2109375,False,False,False,False,False,False,False,False,False,False,False,False
4_76,93.9206796714852,mid,quiet,17,2461041.6180555555,2461041.624878509,full_polybeam,lines,30.0,multi,coherent_ab,2,4,4,47854;47857;58206;59742,83.414;83.372;82.276;76.763,0.1657111055107527,7.747507627984598e-08,0.0684687078802128,0,2,2,2,0.0,0.0684687078802128,0.0,0.2805166207424566,7.747507627984598e-08,883751.4097165731,3.277118606790459,1.373243454563285,0.012080981531284046,False,20269479,100,-0.5083209471407419,-0.34623266542108844,0.7227722772277227,0.6039603960396039,21.099440145189874,2240.996330800478,27.2073962435461,54.15352048922176,64.16408131944294,2499.923308716036,3141.2711894082,3169.300820416707,8.104643278627918,2.6440074484395546,1.49519158610691,2240.996330800478,-70.01326291454602,5146801.042040682,0.000435415379863204,1381,0.029306195829665968,-1.445965571882522,1.4440828042107998,-4095.9999999999995,4090.666666666666,C:\Users\kimeu\Downloads\starlink_pathB_wsl_package_v0_3_clean\starlink_pathB\paper_final_experiment_check\outputs\random1200_null_random1200_seed3\4_76_lst017_quiet_full_polybeam_lines_S30_multi.npz,9.10175923472585,9444.443085672718,1.7798436919007438e-05,140609741.2109375,False,False,False,False,False,False,False,False,False,False,False,False
4_76,93.9206796714852,mid,quiet,17,2461041.6180555555,2461041.624878509,full_polybeam,lines,1000.0,single,coherent_ab,2,4,1,47854,83.414,0.1657111055107527,7.747507627984598e-08,0.0684687078802128,0,2,2,2,0.0,0.0684687078802128,0.0,0.2805166207424566,7.747507627984598e-08,883751.4097165731,45.77478181877617,45.77478181877617,0.18804764995217688,False,20269496,100,0.1330623234849338,-1.8222789874475829,0.39603960396039606,0.7326732673267327,484.30025643215777,70482.93694533203,462.53089835424726,724.5389527920429,740.0981307758483,73103.45851265796,74309.14834804696,74454.12408977114,110.34852299832528,1.0214857597223672,0.9465828345274023,70482.93694533203,-49729.518900468625,5146801.042040682,0.013694513615273901,1381,0.029306195829665968,-1.445965571882522,1.4440828042107998,-4095.9999999999995,4090.666666666666,C:\Users\kimeu\Downloads\starlink_pathB_wsl_package_v0_3_clean\starlink_pathB\paper_final_experiment_check\outputs\random1200_null_random1200_seed3\4_76_lst017_quiet_full_polybeam_lines_S1000_single.npz,9.10175923472585,9444.443085672718,1.7798436919007438e-05,140609741.2109375,False,False,False,False,False,False,False,False,False,False,False,False
4_76,93.9206796714852,mid,quiet,17,2461041.6180555555,2461041.624878509,full_polybeam,lines,1000.0,multi,coherent_ab,2,4,4,47854;47857;58206;59742,83.414;83.372;82.276;76.763,0.1657111055107527,7.747507627984598e-08,0.0684687078802128,0,2,2,2,0.0,0.0684687078802128,0.0,0.2805166207424566,7.747507627984598e-08,883751.4097165731,109.23728689301532,45.77478181877617,0.4026993843761349,False,20269513,100,-0.9926088956973991,0.010949679808947864,0.8217821782178217,0.504950495049505,395.09318287953647,134473.72193616966,573.9517826534538,1036.6826646326706,1533.4284382238393,133831.77113252462,186732.34156191265,194687.27471646853,121.53676369751884,2.414814769761262,1.035197343375674,134473.72193616966,-117131.02019691234,5146801.042040682,0.0261276316760151,1381,0.029306195829665968,-1.445965571882522,1.4440828042107998,-4095.9999999999995,4090.666666666666,C:\Users\kimeu\Downloads\starlink_pathB_wsl_package_v0_3_clean\starlink_pathB\paper_final_experiment_check\outputs\random1200_null_random1200_seed3\4_76_lst017_quiet_full_polybeam_lines_S1000_multi.npz,9.10175923472585,9444.443085672718,1.7798436919007438e-05,140609741.2109375,False,False,False,False,False,False,False,False,False,False,False,False
4_76,93.9206796714852,mid,quiet,17,2461041.6180555555,2461041.624878509,full_polybeam,khz_comb,30.0,single,coherent_ab,2,4,1,47854,83.414,0.1657111055107527,7.747507627984598e-08,0.0684687078802128,0,2,2,2,0.0,0.0684687078802128,0.0,0.2805166207424566,7.747507627984598e-08,883751.4097165731,1.1301495631674872,1.1301495631674872,0.004807261444062656,False,20269530,100,0.24009415454547162,-0.5718099853405632,0.3069306930693069,0.5643564356435643,17.749027908903372,1339.3080430450075,16.604175338345158,30.870999866904093,31.08330304830575,1362.53445747548,1390.2364081017095,1390.5887567888235,3.216206913768474,0.8815139080499469,0.8535503295089504,1339.3080430450075,30.34936900307784,5146801.042040682,0.0002602214525304398,1381,0.029306195829665968,-1.445965571882522,1.4440828042107998,-4095.9999999999995,4090.666666666666,C:\Users\kimeu\Downloads\starlink_pathB_wsl_package_v0_3_clean\starlink_pathB\paper_final_experiment_check\outputs\random1200_null_random1200_seed3\4_76_lst017_quiet_full_polybeam_khz_comb_S30_single.npz,9.10175923472585,9444.443085672718,1.7798436919007438e-05,140609741.2109375,False,False,False,False,False,False,False,False,False,False,False,False
4_76,93.9206796714852,mid,quiet,17,2461041.6180555555,2461041.624878509,full_polybeam,khz_comb,30.0,multi,coherent_ab,2,4,4,47854;47857;58206;59742,83.414;83.372;82.276;76.763,0.1657111055107527,7.747507627984598e-08,0.0684687078802128,0,2,2,2,0.0,0.0684687078802128,0.0,0.2805166207424566,7.747507627984598e-08,883751.4097165731,2.696997498590009,1.1301495631674872,0.010285475186858708,False,20269547,100,-0.28639678824622716,0.053562103209833505,0.6534653465346535,0.46534653465346537,20.575252443271893,1903.7645846988728,22.832822000294982,44.7564394610763,55.92879445406645,1872.3374522341583,2611.709122672961,2729.7649200514643,5.316783803380531,2.265821453618901,1.3288051758666581,1903.7645846988728,-38.52667791784772,5146801.042040682,0.0003698927876069674,1381,0.029306195829665968,-1.445965571882522,1.4440828042107998,-4095.9999999999995,4090.666666666666,C:\Users\kimeu\Downloads\starlink_pathB_wsl_package_v0_3_clean\starlink_pathB\paper_final_experiment_check\outputs\random1200_null_random1200_seed3\4_76_lst017_quiet_full_polybeam_khz_comb_S30_multi.npz,9.10175923472585,9444.443085672718,1.7798436919007438e-05,140609741.2109375,False,False,False,False,False,False,False,False,False,False,False,False
4_76,93.9206796714852,mid,quiet,17,2461041.6180555555,2461041.624878509,full_polybeam,khz_comb,1000.0,single,coherent_ab,2,4,1,47854,83.414,0.1657111055107527,7.747507627984598e-08,0.0684687078802128,0,2,2,2,0.0,0.0684687078802128,0.0,0.2805166207424566,7.747507627984598e-08,883751.4097165731,37.67165210558291,37.67165210558291,0.16024204813542187,False,20269564,100,0.6992639715025741,-0.6267720243773048,0.24752475247524752,0.6534653465346535,480.76998512175123,56512.71778910377,404.4114427042696,667.8328386942273,678.4074200018503,58048.52467094692,59896.89738397711,60012.913022166154,73.65334604187228,0.8664106111859408,0.8027645624359873,56512.71778910377,-37120.05035695955,5146801.042040682,0.010980163664281988,1381,0.029306195829665968,-1.445965571882522,1.4440828042107998,-4095.9999999999995,4090.666666666666,C:\Users\kimeu\Downloads\starlink_pathB_wsl_package_v0_3_clean\starlink_pathB\paper_final_experiment_check\outputs\random1200_null_random1200_seed3\4_76_lst017_quiet_full_polybeam_khz_comb_S1000_single.npz,9.10175923472585,9444.443085672718,1.7798436919007438e-05,140609741.2109375,False,False,False,False,False,False,False,False,False,False,False,False
4_76,93.9206796714852,mid,quiet,17,2461041.6180555555,2461041.624878509,full_polybeam,khz_comb,1000.0,multi,coherent_ab,2,4,4,47854;47857;58206;59742,83.414;83.372;82.276;76.763,0.1657111055107527,7.747507627984598e-08,0.0684687078802128,0,2,2,2,0.0,0.0684687078802128,0.0,0.2805166207424566,7.747507627984598e-08,883751.4097165731,89.89991661966697,37.67165210558291,0.3428491728952902,False,20269581,100,-0.3139934699152307,0.08106442303980486,0.693069306930693,0.48514851485148514,382.7093269028119,106967.17067617664,443.5029627261865,1053.7431827536818,1232.457305072682,103335.82010990815,144185.4395140627,145525.3903492776,130.59107760719235,1.5594373168467015,1.0488642676811932,106967.17067617664,-90882.38611035983,5146801.042040682,0.02078323405207143,1381,0.029306195829665968,-1.445965571882522,1.4440828042107998,-4095.9999999999995,4090.666666666666,C:\Users\kimeu\Downloads\starlink_pathB_wsl_package_v0_3_clean\starlink_pathB\paper_final_experiment_check\outputs\random1200_null_random1200_seed3\4_76_lst017_quiet_full_polybeam_khz_comb_S1000_multi.npz,9.10175923472585,9444.443085672718,1.7798436919007438e-05,140609741.2109375,False,False,False,False,False,False,False,False,False,False,False,False
4_76,93.9206796714852,mid,typical,33,2461041.7291666665,2461041.73598962,frozen_polybeam,smooth,30.0,single,coherent_ab,5,5,1,54577,87.454,0.1653645833333333,4.328472795086945e-07,0.3314947967906838,0,5,5,5,0.0,0.3314947967906838,0.0,0.3484546838830035,4.328472795086945e-07,765847.0146028149,0.25307484947029524,0.25307484947029524,0.0004707662422780869,False,20269614,100,-0.6379725521662978,0.16815283763053698,0.7722772277227723,0.42574257425742573,3.4234816418093033,364.65051097506466,4.554545925597267,8.230558071618315,8.284863193802622,360.80488270346484,381.33992161109114,381.91096438212656,1.1958075707152602,1.4824815560627465,1.1709270030207695,364.65051097506466,-146.39575543229535,4122961.348041135,8.844383446580556e-05,1381,0.029306195829665968,-1.445965571882522,1.4440828042107998,-4095.9999999999995,4090.666666666666,C:\Users\kimeu\Downloads\starlink_pathB_wsl_package_v0_3_clean\starlink_pathB\paper_final_experiment_check\outputs\random1200_null_random1200_seed3\4_76_lst033_typical_frozen_polybeam_smooth_S30_single.npz,9.10175923472585,9444.443085672718,1.7798436919007438e-05,140609741.2109375,False,False,False,False,False,False,False,False,False,False,False,False
4_76,93.9206796714852,mid,typical,33,2461041.7291666665,2461041.73598962,frozen_polybeam,smooth,30.0,multi,coherent_ab,5,5,5,54577;53859;48424;52480;57372,87.454;86.234;84.731;79.420;74.715,0.1653645833333333,4.328472795086945e-07,0.3314947967906838,0,5,5,5,0.0,0.3314947967906838,0.0,0.3484546838830035,4.328472795086945e-07,765847.0146028149,2.397926335617544,0.7620604993292079,0.004448600695350587,False,20269631,100,-0.7697271645735446,-0.10842040891874116,0.8316831683168316,0.5445544554455446,11.885890518798533,1269.5859207755525,16.121702176546023,26.476238958565226,30.892508203471202,1288.3001808655006,1560.0770848676189,1683.2230469661904,3.7117253405195925,2.208336349717721,1.2616011995576875,1269.5859207755525,-289.7895331133612,4122961.348041135,0.0003079305900790816,1381,0.029306195829665968,-1.445965571882522,1.4440828042107998,-4095.9999999999995,4090.666666666666,C:\Users\kimeu\Downloads\starlink_pathB_wsl_package_v0_3_clean\starlink_pathB\paper_final_experiment_check\outputs\random1200_null_random1200_seed3\4_76_lst033_typical_frozen_polybeam_smooth_S30_multi.npz,9.10175923472585,9444.443085672718,1.7798436919007438e-05,140609741.2109375,False,False,False,False,False,False,False,False,False,False,False,False
4_76,93.9206796714852,mid,typical,33,2461041.7291666665,2461041.73598962,frozen_polybeam,smooth,1000.0,single,coherent_ab,5,5,1,54577,87.454,0.1653645833333333,4.328472795086945e-07,0.3314947967906838,0,5,5,5,0.0,0.3314947967906838,0.0,0.3484546838830035,4.328472795086945e-07,765847.0146028149,8.435828315676506,8.435828315676506,0.01569220807593623,False,20269648,100,-0.647250768449184,0.08581885365070074,0.7524752475247525,0.4752475247524752,115.47261792163226,11974.762424968318,151.4152085092719,277.2747924074161,278.9828546069645,11894.30097636257,12954.7769672991,12985.681826910546,37.45525908157606,1.1160736215134996,0.9546083598154231,11974.762424968318,-4162.111796339554,4122961.348041135,0.0029044081217636593,1381,0.029306195829665968,-1.445965571882522,1.4440828042107998,-4095.9999999999995,4090.666666666666,C:\Users\kimeu\Downloads\starlink_pathB_wsl_package_v0_3_clean\starlink_pathB\paper_final_experiment_check\outputs\random1200_null_random1200_seed3\4_76_lst033_typical_frozen_polybeam_smooth_S1000_single.npz,9.10175923472585,9444.443085672718,1.7798436919007438e-05,140609741.2109375,False,False,False,False,False,False,False,False,False,False,False,False
4_76,93.9206796714852,mid,typical,33,2461041.7291666665,2461041.73598962,frozen_polybeam,smooth,1000.0,multi,coherent_ab,5,5,5,54577;53859;48424;52480;57372,87.454;86.234;84.731;79.420;74.715,0.1653645833333333,4.328472795086945e-07,0.3314947967906838,0,5,5,5,0.0,0.3314947967906838,0.0,0.3484546838830035,4.328472795086945e-07,765847.0146028149,79.9308778539181,25.40201664430693,0.14828668984501953,False,20269665,100,-0.9180126444275042,-0.30012950683320794,0.8910891089108911,0.6336633663366337,387.9186974665977,43539.6395730214,543.5852157285556,905.1887815410148,1029.7664825136626,45282.054374622356,55043.83113116953,56612.694756936486,114.37274722186771,2.3097567633011247,1.184659761300264,43539.6395730214,-15255.177935728598,4122961.348041135,0.010560283227905488,1381,0.029306195829665968,-1.445965571882522,1.4440828042107998,-4095.9999999999995,4090.666666666666,C:\Users\kimeu\Downloads\starlink_pathB_wsl_package_v0_3_clean\starlink_pathB\paper_final_experiment_check\outputs\random1200_null_random1200_seed3\4_76_lst033_typical_frozen_polybeam_smooth_S1000_multi.npz,9.10175923472585,9444.443085672718,1.7798436919007438e-05,140609741.2109375,False,False,False,False,False,False,False,False,False,False,False,False
4_76,93.9206796714852,mid,typical,33,2461041.7291666665,2461041.73598962,frozen_polybeam,lines,30.0,single,coherent_ab,5,5,1,54577,87.454,0.1653645833333333,4.328472795086945e-07,0.3314947967906838,0,5,5,5,0.0,0.3314947967906838,0.0,0.3484546838830035,4.328472795086945e-07,765847.0146028149,0.2529913632055558,0.2529913632055558,0.0004724929467604494,False,20269682,100,-0.6593431942194725,0.2614373325784874,0.7623762376237624,0.37623762376237624,3.482692645775387,364.72290254151056,4.170759204530441,8.161358878546617,8.225714825117775,356.77701087489834,381.7632769311969,381.90840502934884,0.7038740065172533,0.9906043441632183,0.9204521597816389,364.72290254151056,-145.95745666985508,4122961.348041135,8.846139261402353e-05,1381,0.029306195829665968,-1.445965571882522,1.4440828042107998,-4095.9999999999995,4090.666666666666,C:\Users\kimeu\Downloads\starlink_pathB_wsl_package_v0_3_clean\starlink_pathB\paper_final_experiment_check\outputs\random1200_null_random1200_seed3\4_76_lst033_typical_frozen_polybeam_lines_S30_single.npz,9.10175923472585,9444.443085672718,1.7798436919007438e-05,140609741.2109375,False,False,False,False,False,False,False,False,False,False,False,False
4_76,93.9206796714852,mid,typical,33,2461041.7291666665,2461041.73598962,frozen_polybeam,lines,30.0,multi,coherent_ab,5,5,5,54577;53859;48424;52480;57372,87.454;86.234;84.731;79.420;74.715,0.1653645833333333,4.328472795086945e-07,0.3314947967906838,0,5,5,5,0.0,0.3314947967906838,0.0,0.3484546838830035,4.328472795086945e-07,765847.0146028149,2.397781530562305,0.7620607461960891,0.004454201215760919,False,20269699,100,-1.0450164206953718,-0.35331919751673885,0.9405940594059405,0.6435643564356436,11.807296710352603,1268.7878351163768,17.599324009122938,26.908839528772816,30.81862486976269,1341.465546839447,1627.521746021011,1675.7223135695601,3.7383803874174646,2.1557201171526574,1.1776041259195498,1268.7878351163768,-290.1197101504437,4122961.348041135,0.00030773701910137774,1381,0.029306195829665968,-1.445965571882522,1.4440828042107998,-4095.9999999999995,4090.666666666666,C:\Users\kimeu\Downloads\starlink_pathB_wsl_package_v0_3_clean\starlink_pathB\paper_final_experiment_check\outputs\random1200_null_random1200_seed3\4_76_lst033_typical_frozen_polybeam_lines_S30_multi.npz,9.10175923472585,9444.443085672718,1.7798436919007438e-05,140609741.2109375,False,False,False,False,False,False,False,False,False,False,False,False
4_76,93.9206796714852,mid,typical,33,2461041.7291666665,2461041.73598962,frozen_polybeam,lines,1000.0,single,coherent_ab,5,5,1,54577,87.454,0.1653645833333333,4.328472795086945e-07,0.3314947967906838,0,5,5,5,0.0,0.3314947967906838,0.0,0.3484546838830035,4.328472795086945e-07,765847.0146028149,8.433045440185191,8.433045440185191,0.01574976489201498,False,20269716,100,-0.7024335867010612,0.09216817579733391,0.8217821782178217,0.48514851485148514,117.43685922528584,11976.49495334568,146.1744514236234,274.1811124605132,276.70922227976416,11895.359546560543,12985.4432129103,12994.37190755392,27.594409997417188,0.8658694350888557,0.7771343876397796,11976.49495334568,-4149.313640852741,4122961.348041135,0.002904828336320894,1381,0.029306195829665968,-1.445965571882522,1.4440828042107998,-4095.9999999999995,4090.666666666666,C:\Users\kimeu\Downloads\starlink_pathB_wsl_package_v0_3_clean\starlink_pathB\paper_final_experiment_check\outputs\random1200_null_random1200_seed3\4_76_lst033_typical_frozen_polybeam_lines_S1000_single.npz,9.10175923472585,9444.443085672718,1.7798436919007438e-05,140609741.2109375,False,False,False,False,False,False,False,False,False,False,False,False
4_76,93.9206796714852,mid,typical,33,2461041.7291666665,2461041.73598962,frozen_polybeam,lines,1000.0,multi,coherent_ab,5,5,5,54577;53859;48424;52480;57372,87.454;86.234;84.731;79.420;74.715,0.1653645833333333,4.328472795086945e-07,0.3314947967906838,0,5,5,5,0.0,0.3314947967906838,0.0,0.3484546838830035,4.328472795086945e-07,765847.0146028149,79.92605101874348,25.402024873202972,0.1484733738586973,False,20269733,100,-0.9639219864805384,-0.32030824360407406,0.9108910891089109,0.6237623762376238,385.6275029596545,43532.188752544724,523.5278934060045,903.3279734077851,1069.4028789023355,45049.47401723519,52866.2438926115,57224.32836607962,96.49384534103638,2.5922881720959214,1.348488236448089,43532.188752544724,-15268.431774145192,4122961.348041135,0.010558476075267442,1381,0.029306195829665968,-1.445965571882522,1.4440828042107998,-4095.9999999999995,4090.666666666666,C:\Users\kimeu\Downloads\starlink_pathB_wsl_package_v0_3_clean\starlink_pathB\paper_final_experiment_check\outputs\random1200_null_random1200_seed3\4_76_lst033_typical_frozen_polybeam_lines_S1000_multi.npz,9.10175923472585,9444.443085672718,1.7798436919007438e-05,140609741.2109375,False,False,False,False,False,False,False,False,False,False,False,False
4_76,93.9206796714852,mid,typical,33,2461041.7291666665,2461041.73598962,frozen_polybeam,khz_comb,30.0,single,coherent_ab,5,5,1,54577,87.454,0.1653645833333333,4.328472795086945e-07,0.3314947967906838,0,5,5,5,0.0,0.3314947967906838,0.0,0.3484546838830035,4.328472795086945e-07,765847.0146028149,0.20820640190331932,0.20820640190331932,0.00042131049348459335,False,20269750,100,-0.298273071364372,0.15220778475034305,0.6831683168316832,0.45544554455445546,4.5773457321520254,339.8037252787782,4.861151934189365,8.064656607523329,8.707835222547647,336.2240485611601,354.68952502755025,354.9078274583266,0.6417765434898683,0.8736134137602959,0.8187713329628433,339.8037252787782,-123.15002724284365,4122961.348041135,8.2417392886844e-05,1381,0.029306195829665968,-1.445965571882522,1.4440828042107998,-4095.9999999999995,4090.666666666666,C:\Users\kimeu\Downloads\starlink_pathB_wsl_package_v0_3_clean\starlink_pathB\paper_final_experiment_check\outputs\random1200_null_random1200_seed3\4_76_lst033_typical_frozen_polybeam_khz_comb_S30_single.npz,9.10175923472585,9444.443085672718,1.7798436919007438e-05,140609741.2109375,False,False,False,False,False,False,False,False,False,False,False,False
4_76,93.9206796714852,mid,typical,33,2461041.7291666665,2461041.73598962,frozen_polybeam,khz_comb,30.0,multi,coherent_ab,5,5,5,54577;53859;48424;52480;57372,87.454;86.234;84.731;79.420;74.715,0.1653645833333333,4.328472795086945e-07,0.3314947967906838,0,5,5,5,0.0,0.3314947967906838,0.0,0.3484546838830035,4.328472795086945e-07,765847.0146028149,2.0454656253390247,0.6716640654663114,0.00397106021988036,False,20269767,100,-0.6624678025311176,-0.6581265459229841,0.8415841584158416,0.7722772277227723,11.812869501659407,1170.846885509675,16.15711638778066,26.422505470179722,33.22384165925629,1281.7762249828897,1559.2590037292346,1621.5856208695955,4.423089500166498,2.19033791940687,1.1786727589954704,1170.846885509675,-232.82193843858613,4122961.348041135,0.00028398201842613866,1381,0.029306195829665968,-1.445965571882522,1.4440828042107998,-4095.9999999999995,4090.666666666666,C:\Users\kimeu\Downloads\starlink_pathB_wsl_package_v0_3_clean\starlink_pathB\paper_final_experiment_check\outputs\random1200_null_random1200_seed3\4_76_lst033_typical_frozen_polybeam_khz_comb_S30_multi.npz,9.10175923472585,9444.443085672718,1.7798436919007438e-05,140609741.2109375,False,False,False,False,False,False,False,False,False,False,False,False
4_76,93.9206796714852,mid,typical,33,2461041.7291666665,2461041.73598962,frozen_polybeam,khz_comb,1000.0,single,coherent_ab,5,5,1,54577,87.454,0.1653645833333333,4.328472795086945e-07,0.3314947967906838,0,5,5,5,0.0,0.3314947967906838,0.0,0.3484546838830035,4.328472795086945e-07,765847.0146028149,6.940213396777309,6.940213396777309,0.014043683116153111,False,20269784,100,-0.34548350229190156,-0.1749101341502872,0.7128712871287128,0.5544554455445545,154.21040806249312,11181.750145365619,167.41794893119004,294.75505611546885,297.6842420283709,11315.657807377207,12019.407974696,12044.892652058197,25.78520888044841,1.4281129708951648,1.2847324923932535,11181.750145365619,-3484.775656803417,4122961.348041135,0.002712067662404401,1381,0.029306195829665968,-1.445965571882522,1.4440828042107998,-4095.9999999999995,4090.666666666666,C:\Users\kimeu\Downloads\starlink_pathB_wsl_package_v0_3_clean\starlink_pathB\paper_final_experiment_check\outputs\random1200_null_random1200_seed3\4_76_lst033_typical_frozen_polybeam_khz_comb_S1000_single.npz,9.10175923472585,9444.443085672718,1.7798436919007438e-05,140609741.2109375,False,False,False,False,False,False,False,False,False,False,False,False
4_76,93.9206796714852,mid,typical,33,2461041.7291666665,2461041.73598962,frozen_polybeam,khz_comb,1000.0,multi,coherent_ab,5,5,5,54577;53859;48424;52480;57372,87.454;86.234;84.731;79.420;74.715,0.1653645833333333,4.328472795086945e-07,0.3314947967906838,0,5,5,5,0.0,0.3314947967906838,0.0,0.3484546838830035,4.328472795086945e-07,765847.0146028149,68.18218751130081,22.38880218221038,0.13236867399601202,False,20269801,100,-0.9874461784896797,-0.4447298299447613,0.8811881188118812,0.7128712871287128,384.61986583472844,39839.17147237965,516.9527269109033,899.826011958886,984.651752979452,42554.005055487614,52490.78107779936,53966.9969620725,90.39205772966875,2.199933577516844,1.2387134863309046,39839.17147237965,-12168.67866775017,4122961.348041135,0.009662756477527417,1381,0.029306195829665968,-1.445965571882522,1.4440828042107998,-4095.9999999999995,4090.666666666666,C:\Users\kimeu\Downloads\starlink_pathB_wsl_package_v0_3_clean\starlink_pathB\paper_final_experiment_check\outputs\random1200_null_random1200_seed3\4_76_lst033_typical_frozen_polybeam_khz_comb_S1000_multi.npz,9.10175923472585,9444.443085672718,1.7798436919007438e-05,140609741.2109375,False,False,False,False,False,False,False,False,False,False,False,False
4_76,93.9206796714852,mid,typical,33,2461041.7291666665,2461041.73598962,full_polybeam,smooth,30.0,single,coherent_ab,5,5,1,54577,87.454,0.1653645833333333,4.328472795086945e-07,0.3314947967906838,0,5,5,5,0.0,0.3314947967906838,0.0,0.3484546838830035,4.328472795086945e-07,765847.0146028149,0.32491903286916257,0.32491903286916257,0.0006804345316338065,False,20269818,100,-0.5083296577339503,0.6113753873734227,0.6039603960396039,0.2871287128712871,3.7432862499663315,445.5725189859272,4.9650312700605355,8.810766203367484,8.921100722441125,427.7259162780253,457.7278076445072,457.9835717453787,1.6211049541425382,1.6631444537033289,1.4525413483259186,445.5725189859272,-186.12263735078358,4122961.348041135,0.00010807099106025424,1381,0.029306195829665968,-1.445965571882522,1.4440828042107998,-4095.9999999999995,4090.666666666666,C:\Users\kimeu\Downloads\starlink_pathB_wsl_package_v0_3_clean\starlink_pathB\paper_final_experiment_check\outputs\random1200_null_random1200_seed3\4_76_lst033_typical_full_polybeam_smooth_S30_single.npz,9.10175923472585,9444.443085672718,1.7798436919007438e-05,140609741.2109375,False,False,False,False,False,False,False,False,False,False,False,False
4_76,93.9206796714852,mid,typical,33,2461041.7291666665,2461041.73598962,full_polybeam,smooth,30.0,multi,coherent_ab,5,5,5,54577;53859;48424;52480;57372,87.454;86.234;84.731;79.420;74.715,0.1653645833333333,4.328472795086945e-07,0.3314947967906838,0,5,5,5,0.0,0.3314947967906838,0.0,0.3484546838830035,4.328472795086945e-07,765847.0146028149,5.647686913406071,3.023535252930445,0.007641946005777438,False,20269835,100,0.5976107760541015,0.2843597082753911,0.33663366336633666,0.37623762376237624,33.51426889967115,2504.0919150412337,29.24313826155685,44.71603986897798,50.0691631079064,2426.1259456919333,2657.3276943231613,2772.963356533778,4.8205927057524605,2.2951767427016634,1.325273644070552,2504.0919150412337,-714.3000918953292,4122961.348041135,0.0006073527505250458,1381,0.029306195829665968,-1.445965571882522,1.4440828042107998,-4095.9999999999995,4090.666666666666,C:\Users\kimeu\Downloads\starlink_pathB_wsl_package_v0_3_clean\starlink_pathB\paper_final_experiment_check\outputs\random1200_null_random1200_seed3\4_76_lst033_typical_full_polybeam_smooth_S30_multi.npz,9.10175923472585,9444.443085672718,1.7798436919007438e-05,140609741.2109375,False,False,False,False,False,False,False,False,False,False,False,False
4_76,93.9206796714852,mid,typical,33,2461041.7291666665,2461041.73598962,full_polybeam,smooth,1000.0,single,coherent_ab,5,5,1,54577,87.454,0.1653645833333333,4.328472795086945e-07,0.3314947967906838,0,5,5,5,0.0,0.3314947967906838,0.0,0.3484546838830035,4.328472795086945e-07,765847.0146028149,10.83063442897208,10.83063442897208,0.022681151054460218,False,20269852,100,-0.59485675323436,-0.15330479810052716,0.7425742574257426,0.5445544554455446,132.11959289377592,14405.35917087742,174.04568780501722,295.44192737634296,298.5687729217746,14526.654987985885,15784.785423120204,15822.10803522717,47.53877878130061,1.4397916061689287,1.216590055744555,14405.35917087742,-4663.854979558191,4122961.348041135,0.003493935051736919,1381,0.029306195829665968,-1.445965571882522,1.4440828042107998,-4095.9999999999995,4090.666666666666,C:\Users\kimeu\Downloads\starlink_pathB_wsl_package_v0_3_clean\starlink_pathB\paper_final_experiment_check\outputs\random1200_null_random1200_seed3\4_76_lst033_typical_full_polybeam_smooth_S1000_single.npz,9.10175923472585,9444.443085672718,1.7798436919007438e-05,140609741.2109375,False,False,False,False,False,False,False,False,False,False,False,False
4_76,93.9206796714852,mid,typical,33,2461041.7291666665,2461041.73598962,full_polybeam,smooth,1000.0,multi,coherent_ab,5,5,5,54577;53859;48424;52480;57372,87.454;86.234;84.731;79.420;74.715,0.1653645833333333,4.328472795086945e-07,0.3314947967906838,0,5,5,5,0.0,0.3314947967906838,0.0,0.3484546838830035,4.328472795086945e-07,765847.0146028149,188.25623044686904,100.78450843101483,0.2547315335259146,False,20269869,100,0.5782720822134415,0.742415081833284,0.27722772277227725,0.18811881188118812,1163.4704638135574,86284.28882198168,1006.2536337093989,1508.9533065977123,1721.6377861922151,79343.36894036001,93631.79272964323,96481.72752705227,183.37613452401922,2.5540391897921744,1.441474988946472,86284.28882198168,-36463.49829897243,4122961.348041135,0.020927746233414563,1381,0.029306195829665968,-1.445965571882522,1.4440828042107998,-4095.9999999999995,4090.666666666666,C:\Users\kimeu\Downloads\starlink_pathB_wsl_package_v0_3_clean\starlink_pathB\paper_final_experiment_check\outputs\random1200_null_random1200_seed3\4_76_lst033_typical_full_polybeam_smooth_S1000_multi.npz,9.10175923472585,9444.443085672718,1.7798436919007438e-05,140609741.2109375,False,False,False,False,False,False,False,False,False,False,False,False
4_76,93.9206796714852,mid,typical,33,2461041.7291666665,2461041.73598962,full_polybeam,lines,30.0,single,coherent_ab,5,5,1,54577,87.454,0.1653645833333333,4.328472795086945e-07,0.3314947967906838,0,5,5,5,0.0,0.3314947967906838,0.0,0.3484546838830035,4.328472795086945e-07,765847.0146028149,0.32481184609634095,0.32481184609634095,0.000682303852142666,False,20269886,100,-0.5743135100530904,0.5993403731164035,0.6831683168316832,0.2871287128712871,3.7574688992062875,445.53241497129966,4.793590989250333,8.40808772374885,8.83050018180509,430.64058756467307,456.9534323299494,457.0838784885348,1.216852404115798,0.9712952515652581,0.8893145981662839,445.53241497129966,-185.73834790919642,4122961.348041135,0.00010806126406762875,1381,0.029306195829665968,-1.445965571882522,1.4440828042107998,-4095.9999999999995,4090.666666666666,C:\Users\kimeu\Downloads\starlink_pathB_wsl_package_v0_3_clean\starlink_pathB\paper_final_experiment_check\outputs\random1200_null_random1200_seed3\4_76_lst033_typical_full_polybeam_lines_S30_single.npz,9.10175923472585,9444.443085672718,1.7798436919007438e-05,140609741.2109375,False,False,False,False,False,False,False,False,False,False,False,False
4_76,93.9206796714852,mid,typical,33,2461041.7291666665,2461041.73598962,full_polybeam,lines,30.0,multi,coherent_ab,5,5,5,54577;53859;48424;52480;57372,87.454;86.234;84.731;79.420;74.715,0.1653645833333333,4.328472795086945e-07,0.3314947967906838,0,5,5,5,0.0,0.3314947967906838,0.0,0.3484546838830035,4.328472795086945e-07,765847.0146028149,5.647319580561544,3.023378707150503,0.007649517110421114,False,20269903,100,0.0999272927266684,0.6466359744949624,0.4752475247524752,0.297029702970297,33.3437258891222,2503.768354348768,32.27940522304175,46.276672267260686,50.16182178004323,2332.7421043767,2735.1352251960902,2793.5409583015626,7.183967811024786,2.325737254286792,1.2942351478359397,2503.768354348768,-716.2324499459461,4122961.348041135,0.0006072742727841327,1381,0.029306195829665968,-1.445965571882522,1.4440828042107998,-4095.9999999999995,4090.666666666666,C:\Users\kimeu\Downloads\starlink_pathB_wsl_package_v0_3_clean\starlink_pathB\paper_final_experiment_check\outputs\random1200_null_random1200_seed3\4_76_lst033_typical_full_polybeam_lines_S30_multi.npz,9.10175923472585,9444.443085672718,1.7798436919007438e-05,140609741.2109375,False,False,False,False,False,False,False,False,False,False,False,False
4_76,93.9206796714852,mid,typical,33,2461041.7291666665,2461041.73598962,full_polybeam,lines,1000.0,single,coherent_ab,5,5,1,54577,87.454,0.1653645833333333,4.328472795086945e-07,0.3314947967906838,0,5,5,5,0.0,0.3314947967906838,0.0,0.3484546838830035,4.328472795086945e-07,765847.0146028149,10.827061536544695,10.827061536544695,0.022743461738088867,False,20269920,100,-0.5584296006277284,-0.17859964942642928,0.7128712871287128,0.5643564356435643,132.81201836781474,14398.864614911206,183.26082986706842,297.13855756215577,298.86739593541193,14558.800365867139,15786.41461131281,15835.480969413433,60.933835069941324,1.3013414438157505,1.1930100701430544,14398.864614911206,-4653.77582761953,4122961.348041135,0.0034923598354256384,1381,0.029306195829665968,-1.445965571882522,1.4440828042107998,-4095.9999999999995,4090.666666666666,C:\Users\kimeu\Downloads\starlink_pathB_wsl_package_v0_3_clean\starlink_pathB\paper_final_experiment_check\outputs\random1200_null_random1200_seed3\4_76_lst033_typical_full_polybeam_lines_S1000_single.npz,9.10175923472585,9444.443085672718,1.7798436919007438e-05,140609741.2109375,False,False,False,False,False,False,False,False,False,False,False,False
4_76,93.9206796714852,mid,typical,33,2461041.7291666665,2461041.73598962,full_polybeam,lines,1000.0,multi,coherent_ab,5,5,5,54577;53859;48424;52480;57372,87.454;86.234;84.731;79.420;74.715,0.1653645833333333,4.328472795086945e-07,0.3314947967906838,0,5,5,5,0.0,0.3314947967906838,0.0,0.3484546838830035,4.328472795086945e-07,765847.0146028149,188.24398601871815,100.7792902383501,0.2549839036807038,False,20269937,100,0.6655801583477621,0.876862730907067,0.2871287128712871,0.21782178217821782,1157.7638046384175,86272.00822043438,975.4678412225455,1484.1122452498505,1596.4180345143764,78314.86823050791,93389.75622873005,97301.21787783742,184.73649082195857,2.1894760119595733,1.1376045526267917,86272.00822043438,-36530.94382228842,4122961.348041135,0.020924767645814378,1381,0.029306195829665968,-1.445965571882522,1.4440828042107998,-4095.9999999999995,4090.666666666666,C:\Users\kimeu\Downloads\starlink_pathB_wsl_package_v0_3_clean\starlink_pathB\paper_final_experiment_check\outputs\random1200_null_random1200_seed3\4_76_lst033_typical_full_polybeam_lines_S1000_multi.npz,9.10175923472585,9444.443085672718,1.7798436919007438e-05,140609741.2109375,False,False,False,False,False,False,False,False,False,False,False,False
4_76,93.9206796714852,mid,typical,33,2461041.7291666665,2461041.73598962,full_polybeam,khz_comb,30.0,single,coherent_ab,5,5,1,54577,87.454,0.1653645833333333,4.328472795086945e-07,0.3314947967906838,0,5,5,5,0.0,0.3314947967906838,0.0,0.3484546838830035,4.328472795086945e-07,765847.0146028149,0.26731310078892345,0.26731310078892345,0.0005890762809989925,False,20269954,100,-0.7874034956022046,0.30623003867013754,0.801980198019802,0.3564356435643564,3.6535580782638135,392.0280611666087,5.044113875507719,9.061941053173495,9.106446046809005,383.3469411301439,406.9052936328615,407.4960295636779,1.1911517297244245,0.8883780334219915,0.8362688928796015,392.0280611666087,-155.5149930340878,4122961.348041135,9.508409807258213e-05,1381,0.029306195829665968,-1.445965571882522,1.4440828042107998,-4095.9999999999995,4090.666666666666,C:\Users\kimeu\Downloads\starlink_pathB_wsl_package_v0_3_clean\starlink_pathB\paper_final_experiment_check\outputs\random1200_null_random1200_seed3\4_76_lst033_typical_full_polybeam_khz_comb_S30_single.npz,9.10175923472585,9444.443085672718,1.7798436919007438e-05,140609741.2109375,False,False,False,False,False,False,False,False,False,False,False,False
4_76,93.9206796714852,mid,typical,33,2461041.7291666665,2461041.73598962,full_polybeam,khz_comb,30.0,multi,coherent_ab,5,5,5,54577;53859;48424;52480;57372,87.454;86.234;84.731;79.420;74.715,0.1653645833333333,4.328472795086945e-07,0.3314947967906838,0,5,5,5,0.0,0.3314947967906838,0.0,0.3484546838830035,4.328472795086945e-07,765847.0146028149,4.647621465684329,2.488175067444721,0.006526561840425407,False,20269971,100,0.19288076831776982,0.3915587519251641,0.44554455445544555,0.3069306930693069,27.753724384035195,2109.5222750382145,26.33901882347004,40.27385846548172,47.245195605563396,2006.12909687466,2345.543606226109,2384.8554919285157,4.947127887884108,2.404708625956136,1.386908867324176,2109.5222750382145,-593.7932194675302,4122961.348041135,0.0005116522074698741,1381,0.029306195829665968,-1.445965571882522,1.4440828042107998,-4095.9999999999995,4090.666666666666,C:\Users\kimeu\Downloads\starlink_pathB_wsl_package_v0_3_clean\starlink_pathB\paper_final_experiment_check\outputs\random1200_null_random1200_seed3\4_76_lst033_typical_full_polybeam_khz_comb_S30_multi.npz,9.10175923472585,9444.443085672718,1.7798436919007438e-05,140609741.2109375,False,False,False,False,False,False,False,False,False,False,False,False
4_76,93.9206796714852,mid,typical,33,2461041.7291666665,2461041.73598962,full_polybeam,khz_comb,1000.0,single,coherent_ab,5,5,1,54577,87.454,0.1653645833333333,4.328472795086945e-07,0.3314947967906838,0,5,5,5,0.0,0.3314947967906838,0.0,0.3484546838830035,4.328472795086945e-07,765847.0146028149,8.910436692964115,8.910436692964115,0.019635876033299752,False,20269988,100,-0.6680773064218058,-0.3606183497072776,0.8217821782178217,0.5742574257425742,128.44538398916302,12764.77541718565,184.85489995939497,304.68631669296917,306.42838926424747,13061.077491323085,13909.399954086293,13946.538234479853,56.951039801442676,1.7108773179115069,1.559213576124097,12764.77541718565,-4052.128997306431,4122961.348041135,0.0030960211216266528,1381,0.029306195829665968,-1.445965571882522,1.4440828042107998,-4095.9999999999995,4090.666666666666,C:\Users\kimeu\Downloads\starlink_pathB_wsl_package_v0_3_clean\starlink_pathB\paper_final_experiment_check\outputs\random1200_null_random1200_seed3\4_76_lst033_typical_full_polybeam_khz_comb_S1000_single.npz,9.10175923472585,9444.443085672718,1.7798436919007438e-05,140609741.2109375,False,False,False,False,False,False,False,False,False,False,False,False
4_76,93.9206796714852,mid,typical,33,2461041.7291666665,2461041.73598962,full_polybeam,khz_comb,1000.0,multi,coherent_ab,5,5,5,54577;53859;48424;52480;57372,87.454;86.234;84.731;79.420;74.715,0.1653645833333333,4.328472795086945e-07,0.3314947967906838,0,5,5,5,0.0,0.3314947967906838,0.0,0.3484546838830035,4.328472795086945e-07,765847.0146028149,154.92071552281098,82.93916891482402,0.2175520613475136,False,20270005,100,0.3080816991356992,0.4983271713000524,0.42574257425742573,0.25742574257425743,959.2601780953473,72017.90037514368,858.3787327464324,1324.5540543494901,1398.5002283077747,68453.12596485706,78967.38039100889,81956.80176205287,220.8622027253732,2.49532794062031,1.2170067161110567,72017.90037514368,-28804.885712666885,4122961.348041135,0.017467517712568464,1381,0.029306195829665968,-1.445965571882522,1.4440828042107998,-4095.9999999999995,4090.666666666666,C:\Users\kimeu\Downloads\starlink_pathB_wsl_package_v0_3_clean\starlink_pathB\paper_final_experiment_check\outputs\random1200_null_random1200_seed3\4_76_lst033_typical_full_polybeam_khz_comb_S1000_multi.npz,9.10175923472585,9444.443085672718,1.7798436919007438e-05,140609741.2109375,False,False,False,False,False,False,False,False,False,False,False,False
4_76,93.9206796714852,mid,stress,0,2461041.5,2461041.506822953,frozen_polybeam,smooth,30.0,single,coherent_ab,4,2,1,46696,76.053,0.2350680443548387,7.117139047722464e-05,0.5502745938468236,1,4,4,4,0.3308758856684498,0.5502745938468236,0.3308758856684498,0.7280464634021924,7.117139047722464e-05,7731.682494287019,0.009826555028065898,0.009826555028065898,8.506034088725992e-05,False,20269989,100,-0.680892613499162,0.14127996621645506,0.7722772277227723,0.42574257425742573,0.6362751154156285,58.80209294640623,0.8440510876025655,1.1556373090097622,1.1905686073431572,58.54891907681457,60.165064265460856,60.18383495177649,0.20582243147146073,1.0802802743257574,0.9486896281388797,58.80209294640623,-1.1405718110176661,7993977.983963837,7.3557987105249755e-06,1381,0.029306195829665968,-1.445965571882522,1.4440828042107998,-4095.9999999999995,4090.666666666666,C:\Users\kimeu\Downloads\starlink_pathB_wsl_package_v0_3_clean\starlink_pathB\paper_final_experiment_check\outputs\random1200_null_random1200_seed3\4_76_lst000_stress_frozen_polybeam_smooth_S30_single.npz,9.10175923472585,9444.443085672718,1.7798436919007438e-05,140609741.2109375,False,False,False,False,False,False,False,False,False,False,False,False
4_76,93.9206796714852,mid,stress,0,2461041.5,2461041.506822953,frozen_polybeam,smooth,30.0,multi,coherent_ab,4,2,2,46696;48481,76.053;75.131,0.2350680443548387,7.117139047722464e-05,0.5502745938468236,1,4,4,4,0.3308758856684498,0.5502745938468236,0.3308758856684498,0.7280464634021924,7.117139047722464e-05,7731.682494287019,0.01675985353762442,0.009826555028065898,0.00015810980991044334,False,20270006,100,-1.3416287637045228,-0.5217010474918004,0.8613861386138614,0.7425742574257426,0.7384991443104809,69.79019458636981,1.0959923543123296,1.4537082842653035,1.5063573909735717,72.52101805633478,81.26474998551441,82.99848712749515,0.17972622028173646,2.201655549409899,1.4712847445342814,69.79019458636981,-5.963345294623751,7993977.983963837,8.730346108829804e-06,1381,0.029306195829665968,-1.445965571882522,1.4440828042107998,-4095.9999999999995,4090.666666666666,C:\Users\kimeu\Downloads\starlink_pathB_wsl_package_v0_3_clean\starlink_pathB\paper_final_experiment_check\outputs\random1200_null_random1200_seed3\4_76_lst000_stress_frozen_polybeam_smooth_S30_multi.npz,9.10175923472585,9444.443085672718,1.7798436919007438e-05,140609741.2109375,False,False,False,False,False,False,False,False,False,False,False,False
4_76,93.9206796714852,mid,stress,0,2461041.5,2461041.506822953,frozen_polybeam,smooth,1000.0,single,coherent_ab,4,2,1,46696,76.053,0.2350680443548387,7.117139047722464e-05,0.5502745938468236,1,4,4,4,0.3308758856684498,0.5502745938468236,0.3308758856684498,0.7280464634021924,7.117139047722464e-05,7731.682494287019,0.3275518342688633,0.3275518342688633,0.0028353446962419977,False,20270023,100,-0.6291115865706389,0.04700706195103193,0.7623762376237624,0.48514851485148514,21.26601897906221,1959.6922475818185,28.159003199752988,39.583475480048584,39.88288994113304,1957.2231187822774,2005.4667565141701,2006.5629142349233,7.3901900097207545,0.8667278140929574,0.8208135484307677,1959.6922475818185,-35.99364077643003,7993977.983963837,0.0002451460651396615,1381,0.029306195829665968,-1.445965571882522,1.4440828042107998,-4095.9999999999995,4090.666666666666,C:\Users\kimeu\Downloads\starlink_pathB_wsl_package_v0_3_clean\starlink_pathB\paper_final_experiment_check\outputs\random1200_null_random1200_seed3\4_76_lst000_stress_frozen_polybeam_smooth_S1000_single.npz,9.10175923472585,9444.443085672718,1.7798436919007438e-05,140609741.2109375,False,False,False,False,False,False,False,False,False,False,False,False
4_76,93.9206796714852,mid,stress,0,2461041.5,2461041.506822953,frozen_polybeam,smooth,1000.0,multi,coherent_ab,4,2,2,46696;48481,76.053;75.131,0.2350680443548387,7.117139047722464e-05,0.5502745938468236,1,4,4,4,0.3308758856684498,0.5502745938468236,0.3308758856684498,0.7280464634021924,7.117139047722464e-05,7731.682494287019,0.5586617845874806,0.3275518342688633,0.0052703269970147786,False,20270040,100,-0.6115339037531189,-0.8295871732180323,0.8217821782178217,0.8712871287128713,24.675535073052743,2325.8421919479833,30.48181968468998,46.485528655072265,50.21311843297459,2473.9488859524595,2760.4911139687,2778.507958083349,6.404036298568826,1.95306135605275,1.3120070251828375,2325.8421919479833,-196.22612820338335,7993977.983963837,0.00029094928665223915,1381,0.029306195829665968,-1.445965571882522,1.4440828042107998,-4095.9999999999995,4090.666666666666,C:\Users\kimeu\Downloads\starlink_pathB_wsl_package_v0_3_clean\starlink_pathB\paper_final_experiment_check\outputs\random1200_null_random1200_seed3\4_76_lst000_stress_frozen_polybeam_smooth_S1000_multi.npz,9.10175923472585,9444.443085672718,1.7798436919007438e-05,140609741.2109375,False,False,False,False,False,False,False,False,False,False,False,False
4_76,93.9206796714852,mid,stress,0,2461041.5,2461041.506822953,frozen_polybeam,lines,30.0,single,coherent_ab,4,2,1,46696,76.053,0.2350680443548387,7.117139047722464e-05,0.5502745938468236,1,4,4,4,0.3308758856684498,0.5502745938468236,0.3308758856684498,0.7280464634021924,7.117139047722464e-05,7731.682494287019,0.009826276162530635,0.009826276162530635,8.51696949736514e-05,False,20270057,100,-0.7518048727170255,0.2729057529893261,0.7920792079207921,0.38613861386138615,0.6319574200970237,58.83364697288819,0.8464651449030498,1.1916768966373639,1.1997313652356387,58.28255716780525,60.15758458479386,60.166605650289135,0.1924481783353258,1.4086962237302192,1.2905183844993102,58.83364697288819,-1.107335978421566,7993977.983963837,7.359745935116444e-06,1381,0.029306195829665968,-1.445965571882522,1.4440828042107998,-4095.9999999999995,4090.666666666666,C:\Users\kimeu\Downloads\starlink_pathB_wsl_package_v0_3_clean\starlink_pathB\paper_final_experiment_check\outputs\random1200_null_random1200_seed3\4_76_lst000_stress_frozen_polybeam_lines_S30_single.npz,9.10175923472585,9444.443085672718,1.7798436919007438e-05,140609741.2109375,False,False,False,False,False,False,False,False,False,False,False,False
4_76,93.9206796714852,mid,stress,0,2461041.5,2461041.506822953,frozen_polybeam,lines,30.0,multi,coherent_ab,4,2,2,46696;48481,76.053;75.131,0.2350680443548387,7.117139047722464e-05,0.5502745938468236,1,4,4,4,0.3308758856684498,0.5502745938468236,0.3308758856684498,0.7280464634021924,7.117139047722464e-05,7731.682494287019,0.016759518576730578,0.009826276162530635,0.00015830385981196112,False,20270074,100,-0.8415427037006649,-0.7502212727363079,0.7623762376237624,0.8613861386138614,0.7384422692921362,69.79907349462013,1.0223631496264716,1.413597467810905,1.5363491698302096,73.57244120562359,82.82709726353025,83.09428706900495,0.2275606565963244,1.9992784815461424,1.2861806848667618,69.79907349462013,-5.994212489908166,7993977.983963837,8.731456808442455e-06,1381,0.029306195829665968,-1.445965571882522,1.4440828042107998,-4095.9999999999995,4090.666666666666,C:\Users\kimeu\Downloads\starlink_pathB_wsl_package_v0_3_clean\starlink_pathB\paper_final_experiment_check\outputs\random1200_null_random1200_seed3\4_76_lst000_stress_frozen_polybeam_lines_S30_multi.npz,9.10175923472585,9444.443085672718,1.7798436919007438e-05,140609741.2109375,False,False,False,False,False,False,False,False,False,False,False,False
4_76,93.9206796714852,mid,stress,0,2461041.5,2461041.506822953,frozen_polybeam,lines,1000.0,single,coherent_ab,4,2,1,46696,76.053,0.2350680443548387,7.117139047722464e-05,0.5502745938468236,1,4,4,4,0.3308758856684498,0.5502745938468236,0.3308758856684498,0.7280464634021924,7.117139047722464e-05,7731.682494287019,0.32754253875102113,0.32754253875102113,0.0028389898324550464,False,20270091,100,-0.8695169732144877,0.047974968184164114,0.8316831683168316,0.48514851485148514,21.12175678609492,1960.743785099498,28.54918423352865,39.29166866363521,40.03253931683372,1958.2160366060725,2004.0481354145097,2004.8297148941015,5.761510510204971,1.4323340465075287,1.2843010474884478,1960.743785099498,-34.887075057918615,7993977.983963837,0.0002452776063472791,1381,0.029306195829665968,-1.445965571882522,1.4440828042107998,-4095.9999999999995,4090.666666666666,C:\Users\kimeu\Downloads\starlink_pathB_wsl_package_v0_3_clean\starlink_pathB\paper_final_experiment_check\outputs\random1200_null_random1200_seed3\4_76_lst000_stress_frozen_polybeam_lines_S1000_single.npz,9.10175923472585,9444.443085672718,1.7798436919007438e-05,140609741.2109375,False,False,False,False,False,False,False,False,False,False,False,False
4_76,93.9206796714852,mid,stress,0,2461041.5,2461041.506822953,frozen_polybeam,lines,1000.0,multi,coherent_ab,4,2,2,46696;48481,76.053;75.131,0.2350680443548387,7.117139047722464e-05,0.5502745938468236,1,4,4,4,0.3308758856684498,0.5502745938468236,0.3308758856684498,0.7280464634021924,7.117139047722464e-05,7731.682494287019,0.5586506192243526,0.32754253875102113,0.00527679532706537,False,20270108,100,-0.8602697527920345,-0.7788830227435306,0.7821782178217822,0.8316831683168316,24.67339342570631,2326.1400019777634,33.7140911407223,45.23638671701192,47.82081543942477,2425.135483624158,2714.976733974468,2750.8323547217537,7.088319737162237,1.7916863545587873,1.2633270507448082,2326.1400019777634,-197.25686581609943,7993977.983963837,0.0002909865409492084,1381,0.029306195829665968,-1.445965571882522,1.4440828042107998,-4095.9999999999995,4090.666666666666,C:\Users\kimeu\Downloads\starlink_pathB_wsl_package_v0_3_clean\starlink_pathB\paper_final_experiment_check\outputs\random1200_null_random1200_seed3\4_76_lst000_stress_frozen_polybeam_lines_S1000_multi.npz,9.10175923472585,9444.443085672718,1.7798436919007438e-05,140609741.2109375,False,False,False,False,False,False,False,False,False,False,False,False
4_76,93.9206796714852,mid,stress,0,2461041.5,2461041.506822953,frozen_polybeam,khz_comb,30.0,single,coherent_ab,4,2,1,46696,76.053,0.2350680443548387,7.117139047722464e-05,0.5502745938468236,1,4,4,4,0.3308758856684498,0.5502745938468236,0.3308758856684498,0.7280464634021924,7.117139047722464e-05,7731.682494287019,0.008086812047597721,0.008086812047597721,7.620377377769482e-05,False,20270125,100,-1.6418571985750117,0.01794325948019663,0.8217821782178217,0.45544554455445546,0.4584416127036093,50.997962779749926,0.7856730408802832,1.1151029844852018,1.1304015920011443,50.97456567360706,52.41440107711285,52.43281605067175,0.13442982416927407,0.9959040978150052,0.9314166434409777,50.997962779749926,-1.1873377219826162,7993977.983963837,6.3795475646859915e-06,1381,0.029306195829665968,-1.445965571882522,1.4440828042107998,-4095.9999999999995,4090.666666666666,C:\Users\kimeu\Downloads\starlink_pathB_wsl_package_v0_3_clean\starlink_pathB\paper_final_experiment_check\outputs\random1200_null_random1200_seed3\4_76_lst000_stress_frozen_polybeam_khz_comb_S30_single.npz,9.10175923472585,9444.443085672718,1.7798436919007438e-05,140609741.2109375,False,False,False,False,False,False,False,False,False,False,False,False
4_76,93.9206796714852,mid,stress,0,2461041.5,2461041.506822953,frozen_polybeam,khz_comb,30.0,multi,coherent_ab,4,2,2,46696;48481,76.053;75.131,0.2350680443548387,7.117139047722464e-05,0.5502745938468236,1,4,4,4,0.3308758856684498,0.5502745938468236,0.3308758856684498,0.7280464634021924,7.117139047722464e-05,7731.682494287019,0.01379272010032113,0.008086812047597721,0.00014202799471069231,False,20270142,100,-1.0732512201182494,-0.7847850305440902,0.9207920792079208,0.7920792079207921,0.6917199876115774,62.96837987988043,0.9829727148353413,1.3372667554722284,1.3642702070000816,66.67746430320406,73.20934634919713,73.4916472413142,0.18303941286285408,2.164515162317037,1.472343148137227,62.96837987988043,-5.176436283860704,7993977.983963837,7.876976895132425e-06,1381,0.029306195829665968,-1.445965571882522,1.4440828042107998,-4095.9999999999995,4090.666666666666,C:\Users\kimeu\Downloads\starlink_pathB_wsl_package_v0_3_clean\starlink_pathB\paper_final_experiment_check\outputs\random1200_null_random1200_seed3\4_76_lst000_stress_frozen_polybeam_khz_comb_S30_multi.npz,9.10175923472585,9444.443085672718,1.7798436919007438e-05,140609741.2109375,False,False,False,False,False,False,False,False,False,False,False,False
4_76,93.9206796714852,mid,stress,0,2461041.5,2461041.506822953,frozen_polybeam,khz_comb,1000.0,single,coherent_ab,4,2,1,46696,76.053,0.2350680443548387,7.117139047722464e-05,0.5502745938468236,1,4,4,4,0.3308758856684498,0.5502745938468236,0.3308758856684498,0.7280464634021924,7.117139047722464e-05,7731.682494287019,0.26956040158659084,0.26956040158659084,0.002540125792589827,False,20270159,100,-1.2106954911262997,0.2890206177146688,0.8118811881188119,0.32673267326732675,15.326229342426814,1699.6765164394305,27.011205942919332,37.73117434472151,37.80111786574358,1686.375696798863,1742.9179144551317,1747.7297691207748,6.509819190290727,1.4464434702133695,1.316846640197284,1699.6765164394305,-37.977729211684945,7993977.983963837,0.00021261961439586566,1381,0.029306195829665968,-1.445965571882522,1.4440828042107998,-4095.9999999999995,4090.666666666666,C:\Users\kimeu\Downloads\starlink_pathB_wsl_package_v0_3_clean\starlink_pathB\paper_final_experiment_check\outputs\random1200_null_random1200_seed3\4_76_lst000_stress_frozen_polybeam_khz_comb_S1000_single.npz,9.10175923472585,9444.443085672718,1.7798436919007438e-05,140609741.2109375,False,False,False,False,False,False,False,False,False,False,False,False
4_76,93.9206796714852,mid,stress,0,2461041.5,2461041.506822953,frozen_polybeam,khz_comb,1000.0,multi,coherent_ab,4,2,2,46696;48481,76.053;75.131,0.2350680443548387,7.117139047722464e-05,0.5502745938468236,1,4,4,4,0.3308758856684498,0.5502745938468236,0.3308758856684498,0.7280464634021924,7.117139047722464e-05,7731.682494287019,0.45975733667737106,0.26956040158659084,0.00473426649035641,False,20270176,100,-0.76998697802641,-0.829706988197544,0.7821782178217822,0.7821782178217822,23.066034001327353,2098.561124327639,29.94964060948405,44.390584966701866,46.25099279094255,2201.3203871007254,2400.66252695228,2440.828773984153,6.029879961053666,1.7105205485912778,1.2605002847738143,2098.561124327639,-170.4991714555142,7993977.983963837,0.00026251775130447147,1381,0.029306195829665968,-1.445965571882522,1.4440828042107998,-4095.9999999999995,4090.666666666666,C:\Users\kimeu\Downloads\starlink_pathB_wsl_package_v0_3_clean\starlink_pathB\paper_final_experiment_check\outputs\random1200_null_random1200_seed3\4_76_lst000_stress_frozen_polybeam_khz_comb_S1000_multi.npz,9.10175923472585,9444.443085672718,1.7798436919007438e-05,140609741.2109375,False,False,False,False,False,False,False,False,False,False,False,False
4_76,93.9206796714852,mid,stress,0,2461041.5,2461041.506822953,full_polybeam,smooth,30.0,single,coherent_ab,4,2,1,46696,76.053,0.2350680443548387,7.117139047722464e-05,0.5502745938468236,1,4,4,4,0.3308758856684498,0.5502745938468236,0.3308758856684498,0.7280464634021924,7.117139047722464e-05,7731.682494287019,0.06994321541247117,0.06994321541247117,0.0001255174130480857,False,20270193,100,-0.8883488327433265,-0.5764641463126979,0.9405940594059405,0.8217821782178217,1.0016085169190774,253.18612607705566,1.619165504755074,2.9921286088723718,3.0085476594322245,255.37474166861213,261.0918723415807,261.1476369750035,0.46888842129646946,0.9173500395902234,0.8625757454186294,253.18612607705566,47.57839887393722,7993977.983963837,3.1672107001664844e-05,1381,0.029306195829665968,-1.445965571882522,1.4440828042107998,-4095.9999999999995,4090.666666666666,C:\Users\kimeu\Downloads\starlink_pathB_wsl_package_v0_3_clean\starlink_pathB\paper_final_experiment_check\outputs\random1200_null_random1200_seed3\4_76_lst000_stress_full_polybeam_smooth_S30_single.npz,9.10175923472585,9444.443085672718,1.7798436919007438e-05,140609741.2109375,False,False,False,False,False,False,False,False,False,False,False,False
4_76,93.9206796714852,mid,stress,0,2461041.5,2461041.506822953,full_polybeam,smooth,30.0,multi,coherent_ab,4,2,2,46696;48481,76.053;75.131,0.2350680443548387,7.117139047722464e-05,0.5502745938468236,1,4,4,4,0.3308758856684498,0.5502745938468236,0.3308758856684498,0.7280464634021924,7.117139047722464e-05,7731.682494287019,0.12347564713345663,0.06994321541247117,0.00025432864669756833,False,20270210,100,-0.5766693648098292,-0.467938179559694,0.6831683168316832,0.7722772277227723,1.682670769521792,305.1624924304553,2.0589608426234918,2.95775889890283,3.1393300592804008,313.0070931460568,345.42912782132555,350.0614703535468,0.44012079135427484,2.3141182035084276,1.3732384592830136,305.1624924304553,39.79508043146749,7993977.983963837,3.8174047144315454e-05,1381,0.029306195829665968,-1.445965571882522,1.4440828042107998,-4095.9999999999995,4090.666666666666,C:\Users\kimeu\Downloads\starlink_pathB_wsl_package_v0_3_clean\starlink_pathB\paper_final_experiment_check\outputs\random1200_null_random1200_seed3\4_76_lst000_stress_full_polybeam_smooth_S30_multi.npz,9.10175923472585,9444.443085672718,1.7798436919007438e-05,140609741.2109375,False,False,False,False,False,False,False,False,False,False,False,False
4_76,93.9206796714852,mid,stress,0,2461041.5,2461041.506822953,full_polybeam,smooth,1000.0,single,coherent_ab,4,2,1,46696,76.053,0.2350680443548387,7.117139047722464e-05,0.5502745938468236,1,4,4,4,0.3308758856684498,0.5502745938468236,0.3308758856684498,0.7280464634021924,7.117139047722464e-05,7731.682494287019,2.331440513749039,2.331440513749039,0.004183913768269524,False,20270227,100,-0.9827092170923499,-0.38212360197792294,0.9801980198019802,0.7227722772277227,33.464992384644574,8451.667432539765,52.59500925068278,99.98823010741799,100.61225006628548,8505.294548011465,8699.328575545313,8711.149074109664,13.130048421598985,0.9468727380952905,0.9127681837625354,8451.667432539765,1654.0788151256525,7993977.983963837,0.0010572542793455357,1381,0.029306195829665968,-1.445965571882522,1.4440828042107998,-4095.9999999999995,4090.666666666666,C:\Users\kimeu\Downloads\starlink_pathB_wsl_package_v0_3_clean\starlink_pathB\paper_final_experiment_check\outputs\random1200_null_random1200_seed3\4_76_lst000_stress_full_polybeam_smooth_S1000_single.npz,9.10175923472585,9444.443085672718,1.7798436919007438e-05,140609741.2109375,False,False,False,False,False,False,False,False,False,False,False,False
4_76,93.9206796714852,mid,stress,0,2461041.5,2461041.506822953,full_polybeam,smooth,1000.0,multi,coherent_ab,4,2,2,46696;48481,76.053;75.131,0.2350680443548387,7.117139047722464e-05,0.5502745938468236,1,4,4,4,0.3308758856684498,0.5502745938468236,0.3308758856684498,0.7280464634021924,7.117139047722464e-05,7731.682494287019,4.115854904448555,2.331440513749039,0.008477621556585612,False,20270244,100,-0.5579787749790892,-0.6699256892584147,0.7425742574257426,0.7326732673267327,55.77218555079162,10178.781091365498,65.23637631670135,99.96487860214728,107.4462986270804,10577.53005767525,11586.949228205887,11769.291676223422,11.440415843360825,2.1985090890361074,1.451925260853147,10178.781091365498,1378.1620971598036,7993977.983963837,0.001273306120155002,1381,0.029306195829665968,-1.445965571882522,1.4440828042107998,-4095.9999999999995,4090.666666666666,C:\Users\kimeu\Downloads\starlink_pathB_wsl_package_v0_3_clean\starlink_pathB\paper_final_experiment_check\outputs\random1200_null_random1200_seed3\4_76_lst000_stress_full_polybeam_smooth_S1000_multi.npz,9.10175923472585,9444.443085672718,1.7798436919007438e-05,140609741.2109375,False,False,False,False,False,False,False,False,False,False,False,False
4_76,93.9206796714852,mid,stress,0,2461041.5,2461041.506822953,full_polybeam,lines,30.0,single,coherent_ab,4,2,1,46696,76.053,0.2350680443548387,7.117139047722464e-05,0.5502745938468236,1,4,4,4,0.3308758856684498,0.5502745938468236,0.3308758856684498,0.7280464634021924,7.117139047722464e-05,7731.682494287019,0.06992467533759801,0.06992467533759801,0.0001256518290517386,False,20270261,100,-0.9411346016477566,-0.3774287207412414,0.9405940594059405,0.7326732673267327,0.9921170320740202,253.15932093672134,1.367485507242236,3.0060125884490843,3.0207818687841064,254.59429011592601,260.71101906590087,260.7970198516305,0.26901844588064705,0.9067930815592982,0.8544789499362012,253.15932093672134,47.55887823187338,7993977.983963837,3.1668753835020145e-05,1381,0.029306195829665968,-1.445965571882522,1.4440828042107998,-4095.9999999999995,4090.666666666666,C:\Users\kimeu\Downloads\starlink_pathB_wsl_package_v0_3_clean\starlink_pathB\paper_final_experiment_check\outputs\random1200_null_random1200_seed3\4_76_lst000_stress_full_polybeam_lines_S30_single.npz,9.10175923472585,9444.443085672718,1.7798436919007438e-05,140609741.2109375,False,False,False,False,False,False,False,False,False,False,False,False
4_76,93.9206796714852,mid,stress,0,2461041.5,2461041.506822953,full_polybeam,lines,30.0,multi,coherent_ab,4,2,2,46696;48481,76.053;75.131,0.2350680443548387,7.117139047722464e-05,0.5502745938468236,1,4,4,4,0.3308758856684498,0.5502745938468236,0.3308758856684498,0.7280464634021924,7.117139047722464e-05,7731.682494287019,0.12344291704334903,0.06992467533759801,0.00025455295733142373,False,20270278,100,-0.3072461454892135,-0.4127829242522238,0.5841584158415841,0.693069306930693,1.6965085101983277,305.2082671369012,1.8251016086614982,2.811721199456224,3.108127389271613,312.44374768635464,348.0656083574592,352.1704949018693,0.2822976233201189,2.305433677331211,1.3707836665447282,305.2082671369012,39.80143687753782,7993977.983963837,3.8179773292991084e-05,1381,0.029306195829665968,-1.445965571882522,1.4440828042107998,-4095.9999999999995,4090.666666666666,C:\Users\kimeu\Downloads\starlink_pathB_wsl_package_v0_3_clean\starlink_pathB\paper_final_experiment_check\outputs\random1200_null_random1200_seed3\4_76_lst000_stress_full_polybeam_lines_S30_multi.npz,9.10175923472585,9444.443085672718,1.7798436919007438e-05,140609741.2109375,False,False,False,False,False,False,False,False,False,False,False,False
4_76,93.9206796714852,mid,stress,0,2461041.5,2461041.506822953,full_polybeam,lines,1000.0,single,coherent_ab,4,2,1,46696,76.053,0.2350680443548387,7.117139047722464e-05,0.5502745938468236,1,4,4,4,0.3308758856684498,0.5502745938468236,0.3308758856684498,0.7280464634021924,7.117139047722464e-05,7731.682494287019,2.3308225112532672,2.3308225112532672,0.004188394301724619,False,20270295,100,-0.9739665655747997,-0.3556342043242659,0.9702970297029703,0.7227722772277227,33.14735885369009,8451.554614591623,55.50912510023045,96.77180844552531,100.28181362654185,8489.476398704535,8685.938698324666,8701.366272473195,15.485957354158018,1.0643341972073455,1.028360262761964,8451.554614591623,1653.392715724916,7993977.983963837,0.0010572401664785292,1381,0.029306195829665968,-1.445965571882522,1.4440828042107998,-4095.9999999999995,4090.666666666666,C:\Users\kimeu\Downloads\starlink_pathB_wsl_package_v0_3_clean\starlink_pathB\paper_final_experiment_check\outputs\random1200_null_random1200_seed3\4_76_lst000_stress_full_polybeam_lines_S1000_single.npz,9.10175923472585,9444.443085672718,1.7798436919007438e-05,140609741.2109375,False,False,False,False,False,False,False,False,False,False,False,False
4_76,93.9206796714852,mid,stress,0,2461041.5,2461041.506822953,full_polybeam,lines,1000.0,multi,coherent_ab,4,2,2,46696;48481,76.053;75.131,0.2350680443548387,7.117139047722464e-05,0.5502745938468236,1,4,4,4,0.3308758856684498,0.5502745938468236,0.3308758856684498,0.7280464634021924,7.117139047722464e-05,7731.682494287019,4.114763901444968,2.3308225112532672,0.008485098577714125,False,20270312,100,-0.49612014454139725,-0.8078817514290313,0.7029702970297029,0.8217821782178217,56.23238516366837,10180.511311135655,65.90159112578294,100.62803225187709,107.91796127699826,10600.882293617979,11585.979432886978,11748.235603451936,13.145586093769452,2.40692858979447,1.3855509765129213,10180.511311135655,1378.3372069481777,7993977.983963837,0.0012735225605522145,1381,0.029306195829665968,-1.445965571882522,1.4440828042107998,-4095.9999999999995,4090.666666666666,C:\Users\kimeu\Downloads\starlink_pathB_wsl_package_v0_3_clean\starlink_pathB\paper_final_experiment_check\outputs\random1200_null_random1200_seed3\4_76_lst000_stress_full_polybeam_lines_S1000_multi.npz,9.10175923472585,9444.443085672718,1.7798436919007438e-05,140609741.2109375,False,False,False,False,False,False,False,False,False,False,False,False
4_76,93.9206796714852,mid,stress,0,2461041.5,2461041.506822953,full_polybeam,khz_comb,30.0,single,coherent_ab,4,2,1,46696,76.053,0.2350680443548387,7.117139047722464e-05,0.5502745938468236,1,4,4,4,0.3308758856684498,0.5502745938468236,0.3308758856684498,0.7280464634021924,7.117139047722464e-05,7731.682494287019,0.05754649040912135,0.05754649040912135,0.00010955882861436083,False,20270329,100,-0.8298295036854757,-0.4369247260651195,0.9504950495049505,0.7425742574257426,0.8494038727221778,208.90575381443549,1.3561283008020837,2.473309110942864,2.5584904090331837,210.59180885377359,215.4415022801733,215.52932067323437,0.41186887526055216,1.054241368964182,0.9759531359792871,208.90575381443549,38.90294411222607,7993977.983963837,2.6132890812747643e-05,1381,0.029306195829665968,-1.445965571882522,1.4440828042107998,-4095.9999999999995,4090.666666666666,C:\Users\kimeu\Downloads\starlink_pathB_wsl_package_v0_3_clean\starlink_pathB\paper_final_experiment_check\outputs\random1200_null_random1200_seed3\4_76_lst000_stress_full_polybeam_khz_comb_S30_single.npz,9.10175923472585,9444.443085672718,1.7798436919007438e-05,140609741.2109375,False,False,False,False,False,False,False,False,False,False,False,False
4_76,93.9206796714852,mid,stress,0,2461041.5,2461041.506822953,full_polybeam,khz_comb,30.0,multi,coherent_ab,4,2,2,46696;48481,76.053;75.131,0.2350680443548387,7.117139047722464e-05,0.5502745938468236,1,4,4,4,0.3308758856684498,0.5502745938468236,0.3308758856684498,0.7280464634021924,7.117139047722464e-05,7731.682494287019,0.10159084196547472,0.05754649040912135,0.00022134405193750492,False,20270346,100,-0.9614584791103697,-0.8612802247979091,0.8613861386138614,0.8415841584158416,1.297275419732614,252.05871158438538,1.7880927218284342,2.557753766717724,2.638635385963062,263.9911464368457,288.6296656540907,292.20733415583095,0.34432244558411185,2.1135297215777475,1.574545870031953,252.05871158438538,32.519035542553695,7993977.983963837,3.153107402722685e-05,1381,0.029306195829665968,-1.445965571882522,1.4440828042107998,-4095.9999999999995,4090.666666666666,C:\Users\kimeu\Downloads\starlink_pathB_wsl_package_v0_3_clean\starlink_pathB\paper_final_experiment_check\outputs\random1200_null_random1200_seed3\4_76_lst000_stress_full_polybeam_khz_comb_S30_multi.npz,9.10175923472585,9444.443085672718,1.7798436919007438e-05,140609741.2109375,False,False,False,False,False,False,False,False,False,False,False,False
4_76,93.9206796714852,mid,stress,0,2461041.5,2461041.506822953,full_polybeam,khz_comb,1000.0,single,coherent_ab,4,2,1,46696,76.053,0.2350680443548387,7.117139047722464e-05,0.5502745938468236,1,4,4,4,0.3308758856684498,0.5502745938468236,0.3308758856684498,0.7280464634021924,7.117139047722464e-05,7731.682494287019,1.9182163469707119,1.9182163469707119,0.003651960953812028,False,20270363,100,-0.8369873724795964,-0.4589365969440723,0.9603960396039604,0.7227722772277227,28.3675781552447,6972.294120342183,44.85644643850537,84.07952681681346,85.16766013749839,7034.720868517539,7181.515554963705,7188.400819172585,13.28764286889782,0.9390686390734853,0.8282284476742283,6972.294120342183,1343.0260432867526,7993977.983963837,0.0008721933103054346,1381,0.029306195829665968,-1.445965571882522,1.4440828042107998,-4095.9999999999995,4090.666666666666,C:\Users\kimeu\Downloads\starlink_pathB_wsl_package_v0_3_clean\starlink_pathB\paper_final_experiment_check\outputs\random1200_null_random1200_seed3\4_76_lst000_stress_full_polybeam_khz_comb_S1000_single.npz,9.10175923472585,9444.443085672718,1.7798436919007438e-05,140609741.2109375,False,False,False,False,False,False,False,False,False,False,False,False
4_76,93.9206796714852,mid,stress,0,2461041.5,2461041.506822953,full_polybeam,khz_comb,1000.0,multi,coherent_ab,4,2,2,46696;48481,76.053;75.131,0.2350680443548387,7.117139047722464e-05,0.5502745938468236,1,4,4,4,0.3308758856684498,0.5502745938468236,0.3308758856684498,0.7280464634021924,7.117139047722464e-05,7731.682494287019,3.386361398849158,1.9182163469707119,0.0073781350645834975,False,20270380,100,-0.6827435232130552,-0.5218106269230747,0.8415841584158416,0.693069306930693,43.02703873883729,8406.160264457712,54.266790378755104,84.25784265096881,86.57516885523155,8661.597764493232,9567.65441683569,9675.574362476704,11.103889472666197,1.9982810862134746,1.4712067191409217,8406.160264457712,1119.067838137136,7993977.983963837,0.0010515615981581043,1381,0.029306195829665968,-1.445965571882522,1.4440828042107998,-4095.9999999999995,4090.666666666666,C:\Users\kimeu\Downloads\starlink_pathB_wsl_package_v0_3_clean\starlink_pathB\paper_final_experiment_check\outputs\random1200_null_random1200_seed3\4_76_lst000_stress_full_polybeam_khz_comb_S1000_multi.npz,9.10175923472585,9444.443085672718,1.7798436919007438e-05,140609741.2109375,False,False,False,False,False,False,False,False,False,False,False,False
82_0,81.33403506806889,mid,quiet,17,2461041.6180555555,2461041.624878509,frozen_polybeam,smooth,30.0,single,coherent_ab,2,4,1,47854,83.414,0.1657111055107527,1.2752918363449973e-07,0.0684687078802128,0,2,2,2,0.0,0.0684687078802128,0.0,0.2805166207424566,1.2752918363449973e-07,536886.5849282395,0.10944570895427569,0.10944570895427569,0.0005421855054310071,False,20270414,100,-0.1972876634460534,-0.9991797001614081,0.5346534653465347,0.9405940594059405,2.6414877798233647,206.4509326657616,2.835849638973741,4.73235682677223,4.752928494414082,209.30835763322784,213.28126817022832,213.3907079154462,0.664487964942964,1.0791052661290916,0.9926337827187937,206.4509326657616,-2.1272587009723374,5860319.622375866,3.522861310797637e-05,1397,0.0253787682080139,-1.445965571882522,1.4440828042107998,-4095.9999999999995,4090.666666666666,C:\Users\kimeu\Downloads\starlink_pathB_wsl_package_v0_3_clean\starlink_pathB\paper_final_experiment_check\outputs\random1200_null_random1200_seed3\82_0_lst017_quiet_frozen_polybeam_smooth_S30_single.npz,9.10175923472585,9444.443085672718,1.7798436919007438e-05,140609741.2109375,False,False,False,False,False,False,False,False,False,False,False,False
82_0,81.33403506806889,mid,quiet,17,2461041.6180555555,2461041.624878509,frozen_polybeam,smooth,30.0,multi,coherent_ab,2,4,4,47854;47857;58206;59742,83.414;83.372;82.276;76.763,0.1657111055107527,1.2752918363449973e-07,0.0684687078802128,0,2,2,2,0.0,0.0684687078802128,0.0,0.2805166207424566,1.2752918363449973e-07,536886.5849282395,0.6793461645204378,0.4131165600078544,0.0023292757059483987,False,20270431,100,0.015447936742939842,-1.1536478400460104,0.49504950495049505,0.8514851485148515,10.960852903685009,983.4598850252085,10.908313861317765,17.208663197053465,19.739162233610845,1037.37806054002,1140.4665218736354,1165.215902518565,2.293969685281809,2.199529072673255,1.1328308747105102,983.4598850252085,16.234131329180517,5860319.622375866,0.00016781676570509275,1397,0.0253787682080139,-1.445965571882522,1.4440828042107998,-4095.9999999999995,4090.666666666666,C:\Users\kimeu\Downloads\starlink_pathB_wsl_package_v0_3_clean\starlink_pathB\paper_final_experiment_check\outputs\random1200_null_random1200_seed3\82_0_lst017_quiet_frozen_polybeam_smooth_S30_multi.npz,9.10175923472585,9444.443085672718,1.7798436919007438e-05,140609741.2109375,False,False,False,False,False,False,False,False,False,False,False,False
82_0,81.33403506806889,mid,quiet,17,2461041.6180555555,2461041.624878509,frozen_polybeam,smooth,1000.0,single,coherent_ab,2,4,1,47854,83.414,0.1657111055107527,1.2752918363449973e-07,0.0684687078802128,0,2,2,2,0.0,0.0684687078802128,0.0,0.2805166207424566,1.2752918363449973e-07,536886.5849282395,3.6481902984758565,3.6481902984758565,0.01807285018103357,False,20270448,100,-0.027860509327258462,-1.0842669172395507,0.5247524752475248,0.9603960396039604,86.6291262335435,6912.96682690859,87.41738462201101,154.37993682780615,156.25931552998662,6997.325458612502,7153.006824198494,7165.151466651641,19.08339122074358,1.1774674754210692,1.028088804489757,6912.96682690859,-644.9957489852418,5860319.622375866,0.0011796228315796133,1397,0.0253787682080139,-1.445965571882522,1.4440828042107998,-4095.9999999999995,4090.666666666666,C:\Users\kimeu\Downloads\starlink_pathB_wsl_package_v0_3_clean\starlink_pathB\paper_final_experiment_check\outputs\random1200_null_random1200_seed3\82_0_lst017_quiet_frozen_polybeam_smooth_S1000_single.npz,9.10175923472585,9444.443085672718,1.7798436919007438e-05,140609741.2109375,False,False,False,False,False,False,False,False,False,False,False,False
82_0,81.33403506806889,mid,quiet,17,2461041.6180555555,2461041.624878509,frozen_polybeam,smooth,1000.0,multi,coherent_ab,2,4,4,47854;47857;58206;59742,83.414;83.372;82.276;76.763,0.1657111055107527,1.2752918363449973e-07,0.0684687078802128,0,2,2,2,0.0,0.0684687078802128,0.0,0.2805166207424566,1.2752918363449973e-07,536886.5849282395,22.644872150681262,13.770552000261814,0.07764252353161327,False,20270465,100,-0.1358215324909296,-1.0991145481452862,0.5346534653465347,0.8712871287128713,369.04038266269345,32716.112316109837,382.5820238715778,549.3386061804147,616.0397575257558,34876.066408984625,38290.012839983065,38878.21411441013,67.24789284902181,2.2635418319976175,1.3327318817720553,32716.112316109837,70.26626516856163,5860319.622375866,0.0055826498253087106,1397,0.0253787682080139,-1.445965571882522,1.4440828042107998,-4095.9999999999995,4090.666666666666,C:\Users\kimeu\Downloads\starlink_pathB_wsl_package_v0_3_clean\starlink_pathB\paper_final_experiment_check\outputs\random1200_null_random1200_seed3\82_0_lst017_quiet_frozen_polybeam_smooth_S1000_multi.npz,9.10175923472585,9444.443085672718,1.7798436919007438e-05,140609741.2109375,False,False,False,False,False,False,False,False,False,False,False,False
82_0,81.33403506806889,mid,quiet,17,2461041.6180555555,2461041.624878509,frozen_polybeam,lines,30.0,single,coherent_ab,2,4,1,47854,83.414,0.1657111055107527,1.2752918363449973e-07,0.0684687078802128,0,2,2,2,0.0,0.0684687078802128,0.0,0.2805166207424566,1.2752918363449973e-07,536886.5849282395,0.10944530798920558,0.10944530798920558,0.000542592856462042,False,20270482,100,-0.039358383910918227,-1.0665820252682405,0.5841584158415841,0.9801980198019802,2.6666330929874675,206.58114863724666,2.6975757599539065,4.640268988940442,4.748091791581392,208.98076068715972,213.3178120079,213.40192224079885,0.5302693065259518,1.0876087906168652,1.0174200801168753,206.58114863724666,-2.109147966660128,5860319.622375866,3.5250833051576014e-05,1397,0.0253787682080139,-1.445965571882522,1.4440828042107998,-4095.9999999999995,4090.666666666666,C:\Users\kimeu\Downloads\starlink_pathB_wsl_package_v0_3_clean\starlink_pathB\paper_final_experiment_check\outputs\random1200_null_random1200_seed3\82_0_lst017_quiet_frozen_polybeam_lines_S30_single.npz,9.10175923472585,9444.443085672718,1.7798436919007438e-05,140609741.2109375,False,False,False,False,False,False,False,False,False,False,False,False
82_0,81.33403506806889,mid,quiet,17,2461041.6180555555,2461041.624878509,frozen_polybeam,lines,30.0,multi,coherent_ab,2,4,4,47854;47857;58206;59742,83.414;83.372;82.276;76.763,0.1657111055107527,1.2752918363449973e-07,0.0684687078802128,0,2,2,2,0.0,0.0684687078802128,0.0,0.2805166207424566,1.2752918363449973e-07,536886.5849282395,0.6793310281458764,0.41310230418883986,0.0023312386032946207,False,20270499,100,-0.1613727914087136,-0.7780259213930882,0.5742574257425742,0.8514851485148515,10.882404909127217,982.5865019067671,11.431388757647255,16.194901016314905,20.676948235372112,1034.783035716117,1143.6396177862887,1157.2907525283113,2.2945908643969233,2.5186950728175312,1.1721161911585232,982.5865019067671,16.180139314810337,5860319.622375866,0.0001676677323460407,1397,0.0253787682080139,-1.445965571882522,1.4440828042107998,-4095.9999999999995,4090.666666666666,C:\Users\kimeu\Downloads\starlink_pathB_wsl_package_v0_3_clean\starlink_pathB\paper_final_experiment_check\outputs\random1200_null_random1200_seed3\82_0_lst017_quiet_frozen_polybeam_lines_S30_multi.npz,9.10175923472585,9444.443085672718,1.7798436919007438e-05,140609741.2109375,False,False,False,False,False,False,False,False,False,False,False,False
82_0,81.33403506806889,mid,quiet,17,2461041.6180555555,2461041.624878509,frozen_polybeam,lines,1000.0,single,coherent_ab,2,4,1,47854,83.414,0.1657111055107527,1.2752918363449973e-07,0.0684687078802128,0,2,2,2,0.0,0.0684687078802128,0.0,0.2805166207424566,1.2752918363449973e-07,536886.5849282395,3.6481769329735196,3.6481769329735196,0.01808642854873473,False,20270516,100,-0.09744622592573662,-0.9949239386355222,0.5643564356435643,0.9702970297029703,87.45938343977468,6916.757991512441,90.46250282175788,154.84808790972275,156.1433481656581,7012.301565557989,7146.107205247894,7165.392640197537,20.78660567415318,1.2183588104467253,1.0878620971880455,6916.757991512441,-644.2678070384691,5860319.622375866,0.0011802697527115897,1397,0.0253787682080139,-1.445965571882522,1.4440828042107998,-4095.9999999999995,4090.666666666666,C:\Users\kimeu\Downloads\starlink_pathB_wsl_package_v0_3_clean\starlink_pathB\paper_final_experiment_check\outputs\random1200_null_random1200_seed3\82_0_lst017_quiet_frozen_polybeam_lines_S1000_single.npz,9.10175923472585,9444.443085672718,1.7798436919007438e-05,140609741.2109375,False,False,False,False,False,False,False,False,False,False,False,False
82_0,81.33403506806889,mid,quiet,17,2461041.6180555555,2461041.624878509,frozen_polybeam,lines,1000.0,multi,coherent_ab,2,4,4,47854;47857;58206;59742,83.414;83.372;82.276;76.763,0.1657111055107527,1.2752918363449973e-07,0.0684687078802128,0,2,2,2,0.0,0.0684687078802128,0.0,0.2805166207424566,1.2752918363449973e-07,536886.5849282395,22.64436760486255,13.77007680629466,0.07770795344315398,False,20270533,100,-0.18181016862233354,-1.1246237354274782,0.6039603960396039,0.9207920792079208,366.3436095027064,32686.776230444142,384.5887910565498,548.0318619188149,692.9060023522984,34706.59853888267,37794.85008389788,39096.02424494471,67.68711814245853,2.244648051786608,1.193634732759162,32686.776230444142,67.67758480336602,5860319.622375866,0.005577643940381601,1397,0.0253787682080139,-1.445965571882522,1.4440828042107998,-4095.9999999999995,4090.666666666666,C:\Users\kimeu\Downloads\starlink_pathB_wsl_package_v0_3_clean\starlink_pathB\paper_final_experiment_check\outputs\random1200_null_random1200_seed3\82_0_lst017_quiet_frozen_polybeam_lines_S1000_multi.npz,9.10175923472585,9444.443085672718,1.7798436919007438e-05,140609741.2109375,False,False,False,False,False,False,False,False,False,False,False,False
82_0,81.33403506806889,mid,quiet,17,2461041.6180555555,2461041.624878509,frozen_polybeam,khz_comb,30.0,single,coherent_ab,2,4,1,47854,83.414,0.1657111055107527,1.2752918363449973e-07,0.0684687078802128,0,2,2,2,0.0,0.0684687078802128,0.0,0.2805166207424566,1.2752918363449973e-07,536886.5849282395,0.10907062024416991,0.10907062024416991,0.0004931192834234172,False,20270550,100,0.08320729849704873,-0.7598100693376905,0.4158415841584158,0.8811881188118812,3.0788915221346542,201.8269530649781,3.0235505767705035,4.398744778020773,4.503728137005673,205.06564471817802,210.24039257071303,210.27182979175083,0.44860194890407,0.8644454321807542,0.8192815496277142,201.8269530649781,-1.766977393448066,5860319.622375866,3.443958112700247e-05,1397,0.0253787682080139,-1.445965571882522,1.4440828042107998,-4095.9999999999995,4090.666666666666,C:\Users\kimeu\Downloads\starlink_pathB_wsl_package_v0_3_clean\starlink_pathB\paper_final_experiment_check\outputs\random1200_null_random1200_seed3\82_0_lst017_quiet_frozen_polybeam_khz_comb_S30_single.npz,9.10175923472585,9444.443085672718,1.7798436919007438e-05,140609741.2109375,False,False,False,False,False,False,False,False,False,False,False,False
82_0,81.33403506806889,mid,quiet,17,2461041.6180555555,2461041.624878509,frozen_polybeam,khz_comb,30.0,multi,coherent_ab,2,4,4,47854;47857;58206;59742,83.414;83.372;82.276;76.763,0.1657111055107527,1.2752918363449973e-07,0.0684687078802128,0,2,2,2,0.0,0.0684687078802128,0.0,0.2805166207424566,1.2752918363449973e-07,536886.5849282395,0.6763551999360531,0.4110591580303033,0.0021164325700162947,False,20270567,100,-1.1357234229236792,-0.833122496820248,0.8514851485148515,0.7722772277227723,10.009858107333457,970.6534014027663,12.388823431165292,18.755775548507152,20.690884682605322,1019.2067832349737,1099.01421339308,1116.5975679311268,1.4128352868774527,2.608981024370479,1.2565767175477571,970.6534014027663,5.594055652302213,5860319.622375866,0.00016563147813587138,1397,0.0253787682080139,-1.445965571882522,1.4440828042107998,-4095.9999999999995,4090.666666666666,C:\Users\kimeu\Downloads\starlink_pathB_wsl_package_v0_3_clean\starlink_pathB\paper_final_experiment_check\outputs\random1200_null_random1200_seed3\82_0_lst017_quiet_frozen_polybeam_khz_comb_S30_multi.npz,9.10175923472585,9444.443085672718,1.7798436919007438e-05,140609741.2109375,False,False,False,False,False,False,False,False,False,False,False,False
82_0,81.33403506806889,mid,quiet,17,2461041.6180555555,2461041.624878509,frozen_polybeam,khz_comb,1000.0,single,coherent_ab,2,4,1,47854,83.414,0.1657111055107527,1.2752918363449973e-07,0.0684687078802128,0,2,2,2,0.0,0.0684687078802128,0.0,0.2805166207424566,1.2752918363449973e-07,536886.5849282395,3.635687341472331,3.635687341472331,0.01643730944744724,False,20270584,100,0.16303194381581707,-0.9081379159893628,0.38613861386138615,0.8712871287128713,100.67840514798445,6751.304608425773,97.16792913220343,147.3277564745309,147.6775382603755,6864.026930690518,7040.927813238326,7046.056786490485,14.523433743042915,0.8530601410933096,0.8009586185964659,6751.304608425773,-659.7597335968412,5860319.622375866,0.0011520369269020668,1397,0.0253787682080139,-1.445965571882522,1.4440828042107998,-4095.9999999999995,4090.666666666666,C:\Users\kimeu\Downloads\starlink_pathB_wsl_package_v0_3_clean\starlink_pathB\paper_final_experiment_check\outputs\random1200_null_random1200_seed3\82_0_lst017_quiet_frozen_polybeam_khz_comb_S1000_single.npz,9.10175923472585,9444.443085672718,1.7798436919007438e-05,140609741.2109375,False,False,False,False,False,False,False,False,False,False,False,False
82_0,81.33403506806889,mid,quiet,17,2461041.6180555555,2461041.624878509,frozen_polybeam,khz_comb,1000.0,multi,coherent_ab,2,4,4,47854;47857;58206;59742,83.414;83.372;82.276;76.763,0.1657111055107527,1.2752918363449973e-07,0.0684687078802128,0,2,2,2,0.0,0.0684687078802128,0.0,0.2805166207424566,1.2752918363449973e-07,536886.5849282395,22.54517333120177,13.701971934343444,0.07054775233387647,False,20270601,100,-0.8049694873528049,-0.8149842751900982,0.801980198019802,0.8712871287128713,329.13836114273636,32291.562710575654,401.7134765016781,570.1630007520162,675.0073608054137,34047.831016079595,37007.095557315384,37934.075770058014,60.8113045856353,2.866895618038898,1.094411259044644,32291.562710575654,-509.67655500105707,5860319.622375866,0.0055102050385238445,1397,0.0253787682080139,-1.445965571882522,1.4440828042107998,-4095.9999999999995,4090.666666666666,C:\Users\kimeu\Downloads\starlink_pathB_wsl_package_v0_3_clean\starlink_pathB\paper_final_experiment_check\outputs\random1200_null_random1200_seed3\82_0_lst017_quiet_frozen_polybeam_khz_comb_S1000_multi.npz,9.10175923472585,9444.443085672718,1.7798436919007438e-05,140609741.2109375,False,False,False,False,False,False,False,False,False,False,False,False
82_0,81.33403506806889,mid,quiet,17,2461041.6180555555,2461041.624878509,full_polybeam,smooth,30.0,single,coherent_ab,2,4,1,47854,83.414,0.1657111055107527,1.2752918363449973e-07,0.0684687078802128,0,2,2,2,0.0,0.0684687078802128,0.0,0.2805166207424566,1.2752918363449973e-07,536886.5849282395,0.2078519853563268,0.2078519853563268,0.0009112500155807668,False,20270618,100,-0.7179152222697349,-0.1490332641866384,0.8613861386138614,0.594059405940594,2.968553856400831,291.1494746759271,4.363309785931051,7.0134597822067,7.189023453588743,292.097645143945,300.764811395937,300.7909864439492,1.3103914738276217,1.136882385311093,1.0157390371477206,291.1494746759271,-5.984249304857919,5860319.622375866,4.9681500914090156e-05,1397,0.0253787682080139,-1.445965571882522,1.4440828042107998,-4095.9999999999995,4090.666666666666,C:\Users\kimeu\Downloads\starlink_pathB_wsl_package_v0_3_clean\starlink_pathB\paper_final_experiment_check\outputs\random1200_null_random1200_seed3\82_0_lst017_quiet_full_polybeam_smooth_S30_single.npz,9.10175923472585,9444.443085672718,1.7798436919007438e-05,140609741.2109375,False,False,False,False,False,False,False,False,False,False,False,False
82_0,81.33403506806889,mid,quiet,17,2461041.6180555555,2461041.624878509,full_polybeam,smooth,30.0,multi,coherent_ab,2,4,4,47854;47857;58206;59742,83.414;83.372;82.276;76.763,0.1657111055107527,1.2752918363449973e-07,0.0684687078802128,0,2,2,2,0.0,0.0684687078802128,0.0,0.2805166207424566,1.2752918363449973e-07,536886.5849282395,1.3358202572076696,0.8198095891499508,0.004025517970709796,False,20270635,100,1.2613462349303066,-1.0106746853494295,0.1188118811881188,0.8613861386138614,28.74891570271575,1559.7691804815877,17.88051864258341,29.548656350752935,32.412653641582224,1639.8990568986792,1766.6623678860626,1798.5261691014066,5.811753493509968,1.8415774858106646,1.2450528471083708,1559.7691804815877,145.38640092807935,5860319.622375866,0.0002661576980419427,1397,0.0253787682080139,-1.445965571882522,1.4440828042107998,-4095.9999999999995,4090.666666666666,C:\Users\kimeu\Downloads\starlink_pathB_wsl_package_v0_3_clean\starlink_pathB\paper_final_experiment_check\outputs\random1200_null_random1200_seed3\82_0_lst017_quiet_full_polybeam_smooth_S30_multi.npz,9.10175923472585,9444.443085672718,1.7798436919007438e-05,140609741.2109375,False,False,False,False,False,False,False,False,False,False,False,False
82_0,81.33403506806889,mid,quiet,17,2461041.6180555555,2461041.624878509,full_polybeam,smooth,1000.0,single,coherent_ab,2,4,1,47854,83.414,0.1657111055107527,1.2752918363449973e-07,0.0684687078802128,0,2,2,2,0.0,0.0684687078802128,0.0,0.2805166207424566,1.2752918363449973e-07,536886.5849282395,6.92839951187756,6.92839951187756,0.03037500051935889,False,20270652,100,-0.6392977093770444,-0.0869886623296754,0.8316831683168316,0.5247524752475248,98.82650600539637,9713.50865991857,136.6116052039015,229.2840627399346,236.52215453764998,9731.736938482267,10041.610644439528,10055.032116247972,39.865151840028375,1.1568983744689358,1.033243844043817,9713.50865991857,-579.1506643950753,5860319.622375866,0.0016575049290537775,1397,0.0253787682080139,-1.445965571882522,1.4440828042107998,-4095.9999999999995,4090.666666666666,C:\Users\kimeu\Downloads\starlink_pathB_wsl_package_v0_3_clean\starlink_pathB\paper_final_experiment_check\outputs\random1200_null_random1200_seed3\82_0_lst017_quiet_full_polybeam_smooth_S1000_single.npz,9.10175923472585,9444.443085672718,1.7798436919007438e-05,140609741.2109375,False,False,False,False,False,False,False,False,False,False,False,False
82_0,81.33403506806889,mid,quiet,17,2461041.6180555555,2461041.624878509,full_polybeam,smooth,1000.0,multi,coherent_ab,2,4,4,47854;47857;58206;59742,83.414;83.372;82.276;76.763,0.1657111055107527,1.2752918363449973e-07,0.0684687078802128,0,2,2,2,0.0,0.0684687078802128,0.0,0.2805166207424566,1.2752918363449973e-07,536886.5849282395,44.52734190692232,27.32698630499836,0.1341839323569932,False,20270669,100,0.8763918950797176,-0.8215210099279874,0.1485148514851485,0.8217821782178217,997.4243169023393,52721.03237196225,725.3763072981965,1119.9707738673128,1154.8535343627696,54846.5345097723,59496.15160783914,60577.73501841831,209.37421904763687,1.921627997085054,1.0536221576170286,52721.03237196225,9875.768852336008,5860319.622375866,0.008996272519106783,1397,0.0253787682080139,-1.445965571882522,1.4440828042107998,-4095.9999999999995,4090.666666666666,C:\Users\kimeu\Downloads\starlink_pathB_wsl_package_v0_3_clean\starlink_pathB\paper_final_experiment_check\outputs\random1200_null_random1200_seed3\82_0_lst017_quiet_full_polybeam_smooth_S1000_multi.npz,9.10175923472585,9444.443085672718,1.7798436919007438e-05,140609741.2109375,False,False,False,False,False,False,False,False,False,False,False,False
82_0,81.33403506806889,mid,quiet,17,2461041.6180555555,2461041.624878509,full_polybeam,lines,30.0,single,coherent_ab,2,4,1,47854,83.414,0.1657111055107527,1.2752918363449973e-07,0.0684687078802128,0,2,2,2,0.0,0.0684687078802128,0.0,0.2805166207424566,1.2752918363449973e-07,536886.5849282395,0.20782649294965225,0.20782649294965225,0.0009117605492029847,False,20270686,100,-0.33056617616424266,-0.1449658854436266,0.8316831683168316,0.5841584158415841,2.9962729424223653,291.26791072237324,3.3688060629974643,7.117632556911485,7.194314980250856,292.1507628435557,300.37119716229626,300.78184033667884,0.7601205614637365,0.969389784127173,0.8761708303033185,291.26791072237324,-5.964639171958918,5860319.622375866,4.970171074121186e-05,1397,0.0253787682080139,-1.445965571882522,1.4440828042107998,-4095.9999999999995,4090.666666666666,C:\Users\kimeu\Downloads\starlink_pathB_wsl_package_v0_3_clean\starlink_pathB\paper_final_experiment_check\outputs\random1200_null_random1200_seed3\82_0_lst017_quiet_full_polybeam_lines_S30_single.npz,9.10175923472585,9444.443085672718,1.7798436919007438e-05,140609741.2109375,False,False,False,False,False,False,False,False,False,False,False,False
82_0,81.33403506806889,mid,quiet,17,2461041.6180555555,2461041.624878509,full_polybeam,lines,30.0,multi,coherent_ab,2,4,4,47854;47857;58206;59742,83.414;83.372;82.276;76.763,0.1657111055107527,1.2752918363449973e-07,0.0684687078802128,0,2,2,2,0.0,0.0684687078802128,0.0,0.2805166207424566,1.2752918363449973e-07,536886.5849282395,1.3356607432824403,0.819709042025484,0.004028071836581913,False,20270703,100,0.9586097263657614,-1.0461382603057845,0.19801980198019803,0.8415841584158416,28.716774833934323,1559.3643724704366,20.529835919051038,31.52128868539694,35.02841391345646,1643.5813792653412,1797.4263047411757,1819.9760218027918,5.760440870366438,1.9613284853629567,0.9909636551034485,1559.3643724704366,144.88454273010004,5860319.622375866,0.0002660886219441808,1397,0.0253787682080139,-1.445965571882522,1.4440828042107998,-4095.9999999999995,4090.666666666666,C:\Users\kimeu\Downloads\starlink_pathB_wsl_package_v0_3_clean\starlink_pathB\paper_final_experiment_check\outputs\random1200_null_random1200_seed3\82_0_lst017_quiet_full_polybeam_lines_S30_multi.npz,9.10175923472585,9444.443085672718,1.7798436919007438e-05,140609741.2109375,False,False,False,False,False,False,False,False,False,False,False,False
82_0,81.33403506806889,mid,quiet,17,2461041.6180555555,2461041.624878509,full_polybeam,lines,1000.0,single,coherent_ab,2,4,1,47854,83.414,0.1657111055107527,1.2752918363449973e-07,0.0684687078802128,0,2,2,2,0.0,0.0684687078802128,0.0,0.2805166207424566,1.2752918363449973e-07,536886.5849282395,6.927549764988409,6.927549764988409,0.03039201830676615,False,20270720,100,-0.2466438121394465,-0.031165410009344054,0.8118811881188119,0.5247524752475248,99.13702858369652,9717.799932465929,106.59990981167175,219.48375724726537,236.28722886624936,9723.849498961463,10013.609715420782,10050.511610465004,20.408557521381226,0.9352954538799749,0.8400063140862409,9717.799932465929,-578.384275149486,5860319.622375866,0.0016582371881836333,1397,0.0253787682080139,-1.445965571882522,1.4440828042107998,-4095.9999999999995,4090.666666666666,C:\Users\kimeu\Downloads\starlink_pathB_wsl_package_v0_3_clean\starlink_pathB\paper_final_experiment_check\outputs\random1200_null_random1200_seed3\82_0_lst017_quiet_full_polybeam_lines_S1000_single.npz,9.10175923472585,9444.443085672718,1.7798436919007438e-05,140609741.2109375,False,False,False,False,False,False,False,False,False,False,False,False
82_0,81.33403506806889,mid,quiet,17,2461041.6180555555,2461041.624878509,full_polybeam,lines,1000.0,multi,coherent_ab,2,4,4,47854;47857;58206;59742,83.414;83.372;82.276;76.763,0.1657111055107527,1.2752918363449973e-07,0.0684687078802128,0,2,2,2,0.0,0.0684687078802128,0.0,0.2805166207424566,1.2752918363449973e-07,536886.5849282395,44.52202477608135,27.323634734182804,0.13426906121939708,False,20270737,100,1.1711638671625837,-0.8576739284520107,0.1485148514851485,0.8514851485148515,996.1808756986939,52701.89926651134,669.4126586456823,1076.5165039908304,1111.5204279333325,54905.32030125688,59642.643320689545,60452.04711675929,188.1906956597577,2.019101195866118,1.1411751798608143,52701.89926651134,9857.154828909277,5860319.622375866,0.008993007662122217,1397,0.0253787682080139,-1.445965571882522,1.4440828042107998,-4095.9999999999995,4090.666666666666,C:\Users\kimeu\Downloads\starlink_pathB_wsl_package_v0_3_clean\starlink_pathB\paper_final_experiment_check\outputs\random1200_null_random1200_seed3\82_0_lst017_quiet_full_polybeam_lines_S1000_multi.npz,9.10175923472585,9444.443085672718,1.7798436919007438e-05,140609741.2109375,False,False,False,False,False,False,False,False,False,False,False,False
82_0,81.33403506806889,mid,quiet,17,2461041.6180555555,2461041.624878509,full_polybeam,khz_comb,30.0,single,coherent_ab,2,4,1,47854,83.414,0.1657111055107527,1.2752918363449973e-07,0.0684687078802128,0,2,2,2,0.0,0.0684687078802128,0.0,0.2805166207424566,1.2752918363449973e-07,536886.5849282395,0.17103669377865313,0.17103669377865313,0.0007825092669879278,False,20270754,100,-0.03458326765347599,-0.8143613927716941,0.5247524752475248,0.7326732673267327,3.1612633112818003,255.04880635004127,3.1891214535753534,6.33752864278722,6.393769578086794,259.84379220272984,264.2542430473756,264.8153189410207,0.5433280551005737,1.0877796675531677,0.9927236396948246,255.04880635004127,-4.954946971518773,5860319.622375866,4.352131330451912e-05,1397,0.0253787682080139,-1.445965571882522,1.4440828042107998,-4095.9999999999995,4090.666666666666,C:\Users\kimeu\Downloads\starlink_pathB_wsl_package_v0_3_clean\starlink_pathB\paper_final_experiment_check\outputs\random1200_null_random1200_seed3\82_0_lst017_quiet_full_polybeam_khz_comb_S30_single.npz,9.10175923472585,9444.443085672718,1.7798436919007438e-05,140609741.2109375,False,False,False,False,False,False,False,False,False,False,False,False
82_0,81.33403506806889,mid,quiet,17,2461041.6180555555,2461041.624878509,full_polybeam,khz_comb,30.0,multi,coherent_ab,2,4,4,47854;47857;58206;59742,83.414;83.372;82.276;76.763,0.1657111055107527,1.2752918363449973e-07,0.0684687078802128,0,2,2,2,0.0,0.0684687078802128,0.0,0.2805166207424566,1.2752918363449973e-07,536886.5849282395,1.0992198073433797,0.6746027535693948,0.003452510968009565,False,20270771,100,1.0359024528036187,-1.1382168746938164,0.1485148514851485,0.9306930693069307,24.622081033710856,1337.7738955373143,17.892346867985907,26.36599212185392,28.553388535310734,1420.6442879812757,1507.0431363952446,1522.7914785176135,4.381825234828284,1.9161174866342492,1.0360019984264635,1337.7738955373143,112.60006081996336,5860319.622375866,0.0002282766097653492,1397,0.0253787682080139,-1.445965571882522,1.4440828042107998,-4095.9999999999995,4090.666666666666,C:\Users\kimeu\Downloads\starlink_pathB_wsl_package_v0_3_clean\starlink_pathB\paper_final_experiment_check\outputs\random1200_null_random1200_seed3\82_0_lst017_quiet_full_polybeam_khz_comb_S30_multi.npz,9.10175923472585,9444.443085672718,1.7798436919007438e-05,140609741.2109375,False,False,False,False,False,False,False,False,False,False,False,False
82_0,81.33403506806889,mid,quiet,17,2461041.6180555555,2461041.624878509,full_polybeam,khz_comb,1000.0,single,coherent_ab,2,4,1,47854,83.414,0.1657111055107527,1.2752918363449973e-07,0.0684687078802128,0,2,2,2,0.0,0.0684687078802128,0.0,0.2805166207424566,1.2752918363449973e-07,536886.5849282395,5.701223125955105,5.701223125955105,0.02608364223293092,False,20270788,100,-0.5520211284380017,-0.5115821458349296,0.6039603960396039,0.693069306930693,104.17568902624043,8519.71753803359,139.3406356951,210.17993584247452,210.7534696600034,8622.612552364259,8832.81824061548,8855.123466794324,42.96652856883702,1.1580710307581268,1.0230926917897338,8519.71753803359,-540.1598591119836,5860319.622375866,0.0014537974184042136,1397,0.0253787682080139,-1.445965571882522,1.4440828042107998,-4095.9999999999995,4090.666666666666,C:\Users\kimeu\Downloads\starlink_pathB_wsl_package_v0_3_clean\starlink_pathB\paper_final_experiment_check\outputs\random1200_null_random1200_seed3\82_0_lst017_quiet_full_polybeam_khz_comb_S1000_single.npz,9.10175923472585,9444.443085672718,1.7798436919007438e-05,140609741.2109375,False,False,False,False,False,False,False,False,False,False,False,False
82_0,81.33403506806889,mid,quiet,17,2461041.6180555555,2461041.624878509,full_polybeam,khz_comb,1000.0,multi,coherent_ab,2,4,4,47854;47857;58206;59742,83.414;83.372;82.276;76.763,0.1657111055107527,1.2752918363449973e-07,0.0684687078802128,0,2,2,2,0.0,0.0684687078802128,0.0,0.2805166207424566,1.2752918363449973e-07,536886.5849282395,36.640660244779326,22.48675845231316,0.11508369893365217,False,20270805,100,1.4589670519571205,-1.0398158043721362,0.1485148514851485,0.8910891089108911,847.5357961244808,44997.569890858234,547.1011964933386,947.5342703987538,976.7456982888364,47054.783577143055,51511.2186143675,53104.79215265187,138.8930346346242,2.314432632095364,1.2858215985952628,44997.569890858234,6937.851827203531,5860319.622375866,0.007678347392358696,1397,0.0253787682080139,-1.445965571882522,1.4440828042107998,-4095.9999999999995,4090.666666666666,C:\Users\kimeu\Downloads\starlink_pathB_wsl_package_v0_3_clean\starlink_pathB\paper_final_experiment_check\outputs\random1200_null_random1200_seed3\82_0_lst017_quiet_full_polybeam_khz_comb_S1000_multi.npz,9.10175923472585,9444.443085672718,1.7798436919007438e-05,140609741.2109375,False,False,False,False,False,False,False,False,False,False,False,False
82_0,81.33403506806889,mid,typical,18,2461041.625,2461041.631822953,frozen_polybeam,smooth,30.0,single,coherent_ab,4,2,1,59742,82.566,0.1651755712365591,3.430781997250637e-07,0.2363981628786352,0,4,4,4,0.0,0.2363981628786352,0.0,0.3843854174911955,3.430781997250637e-07,689050.3770512966,0.8025506694854558,0.8025506694854558,0.0011835432862665053,False,20270823,100,0.001350149685998199,1.0584799279210264,0.504950495049505,0.04950495049504951,10.012236175309226,1049.9832554468085,10.010983278665663,12.40499446159265,12.528931783714361,1001.7976511516579,1049.861707146322,1050.5929747079838,0.625906310557184,1.201786568499866,1.1252377526583035,1049.9832554468085,-24.307677169310004,7002555.369146705,0.0001499428708658328,1397,0.0253787682080139,-1.445965571882522,1.4440828042107998,-4095.9999999999995,4090.666666666666,C:\Users\kimeu\Downloads\starlink_pathB_wsl_package_v0_3_clean\starlink_pathB\paper_final_experiment_check\outputs\random1200_null_random1200_seed3\82_0_lst018_typical_frozen_polybeam_smooth_S30_single.npz,9.10175923472585,9444.443085672718,1.7798436919007438e-05,140609741.2109375,False,False,False,False,False,False,False,False,False,False,False,False
82_0,81.33403506806889,mid,typical,18,2461041.625,2461041.631822953,frozen_polybeam,smooth,30.0,multi,coherent_ab,4,2,2,59742;56383,82.566;76.371,0.1651755712365591,3.430781997250637e-07,0.2363981628786352,0,4,4,4,0.0,0.2363981628786352,0.0,0.3843854174911955,3.430781997250637e-07,689050.3770512966,0.8552644599245012,0.8025506694854558,0.0015580850834727776,False,20270840,100,-0.20118577043428248,1.681009960484923,0.5346534653465347,0.04950495049504951,9.839947002459667,1100.8332217565649,10.144566837056118,13.62228777768505,14.548933340122021,1009.5319731638856,1095.8029817519937,1113.1511520966712,1.021261410014631,2.1221080955540117,1.2862826532732752,1100.8332217565649,-23.97736534508715,7002555.369146705,0.00015720450088932417,1397,0.0253787682080139,-1.445965571882522,1.4440828042107998,-4095.9999999999995,4090.666666666666,C:\Users\kimeu\Downloads\starlink_pathB_wsl_package_v0_3_clean\starlink_pathB\paper_final_experiment_check\outputs\random1200_null_random1200_seed3\82_0_lst018_typical_frozen_polybeam_smooth_S30_multi.npz,9.10175923472585,9444.443085672718,1.7798436919007438e-05,140609741.2109375,False,False,False,False,False,False,False,False,False,False,False,False
82_0,81.33403506806889,mid,typical,18,2461041.625,2461041.631822953,frozen_polybeam,smooth,1000.0,single,coherent_ab,4,2,1,59742,82.566,0.1651755712365591,3.430781997250637e-07,0.2363981628786352,0,4,4,4,0.0,0.2363981628786352,0.0,0.3843854174911955,3.430781997250637e-07,689050.3770512966,26.75168898284852,26.75168898284852,0.03945144287555018,False,20270857,100,0.6143488734471992,0.9671568750387386,0.3564356435643564,0.12871287128712872,318.49680044145134,36141.404605163494,303.28056228356036,383.4774678939317,386.24975821560326,34934.813483415826,36246.37393349251,36514.9618190684,16.70583682184406,0.8734446573589971,0.8257485613308404,36141.404605163494,-10930.39186729711,7002555.369146705,0.0051611737001613315,1397,0.0253787682080139,-1.445965571882522,1.4440828042107998,-4095.9999999999995,4090.666666666666,C:\Users\kimeu\Downloads\starlink_pathB_wsl_package_v0_3_clean\starlink_pathB\paper_final_experiment_check\outputs\random1200_null_random1200_seed3\82_0_lst018_typical_frozen_polybeam_smooth_S1000_single.npz,9.10175923472585,9444.443085672718,1.7798436919007438e-05,140609741.2109375,False,False,False,False,False,False,False,False,False,False,False,False
82_0,81.33403506806889,mid,typical,18,2461041.625,2461041.631822953,frozen_polybeam,smooth,1000.0,multi,coherent_ab,4,2,2,59742;56383,82.566;76.371,0.1651755712365591,3.430781997250637e-07,0.2363981628786352,0,4,4,4,0.0,0.2363981628786352,0.0,0.3843854174911955,3.430781997250637e-07,689050.3770512966,28.508815330816695,26.75168898284852,0.05193616944909259,False,20270874,100,0.025291895923439407,1.3142828158160629,0.49504950495049505,0.0891089108910891,312.7235790387276,37808.99796381722,311.345169205837,406.9980233231435,464.2955165251348,35411.53805303466,38079.54497954082,38537.32663290125,36.75978652888443,1.7891397281169323,1.0382830561397416,37808.99796381722,-11034.368194085091,7002555.369146705,0.005399314388916347,1397,0.0253787682080139,-1.445965571882522,1.4440828042107998,-4095.9999999999995,4090.666666666666,C:\Users\kimeu\Downloads\starlink_pathB_wsl_package_v0_3_clean\starlink_pathB\paper_final_experiment_check\outputs\random1200_null_random1200_seed3\82_0_lst018_typical_frozen_polybeam_smooth_S1000_multi.npz,9.10175923472585,9444.443085672718,1.7798436919007438e-05,140609741.2109375,False,False,False,False,False,False,False,False,False,False,False,False
82_0,81.33403506806889,mid,typical,18,2461041.625,2461041.631822953,frozen_polybeam,lines,30.0,single,coherent_ab,4,2,1,59742,82.566,0.1651755712365591,3.430781997250637e-07,0.2363981628786352,0,4,4,4,0.0,0.2363981628786352,0.0,0.3843854174911955,3.430781997250637e-07,689050.3770512966,0.8025465174723657,0.8025465174723657,0.0011850767777555006,False,20270891,100,-0.003535154637634103,1.1188880010191284,0.504950495049505,0.10891089108910891,9.917142584690737,1050.4494201990165,9.920508431830967,12.288507754068632,12.46516060324837,1000.0087719552162,1050.8679554481585,1051.1584345791248,0.6421876909507773,1.1744012138962832,1.1337159778728407,1050.4494201990165,-27.72606932274195,7002555.369146705,0.0001500094415286314,1397,0.0253787682080139,-1.445965571882522,1.4440828042107998,-4095.9999999999995,4090.666666666666,C:\Users\kimeu\Downloads\starlink_pathB_wsl_package_v0_3_clean\starlink_pathB\paper_final_experiment_check\outputs\random1200_null_random1200_seed3\82_0_lst018_typical_frozen_polybeam_lines_S30_single.npz,9.10175923472585,9444.443085672718,1.7798436919007438e-05,140609741.2109375,False,False,False,False,False,False,False,False,False,False,False,False
82_0,81.33403506806889,mid,typical,18,2461041.625,2461041.631822953,frozen_polybeam,lines,30.0,multi,coherent_ab,4,2,2,59742;56383,82.566;76.371,0.1651755712365591,3.430781997250637e-07,0.2363981628786352,0,4,4,4,0.0,0.2363981628786352,0.0,0.3843854174911955,3.430781997250637e-07,689050.3770512966,0.8552600011567731,0.8025465174723657,0.001560035918307507,False,20270908,100,-0.34424058778666244,1.39762512836787,0.5742574257425742,0.0594059405940594,9.747222446931119,1101.3601704480611,10.328047353246802,14.030913199567292,14.911364115666803,1019.6847743401465,1096.7893489224316,1119.6286761707904,1.1380442808986118,2.1728408652924855,1.6061223650254197,1101.3601704480611,-27.410535038910915,7002555.369146705,0.00015727975180327168,1397,0.0253787682080139,-1.445965571882522,1.4440828042107998,-4095.9999999999995,4090.666666666666,C:\Users\kimeu\Downloads\starlink_pathB_wsl_package_v0_3_clean\starlink_pathB\paper_final_experiment_check\outputs\random1200_null_random1200_seed3\82_0_lst018_typical_frozen_polybeam_lines_S30_multi.npz,9.10175923472585,9444.443085672718,1.7798436919007438e-05,140609741.2109375,False,False,False,False,False,False,False,False,False,False,False,False
82_0,81.33403506806889,mid,typical,18,2461041.625,2461041.631822953,frozen_polybeam,lines,1000.0,single,coherent_ab,4,2,1,59742,82.566,0.1651755712365591,3.430781997250637e-07,0.2363981628786352,0,4,4,4,0.0,0.2363981628786352,0.0,0.3843854174911955,3.430781997250637e-07,689050.3770512966,26.751550582412186,26.751550582412186,0.03950255925851668,False,20270925,100,0.3153913768415212,0.8338128692675588,0.45544554455445546,0.1485148514851485,315.15998581623717,36175.56369133486,304.2645891310749,380.66454407388846,387.3378541072408,35017.924070055866,36453.376109921555,36502.55520018347,23.300714365017484,1.4478685501519326,1.3527522305475812,36175.56369133486,-11042.934083123546,7002555.369146705,0.005166051788854762,1397,0.0253787682080139,-1.445965571882522,1.4440828042107998,-4095.9999999999995,4090.666666666666,C:\Users\kimeu\Downloads\starlink_pathB_wsl_package_v0_3_clean\starlink_pathB\paper_final_experiment_check\outputs\random1200_null_random1200_seed3\82_0_lst018_typical_frozen_polybeam_lines_S1000_single.npz,9.10175923472585,9444.443085672718,1.7798436919007438e-05,140609741.2109375,False,False,False,False,False,False,False,False,False,False,False,False
82_0,81.33403506806889,mid,typical,18,2461041.625,2461041.631822953,frozen_polybeam,lines,1000.0,multi,coherent_ab,4,2,2,59742;56383,82.566;76.371,0.1651755712365591,3.430781997250637e-07,0.2363981628786352,0,4,4,4,0.0,0.2363981628786352,0.0,0.3843854174911955,3.430781997250637e-07,689050.3770512966,28.508666705225764,26.751550582412186,0.05200119727691689,False,20270942,100,-0.4575434839508458,1.4972109164444387,0.6039603960396039,0.09900990099009901,309.46811902369154,37838.92218616724,331.56673938218046,422.914930790861,447.7948319086295,35273.179579780954,38214.68645387649,38606.90681540015,32.576827671713545,1.9864996743382537,1.1942531917131203,37838.92218616724,-11147.38734302425,7002555.369146705,0.0054035877178330825,1397,0.0253787682080139,-1.445965571882522,1.4440828042107998,-4095.9999999999995,4090.666666666666,C:\Users\kimeu\Downloads\starlink_pathB_wsl_package_v0_3_clean\starlink_pathB\paper_final_experiment_check\outputs\random1200_null_random1200_seed3\82_0_lst018_typical_frozen_polybeam_lines_S1000_multi.npz,9.10175923472585,9444.443085672718,1.7798436919007438e-05,140609741.2109375,False,False,False,False,False,False,False,False,False,False,False,False
82_0,81.33403506806889,mid,typical,18,2461041.625,2461041.631822953,frozen_polybeam,khz_comb,30.0,single,coherent_ab,4,2,1,59742,82.566,0.1651755712365591,3.430781997250637e-07,0.2363981628786352,0,4,4,4,0.0,0.2363981628786352,0.0,0.3843854174911955,3.430781997250637e-07,689050.3770512966,0.8000691667976533,0.8000691667976533,0.0011275620594543316,False,20270959,100,-0.1989768890344832,1.060468113410858,0.6138613861386139,0.09900990099009901,11.06052454705059,1076.7569247188742,11.319290631596232,14.015819892171566,14.308702323510662,1029.5167508699865,1077.786374902553,1078.1812312129352,0.8771638441976393,1.0805188402649213,1.0246101106097052,1076.7569247188742,-32.19191375833746,7002555.369146705,0.00015376628501404942,1397,0.0253787682080139,-1.445965571882522,1.4440828042107998,-4095.9999999999995,4090.666666666666,C:\Users\kimeu\Downloads\starlink_pathB_wsl_package_v0_3_clean\starlink_pathB\paper_final_experiment_check\outputs\random1200_null_random1200_seed3\82_0_lst018_typical_frozen_polybeam_khz_comb_S30_single.npz,9.10175923472585,9444.443085672718,1.7798436919007438e-05,140609741.2109375,False,False,False,False,False,False,False,False,False,False,False,False
82_0,81.33403506806889,mid,typical,18,2461041.625,2461041.631822953,frozen_polybeam,khz_comb,30.0,multi,coherent_ab,4,2,2,59742;56383,82.566;76.371,0.1651755712365591,3.430781997250637e-07,0.2363981628786352,0,4,4,4,0.0,0.2363981628786352,0.0,0.3843854174911955,3.430781997250637e-07,689050.3770512966,0.8434512199660152,0.8000691667976533,0.001466147716187153,False,20270976,100,-0.8704911984431422,1.1654158232290002,0.7524752475247525,0.10891089108910891,10.721378091817314,1121.8727325264108,11.746412361200782,15.0600654157588,16.066200681686244,1042.646755027943,1129.8337891352708,1137.1751510858476,0.7942367988125625,2.045176369793155,1.6233593799910329,1121.8727325264108,-33.21971187357131,7002555.369146705,0.00016020904846670515,1397,0.0253787682080139,-1.445965571882522,1.4440828042107998,-4095.9999999999995,4090.666666666666,C:\Users\kimeu\Downloads\starlink_pathB_wsl_package_v0_3_clean\starlink_pathB\paper_final_experiment_check\outputs\random1200_null_random1200_seed3\82_0_lst018_typical_frozen_polybeam_khz_comb_S30_multi.npz,9.10175923472585,9444.443085672718,1.7798436919007438e-05,140609741.2109375,False,False,False,False,False,False,False,False,False,False,False,False
82_0,81.33403506806889,mid,typical,18,2461041.625,2461041.631822953,frozen_polybeam,khz_comb,1000.0,single,coherent_ab,4,2,1,59742,82.566,0.1651755712365591,3.430781997250637e-07,0.2363981628786352,0,4,4,4,0.0,0.2363981628786352,0.0,0.3843854174911955,3.430781997250637e-07,689050.3770512966,26.66897222658844,26.66897222658844,0.03758540198181104,False,20270993,100,-0.2700712558513428,0.9449140021562453,0.6435643564356436,0.0891089108910891,341.8871229725919,37116.271532933795,351.9990743960552,414.0608956037591,438.01198451362023,35944.60495475891,37178.49270121553,37350.243610002835,25.254141814915783,0.8881255728217399,0.8447051131827348,37116.271532933795,-11551.822947416033,7002555.369146705,0.005300389582989702,1397,0.0253787682080139,-1.445965571882522,1.4440828042107998,-4095.9999999999995,4090.666666666666,C:\Users\kimeu\Downloads\starlink_pathB_wsl_package_v0_3_clean\starlink_pathB\paper_final_experiment_check\outputs\random1200_null_random1200_seed3\82_0_lst018_typical_frozen_polybeam_khz_comb_S1000_single.npz,9.10175923472585,9444.443085672718,1.7798436919007438e-05,140609741.2109375,False,False,False,False,False,False,False,False,False,False,False,False
82_0,81.33403506806889,mid,typical,18,2461041.625,2461041.631822953,frozen_polybeam,khz_comb,1000.0,multi,coherent_ab,4,2,2,59742;56383,82.566;76.371,0.1651755712365591,3.430781997250637e-07,0.2363981628786352,0,4,4,4,0.0,0.2363981628786352,0.0,0.3843854174911955,3.430781997250637e-07,689050.3770512966,28.11504066553384,26.66897222658844,0.048871590539571755,False,20271010,100,-0.37232187446659215,1.3387383440528793,0.6138613861386139,0.10891089108910891,339.99990688631806,38623.09039233251,358.0976852295116,428.3394161761651,484.95533129104973,35972.6637190887,39137.76135959365,39361.48022819275,32.78556833929724,2.124532387008918,1.3033184002006524,38623.09039233251,-11688.423759094607,7002555.369146705,0.005515570867530166,1397,0.0253787682080139,-1.445965571882522,1.4440828042107998,-4095.9999999999995,4090.666666666666,C:\Users\kimeu\Downloads\starlink_pathB_wsl_package_v0_3_clean\starlink_pathB\paper_final_experiment_check\outputs\random1200_null_random1200_seed3\82_0_lst018_typical_frozen_polybeam_khz_comb_S1000_multi.npz,9.10175923472585,9444.443085672718,1.7798436919007438e-05,140609741.2109375,False,False,False,False,False,False,False,False,False,False,False,False
82_0,81.33403506806889,mid,typical,18,2461041.625,2461041.631822953,full_polybeam,smooth,30.0,single,coherent_ab,4,2,1,59742,82.566,0.1651755712365591,3.430781997250637e-07,0.2363981628786352,0,4,4,4,0.0,0.2363981628786352,0.0,0.3843854174911955,3.430781997250637e-07,689050.3770512966,0.5892428428565853,0.5892428428565853,0.0012505386696343643,False,20271027,100,0.8695602588942501,0.7849820672797064,0.19801980198019803,0.16831683168316833,12.725771435318165,1081.9378522728184,10.609772457681174,15.43222010115387,15.857975939232565,1007.0499040018467,1090.2735915092958,1091.5065992706031,1.641314380320182,1.052694924661783,0.9991996551480093,1081.9378522728184,106.28982146272111,7002555.369146705,0.000154506147432956,1397,0.0253787682080139,-1.445965571882522,1.4440828042107998,-4095.9999999999995,4090.666666666666,C:\Users\kimeu\Downloads\starlink_pathB_wsl_package_v0_3_clean\starlink_pathB\paper_final_experiment_check\outputs\random1200_null_random1200_seed3\82_0_lst018_typical_full_polybeam_smooth_S30_single.npz,9.10175923472585,9444.443085672718,1.7798436919007438e-05,140609741.2109375,False,False,False,False,False,False,False,False,False,False,False,False
82_0,81.33403506806889,mid,typical,18,2461041.625,2461041.631822953,full_polybeam,smooth,30.0,multi,coherent_ab,4,2,2,59742;56383,82.566;76.371,0.1651755712365591,3.430781997250637e-07,0.2363981628786352,0,4,4,4,0.0,0.2363981628786352,0.0,0.3843854174911955,3.430781997250637e-07,689050.3770512966,0.8251673853905237,0.5892428428565853,0.0019515167203075455,False,20271044,100,2.82330504762387,1.6991315973577117,0.0891089108910891,0.009900990099009901,18.332081147906138,1417.7790457761182,10.909926671196445,18.58445465828845,19.428954900601095,1061.4637679707503,1367.0395600052238,1396.2801214771785,1.7731610738137533,2.760009805337931,2.1873628214161567,1417.7790457761182,242.07537740451133,7002555.369146705,0.00020246595293239094,1397,0.0253787682080139,-1.445965571882522,1.4440828042107998,-4095.9999999999995,4090.666666666666,C:\Users\kimeu\Downloads\starlink_pathB_wsl_package_v0_3_clean\starlink_pathB\paper_final_experiment_check\outputs\random1200_null_random1200_seed3\82_0_lst018_typical_full_polybeam_smooth_S30_multi.npz,9.10175923472585,9444.443085672718,1.7798436919007438e-05,140609741.2109375,True,False,False,False,False,False,False,False,False,False,False,False
82_0,81.33403506806889,mid,typical,18,2461041.625,2461041.631822953,full_polybeam,smooth,1000.0,single,coherent_ab,4,2,1,59742,82.566,0.1651755712365591,3.430781997250637e-07,0.2363981628786352,0,4,4,4,0.0,0.2363981628786352,0.0,0.3843854174911955,3.430781997250637e-07,689050.3770512966,19.64142809521951,19.64142809521951,0.04168462232114547,False,20271061,100,0.6177222796519294,0.6713873651629725,0.22772277227722773,0.19801980198019803,412.59984449238254,36455.45360747739,348.0541669053946,507.40916630463363,518.4134936273641,34263.6245018912,37251.95251030647,37383.0384661357,70.47740470217468,1.5110599055472094,1.377807352973479,36455.45360747739,-1307.4691926225973,7002555.369146705,0.005206021471547417,1397,0.0253787682080139,-1.445965571882522,1.4440828042107998,-4095.9999999999995,4090.666666666666,C:\Users\kimeu\Downloads\starlink_pathB_wsl_package_v0_3_clean\starlink_pathB\paper_final_experiment_check\outputs\random1200_null_random1200_seed3\82_0_lst018_typical_full_polybeam_smooth_S1000_single.npz,9.10175923472585,9444.443085672718,1.7798436919007438e-05,140609741.2109375,False,False,False,False,False,False,False,False,False,False,False,False
82_0,81.33403506806889,mid,typical,18,2461041.625,2461041.631822953,full_polybeam,smooth,1000.0,multi,coherent_ab,4,2,2,59742;56383,82.566;76.371,0.1651755712365591,3.430781997250637e-07,0.2363981628786352,0,4,4,4,0.0,0.2363981628786352,0.0,0.3843854174911955,3.430781997250637e-07,689050.3770512966,27.505579513017455,19.64142809521951,0.06505055734358485,False,20271078,100,1.2966037464568911,1.597935818611167,0.07920792079207921,0.0594059405940594,599.2801610188762,47193.40910880048,417.85661868549323,606.2114368062386,629.389413495423,36800.402892016726,46721.04023415972,48825.785338201655,94.3761755970263,2.2657882932366205,1.7435638299138332,47193.40910880048,3315.1618716173534,7002555.369146705,0.006739455330369094,1397,0.0253787682080139,-1.445965571882522,1.4440828042107998,-4095.9999999999995,4090.666666666666,C:\Users\kimeu\Downloads\starlink_pathB_wsl_package_v0_3_clean\starlink_pathB\paper_final_experiment_check\outputs\random1200_null_random1200_seed3\82_0_lst018_typical_full_polybeam_smooth_S1000_multi.npz,9.10175923472585,9444.443085672718,1.7798436919007438e-05,140609741.2109375,False,False,False,False,False,False,False,False,False,False,False,False
82_0,81.33403506806889,mid,typical,18,2461041.625,2461041.631822953,full_polybeam,lines,30.0,single,coherent_ab,4,2,1,59742,82.566,0.1651755712365591,3.430781997250637e-07,0.2363981628786352,0,4,4,4,0.0,0.2363981628786352,0.0,0.3843854174911955,3.430781997250637e-07,689050.3770512966,0.5892210642926347,0.5892210642926347,0.0012522291941480053,False,20271095,100,0.6897057293414114,0.8868285631774581,0.2376237623762376,0.1485148514851485,12.737490659885225,1083.1506483812755,10.990108931313443,15.566920699558978,15.979203674802994,995.6391033664202,1088.0305548255114,1092.940632278046,1.7088343318901025,1.3085095213854407,1.144301748020222,1083.1506483812755,101.06754673294327,7002555.369146705,0.00015467934079516784,1397,0.0253787682080139,-1.445965571882522,1.4440828042107998,-4095.9999999999995,4090.666666666666,C:\Users\kimeu\Downloads\starlink_pathB_wsl_package_v0_3_clean\starlink_pathB\paper_final_experiment_check\outputs\random1200_null_random1200_seed3\82_0_lst018_typical_full_polybeam_lines_S30_single.npz,9.10175923472585,9444.443085672718,1.7798436919007438e-05,140609741.2109375,False,False,False,False,False,False,False,False,False,False,False,False
82_0,81.33403506806889,mid,typical,18,2461041.625,2461041.631822953,full_polybeam,lines,30.0,multi,coherent_ab,4,2,2,59742;56383,82.566;76.371,0.1651755712365591,3.430781997250637e-07,0.2363981628786352,0,4,4,4,0.0,0.2363981628786352,0.0,0.3843854174911955,3.430781997250637e-07,689050.3770512966,0.8251076643534839,0.5892210642926347,0.0019537690987041323,False,20271112,100,2.1215927975127293,1.8327446267401712,0.0891089108910891,0.0297029702970297,18.152703729530913,1418.451762882215,11.35529106544709,18.601570665761756,18.923965896214504,1055.058263717328,1377.5020409375256,1429.9726118168933,2.1610141378914705,2.8954206979972184,2.003136123229462,1418.451762882215,237.15813321162068,7002555.369146705,0.0002025620203064614,1397,0.0253787682080139,-1.445965571882522,1.4440828042107998,-4095.9999999999995,4090.666666666666,C:\Users\kimeu\Downloads\starlink_pathB_wsl_package_v0_3_clean\starlink_pathB\paper_final_experiment_check\outputs\random1200_null_random1200_seed3\82_0_lst018_typical_full_polybeam_lines_S30_multi.npz,9.10175923472585,9444.443085672718,1.7798436919007438e-05,140609741.2109375,True,False,False,False,False,False,False,False,False,False,False,False
82_0,81.33403506806889,mid,typical,18,2461041.625,2461041.631822953,full_polybeam,lines,1000.0,single,coherent_ab,4,2,1,59742,82.566,0.1651755712365591,3.430781997250637e-07,0.2363981628786352,0,4,4,4,0.0,0.2363981628786352,0.0,0.3843854174911955,3.430781997250637e-07,689050.3770512966,19.64070214308782,19.64070214308782,0.04174097313826686,False,20271129,100,0.5035491897358679,0.6661204579909573,0.297029702970297,0.2079207920792079,413.25452480413514,36513.76839571149,355.15639922217633,520.4546425070105,522.6265606317022,34392.25832714471,36858.24718172874,37273.16581112941,77.82089544915561,0.8830000496315394,0.8564592678960289,36513.76839571149,-1476.8451040898854,7002555.369146705,0.005214349115551638,1397,0.0253787682080139,-1.445965571882522,1.4440828042107998,-4095.9999999999995,4090.666666666666,C:\Users\kimeu\Downloads\starlink_pathB_wsl_package_v0_3_clean\starlink_pathB\paper_final_experiment_check\outputs\random1200_null_random1200_seed3\82_0_lst018_typical_full_polybeam_lines_S1000_single.npz,9.10175923472585,9444.443085672718,1.7798436919007438e-05,140609741.2109375,False,False,False,False,False,False,False,False,False,False,False,False
82_0,81.33403506806889,mid,typical,18,2461041.625,2461041.631822953,full_polybeam,lines,1000.0,multi,coherent_ab,4,2,2,59742;56383,82.566;76.371,0.1651755712365591,3.430781997250637e-07,0.2363981628786352,0,4,4,4,0.0,0.2363981628786352,0.0,0.3843854174911955,3.430781997250637e-07,689050.3770512966,27.503588811782798,19.64070214308782,0.06512563662347108,False,20271146,100,1.546115567141685,1.716087815427432,0.10891089108910891,0.04950495049504951,593.3223925968778,47207.1553848035,385.49452505958106,611.5374592992521,622.1751930785109,36675.783747452995,46978.32073739094,47684.67850665384,90.66461731239178,2.1814426797519846,1.6180046909371137,47207.1553848035,3155.877471094287,7002555.369146705,0.006741418367471747,1397,0.0253787682080139,-1.445965571882522,1.4440828042107998,-4095.9999999999995,4090.666666666666,C:\Users\kimeu\Downloads\starlink_pathB_wsl_package_v0_3_clean\starlink_pathB\paper_final_experiment_check\outputs\random1200_null_random1200_seed3\82_0_lst018_typical_full_polybeam_lines_S1000_multi.npz,9.10175923472585,9444.443085672718,1.7798436919007438e-05,140609741.2109375,False,False,False,False,False,False,False,False,False,False,False,False
82_0,81.33403506806889,mid,typical,18,2461041.625,2461041.631822953,full_polybeam,khz_comb,30.0,single,coherent_ab,4,2,1,59742,82.566,0.1651755712365591,3.430781997250637e-07,0.2363981628786352,0,4,4,4,0.0,0.2363981628786352,0.0,0.3843854174911955,3.430781997250637e-07,689050.3770512966,0.5857717275777198,0.5857717275777198,0.001135274653947534,False,20271163,100,0.7453352047057322,0.7674871171524349,0.27722772277227725,0.15841584158415842,12.192768154262012,1022.8181560225095,10.028027483416736,13.642922776716295,13.938756364876026,962.1177159635931,1030.6222853164202,1033.1655746734962,1.9589810999532347,1.0095908381826628,0.966319540433287,1022.8181560225095,77.41806315262943,7002555.369146705,0.0001460635585302262,1397,0.0253787682080139,-1.445965571882522,1.4440828042107998,-4095.9999999999995,4090.666666666666,C:\Users\kimeu\Downloads\starlink_pathB_wsl_package_v0_3_clean\starlink_pathB\paper_final_experiment_check\outputs\random1200_null_random1200_seed3\82_0_lst018_typical_full_polybeam_khz_comb_S30_single.npz,9.10175923472585,9444.443085672718,1.7798436919007438e-05,140609741.2109375,False,False,False,False,False,False,False,False,False,False,False,False
82_0,81.33403506806889,mid,typical,18,2461041.625,2461041.631822953,full_polybeam,khz_comb,30.0,multi,coherent_ab,4,2,2,59742;56383,82.566;76.371,0.1651755712365591,3.430781997250637e-07,0.2363981628786352,0,4,4,4,0.0,0.2363981628786352,0.0,0.3843854174911955,3.430781997250637e-07,689050.3770512966,0.7799012805932205,0.5857717275777198,0.0017356140575876353,False,20271180,100,1.858578307940671,1.391886582133836,0.12871287128712872,0.019801980198019802,16.31216047115595,1290.9848657523057,11.277886858455531,17.131009841713603,18.00589726398139,1040.2870568570422,1263.6915531644775,1281.8041993811703,1.8269722711902432,1.9930636952592637,1.5857828301498433,1290.9848657523057,188.51845461388956,7002555.369146705,0.0001843591085963264,1397,0.0253787682080139,-1.445965571882522,1.4440828042107998,-4095.9999999999995,4090.666666666666,C:\Users\kimeu\Downloads\starlink_pathB_wsl_package_v0_3_clean\starlink_pathB\paper_final_experiment_check\outputs\random1200_null_random1200_seed3\82_0_lst018_typical_full_polybeam_khz_comb_S30_multi.npz,9.10175923472585,9444.443085672718,1.7798436919007438e-05,140609741.2109375,False,False,False,False,False,False,False,False,False,False,False,False
82_0,81.33403506806889,mid,typical,18,2461041.625,2461041.631822953,full_polybeam,khz_comb,1000.0,single,coherent_ab,4,2,1,59742,82.566,0.1651755712365591,3.430781997250637e-07,0.2363981628786352,0,4,4,4,0.0,0.2363981628786352,0.0,0.3843854174911955,3.430781997250637e-07,689050.3770512966,19.525724252590653,19.525724252590653,0.0378424884649178,False,20271197,100,0.720743841516249,0.800465906209046,0.26732673267326734,0.22772277227722773,393.6787363460353,34454.302173920936,324.2916206937407,438.5061373473021,448.5887110342738,31809.656516632756,35108.353945105446,35320.06377106068,64.93426046589593,0.9416492938690907,0.8811063455716909,34454.302173920936,-2506.3719308921577,7002555.369146705,0.00492024701807097,1397,0.0253787682080139,-1.445965571882522,1.4440828042107998,-4095.9999999999995,4090.666666666666,C:\Users\kimeu\Downloads\starlink_pathB_wsl_package_v0_3_clean\starlink_pathB\paper_final_experiment_check\outputs\random1200_null_random1200_seed3\82_0_lst018_typical_full_polybeam_khz_comb_S1000_single.npz,9.10175923472585,9444.443085672718,1.7798436919007438e-05,140609741.2109375,False,False,False,False,False,False,False,False,False,False,False,False
82_0,81.33403506806889,mid,typical,18,2461041.625,2461041.631822953,full_polybeam,khz_comb,1000.0,multi,coherent_ab,4,2,2,59742;56383,82.566;76.371,0.1651755712365591,3.430781997250637e-07,0.2363981628786352,0,4,4,4,0.0,0.2363981628786352,0.0,0.3843854174911955,3.430781997250637e-07,689050.3770512966,25.996709353107345,19.525724252590653,0.05785380191958785,False,20271214,100,1.741562102688033,1.660097317782234,0.10891089108910891,0.07920792079207921,532.1876017791801,43013.105333776526,356.0668080608566,544.2387569048416,578.0848550926912,34922.06131162824,43416.92333980561,44301.40341597932,68.20994079472803,2.139925353246721,1.6135489759279689,43013.105333776526,1244.37986397771,7002555.369146705,0.006142487001715473,1397,0.0253787682080139,-1.445965571882522,1.4440828042107998,-4095.9999999999995,4090.666666666666,C:\Users\kimeu\Downloads\starlink_pathB_wsl_package_v0_3_clean\starlink_pathB\paper_final_experiment_check\outputs\random1200_null_random1200_seed3\82_0_lst018_typical_full_polybeam_khz_comb_S1000_multi.npz,9.10175923472585,9444.443085672718,1.7798436919007438e-05,140609741.2109375,False,False,False,False,False,False,False,False,False,False,False,False
82_0,81.33403506806889,mid,stress,64,2461041.9444444445,2461041.951267397,frozen_polybeam,smooth,30.0,single,coherent_ab,2,3,1,59673,76.886,0.6134387600806451,0.0002588706478842,0.2812107439459313,0,2,2,2,0.0,0.2812107439459313,0.0,0.9963509766045548,0.0002588706478842,1086.298297023242,0.020896521064839423,0.020896521064839423,0.00013651773957581021,False,20271277,100,-0.10106244941681679,-0.6951478343625127,0.6237623762376238,0.7821782178217822,0.48459025016927626,79.38558428274693,0.5085057486967344,0.9562789284604151,0.9655541939970135,81.95786494984736,86.13989851889185,86.24428807376263,0.15961203056258455,1.16691178703219,1.0665336670954084,79.38558428274693,10.71535224679474,2440330.6300431527,3.253066748637382e-05,1397,0.0253787682080139,-1.445965571882522,1.4440828042107998,-4095.9999999999995,4090.666666666666,C:\Users\kimeu\Downloads\starlink_pathB_wsl_package_v0_3_clean\starlink_pathB\paper_final_experiment_check\outputs\random1200_null_random1200_seed3\82_0_lst064_stress_frozen_polybeam_smooth_S30_single.npz,9.10175923472585,9444.443085672718,1.7798436919007438e-05,140609741.2109375,False,False,False,False,False,False,False,False,False,False,False,False
82_0,81.33403506806889,mid,stress,64,2461041.9444444445,2461041.951267397,frozen_polybeam,smooth,30.0,multi,coherent_ab,2,3,3,59673;44795;57902,76.886;74.520;70.910,0.6134387600806451,0.0002588706478842,0.2812107439459313,0,2,2,2,0.0,0.2812107439459313,0.0,0.9963509766045548,0.0002588706478842,1086.298297023242,0.07631132578016495,0.05540088114160156,0.0005116078841959834,False,20271294,100,-0.15943963458863877,0.37830587394327714,0.5742574257425742,0.3465346534653465,1.6599968084410648,298.75805388345873,1.7171665654313948,2.9877346963729905,3.1692364564224955,293.3706101393502,313.67713774015476,314.97134526781986,0.24184998235217847,1.8529605016583366,1.268750726279639,298.75805388345873,-40.511916938504825,2440330.6300431527,0.00012242523623865498,1397,0.0253787682080139,-1.445965571882522,1.4440828042107998,-4095.9999999999995,4090.666666666666,C:\Users\kimeu\Downloads\starlink_pathB_wsl_package_v0_3_clean\starlink_pathB\paper_final_experiment_check\outputs\random1200_null_random1200_seed3\82_0_lst064_stress_frozen_polybeam_smooth_S30_multi.npz,9.10175923472585,9444.443085672718,1.7798436919007438e-05,140609741.2109375,False,False,False,False,False,False,False,False,False,False,False,False
82_0,81.33403506806889,mid,stress,64,2461041.9444444445,2461041.951267397,frozen_polybeam,smooth,1000.0,single,coherent_ab,2,3,1,59673,76.886,0.6134387600806451,0.0002588706478842,0.2812107439459313,0,2,2,2,0.0,0.2812107439459313,0.0,0.9963509766045548,0.0002588706478842,1086.298297023242,0.6965507021613138,0.6965507021613138,0.004550591319193673,False,20271311,100,-0.06401431886731113,-0.4098925322627653,0.5643564356435643,0.6633663366336634,16.174479368593893,2646.223398238646,16.679865529514245,31.421743054625583,31.93828494094709,2681.0164921160135,2870.0859019023783,2876.121152606072,5.325031985651549,0.8219364686353708,0.7236155952499674,2646.223398238646,352.78969799705243,2440330.6300431527,0.0010843708494499586,1397,0.0253787682080139,-1.445965571882522,1.4440828042107998,-4095.9999999999995,4090.666666666666,C:\Users\kimeu\Downloads\starlink_pathB_wsl_package_v0_3_clean\starlink_pathB\paper_final_experiment_check\outputs\random1200_null_random1200_seed3\82_0_lst064_stress_frozen_polybeam_smooth_S1000_single.npz,9.10175923472585,9444.443085672718,1.7798436919007438e-05,140609741.2109375,False,False,False,False,False,False,False,False,False,False,False,False
82_0,81.33403506806889,mid,stress,64,2461041.9444444445,2461041.951267397,frozen_polybeam,smooth,1000.0,multi,coherent_ab,2,3,3,59673;44795;57902,76.886;74.520;70.910,0.6134387600806451,0.0002588706478842,0.2812107439459313,0,2,2,2,0.0,0.2812107439459313,0.0,0.9963509766045548,0.0002588706478842,1086.298297023242,2.543710859338831,1.8466960380533854,0.017053596139866106,False,20271328,100,-0.10344715563188528,0.685587663685347,0.5544554455445545,0.27722772277227725,54.37348579393665,9986.08928353414,55.48522947112334,89.87913051244077,105.23170634859675,9743.216440507971,10293.17847779132,10408.274344505051,7.248733255047796,2.263854545290328,1.1536377355954928,9986.08928353414,-1539.7063773034727,2440330.6300431527,0.0040921050453550855,1397,0.0253787682080139,-1.445965571882522,1.4440828042107998,-4095.9999999999995,4090.666666666666,C:\Users\kimeu\Downloads\starlink_pathB_wsl_package_v0_3_clean\starlink_pathB\paper_final_experiment_check\outputs\random1200_null_random1200_seed3\82_0_lst064_stress_frozen_polybeam_smooth_S1000_multi.npz,9.10175923472585,9444.443085672718,1.7798436919007438e-05,140609741.2109375,False,False,False,False,False,False,False,False,False,False,False,False
82_0,81.33403506806889,mid,stress,64,2461041.9444444445,2461041.951267397,frozen_polybeam,lines,30.0,single,coherent_ab,2,3,1,59673,76.886,0.6134387600806451,0.0002588706478842,0.2812107439459313,0,2,2,2,0.0,0.2812107439459313,0.0,0.9963509766045548,0.0002588706478842,1086.298297023242,0.020895439131964653,0.020895439131964653,0.00013667317328133248,False,20271345,100,-0.06369762099593188,-0.8718737594721372,0.594059405940594,0.7425742574257426,0.48561448924738215,79.41987563791258,0.5039725421511321,0.952906677266401,0.9618749398622458,82.86816147530695,86.23612457171355,86.27617513739845,0.19439245692319673,0.9427965857224344,0.8384166305890255,79.41987563791258,10.736802993401962,2440330.6300431527,3.2544719416363754e-05,1397,0.0253787682080139,-1.445965571882522,1.4440828042107998,-4095.9999999999995,4090.666666666666,C:\Users\kimeu\Downloads\starlink_pathB_wsl_package_v0_3_clean\starlink_pathB\paper_final_experiment_check\outputs\random1200_null_random1200_seed3\82_0_lst064_stress_frozen_polybeam_lines_S30_single.npz,9.10175923472585,9444.443085672718,1.7798436919007438e-05,140609741.2109375,False,False,False,False,False,False,False,False,False,False,False,False
82_0,81.33403506806889,mid,stress,64,2461041.9444444445,2461041.951267397,frozen_polybeam,lines,30.0,multi,coherent_ab,2,3,3,59673;44795;57902,76.886;74.520;70.910,0.6134387600806451,0.0002588706478842,0.2812107439459313,0,2,2,2,0.0,0.2812107439459313,0.0,0.9963509766045548,0.0002588706478842,1086.298297023242,0.0763096255457907,0.05540026284010209,0.0005122109360286406,False,20271362,100,-0.3216794511537171,0.4504493678481654,0.594059405940594,0.3465346534653465,1.6533343999633416,298.7748033850826,1.7639487239475038,2.8165708998200896,3.0206820334717497,293.0802003450831,311.44530628023267,314.8522111892366,0.2319338059222673,1.930855453224731,1.1766223549301866,298.7748033850826,-40.55723546235397,2440330.6300431527,0.00012243209985845208,1397,0.0253787682080139,-1.445965571882522,1.4440828042107998,-4095.9999999999995,4090.666666666666,C:\Users\kimeu\Downloads\starlink_pathB_wsl_package_v0_3_clean\starlink_pathB\paper_final_experiment_check\outputs\random1200_null_random1200_seed3\82_0_lst064_stress_frozen_polybeam_lines_S30_multi.npz,9.10175923472585,9444.443085672718,1.7798436919007438e-05,140609741.2109375,False,False,False,False,False,False,False,False,False,False,False,False
82_0,81.33403506806889,mid,stress,64,2461041.9444444445,2461041.951267397,frozen_polybeam,lines,1000.0,single,coherent_ab,2,3,1,59673,76.886,0.6134387600806451,0.0002588706478842,0.2812107439459313,0,2,2,2,0.0,0.2812107439459313,0.0,0.9963509766045548,0.0002588706478842,1086.298297023242,0.6965146377321549,0.6965146377321549,0.004555772442711081,False,20271379,100,-0.0799811464671877,-0.8230754960660638,0.6237623762376238,0.7425742574257426,16.20819088978169,2647.36671385419,16.89367579160171,31.64782498715431,32.211304948698924,2756.591470128008,2869.3308522229563,2875.3716119551723,5.78077775151678,0.942650838716961,0.8977921768532061,2647.36671385419,353.50372332714073,2440330.6300431527,0.0010848393579387136,1397,0.0253787682080139,-1.445965571882522,1.4440828042107998,-4095.9999999999995,4090.666666666666,C:\Users\kimeu\Downloads\starlink_pathB_wsl_package_v0_3_clean\starlink_pathB\paper_final_experiment_check\outputs\random1200_null_random1200_seed3\82_0_lst064_stress_frozen_polybeam_lines_S1000_single.npz,9.10175923472585,9444.443085672718,1.7798436919007438e-05,140609741.2109375,False,False,False,False,False,False,False,False,False,False,False,False
82_0,81.33403506806889,mid,stress,64,2461041.9444444445,2461041.951267397,frozen_polybeam,lines,1000.0,multi,coherent_ab,2,3,3,59673;44795;57902,76.886;74.520;70.910,0.6134387600806451,0.0002588706478842,0.2812107439459313,0,2,2,2,0.0,0.2812107439459313,0.0,0.9963509766045548,0.0002588706478842,1086.298297023242,2.5436541848596903,1.8466754280034035,0.01707369786762135,False,20271396,100,-0.21490197619328766,0.6923518127374353,0.6336633663366337,0.3069306930693069,54.14940959512319,9985.984578639629,56.8384698460286,86.3795877277398,104.87063507355762,9774.342392441542,10459.852358265036,10553.877887389577,8.439877208389149,2.4695253717549446,1.4008737633820958,9985.984578639629,-1541.1604056627007,2440330.6300431527,0.0040920621393270165,1397,0.0253787682080139,-1.445965571882522,1.4440828042107998,-4095.9999999999995,4090.666666666666,C:\Users\kimeu\Downloads\starlink_pathB_wsl_package_v0_3_clean\starlink_pathB\paper_final_experiment_check\outputs\random1200_null_random1200_seed3\82_0_lst064_stress_frozen_polybeam_lines_S1000_multi.npz,9.10175923472585,9444.443085672718,1.7798436919007438e-05,140609741.2109375,False,False,False,False,False,False,False,False,False,False,False,False
82_0,81.33403506806889,mid,stress,64,2461041.9444444445,2461041.951267397,frozen_polybeam,khz_comb,30.0,single,coherent_ab,2,3,1,59673,76.886,0.6134387600806451,0.0002588706478842,0.2812107439459313,0,2,2,2,0.0,0.2812107439459313,0.0,0.9963509766045548,0.0002588706478842,1086.298297023242,0.017196492966130787,0.017196492966130787,0.00012194960730136185,False,20271413,100,-0.442462724916995,-0.7672288928274515,0.7821782178217822,0.7524752475247525,0.3917033595062094,73.00927542984444,0.4662937669390885,0.8185700908137733,0.8291109608155238,74.9562511227544,77.41230279726021,77.4365049978907,0.11370571513907635,0.8643828465381785,0.8383232554959276,73.00927542984444,8.680052141083426,2440330.6300431527,2.9917780210197747e-05,1397,0.0253787682080139,-1.445965571882522,1.4440828042107998,-4095.9999999999995,4090.666666666666,C:\Users\kimeu\Downloads\starlink_pathB_wsl_package_v0_3_clean\starlink_pathB\paper_final_experiment_check\outputs\random1200_null_random1200_seed3\82_0_lst064_stress_frozen_polybeam_khz_comb_S30_single.npz,9.10175923472585,9444.443085672718,1.7798436919007438e-05,140609741.2109375,False,False,False,False,False,False,False,False,False,False,False,False
82_0,81.33403506806889,mid,stress,64,2461041.9444444445,2461041.951267397,frozen_polybeam,khz_comb,30.0,multi,coherent_ab,2,3,3,59673;44795;57902,76.886;74.520;70.910,0.6134387600806451,0.0002588706478842,0.2812107439459313,0,2,2,2,0.0,0.2812107439459313,0.0,0.9963509766045548,0.0002588706478842,1086.298297023242,0.06291113332181245,0.045700729155302135,0.0004611515187523159,False,20271430,100,-0.010748203974863504,0.7746358226531399,0.504950495049505,0.1782178217821782,1.676334279666662,279.5857305084384,1.6793357611477404,2.338657804759259,2.4195308781966927,274.4518138330558,286.545424789843,287.8851068087507,0.1883544012061975,2.298359637416454,1.2242318206850717,279.5857305084384,-34.412311434595246,2440330.6300431527,0.00011456879123936352,1397,0.0253787682080139,-1.445965571882522,1.4440828042107998,-4095.9999999999995,4090.666666666666,C:\Users\kimeu\Downloads\starlink_pathB_wsl_package_v0_3_clean\starlink_pathB\paper_final_experiment_check\outputs\random1200_null_random1200_seed3\82_0_lst064_stress_frozen_polybeam_khz_comb_S30_multi.npz,9.10175923472585,9444.443085672718,1.7798436919007438e-05,140609741.2109375,False,False,False,False,False,False,False,False,False,False,False,False
82_0,81.33403506806889,mid,stress,64,2461041.9444444445,2461041.951267397,frozen_polybeam,khz_comb,1000.0,single,coherent_ab,2,3,1,59673,76.886,0.6134387600806451,0.0002588706478842,0.2812107439459313,0,2,2,2,0.0,0.2812107439459313,0.0,0.9963509766045548,0.0002588706478842,1086.298297023242,0.5732164322043595,0.5732164322043595,0.004064986910045395,False,20271447,100,-0.31801422194520085,-0.5712639167600522,0.6435643564356436,0.7227722772277227,13.084877922286978,2433.9127587068006,14.812404444612184,27.25543848744983,27.53921386079328,2488.087175320577,2580.194866969498,2581.023190395654,3.663989204419522,0.9955016026186465,0.9380351014682361,2433.9127587068006,287.7413538687417,2440330.6300431527,0.0009973700812269694,1397,0.0253787682080139,-1.445965571882522,1.4440828042107998,-4095.9999999999995,4090.666666666666,C:\Users\kimeu\Downloads\starlink_pathB_wsl_package_v0_3_clean\starlink_pathB\paper_final_experiment_check\outputs\random1200_null_random1200_seed3\82_0_lst064_stress_frozen_polybeam_khz_comb_S1000_single.npz,9.10175923472585,9444.443085672718,1.7798436919007438e-05,140609741.2109375,False,False,False,False,False,False,False,False,False,False,False,False
82_0,81.33403506806889,mid,stress,64,2461041.9444444445,2461041.951267397,frozen_polybeam,khz_comb,1000.0,multi,coherent_ab,2,3,3,59673;44795;57902,76.886;74.520;70.910,0.6134387600806451,0.0002588706478842,0.2812107439459313,0,2,2,2,0.0,0.2812107439459313,0.0,0.9963509766045548,0.0002588706478842,1086.298297023242,2.0970377773937483,1.5233576385100713,0.015371717291743862,False,20271464,100,-0.05579480403659817,0.9517739749814543,0.5148514851485149,0.24752475247524752,54.925371922267914,9338.912700878234,55.49222179443575,75.08198538837242,90.93960180465322,9155.778098529678,9547.323867330337,9589.491263756963,6.852519824908875,2.3231465619341325,1.3043879527326832,9338.912700878234,-1309.2387325209907,2440330.6300431527,0.0038269046767294367,1397,0.0253787682080139,-1.445965571882522,1.4440828042107998,-4095.9999999999995,4090.666666666666,C:\Users\kimeu\Downloads\starlink_pathB_wsl_package_v0_3_clean\starlink_pathB\paper_final_experiment_check\outputs\random1200_null_random1200_seed3\82_0_lst064_stress_frozen_polybeam_khz_comb_S1000_multi.npz,9.10175923472585,9444.443085672718,1.7798436919007438e-05,140609741.2109375,False,False,False,False,False,False,False,False,False,False,False,False
82_0,81.33403506806889,mid,stress,64,2461041.9444444445,2461041.951267397,full_polybeam,smooth,30.0,single,coherent_ab,2,3,1,59673,76.886,0.6134387600806451,0.0002588706478842,0.2812107439459313,0,2,2,2,0.0,0.2812107439459313,0.0,0.9963509766045548,0.0002588706478842,1086.298297023242,0.18867276706504865,0.18867276706504865,0.00038341098467743333,False,20271481,100,0.0556586721615264,0.3995259752566515,0.43564356435643564,0.38613861386138615,3.3455528036483884,456.3030206881011,3.266769373490206,6.2520783296007725,6.363305622713415,450.4841725955225,468.6901918947126,468.91276457407105,0.9547244585237422,0.814256993069488,0.7666849889659173,456.3030206881011,41.346952480879885,2440330.6300431527,0.00018698409759337908,1397,0.0253787682080139,-1.445965571882522,1.4440828042107998,-4095.9999999999995,4090.666666666666,C:\Users\kimeu\Downloads\starlink_pathB_wsl_package_v0_3_clean\starlink_pathB\paper_final_experiment_check\outputs\random1200_null_random1200_seed3\82_0_lst064_stress_full_polybeam_smooth_S30_single.npz,9.10175923472585,9444.443085672718,1.7798436919007438e-05,140609741.2109375,False,False,False,False,False,False,False,False,False,False,False,False
82_0,81.33403506806889,mid,stress,64,2461041.9444444445,2461041.951267397,full_polybeam,smooth,30.0,multi,coherent_ab,2,3,3,59673;44795;57902,76.886;74.520;70.910,0.6134387600806451,0.0002588706478842,0.2812107439459313,0,2,2,2,0.0,0.2812107439459313,0.0,0.9963509766045548,0.0002588706478842,1086.298297023242,0.24903789739655935,0.18867276706504865,0.0008342575792462952,False,20271498,100,-0.08367211064635667,-0.6678091588511802,0.5346534653465347,0.8217821782178217,4.244202230273004,581.0260959391976,4.347240751886602,7.2952456774921295,8.522756373592113,611.6679982334874,690.5172218901879,696.167139078341,0.8306056840401652,2.1833878268708062,1.2332079507401899,581.0260959391976,-53.841035008706626,2440330.6300431527,0.00023809318654862896,1397,0.0253787682080139,-1.445965571882522,1.4440828042107998,-4095.9999999999995,4090.666666666666,C:\Users\kimeu\Downloads\starlink_pathB_wsl_package_v0_3_clean\starlink_pathB\paper_final_experiment_check\outputs\random1200_null_random1200_seed3\82_0_lst064_stress_full_polybeam_smooth_S30_multi.npz,9.10175923472585,9444.443085672718,1.7798436919007438e-05,140609741.2109375,False,False,False,False,False,False,False,False,False,False,False,False
82_0,81.33403506806889,mid,stress,64,2461041.9444444445,2461041.951267397,full_polybeam,smooth,1000.0,single,coherent_ab,2,3,1,59673,76.886,0.6134387600806451,0.0002588706478842,0.2812107439459313,0,2,2,2,0.0,0.2812107439459313,0.0,0.9963509766045548,0.0002588706478842,1086.298297023242,6.289092235501622,6.289092235501622,0.012780366155914442,False,20271515,100,0.1022206987216926,0.11543587284157615,0.44554455445544555,0.4752475247524752,103.59399512125492,15139.89670670071,96.6406655709543,204.68390108046833,207.43081217179662,15085.785066940454,15685.449416023475,15829.594726329762,45.880693322614206,1.2547168157836956,1.1330815800529648,15139.89670670071,-351.5614270235026,2440330.6300431527,0.006204035027185226,1397,0.0253787682080139,-1.445965571882522,1.4440828042107998,-4095.9999999999995,4090.666666666666,C:\Users\kimeu\Downloads\starlink_pathB_wsl_package_v0_3_clean\starlink_pathB\paper_final_experiment_check\outputs\random1200_null_random1200_seed3\82_0_lst064_stress_full_polybeam_smooth_S1000_single.npz,9.10175923472585,9444.443085672718,1.7798436919007438e-05,140609741.2109375,False,False,False,False,False,False,False,False,False,False,False,False
82_0,81.33403506806889,mid,stress,64,2461041.9444444445,2461041.951267397,full_polybeam,smooth,1000.0,multi,coherent_ab,2,3,3,59673;44795;57902,76.886;74.520;70.910,0.6134387600806451,0.0002588706478842,0.2812107439459313,0,2,2,2,0.0,0.2812107439459313,0.0,0.9963509766045548,0.0002588706478842,1086.298297023242,8.30126324655198,6.289092235501622,0.027808585974876503,False,20271532,100,-0.1157973152070272,-0.5474655449480463,0.594059405940594,0.7128712871287128,134.59281970264055,19581.84517612012,139.96916560761747,273.70909844950637,305.9067732078445,20623.038171857042,23095.262944083894,23310.01207090168,31.315886954490452,2.7222377782086005,1.343350645591474,19581.84517612012,-3867.7207558311457,2440330.6300431527,0.008024259063524459,1397,0.0253787682080139,-1.445965571882522,1.4440828042107998,-4095.9999999999995,4090.666666666666,C:\Users\kimeu\Downloads\starlink_pathB_wsl_package_v0_3_clean\starlink_pathB\paper_final_experiment_check\outputs\random1200_null_random1200_seed3\82_0_lst064_stress_full_polybeam_smooth_S1000_multi.npz,9.10175923472585,9444.443085672718,1.7798436919007438e-05,140609741.2109375,False,False,False,False,False,False,False,False,False,False,False,False
82_0,81.33403506806889,mid,stress,64,2461041.9444444445,2461041.951267397,full_polybeam,lines,30.0,single,coherent_ab,2,3,1,59673,76.886,0.6134387600806451,0.0002588706478842,0.2812107439459313,0,2,2,2,0.0,0.2812107439459313,0.0,0.9963509766045548,0.0002588706478842,1086.298297023242,0.18864962693050444,0.18864962693050444,0.000383646849116091,False,20271549,100,0.1889699539685275,0.8557962677273778,0.38613861386138615,0.32673267326732675,3.3442562091622676,456.3024131365885,2.991873521089474,6.282602070745907,6.357367752213595,447.3369899200035,468.47588439733266,468.7308017984411,1.2577600931426787,1.0794559765043095,1.0334128871879629,456.3024131365885,41.391501420262614,2440330.6300431527,0.00018698384863059298,1397,0.0253787682080139,-1.445965571882522,1.4440828042107998,-4095.9999999999995,4090.666666666666,C:\Users\kimeu\Downloads\starlink_pathB_wsl_package_v0_3_clean\starlink_pathB\paper_final_experiment_check\outputs\random1200_null_random1200_seed3\82_0_lst064_stress_full_polybeam_lines_S30_single.npz,9.10175923472585,9444.443085672718,1.7798436919007438e-05,140609741.2109375,False,False,False,False,False,False,False,False,False,False,False,False
82_0,81.33403506806889,mid,stress,64,2461041.9444444445,2461041.951267397,full_polybeam,lines,30.0,multi,coherent_ab,2,3,3,59673;44795;57902,76.886;74.520;70.910,0.6134387600806451,0.0002588706478842,0.2812107439459313,0,2,2,2,0.0,0.2812107439459313,0.0,0.9963509766045548,0.0002588706478842,1086.298297023242,0.24901362999587986,0.18864962693050444,0.0008349785037993003,False,20271566,100,-0.14439946594024203,-0.7323228427468419,0.5544554455445545,0.7920792079207921,4.222799956974995,580.925612361617,4.391128011956425,7.938810464326525,8.725753129345557,622.0851805254811,689.9064388843577,696.9476915159321,0.786261340416786,1.7761866734758742,1.3033598822751302,580.925612361617,-53.83689187179773,2440330.6300431527,0.0002380520103340851,1397,0.0253787682080139,-1.445965571882522,1.4440828042107998,-4095.9999999999995,4090.666666666666,C:\Users\kimeu\Downloads\starlink_pathB_wsl_package_v0_3_clean\starlink_pathB\paper_final_experiment_check\outputs\random1200_null_random1200_seed3\82_0_lst064_stress_full_polybeam_lines_S30_multi.npz,9.10175923472585,9444.443085672718,1.7798436919007438e-05,140609741.2109375,False,False,False,False,False,False,False,False,False,False,False,False
82_0,81.33403506806889,mid,stress,64,2461041.9444444445,2461041.951267397,full_polybeam,lines,1000.0,single,coherent_ab,2,3,1,59673,76.886,0.6134387600806451,0.0002588706478842,0.2812107439459313,0,2,2,2,0.0,0.2812107439459313,0.0,0.9963509766045548,0.0002588706478842,1086.298297023242,6.288320897683481,6.288320897683481,0.012788228303869704,False,20271583,100,0.5269794420374119,-0.02049709951856243,0.3465346534653465,0.5346534653465347,103.5519608155937,15140.152041769856,81.80003759252713,205.6651668821046,206.94328240906538,15149.469269486903,15826.38871875573,15831.41604426383,27.840689872226903,1.1173719909072315,1.064195902305716,15140.152041769856,-349.93092921738065,2440330.6300431527,0.00620413965852739,1397,0.0253787682080139,-1.445965571882522,1.4440828042107998,-4095.9999999999995,4090.666666666666,C:\Users\kimeu\Downloads\starlink_pathB_wsl_package_v0_3_clean\starlink_pathB\paper_final_experiment_check\outputs\random1200_null_random1200_seed3\82_0_lst064_stress_full_polybeam_lines_S1000_single.npz,9.10175923472585,9444.443085672718,1.7798436919007438e-05,140609741.2109375,False,False,False,False,False,False,False,False,False,False,False,False
82_0,81.33403506806889,mid,stress,64,2461041.9444444445,2461041.951267397,full_polybeam,lines,1000.0,multi,coherent_ab,2,3,3,59673;44795;57902,76.886;74.520;70.910,0.6134387600806451,0.0002588706478842,0.2812107439459313,0,2,2,2,0.0,0.2812107439459313,0.0,0.9963509766045548,0.0002588706478842,1086.298297023242,8.300454333195995,6.288320897683481,0.027832616793310005,False,20271600,100,-0.102696523305086,-0.9413356797295951,0.5841584158415841,0.8712871287128713,133.87494159144626,19581.412878489304,137.64957970755313,269.65787129576546,287.3217414144404,20880.818561666085,23341.378760725307,23437.713993000314,24.79108783574702,2.233426737493298,1.4702907825372267,19581.412878489304,-3867.3770777908667,2440330.6300431527,0.008024081916368456,1397,0.0253787682080139,-1.445965571882522,1.4440828042107998,-4095.9999999999995,4090.666666666666,C:\Users\kimeu\Downloads\starlink_pathB_wsl_package_v0_3_clean\starlink_pathB\paper_final_experiment_check\outputs\random1200_null_random1200_seed3\82_0_lst064_stress_full_polybeam_lines_S1000_multi.npz,9.10175923472585,9444.443085672718,1.7798436919007438e-05,140609741.2109375,False,False,False,False,False,False,False,False,False,False,False,False
82_0,81.33403506806889,mid,stress,64,2461041.9444444445,2461041.951267397,full_polybeam,khz_comb,30.0,single,coherent_ab,2,3,1,59673,76.886,0.6134387600806451,0.0002588706478842,0.2812107439459313,0,2,2,2,0.0,0.2812107439459313,0.0,0.9963509766045548,0.0002588706478842,1086.298297023242,0.15525454919063933,0.15525454919063933,0.000324920379505238,False,20271617,100,0.37145731724259196,0.4843593689042021,0.32673267326732675,0.3564356435643564,2.7673855362263566,377.3849641329594,2.2906859880067714,5.00252066853227,5.163443323592037,372.3928242694268,387.7451714871789,387.7710509574791,0.8655891953012542,1.2606405378407284,1.1682910480227986,377.3849641329594,33.37583392168868,2440330.6300431527,0.000154645013871045,1397,0.0253787682080139,-1.445965571882522,1.4440828042107998,-4095.9999999999995,4090.666666666666,C:\Users\kimeu\Downloads\starlink_pathB_wsl_package_v0_3_clean\starlink_pathB\paper_final_experiment_check\outputs\random1200_null_random1200_seed3\82_0_lst064_stress_full_polybeam_khz_comb_S30_single.npz,9.10175923472585,9444.443085672718,1.7798436919007438e-05,140609741.2109375,False,False,False,False,False,False,False,False,False,False,False,False
82_0,81.33403506806889,mid,stress,64,2461041.9444444445,2461041.951267397,full_polybeam,khz_comb,30.0,multi,coherent_ab,2,3,3,59673;44795;57902,76.886;74.520;70.910,0.6134387600806451,0.0002588706478842,0.2812107439459313,0,2,2,2,0.0,0.2812107439459313,0.0,0.9963509766045548,0.0002588706478842,1086.298297023242,0.2049328137901747,0.15525454919063933,0.0007227397255965354,False,20271634,100,-0.39415540281879524,-0.7368642164449096,0.6534653465346535,0.8316831683168316,3.422483618835031,490.96429196834686,3.7678587698793855,6.399116342693833,7.258028633933337,513.2054110747779,577.9161204193852,584.2569764445203,0.5910165033037629,1.8253472070345091,1.257151960458872,490.96429196834686,-45.09802811895348,2440330.6300431527,0.00020118761200799463,1397,0.0253787682080139,-1.445965571882522,1.4440828042107998,-4095.9999999999995,4090.666666666666,C:\Users\kimeu\Downloads\starlink_pathB_wsl_package_v0_3_clean\starlink_pathB\paper_final_experiment_check\outputs\random1200_null_random1200_seed3\82_0_lst064_stress_full_polybeam_khz_comb_S30_multi.npz,9.10175923472585,9444.443085672718,1.7798436919007438e-05,140609741.2109375,False,False,False,False,False,False,False,False,False,False,False,False
82_0,81.33403506806889,mid,stress,64,2461041.9444444445,2461041.951267397,full_polybeam,khz_comb,1000.0,single,coherent_ab,2,3,1,59673,76.886,0.6134387600806451,0.0002588706478842,0.2812107439459313,0,2,2,2,0.0,0.2812107439459313,0.0,0.9963509766045548,0.0002588706478842,1086.298297023242,5.175151639687979,5.175151639687979,0.010830679316841271,False,20271651,100,0.05400514785724466,0.07982692274721008,0.36633663366336633,0.49504950495049505,86.89557267255987,12516.072875505404,84.44055568926342,164.4317556256965,168.7488452622677,12490.330346310115,12999.622513978185,13050.709289185137,30.6616375529361,1.1170674868606225,1.012347324864226,12516.072875505404,-57.5680546713254,2440330.6300431527,0.005128843084383234,1397,0.0253787682080139,-1.445965571882522,1.4440828042107998,-4095.9999999999995,4090.666666666666,C:\Users\kimeu\Downloads\starlink_pathB_wsl_package_v0_3_clean\starlink_pathB\paper_final_experiment_check\outputs\random1200_null_random1200_seed3\82_0_lst064_stress_full_polybeam_khz_comb_S1000_single.npz,9.10175923472585,9444.443085672718,1.7798436919007438e-05,140609741.2109375,False,False,False,False,False,False,False,False,False,False,False,False
82_0,81.33403506806889,mid,stress,64,2461041.9444444445,2461041.951267397,full_polybeam,khz_comb,1000.0,multi,coherent_ab,2,3,3,59673;44795;57902,76.886;74.520;70.910,0.6134387600806451,0.0002588706478842,0.2812107439459313,0,2,2,2,0.0,0.2812107439459313,0.0,0.9963509766045548,0.0002588706478842,1086.298297023242,6.831093793005825,5.175151639687979,0.02409132418655118,False,20271668,100,-0.13058075321259932,-0.7766234319236585,0.5346534653465347,0.7920792079207921,109.45981262870373,16492.897787151305,113.86869330086847,226.5526249112539,246.35581494600024,17613.262617315904,19214.603756157787,19317.71170716354,22.773258691259798,2.5089663366892028,1.2869275564870857,16492.897787151305,-2932.279213562734,2440330.6300431527,0.006758468538691275,1397,0.0253787682080139,-1.445965571882522,1.4440828042107998,-4095.9999999999995,4090.666666666666,C:\Users\kimeu\Downloads\starlink_pathB_wsl_package_v0_3_clean\starlink_pathB\paper_final_experiment_check\outputs\random1200_null_random1200_seed3\82_0_lst064_stress_full_polybeam_khz_comb_S1000_multi.npz,9.10175923472585,9444.443085672718,1.7798436919007438e-05,140609741.2109375,False,False,False,False,False,False,False,False,False,False,False,False
