1 57980U 23151S   26001.00003472  .00271189  00000-0  54963-2 0  9993
2 57980  42.9942 253.0658 0017982 223.6791  10.7502 15.44486636  5790
1 51105U 22005B   26001.01641558  .00000509  00000-0  50083-4 0  9994
2 51105  53.2162 232.9168 0001472  90.4547 269.6614 15.08840910218660
1 55610U 23020AT  26001.04809666  .00001107  00000-0  97040-4 0  9995
2 55610  43.0049 359.2654 0001102 271.0731  88.9985 15.02536297158896
1 53048U 22077F   26001.06331032  .00001866  00000-0  13352-3 0  9993
2 53048  97.6021 184.5868 0001374  90.6741 269.4643 15.05645559190806
1 54626U 22151PC  26001.06387445  .00018432  00000-0  35311-2 0  9993
2 54626  98.6263  51.4451 0081803 100.4744 260.5686 14.61688037164344
1 59577U 24076P   26001.09380457  .00000112  00000-0  13599-4 0  9992
2 59577  43.0005  30.8124 0000393 258.8479 101.2328 15.27574242 96161
1 58975U 24031L   26001.09484116  .00001430  00000-0  60405-4 0  9993
2 58975  53.1597 250.6955 0001296  96.7527 263.3621 15.30189307106166
1 55591U 23020Y   26001.09877670  .00000791  00000-0  73644-4 0  9990
2 55591  43.0055  11.7585 0001094 271.1266  88.9451 15.02536450158752
1 53914U 22119AE  26001.11162626  .00000297  00000-0  36750-4 0  9994
2 53914  53.2181 257.4424 0001288  83.8124 276.3015 15.08843576181626
1 47279U 20100X   26001.12021875  .00000518  00000-0  14045-2 0  9997
2 47279  87.8921  23.8202 0001739  82.1802 277.9524 13.12442512242823
1 53228U 22084AR  26001.14185960 -.00000145  00000-0 -67783-5 0  9997
2 53228  97.6025  64.0654 0002888 177.0460 183.0782 15.01260435189180
1 47559U 21009M   26001.16668980  .00180300  00000-0  31830-2 0  9994
2 47559  53.0532 289.7628 0016424  86.5396 162.3822 15.49107563  5927
1 53659U 22105M   26001.16668980  .01324873  00000-0  21212-1 0  9998
2 53659  97.6035 245.7225 0001680 101.1450  31.3792 15.50155475  5844
1 58491U 23186U   26001.16807715 -.00000248  00000-0  52699-6 0  9993
2 58491  43.0006 288.8281 0001223 254.8999 105.1717 15.27581974117564
1 52864U 22062AL  26001.17143567  .00000838  00000-0  70713-4 0  9991
2 52864  53.2193 327.2238 0001553  90.1084 270.0086 15.08842691195735
1 59602U 24080B   26001.17529151  .00002570  00000-0  10288-3 0  9992
2 59602  42.9992  56.0460 0000699 208.7371 151.3442 15.27573839 94241
1 55111U 23001DG  26001.19898976  .00019384  00000-0  75261-3 0  9994
2 55111  97.5702  92.7784 0005346 191.2839 168.8280 15.26117252119054
1 58415U 23180P   26001.21181769  .00001713  00000-0  14186-3 0  9996
2 58415  43.0001  62.7404 0000854 216.3283 143.7502 15.02538948117431
1 58243U 23171P   26001.23967939  .00001638  00000-0  13627-3 0  9993
2 58243  43.0021 292.1269 0000940 279.0943  80.9793 15.02536414119482
1 52788U 22058D   26001.26746969  .00007623  00000-0  69085-3 0  9994
2 52788  50.0031 256.4520 0005366  78.1816 281.9729 14.96137453195147
1 55796U 23029A   26001.27400156  .00000107  00000-0  23242-3 0  9996
2 55796  87.9216 307.7746 0002048  89.7183 270.4185 13.20771499139116
1 44475U 19049A   26001.27780383 -.00000250  00000-0  00000-0 0  9992
2 44475   0.0284 110.0635 0001289 177.7663  55.6087  1.00269806 23539
1 56449U 23064B   26001.27838263  .00003605  00000-0  30955-3 0  9990
2 56449  70.0033 314.6187 0002160 272.8721  87.2191 14.98355762145144
1 57070U 23088Y   26001.28304699 -.00000666  00000-0 -34256-4 0  9994
2 57070  43.0020 101.2802 0001023 251.7078 108.3653 15.02544685140371
1 48240U 21031AG  26001.28361286 -.00000029  00000-0 -11393-3 0  9993
2 48240  87.9021 322.9452 0001327  77.7399 282.3879 13.14503334226229
1 53504U 22099AR  26001.28842682  .00001257  00000-0  10237-3 0  9999
2 53504  97.6052 124.2300 0002674 219.0901 141.0131 15.01264671185874
1 57582U 23117C   26001.28897725  .00031829  00000-0  99983-3 0  9992
2 57582  97.4262  80.9277 0008717 110.5382 249.6796 15.32904880132936
1 48280U 21036E   26001.29003817  .00006235  00000-0  43708-3 0  9994
2 48280  53.0556  39.1872 0001522  81.1295 278.9867 15.06403188257944
1 54119U 22138G   26001.29342717 -.00000010  00000-0 -56730-4 0  9998
2 54119  87.9222 338.1700 0001831  70.5718 289.5613 13.19725613154793
1 48696U 21044BL  26001.30340199 -.00001203  00000-0 -61835-4 0  9997
2 48696  53.0555  34.1754 0001390  94.2648 265.8500 15.06406328253975
1 44335U 19034C   26001.31912106  .00002787  00000-0  72361-3 0  9994
2 44335   5.4288  77.8116 7042839 123.6095 322.9824  2.58151955 57527
1 59182U 24045E   26001.33458947  .00000404  00000-0  24186-4 0  9995
2 59182  43.0043 112.6432 0000976 240.4188 119.6566 15.27579633102868
1 53569U 22101AU  26001.38211888  .00000481  00000-0  48287-4 0  9998
2 53569  53.2189 356.3043 0001523  92.9706 267.1460 15.08842408186951
1 56237U 22151ABD 26001.39862332  .00001786  00000-0  12867-2 0  9997
2 56237  98.8896 334.0249 0128097 183.8143 176.2054 13.94194410141628
1 58698U 24003A   26001.40407799  .00000000  00000-0  00000-0 0  9994
2 58698   0.0142  37.1983 0000349 265.2863   3.7243  1.00272289  5762
1 55783U 23028AU  26001.40844723 -.00000870  00000-0 -65158-4 0  9990
2 55783  70.0009  14.2760 0002874 268.0782  92.0048 14.98337871156949
1 52451U 22049A   26001.41203208  .00000373  00000-0  41549-4 0  9993
2 52451  53.2190  11.1469 0001475  80.2957 279.8202 15.08837439201954
1 52581U 22051AX  26001.44053535  .00000182  00000-0  29496-4 0  9994
2 52581  53.2181  61.0145 0001207  89.5540 270.5591 15.08837794201432
1 45339U 91056CD  26001.44492811  .00017013  00000-0  17344-1 0  9999
2 45339  82.5100 147.8203 0092172 140.8016 219.9862 13.74668380288177
1 50190U 21125AL  26001.46997700  .00000119  00000-0  25566-4 0  9996
2 50190  53.2171 180.8791 0001296  92.3337 267.7804 15.08835891226580
1 57236U 23094U   26001.48081752  .00000916  00000-0  82909-4 0  9993
2 57236  43.0050  23.0695 0001268 267.0920  92.9777 15.02534418137156
1 53431U 22097AV  26001.48418886  .00000052  00000-0  21330-4 0  9992
2 53431  53.2184  45.4328 0001282  92.5674 267.5465 15.08836209188647
1 48653U 21044R   26001.53653833  .00022136  00000-0  15012-2 0  9997
2 48653  53.0556  63.0810 0001387  78.5693 281.5452 15.06377677253586
1 56041U 23042BH  26001.56131454  .00003745  00000-0  29212-3 0  9993
2 56041  43.0040  34.6947 0001334 269.5179  90.5511 15.02541295153118
1 54159U 22141C   26001.57348631  .00002088  00000-0  14923-3 0  9990
2 54159  53.2191 315.5212 0001206  97.5967 262.5162 15.08840639175582
1 53104U 22079C   26001.60232701  .00012097  00000-0  99531-3 0  9992
2 53104  40.0144  87.3315 0006565 169.2235 190.8699 14.98832456 90354
1 59426U 24065F   26001.60241825  .00001285  00000-0  15477-4 0  9994
2 59426  53.1597  64.8099 0000877 105.3442 254.7673 15.69685798100981
1 53500U 22099AM  26001.61298572  .00000264  00000-0  22477-4 0  9992
2 53500  97.6028 125.1867 0001220  97.5243 262.6123 15.05646501185966
1 50574U 21135A   26001.63340468 -.00000288  00000-0  00000-0 0  9995
2 50574   0.0601  79.0840 0001246 154.2571 233.1492  1.00274982 14761
1 54397U 22151DV  26001.63456707  .00115505  00000-0  65498-2 0  9997
2 54397  98.4643  85.3385 0059752 226.9073 132.7146 15.10930998168625
1 46567U 20070AM  26001.66667824  .00193327  00000-0  37470-2 0  9999
2 46567  53.0494  81.8632 0006221 301.2417 263.0734 15.46486748  5847
1 47771U 21017BB  26001.68901177  .00012688  00000-0  86863-3 0  9994
2 47771  53.0567 147.3959 0001693  99.5818 260.5362 15.06423324267730
1 48861U 21055B   26001.69839564  .00005739  00000-0  43499-3 0  9995
2 48861  34.9957  85.8823 0003335  69.7259 290.3807 15.01655008248129
1 53208U 22084V   26001.70840840  .00000460  00000-0  40319-4 0  9995
2 53208  97.6036  64.6350 0002868  80.9262 279.2287 15.01261569189265
1 47828U 21018AT  26001.71161464 -.00000311  00000-0 -19728-5 0  9999
2 47828  53.0564 202.2922 0001747 104.3874 255.7309 15.06401593266367
1 58496U 23187A   26001.72639318  .00004046  00000-0  49674-3 0  9998
2 58496  97.9405  85.6183 0011042 333.8273  26.2381 14.83591716112434
1 53792U 22111V   26001.73824506 -.00001051  00000-0 -47998-4 0  9997
2 53792  53.2169 215.0293 0001469  97.6266 262.4893 15.08827990183579
1 58715U 24002L   26001.74881170 -.00000544  00000-0 -62636-5 0  9992
2 58715  53.1603 181.0595 0001014 110.8091 249.3018 15.30188994111762
1 48466U 21040AQ  26001.75492002 -.00002005  00000-0 -11577-3 0  9996
2 48466  53.0576 132.0970 0001593  80.5012 279.6157 15.06398310256413
1 54418U 22151ES  26001.75653892  .00000722  00000-0  69983-3 0  9996
2 54418  98.8820 292.9273 0239806 272.9296  84.4435 13.70798961156683
1 56072U 23043AC  26001.76081327 -.00000145  00000-0 -41852-3 0  9990
2 56072  87.9003 292.4147 0001661  64.1304 295.9998 13.15546782134540
1 59805U 24094A   26001.77873584  .00013954  00000-0  72431-3 0  9996
2 59805  97.4086  76.6850 0008788  57.6252 302.5830 15.16201182 89941
1 49019U 21064B   26001.79025189  .00000004  00000-0  78654-4 0  9994
2 49019  45.0028 259.0360 0006221 167.6338 192.4653 14.08440638230782
1 51748U 22016AL  26001.80577919  .00003260  00000-0  22279-3 0  9997
2 51748  53.2159 249.3754 0001373  86.9340 273.1810 15.08843621213602
1 54347U 22151CS  26001.83822699  .00000980  00000-0  37909-3 0  9998
2 54347  98.6769  23.9828 0104448 211.7124 147.7739 14.29361143163148
1 54158U 22141B   26001.84213880  .00001530  00000-0  11425-3 0  9991
2 54158  53.2203 314.3468 0001490  83.9932 276.1230 15.08834899175624
1 45301U 91056AP  26001.84360601  .00003335  00000-0  40102-2 0  9994
2 45301  82.4941 149.0468 0164763 136.7238 224.6991 13.60898292290318
1 56098U 23046F   26001.84560920 -.00000716  00000-0 -37938-4 0  9996
2 56098  43.0040 162.4449 0001443 264.2719  95.7958 15.02539269152007
1 53966U 22125C   26001.87064364 -.00000954  00000-0 -41878-4 0  9990
2 53966  53.2168 164.1589 0000998  98.6234 261.4871 15.08828730179231
1 57666U 23124D   26001.89063411  .00000654  00000-0  34194-4 0  9993
2 57666  53.1610 219.0133 0001019  83.8297 276.2819 15.30193649132445
1 54165U 22141J   26001.89363630  .00000788  00000-0  67607-4 0  9991
2 54165  53.2197 313.9618 0001487  95.1273 264.9889 15.08835710175634
1 54449U 22151FZ  26001.92663489  .00000895  00000-0  67200-3 0  9993
2 54449  98.9610 342.4732 0132867 169.2490 191.1560 13.92885422159286
1 55481U 23015AJ  26001.95585070 -.00001164  00000-0 -71089-4 0  9995
2 55481  43.0061 341.7580 0001540 283.7562  76.3109 15.02524456160568
1 57036U 23085AJ  26001.96220661  .00015812  00000-0  71591-3 0  9993
2 57036  97.4832 108.4394 0008074 305.2778  54.7702 15.20941300141046
1 44777U 19075A   26001.97101457  .00024626  00000-0  74917-3 0  9995
2 44777  97.5134  82.4149 0006443 326.4373  33.6461 15.33996103339359
1 56164U 23050C   26001.97123641  .00000149  00000-0  12274-3 0  9997
2 56164  80.9999 231.2080 0006163  61.3450 298.8325 13.84791310139130
1 56294U 23056J   26001.97412098 -.00000286  00000-0 -61228-5 0  9993
2 56294  43.0030 213.1060 0000990 273.9707  86.1022 15.02548360149988
1 55291U 23010Y   26001.98215962  .00000594  00000-0  57567-4 0  9991
2 55291  69.9999 192.7811 0002601 268.1789  91.9072 14.98334866163273
1 51887U 22022AM  26001.98885976  .00000957  00000-0  78216-4 0  9995
2 51887  53.2174 298.5538 0001194  96.2951 263.8177 15.08835540213177
1 46556U 20070AA  26002.00003471  .00139899  00000-0  36485-2 0  9997
2 46556  53.0516 102.4227 0003424 253.8381 230.0788 15.37843485  5785
1 45573U 20025AU  26002.00003472  .01072012  00000-0  33100-1 0  9990
2 45573  53.0586  14.9067 0001292  86.1340 139.9398 15.30214239  5755
1 46119U 20057C   26002.00003472  .00163447  00000-0  25797-2 0  9998
2 46119  53.0518 236.5234 0011624 119.9589  82.5477 15.52396643  5828
1 47370U 21005X   26002.00003472  .00738333  24536-3  17894-2 0  9996
2 47370  53.0355 263.6150 0004526 136.5279 289.5820 15.95764656  5785
1 58880U 24020E   26002.00079470  .00005931  00000-0  21220-3 0  9992
2 58880  53.1605 256.9691 0001409  51.0385 309.0741 15.30199653108077
1 53529U 22101C   26002.00220147  .00000166  00000-0  28494-4 0  9990
2 53529  53.2201  13.5050 0001346 100.2646 259.8498 15.08835943186091
1 48063U 21025X   26002.02900102  .00000301  00000-0  78936-3 0  9995
2 48063  87.8991 353.2319 0001728  84.4128 275.7198 13.13470575231771
1 54271U 22151N   26002.03927978  .00352484  00000-0  25002-1 0  9991
2 54271  98.7016  36.0625 0033813 232.2609 127.5547 15.02511854 86159
1 54391U 22151DP  26002.05781044  .00004331  00000-0  90221-3 0  9990
2 54391  98.4839  39.8347 0135729  51.2076 310.1151 14.54853410165916
1 59962U 24107T   26002.05916940 -.00001258  00000-0 -30342-4 0  9993
2 59962  53.1620  15.1181 0001059 359.5269   0.5731 15.30219710 89597
1 55601U 23020AJ  26002.07263440  .00001241  00000-0  10693-3 0  9990
2 55601  43.0048   6.1654 0001457 276.2773  83.7903 15.02527070158903
1 47389U 21005AS  26002.10691626 -.00003147  00000-0 -19249-3 0  9995
2 47389  53.0565 340.5086 0001527 106.9568 253.1588 15.06389890273286
1 59117U 24043V   26002.10831159  .00019007  00000-0  60092-3 0  9991
2 59117  97.5404 139.1568 0012499 105.1819 255.0805 15.32767863101776
1 47361U 21005N   26002.10877794  .00013839  00000-0  94658-3 0  9991
2 47361  53.0553 330.5073 0001002  84.7662 275.3441 15.06382371273421
1 55778U 23028AP  26002.10963743  .00000290  00000-0  32075-4 0  9992
2 55778  70.0003  32.1849 0003157 270.0244  90.0553 14.98329876156568
1 53205U 22084S   26002.11556894  .00001090  00000-0  79770-4 0  9994
2 53205  97.6041  65.6039 0000717 110.8320 249.2984 15.05649744189363
1 58387U 23178P   26002.11747509  .00007737  00000-0  27302-3 0  9997
2 58387  53.1620 310.5495 0001572  51.4027 308.7115 15.30205986119691
1 51959U 22025D   26002.12755471 -.00000558  00000-0 -18579-4 0  9996
2 51959  53.0565 334.6518 0001466  95.8728 264.2428 15.06396470210812
1 59031U 24038J   26002.14146241  .00003088  00000-0  12161-3 0  9991
2 59031  43.0071  42.5753 0002687 275.7205  84.3340 15.27607439104474
1 49070U 21073E   26002.15703499 -.00000285  00000-0 -29580-4 0  9996
2 49070  97.8952  79.3013 0001329  89.3133 270.8232 14.81671972236783
1 46045U 20055U   26002.17189610  .00006818  00000-0  47599-3 0  9994
2 46045  53.0556  65.2313 0002265  94.8769 265.2479 15.06414556298846
1 55175U 23004AM  26002.17239360 -.00000390  00000-0 -11373-2 0  9994
2 55175  87.8837  54.1178 0002048 111.3163 248.8183 13.11417513144068
1 45424U 20020A   26002.20122805  .00000559  00000-0  15409-2 0  9993
2 45424  87.8840  54.1128 0001938  94.4399 265.6950 13.11419187280926
1 54701U 22169C   26002.21736627  .00000861  00000-0  24436-3 0  9998
2 54701  59.9573 293.3656 0076359 282.5651  76.6861 14.51554695162020
1 48360U 21038H   26002.22949932  .00021951  00000-0  14884-2 0  9990
2 48360  53.0550 299.9692 0001372  79.9386 280.1757 15.06389208257008
1 54758U 22175A   26002.23176128  .00000595  00000-0  55480-4 0  9991
2 54758  53.2194 337.6560 0001356  94.3931 265.7217 15.08836861169955
1 46556U 20070AA  26002.23763401  .00165238  00000-0  42850-2 0  9997
2 46556  53.0533 101.3049 0002948 270.1156  89.9509 15.37902474289685
1 48584U 21041AH  26002.25714457 -.00000784  00000-0 -33751-4 0  9996
2 48584  53.0554  79.8452 0001523  95.9869 264.1293 15.06384535255048
1 56080U 23043AL  26002.31540872  .00000121  00000-0  28750-3 0  9990
2 56080  87.9008 292.3299 0001856  79.6816 280.4524 13.15547852135810
1 54700U 22169B   26002.33317981  .00000330  00000-0  18140-3 0  9994
2 54700  59.9973  68.6197 0025794  96.2005 264.1970 14.29468300159647
1 54447U 22151FX  26002.35601835  .00000803  00000-0  67300-3 0  9996
2 54447  98.9469 326.3481 0168002 231.8846 126.7063 13.84763879158451
1 48074U 21025AJ  26002.41158265  .00000316  00000-0  83141-3 0  9995
2 48074  87.8992 353.1616 0001570  93.3072 266.8236 13.13470050231913
1 48064U 21025Y   26002.43782619  .00000062  00000-0  13429-3 0  9992
2 48064  87.8979 353.1765 0001052  70.3936 289.7307 13.13470507231810
1 53086U 22077AV  26002.46441534  .00000043  00000-0  78530-5 0  9996
2 53086  97.6025 185.3733 0001347 107.5115 252.6256 15.01261371190980
1 53009U 22076Z   26002.46495182  .00001210  00000-0  94115-4 0  9991
2 53009  53.2185  21.4139 0001472  97.5968 262.5191 15.08845071192985
1 59030U 24038H   26002.50567096  .00001715  00000-0  71838-4 0  9997
2 59030  43.0084  41.0124 0001974 271.5962  88.4664 15.27584633104637
1 58220U 23170Q   26002.54284475  .00007437  00000-0  55710-3 0  9991
2 58220  43.0008 194.9700 0001859 248.6366 111.4278 15.03071137120333
1 44476U 19049B   26002.54584709  .00000041  00000-0  00000-0 0  9995
2 44476   0.0049  42.6912 0001060 124.8058 193.1345  1.00270027 23469
1 48440U 21040N   26002.59992997  .00001093  00000-0  92263-4 0  9995
2 48440  53.0564 118.3058 0001387  92.2177 267.8970 15.06398847256663
1 45160U 20008AF  26002.60452707 -.00000296  00000-0 -88285-3 0  9990
2 45160  87.8793  69.2825 0001950 103.4559 256.6785 13.10377046286663
1 53509U 22099AW  26002.61037385  .00000719  00000-0  60485-4 0  9991
2 53509  97.6036 125.5255 0001980  90.8562 269.2889 15.01261842186074
1 53263U 22086X   26002.62411013  .00000983  00000-0  79827-4 0  9992
2 53263  53.2168 130.6985 0001203  87.3702 272.7427 15.08843076191094
1 47384U 21005AM  26002.63222103  .00006858  00000-0  47885-3 0  9995
2 47384  53.0551 328.4018 0001384  83.5934 276.5213 15.06401210273504
1 57422U 23103B   26002.64511310 -.00001502  16579-5 -16255-5 0  9997
2 57422  96.2299  58.4035 0041199 134.7381 225.7267 16.01246688140711
1 47179U 20088BK  26002.65798776  .00003552  00000-0  25724-3 0  9999
2 47179  53.0528 248.0506 0001257  77.7417 282.3713 15.06398198281744
1 53825U 22114H   26002.67657560 -.00000424  00000-0 -85379-5 0  9994
2 53825  53.2170 240.6093 0001489  93.5694 266.5468 15.08835833182861
1 53683U 22105AM  26002.67974265  .00000077  00000-0  10528-4 0  9995
2 53683  97.6021 245.5922 0003459  66.8634 293.2955 15.01263174183338
1 59306U 24056L   26002.70076060 -.00000157  00000-0  38007-5 0  9993
2 59306  42.9954 243.2523 0000708 213.1860 146.8947 15.27578024101063
1 57415U 23102M   26002.70779698  .00001024  00000-0  90875-4 0  9993
2 57415  43.0037 247.1717 0001078 269.0026  91.0693 15.02537580136263
1 48970U 21060D   26002.71437367  .00000044  00000-0  80977-4 0  9998
2 48970  87.9043 261.7202 0001694  78.1258 282.0063 13.16595561217881
1 49415U 21104H   26002.73036898 -.00003383  00000-0 -19454-3 0  9990
2 49415  53.2162 155.2216 0001452  95.2434 264.8723 15.08846821228800
1 57639U 23122H   26002.73327702  .00000970  00000-0  86900-4 0  9994
2 57639  43.0037  92.7238 0001378 266.5286  93.5399 15.02537989132265
1 57986U 23152A   26002.74376730  .00016882  00000-0  69641-3 0  9999
2 57986  34.9986 232.9712 0003393  86.2231 273.8871 15.23204308125206
1 59779U 24092G   26002.74508639  .00000475  00000-0  19458-3 0  9992
2 59779  98.6527 122.1587 0011404 339.6560  20.4168 14.31756656 85226
1 52391U 22046D   26002.74959877  .00110391  00000-0  12988-2 0  9995
2 52391  97.5049 115.2867 0000989 241.7675 118.3482 15.61051123204585
1 50185U 21125AF  26002.76810075 -.00000655  00000-0 -23060-4 0  9997
2 50185  53.2173 185.0929 0001443  89.8741 270.2417 15.08847597226653
1 51464U 22010J   26002.78373727  .00000951  00000-0  77854-4 0  9999
2 51464  53.2158 214.9814 0001465  89.1011 271.0148 15.08840231217376
1 55280U 23010M   26002.80854977  .00000930  00000-0  85732-4 0  9995
2 55280  69.9998 210.7098 0002859 270.0479  90.0353 14.98333304162908
1 59911U 24102C   26002.80987939  .00000357  00000-0  33319-3 0  9994
2 59911  44.9783 277.2823 0005951 204.1773 155.8781 13.99101856 81745
1 53774U 22111B   26002.82189705 -.00001185  00000-0 -56389-4 0  9995
2 53774  53.2176 219.6975 0001300 112.6283 247.4847 15.08835937183768
1 59776U 24092D   26002.82629906  .00029092  00000-0  10017-2 0  9996
2 59776  97.6375 130.1596 0008611  20.8151 339.3438 15.29967369 90404
1 51622U 22012A   26002.82829764  .00000088  00000-0  19458-3 0  9995
2 51622  87.9101  38.7174 0002944 116.2439 243.8995 13.17647163191920
1 54548U 22151KY  26002.84255460  .00037084  00000-0  59650-2 0  9990
2 54548  98.5992  50.1604 0033410  66.3462 294.1244 14.71042905165702
1 54138U 22138AB  26002.84923714  .00000068  00000-0  13808-3 0  9992
2 54138  87.9223 337.8568 0001742  73.6328 286.4996 13.19726868155014
1 48782U 21045R   26002.85096111  .00000104  00000-0  24298-3 0  9995
2 48782  87.9006 292.1978 0001695  66.2236 293.9072 13.15547278222602
1 54127U 22138Q   26002.88715303  .00000055  00000-0  10620-3 0  9992
2 54127  87.9223 337.8416 0001746  76.9294 283.2033 13.19725631155009
1 48220U 21031L   26002.88999740  .00000005  00000-0 -21273-4 0  9992
2 48220  87.9017 322.6274 0001651  97.0169 263.1148 13.14504247226535
1 55275U 23010G   26002.91278919  .00016155  00000-0  13580-2 0  9993
2 55275  70.0002 190.4146 0003233 268.2478  91.8311 14.98348683163421
1 58957U 24028C   26002.92742905 -.00000007  00000-0  79352-4 0  9996
2 58957  39.9908  83.1016 0011852  16.2041 343.9082 13.70300598 94383
1 59734U 24090E   26002.93587166  .00000139  00000-0  14561-4 0  9992
2 59734  42.9976 187.9439 0001224 277.1211  82.9502 15.27574219 93469
1 59526U 24073R   26002.94115709  .00000968  00000-0  44671-4 0  9998
2 59526  43.0007 329.0413 0000252 222.4476 137.6356 15.27581555 96124
1 49390U 21101A   26002.95278777  .00014040  00000-0  57404-3 0  9994
2 49390  34.9891 238.6671 0006998 315.0434  44.9714 15.23513896231633
1 46709U 20073AR  26002.95705377  .00083454  00000-0  22520-2 0  9998
2 46709  53.0514 183.4200 0002236 151.6285 208.4840 15.37079575287120
1 57457U 23107A   26002.96521699  .00036057  00000-0  26809-2 0  9996
2 57457  43.0057 336.3647 0000710 321.5883  38.4909 15.02391021135218
1 55145U 23004F   26002.96748508 -.00000031  00000-0 -11247-3 0  9990
2 55145  87.9164   8.2782 0001534  83.5908 276.5399 13.18686108147937
1 54032U 22130B   26002.97461267 -.00000069  00000-0  00000+0 0  9999
2 54032  64.3711 321.2318 0026572 177.6469 182.3566  2.11046248 24904
1 55376U 23013AX  26002.99065870 -.00000383  00000-0 -13265-4 0  9996
2 55376  43.0040 284.5524 0001294 253.7560 106.3140 15.02532402161976
1 46119U 20057C   26003.00002315  .00173260  00000-0  27019-2 0  9997
2 46119  53.0508 231.7071 0011616 123.6922 271.1612 15.52691989  5904
1 46744U 20074F   26003.00002315  .00148875  00000-0  25938-2 0  9992
2 46744  53.0497 239.8042 0012532 112.7600 156.5221 15.49669485  5861
1 55327U 23011D   26003.03125041  .00010146  00000-0  45670-3 0  9993
2 55327  40.4978 232.5371 0003494 290.2928  69.7505 15.20949739162685
1 58136U 23162U   26003.06602034  .00000429  00000-0  46825-4 0  9993
2 58136  43.0009 130.0509 0001397 273.8721  86.1962 15.02534036122421
1 52996U 22076L   26003.07959914 -.00001526  00000-0 -77817-4 0  9993
2 52996  53.2183  28.9320 0001507 101.3893 258.7269 15.08831231192932
1 45457U 20020AK  26003.09983400 -.00000143  00000-0 -44006-3 0  9990
2 45457  87.8853  53.8795 0002008 101.6853 258.4500 13.11419770280904
1 48245U 21031AM  26003.11598449  .00000041  00000-0  76651-4 0  9996
2 48245  87.9021 322.5808 0001360  76.0245 284.1036 13.14501701226494
1 57670U 23124H   26003.12729170  .00000440  00000-0  26995-4 0  9990
2 57670  53.1603 151.5983 0001052  99.9467 260.1652 15.30189121133526
1 52785U 22058A   26003.13015236  .00008319  00000-0  76322-3 0  9990
2 52785  49.9922 247.0172 0006151  27.8035 332.3236 14.95539311195430
1 58784U 24011V   26003.14403744  .00000894  00000-0  42303-4 0  9995
2 58784  53.1622 318.2151 0001115  97.1003 263.0125 15.30188361110234
1 56722U 23068N   26003.14503534  .00000189  00000-0  46130-3 0  9992
2 56722  87.9052 261.6034 0001328  92.2490 267.8793 13.16594724130050
1 59450U 24066J   26003.16814819  .00003839  00000-0  33581-3 0  9996
2 59450  45.6224  50.5140 0004267 241.0303 119.0151 14.98415356 95070
1 59284U 24052E   26003.17530609  .00000213  00000-0  15010-3 0  9999
2 59284  50.0115 301.9935 0011610 200.1374 159.9084 14.27885265 83351
1 59662U 24084J   26003.18725547  .00000232  00000-0  17953-4 0  9992
2 59662  43.0057  51.8735 0001251 264.2272  95.8437 15.27578438 94359
1 45024U 20004A   26003.18917860  .00001382  00000-0  18406-3 0  9998
2 45024  86.3944 189.6144 0011887 210.8547 149.1977 14.78874619321533
1 57786U 23134R   26003.21748774  .00000570  00000-0  57268-4 0  9991
2 57786  43.0044 193.1708 0001171 264.9647  95.1062 15.02535958129623
1 57606U 23119E   26003.24653679 -.00000157  00000-0  34394-5 0  9995
2 57606  43.0026  77.0290 0001084 267.2757  92.7961 15.02533659133241
1 53745U 22107AX  26003.25801208 -.00002754  00000-0 -15489-3 0  9993
2 53745  53.2176 197.9845 0001189 123.4063 236.7043 15.08866344184712
1 53476U 22099M   26003.26208652  .00000632  00000-0  53709-4 0  9998
2 53476  97.6013 126.1612 0003090  61.6240 298.5296 15.01261045186161
1 45460U 20021A   26003.27714728  .00006383  00000-0  48285-3 0  9993
2 45460  34.9933 135.2787 0003433 356.3608   3.7075 15.01703633315740
1 58660U 23208A   26003.28894844  .00016655  00000-0  60534-3 0  9992
2 58660  97.4391 119.2900 0005377 167.9471 192.1898 15.28332524112118
1 52296U 22041AM  26003.28973742  .00000411  00000-0  43894-4 0  9994
2 52296  53.2175  32.7113 0001493  94.2975 265.8188 15.08838782204632
1 53495U 22099AG  26003.29540258  .00002018  00000-0  16161-3 0  9993
2 53495  97.6036 126.1847 0002040 213.9726 146.1368 15.01261304186179
1 57429U 23104F   26003.29576073  .00032804  00000-0  68439-3 0  9997
2 57429  97.2806  76.0821 0020542 281.7365  78.1579 15.45252764136941
1 57197U 23091AH  26003.29785127  .00026850  00000-0  90333-3 0  9998
2 57197  97.5324  69.9270 0007222 311.5141  48.5479 15.30746328139439
1 52576U 22051AS  26003.29989547 -.00000362  00000-0 -46302-5 0  9992
2 52576  53.2206  52.6713 0001717 102.9015 257.2169 15.08841003201716
1 59271U 24050T   26003.30557957  .00017418  00000-0  59644-3 0  9999
2 59271  53.1607 112.2034 0001199  67.7419 292.3709 15.30330940100714
1 48356U 21038D   26003.30578554  .00027925  00000-0  18842-2 0  9998
2 48356  53.0540 295.1401 0001321  76.4015 283.7121 15.06437929257179
1 57981U 23151T   26003.31392544  .00002595  00000-0  20717-3 0  9995
2 57981  43.0056 347.2371 0001089 267.9838  92.0879 15.02527455125748
1 47587U 21009AR  26003.33336806  .00791215  00000-0  13122-1 0  9991
2 47587  53.0519 290.2633 0006728  86.4708 330.0452 15.49148692  5907
1 53432U 22097AW  26003.35365660  .00001794  00000-0  13078-3 0  9995
2 53432  53.2188  37.1882 0001771  91.2789 268.8407 15.08843877188921
1 52486U 22049AM  26003.37069442 -.00001507  00000-0 -76599-4 0  9993
2 52486  53.2196 352.3467 0001427 113.5600 246.5543 15.08851406202396
1 55654U 23021AC  26003.37347303 -.00002108  00000-0 -16889-3 0  9992
2 55654  70.0004 349.3043 0002929 269.2489  90.8334 14.98334803159001
1 57681U 23124U   26003.39486502  .00000957  00000-0  44450-4 0  9999
2 57681  53.1597 150.3197 0001050  91.1983 268.9138 15.30192078133563
1 58999U 24036B   26003.41862442 -.00000096  00000-0  88826-5 0  9990
2 58999  53.1615  21.0434 0001360 109.5300 250.5847 15.30192419104523
1 48641U 21044D   26003.43110731  .00010076  00000-0  69409-3 0  9990
2 48641  53.0538  54.5768 0001330  84.8768 275.2373 15.06413438253871
1 58447U 23183L   26003.43573684  .00000422  00000-0  46331-4 0  9995
2 58447  43.0036  37.4750 0001576 309.6497  50.4206 15.02536296116902
1 49291U 21090N   26003.43682547  .00000031  00000-0  46197-4 0  9992
2 49291  87.9227 337.7341 0001662  80.3176 279.8144 13.19726057204697
1 54885U 22151PW  26003.43771491  .00004015  00000-0  20716-2 0  9996
2 54885  98.8164   6.7242 0049853  87.4105 273.2774 14.14987186159155
1 55954U 23037AS  26003.45782438  .00001469  00000-0  13087-3 0  9997
2 55954  70.0004  68.8680 0003068 270.0139  90.0668 14.98325056154705
1 59635U 24082E   26003.47117707 -.00000616  00000-0 -12867-4 0  9992
2 59635  42.9988 148.4652 0001933 283.8464  76.2172 15.27575516 94834
1 52580U 22051AW  26003.48066487 -.00011567  00000-0 -70884-3 0  9996
2 52580  53.2178  66.8642 0000866 111.5694 248.5390 15.08892117201531
1 51644U 22012Y   26003.50159664  .00000020  00000-0  18364-4 0  9992
2 51644  87.9088  38.6223 0002102  93.3696 266.7675 13.17646993191983
1 57310U 23096W   26003.50331167  .00012914  00000-0  97096-3 0  9994
2 57310  43.0066 191.3358 0001126 249.4251 110.6471 15.02469596137215
1 51822U 22018A   26003.50881266  .00001577  00000-0  17603-3 0  9998
2 51822  97.8105  13.2736 0001364  90.1515 269.9858 14.88412922209219
1 45847U 11037CH  26003.51246300  .00102326  00000-0  67560-2 0  9992
2 45847  51.4036 129.8580 1011470   0.6855 359.5185 13.36368123239882
1 59178U 24045A   26003.52623006  .00001008  00000-0  46147-4 0  9995
2 59178  43.0026  97.2529 0001460 261.9323  98.1363 15.27593160 39560
1 59152U 24044A   26003.58413896  .00003194  00000-0  12555-3 0  9999
2 59152  42.9988  64.0091 0001313 272.7163  87.3538 15.27579987104223
1 58003U 23153N   26003.58475606  .00001006  00000-0  89507-4 0  9992
2 58003  43.0039  62.4422 0001066 276.6852  83.3869 15.02537337125085
1 56450U 23064C   26003.59012302  .00001998  00000-0  17524-3 0  9997
2 56450  70.0004 308.6400 0003098 265.3405  94.7400 14.98322079145491
1 53691U 22105AV  26003.61503797  .00000920  00000-0  67991-4 0  9990
2 53691  97.6017 247.0728 0002356  80.3087 279.8406 15.05646678183510
1 59931U 24106K   26003.61756527 -.00001056  00000-0 -28876-4 0  9999
2 59931  43.0004 339.7811 0000352 221.1910 138.8915 15.27581619 90579
1 49505U 21114A   26003.62931920 -.00000334  00000-0  00000-0 0  9996
2 49505   0.0133  98.8743 0003070 154.0225 207.0632  1.00270966 15186
1 50198U 21125AU  26003.63013864 -.00000274  00000-0  87758-6 0  9991
2 50198  53.2166 171.1812 0001267  93.7155 266.3982 15.08835051226917
1 53219U 22084AG  26003.63579963  .00000127  00000-0  13025-4 0  9990
2 53219  97.6042  67.0691 0000355  77.1356 282.9910 15.05650294189591
1 57519U 23116A   26003.64003390  .00015689  00000-0  67068-3 0  9995
2 57519  97.3858  11.9112 0005495 216.8708 143.2152 15.22919546133738
1 48796U 21045AF  26003.79850489  .00000045  00000-0  85354-4 0  9995
2 48796  87.9004 292.0116 0001740  48.1102 312.0177 13.15550186222757
1 59023U 24038A   26003.79927762  .00003964  00000-0  15352-3 0  9997
2 59023  43.0031  33.5200 0000724 272.7735  87.3034 15.27577469106208
1 47832U 21018AX  26003.80615191  .00006779  00000-0  47326-3 0  9992
2 47832  53.0542 182.8917 0001227  89.8283 270.2847 15.06423713266816
1 46032U 20055F   26003.86742950  .00002223  00000-0  16809-3 0  9995
2 46032  53.0548  57.6161 0001456  77.2834 282.8318 15.06405146299122
1 52899U 22065F   26003.88016692  .00002402  00000-0  46820-3 0  9990
2 52899  98.1938 149.2914 0007640 171.6631 188.4699 14.63916277186955
1 59516U 24073F   26003.89639539  .00000477  00000-0  26871-4 0  9991
2 59516  43.0022 324.1686 0001339 268.6436  91.4262 15.27581523 96266
1 55833U 23029AP  26003.91840178 -.00000120  00000-0 -35771-3 0  9990
2 55833  87.9005 322.4633 0002198  75.6647 284.4726 13.14501920137834
1 46496U 20068L   26003.92901351  .00018717  00000-0  70524-3 0  9991
2 46496  97.7319 323.7234 0008436 170.6821 189.4575 15.27104247289682
1 53572U 22101AX  26003.93232308 -.00000255  00000-0  20565-5 0  9995
2 53572  53.2203 344.5037 0001617  97.6646 262.4530 15.08841711186674
1 53841U 22114Z   26003.93237683  .00000357  00000-0  40522-4 0  9995
2 53841  53.2171 224.9568 0001895  91.2546 268.8663 15.08841026183194
1 54885U 22151PW  26003.93269514  .00003550  00000-0  18341-2 0  9993
2 54885  98.8165   7.2131 0049803  86.0530 274.6335 14.14989730159224
1 44387U 19038A   26003.93571510  .00000292  00000-0  14613-3 0  9990
2 44387  98.8985 348.9385 0002064 109.6363 250.5038 14.24303425337919
1 57185U 23091V   26003.93886403  .00030186  00000-0  96736-3 0  9995
2 57185  97.5306  71.2239 0006987 307.4949  52.5657 15.32290897139568
1 47981U 21024E   26003.94392879  .00008301  00000-0  57537-3 0  9992
2 47981  53.0543 267.2740 0001409  96.2821 263.8328 15.06408074264808
1 59956U 24107M   26003.96483249 -.00009374  00000-0 -72599-4 0  9995
2 59956  53.1597 210.0807 0001276  56.1454 303.9685 15.69708553 91918
1 56553U 23065BC  26003.96588647  .00000723  00000-0  68610-4 0  9991
2 56553  43.0041 214.6104 0001373 263.5774  96.4912 15.02537094146743
1 57377U 23099BB  26003.96670729 -.00000056  00000-0  10919-4 0  9995
2 57377  43.0037 227.3645 0001208 270.4756  89.5948 15.02538104136539
1 53915U 22119AF  26003.97469861 -.00001498  00000-0 -76097-4 0  9996
2 53915  53.2179 244.7415 0001534  81.1807 278.9359 15.08824101182056
1 58300U 23174AW  26003.97635515  .00003909  00000-0  25535-3 0  9999
2 58300  97.6404  61.1033 0100909  34.5198 326.2526 15.04272062116846
1 53147U 22083R   26003.98020260 -.00000737  00000-0 -28247-4 0  9999
2 53147  53.2178 104.6131 0001592  87.0724 273.0450 15.08835379192102
1 48282U 21036G   26003.98031984  .00000839  00000-0  75244-4 0  9995
2 48282  53.0533  12.1092 0001660  81.7710 278.3467 15.06390843258569
1 59790U 24093J   26003.99967243  .00000784  00000-0  38015-4 0  9998
2 59790  42.9996 214.0810 0000839 254.6037 105.4722 15.27573021 92807
1 46713U 20073AV  26004.00002315  .00120733  00000-0  23710-2 0  9997
2 46713  53.0491 156.0069 0010121 175.0677 163.0782 15.46383032  5906
1 57296U 23096G   26004.00002315  .00646250  00000-0  68229-2 0  9994
2 57296  42.9809 169.7416 0034153 301.2720 352.1259 15.60727607  5809
1 53936U 22119BC  26004.00362630  .00000600  00000-0  55791-4 0  9990
2 53936  53.2166 229.2454 0001196  90.5358 269.5772 15.08843311182289
1 48019U 21024AU  26004.02916948  .00000233  00000-0  34556-4 0  9997
2 48019  53.0553 241.8915 0001397  98.3757 261.7390 15.06386039265107
1 59569U 24076F   26004.03283294  .00000726  00000-0  35896-4 0  9996
2 59569  42.9976  10.7481 0000157 276.3120  83.7714 15.27582108 96563
1 44631U 19039H   26004.06711017  .00014280  00000-0  84941-3 0  9999
2 44631  97.5424  45.5420 0018601 266.8282  93.0820 15.11212277340133
1 57404U 23102A   26004.07398263  .00000260  00000-0  34294-4 0  9992
2 57404  43.0031 240.2257 0001230 263.3060  96.7642 15.02536064136513
1 54581U 22151MH  26004.08005206  .00000810  00000-0  25968-3 0  9999
2 54581  98.6286  39.3214 0118015 133.9197 227.1805 14.38295666164326
1 54170U 22141P   26004.08416550  .00008150  00000-0  52932-3 0  9996
2 54170  53.2178 294.1977 0001232  89.2589 270.8544 15.08857941176106
1 58598U 23200K   26004.08949825  .00138304  00000-0  54850-2 0  9992
2 58598  42.9892 147.1061 0020089 311.9859  47.9280 15.23948717114043
1 58933U 24027C   26004.11145251 -.00001960  00000-0 -54096-4 0  9991
2 58933  53.1575 249.4056 0001016  98.6268 261.4848 15.30186019107446
1 57883U 23144V   26004.14068034  .00000507  00000-0  52586-4 0  9995
2 57883  42.9999 277.9790 0001126 267.8938  92.1775 15.02531873127904
1 47568U 21009W   26004.16668980  .00154789  00000-0  30172-2 0  9997
2 47568  53.0544 316.4110 0007899  84.1091 173.2183 15.46470703  5866
1 49147U 21082T   26004.17329257  .00000955  00000-0  87807-4 0  9999
2 49147  70.0009  57.1277 0003114 266.3656  93.7147 14.98332817237307
1 52491U 22049AS  26004.18489776  .00000591  00000-0  55232-4 0  9996
2 52491  53.2190 338.6954 0001494  83.1873 276.9289 15.08842461202656
1 52699U 22053AV  26004.18766795 -.00001474  00000-0 -74572-4 0  9991
2 52699  53.2187  68.7075 0001367  95.5930 264.5218 15.08835390201508
1 59862U 24098E   26004.19106542 -.00000254  00000-0  27354-6 0  9992
2 59862  43.0004 282.1052 0000751 260.7673  99.3093 15.27584022 91983
1 58346U 23175A   26004.19822161 -.00000021  00000-0  00000-0 0  9990
2 58346   0.0371 352.9375 0004241 286.4232  80.5879  5.00115442 41229
1 49766U 21115AU  26004.20333899 -.00001672  00000-0 -86960-4 0  9992
2 49766  53.2179  68.6206 0001254  92.8344 267.2792 15.08843220225941
1 55690U 23025A   26004.20564693  .00010738  00000-0  45489-3 0  9996
2 55690  97.3655  82.1021 0001144 119.3240 240.8112 15.23329121159086
1 53063U 22077W   26004.23115535 -.00000193  00000-0 -91592-5 0  9998
2 53063  97.6037 187.6298 0001684  84.5265 275.6154 15.05649984 62864
1 58090U 23160R   26004.23454625  .00003031  00000-0  23945-3 0  9990
2 58090  43.0029  70.3589 0001221 284.9301  75.1406 15.02513689123220
1 48988U 21060X   26004.25807524 -.00000042  00000-0 -14350-3 0  9995
2 48988  87.9042 261.4232 0001328  59.0126 301.1135 13.16594745218095
1 57065U 23088T   26004.26319348 -.00000397  00000-0 -14351-4 0  9991
2 57065  43.0031  97.9276 0001247 262.6326  97.4375 15.02531804139699
1 51719U 22016F   26004.28794985  .00000121  00000-0  25669-4 0  9994
2 51719  53.2156 258.3098 0001407  82.0314 278.0838 15.08839104213700
1 57202U 23091AN  26004.29629587  .00008433  00000-0  42708-3 0  9993
2 57202  97.5372  64.0206 0008898 327.0969  32.9709 15.17211223139095
1 54428U 22151FC  26004.30024641  .00000238  00000-0  33843-3 0  9993
2 54428  99.1247 255.5116 0465765 132.5559 231.5872 13.26846895152137
1 58971U 24031G   26004.31476480  .00004745  00000-0  17226-3 0  9996
2 58971  53.1575 223.1737 0001016  93.8840 266.2277 15.30192275106850
1 53843U 22114AB  26004.32612671  .00000030  00000-0  19982-4 0  9999
2 53843  53.2172 223.1505 0001589 105.7863 254.3305 15.08844759183258
1 46129U 20057N   26004.33336806  .00120518  00000-0  29882-2 0  9998
2 46129  53.0531 202.7799 0000726 131.4700  43.2557 15.39488318  5492
1 52661U 22053F   26004.33336806  .01725625  00000-0  47081-1 0  9995
2 52661  53.2192  81.8711 0001536  98.4797 329.2268 15.33728687  5501
1 53737U 22107AP  26004.33336806  .00304391  00000-0  22193-2 0  9990
2 53737  53.1911 138.0865 0005552 322.5495 338.8370 15.71836116  5966
1 59777U 24092E   26004.33642728  .00022155  00000-0  76395-3 0  9997
2 59777  97.6383 131.6905 0008866  15.4846 344.6664 15.29976076 90637
1 55668U 23021AS  26004.33707329 -.00002793  00000-0 -22645-3 0  9999
2 55668  70.0012 326.7717 0002784 258.9719 101.1127 14.98323665159631
1 53499U 22099AL  26004.34887056  .00008579  00000-0  59883-3 0  9990
2 53499  97.6034 127.8503 0000383 176.3065 183.8165 15.05602256186378
1 59574U 24076L   26004.37984010  .00000739  00000-0  36352-4 0  9995
2 59574  43.0021  12.5191 0000613 288.1068  71.9717 15.27584211 96669
1 52470U 22049V   26004.39006325  .00000782  00000-0  67232-4 0  9996
2 52470  53.2182 347.7734 0001536  92.0058 268.1110 15.08841042202540
1 58448U 23183M   26004.42955911  .00000220  00000-0  31342-4 0  9995
2 58448  43.0051  31.9558 0000881 256.5064 103.5680 15.02532521117053
1 48951U 21059CA  26004.43671481  .00022590  00000-0  43345-3 0  9990
2 48951  97.6991 186.2197 0006774 224.5132 135.5574 15.47979773251914
1 58607U 23200U   26004.45307566 -.00000595  00000-0 -28976-4 0  9998
2 58607  43.0001 159.1037 0001220 256.6758 103.3948 15.02535323113930
1 59013U 24036R   26004.45534206 -.00000734  00000-0 -12670-4 0  9990
2 59013  53.1620  16.8410 0001069 132.0339 228.0753 15.30179071105494
1 58559U 23194C   26004.45943578  .00010134  00000-0  49438-3 0  9998
2 58559  34.9934  21.7683 0011368  45.8934 314.2713 15.17496006115248
1 49087U 21075N   26004.47372964  .00000140  00000-0  32860-3 0  9994
2 49087  87.9087  38.4162 0001920  94.8291 265.3060 13.17648883212060
1 56036U 23042BC  26004.47388517 -.00000199  00000-0  35497-6 0  9990
2 56036  43.0042  31.7636 0001036 266.4359  93.6365 15.02533576153408
1 53078U 22077AM  26004.47509328 -.00000581  00000-0 -40704-4 0  9996
2 53078  97.6024 187.3418 0001121 187.9875 172.1332 15.01258750191289
1 53076U 22077AK  26004.47718932 -.00000058  00000-0  29076-7 0  9997
2 53076  97.6022 187.3485 0000650 165.5743 194.5500 15.01262012191282
1 53047U 22077E   26004.50311154  .00000028  00000-0  67096-5 0  9992
2 53047  97.6020 187.4134 0003119  43.1661 316.9808 15.01263522191292
1 48119U 21027AD  26004.50738530  .00000461  00000-0  49876-4 0  9997
2 48119  53.0536  79.7356 0001529  97.6778 262.4385 15.06389258263014
1 56801U 23078AL  26004.51416001 -.00000217  00000-0 -10381-4 0  9999
2 56801  69.9995 126.1442 0003106 262.1827  97.8979 14.98331204143560
1 57001U 77106D   26004.52440315  .00000803  00000-0  12161-2 0  9994
2 57001  89.6462  77.9192 0027406 127.7449 232.6191 13.51396991270345
1 57038U 23085AL  26004.53790514  .00018738  00000-0  66032-3 0  9994
2 57038  97.4864 115.0819 0006556 305.1646  54.8979 15.29315993141695
1 58044U 23156S   26004.56247999 -.00000574  00000-0 -72450-5 0  9992
2 58044  53.1605 106.0762 0001100  83.7331 276.3795 15.30196184125210
1 47380U 21005AH  26004.57836600  .00015049  00000-0  10273-2 0  9991
2 47380  53.0551 319.4254 0001302  92.8329 267.2809 15.06390782273805
1 53486U 22099X   26004.58031557  .00000582  00000-0  49864-4 0  9994
2 53486  97.6013 127.4447 0001250 252.0695 108.0393 15.01257897186363
1 56337U 23058W   26004.59474411  .00002574  00000-0  20481-3 0  9995
2 56337  97.6029   7.4471 0002336  77.9046 282.2440 15.01274239148514
1 54821U 22177B   26004.60276717  .00000387  00000-0  43717-4 0  9991
2 54821  43.0045 121.6824 0001579 266.6900  93.3761 15.02534000167310
1 44800U 19080A   26004.60921307  .00000156  00000-0  00000-0 0  9996
2 44800   0.0535 345.1149 0002130 288.9476  84.9664  1.00272925 22412
1 55296U 23010AD  26004.61082207 -.00000313  00000-0 -18419-4 0  9997
2 55296  70.0005 185.9017 0002888 260.0014 100.0819 14.98327433164555
1 52345U 22045Q   26004.62103439  .00002244  00000-0  15906-3 0  9998
2 52345  53.2182 126.8982 0001301  95.7793 264.3348 15.08834160206096
1 48433U 21040F   26004.64106323  .00016038  00000-0  10941-2 0  9991
2 48433  53.0552  79.4242 0001599  93.7391 266.3781 15.06367266257388
1 56730U 23068W   26004.64282493  .00002331  00000-0  30324-3 0  9994
2 56730  86.6790 102.2252 0002505  93.3416 266.8092 14.80237621142173
1 47357U 21005J   26004.66041973 -.00003055  00000-0 -18633-3 0  9991
2 47357  53.0555 349.4800 0001390  87.6789 272.4359 15.06389910273384
1 45223U 20012AX  26004.66670139  .01880051  00000-0  67624-1 0  9990
2 45223  53.0541 293.9749 0001660  89.6487 333.3164 15.24934896  5801
1 51625U 22012D   26004.69262255  .00000592  00000-0  16584-2 0  9997
2 51625  87.8787  68.8813 0001580 117.4494 242.6794 13.10374546187918
1 49196U 21083L   26004.71580136  .00000085  00000-0  18254-3 0  9992
2 49196  87.9165   7.9302 0002105  89.5600 270.5773 13.18684778208479
1 59175U 23174DK  26004.76782624  .00012178  00000-0  40463-3 0  9997
2 59175  97.3986  85.0761 0010346  39.2924 320.9067 15.31294723120008
1 58283U 23174AD  26004.77268954  .00050711  00000-0  80315-3 0  9997
2 58283  97.3954  93.9402 0005517  16.9592 343.1844 15.53252559120611
1 58017U 23155B   26004.80683387  .00002535  00000-0  26556-3 0  9994
2 58017  97.8493  87.3346 0000270 163.4658 196.6568 14.90467134121886
1 46818U 20077F   26004.82884252  .00042463  00000-0  33387-3 0  9990
2 46818  97.2294  79.4036 0004576  67.8273 292.3476 15.71380416289442
1 55315U 23010AY  26004.83197185  .00000251  00000-0  28831-4 0  9993
2 55315  70.0002 185.4710 0002824 271.5025  88.5811 14.98328620163693
1 46172U 20057BH  26004.83335648  .00099688  00000-0  20081-2 0  9999
2 46172  53.0500 205.6918 0014444 129.1673 256.2744 15.45687787  5870
1 55836U 23030A   26004.86075014  .00000011  00000-0  36473-4 0  9997
2 55836  99.0180  15.1175 0001426  48.5572 311.5716 14.01359811144523
1 58942U 24027M   26004.86262707  .00001265  00000-0  54837-4 0  9998
2 58942  53.1594 246.2687 0001295  84.6554 275.4595 15.30192246107559
1 58400U 23179A   26004.86847094  .00005274  00000-0  23783-3 0  9991
2 58400  97.3242 250.9037 0007036 237.0806 122.9753 15.21422067117912
1 45794U 20039A   26004.87000830  .00014112  00000-0  50497-3 0  9998
2 45794  97.5169 136.4393 0011906 303.0584  56.9512 15.28832071308777
1 46115U 20056D   26004.87018994  .00005587  00000-0  31066-2 0  9991
2 46115   6.2194 244.3084 6588892 281.3951  16.1199  3.15655267 51723
1 49403U 21102J   26004.90157842  .00057246  00000-0  91964-3 0  9990
2 49403  97.3315  64.7504 0008514  20.1937 339.9651 15.52803740230103
1 59778U 24092F   26004.90335057  .00021586  00000-0  73209-3 0  9993
2 59778  97.6379 132.4438 0008852  13.6632 346.4846 15.30520007 90735
1 58579U 23196B   26004.91642246  .00008359  00000-0  49209-3 0  9993
2 58579  42.0181 238.2425 0017867 237.9464 121.9631 15.11677768113201
1 58467U 23185F   26004.92663747  .00072590  00000-0  10882-2 0  9999
2 58467  97.3479  81.5478 0006484  58.5626 301.6261 15.54671809116933
1 49099U 21075AA  26004.92907778  .00000008  00000-0 -12222-4 0  9999
2 49099  87.9085  38.3394 0001858  98.5575 261.5768 13.17649911212092
1 48397U 21038AW  26004.92929693  .00283466  00000-0  18025-1 0  9992
2 48397  53.0552 267.8509 0004117 137.2087 222.9223 15.06955837258917
1 53923U 22119AP  26004.94250484 -.00000115  00000-0  10888-4 0  9992
2 53923  53.2180 240.1215 0001339  90.2145 269.9001 15.08831220182205
1 56954U 23084Y   26004.95235007  .00006859  00000-0  30278-3 0  9990
2 56954  97.5998 137.3233 0004195 178.1278 181.9974 15.22077521142269
1 54621U 22151NX  26004.95607759  .00001098  00000-0  65168-3 0  9996
2 54621  98.8372   1.6669 0059874  81.4615 279.3333 14.08697171160475
1 48382U 21038AF  26004.96538647  .00004530  00000-0  32293-3 0  9993
2 48382  53.0543 277.6891 0001424  94.9972 265.1180 15.06388676257566
1 48710U 02032AT  26004.96562672  .00002490  00000-0  79407-3 0  9997
2 48710  98.8681   2.1849 0004287 284.7774  75.2938 14.40695609251428
1 55413U 23014Y   26004.97869501  .00000308  00000-0  33635-4 0  9990
2 55413  69.9988 244.8980 0002735 275.3966  84.6881 14.98326215162026
1 54982U 22151TX  26005.02721113  .00009139  00000-0  22961-2 0  9993
2 54982  98.5932  30.7901 0057477 150.2401 210.2083 14.50490693164399
1 54200U 22141AV  26005.04922084 -.00000220  00000-0  42855-5 0  9997
2 54200  53.2173 279.5794 0001221  88.4634 271.6498 15.08830049176397
1 56165U 23050D   26005.05865458  .00000103  00000-0  81738-4 0  9992
2 56165  81.0030 228.3760 0006873  38.2347 321.9295 13.84920416139514
1 54626U 22151PC  26005.10246874  .00011616  00000-0  22252-2 0  9999
2 54626  98.6240  55.6563 0081457  88.1060 272.9466 14.61825298164937
1 57736U 23131E   26005.10597844 -.00001207  00000-0 -74315-4 0  9995
2 57736  43.0036 156.9299 0001472 278.8698  81.1978 15.02531916130369
1 59875U 24098T   26005.11321478  .00007348  00000-0  27640-3 0  9991
2 59875  43.0027 244.7097 0001367 264.0413  96.0283 15.27566897 92489
1 47347U 21004B   26005.12120361  .00005115  00000-0  49478-3 0  9998
2 47347  90.0956 239.4222 0432029  96.0145 269.0453 14.41746913258010
1 51953U 22023H   26005.12253043  .00008142  00000-0  34182-3 0  9991
2 51953  63.6303 213.2082 0090030 303.7129  55.5428 15.20506964211439
1 45160U 20008AF  26005.12431986 -.00000658  00000-0 -19204-2 0  9992
2 45160  87.8784  68.7802 0001971 102.8230 257.3118 13.10372968286996
1 59445U 24066D   26005.14513570  .00002380  00000-0  21525-3 0  9995
2 59445  45.6204  40.7059 0004705 274.0362  85.9981 14.98460545 95364
1 55354U 23013Z   26005.15087406  .00000645  00000-0  62803-4 0  9993
2 55354  43.0036 285.4045 0001022 266.8517  93.2209 15.02534682162154
1 49143U 21082P   26005.15354218  .00003086  00000-0  27167-3 0  9999
2 49143  70.0002  75.2417 0003305 272.3530  87.7250 14.97548307238056
1 53669U 22105X   26005.16600130  .00001808  00000-0  14527-3 0  9998
2 53669  97.6025 248.0066 0000495 159.2294 200.8950 15.01250096183708
1 54797U 22175AR  26005.18173971 -.00000176  00000-0  70288-5 0  9994
2 54797  53.2193 329.0618 0001170  93.6697 266.4429 15.08836854170330
1 44629U 19068B   26005.18472903  .00004450  00000-0  29643-3 0  9996
2 44629  26.9935  33.0179 0012149 187.2368 172.8019 15.04164237341421
1 55011U 23001C   26005.20059941  .00029336  00000-0  75448-3 0  9995
2 55011  97.3477  69.0134 0007057   3.1779 356.9511 15.39196123167059
1 54043U 22133B   26005.22923074  .00014674  00000-0  51936-3 0  9998
2 54043  34.9949  67.0970 0002235  80.9118 279.1851 15.28303598179862
1 55611U 23020AU  26005.23398954 -.00000050  00000-0  11367-4 0  9999
2 55611  43.0040 336.4920 0001045 270.1117  89.9605 15.02530644159526
1 57301U 23096M   26005.24448536  .00002311  00000-0  18598-3 0  9996
2 57301  43.0035 207.9037 0001306 269.2070  90.8623 15.02558814137173
1 54676U 22166AL  26005.27698782  .00000003  00000-0 -23098-4 0  9997
2 54676  87.9227 276.4855 0001671  75.5312 284.6007 13.21824188149920
1 48767U 21045A   26005.27710286  .00000008  00000-0 -13454-4 0  9990
2 48767  87.9017 291.6272 0001351  63.6986 296.4284 13.16138105223015
1 58060U 23158K   26005.31742701  .00000225  00000-0  31750-4 0  9995
2 58060  43.0066  15.0842 0001615 273.3852  86.6806 15.02531820123998
1 53568U 22101AT  26005.34178779 -.00002147  00000-0 -11688-3 0  9995
2 53568  53.2184 338.3673 0001411 102.2490 257.8660 15.08829851187579
1 53993U 22125AF  26005.34775019  .00000334  00000-0  39067-4 0  9999
2 53993  53.2177 133.2287 0001269  85.6360 274.4778 15.08838542179963
1 54974U 22151TP  26005.37394769  .00007703  00000-0  16950-2 0  9991
2 54974  98.6359  53.6614 0092835  98.3594 262.8139 14.55082803165268
1 48688U 21044BC  26005.39157156 -.00001979  00000-0 -11401-3 0  9993
2 48688  53.0572 350.7742 0001697  88.6879 271.4305 15.06388214254938
1 49191U 21083F   26005.39959519  .00000087  00000-0  18187-3 0  9994
2 49191  87.9227 306.9053 0001524  69.4712 290.6585 13.20770721215348
1 46506U 20068W   26005.41480649  .00017550  00000-0  60852-3 0  9998
2 46506  97.8684 355.8829 0004822 196.5725 163.5357 15.29877231290372
1 57749U 23131T   26005.43171108  .00000397  00000-0  44449-4 0  9998
2 57749  43.0012 155.0732 0001314 262.5863  97.4830 15.02529190130412
1 52678U 22053Y   26005.45128772  .00000455  00000-0  46669-4 0  9998
2 52678  53.2193  68.1151 0001338  99.1075 261.0068 15.08846221201622
1 55772U 23028AH  26005.45198745  .00000904  00000-0  83582-4 0  9990
2 55772  70.0001  23.7834 0003059 270.8454  89.2355 14.98331462157062
1 56279U 22151ACX 26005.46855960  .00000251  00000-0  17730-3 0  9995
2 56279  98.8940   5.8416 0070653 114.3223 246.5343 14.05298413143507
1 54124U 22138M   26005.47282124  .00000023  00000-0  24768-4 0  9991
2 54124  87.9227 337.3278 0001843  76.3253 283.8084 13.19725176155341
1 49737U 21115P   26005.47841499 -.00000418  00000-0 -82065-5 0  9990
2 49737  53.2171  72.8880 0001066  95.1602 264.9512 15.08845298225996
1 53264U 22086Y   26005.47979900  .00000690  00000-0  61466-4 0  9998
2 53264  53.2184 117.8802 0001279  89.7154 270.3984 15.08840156191524
1 53134U 22083C   26005.48163689  .00000151  00000-0  27552-4 0  9991
2 53134  53.2174  97.8733 0001427  92.4797 267.6359 15.08842456191674
1 49201U 21083R   26005.49593347  .00000205  00000-0  52543-3 0  9996
2 49201  87.8981 352.5718 0001853  89.3675 270.7667 13.13469027209568
1 56781U 23078Q   26005.50328205  .00003966  00000-0  33993-3 0  9999
2 56781  70.0015 143.8466 0003147 271.5633  88.5166 14.98332528143216
1 59270U 24050S   26005.51855649  .00004664  00000-0  16950-3 0  9994
2 59270  53.1587 114.6376 0001059  90.8308 269.2814 15.30199355100874
1 53056U 22077P   26005.51879425  .00001788  00000-0  12809-3 0  9998
2 53056  97.6030 188.9504 0001653  75.9678 284.1733 15.05657654191472
1 59395U 24063A   26005.52818056  .00029474  00000-0  12076-2 0  9998
2 59395  34.9982  68.8140 0004094 270.4655  89.5591 15.23342515 98039
1 53177U 22083AX  26005.53085873  .00000636  00000-0  58025-4 0  9999
2 53177  53.2193  62.6461 0001440 100.7173 259.3981 15.08843576192164
1 47277U 20100V   26005.57261387  .00000529  00000-0  14355-2 0  9998
2 47277  87.8925  22.9718 0001670  89.7011 270.4309 13.12441635243359
1 53651U 22105D   26005.59217362  .00000114  00000-0  12138-4 0  9993
2 53651  97.6029 249.0322 0002363  87.7692 272.3806 15.05648038183808
1 55947U 23037AK  26005.59452821  .00001081  00000-0  98367-4 0  9991
2 55947  70.0003  83.3622 0003128 269.1248  90.9553 14.98334956154533
1 59310U 24056Q   26005.60524197 -.00000300  00000-0 -13852-5 0  9991
2 59310  43.0010 223.7560 0001323 270.9628  89.1072 15.27573224101665
1 50808U 22001F   26005.61365789  .00000744  00000-0  64853-4 0  9999
2 50808  53.2200  82.2781 0001492  95.0751 265.0411 15.08842877221022
1 44421U 19039A   26005.61410903  .00001744  00000-0  17958-3 0  9993
2 44421  97.5961  39.8702 0009434  42.3618 317.8328 14.91471981352408
1 49132U 21082C   26005.61743382  .00000972  00000-0  89264-4 0  9990
2 49132  70.0010  93.3585 0002842 269.2190  90.8643 14.98330082236534
1 59489U 24071F   26005.63596884  .00006130  00000-0  23212-3 0  9994
2 59489  43.0054 335.7273 0001386 270.9257  89.1436 15.27575025 98561
1 46155U 20057AQ  26005.66668981  .00134475  00000-0  26951-2 0  9997
2 46155  53.0300 169.5692 0005309 178.3200  28.8348 15.45765095  5847
1 49455U 21104AZ  26005.66699997  .00003523  00000-0  23921-3 0  9992
2 49455  53.2171 142.0400 0001110  75.3044 284.8071 15.08859208229262
1 45971U 11037GC  26005.78686513  .00050073  00000-0  46670-2 0  9995
2 45971  51.4536 198.0972 1153122 128.4678 242.5472 12.98832942247556
1 45247U 20013C   26005.82259031  .00051373  00000-0  79289-2 0  9997
2 45247   5.6525 287.4471 6380556 199.5406 116.3497  3.49965116 58319
1 54389U 22151DM  26005.86161529  .00000902  00000-0  66773-3 0  9994
2 54389  98.9036 341.0886 0126515 169.2096 191.1825 13.94002448159657
1 55797U 23029B   26005.88255428  .00000043  00000-0  74010-4 0  9997
2 55797  87.9217 306.8573 0001818  71.9105 288.2226 13.20771258139720
1 53843U 22114AB  26005.98212851 -.00000978  00000-0 -43397-4 0  9998
2 53843  53.2170 215.7171 0001335  94.1655 265.9489 15.08834719183505
1 59305U 24056K   26005.98422398  .00006622  00000-0  25001-3 0  9994
2 59305  43.0000 224.8960 0000367 277.1511  82.9299 15.27567556101563
1 54958U 22151SX  26006.00296019  .00006129  00000-0  27355-2 0  9995
2 54958  98.8190  15.6918 0050114  52.3793 308.1917 14.22394849162349
1 59892U 24100H   26006.00469509  .00002324  00000-0  93930-4 0  9996
2 59892  43.0049 112.1779 0001926 280.1082  79.9553 15.27587699 91650
1 56705U 23067T   26006.01478615 -.00001615  00000-0 -10452-3 0  9997
2 56705  43.0016 241.9616 0000773 248.8421 111.2339 15.02535281146388
1 57373U 23099AX  26006.01542745  .00000609  00000-0  60131-4 0  9990
2 57373  43.0026 216.9223 0001182 256.8543 103.2168 15.02534816136839
1 51798U 22017AG  26006.01569712  .00002168  00000-0  15426-3 0  9995
2 51798  53.2176 270.4762 0001474  87.7598 272.3563 15.08842932214506
1 50467U 21131C   26006.03896915  .00001293  00000-0  21815-3 0  9990
2 50467  98.7204 181.4965 0109328 174.0896 186.1626 14.67594758215572
1 58783U 24011U   26006.05884167  .00001124  00000-0  50092-4 0  9990
2 58783  53.1601 289.0428 0001164  72.7856 287.3272 15.30173708110906
1 54949U 22151SN  26006.06438142  .00005153  00000-0  12870-2 0  9998
2 54949  98.6240  46.6499 0094217 114.4466 246.6590 14.49319845165584
1 57106U 23090F   26006.08660719 -.00000330  00000-0 -93804-5 0  9991
2 57106  43.0050 255.0406 0001159 280.7814  79.2898 15.02534480140999
1 56912U 23083AN  26006.09875762 -.00000204  00000-0 -57817-7 0  9990
2 56912  43.0039  48.9992 0001533 268.3576  91.7091 15.02537606142407
1 55196U 22151VM  26006.10177295  .00020518  00000-0  29328-2 0  9995
2 55196  98.6402  70.1581 0067661  50.8205 309.8985 14.75104196161722
1 50204U 21125BA  26006.13349785  .00000808  00000-0  68844-4 0  9996
2 50204  53.2179 159.9569 0001271  89.8958 270.2180 15.08840160227343
1 47792U 21018F   26006.13751617  .00001621  00000-0  12766-3 0  9991
2 47792  53.0564 152.4271 0001219  92.2446 267.8683 15.06398378267450
1 58094U 23160V   26006.14574734  .00000903  00000-0  81932-4 0  9996
2 58094  43.0027  59.7591 0000873 265.2927  94.7816 15.02535581123513
1 55779U 23028AQ  26006.15255201 -.00002626  00000-0 -21232-3 0  9994
2 55779  70.0004   1.9331 0003139 268.4660  91.6139 14.98331506157665
1 55158U 23004U   26006.16525331 -.00000166  00000-0 -50494-3 0  9993
2 55158  87.8832  53.3215 0001836 110.5756 249.5569 13.11419870144626
1 57006U 23085C   26006.16736582  .00283886  00000-0  14790-2 0  9996
2 57006  97.4723 130.9759 0002547 261.3817  98.7161 15.80150568142897
1 48315U 21036AR  26006.17622135  .00002362  00000-0  17740-3 0  9999
2 48315  53.0558  12.2507 0001403  99.1757 260.9391 15.06394954258744
1 48423U 21039A   26006.19940035  .00004343  00000-0  32916-3 0  9999
2 48423  34.9982 298.1976 0002725  70.6889 289.4113 15.01732444255173
1 57604U 23119C   26006.20041491 -.00002730  00000-0 -18696-3 0  9990
2 57604  43.0042  61.3516 0001563 272.8031  87.2633 15.02557360133681
1 48425U 21039C   26006.22214779  .00004158  00000-0  31520-3 0  9998
2 48425  34.9961 297.2000 0001437 135.4284 224.6539 15.01735522255182
1 44478U 19049D   26006.22932107  .00583771  19788-4  73310-2 0  9994
2 44478   4.3278 329.6643 2789017  12.3215 353.3100  9.91468607108604
1 52153U 22032A   26006.25100031  .00002976  00000-0  26558-3 0  9994
2 52153  97.6080  48.5405 0010544  11.4799 348.6661 14.96664689205616
1 59577U 24076P   26006.25932679  .00001284  00000-0  56160-4 0  9996
2 59577  43.0021   1.6398 0001331 273.3208  86.7491 15.27582701 96957
1 54533U 22151KM  26006.26398023  .00000612  00000-0  38454-3 0  9994
2 54533  98.8512   3.0225 0068529 110.1551 250.7006 14.06899224161521
1 56624U 22151AEY 26006.27972683  .00000389  00000-0  24117-3 0  9990
2 56624  98.8469  11.7011 0045357  81.6781 278.9529 14.10391337144154
1 48778U 21045M   26006.29257385  .00000132  00000-0  31788-3 0  9997
2 48778  87.9012 291.4959 0001427  71.9769 288.1517 13.15548616223093
1 54699U 22169A   26006.31497161  .00000123  00000-0  10105-3 0  9995
2 54699  59.9975  55.3877 0020126  94.2401 266.0934 14.29465265160219
1 46699U 20073AF  26006.31585025  .00061605  00000-0  89036-3 0  9996
2 46699  53.0507 141.4028 0002894  12.3997 347.7084 15.55370222288014
1 47582U 21009AL  26006.33334491  .00186905  00000-0  12024-2 0  9992
2 47582  53.0364 243.1512 0008453 158.2704   3.9465 15.75085384  5978
1 48390U 21038AP  26006.33334491  .00041728  00000-0  24247-2 0  9995
2 48390  53.0720 261.5090 0000906 118.5051 202.3820 15.11716892  5746
1 58535U 23192E   26006.36088860 -.00003417  00000-0 -10336-3 0  9999
2 58535  53.1624 352.1751 0001754  86.1105 274.0096 15.30173734116449
1 58420U 23180U   26006.38044356  .00000231  00000-0  32216-4 0  9994
2 58420  43.0021  34.4685 0001394 275.0745  84.9939 15.02523427118102
1 58490U 23186T   26006.40199063  .00003659  00000-0  28571-3 0  9991
2 58490  43.0052  45.7460 0001422 281.1937  78.8746 15.02547728116478
1 57622U 23119W   26006.40650433  .00000388  00000-0  43761-4 0  9991
2 57622  43.0024  60.2915 0000766 284.0847  75.9910 15.02545573133715
1 58438U 23183B   26006.40736254  .00000580  00000-0  57980-4 0  9996
2 58438  43.0048  21.8976 0001193 274.9794  85.0912 15.02543901117349
1 52989U 22076D   26006.41544333  .00000875  00000-0  73060-4 0  9991
2 52989  53.2209  23.6806 0001377  89.0371 271.0779 15.08834590193309
1 49264U 21088E   26006.41881454  .00008947  00000-0  38029-3 0  9996
2 49264  97.4115  69.6050 0011497 275.0636  84.9289 15.23212712235535
1 58057U 23158G   26006.42424050 -.00001597  00000-0 -10319-3 0  9990
2 58057  43.0045   8.7833 0000997 264.1780  95.8948 15.02530895124160
1 55338U 23013H   26006.44835897  .00000823  00000-0  75979-4 0  9999
2 55338  43.0046 278.8001 0001381 274.5390  85.5294 15.02533433162340
1 56901U 23083AB  26006.45519704 -.00000262  00000-0 -43238-5 0  9993
2 56901  43.0042  59.5178 0001322 274.1827  85.8864 15.02524318142423
1 53723U 22107Z   26006.45679638  .00000458  00000-0  46838-4 0  9994
2 53723  53.2165 173.1387 0001397  85.1448 274.9703 15.08837122185164
1 49725U 21115B   26006.47571463  .00001618  00000-0  11972-3 0  9997
2 49725  53.2187  68.5178 0001272  96.3501 263.7636 15.08838466226143
1 48995U 21060AE  26006.47781020  .00000147  00000-0  34964-3 0  9998
2 48995  87.9030 260.9954 0001543  73.2316 286.8984 13.16595912218282
1 50806U 22001D   26006.48213843  .00003636  00000-0  24640-3 0  9998
2 50806  53.2171  78.3818 0001342  91.6923 268.4223 15.08846463221158
1 46045U 20055U   26006.48446315  .00005081  00000-0  35970-3 0  9991
2 46045  53.0540  45.8686 0001477  85.2022 274.9135 15.06406025299496
1 47556U 21009J   26006.50002314  .00179038  00000-0  19737-2 0  9995
2 47556  53.0465 275.7473 0009006  93.1226  65.9117 15.61981030  5913
1 59421U 24065A   26006.50004886 -.00001451  00000-0 -71245-5 0  9990
2 59421  53.1581  40.5958 0001316  70.2238 289.8922 15.69697135101745
1 59324U 24057E   26006.50126913  .00002506  00000-0  10056-3 0  9990
2 59324  42.9980 178.6699 0001485 275.1649  84.9033 15.27574240100325
1 50832U 22001AF  26006.51806569  .00003777  00000-0  25539-3 0  9998
2 50832  53.2204  98.2663 0001263 103.7241 256.3892 15.08820772220885
1 59730U 24090A   26006.52320128  .00000787  00000-0  39018-4 0  9993
2 59730  43.0008 174.4933 0001089 249.1014 110.9721 15.26743332 93932
1 55314U 23010AX  26006.55498598  .00001428  00000-0  12746-3 0  9999
2 55314  70.0002 161.1741 0003158 270.1600  89.9197 14.98331226165333
1 58118U 23162A   26006.56158992 -.00011390  00000-0 -82811-3 0  9995
2 58118  43.0032 110.7413 0002130 273.7364  86.3234 15.02596305122953
1 58134U 23162S   26006.56492756  .00001605  00000-0  13387-3 0  9990
2 58134  43.0024 110.7451 0001265 269.7393  90.3305 15.02538270122950
1 57350U 23099Y   26006.61817792  .00000918  00000-0  83042-4 0  9997
2 57350  43.0022 213.7235 0001289 255.2866 104.7834 15.02527749136920
1 48343U 81057G   26006.62356032  .00002397  00000-0  11073-1 0  9998
2 48343  11.0709  50.2245 6706720 216.1193  95.1434  2.87651604125688
1 55011U 23001C   26006.63080164  .00025796  00000-0  66208-3 0  9994
2 55011  97.3474  70.4474 0006892 358.1901   1.9318 15.39285533167275
1 48292U 21036S   26006.67844517  .00001361  00000-0  11022-3 0  9993
2 48292  53.0561   0.1624 0001324  87.1541 272.9599 15.06399860258966
1 56274U 22151ACS 26006.72205488 -.00000007  00000-0  21362-4 0  9991
2 56274  98.8597   4.1232 0063594 101.1208 259.7120 14.05916844143774
1 58748U 24005W   26006.80195833  .00000995  00000-0  88708-4 0  9992
2 58748  43.0021 197.7755 0001243 256.6495 103.4209 15.02538130111114
1 48775U 21045J   26006.80673817 -.00000008  00000-0 -55544-4 0  9994
2 48775  87.9019 291.3869 0001556  67.9890 292.1405 13.15550384223185
1 46045U 20055U   26006.81619447  .00006338  00000-0  44388-3 0  9995
2 46045  53.0545  44.3794 0001519  84.8816 275.2347 15.06411906299547
1 44805U 19081B   26006.84634910  .00023295  00000-0  44270-3 0  9990
2 44805  97.1983  46.8504 0021719 337.6009  22.4291 15.48002365339295
1 55162U 23004Y   26006.87398203  .00000504  00000-0  13852-2 0  9992
2 55162  87.8839  53.1727 0002007  99.8733 260.2622 13.11417634144669
1 50809U 22001G   26006.87590277  .00000093  00000-0  23934-4 0  9993
2 50809  53.2190  76.6160 0001337  86.3631 273.7514 15.08835406221218
1 56964U 23084AJ  26006.90764453  .00006718  00000-0  25846-3 0  9999
2 56964  97.6037 140.1880 0010736 179.8595 180.2648 15.26682932142603
1 55012U 23001D   26006.91658220  .00016368  00000-0  39303-3 0  9991
2 55012  97.3512  75.7501 0006355 334.9454  25.1483 15.41411612167630
1 49158U 21082AE  26006.95087325  .00041853  00000-0  58712-3 0  9990
2 49158  69.9731 344.9138 0008736 282.1009  77.9201 15.56494560240425
1 55425U 23014AL  26006.95230985  .00002209  00000-0  19287-3 0  9999
2 55425  69.9991 240.1521 0002502 262.8580  97.2294 14.98328085162315
1 54209U 22141BE  26006.96004878 -.00000654  00000-0 -22994-4 0  9993
2 54209  53.2165 260.8952 0001309  88.9289 271.1853 15.08832142176828
1 59720U 24088N   26006.98054477 -.00000704  00000-0 -95021-6 0  9999
2 59720  53.1594 270.2110 0001081 106.7582 253.3555 15.69719396 96586
1 47573U 21009AB  26007.00003471  .00134915  00000-0  19437-2 0  9997
2 47573  53.0568 252.2634 0007943 103.2912 158.7951 15.55062613  5915
1 59580U 24076S   26007.00157982  .00000292  00000-0  20119-4 0  9993
2 59580  43.0019 356.9193 0000431 291.6532  68.4274 15.27569514 97077
1 59318U 24056Y   26007.01242160 -.00000277  00000-0 -54670-6 0  9990
2 59318  43.0015 218.8504 0000774 269.2091  90.8672 15.27570145101726
1 57122U 23090X   26007.04937171 -.00000341  00000-0 -10176-4 0  9997
2 57122  43.0018 249.3688 0001136 268.5011  91.5701 15.02526599141147
1 54093U 22136AU  26007.06032903  .00001495  00000-0  11200-3 0  9999
2 54093  53.2169 250.5371 0001421  88.6773 271.4382 15.08843866177684
1 57953U 23148U   26007.06405907 -.00000322  00000-0  12469-5 0  9998
2 57953  53.1616 300.4588 0001161  86.8077 273.3056 15.30187943129128
1 59608U 24080H   26007.06507690 -.00000737  00000-0 -17286-4 0  9997
2 59608  43.0013  21.9864 0000821 271.4214  88.6544 15.27563723 95160
1 44643U 18079D   26007.07953133 -.00000135  00000-0  00000+0 0  9991
2 44643  13.7678  37.5137 4771210 302.3618  19.9665  1.81994903 44318
1 53471U 22099G   26007.08471326  .00000473  00000-0  37015-4 0  9992
2 53471  97.6014 130.4613 0000477 122.5299 237.5974 15.05648408186772
1 51811U 22017AV  26007.09119273 -.00002767  00000-0 -15587-3 0  9998
2 51811  53.2172 255.6468 0001325  85.7388 274.3756 15.08826559214666
1 55495U 23015AY  26007.09845969  .00009371  00000-0  70890-3 0  9991
2 55495  43.0049 288.1175 0001512 246.7679 113.3004 15.02481062161630
1 52139U 22029BD  26007.10406366  .00000069  00000-0  22446-4 0  9993
2 52139  53.2205 355.5876 0001546 103.5394 256.5771 15.08836259211496
1 54070U 22136V   26007.12197958  .00000519  00000-0  50715-4 0  9994
2 54070  53.2169 260.2070 0001319  90.6864 269.4279 15.08834959177554
1 55537U 22151YK  26007.13137647  .00012428  00000-0  21081-2 0  9994
2 55537  98.6347  63.0955 0072752  71.5105 289.3987 14.67618104161152
1 56925U 23083BB  26007.13243975 -.00000113  00000-0  67441-5 0  9995
2 56925  43.0052  42.9928 0001133 265.2234  94.8479 15.02529538142568
1 59153U 24044B   26007.13896403 -.00003097  00000-0 -10310-3 0  9995
2 59153  43.0004  47.8049 0000923 278.5551  81.5196 15.27569916104731
1 49740U 21115S   26007.15009798 -.00000554  00000-0 -16740-4 0  9996
2 49740  53.2183  65.3553 0001491  82.8632 277.2530 15.08838636226249
1 45447U 20020Z   26007.15880273 -.00000367  00000-0 -10719-2 0  9995
2 45447  87.8840  53.1205 0002049  99.7041 260.4318 13.11420213281500
1 57634U 23122C   26007.16538882  .00001228  00000-0  10600-3 0  9994
2 57634  43.0050  55.6392 0001897 288.0852  71.9784 15.02529658133081
1 53635U 22104AZ  26007.16670139  .01310756  00000-0  88653-2 0  9994
2 53635  53.2178 133.4399 0001011  86.2050 317.0252 15.71736017  5784
1 57311U 23096X   26007.16670139  .00572916  00000-0  53706-2 0  9998
2 57311  42.9764 150.8135 0033747 324.0521 174.7218 15.63987224  5939
1 57188U 23091Y   26007.17507900  .00010223  00000-0  43184-3 0  9999
2 57188  97.5310  70.0596 0008365 303.4466  56.5970 15.23419789139779
1 55470U 23015X   26007.17788395 -.00000715  00000-0 -37846-4 0  9992
2 55470  43.0058 300.0029 0001162 273.8255  86.2454 15.02532780161504
1 57917U 23147E   26007.19014917 -.00001903  00000-0 -12587-3 0  9994
2 57917  43.0044 300.5038 0000983 267.7466  92.3264 15.02536789127364
1 58362U 23177M   26007.19953549 -.00002250  00000-0 -15154-3 0  9994
2 58362  43.0055 325.9203 0000928 291.2747  68.7997 15.02530331118917
1 52129U 22029AT  26007.20802336 -.00000070  00000-0  13707-4 0  9993
2 52129  53.2174 345.1224 0001389  87.7570 272.3581 15.08838186211650
1 46083U 20055BJ  26007.21240096 -.00000101  00000-0  12138-4 0  9994
2 46083  53.0545  12.5899 0001592  87.8841 272.2330 15.06399922300033
1 48977U 21060L   26007.21244999  .00000122  00000-0  28433-3 0  9997
2 48977  87.9041 260.8328 0001377  71.0277 289.1003 13.16593777218448
1 51977U 22025X   26007.21358867 -.00000715  00000-0 -26868-4 0  9994
2 51977  53.2181 295.1096 0001204  90.0183 270.0947 15.08832991212056
1 54390U 22151DN  26007.22024096  .00001108  00000-0  82265-3 0  9998
2 54390  98.9543 348.7712 0126761 157.7904 202.8816 13.93402256159769
1 59801U 24093V   26007.22546995 -.00003524  00000-0 -11868-3 0  9991
2 59801  42.9994 196.1499 0001344 266.0678  94.0020 15.27561035 93291
1 54756U 22174B   26007.22854480 -.00000023  00000-0  00000+0 0  9996
2 54756   0.0634 355.4354 0005990 295.2566  69.2397  5.00116499 57383
1 54767U 22175K   26007.24528222  .00000639  00000-0  58259-4 0  9999
2 54767  53.2191 319.9117 0001412  94.0738 266.0415 15.08835654170649
1 57059U 23088M   26007.24805330  .00000966  00000-0  86619-4 0  9992
2 57059  43.0030  81.6366 0001255 261.6984  98.3717 15.02528969141128
1 56246U 22151ABN 26007.25683937  .00014193  00000-0  13180-2 0  9995
2 56246  98.7002 116.5988 0118904 278.8402  79.9364 14.89246098150626
1 56619U 22151AET 26007.26006304  .00000340  00000-0  14278-3 0  9996
2 56619  98.5642  11.4495 0075611 156.8281 203.6341 14.30397520141546
1 53568U 22101AT  26007.26274470  .00001236  00000-0  95715-4 0  9993
2 53568  53.2183 329.7478 0001235  93.8150 266.2983 15.08836187187861
1 58064U 23158P   26007.26847759 -.00029459  00000-0 -21670-2 0  9994
2 58064  43.0067   3.9356 0001850 289.4651  70.5992 15.02669812124290
1 49469U 21106A   26007.28881037  .00020190  00000-0  46144-3 0  9998
2 49469  42.0047 161.5456 0011802 338.8245  21.2106 15.42341440233215
1 51843U 22019V   26007.31637545  .00020508  00000-0  42340-3 0  9995
2 51843  97.3701  91.1799 0007453  29.3194 330.8472 15.45855914214464
1 56000U 23042Q   26007.32995491  .00000566  00000-0  56985-4 0  9993
2 56000  43.0040  29.2314 0001258 266.7523  93.3176 15.02534187153680
1 53737U 22107AP  26007.33335648  .00235538  00000-0  16259-2 0  9998
2 53737  53.1908 123.2465 0006588 339.4245  35.6984 15.73324990  5703
1 52281U 22041W   26007.33410107 -.00000576  00000-0 -18080-4 0  9992
2 52281  53.2194  24.5556 0001334  88.5546 271.5599 15.08839759205109
1 57112U 23090M   26007.34636343 -.00000599  00000-0 -29274-4 0  9990
2 57112  43.0018 248.1587 0001226 261.8223  98.2480 15.02538257141188
1 55783U 23028AU  26007.35008502 -.00001030  00000-0 -78535-4 0  9999
2 55783  70.0009 359.2943 0002816 268.4242  91.6595 14.98331499157836
1 52302U 22041AT  26007.37546385  .00000664  00000-0  59802-4 0  9991
2 52302  53.2193   4.3700 0001272  83.3829 276.7308 15.08842754205381
1 58180U 23167F   26007.37939779  .00006913  00000-0  51517-3 0  9991
2 58180  43.0022 118.9852 0002157 286.7602  73.3004 15.03350012121736
1 52102U 22029Q   26007.39204837  .00000979  00000-0  79576-4 0  9999
2 52102  53.2208 354.2986 0001406  89.1071 271.0082 15.08847955211530
1 53227U 22084AQ  26007.40731385  .00001186  00000-0  86388-4 0  9994
2 53227  97.6039  70.7819 0001208  93.0140 267.1225 15.05645768190164
1 59449U 24066H   26007.41139785  .00001966  00000-0  18104-3 0  9991
2 59449  45.6082  28.2382 0004265 285.0521  74.9888 14.98469191 95700
1 59129U 24043AH  26007.41996858  .00026081  00000-0  52537-3 0  9996
2 59129  97.5266 149.9694 0007286  65.3650 294.8358 15.46531243102997
1 46582U 20070BC  26007.43826618  .00074529  00000-0  18692-2 0  9992
2 46582  53.0477  57.5737 0005867 327.0285  33.0352 15.39371885290759
1 54575U 22151MB  26007.44891864  .00005645  00000-0  96740-3 0  9995
2 54575  98.6419  74.3833 0125431  48.1064 313.0755 14.64110651166503
1 56843U 23079W   26007.45959691  .00003141  00000-0  24761-3 0  9992
2 56843  43.0013  79.9941 0000931 259.4899 100.5839 15.02518692143673
1 59659U 24084F   26007.46341480 -.00001399  00000-0 -41342-4 0  9999
2 59659  43.0016  23.7471 0001104 267.6658  92.4067 15.27570446 95058
1 48964U 21059CP  26007.46549059  .00037408  00000-0  45376-3 0  9995
2 48964  97.6835 192.4556 0001974 157.0647 203.0697 15.60538345252729
1 55296U 23010AD  26007.48152600 -.00002548  00000-0 -20591-3 0  9995
2 55296  70.0000 178.6640 0002734 259.9366 100.1485 14.98308849164985
1 53777U 22111E   26007.48174441 -.00000590  00000-0 -19002-4 0  9996
2 53777  53.2182 189.0481 0001444  90.2034 269.9123 15.08837781184456
1 47272U 20100Q   26007.48715660  .00000442  00000-0  11938-2 0  9991
2 47272  87.8925  22.5845 0001658  94.4317 265.7001 13.12441938243621
1 53251U 22086K   26007.49644484 -.00000724  00000-0 -27415-4 0  9990
2 53251  53.2176 108.8283 0001090  89.3980 270.7137 15.08844140191822
1 58209U 23170D   26007.50056798  .00000098  00000-0  22342-4 0  9996
2 58209  43.0009 168.5236 0001033 263.4539  96.6186 15.02532389121077
1 56389U 23061R   26007.50306867  .00000014  00000-0  16072-4 0  9998
2 56389  43.0025 169.6706 0001203 268.8686  91.2018 15.02532648147551
1 55269U 23010A   26007.53598742  .00000157  00000-0  20937-4 0  9999
2 55269  69.9999 198.7252 0002534 274.5519  85.5350 14.98331366163900
1 59307U 24056M   26007.56122161 -.00000335  00000-0 -26605-5 0  9997
2 59307  43.0026 216.0927 0000735 276.9463  83.1305 15.27585675101801
1 45292U 91056AE  26007.56889827  .00003720  00000-0  64457-2 0  9991
2 45292  82.6251 230.6256 0104021 251.1522 107.8311 13.41563138286000
1 54597U 22151MX  26007.57900653  .00002525  00000-0  87000-3 0  9993
2 54597  98.6694  32.1733 0071185 183.3197 176.7525 14.35368856164178
1 59639U 24082J   26007.58667156 -.00001489  00000-0 -44600-4 0  9999
2 59639  42.9988 125.1717 0001167 223.0268 137.0493 15.27570786 95465
1 49768U 21115AW  26007.58798005  .00001284  00000-0  98761-4 0  9991
2 49768  53.2177  53.4191 0001438 108.4195 251.6953 15.08835671226452
1 44888U 19093K   26007.62059569  .00307947  41601-4  63207-3 0  9998
2 44888  97.9129 240.5236 0014140 235.9942 123.9992 15.99144526337012
1 57246U 23094AE  26007.62330245 -.00000188  00000-0  11487-5 0  9996
2 57246  43.0049 349.1675 0001039 255.2485 104.8242 15.02534843138081
1 48688U 21044BC  26007.64736591  .00002432  00000-0  18207-3 0  9993
2 48688  53.0549 340.6467 0001501  89.5156 270.6005 15.06403029255274
1 52122U 22029AL  26007.64870282 -.00000205  00000-0  52199-5 0  9998
2 52122  53.2196 353.1456 0001310  85.1617 274.9525 15.08835216211579
1 50200U 21125AW  26007.67445644  .00000008  00000-0  18570-4 0  9996
2 50200  53.2174 152.9880 0001326  87.6094 272.5050 15.08840163227536
1 47815U 21018AE  26007.67869398  .00001294  00000-0  10573-3 0  9993
2 47815  53.0569 160.5078 0001226  86.7892 273.3237 15.06401545267466
1 52281U 22041W   26007.73154053 -.00000535  00000-0 -15555-4 0  9990
2 52281  53.2194  22.7717 0001308  87.6698 272.4444 15.08840447205168
1 54750U 22171E   26007.73437307  .00010430  00000-0  37327-3 0  9996
2 54750  34.9853 124.1825 0006826  88.4526 271.6972 15.27973683170893
1 54049U 22134B   26007.74130634 -.00000194  00000-0  20898-2 0  9991
2 54049  27.3592  58.2244 8011786 220.8818  37.8628  1.35644536 15936
1 48576U 21041Z   26007.74689106 -.00001706  00000-0 -95707-4 0  9992
2 48576  53.0560  20.1989 0001404  83.9373 276.1776 15.06389193256376
1 48673U 21044AM  26007.77775437  .00001794  00000-0  13931-3 0  9992
2 48673  53.0545  25.0611 0001423  87.6756 272.4396 15.06405458254660
1 59875U 24098T   26007.79404957 -.00005224  00000-0 -18049-3 0  9997
2 59875  43.0024 229.5686 0001395 262.5368  97.5325 15.27568549 92898
1 53396U 22097J   26007.81200120 -.00001114  00000-0 -51884-4 0  9994
2 53396  53.2182  37.4126 0001457  80.3777 279.7380 15.08842287189325
1 53920U 22119AL  26007.81388578 -.00000153  00000-0  84940-5 0  9997
2 53920  53.2165 227.4711 0001488  86.8222 273.2941 15.08840540182639
1 56556U 23065BF  26007.81827660 -.00005047  00000-0 -35876-3 0  9996
2 56556  43.0023 193.6373 0001355 261.3772  98.6916 15.02542688147322
1 59429U 24065J   26007.82165009  .00000124  00000-0  16301-4 0  9994
2 59429  53.1592 206.2936 0001094  79.5933 280.5191 15.30195715 99588
1 54054U 22136D   26007.82490829 -.00001114  00000-0 -51932-4 0  9992
2 54054  53.2163 257.4775 0001469 109.9683 250.1467 15.08842653177656
1 59290U 24053C   26007.83412418  .00012875  00000-0  34457-3 0  9994
2 59290  49.9909  56.9612 0004219  15.3909 344.7180 15.38323946 96375
1 58840U 24017Q   26007.84670656  .00004044  00000-0  14867-3 0  9997
2 58840  53.1589 139.4926 0001109  84.8857 275.2271 15.30183540110674
1 58810U 23185T   26007.86818765  .00004701  00000-0  28542-3 0  9991
2 58810  97.5479  77.5540 0011376 134.8195 225.3962 15.10935578108824
1 58681U 23211Q   26007.88448368 -.00001691  00000-0 -51955-4 0  9999
2 58681  43.0017  68.8118 0000584 244.6839 115.3952 15.27570492113160
1 46818U 20077F   26007.88525588  .00039716  00000-0  30891-3 0  9997
2 46818  97.2282  82.5682 0004347  59.2761 300.8930 15.71653364289922
1 53161U 22083AF  26007.88928977 -.00003596  00000-0 -20796-3 0  9996
2 53161  53.2199  77.0659 0001435  95.6710 264.4445 15.08834428192185
1 51815U 22017AZ  26007.89066933 -.00001290  00000-0 -62975-4 0  9998
2 51815  53.2162 242.0581 0001407  90.4037 269.7116 15.08827846214905
1 48610U 21041BK  26007.89109641  .00004596  00000-0  26695-3 0  9995
2 48610  53.0231  83.0702 0011705   4.6715 355.4384 15.13924197255413
1 51748U 22016AL  26007.89986470 -.00000516  00000-0 -14312-4 0  9991
2 51748  53.2162 222.0171 0001383  92.4464 267.6686 15.08837801214521
1 50490U 21132X   26007.93411012  .00000117  00000-0  26290-3 0  9994
2 50490  87.9171   7.2870 0001803  77.6835 282.4499 13.18686930200471
1 48068U 21025AC  26007.94038458  .00000402  00000-0  10654-2 0  9996
2 48068  87.8998 352.0573 0001655  90.9399 269.1919 13.13469782232523
1 46796U 20074BK  26007.94859544  .00061422  00000-0  11107-2 0  9995
2 46796  53.0512 205.5445 0013811 125.3088 234.9214 15.49029451287929
1 51805U 22017AP  26007.94955565 -.00000522  00000-0 -14699-4 0  9998
2 51805  53.2178 241.8734 0001572  88.3781 271.7391 15.08838311215079
1 48376U 21038Z   26007.96943305 -.00001034  00000-0 -50513-4 0  9994
2 48376  53.0543 264.2009 0001752  87.3593 272.7597 15.06390082258012
1 54785U 22175AD  26008.02128999  .00001543  00000-0  11503-3 0  9998
2 54785  53.2172 261.3433 0001285  87.4977 272.6162 15.08829667171536
1 58606U 23200T   26008.04953781 -.00002010  00000-0 -13371-3 0  9998
2 58606  43.0027 139.6526 0001298 270.1614  89.9080 15.02547602114479
1 54157U 22141A   26008.05123462  .00003729  00000-0  25223-3 0  9999
2 54157  53.2186 286.2903 0001617  80.6225 279.4950 15.08848258176567
1 49401U 21102G   26008.06462248  .00005360  00000-0  26127-3 0  9997
2 49401  97.3522  49.5556 0017373  74.7837 285.5317 15.18607897229263
1 59027U 24038E   26008.08149952 -.00000622  00000-0 -13057-4 0  9996
2 59027  43.0022   9.7383 0000595 252.3392 107.7395 15.27620038105373
1 53491U 22099AC  26008.09647376  .00000659  00000-0  55829-4 0  9995
2 53491  97.6037 130.8922 0000320  85.9125 274.2136 15.01261305186897
1 52554U 22051X   26008.09812067 -.00000151  00000-0  85745-5 0  9992
2 52554  53.2172  46.1271 0001432  88.0209 272.0947 15.08840230202221
1 54269U 22151L   26008.10185713  .00000292  00000-0  90837-4 0  9993
2 54269  98.6370  57.8230 0132212  81.2494 280.3643 14.43561618165697
1 47840U 21018BF  26008.10211785 -.00001273  00000-0 -66655-4 0  9993
2 47840  53.0574 143.6062 0000537  87.6263 272.4788 15.06388388267742
1 57893U 23146C   26008.10445596 -.00002315  00000-0 -15635-3 0  9994
2 57893  43.0039 282.4112 0000762 294.9903  65.0860 15.02546688127958
1 51631U 22012K   26008.14212933  .00000617  00000-0  17313-2 0  9995
2 51631  87.8783  68.1984 0002443 102.3648 257.7753 13.10375216188363
1 56723U 23068P   26008.14804757  .00000221  00000-0  55403-3 0  9999
2 56723  87.9006 291.1691 0001636  62.6844 297.4452 13.15548375128321
1 51887U 22022AM  26008.14918375  .00008147  00000-0  52924-3 0  9996
2 51887  53.2161 270.9007 0001327  93.5624 266.5520 15.08847835214109
1 55835U 23029AR  26008.15009368 -.00000017  00000-0 -75014-4 0  9991
2 55835  87.9214 336.8282 0001643  70.5742 289.5568 13.19725558137730
1 47679U 21012BM  26008.16126256  .00075679  00000-0  11023-2 0  9997
2 47679  53.0346 283.7222 0007047 135.6475 224.5101 15.55048531271711
1 47423U 21006L   26008.16236598  .00005993  00000-0  19449-3 0  9991
2 47423  97.2481  58.1412 0013073  52.0189 308.2232 15.32240770275143
1 48798U 21045AH  26008.16390366  .00000106  00000-0  24670-3 0  9997
2 48798  87.9017 291.1193 0001189  58.9152 301.2095 13.15548463223372
1 59682U 24086A   26008.16539866 -.00000897  00000-0 -23085-4 0  9998
2 59682  43.0035  45.3121 0001258 262.3933  97.6776 15.27579486 94804
1 59953U 24107J   26008.16668980  .00110017  00000-0  49954-3 0  9999
2 59953  53.1445 188.3056 0004419 277.8827 230.6242 15.83082492  5977
1 54259U 22157A   26008.17405747  .00000072  00000-0  00000-0 0  9992
2 54259   0.0612  94.6711 0000459  63.2645  22.3944  1.00269697 11420
1 58080U 23160F   26008.17670479 -.00001957  00000-0 -12980-3 0  9997
2 58080  43.0042  49.2021 0001293 273.6803  86.3891 15.02552263123819
1 55676U 23021BA  26008.18354065  .00930063  00000-0  69289-1 0  9991
2 55676  70.0017 297.0477 0007254 288.4361  71.6011 15.00184510160718
1 59925U 24106D   26008.18994239  .00001440  00000-0  61813-4 0  9996
2 59925  43.0025 310.3551 0001391 206.3684 153.7097 15.27595900 91316
1 48574U 21041X   26008.19519758 -.00002683  00000-0 -16124-3 0  9995
2 48574  53.0556  13.2741 0002255  81.9505 278.1740 15.06397328256505
1 58528U 23191W   26008.19605498 -.00015048  00000-0 -10990-2 0  9993
2 58528  43.0044  74.5000 0001669 280.3741  79.6913 15.02612013116349
1 53036U 22076BC  26008.20299936  .00000563  00000-0  53475-4 0  9992
2 53036  53.2192 345.6535 0001343  99.9389 260.1755 15.08844189193995
1 57203U 23091AP  26008.21284052  .00011689  00000-0  43624-3 0  9999
2 57203  97.5319  73.5503 0007587 288.6415  71.4000 15.27535249140085
1 48214U 21031E   26008.25392072  .00000105  00000-0  24896-3 0  9990
2 48214  87.9030 321.5585 0000931  57.3637 302.7582 13.14504692227363
1 57235U 23094T   26008.26672785 -.00003715  00000-0 -25994-3 0  9999
2 57235  43.0054 358.4031 0000915 269.8255  90.2483 15.02552101138039
1 54137U 22138AA  26008.27329265  .00000052  00000-0  97574-4 0  9991
2 54137  87.9230 336.7733 0002003  81.4139 278.7220 13.19724374155745
1 55145U 23004F   26008.27884287  .00000076  00000-0  16099-3 0  9992
2 55145  87.9167   7.2211 0001553  84.7701 275.3609 13.18685396148638
1 59609U 24080J   26008.31126169 -.00002496  00000-0 -81207-4 0  9993
2 59609  43.0055  14.9941 0001575 279.7766  80.2908 15.27579783 95340
1 55828U 23029AJ  26008.32727360  .00000069  00000-0  13830-3 0  9993
2 55828  87.9223 306.3414 0002282  85.1053 275.0341 13.20770421140046
1 47270U 20100N   26008.32731661  .00000443  00000-0  11950-2 0  9997
2 47270  87.8916  22.4285 0001890  88.3889 271.7456 13.12443986243604
1 46382U 20062BK  26008.33334491  .00395595  00000-0  24368-2 0  9990
2 46382  53.0400 199.6920 0002368 111.2707 142.8186 15.75510099  5749
1 57430U 23105A   26008.33334491  .00705200  00000-0  23467-1 0  9993
2 57430  42.9996 224.6221 0001792 268.9869 330.9420 15.28204872  5821
1 59605U 24080E   26008.35831110 -.00000932  00000-0 -24339-4 0  9998
2 59605  43.0045  18.8111 0001086 258.3957 101.6773 15.27605859 95307
1 52560U 22051AD  26008.36997987  .00000119  00000-0  25590-4 0  9998
2 52560  53.2186  29.9051 0001423  89.0608 271.0547 15.08842552202473
1 57868U 23144E   26008.37095373  .00001070  00000-0  94294-4 0  9991
2 57868  43.0005 255.4943 0001283 258.6813 101.3885 15.02534597128498
1 50816U 22001P   26008.38929401  .00010405  00000-0  63890-3 0  9996
2 50816  53.2148  79.6022 0002769  20.2650 339.8453 15.10632665221308
1 59396U 24063B   26008.42493123  .00018579  00000-0  49927-3 0  9995
2 59396  34.7258   8.7351 0014195  52.3192 307.8808 15.36886943 98755
1 55908U 23035A   26008.43102011  .00007684  00000-0  50212-3 0  9996
2 55908  44.1750 271.9133 0002906  35.6017 324.5040 15.08262050154226
1 51282U 22006C   26008.43394094 -.00000197  00000-0  00000+0 0  9997
2 51282   4.1625  77.7124 0262736   9.9329 350.4489  0.95003343  9676
1 56068U 23043Y   26008.44966102  .00000177  00000-0  39684-3 0  9993
2 56068  87.9228 275.8253 0001612  64.6867 295.4434 13.21824630137149
1 51627U 22012F   26008.45096213 -.00000041  00000-0 -13839-3 0  9998
2 51627  87.9096  37.6102 0001822  90.8289 269.3052 13.17649644192666
1 53243U 22086B   26008.46332270  .00000459  00000-0  46903-4 0  9992
2 53243  53.2170 114.1787 0001235  98.1287 261.9845 15.08841914192178
1 56805U 23078AQ  26008.46551904  .00002015  00000-0  17667-3 0  9992
2 56805  70.0001 116.2562 0002983 270.1365  89.9453 14.98322495144153
1 54647U 22166F   26008.47105941 -.00002736  00000-0 -66577-2 0  9993
2 54647  87.9224 275.8452 0002333  74.0798 286.0593 13.21839279150407
1 55959U 23037AX  26008.47316856  .00000512  00000-0  50686-4 0  9991
2 55959  69.9998  56.2717 0003101 269.4476  90.6327 14.98331370155452
1 59168U 24044S   26008.48050326  .00001040  00000-0  47351-4 0  9996
2 59168  43.0040  87.3724 0003242 270.7298  89.3183 15.27582594104385
1 47290U 20100AJ  26008.49671616  .00000166  00000-0  42547-3 0  9999
2 47290  87.8926  22.3444 0001413  98.1205 262.0083 13.12443065243624
1 57958U 23149A   26008.49973678  .00000782  00000-0  17818-3 0  9997
2 57958  98.1786 320.2014 0001831 103.6562 256.4841 14.58522574121729
1 57307U 23096T   26008.50002314  .00483557  00000-0  54136-2 0  9996
2 57307  42.9771 143.3769 0033648 332.7807 268.4301 15.59725275  5839
1 53182U 22083BC  26008.50797584  .00000634  00000-0  57937-4 0  9993
2 53182  53.2181  49.2770 0001408  90.5722 269.5431 15.08845392192612
1 50465U 21131A   26008.51844604  .00000382  00000-0  14810-3 0  9996
2 50465  98.4597  88.9032 0000649 138.4984 221.6251 14.35399626211517
1 45780U 20038BC  26008.52150550  .00087794  00000-0  23242-2 0  9996
2 45780  53.0556 103.3475 0002310  26.9977 333.1146 15.37646494307728
1 52084U 22027A   26008.52257271 -.00000037  00000-0  88773-4 0  9997
2 52084  63.3966 251.2882 0037764 350.3490   9.6806 13.45426178187436
1 50849U 22001AY  26008.52271252 -.00001120  00000-0 -52315-4 0  9999
2 50849  53.2175  89.2243 0001265  86.0593 274.0544 15.08826139221187
1 59268U 24050Q   26008.53252806  .00036095  00000-0  12244-2 0  9996
2 59268  53.1582 100.7407 0001115  89.0884 271.0244 15.30214575101331
1 55622U 23020BF  26008.53456631 -.00000150  00000-0  39372-5 0  9992
2 55622  43.0059 318.2564 0001313 262.3456  97.7238 15.02541642160023
1 57971U 23151H   26008.54376730  .00000254  00000-0  33874-4 0  9992
2 57971  43.0040 305.8078 0001107 266.5300  93.5416 15.02540294126687
1 49125U 21080A   26008.54545189  .00000000  00000-0  00000+0 0  9998
2 49125   0.0150  32.7475 0002673 238.3671 134.7740  1.00267972 16046
1 58179U 23167E   26008.54905721  .00000280  00000-0  35834-4 0  9995
2 58179  43.0032 113.1402 0001351 270.0214  90.0474 15.02539625121907
1 48227U 21031T   26008.56792825 -.00000006  00000-0 -51439-4 0  9994
2 48227  87.9031 321.4937 0001825  71.3394 288.7934 13.14505048227255
1 51786U 22017U   26008.57698235  .00001400  00000-0  10607-3 0  9992
2 51786  53.2169 258.9797 0001421  94.5565 265.5589 15.08834693213209
1 52361U 22045AG  26008.59077619  .00001090  00000-0  86550-4 0  9998
2 52361  53.2189 108.9140 0001336  96.6004 263.5140 15.08844407206716
1 53726U 22107AC  26008.59858806  .00001091  00000-0  86610-4 0  9996
2 53726  53.2172 163.7571 0001230  91.7568 268.3565 15.08837112185349
1 53566U 22101AR  26008.59860148  .00000187  00000-0  29861-4 0  9994
2 53566  53.2183 323.8684 0001303  83.6763 276.4378 15.08841328188063
1 53996U 22125AJ  26008.60226100 -.00000174  00000-0  71657-5 0  9991
2 53996  53.2164 123.7030 0001196  89.1659 270.9470 15.08836393180392
1 56790U 23078Z   26008.66139920 -.00001123  00000-0 -86375-4 0  9991
2 56790  70.0001  95.8542 0002984 270.5000  89.5818 14.98323064144678
1 52754U 22057Y   26008.66276794  .00022902  00000-0  49156-3 0  9995
2 52754  97.6390 159.0608 0004655 293.4012  66.6746 15.44713222201660
1 46472U 20066D   26008.70239262  .00000159  00000-0  18847-3 0  9990
2 46472  65.9109 168.0874 0020225  99.8044 260.5313 13.92291191269346
1 50171U 21125R   26008.70394411  .00000243  00000-0  33372-4 0  9991
2 50171  53.2161 158.4078 0001279  87.3043 272.8095 15.08834283227546
1 54939U 22151SC  26008.76735134  .00005111  00000-0  16327-2 0  9992
2 54939  99.0639  92.6851 0071547 214.6399 145.0115 14.38674890164511
1 51121U 22005T   26008.78953845  .00000398  00000-0  43103-4 0  9999
2 51121  53.2162 198.0351 0001310  88.3624 271.7518 15.08839872219839
1 58969U 24031E   26008.87509963  .00000011  00000-0  12494-4 0  9996
2 58969  53.1595 211.8084 0001175 107.3695 252.7435 15.30191582107412
1 57053U 23088F   26008.89000556 -.00000211  00000-0 -56717-6 0  9998
2 57053  43.0031  72.4631 0001477 272.8182  87.2491 15.02543923141376
1 53144U 22083N   26008.90404049 -.00000071  00000-0  13598-4 0  9997
2 53144  53.2184  82.5184 0001278  91.2515 268.8624 15.08841483192191
1 55547U 22151YV  26008.90737160  .00004258  00000-0  23191-2 0  9993
2 55547  98.9014   4.7614 0092348 116.3855 244.6831 14.10538615156291
1 55420U 23014AF  26008.90874824  .00000986  00000-0  90419-4 0  9994
2 55420  70.0000 195.2058 0002348 285.8033  74.2867 14.98336453163595
1 54205U 22141BA  26008.94632037  .00001828  00000-0  13292-3 0  9995
2 54205  53.2171 261.9680 0001367  93.5246 266.5903 15.08842445176988
1 57031U 23085AD  26008.95265635  .00015352  00000-0  54024-3 0  9995
2 57031  97.4852 119.7736 0008661 286.6963  73.3326 15.29390341142398
1 54181U 22141AA  26008.96013468  .00001790  00000-0  13051-3 0  9992
2 54181  53.2177 272.0345 0001207  79.2816 280.8312 15.08840676176847
1 57479U 23108A   26008.96295309 -.00000143  00000-0  00000-0 0  9994
2 57479   0.0104  27.9266 0001152 258.5958  73.4462  1.00273138  9057
1 51882U 22022AG  26008.97078496  .00002091  00000-0  14946-3 0  9997
2 51882  53.2175 267.2191 0001412  91.8254 268.2900 15.08835157214281
1 54699U 22169A   26008.97288279  .00000041  00000-0  69223-4 0  9992
2 54699  59.9968  46.6045 0020091  95.4145 264.9182 14.29466185160595
1 48059U 21025T   26008.98655392 -.00000135  00000-0 -40467-3 0  9994
2 48059  87.8990 351.8721 0002110 100.7412 259.3954 13.13469785232714
1 51873U 22022X   26008.99153740  .00018299  00000-0  10309-2 0  9990
2 51873  53.2135 275.7639 0005476  77.9146 282.2462 15.13269239214127
1 56496U 23064BA  26008.99704821 -.00002560  00000-0 -20688-3 0  9993
2 56496  69.9991 254.8588 0001877 278.0339  82.0607 14.98334118147298
1 56103U 23046L   26009.00523633  .00000473  00000-0  50082-4 0  9992
2 56103  43.0039 123.2802 0001384 279.9430  80.1256 15.02536919153084
1 45278U 91056Q   26009.05162656  .00007654  00000-0  69184-2 0  9997
2 45278  82.5686 134.1937 0132661  14.2720 346.2127 13.79737954293549
1 50173U 21125T   26009.11334870  .00000129  00000-0  26216-4 0  9994
2 50173  53.2169 146.6363 0001227  81.7871 278.3260 15.08839297227750
1 56467U 23064V   26009.12246480  .00000699  00000-0  66402-4 0  9993
2 56467  69.9998 274.7687 0002429 268.7515  91.3365 14.98331350146816
1 48797U 21045AG  26009.13996304  .00000130  00000-0  31251-3 0  9998
2 48797  87.9007 290.9584 0001625  78.8073 281.3240 13.15547834223347
1 52287U 22041AC  26009.16946090  .00000024  00000-0  19572-4 0  9999
2 52287  53.2184  16.3185 0001460  87.0805 273.0354 15.08837809205383
1 59973U 66040CC  26009.18187360  .00001629  00000-0  29493-2 0  9997
2 59973 100.2349 178.0667 0054099 221.3470 138.3557 13.42201819394712
1 57243U 23094AB  26009.18780810  .00001239  00000-0  10678-3 0  9999
2 57243  43.0055 341.1327 0001242 265.7139  94.3561 15.02536090138318
1 52990U 22076E   26009.19384398  .00001679  00000-0  12359-3 0  9990
2 52990  53.2189  11.2067 0001366  86.5155 273.5993 15.08837667193729
1 58401U 23179B   26009.19575095  .00024510  00000-0  38512-3 0  9992
2 58401  97.3248 271.8415 0019339  29.2161 331.0169 15.53416128119748
1 56713U 23068D   26009.24898221  .00000103  00000-0  22084-3 0  9997
2 56713  87.9233 306.1391 0001877  80.3605 279.7741 13.20771520128820
1 56032U 23042AY  26009.25806625  .00000037  00000-0  17801-4 0  9999
2 56032  43.0052   5.7413 0001158 271.3579  88.7130 15.02534667154120
1 58437U 23183A   26009.26258287  .00000966  00000-0  86541-4 0  9990
2 58437  43.0052   6.3379 0001130 269.6993  90.3720 15.02535331117772
1 57004U 23085A   26009.27195427  .00015290  00000-0  59667-3 0  9991
2 57004  97.4876 118.3860 0006765 226.2123 133.8556 15.25990096142293
1 51743U 22016AF  26009.29457751  .00001576  00000-0  11706-3 0  9995
2 51743  53.2171 215.6785 0001364 101.1047 259.0099 15.08839537214733
1 47274U 20100S   26009.30483406 -.00000133  00000-0 -40481-3 0  9991
2 47274  87.8916  22.2466 0001606  81.0512 279.0798 13.12442834243909
1 58956U 24028B   26009.43855486 -.00000072  00000-0  64707-5 0  9998
2 58956  39.9918  53.4689 0014208  43.5035 316.6830 13.70151710 95270
1 53288U 22086AY  26009.44408804 -.00000072  00000-0  13591-4 0  9996
2 53288  53.2177  90.0875 0001256  92.7450 267.3686 15.08833585192245
1 54455U 22151GF  26009.47216075  .00000857  00000-0  69510-3 0  9997
2 54455  99.0349 344.1810 0174512 195.0700 164.5219 13.85936697159361
1 45780U 20038BC  26009.49642480  .00076325  00000-0  20156-2 0  9990
2 45780  53.0561  98.7567 0002580  25.7923 334.3208 15.37789622307879
1 59896U 24100M   26009.50182592  .00000947  00000-0  43939-4 0  9995
2 59896  43.0017  96.3030 0001407 273.1856  86.8834 15.27582249 92147
1 57463U 23107G   26009.52652946  .00001072  00000-0  94423-4 0  9990
2 57463  43.0028 300.4515 0001168 268.0275  92.0433 15.02537935136212
1 46905U 20081A   26009.53799247  .00005471  00000-0  41675-3 0  9991
2 46905  36.8991  86.1275 0016222 291.0799  68.8207 15.01752914283617
1 57368U 23099AS  26009.56417083 -.00000790  00000-0 -43405-4 0  9991
2 57368  43.0020 197.1155 0001263 268.1755  91.8943 15.02539820137375
1 57015U 23085M   26009.58866185  .08911501  25185-5  12456-2 0  9991
2 57015  97.4562 138.1267 0008494 294.0144  66.0263 16.34997929143628
1 55924U 23037L   26009.59163931  .00000538  00000-0  52883-4 0  9990
2 55924  70.0005  73.6357 0003227 269.1210  90.9580 14.98332375155125
1 49437U 21104AF  26009.60922363  .00000489  00000-0  48792-4 0  9998
2 49437  53.2181 114.3427 0001167  90.9609 269.1517 15.08838160229991
1 56507U 23065E   26009.61209842  .00000771  00000-0  72111-4 0  9999
2 56507  43.0042 132.6854 0001458 265.5694  94.4982 15.02536957148183
1 55216U 22151WH  26009.62261248  .00010695  00000-0  20741-2 0  9995
2 55216  98.6184  57.5703 0078918  78.4559 282.5488 14.61433059161220
1 56730U 23068W   26009.64533870  .00000345  00000-0  41983-4 0  9994
2 56730  86.6780 100.1498 0002299  90.0365 270.1120 14.80233219142919
1 45323U 91056BM  26009.64546248  .00000788  00000-0  19064-2 0  9999
2 45323  82.5278 240.2208 0003118  28.1537 331.9756 13.20768773282468
1 50186U 21125AG  26009.66719538  .00001249  00000-0  96549-4 0  9996
2 50186  53.2173 164.0862 0001161  91.5822 268.5303 15.08833929227541
1 50001U 21123A   26009.75844502  .00000000  00000-0  00000-0 0  9997
2 50001   0.0184  33.6353 0000272  86.0357  47.6688  1.00270140 14957
1 57585U 23117F   26009.84741726  .00019160  00000-0  50770-3 0  9999
2 57585  97.4316  93.1846 0008144  75.5753 284.6395 15.38356659134457
1 58302U 23174AY  26009.86621435  .00028850  00000-0  71707-3 0  9995
2 58302  97.3950  91.5031 0011453  49.0170 311.2065 15.40201610120884
1 46128U 20057M   26010.00002315  .00065815  00000-0  12572-2 0  9999
2 46128  53.0281 148.3491 0002878 226.3446 267.7176 15.47521093  5844
1 59521U 24073L   26010.18121445 -.00001686  00000-0 -51765-4 0  9994
2 59521  43.0008 288.7783 0001113 271.0533  89.0191 15.27576324 97229
1 59099U 24043B   26010.34022607  .00007275  00000-0  50298-3 0  9996
2 59099  97.8360 145.8184 0007824 145.0765 215.0976 15.06006621101310
1 48268U 21034A   26010.36223931  .00000958  00000-0  12833-3 0  9998
2 48268  97.8942  87.3933 0001286  95.9480 264.1880 14.81674598254287
1 59691U 24086K   26010.40652751 -.00003299  00000-0 -11045-3 0  9998
2 59691  43.0000  32.9207 0001298 280.7205  79.3500 15.27570198 95155
1 59330U 24057L   26010.41161223 -.00000338  00000-0 -27559-5 0  9996
2 59330  43.0001 156.4150 0001441 266.5489  93.5197 15.27572914100921
1 52362U 22045AH  26010.49426784 -.00001121  00000-0 -52355-4 0  9995
2 52362  53.2188  90.3694 0001453  91.2753 268.8405 15.08836309207137
1 57761U 23133E   26010.52013380  .00000149  00000-0  12206-3 0  9997
2 57761  80.9993 159.2459 0006191 101.6285 258.5566 13.85066214119162
1 48438U 21040L   26010.59477666 -.00001336  00000-0 -70794-4 0  9999
2 48438  53.0570  82.6869 0001788 104.6707 255.4481 15.06389505257866
1 49771U 21115AZ  26010.77486988  .00000547  00000-0  52433-4 0  9991
2 49771  53.2190  39.1121 0001376  99.4084 260.7064 15.08835324226934
1 45305U 91056AT  26010.87820934  .00001961  00000-0  40028-2 0  9991
2 45305  82.5646 227.9540 0040306 322.7189  37.1145 13.32445882284504
1 45149U 20008U   26010.90745805  .00000587  00000-0  16445-2 0  9992
2 45149  87.8779  67.6182 0002329  92.1745 267.9649 13.10374572287581
1 59779U 24092G   26010.92150723  .00000220  00000-0  98897-4 0  9991
2 59779  98.6526 130.3106 0011053 314.1682  45.8592 14.31761820 86396
1 54243U 22153A   26010.92660196  .00000000  00000-0  00000-0 0  9999
2 54243   0.0162  69.1293 0001454 239.1072  14.7803  1.00270914  5559
1 59851U 24097S   26010.93147646  .00001041  00000-0  47335-4 0  9991
2 59851  42.9999 240.5291 0001091 271.9481  88.1245 15.27581550 93085
1 44889U 19093L   26010.93327505  .00001026  00000-0  10301-3 0  9995
2 44889  97.7701  91.0762 0011465 210.1257 149.9305 14.93436688328327
1 49385U 21099C   26010.93757655  .00003832  00000-0  59579-3 0  9990
2 49385  98.2551 153.2999 0007563 131.6091 228.5765 14.73620813223963
1 48353U 21038A   26010.94673278  .00009270  00000-0  64002-3 0  9995
2 48353  53.0527 260.8370 0001710  87.1368 272.9817 15.06421035258328
1 58558U 23194B   26010.96720610  .00007484  00000-0  36550-3 0  9995
2 58558  34.9943 341.1357 0005669 294.9500  65.0623 15.17556332116204
1 54161U 22141E   26010.98054140 -.00000562  00000-0 -17201-4 0  9997
2 54161  53.2174 273.2936 0001389  90.4892 269.6259 15.08834966177000
1 44520U 19058B   26010.98193308  .00001970  00000-0  17997-3 0  9991
2 44520  97.7835  25.1696 0011382 141.9611 218.2416 14.96154108346526
1 47100U 99025FBY 26011.05277803  .00008929  00000-0  21089-2 0  9999
2 47100  99.0213 197.7302 0088927 265.9348  93.1677 14.52024289271930
1 54177U 22141W   26011.09456066 -.00000501  00000-0 -13415-4 0  9996
2 54177  53.2162 262.6088 0001473  89.3329 270.7832 15.08838457177166
1 57652U 23122W   26011.10615945  .00000423  00000-0  46406-4 0  9999
2 57652  43.0041  47.1907 0001133 272.1252  87.9461 15.02533605133525
1 58766U 24011B   26011.11614944  .00001206  00000-0  52871-4 0  9996
2 58766  53.1601 279.1275 0001090 115.1079 245.0035 15.30170879111482
1 44457U 19048A   26011.16700856  .00000096  00000-0  00000-0 0  9994
2 44457   0.0344 108.1358 0000383 241.6619 193.0025  1.00272049 23657
1 45526U 99025EYR 26011.18415663  .00003774  00000-0  15676-2 0  9999
2 45526  98.7602  88.3416 0054484 139.4387 221.0872 14.26230817437961
1 54268U 22151K   26011.18997275  .00000178  00000-0  15562-3 0  9992
2 54268  98.8763 343.4299 0122374 151.2983 209.4985 13.94056008160493
1 58999U 24036B   26011.19107766  .00000047  00000-0  13697-4 0  9993
2 58999  53.1613 344.9498 0001226  95.4437 264.6704 15.30200117105718
1 54521U 22151JZ  26011.19377095  .00000276  00000-0  20898-3 0  9994
2 54521  98.8660 347.2136 0138977 161.1268 199.5120 13.97184240161129
1 58126U 23162J   26011.20173617  .00001115  00000-0  97576-4 0  9999
2 58126  43.0047  85.3536 0001443 272.9670  87.1008 15.02535916123655
1 57527U 23115G   26011.24774319 -.00020554  00000-0 -15072-2 0  9990
2 57527  43.0049 316.8522 0001329 244.5317 115.5388 15.02628548134578
1 45807U 20040A   26011.25783581 -.00000340  00000-0  00000-0 0  9997
2 45807   2.0632  66.8531 0003781 296.9878 310.1904  1.00269626 20491
1 49085U 21075L   26011.26159128  .00000049  00000-0  10125-3 0  9990
2 49085  87.8925  21.8200 0001815 102.2029 257.9303 13.12443767213992
1 59348U 24060A   26011.26419415 -.00001341  00000-0 -39230-4 0  9995
2 59348  43.0045 213.5005 0001160 261.4968  98.5752 15.27563714101343
1 53640U 22104BE  26011.29141509  .00001246  00000-0  96380-4 0  9991
2 53640  53.2179 121.5377 0001173  86.6129 273.4998 15.08837608187562
1 59998U 90086H   26011.29583159  .00003561  00000-0  29188-2 0  9990
2 59998  82.5307 320.2595 0018681  91.5190 268.8114 13.89103129 95687
1 52200U 22035A   26011.29665946  .00000175  00000-0  66471-4 0  9999
2 52200  98.4103  22.1305 0000996  65.3517 294.7777 14.42215226198235
1 48210U 21031A   26011.30024732  .00000307  00000-0  79352-3 0  9992
2 48210  87.9019 320.9635 0001629  77.9580 282.1732 13.14503436227706
1 58495U 23186Y   26011.30137472  .00000684  00000-0  65687-4 0  9992
2 58495  43.0047  18.8663 0001144 274.4790  85.5922 15.02537273117382
1 57832U 23139C   26011.30565236  .00000239  00000-0  11965-3 0  9992
2 57832  85.9935 330.3464 0001832  75.7953 284.3433 14.12410931120566
1 53280U 22086AQ  26011.31210671  .00002206  00000-0  15666-3 0  9994
2 53280  53.2187  36.3717 0001256  88.2980 271.8156 15.08838779193179
1 56157U 23048A   26011.32971624 -.00000061  00000-0  48151-4 0  9996
2 56157  63.4012 141.2255 0053159 353.3734   6.6583 13.45381262136837
1 45300U 91056AN  26011.33709749  .00000491  00000-0  16664-2 0  9994
2 45300  82.5564 313.1856 0124683 124.2006 237.0994 12.94240707277523
1 48300U 21036AA  26011.34021531  .00007640  00000-0  53108-3 0  9993
2 48300  53.0548 349.0709 0001595  90.4859 269.6313 15.06412008259530
1 54818U 22176A   26011.34134447  .00008344  00000-0  35635-3 0  9998
2 54818  97.3991 146.4868 0004545 128.2504 231.9142 15.23120920169376
1 58447U 23183L   26011.34658985  .00001236  00000-0  10653-3 0  9993
2 58447  43.0044 354.4843 0001198 268.9021  91.1685 15.02535577118092
1 59460U 24068F   26011.35166053  .00000979  00000-0  45105-4 0  9997
2 59460  43.0033 354.8700 0000867 240.5078 119.5688 15.27575340 99794
1 55772U 23028AH  26011.39361095  .00000415  00000-0  42572-4 0  9991
2 55772  69.9999   8.8018 0003070 270.4534  89.6274 14.98331351157950
1 56526U 23065Z   26011.41832898 -.00000077  00000-0  93555-5 0  9990
2 56526  43.0037 161.1912 0001352 265.6935  94.3753 15.02531180148012
1 48999U 21060AJ  26011.43662399  .00000013  00000-0  12033-5 0  9998
2 48999  87.9033 259.9814 0001607  75.6236 284.5074 13.16594810219002
1 48432U 21040E   26011.46234405  .00003795  00000-0  27340-3 0  9999
2 48432  53.0562  43.9178 0001425  95.0619 265.0533 15.06417970258489
1 51133U 22005AF  26011.49982476  .00000502  00000-0  49644-4 0  9999
2 51133  53.2165 195.8553 0001315  88.2279 271.8864 15.08841242220093
1 51757U 22016AV  26011.56243073 -.00002050  00000-0 -11075-3 0  9992
2 51757  53.2170 205.5863 0001260  88.0658 272.0478 15.08830845215086
1 56204U 23054AC  26011.62422793  .00014680  00000-0  28352-3 0  9998
2 56204  97.3163 279.1915 0005648 244.9811 115.0854 15.47882433154193
1 59608U 24080H   26011.64210436 -.00000989  00000-0 -26424-4 0  9998
2 59608  43.0006 356.1356 0001140 272.2866  87.7855 15.27598308 95867
1 55428U 23014AP  26011.65053878  .00000424  00000-0  43310-4 0  9991
2 55428  69.9984 228.4564 0002570 265.6803  94.4062 14.98331869163014
1 57851U 23141M   26011.65319624  .00001425  00000-0  60237-4 0  9997
2 57851  53.1598 189.1289 0001111  91.6103 268.5025 15.30191514131598
1 59319U 14028BS  26011.65530556  .00000350  00000-0  10024-2 0  9994
2 59319  82.5216 348.6268 0268726 283.0139  74.1098 12.97065116126340
1 53823U 22114F   26011.66539116 -.00020044  00000-0 -12418-2 0  9998
2 53823  53.2187 155.0970 0001255  60.6968 299.4149 15.08928175184854
1 59864U 24098G   26011.68109373  .00001494  00000-0  63800-4 0  9991
2 59864  43.0030 240.2785 0001104 269.0848  90.9877 15.27583513 93120
1 59073U 24039W   26011.86363678  .00000248  00000-0  61046-4 0  9994
2 59073  88.9938 302.7753 0036286 119.0205 241.4645 14.48557209 98773
1 57880U 23144S   26011.92746195  .00001108  00000-0  97088-4 0  9991
2 57880  43.0016 235.7778 0001083 262.8319  97.2400 15.02535910129078
1 53082U 22077AR  26011.93277175  .00000670  00000-0  56723-4 0  9997
2 53082  97.6021 194.6429 0002734 136.5695 223.5746 15.01263712192404
1 53426U 22097AQ  26011.93546936  .00000578  00000-0  54424-4 0  9998
2 53426  53.2212 359.0600 0001432 100.0261 260.0893 15.08834829190219
1 55774U 23028AK  26011.94004999 -.00000023  00000-0  58730-5 0  9991
2 55774  70.0004   7.4978 0003123 271.7034  88.3767 14.98334400158031
1 56022U 23042AN  26011.94381598  .00001138  00000-0  99271-4 0  9998
2 56022  43.0048 351.4969 0001134 272.0576  88.0136 15.02539181154529
1 58936U 24027F   26011.99249070 -.00000005  00000-0  11955-4 0  9997
2 58936  53.1580 213.2647 0001222  97.6872 262.4268 15.30191786108646
1 49103U 21075AE  26012.00046431  .00000348  00000-0  93937-3 0  9990
2 49103  87.8929  21.6753 0000980  86.7594 273.3647 13.11885899214701
1 58077U 23160C   26012.03908591  .00000261  00000-0  34385-4 0  9991
2 58077  43.0044  28.3032 0001145 275.8805  84.1907 15.02536394124406
1 52484U 22049AK  26012.05549757  .00001490  00000-0  11167-3 0  9996
2 52484  53.2192 313.3634 0001347  87.3476 272.7671 15.08842092203703
1 55154U 23004Q   26012.05705665 -.00000500  00000-0 -14477-2 0  9996
2 55154  87.8825  52.1572 0001212 104.2641 255.8621 13.11416874145438
1 54996U 22151UM  26012.08397005  .00018072  00000-0  28664-2 0  9993
2 54996  98.6215  69.6964 0070090  40.9687 319.6753 14.70567616166422
1 48622U 21043B   26012.16309989  .00000088  00000-0  14360-3 0  9991
2 48622  65.8999 290.4102 0036092 277.5326  82.1644 13.87517748235635
1 54835U 22177R   26012.23107468 -.00000180  00000-0  17215-5 0  9997
2 54835  43.0034  80.0150 0001298 268.0190  92.0504 15.02526704168468
1 52458U 22049H   26012.25426577  .00000296  00000-0  36716-4 0  9994
2 52458  53.2206 322.4705 0001451  79.3415 280.7740 15.08835052203591
1 55830U 23029AL  26012.25999577 -.00000013  00000-0 -64855-4 0  9999
2 55830  87.9226 336.0064 0001786  75.3277 284.8054 13.19724096138333
1 54214U 22142A   26012.26894829  .00000030  00000-0  64990-4 0  9991
2 54214  59.9959  95.6214 0020433 147.5176 212.7121 14.29474309167401
1 56809U 23078AU  26012.27523600  .00000324  00000-0  34988-4 0  9999
2 56809  70.0008 126.5469 0003071 278.5268  81.5542 14.98327838144239
1 52287U 22041AC  26012.28274733  .00000645  00000-0  58611-4 0  9990
2 52287  53.2200   2.3434 0001422  86.5811 273.5344 15.08839641205855
1 54645U 22166D   26012.28727811  .00000102  00000-0  21428-3 0  9991
2 54645  87.9220 275.1049 0001766  75.8926 284.2405 13.21827481150939
1 49208U 21083Y   26012.29188514  .00000069  00000-0  13756-3 0  9996
2 49208  87.9229 305.5344 0001620  72.7456 287.3855 13.20771482216200
1 53469U 22099E   26012.31554353  .00000133  00000-0  13460-4 0  9994
2 53469  97.6020 135.6708 0000943  95.9236 264.2098 15.05643903187567
1 53478U 22099P   26012.31940062 -.00000298  00000-0 -18707-4 0  9993
2 53478  97.6019 135.0374 0000719 100.3603 259.7702 15.01257569187520
1 47676U 21012BJ  26012.33335648  .01701570  00000-0  38337-1 0  9998
2 47676  53.0545 191.5380 0001351 115.6423 336.4448 15.39746357  5909
1 55488U 23015AR  26012.43270534 -.00000581  00000-0 -27960-4 0  9994
2 55488  43.0038 284.4765 0001162 273.2563  86.8146 15.02528400162148
1 58541U 23192L   26012.45323922  .00008776  00000-0  30783-3 0  9993
2 58541  53.1612  40.7968 0001228  84.7361 275.3780 15.30224629116283
1 58118U 23162A   26012.54461850 -.00000803  00000-0 -44387-4 0  9994
2 58118  43.0024  78.2332 0001168 273.6953  86.3756 15.02528780123856
1 54628U 22151PE  26012.59044150  .00000236  00000-0  23178-3 0  9990
2 54628  98.9288 326.2204 0183413 216.7801 142.0653 13.80917079158465
1 55516U 22151XN  26012.62445537  .00032349  00000-0  32405-2 0  9997
2 55516  98.6026  79.1638 0042353 352.9183   7.1429 14.90624241163182
1 58442U 23183F   26012.62631513  .00001197  00000-0  10367-3 0  9996
2 58442  43.0030 347.7213 0001233 287.0682  73.0025 15.02531154118288
1 53006U 22076W   26012.62820846  .00000250  00000-0  33779-4 0  9998
2 53006  53.2212 345.7906 0001553  85.6525 274.4645 15.08837436194382
1 57956U 23084BZ  26012.64376135  .00043784  00000-0  61110-3 0  9993
2 57956  97.5932 159.1377 0004143 112.7976 247.3716 15.56758004130800
1 59398U 24064A   26012.67661132  .00000485  00000-0  27135-4 0  9992
2 59398  43.0018  12.1372 0001151 272.3393  87.7326 15.27571049100606
1 59684U 24086C   26012.68480298 -.00000161  00000-0  36550-5 0  9991
2 59684  43.0020   8.6851 0001119 274.8149  85.2575 15.27567983 95647
1 58793U 24012G   26012.68611248 -.00000723  00000-0 -16753-4 0  9998
2 58793  43.0053 121.2975 0001744 271.2037  88.8615 15.27572926112673
1 48980U 21060P   26012.70164651 -.00000070  00000-0 -21733-3 0  9997
2 48980  87.9035 259.7279 0001189  79.5734 280.5531 13.16594738219168
1 56109U 23046S   26012.71357059 -.00000346  00000-0 -10512-4 0  9992
2 56109  43.0041 102.9436 0001203 266.1424  93.9281 15.02528802153645
1 56797U 23078AG  26012.73005703  .00000989  00000-0  90695-4 0  9999
2 56797  70.0005 125.7206 0003195 269.3043  90.7750 14.98331504144292
1 50190U 21125AL  26012.73078792 -.00000802  00000-0 -32315-4 0  9990
2 50190  53.2185 130.3292 0001220  93.2435 266.8697 15.08834621228286
1 59730U 24090A   26012.73831792  .00003534  00000-0  14138-3 0  9995
2 59730  43.0017 139.4386 0000959 221.3389 138.7389 15.26740282 94881
1 58318U 23174BQ  26012.74029683  .00021763  00000-0  45669-3 0  9994
2 58318  97.4026 100.0873 0006800 339.7464  20.3514 15.45371427121664
1 54542U 22151KS  26012.74316492  .00000492  00000-0  28649-3 0  9995
2 54542  98.8280  19.6497 0036306  39.8392 320.5435 14.12846015163098
1 54802U 22175AW  26012.76108061  .00000404  00000-0  43452-4 0  9996
2 54802  53.2168 239.6538 0001715  84.8589 275.2599 15.08840779172253
1 52448U 22048F   26012.83422453  .00041664  00000-0  66462-3 0  9999
2 52448  97.5652 116.7062 0002725 288.0762  72.0193 15.53109364205287
1 51731U 22016T   26012.83750735 -.00000373  00000-0 -53496-5 0  9994
2 51731  53.2169 209.8520 0001411  88.9707 271.1447 15.08837307215137
1 55278U 23010K   26012.85173957  .00000780  00000-0  73138-4 0  9990
2 55278  69.9997 185.1712 0003204 270.9541  89.1251 14.98326146164416
1 47376U 21005AD  26012.85790017 -.00001927  00000-0 -11051-3 0  9995
2 47376  53.0540 312.2584 0001306  96.0775 264.0363 15.06398393274627
1 59847U 24097N   26012.86109231  .00000177  00000-0  15946-4 0  9990
2 59847  43.0008 230.0754 0000837 254.3468 105.7292 15.27579049 93378
1 54690U 22167J   26012.87848955  .00010284  00000-0  35111-3 0  9996
2 54690  97.6652 174.9579 0005111 304.1941  55.8814 15.30509699171561
1 54147U 22138AL  26012.88233315 -.00000025  00000-0 -95601-4 0  9995
2 54147  87.9238 335.8520 0002007  89.9787 270.1576 13.19726515156351
1 45703U 20035AY  26012.90202690  .00064096  00000-0  11441-2 0  9996
2 45703  53.0387 225.4586 0003974 269.0447  91.0106 15.49473387311614
1 51747U 22016AK  26012.91942989 -.00000117  00000-0  10749-4 0  9992
2 51747  53.2155 209.5337 0001262  92.0524 268.0613 15.08824476215143
1 52833U 22062D   26012.92813671  .00000640  00000-0  58308-4 0  9999
2 52833  53.2181 284.4459 0001997  82.7616 277.3604 15.08830632197366
1 59608U 24080H   26012.94985438 -.00003461  00000-0 -11632-3 0  9995
2 59608  43.0082 348.7534 0001915 255.5318 104.5321 15.27572338 96066
1 57115U 23090Q   26012.97315807  .00012025  00000-0  72506-3 0  9997
2 57115  42.9990 210.5004 0015602 208.0882 151.9122 15.10623097142112
1 54795U 22175AP  26012.99297171 -.00000408  00000-0 -75689-5 0  9997
2 54795  53.2179 278.9845 0001398  85.3845 274.7307 15.08834172171723
1 55361U 23013AG  26012.99440609 -.00000114  00000-0  66260-5 0  9993
2 55361  43.0020 229.7654 0001192 265.9217  94.1489 15.02532904163489
1 48365U 21038N   26013.00002315  .00054023  00000-0  24888-2 0  9999
2 48365  53.1100 246.2711 0001921  96.3785 145.6400 15.19787043  5798
1 57919U 23147G   26013.03352000  .00001107  00000-0  96982-4 0  9990
2 57919  43.0032 268.6657 0000915 264.5272  95.5466 15.02545834128247
1 57766U 23133K   26013.08313501  .00000039  00000-0  24769-4 0  9990
2 57766  81.0033 156.3919 0006850  69.3899 290.7992 13.85582881119564
1 53436U 22097BA  26013.08356876  .00000064  00000-0  22093-4 0  9996
2 53436  53.2186 353.4298 0001479  89.6828 270.4334 15.08838918190390
1 58729U 24005B   26013.09737630  .00000042  00000-0  18213-4 0  9994
2 58729  43.0025 163.3012 0001262 268.7257  91.3441 15.02532664112056
1 46127U 20057L   26013.09871205  .00040001  00000-0  60416-3 0  9993
2 46127  53.0476 157.0008 0006295 135.1813 224.9706 15.54339020298373
1 52294U 22041AK  26013.10431326  .00000064  00000-0  22083-4 0  9992
2 52294  53.2207 348.6546 0001363  87.7360 272.3788 15.08837224206110
1 47509U 21006DA  26013.11475713  .00005157  00000-0  15122-3 0  9997
2 47509  97.2404  63.0422 0005778  23.3804 336.7702 15.35605458276035
1 49002U 21060AM  26013.12121629  .00000149  00000-0  35681-3 0  9990
2 49002  87.9032 259.6468 0001225  89.3950 270.7321 13.16594409219196
1 59074U 24041A   26013.12572024 -.00006588  00000-0 -23015-3 0  9994
2 59074  42.9985 264.5083 0001217 260.8332  99.2382 15.27572940105772
1 52256U 22038B   26013.12693671  .00122734 -48254-7  16744-2 0  9996
2 52256  28.1988 326.5988 5973434   3.2975 359.2610  4.18236655 43474
1 59955U 24107L   26013.13811985 -.00001010  00000-0 -34792-5 0  9999
2 59955  53.1612 164.9226 0000972 101.4730 258.6397 15.69702479 93481
1 55611U 23020AU  26013.14485573  .00000529  00000-0  54260-4 0  9991
2 55611  43.0038 293.5070 0001149 259.4827 100.5886 15.02524042160714
1 58380U 23178G   26013.15488172  .00002376  00000-0  92396-4 0  9994
2 58380  53.1617 169.2893 0001292  93.8510 266.2638 15.30174730122613
1 53522U 22100A   26013.15762708  .00009525  00000-0  39581-3 0  9990
2 53522  35.0099 306.6471 0006435 340.2243  19.8222 15.23036705189619
1 59006U 24036J   26013.16213704 -.00003222  00000-0 -96739-4 0  9990
2 59006  53.1612 335.9096 0001334  93.5451 266.5702 15.30183563106823
1 54121U 22138J   26013.17138300  .00000116  00000-0  25771-3 0  9997
2 54121  87.9237 335.7945 0002041  79.1427 280.9936 13.19725161156379
1 54831U 22177M   26013.17731360 -.00004883  00000-0 -34665-3 0  9992
2 54831  43.0019  75.0636 0001361 285.6436  74.4256 15.02537645168609
1 53289U 22086AZ  26013.18529111 -.00000741  00000-0 -28502-4 0  9990
2 53289  53.2185  68.4326 0001290  87.0821 273.0319 15.08838005192870
1 54265U 22151G   26013.18677880  .00000660  00000-0  84456-3 0  9992
2 54265  99.0655 275.4924 0379393  68.2120 295.8928 13.39585143154920
1 56079U 23043AK  26013.19635654  .00000070  00000-0  15130-3 0  9990
2 56079  87.9007 290.1682 0001688  69.2861 290.8450 13.15549388136042
1 53269U 22086AD  26013.20137552  .00001740  00000-0  12741-3 0  9990
2 53269  53.2203  73.2168 0001988  94.0618 266.0602 15.08839520192828
1 54845U 22177AB  26013.20161162 -.00003434  00000-0 -23926-3 0  9997
2 54845  43.0037  74.3883 0001197 282.5946  77.4762 15.02540293168618
1 59211U 24046L   26013.20821188  .00000900  00000-0  42510-4 0  9991
2 59211  53.1599  40.3691 0001398  85.3798 274.7363 15.30194925104721
1 59590U 24077D   26013.21239654  .00004917  00000-0  47358-3 0  9993
2 59590  97.3266  29.3114 0351105  19.9474 341.5065 14.56678677 91328
1 53008U 22076Y   26013.21333357 -.00000733  00000-0 -27965-4 0  9990
2 53008  53.2189 343.1530 0001575  88.0597 272.0575 15.08831325194479
1 52675U 22053V   26013.25656659  .00000926  00000-0  76276-4 0  9992
2 52675  53.2187  32.9689 0001410  91.6093 268.5061 15.08843940202806
1 48681U 21044AV  26013.25785729  .00001923  00000-0  14798-3 0  9992
2 48681  53.0548 330.7015 0001573  87.2470 272.8699 15.06399009255903
1 52312U 22041BD  26013.27818663  .00000572  00000-0  54014-4 0  9997
2 52312  53.2200 337.8239 0001397  86.5469 273.5683 15.08835362207509
1 59233U 24049C   26013.29149002 -.00005940  00000-0 -20655-3 0  9991
2 59233  43.0049  96.4006 0001940 290.1043  69.9600 15.27571902103926
1 54746U 22171A   26013.29619487  .00006373  00000-0  30167-3 0  9996
2 54746  34.9899 111.0548 0006845 338.4348  21.6076 15.18665173171549
1 58719U 24002Q   26013.29686792 -.00011742  00000-0 -38439-3 0  9996
2 58719  53.1599 127.2830 0001228  89.3087 270.8054 15.30244237113535
1 56015U 23042AF  26013.30223835  .00000067  00000-0  20040-4 0  9999
2 56015  43.0067 344.4929 0001237 268.5953  91.4748 15.02537421154727
1 49438U 21104AG  26013.30859301 -.00001928  00000-0 -10307-3 0  9993
2 49438  53.2178  97.6679 0001399  85.1708 274.9443 15.08831526230558
1 46320U 20061BA  26013.32062013  .00027693  00000-0  46573-3 0  9998
2 46320  97.2713  84.2426 0000912 108.4439 251.6913 15.51713277297603
1 46450U 99025EZF 26013.32537928  .00003176  00000-0  17544-2 0  9995
2 46450  98.0790 231.4981 0183712 331.3248  27.7914 14.03850962615626
1 44609U 17060B   26013.32817881  .00004616  00000-0  38403-3 0  9995
2 44609  97.5450  36.5880 0033863 111.6171 248.8665 14.98714358441970
1 47643U 21012Z   26013.33334491  .00150090  00000-0  15870-2 0  9990
2 47643  53.0237 254.2984 0010145 101.1323 293.9954 15.63144072  5988
1 48364U 21038M   26013.33334491  .01361812  00000-0  53506-1 0  9993
2 48364  53.1245 244.7855 0002337  87.9543  45.3205 15.22444039  5607
1 59684U 24086C   26013.33866283  .00003133  00000-0  12333-3 0  9998
2 59684  43.0010   4.9911 0001030 278.8689  81.2046 15.27581695 95743
1 52888U 22064A   26013.35770717 -.00000087  00000-0  92294-4 0  9990
2 52888  51.9972 173.8233 0000992  83.8691 276.2288 12.62262358171582
1 53728U 22107AE  26013.37524427 -.00000328  00000-0 -25454-5 0  9993
2 53728  53.2173 142.3904 0001318  87.9187 272.1956 15.08834231186208
1 52666U 22053L   26013.38808457  .00000343  00000-0  39634-4 0  9991
2 52666  53.2189  41.9939 0001793  89.9097 270.2101 15.08841087202708
1 57701U 23129D   26013.40582898 -.00004090  00000-0 -28773-3 0  9998
2 57701  43.0043  61.0918 0000762 287.8895  72.1865 15.02555567132199
1 52707U 22053BD  26013.41571541  .00000675  00000-0  60475-4 0  9997
2 52707  53.2186  22.1395 0001363  81.7506 278.3640 15.08841901203035
1 57713U 23129R   26013.43568604 -.00000562  00000-0 -26547-4 0  9991
2 57713  43.0042  60.4547 0001280 269.9153  90.1542 15.02532731132208
1 58522U 23191Q   26013.46446623  .00000454  00000-0  48682-4 0  9990
2 58522  43.0044  46.0925 0000961 285.0859  74.9877 15.02540333117139
1 55171U 23004AH  26013.46483646  .00000062  00000-0  12354-3 0  9997
2 55171  87.9187   6.1523 0001606 105.7801 254.3509 13.18685496149286
1 53268U 22086AC  26013.47644911 -.00000426  00000-0 -86937-5 0  9992
2 53268  53.2172  81.9809 0001109  91.2662 268.8457 15.08838999192730
1 53061U 22077U   26013.49167924  .00000075  00000-0  10412-4 0  9991
2 53061  97.6007 196.1755 0001713  62.6983 297.4415 15.01262699192630
1 53737U 22107AP  26013.50002314  .00211200  00000-0  12868-2 0  9997
2 53737  53.1894  92.6413 0008584   5.3382  70.6962 15.76256929  5892
1 56137U 23046AX  26013.50379384 -.00000082  00000-0  89747-5 0  9999
2 56137  43.0035  85.5690 0001244 269.1461  90.9239 15.02534308153914
1 59312U 24056S   26013.51169853  .00004147  00000-0  16023-3 0  9998
2 59312  42.9995 189.4089 0000830 264.4783  95.5974 15.27557548102634
1 47824U 21018AP  26013.52229210 -.00004067  00000-0 -25427-3 0  9994
2 47824  53.0552 139.2767 0001265  97.5183 262.5950 15.06408215268275
1 52156U 22032D   26013.52875693  .00004790  00000-0  30344-3 0  9992
2 52156  97.6077  67.1675 0006007 341.8676  18.2338 15.09417422207501
1 48226U 21031S   26013.54254564  .00000150  00000-0  36996-3 0  9998
2 48226  87.9025 320.5111 0001726  85.0789 275.0538 13.14502941227956
1 54596U 22151MW  26013.54362463  .00000315  00000-0  19638-3 0  9994
2 54596  98.8416  19.2101 0043013  50.9946 309.5043 14.11344456162764
1 44450U 19045B   26013.56645034  .00002475  00000-0  18786-3 0  9992
2 44450  34.9907 191.4118 0007713 158.7970 201.3059 15.01848656353398
1 56347U 23058AG  26013.56717858 -.00000442  00000-0 -26402-4 0  9992
2 56347  97.6045  16.8988 0001866  88.1031 272.0410 15.05650842149905
1 47694U 21014D   26013.57655801  .00000283  00000-0  59064-3 0  9997
2 47694  63.4049 243.0484 0159130   1.3427 358.7995 13.44587662239892
1 49451U 21104AV  26013.63423100 -.00000235  00000-0  32961-5 0  9999
2 49451  53.2171 106.2760 0001186  86.8948 273.2179 15.08840945230465
1 46382U 20062BK  26013.66670139  .00227999  00000-0  12403-2 0  9993
2 46382  53.0368 173.0382 0001248 334.9592 339.1346 15.78792213  5968
1 55222U 22151WP  26013.67233957  .00007203  00000-0  12264-2 0  9990
2 55222  98.6388  70.3755 0072396  50.7048 310.0546 14.67649079162133
1 54532U 22151KL  26013.68875213  .00000759  00000-0  19490-3 0  9999
2 54532  98.6216  67.7145 0128274  41.4924 319.5921 14.48468819167200
1 52599U 22052B   26013.70232113 -.00000491  00000-0 -12741-4 0  9997
2 52599  53.2164 166.0741 0001296  91.6319 268.4822 15.08837831203354
1 44511U 92052J   26013.70395132  .00001475  00000-0  62287-2 0  9999
2 44511  66.0664 241.7423 0068605  13.4951 346.7881 12.85117235300371
1 54638U 22151PQ  26013.72393907  .00011690  00000-0  15448-2 0  9990
2 54638  98.6428  81.4068 0064489  16.1222 344.2019 14.78705444167750
1 54098U 22136AZ  26013.74056811  .00000004  00000-0  18359-4 0  9998
2 54098  53.2167 221.1343 0001558 105.6811 254.4353 15.08838015178684
1 56448U 23064A   26013.74181565 -.00000417  00000-0 -27165-4 0  9990
2 56448  69.9993 283.0706 0002615 266.8174  93.2686 14.98330152147011
1 50173U 21125T   26013.75015557 -.00000506  00000-0 -13696-4 0  9996
2 50173  53.2176 125.8215 0001137  91.3005 268.8117 15.08841592228453
1 58866U 24019P   26013.81545874 -.00000947  00000-0 -24891-4 0  9993
2 58866  43.0009 198.5200 0000821 267.2770  92.7988 15.27574666110675
1 55783U 23028AU  26013.89304645 -.00052218  00000-0 -44552-2 0  9996
2 55783  70.0043 342.8007 0000909 157.1015 203.0185 14.97863278158813
1 52113U 22029AB  26013.89367176  .00000991  00000-0  80346-4 0  9990
2 52113  53.2199 325.1125 0001504  90.9244 269.1921 15.08836356212516
1 49083U 21075J   26013.95021953 -.00000126  00000-0 -38544-3 0  9993
2 49083  87.8929  21.2814 0001467  97.7143 262.4152 13.12443575214347
1 54255U 22155E   26013.95561117  .00020701  00000-0  41153-3 0  9990
2 54255  97.5980 147.7247 0005509 209.0890 151.0053 15.46977446175764
1 55147U 23004H   26013.95638498  .00000022  00000-0  23525-4 0  9990
2 55147  87.9173   6.1040 0001423  95.4284 264.7011 13.18685118149379
1 55913U 23036B   26014.03937758  .00138104  30104-6  10367-2 0  9992
2 55913  28.1661 255.4079 4799795 348.0442   3.7598  6.13673904 39560
1 46351U 20062AC  26014.04228760  .00049319  00000-0  13185-2 0  9997
2 46351  53.0516 236.4816 0006393 152.9252 207.2085 15.37591155296449
1 57908U 23146T   26014.06748694  .00000491  00000-0  51396-4 0  9994
2 57908  43.0032 249.8051 0001152 269.9944  90.0766 15.02535526127792
1 52258U 22039B   26014.13028037  .00000738  00000-0  53680-4 0  9999
2 52258  98.2615  47.8137 0112450 226.6167 132.5650 15.02669145204724
1 54835U 22177R   26014.15892945  .00000669  00000-0  64618-4 0  9990
2 54835  43.0048  69.5385 0001403 275.7255  84.3428 15.02533948168759
1 53976U 22125N   26014.18947121 -.00000839  00000-0 -34602-4 0  9999
2 53976  53.2165  88.9003 0001450  81.4470 278.6687 15.08835492181375
1 51754U 22016AS  26014.21837683  .00002998  00000-0  20626-3 0  9991
2 51754  53.2165 193.4122 0001595  84.8285 275.2889 15.08863857215485
1 48606U 21041BF  26014.23641567  .00004474  00000-0  19108-3 0  9990
2 48606  52.9934  19.7228 0012039  55.4138 304.7993 15.24838175256875
1 58319U 23174BR  26014.24496936  .00042535  00000-0  78508-3 0  9999
2 58319  97.4027 103.3527 0006444 323.8985  36.1830 15.48965740122010
1 56346U 23058AF  26014.24984880 -.00001777  00000-0 -13389-3 0  9999
2 56346  97.6023  16.9140 0000355 130.8624 229.2631 15.01260563149964
1 51827U 22019D   26014.27159911  .00024333  00000-0  38529-3 0  9990
2 51827  97.3781 100.5485 0006799 339.9269  20.1716 15.53398994215680
1 48963U 21059CN  26014.29956743  .00039145  00000-0  43893-3 0  9997
2 48963  97.6833 196.7561 0003490 162.8698 197.2678 15.62573242253567
1 56386U 23061N   26014.34696181 -.00000617  00000-0 -30616-4 0  9997
2 56386  43.0039 132.4400 0001403 273.2278  86.8404 15.02529940148585
1 56926U 23083BC  26014.38185632 -.00000950  00000-0 -55231-4 0  9999
2 56926  43.0049   3.6501 0001117 270.3302  89.7412 15.02533043143658
1 49135U 21082F   26014.41260236  .00000142  00000-0  19670-4 0  9996
2 49135  69.9999  31.2883 0003108 271.9965  88.0838 14.98331530238848
1 57937U 23148C   26014.41610010  .00009095  00000-0  31872-3 0  9992
2 57937  53.1586 276.2914 0001343  85.6977 274.4177 15.30210009130114
1 56624U 22151AEY 26014.43800019  .00000263  00000-0  17110-3 0  9996
2 56624  98.8476  19.7278 0045268  59.1363 301.4249 14.10396147145305
1 55835U 23029AR  26014.44288749  .00000084  00000-0  17738-3 0  9992
2 55835  87.9221 335.5771 0001546  71.9377 288.1924 13.19725864138561
1 57089U 23088AT  26014.45553663  .00001460  00000-0  12312-3 0  9993
2 57089  43.0048  28.9673 0001248 273.1632  86.9067 15.02532610142361
1 53160U 22083AE  26014.46915116  .00003323  00000-0  22681-3 0  9999
2 53160  53.2173  47.5256 0001457  87.6022 272.5137 15.08832771193179
1 59214U 24046P   26014.50028287  .00009437  00000-0  33029-3 0  9995
2 59214  53.1591  46.9900 0000999  50.7032 309.4057 15.30204472104741
1 54406U 22151EE  26014.50436602  .00001325  00000-0  39578-3 0  9995
2 54406  98.6144  34.6294 0110190 151.8985 208.8211 14.41207130165760
1 53978U 22125Q   26014.50638297  .00000540  00000-0  52007-4 0  9994
2 53978  53.2174 102.2748 0001149  91.2056 268.9068 15.08833425181219
1 59385U 24062M   26014.51056726 -.00003163  00000-0 -94713-4 0  9992
2 59385  53.1588 147.5088 0000957  73.4950 286.6156 15.30200470101361
1 54846U 22177AC  26014.52449467  .00000850  00000-0  77957-4 0  9992
2 54846  43.0042  67.1198 0001350 264.8590  95.2098 15.02534943168810
1 54554U 22151LE  26014.52962509  .00000211  00000-0  14181-3 0  9997
2 54554  98.8476  19.7787 0050615  14.9931 345.2727 14.10440201163119
1 58048U 23156W   26014.53559730  .00000494  00000-0  28815-4 0  9997
2 58048  53.1616  59.5815 0001297  88.6803 271.4347 15.30193814126691
1 50472U 21132D   26014.53767166 -.00001029  00000-0 -26835-2 0  9991
2 50472  87.9096  36.3756 0002119  96.7243 263.4130 13.17640416197888
1 58248U 23171U   26014.54856721  .00000677  00000-0  65163-4 0  9997
2 58248  43.0038 219.9771 0001272 265.8090  94.2607 15.02536398121582
1 56779U 23078N   26014.54902959 -.00000878  00000-0 -65786-4 0  9991
2 56779  70.0010 100.9701 0002678 269.8768  90.2084 14.98332107145057
1 54924U 22151RM  26014.55093352  .00001966  00000-0  64958-3 0  9997
2 54924  98.7466  51.7471 0037817  45.4984 314.9283 14.38748713165245
1 44547U 19063A   26014.55650695  .00000229  00000-0  99772-4 0  9998
2 44547  98.4178  29.4181 0004421 248.3693 111.7020 14.32663650329871
1 52618U 22052W   26014.56435571 -.00000109  00000-0  11216-4 0  9998
2 52618  53.2173 152.0979 0000899  59.2362 300.8719 15.08834117202810
1 56048U 23043C   26014.58574141  .00000051  00000-0  10026-3 0  9991
2 56048  87.9034 259.3525 0001813  99.1190 261.0146 13.16594324138751
1 49454U 21104AY  26014.62414852  .00000996  00000-0  80672-4 0  9990
2 49454  53.2179 101.8335 0001155  96.0563 264.0561 15.08840089230616
1 59786U 24093E   26014.64353125  .00000897  00000-0  42118-4 0  9999
2 59786  43.0027 153.7868 0001629 265.4328  94.6338 15.27573945 94430
1 59065U 24039Q   26014.64684265  .00006963  00000-0  16611-3 0  9999
2 59065  97.4665 351.3052 0008601 320.6194  39.4426 15.41847432104959
1 46330U 20062F   26014.66668981  .00158798  00000-0  12940-2 0  9995
2 46330  53.0386 191.1609 0006587 168.2674 106.8815 15.69622091  6006
1 47576U 21009AE  26014.66668981  .00235869  00000-0  10607-2 0  9993
2 47576  53.0380 176.7555 0003086 245.4162 132.0337 15.82908402  6023
1 59298U 24056C   26014.73959199 -.00004107  00000-0 -13982-3 0  9995
2 59298  43.0004 175.3656 0001229 268.2456  91.8255 15.27572861102902
1 49390U 21101A   26014.74738705  .00003957  00000-0  16232-3 0  9995
2 49390  34.9893 164.4099 0005389  61.5108 298.6149 15.23685102233439
1 59199U 24045X   26014.74911020  .00017324  00000-0  63911-3 0  9995
2 59199  43.0012  37.0190 0000615 305.2541  54.8253 15.27500732104911
1 59934U 24106N   26014.78257009 -.00000364  00000-0 -36902-5 0  9994
2 59934  43.0029 273.7664 0001633 268.2598  91.8067 15.27581204 92195
1 48382U 21038AF  26014.78473274  .00000492  00000-0  51931-4 0  9992
2 48382  53.0552 233.6079 0001503  89.6403 270.4758 15.06390230259048
1 55833U 23029AP  26014.80324850 -.00000117  00000-0 -35105-3 0  9991
2 55833  87.9020 320.2981 0002101  68.6103 291.5250 13.14502701139264
1 48245U 21031AM  26014.83810203 -.00001292  00000-0 -35187-2 0  9990
2 48245  87.9028 320.2502 0001588  86.4895 273.6416 13.14511082228035
1 55293U 23010AA  26014.84181646 -.00003407  00000-0 -27810-3 0  9998
2 55293  70.0004 160.2099 0003171 269.3298  90.7497 14.98302621165201
1 48623U 21043C   26014.85474229  .00000047  00000-0  10469-3 0  9991
2 48623  66.0822 298.4884 0024905  22.4197 337.7958 13.89709973236376
1 54538U 22151KN  26014.86551879  .00000013  00000-0  37208-4 0  9996
2 54538  98.8445 344.9537 0121437 137.4622 223.6027 13.95691434161468
1 55271U 23010C   26014.88375197 -.00001502  00000-0 -11806-3 0  9996
2 55271  70.0000 180.2261 0002655 265.3657  94.7199 14.98340086164723
1 45751U 20038X   26014.91667824 -.00001255  00000-0 -49650-4 0  9994
2 45751  53.0537  97.7894 0001763 105.9481 148.7108 15.15353608  5782
1 49188U 21083C   26014.94773442  .00000079  00000-0  16772-3 0  9999
2 49188  87.9185   5.8652 0001554  86.0025 274.1285 13.18686675209823
1 54561U 22151LM  26014.97810590  .00001335  00000-0  47324-3 0  9999
2 54561  98.7974  56.6614 0133793 202.8125 156.7079 14.31338479165270
1 46689U 20073V   26015.00002314  .00068260  00000-0  12216-2 0  9995
2 46689  53.0479 118.4073 0003926 231.5264 174.3458 15.49371136  5816
1 48391U 21038AQ  26015.00002315  .00127474  00000-0  46570-2 0  9993
2 48391  53.1442 221.8810 0001771 108.4837 137.6093 15.27154598  5747
1 58393U 23178V   26015.02026329 -.00000405  00000-0 -15386-5 0  9996
2 58393  53.1594 250.4130 0001384  79.8872 280.2284 15.30198452121546
1 55770U 23028AF  26015.02352941 -.00000023  00000-0  58757-5 0  9992
2 55770  70.0003 359.7985 0003401 273.0532  87.0238 14.98331304158493
1 46080U 20055BF  26015.02793738  .00017117  00000-0  40405-3 0  9996
2 46080  53.0639 288.0958 0002788  54.4813 305.6451 15.41997749301909
1 55465U 23015S   26015.03226001  .00000520  00000-0  53558-4 0  9991
2 55465  43.0036 257.4562 0001034 263.4853  96.5872 15.02546902162687
1 47283U 20100AB  26015.06497184  .00000221  00000-0  57819-3 0  9998
2 47283  87.8928  21.0553 0001855  91.3970 268.7371 13.12444906244482
1 58374U 23178A   26015.06554646 -.00000933  00000-0 -19389-4 0  9999
2 58374  53.1596 249.9847 0001615  60.3724 299.7438 15.30194400121672
1 48287U 21036M   26015.10816752  .00001568  00000-0  12411-3 0  9997
2 48287  53.0549 322.1544 0001314  90.9337 269.1802 15.06397713260231
1 57642U 23122L   26015.11814309 -.00003211  00000-0 -22272-3 0  9992
2 57642  43.0049  25.6993 0000961 290.5613  69.5127 15.02536965134125
1 51959U 22025D   26015.13154556  .00003626  00000-0  26221-3 0  9997
2 51959  53.0546 276.2749 0001495  84.2062 275.9097 15.06401023212772
1 48237U 21031AD  26015.13309280  .00000193  00000-0  48536-3 0  9993
2 48237  87.9025 320.2080 0001764  71.0257 289.1063 13.14502241228253
1 52837U 22062H   26015.15821263 -.00000345  00000-0 -36217-5 0  9997
2 52837  53.2177 274.4327 0001181  91.8841 268.2287 15.08821361197707
1 48574U 21041X   26015.16164524 -.00001070  00000-0 -52990-4 0  9998
2 48574  53.0567 342.0013 0001705  89.4713 270.6471 15.06378059257559
1 51651U 22012AF  26015.16519522 -.00000581  00000-0 -16997-2 0  9990
2 51651  87.8773  66.7883 0001602  95.0666 265.0644 13.10373693189280
1 57241U 23094Z   26015.17192617  .00002501  00000-0  20017-3 0  9996
2 57241  43.0039 308.6320 0001367 288.6422  71.4272 15.02537057139215
1 57493U 23112A   26015.18599318  .00000067  00000-0  00000+0 0  9997
2 57493   0.0157   2.9523 0001864 300.8508 110.7856  1.00270826  9000
1 58425U 23181A   26015.19194568 -.00000102  00000-0  45983-4 0  9993
2 58425  49.9578 167.7486 0014002 159.5726 200.5714 13.41480231105214
1 52443U 22048A   26015.19433604  .00001682  00000-0  10639-3 0  9997
2 52443  97.5413  95.0325 0016975 143.5155 216.7234 15.10263527204110
1 44529U 19059B   26015.19615935  .00000458  00000-0  13513-3 0  9994
2 44529  98.5845 141.6543 0014150 114.7749 245.4917 14.48196175334843
1 58403U 23180B   26015.26525449 -.00025085  00000-0 -18418-2 0  9991
2 58403  43.0061 346.7567 0002265 267.5575  92.5008 15.02671692119437
1 48321U 21036AX  26015.30536175  .00001732  00000-0  13516-3 0  9996
2 48321  53.0561 341.2728 0001205  93.8775 266.2352 15.06395915259987
1 56423U 23061BB  26015.31145771  .00001328  00000-0  11335-3 0  9995
2 56423  43.0030 101.6304 0001403 280.9297  79.1387 15.02540300149023
1 45514U 80022D   26015.32511665  .00000504  00000-0  46460-3 0  9996
2 45514  82.9432 341.8031 0029901 297.7886  62.0243 13.80680340591226
1 53476U 22099M   26015.32616328 -.00000033  00000-0  19478-5 0  9993
2 53476  97.6014 137.9708 0002369  58.6857 301.4599 15.01262582187973
1 48158U 21028B   26015.34473207 -.00000176  00000-0 -69379-4 0  9997
2 48158  99.4637 133.3228 0159141 280.2849  78.0408 14.05394536244694
1 59752U 24090Y   26015.34804995  .00001067  00000-0  48275-4 0  9993
2 59752  43.0008 124.6161 0001083 243.2031 116.8710 15.27578068 95279
1 54947U 22151SL  26015.34942063  .00025276  00000-0  17606-2 0  9999
2 54947  99.1079 169.0887 0054546 347.5034  12.4831 15.04215392169237
1 54446U 22151FW  26015.35298781  .00001034  00000-0  88058-3 0  9991
2 54446  98.8339 314.1123 0207010 217.0021 141.6705 13.80052964159235
1 59128U 24043AG  26015.37102406  .00004526  00000-0  15951-3 0  9996
2 59128  97.5401 151.3137 0011468  64.4636 295.7789 15.29756219103731
1 57413U 23102K   26015.37317314  .00001559  00000-0  66168-4 0  9992
2 57413  43.0032 127.7494 0001880 274.5412  85.5225 15.27582104138813
1 54259U 22157A   26015.37483832  .00000087  00000-0  00000+0 0  9998
2 54259   0.0580  95.1317 0000864 356.7406 167.8529  1.00271782 11496
1 56826U 23079D   26015.39039736  .00004011  00000-0  31166-3 0  9998
2 56826  43.0048  37.0692 0002192 259.5972 100.4624 15.02556420145184
1 48129U 21027AP  26015.39106221  .00000771  00000-0  70647-4 0  9997
2 48129  53.0549  50.8858 0001305  86.3967 273.7171 15.06405718264382
1 59184U 24045G   26015.45291948  .00001290  00000-0  56383-4 0  9999
2 59184  43.0016  32.8405 0001194 269.2784  90.7930 15.27584065105027
1 53974U 22125L   26015.46636394  .00003935  00000-0  26504-3 0  9995
2 53974  53.2172  82.6550 0001383  88.3014 271.8137 15.08859363181574
1 58724U 24002V   26015.46808837  .00000354  00000-0  24072-4 0  9993
2 58724  53.1599 117.3784 0001203  66.5144 293.5983 15.30196779113858
1 54923U 22151RL  26015.46892914  .00000101  00000-0  83569-4 0  9998
2 54923  98.8488  15.2868 0055318  65.3287 295.3629 14.08130748159684
1 53708U 22107J   26015.48065465 -.00000192  00000-0  60048-5 0  9993
2 53708  53.2189 107.8495 0001025 102.5451 257.5655 15.08837335187030
1 53134U 22083C   26015.48389161  .00000802  00000-0  68483-4 0  9998
2 53134  53.2172  52.9710 0001268  93.9319 266.1818 15.08828841193182
1 48145U 21027BF  26015.48863661  .00062916  00000-0  61118-3 0  9994
2 48145  53.0494  13.2449 0005680  66.4704 293.6907 15.65725900264927
1 57448U 23105U   26015.50782966  .00001011  00000-0  89942-4 0  9995
2 57448  43.0020 190.3624 0001294 270.2206  89.8488 15.02524878137401
1 48371U 21038U   26015.55140233  .00001144  00000-0  95700-4 0  9999
2 48371  53.0547 230.1650 0001535  90.9445 269.1720 15.06395815259153
1 45675U 20035U   26015.58335647  .00101850  00000-0  53101-2 0  9999
2 45675  53.0544 304.9047 0001068   9.6803  31.6382 15.15138798  5824
1 55551U 22151YZ  26015.60549842  .00001927  00000-0  47450-3 0  9996
2 55551  98.6243  59.7570 0106947  76.8952 284.4151 14.50001237160849
1 45915U 19079E   26015.62013794  .00000244  00000-0  27618-4 0  9994
2 45915  97.6663  25.7224 0172659 130.1789 231.4689 14.84950944297003
1 51628U 22012G   26015.62168338 -.00000618  00000-0 -18078-2 0  9993
2 51628  87.8779  66.6742 0002165  98.6003 261.5369 13.10372303189341
1 56393U 23061V   26015.66985126  .00000946  00000-0  85130-4 0  9995
2 56393  43.0038 125.1626 0001477 273.3422  86.7252 15.02535007148787
1 56291U 23056F   26015.68842763  .00000481  00000-0  50700-4 0  9996
2 56291  43.0022 138.0569 0001250 271.4216  88.6483 15.02536293152055
1 47382U 21005AK  26015.71727291  .00001461  00000-0  11700-3 0  9996
2 47382  53.0536 269.4187 0001368  95.0505 265.0640 15.06395695275474
1 47243U 20097B   26015.71883556  .00000338  00000-0  26295-3 0  9996
2 47243  58.2442 139.7429 7296989 100.2064 341.7123  2.20385915 40847
1 58215U 23170K   26015.72717208  .00000421  00000-0  46222-4 0  9999
2 58215  43.0034 123.6103 0001388 273.0950  86.9734 15.02536143122315
1 53806U 22111AK  26015.72906191  .00001480  00000-0  11109-3 0  9996
2 53806  53.2172 126.7151 0001115  87.3555 272.7564 15.08818467186037
1 57476U 23107V   26015.73883854 -.00000748  00000-0 -40360-4 0  9990
2 57476  43.0010 266.2209 0000707 279.3237  80.7525 15.02528438137155
1 51103U 22004B   26015.76066116  .00007759  00000-0  27184-3 0  9998
2 51103  98.4883 103.0336 0495567 102.9058 262.7956 14.58921375209428
1 53864U 22114AY  26015.80123889 -.00000048  00000-0  15047-4 0  9993
2 53864  53.2170 161.1123 0001189  88.6349 271.4779 15.08838088185132
1 44780U 19076B   26015.81659083 -.00000164  00000-0 -22050-4 0  9996
2 44780  45.0065 141.0752 0007055 152.6794 207.4412 14.02028329316478
1 44481U 19051A   26015.81923939 -.00000236  00000-0  00000-0 0  9997
2 44481   1.6263 325.8271 0070941   2.8466 174.5763  1.00269328 23735
1 46352U 20062AD  26015.83175963  .00060893  00000-0  14089-2 0  9996
2 46352  53.0481 216.6594 0015134 132.9122 227.3155 15.41803441296878
1 52282U 22041X   26015.85696723  .00001466  00000-0  11023-3 0  9995
2 52282  53.2195 336.2969 0001257  87.1727 272.9409 15.08828791206528
1 44548U 19063B   26015.85912495  .00000151  00000-0  60433-4 0  9998
2 44548  98.3303 335.5467 0005977 251.0036 109.0506 14.40741482331622
1 58500U 23188A   26015.92464097  .00000893  00000-0  14334-3 0  9993
2 58500  46.9827 320.0333 0008443  28.2547 331.8804 14.80084353114433
1 48340U 21037A   26015.98265741 -.00000044  00000-0  77202-4 0  9999
2 48340  63.4009 177.3461 0074213 356.2309   3.8149 13.45439778231526
1 44845U 14055CD  26016.07702594 -.00000126  00000-0  00000-0 0  9999
2 44845  20.1854 142.6929 5030193 165.5213 217.0798  1.84920166 41617
1 58734U 24005G   26016.08232541  .00002535  00000-0  20251-3 0  9996
2 58734  43.0037 147.8570 0001648 274.5751  85.4903 15.02560979112500
1 54400U 22151DY  26016.12183539  .00001757  00000-0  34762-3 0  9996
2 54400  98.5961  78.9817 0122423 345.7091  14.0656 14.59091688168318
1 54845U 22177AB  26016.12662804  .00000772  00000-0  72207-4 0  9997
2 54845  43.0046  58.4940 0001218 290.3087  69.7625 15.02543879169056
1 59171U 24044V   26016.12687205 -.00000281  00000-0 -68842-6 0  9990
2 59171  43.0030  44.1395 0001264 266.8178  93.2529 15.27578344105554
1 53256U 22086Q   26016.16652899  .00000170  00000-0  28792-4 0  9990
2 53256  53.2170  69.9075 0001277  86.8193 273.2945 15.08840367193130
1 45773U 20038AV  26016.17202299  .00000673  00000-0  64068-4 0  9990
2 45773  53.0560  72.3821 0001668  64.5095 295.6066 15.06410061308841
1 53394U 22097G   26016.19224189  .00000985  00000-0  79961-4 0  9993
2 53394  53.2185 349.4031 0001446  96.6570 263.4587 15.08844312190890
1 55153U 23004P   26016.20298786  .00000046  00000-0  83486-4 0  9998
2 55153  87.9177   5.6568 0001957  99.7699 260.3655 13.18686417149669
1 59244U 24049P   26016.21201340 -.00002638  00000-0 -86370-4 0  9990
2 59244  43.0056  79.6173 0001348 244.0764 115.9949 15.27581403104379
1 48236U 21031AC  26016.21921297  .00000108  00000-0  25658-3 0  9996
2 48236  87.9027 319.9748 0002047  82.4469 277.6893 13.14502610228226
1 48801U 21045AL  26016.22755503 -.00000040  00000-0 -14077-3 0  9995
2 48801  87.9008 289.5261 0001739  69.2956 290.8360 13.15548768224324
1 59647U 24082S   26016.22924363  .00000013  00000-0  99827-5 0  9997
2 59647  43.0028  76.5166 0001210 249.7400 110.3321 15.27582033 96834
1 53163U 22083AH  26016.24290845 -.00000037  00000-0  15759-4 0  9994
2 53163  53.2190  39.7072 0001389  86.5129 273.6022 15.08840779193442
1 57744U 23131N   26016.25356951  .00001085  00000-0  95344-4 0  9991
2 57744  43.0044  84.1796 0001400 277.5732  82.4952 15.02543495132180
1 58404U 23180C   26016.25912078 -.00000358  00000-0 -11456-4 0  9993
2 58404  43.0054 341.3126 0001239 270.3199  89.7501 15.02536036119692
1 55975U 23039C   26016.26550905  .00011138  00000-0  26297-3 0  9998
2 55975  97.5093 184.5844 0002618 326.5242  33.5838 15.42037596157365
1 49736U 21115N   26016.26817776 -.00000089  00000-0  12478-4 0  9992
2 49736  53.2186  24.3346 0001286  84.9046 275.2093 15.08839773227624
1 53346U 22090A   26016.28756963  .00003142  00000-0  14455-3 0  9997
2 53346  97.3345  88.5603 0004812  55.0116 305.1571 15.21047139191711
1 56922U 23083AY  26016.30305119 -.00000292  00000-0 -65609-5 0  9993
2 56922  43.0051 353.1235 0001237 272.1897  87.8804 15.02534412143943
1 56743U 23072A   26016.30774256  .00004954  00000-0  19912-3 0  9995
2 56743  97.5287 212.0654 0005571 179.6565 180.4677 15.25392261146428
1 45652U 91056CW  26016.31341717  .00000452  00000-0  10215-2 0  9997
2 45652  82.5504 229.0931 0029256  44.6969 315.6508 13.24334354278744
1 52584U 22051BA  26016.34823000 -.00001024  00000-0 -46245-4 0  9993
2 52584  53.2201 354.0924 0001480  92.3343 267.7819 15.08841894203680
1 58119U 23162B   26016.41808178 -.00000678  00000-0 -35141-4 0  9991
2 58119  42.9992  57.3906 0001839 284.2222  75.8416 15.02539459124432
1 53192U 22084D   26016.43181882  .00000741  00000-0  55570-4 0  9994
2 53192  97.6048  79.6928 0001435  86.1208 274.0183 15.05642005192189
1 52343U 22045N   26016.46506593  .00000247  00000-0  33599-4 0  9999
2 52343  53.2173  83.5665 0001318  88.4335 271.6809 15.08843783207769
1 57718U 23129W   26016.48703800 -.00004134  00000-0 -29136-3 0  9998
2 57718  43.0058  43.7892 0001314 274.3183  85.7509 15.02504943132801
1 44679U 18079AR  26016.50465425 -.00000137  00000-0  00000-0 0  9993
2 44679  13.2692  51.6602 4692594 279.3796  32.1457  1.79402540 43952
1 54335U 22151CE  26016.53430593  .00000597  00000-0  34029-3 0  9990
2 54335  98.8175  19.4266 0049767  57.4458 303.1507 14.12835512163252
1 51642U 22012W   26016.53465723 -.00000422  00000-0 -12445-2 0  9993
2 51642  87.8774  66.4909 0002262  96.8105 263.3280 13.10370473189445
1 57872U 23144J   26016.56455371  .00000717  00000-0  68156-4 0  9999
2 57872  43.0024 197.5856 0001359 276.9664  83.1024 15.02528972129655
1 54190U 22141AK  26016.60814755 -.00000169  00000-0  74940-5 0  9996
2 54190  53.2169 228.0454 0001492  83.5620 276.5542 15.08834976178134
1 56247U 22151ABP 26016.61337363  .00005301  00000-0  79538-3 0  9996
2 56247  98.4545  65.2376 0118083 323.7262  35.5978 14.70383104155500
1 52150U 22031A   26016.61459122  .00002835  00000-0  21779-3 0  9993
2 52150  97.8341 211.0134 0015600 276.3480  83.5968 15.02498868207695
1 51136U 22005AJ  26016.64444279 -.00001545  00000-0 -78990-4 0  9994
2 51136  53.2169 172.5536 0001729 108.0750 252.0430 15.08842818220873
1 57844U 23141E   26016.70027341  .00001403  00000-0  59465-4 0  9999
2 57844  53.1597 165.2291 0000440 116.6892 243.4154 15.30197793132371
1 58866U 24019P   26016.82322529 -.00003723  00000-0 -12579-3 0  9991
2 58866  43.0009 181.5335 0000924 282.7234  77.3514 15.27593698111139
1 53719U 22107V   26016.91812893 -.00002337  00000-0 -12881-3 0  9993
2 53719  53.2185  96.1551 0001121  71.4569 288.6545 15.08837680187027
1 56357U 23058AS  26016.93717181  .00000291  00000-0  24412-4 0  9995
2 56357  97.6058  20.2670 0002151  77.4070 282.7398 15.05648020150415
1 47937U 21022F   26016.94947334  .00008849  00000-0  30629-3 0  9997
2 47937  97.4051 277.9427 0008385 272.5851  87.4430 15.30076747266561
1 56451U 23064D   26016.96282304  .00000342  00000-0  36437-4 0  9991
2 56451  69.9997 275.0483 0002757 270.2047  89.8796 14.98332865147495
1 46717U 20073AZ  26017.00002315  .00218056  00000-0  23342-2 0  9992
2 46717  53.0460  59.7825 0002200  19.5721 230.1130 15.62639488  5940
1 53150U 22083U   26017.00002315  .00293148  00000-0  21628-2 0  9994
2 53150  53.2168  19.3364 0000987  80.7091 158.7016 15.71600254  5763
1 47625U 21012F   26017.01670400  .01568308  00000-0  79392-1 0  9996
2 47625  53.0576 302.6869 0012364 272.7982  87.1595 15.13106209272205
1 52619U 22052X   26017.07410629  .00000078  00000-0  22981-4 0  9990
2 52619  53.2172 140.8204 0001245  84.2515 275.8619 15.08841065203192
1 53034U 22076BA  26017.09851050  .00004236  00000-0  28389-3 0  9994
2 53034  53.2182 305.7731 0001537  80.9394 279.1772 15.08865965195332
1 54565U 22151LR  26017.10807286  .00009636  00000-0  17066-2 0  9990
2 54565  98.6448  75.2307 0098117  48.7951 312.1658 14.64402927167919
1 53577U 22101BC  26017.12145853  .00000550  00000-0  52652-4 0  9992
2 53577  53.2192 285.3724 0001602  86.6517 273.4658 15.08844804189481
1 55945U 23037AH  26017.16071490  .00038843  00000-0  32626-2 0  9994
2 55945  69.9988  54.2992 0001585 245.0096 115.0899 14.98124765156265
1 44803U 19080D   26017.21103572  .00190904  00000-0  69460-2 0  9994
2 44803   5.3354 299.0232 4125810 336.2292   9.1608  7.25322430 92560
1 59873U 24098R   26017.22692287 -.00000145  00000-0  42617-5 0  9995
2 59873  43.0024 201.0164 0001026 270.0409  90.0325 15.27579801 94065
1 49196U 21083L   26017.23544242 -.00000025  00000-0 -95637-4 0  9998
2 49196  87.9179   5.4395 0002108  81.3563 278.7808 13.18685957210124
1 57235U 23094T   26017.24124156  .00001169  00000-0  10159-3 0  9997
2 57235  43.0052 309.6395 0001202 259.5614 100.5093 15.02533468139389
1 52789U 22058E   26017.25321110  .00005614  00000-0  47884-3 0  9999
2 52789  49.9849 178.3444 0003853 248.5091 111.5443 14.98984005197559
1 50574U 21135A   26017.25450089 -.00000282  00000-0  00000-0 0  9995
2 50574   0.0893 257.8763 0004802 276.2168 171.4429  1.00271900 14910
1 54653U 22166M   26017.26170327  .00000006  00000-0 -16536-4 0  9996
2 54653  87.9216 274.1055 0001731  74.0240 286.1084 13.21828607151588
1 48621U 21043A   26017.26868200 -.00000077  00000-0  38871-5 0  9996
2 48621  66.0005 320.4364 0009832 281.0452  78.9511 13.83371379235675
1 57902U 23146M   26017.27509315  .00000584  00000-0  58286-4 0  9997
2 57902  43.0031 232.5921 0000928 254.4344 105.6396 15.02534962129295
1 55944U 23037AG  26017.28572265  .00000452  00000-0  45653-4 0  9993
2 55944  70.0001  53.9335 0003250 267.2446  92.8341 14.98329051156287
1 54760U 22175C   26017.40213468 -.00004967  00000-0 -29432-3 0  9994
2 54760  53.2171 274.5536 0001566  69.6485 290.4675 15.08821830172178
1 49205U 21083V   26017.44564924  .00000291  00000-0  76244-3 0  9996
2 49205  87.9001 350.1880 0001615  86.0820 274.0494 13.13470682211109
1 54490U 22151HS  26017.48032464  .00121697  00000-0  65884-2 0  9999
2 54490  98.6369  97.9137 0033074 323.0808  36.8143 15.13607035169082
1 55662U 23021AL  26017.48748096  .00001140  00000-0  10546-3 0  9999
2 55662  70.0003 293.2269 0002597 270.9998  89.0863 14.97514565161623
1 47258U 20100A   26017.48932303 -.00000360  00000-0 -10366-2 0  9996
2 47258  87.8922  20.6047 0001576  84.6860 275.4448 13.12442998244966
1 48449U 21040X   26017.49848396  .00003508  00000-0  25412-3 0  9996
2 48449  53.0543  51.4242 0001328  86.7819 273.3322 15.06422879258913
1 58062U 23158M   26017.50272936  .00000356  00000-0  41424-4 0  9993
2 58062  43.0041 308.2841 0001043 271.7907  88.2816 15.02539663125834
1 59389U 24062R   26017.58880382  .00000953  00000-0  44311-4 0  9990
2 59389  53.1607 133.3402 0001178  80.1785 279.9348 15.30196477101849
1 49097U 21075Y   26017.59029767  .00000069  00000-0  14513-3 0  9997
2 49097  87.9092  35.7848 0002140  95.2597 264.8779 13.17648351213799
1 53935U 22119BB  26017.59481164  .00000782  00000-0  67185-4 0  9992
2 53935  53.2173 158.3725 0000680 108.9127 251.1939 15.08842487184461
1 56549U 23065AY  26017.60161985  .00001234  00000-0  10642-3 0  9993
2 56549  43.0038 140.6225 0001490 277.0457  83.0216 15.02530652148793
1 44771U 19074BL  26017.60209502  .00054873  00000-0  11506-2 0  9996
2 44771  53.0554  89.7405 0003550  26.1094 334.0090 15.44882590340580
1 59908U 24101A   26017.60356458  .00013363  00000-0  18632-3 0  9991
2 59908  97.0328 146.0862 0001912  96.9653 263.1821 15.57022815 93135
1 52752U 22057W   26017.60915326  .00109609  00000-0  86570-3 0  9999
2 52752  97.6426 181.5631 0001942 243.5076 116.5987 15.71048470203903
1 55041U 23001AJ  26017.63881117  .00037669  00000-0  60383-3 0  9996
2 55041  97.3402  90.1206 0004581 259.3647 100.7090 15.52985874169584
1 45568U 20025AP  26017.66668981  .01456707  00000-0  16322-1 0  9998
2 45568  53.0487 289.8988 0001149  95.3881  82.2002 15.59170146  5938
1 46157U 20057AS  26017.66668981  .00228118  00000-0  22785-2 0  9991
2 46157  53.0436 111.8498 0003992 205.4049 229.2295 15.64366342  5933
1 53932U 22119AY  26017.68223970  .00000161  00000-0  28235-4 0  9992
2 53932  53.2167 168.1934 0001306  90.6761 269.4381 15.08840841184341
1 57094U 23088AY  26017.70850469  .00000477  00000-0  50387-4 0  9996
2 57094  43.0046  11.2381 0001088 273.5840  86.4878 15.02537179142857
1 56616U 22151AEQ 26017.71632265  .00000247  00000-0  15572-3 0  9999
2 56616  98.8183  23.8237 0032530  12.9789 347.2213 14.12820954141225
1 48794U 21045AD  26017.72491413  .00000158  00000-0  38583-3 0  9995
2 48794  87.9006 289.2650 0000837 102.5318 257.5906 13.15551672224495
1 53202U 22084P   26017.74158919  .00000585  00000-0  44750-4 0  9990
2 53202  97.6024  81.0113 0001032  98.9775 261.1569 15.05652949191712
1 57525U 23115E   26017.76592038 -.00000165  00000-0  28344-5 0  9991
2 57525  43.0040 281.4814 0000791 259.9001 100.1752 15.02537207134655
1 51128U 22005AA  26017.79631971  .00000885  00000-0  73667-4 0  9999
2 51128  53.2174 167.5885 0001244  92.2936 267.8198 15.08832398221040
1 57229U 23094M   26017.86617894  .00000830  00000-0  76525-4 0  9998
2 57229  43.0055 306.5909 0001254 265.5602  94.5097 15.02531343139479
1 58941U 24027L   26017.89181673 -.00000693  00000-0 -11286-4 0  9993
2 58941  53.1605 185.3834 0001306  91.2515 268.8636 15.30187927109556
1 47623U 21012D   26017.89404764  .00139844  00000-0  23099-2 0  9990
2 47623  53.0462 212.6718 0015798 133.3800 226.8527 15.51160271273552
1 55364U 23013AK  26017.90019062 -.00000315  00000-0 -82166-5 0  9994
2 55364  43.0028 215.9367 0001271 268.4615  91.6082 15.02535906164078
1 53471U 22099G   26017.91744243 -.00002515  00000-0 -17024-3 0  9994
2 53471  97.6015 141.1389 0000746 105.6410 254.4899 15.05628549188408
1 56458U 23064L   26017.94753541 -.00002922  00000-0 -23719-3 0  9999
2 56458  69.9992 272.4625 0002545 268.2748  91.8120 14.98335872147648
1 58206U 23170A   26017.94756684  .00001452  00000-0  12249-3 0  9992
2 58206  43.0043 111.8866 0001752 275.6149  84.4494 15.02544361122646
1 57014U 23085L   26017.95147774  .00013123  00000-0  49466-3 0  9997
2 57014  97.4881 127.6010 0004798 206.0231 154.0767 15.27190460143659
1 54918U 22151RF  26017.96736252  .00002317  00000-0  10932-2 0  9994
2 54918  98.8211  33.8158 0029521  15.3304 344.8760 14.20572044160986
1 54198U 22141AT  26017.97339146 -.00000152  00000-0  85546-5 0  9997
2 54198  53.2165 221.6378 0001600  89.6926 270.4250 15.08842447178343
1 55170U 23004AG  26017.98768899 -.00000022  00000-0 -90400-4 0  9990
2 55170  87.9082  35.7269 0002048  84.0381 276.0984 13.17651065147805
1 49030U 21065E   26018.01414340  .00535958  13932-3  60463-3 0  9992
2 49030  35.1153 276.4052 0015246 256.7693 103.1349 16.07951681251977
1 59435U 24065Q   26018.08820851 -.00000562  00000-0 -68622-5 0  9996
2 59435  53.1594 156.6021 0001094  87.5141 272.5985 15.30186381101181
1 44845U 14055CD  26018.23868052 -.00000105  00000-0  00000-0 0  9998
2 44845  20.1897 142.4778 5029448 165.9093 216.1061  1.84920059 41653
1 57708U 23129L   26018.30188763 -.00000112  00000-0  67601-5 0  9997
2 57708  43.0065  34.1852 0001724 278.6628  81.4019 15.02537221133078
1 52255U 22038A   26018.32544907 -.00000338  00000-0  00000-0 0  9990
2 52255   0.0063  72.1628 0002658 209.6995  78.0920  1.00270110 13920
1 48746U 02032CF  26018.35734418  .00016371  00000-0  39085-2 0  9993
2 48746  98.7507 347.1807 0042114  24.3797 335.9378 14.53193150250839
1 55757U 23028S   26018.36592910 -.00000452  00000-0 -30102-4 0  9999
2 55757  70.0004  11.2785 0002829 271.5065  88.5770 14.98330854158502
1 53567U 22101AS  26018.41318463 -.00000361  00000-0 -46014-5 0  9991
2 53567  53.2169 279.9254 0001550  84.2445 275.8724 15.08836076188859
1 52201U 22035B   26018.42298905  .00000633  00000-0  96361-4 0  9999
2 52201  98.2520  83.7900 0104709 352.2307   7.7273 14.74160412203380
1 47376U 21005AD  26018.43103504  .00000993  00000-0  85575-4 0  9997
2 47376  53.0556 287.2386 0001410  90.4806 269.6345 15.06403359275467
1 55593U 23020AA  26018.44283783 -.00000322  00000-0 -87557-5 0  9996
2 55593  43.0038 277.4325 0001094 271.3303  88.7414 15.02534444161361
1 51790U 22017Y   26018.49827509 -.00001117  00000-0 -52094-4 0  9991
2 51790  53.2151 214.4380 0001209 111.4592 248.6529 15.08840499216393
1 58450U 23183P   26018.50967069 -.00001057  00000-0 -63197-4 0  9993
2 58450  43.0052 316.1822 0001102 273.3117  86.7600 15.02529552119160
1 57878U 23144Q   26018.51876165 -.00000034  00000-0  12545-4 0  9994
2 57878  43.0017 200.0903 0001248 266.4966  93.5733 15.02531070130064
1 56522U 23065V   26018.54921274  .00000679  00000-0  65318-4 0  9996
2 56522  43.0044 122.6706 0001317 271.0965  88.9726 15.02534237149087
1 56360U 23058AV  26018.55431970  .00001147  00000-0  83672-4 0  9992
2 56360  97.6051  21.8104 0001560  86.7833 273.3572 15.05648696150659
1 55318U 23010BB  26018.55925662  .00000832  00000-0  77531-4 0  9995
2 55318  70.0012 130.8352 0003048 267.2581  92.8229 14.98322510167137
1 58316U 23174BN  26018.57642423  .00034791  00000-0  61329-3 0  9998
2 58316  97.3957 106.9956 0006406 323.5810  36.5005 15.50319315122668
1 58892U 24020S   26018.58663819  .01356653  12717-2  12743-2 0  9991
2 58892  53.1268 169.4709 0006669 272.4053  87.6219 16.11684889110754
1 49107U 21075AJ  26018.58759702  .00000064  00000-0  13260-3 0  9991
2 49107  87.9080  35.6039 0001900  95.8098 264.3251 13.17649942213881
1 56919U 23083AV  26018.58772231 -.00001264  00000-0 -78561-4 0  9994
2 56919  43.0056 341.0227 0001140 272.5764  87.4948 15.02523974144285
1 48993U 21060AC  26018.59140840  .00000009  00000-0 -95061-5 0  9996
2 48993  87.9027 258.5603 0001438  74.0562 286.0727 13.16594935219872
1 49420U 21104N   26018.62339449  .00001757  00000-0  12843-3 0  9995
2 49420  53.2173  93.8787 0001266  78.4343 281.6791 15.08836267231060
1 44786U 19077B   26018.62817664  .00000103  00000-0  12962-3 0  9997
2 44786  88.9002 236.7865 0025073 223.6758 136.2413 13.55986677304919
1 54757U 22174C   26018.65658668  .00000044  00000-0  00000-0 0  9999
2 54757   9.6220  69.8569 1874277 133.8273 243.2833  7.26291546 82068
1 56817U 23078BC  26018.66668981  .01351367  00000-0  78929-2 0  9997
2 56817  70.0002 104.6645 0003379 276.5700 114.7766 15.75530047  5726
1 53170U 22083AQ  26018.70710789 -.00000078  00000-0  13211-4 0  9995
2 53170  53.2187  23.4524 0001378  84.6320 275.4829 15.08836309193885
1 48219U 21031K   26018.77246384 -.00000126  00000-0 -37431-3 0  9991
2 48219  87.9019 319.4872 0001923  80.3268 279.8079 13.14503655228698
1 46112U 20056A   26018.81818101 -.00000335  00000-0  00000-0 0  9994
2 46112   0.0536 206.2037 0000319 296.4848  19.9009  1.00269191 19898
1 56281U 22151ACZ 26018.87077769  .00002124  00000-0  11249-2 0  9999
2 56281  98.8234  18.4412 0057186  37.8846 322.6329 14.13914325145898
1 54608U 22151NJ  26018.91036215  .00000796  00000-0  49030-3 0  9999
2 54608  98.8428  12.9709 0064993  53.1295 307.5808 14.07275889162841
1 58028U 23156A   26018.95094917  .00000372  00000-0  24706-4 0  9996
2 58028  53.1609 309.2038 0001426  43.9966 316.1148 15.30187881128708
1 56162U 23050A   26018.97234704  .00000100  00000-0  78728-4 0  9990
2 56162  80.9994 214.8627 0006484  10.3788 349.7501 13.84927465141497
1 56836U 23079P   26019.01010209  .00000169  00000-0  27592-4 0  9995
2 56836  43.0046  17.1196 0001018 285.3184  74.7546 15.02529846145413
1 54595U 22151MV  26019.03575640  .00000969  00000-0  31239-3 0  9992
2 54595  98.5872  44.2369 0101063  91.3494 269.9273 14.38620296166505
1 52837U 22062H   26019.06639489  .00005408  00000-0  35758-3 0  9998
2 52837  53.2148 256.8898 0001282  96.4495 263.6643 15.08845042198292
1 53234U 22084AX  26019.12689031  .00000601  00000-0  51356-4 0  9992
2 53234  97.6049  81.6722 0000576 134.2315 225.8957 15.01263365192896
1 57513U 23113U   26019.15505104  .00000006  00000-0  15540-4 0  9995
2 57513  43.0043 286.9183 0000872 254.9299 105.1447 15.02530914136047
1 58241U 23171M   26019.18215920 -.00000574  00000-0 -27423-4 0  9990
2 58241  43.0042 195.3895 0001269 249.2961 110.7745 15.02538636122296
1 58041U 23156P   26019.20274512  .00000360  00000-0  24275-4 0  9999
2 58041  53.1611 308.0960 0001304  83.3113 276.8036 15.30192743128738
1 50163U 21125H   26019.20759796 -.00000178  00000-0  69253-5 0  9996
2 50163  53.2206 101.2443 0001409  83.7450 276.3703 15.08835336229262
1 59621U 24080W   26019.23593525  .00000707  00000-0  35211-4 0  9999
2 59621  42.9991 313.3658 0001051 288.9928  71.0810 15.27574262 97016
1 46055U 20055AE  26019.25346275  .00009856  00000-0  67945-3 0  9996
2 46055  53.0549 338.5453 0001371  93.8042 266.3103 15.06411241301580
1 55477U 23015AE  26019.26834208  .00000645  00000-0  62843-4 0  9992
2 55477  43.0027 222.0460 0001142 259.0863 100.9851 15.02536101163461
1 56384U 23061L   26019.27297363 -.00000389  00000-0 -13732-4 0  9997
2 56384  43.0049 105.7627 0001471 267.8278  92.2396 15.02536033149327
1 53256U 22086Q   26019.27982132 -.00000510  00000-0 -13930-4 0  9999
2 53256  53.2176  55.9318 0001333  86.1670 273.9475 15.08831469193607
1 52703U 22053AZ  26019.32581564 -.00000015  00000-0  17172-4 0  9990
2 52703  53.2193 355.7369 0001540  89.0909 271.0260 15.08839806202588
1 46743U 20074E   26019.33335648  .00168686  00000-0  42727-2 0  9999
2 46743  53.0485 168.3792 0009249 177.3225  35.9322 15.38578677  5879
1 46172U 20057BH  26019.33335648  .00156278  00000-0  27091-2 0  9997
2 46172  53.0489 136.3432 0006883 199.7783  28.4544 15.49837303  5951
1 49760U 21115AN  26019.35295162 -.00000096  00000-0  12056-4 0  9991
2 49760  53.2198   0.6022 0001555  95.6060 264.5110 15.08840489228231
1 54427U 22151FB  26019.40180611  .00000671  00000-0  55950-3 0  9993
2 54427  99.0337 353.2565 0174025 199.8480 159.5848 13.85120304160703
1 48064U 21025Y   26019.42542163  .00000219  00000-0  56382-3 0  9996
2 48064  87.9003 349.7989 0001078  95.0587 265.0666 13.13471785234044
1 55428U 23014AP  26019.52822054  .00000300  00000-0  32930-4 0  9994
2 55428  69.9991 208.5940 0002547 270.4490  89.6377 14.98327348164191
1 53734U 22107AL  26019.54662553 -.00000732  00000-0 -27915-4 0  9990
2 53734  53.2164 114.8069 0001145  88.8680 271.2443 15.08836331187167
1 48358U 21038F   26019.55342044  .00001649  00000-0  12958-3 0  9995
2 48358  53.0548 222.1994 0001587  94.7757 265.3413 15.06403870259615
1 56814U 23078AZ  26019.55624154  .00000039  00000-0  11072-4 0  9991
2 56814  70.0008 108.2152 0002903 269.9400  90.1426 14.98337422145324
1 55785U 23028AW  26019.56298283 -.00001017  00000-0 -77450-4 0  9994
2 55785  70.0023 328.4761 0002600 272.1759  87.9102 14.98338577159665
1 58709U 24002E   26019.56691757 -.00000598  00000-0 -70921-7 0  9991
2 58709  53.1605 156.0645 0001370  77.4894 282.6277 15.69714121118728
1 55155U 23004R   26019.56969046  .00000064  00000-0  13078-3 0  9995
2 55155  87.9084  35.4043 0001587  91.0244 269.1070 13.17650956147919
1 56554U 23065BD  26019.59262641 -.00000236  00000-0 -23934-5 0  9993
2 56554  43.0021 129.7595 0001503 269.7412  90.3258 15.02533411149090
1 45443U 20020V   26019.62825164  .00000005  00000-0 -22685-4 0  9999
2 45443  87.8822  50.6345 0001711  95.7874 264.3449 13.11415114283142
1 56747U 23072E   26019.62840950  .00023493  00000-0  58491-3 0  9996
2 56747  97.5183 223.8960 0004463 144.8774 215.2767 15.40251441147454
1 45154U 20008Z   26019.63198409  .00000080  00000-0  19401-3 0  9993
2 45154  87.8768  65.8923 0002242 100.7732 259.3648 13.10375839288575
1 53899U 22119P   26019.64319106 -.00000890  00000-0 -37802-4 0  9990
2 53899  53.2164 184.0566 0001524  93.7142 266.4024 15.08837044184282
1 59390U 24062S   26019.65670757  .00001875  00000-0  75411-4 0  9994
2 59390  53.1597 123.4587 0001417  99.4009 260.7152 15.30198633102164
1 54374U 22160C   26019.65812799  .00006924  00000-0  32711-3 0  9997
2 54374  34.9910 215.6537 0009072 267.4972  92.4703 15.18697622175112
1 47383U 21005AL  26019.66668981  .00034050  00000-0  17366-2 0  9998
2 47383  53.0931 241.7393 0001457  83.7400 349.3655 15.16460909  5793
1 57294U 23096E   26019.68685247  .00000733  00000-0  69305-4 0  9991
2 57294  43.0028 129.6438 0001290 269.8497  90.2198 15.02537864140247
1 59484U 24071A   26019.70817912  .00004467  00000-0  17176-3 0  9993
2 59484  43.0019 256.4428 0001557 272.2257  87.8416 15.27577575100719
1 58068U 23158T   26019.75963834 -.00004826  00000-0 -34214-3 0  9998
2 58068  43.0040 295.9782 0000927 277.9997  82.0741 15.02568387126174
1 52972U 18079GW  26019.77811092 -.00000099  00000-0  00000-0 0  9992
2 52972  13.0714  31.0173 4478734 331.3059   9.9491  1.93869821 31529
1 59352U 24060E   26019.81936831 -.00000401  00000-0 -50586-5 0  9999
2 59352  43.0019 175.4313 0001507 260.2093  99.8588 15.27579865102591
1 57107U 23090G   26019.83420925  .00000827  00000-0  76265-4 0  9992
2 57107  43.0021 180.1729 0001799 258.0616 102.0025 15.02542906143062
1 53494U 22099AF  26019.85026064 -.00000899  00000-0 -58099-4 0  9999
2 53494  97.6022 143.1203 0000680 102.0112 258.1191 15.05644384188709
1 58395U 23178X   26019.86623104  .00000626  00000-0  33278-4 0  9990
2 58395  53.1595 228.1170 0001218  89.3158 270.7982 15.30194021122340
1 54102U 22136BD  26019.87045753  .00000049  00000-0  21201-4 0  9996
2 54102  53.2173 193.2953 0001530  91.7461 268.3707 15.08840371179618
1 53960U 22123A   26019.91721694 -.00000087  00000-0  00000-0 0  9996
2 53960   0.0156  61.6610 0001256  20.2642 264.4650  1.00270036 12040
1 59447U 24066F   26019.96020296  .00012013  00000-0  81566-3 0  9995
2 59447  45.6057 301.9758 0000203 252.9331 107.1531 15.06512564 97853
1 56592U 22151ADQ 26019.96784122  .00003759  00000-0  17747-2 0  9997
2 56592  98.8197  32.7867 0033934   8.2724 351.9005 14.20080692153047
1 44421U 19039A   26019.97103656  .00002032  00000-0  20821-3 0  9995
2 44421  97.5952  53.6987 0008311 357.2553   2.8619 14.91514336354549
1 48688U 21044BC  26019.98790015  .00001105  00000-0  93064-4 0  9995
2 48688  53.0526 285.2486 0001281  77.2045 282.9087 15.06390194257131
1 54295U 22151AN  26020.01898499  .00004763  00000-0  16938-2 0  9993
2 54295  98.7399  33.9096 0142421 233.8561 124.9372 14.29291038164877
1 53320U 22088E   26020.03807816  .00033124  00000-0  91077-3 0  9996
2 53320  34.9981  29.0575 0001562 209.1062 150.9570 15.36210939194078
1 47373U 21005AA  26020.12657123  .00001263  00000-0  10370-3 0  9995
2 47373  53.0560 279.6246 0001779 110.3691 249.7490 15.06398807275721
1 59842U 24097H   26020.16123433  .00002286  00000-0  92536-4 0  9990
2 59842  42.9995 188.5397 0001157 275.5286  84.5433 15.27585370 94494
1 56072U 23043AC  26020.16668896  .00000040  00000-0  71559-4 0  9997
2 56072  87.9004 288.7474 0001339  67.8422 292.2851 13.15549395136964
1 45462U 20021C   26020.18521929  .00005727  00000-0  43384-3 0  9999
2 45462  34.9968  30.0269 0002327 221.3493 138.7039 15.01677205318142
1 48771U 21045E   26020.19679734  .00000174  00000-0  42703-3 0  9996
2 48771  87.9011 288.7252 0001216  62.2672 297.8582 13.15549407224923
1 55335U 23013E   26020.21149239  .00001013  00000-0  89995-4 0  9990
2 55335  43.0031 204.0453 0001250 266.8640  93.2059 15.02549442164412
1 54150U 22139A   26020.22874902  .00000053  00000-0  31033-3 0  9997
2 54150  82.5037  80.2495 0021780 181.2233 178.8797 12.42884799147269
1 47269U 20100M   26020.23046807  .00000085  00000-0  20073-3 0  9999
2 47269  87.8923  20.0536 0001838  89.1148 271.0191 13.12440926245288
1 56369U 23059C   26020.26195731  .00000006  00000-0 -22312-1 0  9990
2 56369   8.5949  14.6289 1882570 148.5303 224.2497  7.26708754 72556
1 56748U 23072F   26020.28572600  .00026039  00000-0  94710-3 0  9998
2 56748  97.5152 216.6165 0006066 167.9140 192.2246 15.28213417147163
1 49771U 21115AZ  26020.31343055  .00004207  00000-0  28215-3 0  9996
2 49771  53.2179 356.2899 0001516  88.9907 271.1259 15.08851472228373
1 49427U 21104V   26020.31714329  .00001951  00000-0  14059-3 0  9992
2 49427  53.2181  86.2847 0001444 101.8545 258.2609 15.08845515231336
1 58738U 24005L   26020.32691694  .00001504  00000-0  12634-3 0  9991
2 58738  43.0048 124.6632 0001634 273.0131  87.0524 15.02544463113136
1 50177U 21125X   26020.54251037  .00001487  00000-0  11147-3 0  9995
2 50177  53.2175 105.2606 0001181  84.5323 275.5804 15.08842622229339
1 55194U 22151VK  26020.55291331  .00073510  00000-0  11095-1 0  9997
2 55194  98.6328  75.5235 0057181  37.6729 322.8460 14.72819211163376
1 56620U 22151AEU 26020.61127881  .00000593  00000-0  48578-3 0  9996
2 56620  98.9165 343.4443 0155893 153.8218 207.0928 13.87754967143736
1 56803U 23078AN  26020.64109987 -.00001195  00000-0 -92427-4 0  9992
2 56803  70.0001 105.5796 0002990 277.6669  82.4151 14.98319945145484
1 53604U 22104S   26020.64275704  .00003810  00000-0  25719-3 0  9991
2 53604  53.2159  94.6689 0001158  90.8398 269.2727 15.08858731188434
1 56777U 23078L   26020.67865557  .00004343  00000-0  37140-3 0  9993
2 56777  70.0003 105.7127 0003438 273.2662  86.8104 14.98347628145484
1 54459U 22151GK  26020.71447962  .00002186  00000-0  43033-3 0  9991
2 54459  98.7031 101.8175 0156275 339.7076  19.7954 14.56231982169081
1 55281U 23010N   26020.80451171  .00001807  00000-0  15919-3 0  9998
2 55281  70.0005 165.1713 0002978 269.7134  90.3684 14.98340857165604
1 55495U 23015AY  26020.85935723  .00000912  00000-0  82561-4 0  9999
2 55495  43.0031 213.3452 0001327 260.8413  99.2279 15.02542939163703
1 47592U 21009AW  26020.90235045  .00282382  00000-0  42193-2 0  9993
2 47592  53.0469 233.1401 0002931 137.0806 223.0433 15.53524673273639
1 59395U 24063A   26020.93204803  .00070048  00000-0  28783-2 0  9994
2 59395  34.9990 331.9308 0001860  28.6235 331.4582 15.23038983100385
1 58565U 23174CW  26020.93469132  .00289840  00000-0  22241-2 0  9997
2 58565  97.3883 113.8905 0004929 288.5182  71.5545 15.71200684123337
1 48575U 21041Y   26020.94949726 -.00001002  00000-0 -48391-4 0  9991
2 48575  53.0550 306.2498 0001752  83.8641 276.2547 15.06390426258572
1 52451U 22049A   26020.95284008 -.00002538  00000-0 -14150-3 0  9994
2 52451  53.2177 283.4216 0000934  60.0514 300.0571 15.08825782204909
1 58907U 24023C   26020.96536637  .00009697  00000-0  86907-3 0  9999
2 58907  50.0011 300.5809 0006119 177.2409 182.8569 14.96284242107278
1 52992U 22076G   26020.97820338 -.00006035  00000-0 -36184-3 0  9995
2 52992  53.2182 318.3144 0001118 100.9954 259.1164 15.08797349195504
1 49215U 21083AF  26021.21526080  .00000132  00000-0  29367-3 0  9996
2 49215  87.9232 303.7606 0000819  80.2569 279.8657 13.20773154217374
1 52674U 22053U   26021.22285214 -.00005809  00000-0 -34717-3 0  9992
2 52674  53.2170   7.2066 0001545  87.1447 272.9722 15.08843457203888
1 48131U 21027AR  26021.23881301 -.00007593  00000-0 -49180-3 0  9997
2 48131  53.0541   4.6310 0001287  79.4744 280.6390 15.06370084265548
1 48435U 21040H   26021.26507912 -.00005483  00000-0 -34975-3 0  9997
2 48435  53.0550  19.5255 0001185  85.3538 274.7586 15.06372802259681
1 57971U 23151H   26021.30750292  .00001236  00000-0  10651-3 0  9998
2 57971  43.0036 236.4519 0001232 264.5442  95.5260 15.02545274128601
1 55617U 23020BA  26021.31384757 -.00000145  00000-0  43265-5 0  9996
2 55617  43.0036 249.0168 0000833 290.2069  69.8684 15.02542119161946
1 53472U 22099H   26021.32859701 -.00002850  00000-0 -21755-3 0  9999
2 53472  97.5991 143.8482 0003726  73.1382 287.0250 15.01238032188876
1 50140U 97084L   26021.34773233  .00002370  00000-0  70703-3 0  9993
2 50140  45.0171  45.3214 0005335 257.9098 102.1155 14.45442736218551
1 46347U 20062Y   26021.35073425  .00065615  00000-0  11193-2 0  9994
2 46347  53.0420 148.5767 0001640 239.3583 120.7264 15.50751963298296
1 55599U 23020AG  26021.35380969  .00000099  00000-0  22354-4 0  9992
2 55599  43.0026 249.2991 0000432 274.2499  85.8294 15.02534566161946
