1 46154U 20057AP  26001.00003472  .00305866  00000-0  26889-2 0  9992
2 46154  53.0435 212.3993 0007401 122.4008 260.4116 15.67287014  5949
1 57919U 23147G   26001.00104373  .00000775  00000-0  72407-4 0  9998
2 57919  43.0024 334.0433 0001156 261.7901  98.2810 15.02531976126438
1 59784U 24093C   26001.00137181  .00001731  00000-0  72421-4 0  9993
2 59784  43.0008 227.6829 0000813 261.6963  98.3797 15.27575715 92381
1 56383U 23061K   26001.00156142 -.00000123  00000-0  59285-5 0  9996
2 56383  43.0018 205.1729 0000288 248.8286 111.2526 15.02535207146576
1 57525U 23115E   26001.01350325  .00000310  00000-0  38058-4 0  9996
2 57525  43.0048  12.5070 0001347 273.2664  86.8025 15.02525900132133
1 44549U 19063C   26001.02211602  .00001099  00000-0  36245-3 0  9990
2 44549  98.3569  20.5541 0039001 271.1172  88.5549 14.39596703328659
1 59477U 24068Y   26001.04733087  .00000515  00000-0  28249-4 0  9993
2 59477  43.0003   1.3707 0000695 174.6151 185.4708 15.27568805 98802
1 54994U 22151UK  26001.07521469  .00010279  00000-0  34204-2 0  9999
2 54994  98.8424  46.3145 0009104 216.3473 143.7095 14.37813922162324
1 59574U 24076L   26001.11051889 -.00000510  00000-0 -90222-5 0  9999
2 59574  43.0020  30.9818 0000948 277.1319  82.9425 15.27572377 96169
1 52943U 22073D   26001.12065109 -.00000104  00000-0  00000+0 0  9995
2 52943   3.3268  80.9966 0004575  64.7101 294.9292  0.98671002  9981
1 44572U 87096G   26001.14147630  .00000040  00000-0  00000-0 0  9991
2 44572  11.1005 327.4106 0026135 290.5821  67.9629  1.00449371 69305
1 57872U 23144J   26001.14169134  .00001723  00000-0  14258-3 0  9997
2 57872  43.0012 281.3911 0001422 258.3440 101.7243 15.02536946127336
1 59466U 24068M   26001.14574679 -.00001229  00000-0 -35140-4 0  9995
2 59466  42.9994  55.8768 0000234 179.4590 180.6262 15.27584001 98197
1 53815U 22113A   26001.14590863  .00030781  00000-0  10001-2 0  9999
2 53815  97.4777  60.9363 0005693 107.7566 252.4297 15.31852829181800
1 52446U 22048D   26001.15155784  .00065101  00000-0  11377-2 0  9996
2 52446  97.5690 104.0923 0002329 278.1822  81.9165 15.50438139203435
1 46054U 20055AD  26001.15551342  .00008878  00000-0  61420-3 0  9993
2 46054  53.0549  59.7902 0001450  72.0058 288.1089 15.06395847298857
1 48963U 21059CN  26001.16562610  .00076096  00000-0  90069-3 0  9998
2 48963  97.6828 182.5058 0003388 216.2140 143.8888 15.61011936251516
1 55986U 23042A   26001.19746263  .00000296  00000-0  36978-4 0  9995
2 55986  43.0043  63.2064 0001188 247.6701 112.4016 15.02532415153579
1 45405U 20019AX  26001.22737365 -.00001227  00000-0 -63490-4 0  9994
2 45405  53.0554  79.4705 0001745  85.5501 274.5687 15.06380786319696
1 44424U 19039D   26001.25327235  .00010654  00000-0  50927-3 0  9990
2 44424  97.6061  79.6447 0042884 265.1454  94.4882 15.18370544354554
1 59962U 24107T   26001.27539379  .00003497  00000-0  13011-3 0  9991
2 59962  53.1608  18.7584 0002365 140.2600 219.8575 15.30214644 89473
1 47357U 21005J   26001.27671991  .00002102  00000-0  15991-3 0  9998
2 47357  53.0569   4.6692 0001295 119.6353 240.4765 15.06411890272877
1 57643U 23122M   26001.28074956 -.00000363  00000-0 -11751-4 0  9998
2 57643  43.0023 100.7523 0001803 274.3947  85.6689 15.02555110132042
1 48790U 21045Z   26001.28704148 -.00000068  00000-0 -21483-3 0  9990
2 48790  87.9006 292.4950 0001809  65.4347 294.6972 13.15547137222493
1 46064U 20055AP  26001.29923865  .00000334  00000-0  41320-4 0  9999
2 46064  53.0546  59.1456 0001134  92.2789 267.8330 15.06414097298871
1 59526U 24073R   26001.30649592 -.00006408  00000-0 -22359-3 0  9994
2 59526  43.0010 338.2729 0000601 336.2834  23.7990 15.27576180 95878
1 49306U 21090AD  26001.31237401 -.00000028  00000-0 -10211-3 0  9994
2 49306  87.9213 338.1787 0001773  89.9389 270.1947 13.19726119204416
1 49338U 21097A   26001.31296106  .00007350  00000-0  50405-3 0  9995
2 49338  97.6482 128.3591 0020397  76.3624 283.9873 15.06148268231189
1 58497U 23187B   26001.33527199  .00002913  00000-0  36739-3 0  9998
2 58497  97.9416  84.5413 0010424 336.4087  23.6647 14.82689191112313
1 52488U 22049AP  26001.37981836  .00006898  00000-0  45106-3 0  9998
2 52488  53.2200   1.2869 0001759  74.1623 285.9563 15.08840183202091
1 56128U 23046AN  26001.38385081 -.00000258  00000-0 -40099-5 0  9996
2 56128  43.0023 152.0144 0001081 259.9782 100.0938 15.02534448152088
1 52290U 22041AF  26001.38813290  .00000787  00000-0  67567-4 0  9997
2 52290  53.2200  41.2508 0001496 101.5828 258.5333 15.08834672204343
1 44895U 18079BJ  26001.39893993 -.00000124  00000-0  00000-0 0  9995
2 44895  12.8816  54.2450 4311157 280.6118  34.8817  1.87727041 43180
1 58138U 23162W   26001.39963695  .00000756  00000-0  71043-4 0  9995
2 58138  43.0034 139.0725 0001474 269.9759  90.0914 15.02535387122176
1 59232U 24049B   26001.44109558  .00000392  00000-0  23765-4 0  9996
2 59232  43.0023 163.0989 0001354 269.0359  91.0337 15.27575931102100
1 54885U 22151PW  26001.45778023  .00003521  00000-0  18198-2 0  9996
2 54885  98.8169   4.7684 0049825  92.9657 267.7220 14.14972600158877
1 49199U 21083P   26001.46358779 -.00000264  00000-0 -75830-3 0  9994
2 49199  87.8971 353.3854 0001769  86.3712 273.7619 13.13469315209029
1 46082U 20055BH  26001.47064790 -.00004751  00000-0 -30037-3 0  9993
2 46082  53.0564  38.3736 0001272  83.2615 276.8519 15.06389496299179
1 58541U 23192L   26001.48036902  .00002222  00000-0  87130-4 0  9992
2 58541  53.1587  91.7665 0001181  47.9926 312.1175 15.30197312114600
1 54596U 22151MW  26001.49163501  .00000808  00000-0  46685-3 0  9996
2 54596  98.8409   7.3421 0043215  84.3785 276.2313 14.11330810161066
1 55266U 23008D   26001.52829418  .00000012  00000-0  00000-0 0  9998
2 55266   2.7308  80.1359 0009377  79.2920 280.3309  1.02406095  6320
1 50496U 21132AD  26001.54068356 -.00000036  00000-0 -12335-3 0  9997
2 50496  87.9173   8.5474 0002049  87.5907 272.5460 13.18686646199655
1 59152U 24044A   26001.55715008  .00004805  00000-0  18398-3 0  9995
2 59152  42.9991  75.4556 0001280 258.3913 101.6795 15.27586790103915
1 58003U 23153N   26001.59042454 -.00000589  00000-0 -28552-4 0  9992
2 58003  43.0023  73.2794 0000937 283.1379  76.9358 15.02534664124780
1 54996U 22151UM  26001.60436403  .00031068  00000-0  49524-2 0  9993
2 54996  98.6226  58.6209 0071325  74.2434 286.6622 14.70155015164888
1 57712U 23129Q   26001.60929135  .00001541  00000-0  12917-3 0  9997
2 57712  43.0082 124.8005 0001959 249.9868 110.0764 15.02522066130564
1 54000U 22125AN  26001.61121190  .00000674  00000-0  60440-4 0  9996
2 54000  53.2170 145.4365 0001192  86.9266 273.1863 15.08841103179476
1 53469U 22099E   26001.61574424  .00001276  00000-0  92639-4 0  9990
2 53469  97.6025 125.1245 0000613 102.3215 257.8081 15.05652489185956
1 58748U 24005W   26001.61668307 -.00000240  00000-0 -26768-5 0  9991
2 58748  42.9988 225.9525 0000599 256.8962 103.1813 15.02537876110334
1 56547U 23065AW  26001.62584885  .00000822  00000-0  75913-4 0  9999
2 56547  43.0023 227.1640 0000853 267.7520  92.3225 15.02537991146396
1 54405U 22151ED  26001.63474442  .00006055  00000-0  96365-3 0  9990
2 54405  98.6853  88.2928 0143409   4.1171 356.1174 14.65736244166902
1 47937U 21022F   26001.64495315  .00015405  00000-0  53572-3 0  9993
2 47937  97.4060 262.6900 0009629 335.7148  24.3637 15.29766432264226
1 52357U 22045AC  26001.64661016  .00000011  00000-0  18799-4 0  9994
2 52357  53.2163 140.0887 0001227  85.7184 274.3949 15.08843596205663
1 55265U 23008C   26001.66651437 -.00000150  00000-0  00000-0 0  9990
2 55265   2.4632  77.2239 0054130  73.2867 286.7900  1.03135183  6179
1 49496U 21109B   26001.67442409  .00001453  00000-0  19978-3 0  9990
2 49496  98.2292  71.8268 0115548 324.4450  34.9097 14.75501084220982
1 56802U 23078AM  26001.72709713  .00000028  00000-0  10113-4 0  9996
2 56802  70.0009 133.2793 0002736 273.9644  86.1202 14.98333518143147
1 54686U 22167E   26001.74725096  .00021505  00000-0  75226-3 0  9994
2 54686  97.6678 163.9333 0009686  40.1757 320.0197 15.29507141169840
1 46142U 20057AB  26001.75003471  .01719136  00000-0  61638-1 0  9990
2 46142  53.0547 256.3714 0001477  78.0328 215.4758 15.25325081  5759
1 54276U 22151T   26001.76626095  .00000191  00000-0  20515-3 0  9992
2 54276  98.8589 299.1522 0204155 258.6900  99.1250 13.76213751157094
1 45985U 20053A   26001.76800730 -.00000270  00000-0  00000+0 0  9990
2 45985   0.0111 293.1178 0000342 289.0100 252.2624  1.00270289 19985
1 54431U 22151FF  26001.77624678  .00001211  00000-0  75929-3 0  9994
2 54431  98.9765   8.3652 0116836  96.6647 264.7832 14.03057956160290
1 56080U 23043AL  26001.78300750  .00000127  00000-0  30260-3 0  9994
2 56080  87.9006 292.4360 0001865  81.5146 278.6195 13.15547542135747
1 58242U 23171N   26001.79480786  .00000671  00000-0  64751-4 0  9994
2 58242  43.0040 289.4015 0001401 265.1491  94.9192 15.02539372119661
1 56174U 23052A   26001.80206751 -.00000164  00000-0  00000+0 0  9994
2 56174   0.0207  63.6978 0001790 186.9661  48.5310  1.00271077 10150
1 55822U 23029AC  26001.80295829  .00000268  00000-0  68846-3 0  9991
2 55822  87.9006 322.9148 0001904  71.3242 288.8095 13.14502939137576
1 57114U 23090P   26001.81427006  .00003235  00000-0  25456-3 0  9997
2 57114  43.0034 278.0277 0000846 280.8687  79.2060 15.02521791140354
1 46699U 20073AF  26001.81684357  .00081501  00000-0  12053-2 0  9995
2 46699  53.0494 163.1524 0001828  17.5408 342.5665 15.54624366287311
1 54567U 22151LT  26001.82360517  .00000299  00000-0  19743-3 0  9996
2 54567  98.8494   2.6638 0056226 109.5839 251.1412 14.08244866161100
1 53447U 22098D   26001.87171826  .00129805  00000-0  14169-2 0  9991
2 53447  97.5382 125.9289 0003985 211.2109 148.8913 15.62925177189081
1 44907U 19096C   26001.87756715 -.00000034  00000-0 -31814-3 0  9993
2 44907  82.5185 187.1874 0010842 218.3942 141.6367 12.42885778272972
1 59435U 24065Q   26001.89014118  .00007969  00000-0  28091-3 0  9998
2 59435  53.1587 231.8434 0001206  49.9409 310.1697 15.30197139 98706
1 53508U 22099AV  26001.89542724  .00001691  00000-0  12138-3 0  9998
2 53508  97.6018 125.4026 0001176  94.0609 266.0752 15.05648339186004
1 55826U 23029AG  26001.89898560 -.00000039  00000-0 -12894-3 0  9995
2 55826  87.9219 307.6544 0001468 102.3343 257.7955 13.20769365139205
1 52744U 22057N   26001.90787454  .00012700  00000-0  41741-3 0  9991
2 52744  97.6433 143.2966 0007145 357.8083   2.3125 15.31670092200063
1 55466U 23015T   26001.91947103 -.00001060  00000-0 -63385-4 0  9998
2 55466  43.0055 328.4879 0001366 257.8030 102.2659 15.02547711160710
1 56385U 23061M   26001.92557629 -.00016070  00000-0 -11745-2 0  9999
2 56385  43.0025 200.0635 0001761 248.6520 111.4135 15.02624038146717
1 56226U 23084BK  26001.93739491  .00081130  00000-0  10107-2 0  9996
2 56226  97.5903 150.0309 0003565 138.6303 221.5223 15.59646930142841
1 49186U 21083A   26001.94604613  .00000223  00000-0  57496-3 0  9995
2 49186  87.8973 353.2957 0001801  89.5073 270.6263 13.13469065209104
1 48274U 21035A   26001.95000001  .00026593  00000-0  32148-3 0  9996
2 48274  41.4663 253.9368 0010148 200.7574 159.2853 15.60041329267184
1 58923U 24024G   26001.95182620  .00104963  00000-0  10268-2 0  9993
2 58923  97.3372  91.4655 0004463 310.8309  49.2563 15.65794802107274
1 49091U 21075S   26001.95388649  .00000322  00000-0  85910-3 0  9992
2 49091  87.8924  23.6751 0001413  98.7368 261.3920 13.12443243212743
1 56461U 23064P   26001.95432684  .00001104  00000-0  10029-3 0  9998
2 56461  70.0013 312.5619 0002764 261.8358  98.2487 14.98330851145251
1 56933U 23084B   26001.96000502  .00110057  00000-0  10482-2 0  9995
2 56933  97.5782 151.9263 0002251 119.5072 240.6412 15.66457093143001
1 49206U 21083W   26001.96459081  .00000029  00000-0  40549-4 0  9993
2 49206  87.9175   8.4580 0001806  91.9093 268.2246 13.18687662208065
1 55667U 23021AR  26001.97124707  .00000409  00000-0  42072-4 0  9995
2 55667  70.0039 332.5640 0002767 254.5386 105.5468 14.98334197159292
1 59926U 24106E   26001.97263655 -.00000197  00000-0  23766-5 0  9993
2 59926  43.0033 348.9383 0001482 261.9866  98.0818 15.27571295 90374
1 55410U 23014V   26001.97866774 -.00000800  00000-0 -59268-4 0  9992
2 55410  69.9983 252.4868 0003074 267.1513  92.9295 14.98321042161575
1 54542U 22151KS  26001.97870996  .00000933  00000-0  52179-3 0  9997
2 54542  98.8273   9.0396 0036595  69.6945 290.8155 14.12831254161574
1 48157U 21028A   26001.98717646  .00000045  00000-0  90124-4 0  9994
2 48157  99.5339  15.3628 0046533 161.0945 199.1946 13.77589850236628
1 46123U 20057G   26002.00003472  .00375720  00000-0  25082-2 0  9999
2 46123  53.0393 174.9668 0004031 133.7109  76.2980 15.73702998  5912
1 59804U 24093Y   26002.00225450  .00001488  00000-0  63611-4 0  9994
2 59804  43.0001 225.7509 0000532 314.7803  45.3005 15.27567220 92490
1 55622U 23020BF  26002.01974037 -.00000694  00000-0 -36328-4 0  9995
2 55622  43.0074 353.6587 0001821 280.7522  79.3115 15.02533278159046
1 54467U 22151GT  26002.03718212  .00006460  00000-0  17380-2 0  9998
2 54467  98.6216  38.1520 0099221 139.8312 221.0268 14.45443020164659
1 54312U 22151BF  26002.04102975  .00005474  00000-0  21435-2 0  9991
2 54312  98.8938  48.9850 0022141 259.4660 100.4027 14.29749144162769
1 48062U 21025W   26002.04761668  .00000262  00000-0  68187-3 0  9991
2 48062  87.8990 353.2218 0001608  95.7467 264.3845 13.13468712231790
1 59568U 24076E   26002.05662035 -.00003788  00000-0 -12824-3 0  9997
2 59568  43.0053  25.1705 0002056 287.5833  72.4794 15.27563139 96223
1 47284U 20100AC  26002.08263543 -.00000330  00000-0 -95239-3 0  9998
2 47284  87.8928  23.6488 0001567  90.3570 269.7738 13.12443417242867
1 47262U 20100E   26002.10975246  .00000355  00000-0  95003-3 0  9991
2 47262  87.8927  23.6344 0001454  98.9005 261.2288 13.12443363242738
1 56757U 23075A   26002.11072271  .00000153  00000-0  00000+0 0  9996
2 56757   0.0733  28.0145 0004054 298.4568 201.1412  1.00269838  9456
1 47382U 21005AK  26002.11614787  .00003718  00000-0  26832-3 0  9990
2 47382  53.0540 330.4753 0001353 107.6199 252.4938 15.06401239273425
1 44636U 19069C   26002.14102695  .00007411  00000-0  10166-2 0  9995
2 44636  87.8945 222.5787 0435764 256.7699  98.4555 14.29390862321446
1 57945U 23148L   26002.15064300 -.00000331  00000-0  96240-6 0  9992
2 57945  53.1591 333.4426 0001085  74.3063 285.8057 15.30189852128231
1 44528U 19059A   26002.17232698  .00000178  00000-0  76614-4 0  9999
2 44528  98.3449  69.3548 0000275 244.1603 115.9555 14.35443635330523
1 53395U 22097H   26002.19727488  .00000385  00000-0  42290-4 0  9998
2 53395  53.2183  62.6257 0001465 103.1376 256.9780 15.08836524188471
1 52737U 22057F   26002.19796809  .00012258  00000-0  40273-3 0  9996
2 52737  97.6346 142.2158 0006255   1.7774 358.3488 15.31698006200109
1 53057U 22077Q   26002.22079761 -.00001724  00000-0 -11527-3 0  9997
2 53057  97.6036 185.7782 0001528 110.4780 249.6611 15.05652779190981
1 59713U 24088F   26002.23479192 -.00003807  00000-0 -26612-4 0  9995
2 59713  53.1597 293.9442 0001041 119.1758 240.9364 15.69680447 95831
1 58386U 23178N   26002.25758050  .00002487  00000-0  96062-4 0  9991
2 58386  53.1596 309.9168 0001079  92.0697 268.0427 15.30194312119691
1 57898U 23146H   26002.26108644 -.00003805  00000-0 -26692-3 0  9990
2 57898  43.0032 314.3041 0001284 264.4371  95.6325 15.02517315127076
1 50481U 21132N   26002.26316401 -.00000007  00000-0 -50283-4 0  9991
2 50481  87.9170   8.3848 0001841  82.9111 277.2231 13.18686598199748
1 56515U 23065N   26002.27434998  .00001604  00000-0  13378-3 0  9990
2 56515  43.0023 211.2630 0000957 257.9484 102.1251 15.02540271146630
1 51053U 22002BX  26002.29284773  .00053551  00000-0  81448-3 0  9999
2 51053  97.3066  78.2327 0002969 174.1451 185.9839 15.54371158221014
1 48621U 21043A   26002.30364593 -.00000193  00000-0 -10112-3 0  9997
2 48621  65.9995 357.6947 0009601 280.9098  79.0890 13.83375163233606
1 57490U 23111A   26002.30835678  .00000199  00000-0  11429-3 0  9992
2 57490  98.7055  75.2673 0000984 118.7428 241.3847 14.19900072125328
1 53029U 22076AV  26002.32603800  .00000705  00000-0  62402-4 0  9998
2 53029  53.2199  12.0388 0001440  87.1878 272.9279 15.08838340193102
1 55774U 23028AK  26002.32661052  .00000610  00000-0  58936-4 0  9990
2 55774  69.9999  31.7372 0003719 267.7902  92.2832 14.98335320156597
1 54439U 22151FP  26002.33083107  .00001055  00000-0  96370-3 0  9990
2 54439  99.0140 320.4118 0200677 259.8868  97.9592 13.76744666157551
1 57296U 23096G   26002.33335648  .00585496  00000-0  67324-2 0  9995
2 57296  42.9817 179.6279 0034078 288.2874 355.5313 15.58695786  5969
1 59486U 24071C   26002.35122307  .00000680  00000-0  34230-4 0  9999
2 59486  43.0012 354.0707 0001797 168.6981 191.3912 15.27575215 98062
1 48676U 21044AQ  26002.39259490  .00002088  00000-0  15900-3 0  9999
2 48676  53.0556  49.2349 0001397 104.2357 255.8787 15.06398583253853
1 58369U 23177U   26002.39758937  .00004654  00000-0  35925-3 0  9998
2 58369  43.0051 351.8085 0001548 273.3517  86.7149 15.02549294118244
1 57874U 23144L   26002.41508898  .00001566  00000-0  13100-3 0  9994
2 57874  42.9997 262.1179 0000650 286.8633  73.2138 15.02531324127930
1 53817U 22113C   26002.42177638  .00073023  00000-0  14371-2 0  9994
2 53817  97.5084  74.4689 0005547  77.1429 283.0440 15.46980638182460
1 51733U 22016V   26002.43141895  .00000621  00000-0  57099-4 0  9998
2 51733  53.2171 256.5770 0001465  83.6499 276.4660 15.08836924213561
1 53184U 22083BE  26002.43178009  .00000636  00000-0  58048-4 0  9992
2 53184  53.2184  61.1481 0001351  87.1319 272.9828 15.08846760191921
1 48679U 21044AT  26002.44788349  .00000994  00000-0  85619-4 0  9997
2 48679  53.0563  48.9883 0001404  79.5438 280.5709 15.06400591253869
1 56274U 22151ACS 26002.45200402 -.00000105  00000-0 -37667-4 0  9993
2 56274  98.8594 359.9475 0063571 112.8681 247.9216 14.05917181143174
1 53177U 22083AX  26002.48381731 -.00000100  00000-0  11778-4 0  9993
2 53177  53.2179  76.3191 0001302 104.4900 255.6236 15.08837170191700
1 53432U 22097AW  26002.49256451 -.00004295  00000-0 -25213-3 0  9991
2 53432  53.2180  41.0525 0001604  90.3252 269.7924 15.08806083188798
1 48075U 21025AK  26002.50651838  .00000206  00000-0  52804-3 0  9990
2 48075  87.8979 353.1815 0001439  84.3985 275.7308 13.13468153231973
1 57733U 23131B   26002.51000509  .00001112  00000-0  97358-4 0  9996
2 57733  43.0016 170.9942 0001241 267.6705  92.3995 15.02535259129987
1 58411U 23180K   26002.52002990  .00001110  00000-0  97186-4 0  9998
2 58411  43.0021  54.4621 0000897 260.2889  99.7852 15.02537363117545
1 47697U 21014G   26002.53483875  .00000061  00000-0  25317-3 0  9992
2 47697  63.3982 293.4718 0145805 358.5558   1.5025 13.41583939237777
1 46506U 20068W   26002.53682475  .00022095  00000-0  76762-3 0  9996
2 46506  97.8673 352.8377 0004525 208.7355 151.3636 15.29763597289934
1 56002U 23042S   26002.54688385 -.00002353  00000-0 -15917-3 0  9992
2 56002  43.0039  55.2655 0000822 267.1843  92.8906 15.02530136152968
1 54742U 22170B   26002.56238281  .00000000  00000-0  00000-0 0  9999
2 54742   0.0185  52.3726 0000782 274.9014 248.3918  1.00269614 11115
1 47862U 21021C   26002.56675522  .00001812  00000-0  14055-3 0  9991
2 47862  53.0565 198.4558 0001327  99.7371 260.3768 15.06391348266367
1 47227U 20091A   26002.58502475 -.00000025  00000-0 -25245-3 0  9990
2 47227  82.5040  45.3775 0021081 178.4867 181.6280 12.42886249230509
1 49279U 21090A   26002.58632230  .00000020  00000-0  18750-4 0  9999
2 49279  87.9002 322.7109 0001772  70.7777 289.3544 13.14505234205825
1 53878U 22115B   26002.60186837  .00002132  00000-0  31817-3 0  9992
2 53878  98.4337  72.5106 0115679 234.5326 124.5041 14.71542304176206
1 56749U 23072G   26002.60812935  .00037464  00000-0  91106-3 0  9993
2 56749  97.5030 204.8808 0003377 213.5851 146.5182 15.40874048144885
1 56178U 23054A   26002.62090104 -.00000035  00000-0  25380-5 0  9995
2 56178  98.1349 269.1590 0009175 340.3759  19.7090 14.65836803146155
1 46905U 20081A   26002.62301446  .00006757  00000-0  51433-3 0  9995
2 46905  36.8980 127.1974 0016140 237.7761 122.1416 15.01670374282571
1 58555U 23193C   26002.63148211  .00002538  00000-0  10072-3 0  9993
2 58555  97.2696 358.3899 0038781 134.6247 225.8166 15.25569362 76836
1 51652U 22012AG  26002.64921598 -.00000046  00000-0 -16797-3 0  9995
2 51652  87.8785  69.2801 0001792  95.2222 264.9110 13.10369604187621
1 46173U 20057BJ  26002.66668981  .01849893  00000-0  84225-1 0  9999
2 46173  53.0539 252.7300 0001702  90.0783 313.9159 15.16877369  5845
1 48094U 21027C   26002.68562538  .00008133  00000-0  56423-3 0  9998
2 48094  53.0541 107.9267 0000958  71.5889 288.5204 15.06400899262479
1 58104U 23161H   26002.69935872  .00001360  00000-0  58064-4 0  9997
2 58104  53.1608 112.1770 0001109  81.2923 278.8203 15.30190210124311
1 57050U 23088C   26002.71756376  .00001376  00000-0  11696-3 0  9993
2 57050  43.0034 106.1388 0001280 268.2495  91.8201 15.02533864140448
1 49059U 21070A   26002.73384582  .00000187  00000-0  13026-3 0  9998
2 49059  88.9953 236.5341 0002030 118.9430 241.1949 13.94361687224877
1 46320U 20061BA  26002.74203966  .00050626  00000-0  87349-3 0  9994
2 46320  97.2741  73.5493 0000724  75.4794 284.6538 15.50866943295961
1 45098U 20006BG  26002.75780811  .00008099  00000-0  55064-3 0  9990
2 45098  53.0528 182.5193 0001520 132.8776 227.2341 15.07160068327087
1 55420U 23014AF  26002.76681778  .00000158  00000-0  21073-4 0  9997
2 55420  69.9997 210.6918 0002669 264.2778  95.8076 14.98331310162673
1 56785U 23078U   26002.77447054 -.00000018  00000-0  62779-5 0  9995
2 56785  70.0008 150.7773 0002910 272.4793  87.6033 14.98331532143491
1 51113U 22005K   26002.77914896 -.00000639  00000-0 -22058-4 0  9992
2 51113  53.2177 225.0086 0001770  96.8947 263.2246 15.08827534218929
1 49050U 92093LX  26002.77927403  .00035733  00000-0  17005-1 0  9995
2 49050  71.0190 142.1457 0007558 359.3139   0.7975 14.19130839  9691
1 58060U 23158K   26002.79125832  .00000943  00000-0  84902-4 0  9998
2 58060  43.0057  28.8089 0001860 256.4289 103.6346 15.02539433123617
1 52309U 22041BA  26002.79385140  .00000262  00000-0  34540-4 0  9995
2 52309  53.2182  24.9374 0001429  91.9090 268.2066 15.08845611205911
1 53745U 22107AX  26002.79434509  .00000202  00000-0  30766-4 0  9997
2 53745  53.2175 200.0654 0001661 132.2406 227.8728 15.08841193184647
1 47907U 21021AZ  26002.81555907  .00000407  00000-0  46209-4 0  9999
2 47907  53.0542 217.3435 0001330  61.9739 298.1384 15.06399600266081
1 54554U 22151LE  26002.82466196  .00000610  00000-0  36313-3 0  9992
2 54554  98.8470   8.2615 0051045  47.6818 312.8661 14.10431105161467
1 56003U 23042T   26002.82499752  .00000770  00000-0  72044-4 0  9996
2 56003  43.0050  53.9125 0001350 260.5152  99.5538 15.02537866153004
1 51622U 22012A   26002.82829764  .00000088  00000-0  19458-3 0  9995
2 51622  87.9101  38.7174 0002944 116.2439 243.8995 13.17647163191920
1 55755U 23028Q   26002.83335648  .01245660  00000-0  18856-1 0  9995
2 55755  70.0010  46.7908 0003322 276.6598 256.2238 15.51785594  5681
1 47556U 21009J   26002.83335648  .00207479  00000-0  24172-2 0  9996
2 47556  53.0486 293.6414 0008632  83.2248 335.4315 15.60449598  5965
1 54389U 22151DM  26002.84701284  .00001087  00000-0  79932-3 0  9993
2 54389  98.9032 338.1835 0126404 177.4710 182.7118 13.93996939159236
1 47947U 21022R   26002.90333356  .00000366  00000-0  27075-4 0  9990
2 47947  97.3825 245.0246 0018612  26.3292 333.8879 15.08830000263087
1 46171U 20057BG  26002.91208886  .00057633  00000-0  12311-2 0  9999
2 46171  53.0486 215.2467 0014144 121.9399 238.2984 15.44220182297926
1 46129U 20057N   26002.91668980  .00179852  00000-0  44804-2 0  9997
2 46129  53.0526 209.4710 0001773  70.8154 168.7865 15.39071486  5843
1 54896U 22151QH  26002.92635658  .00000147  00000-0  11424-3 0  9994
2 54896  98.8442 356.6173 0065086 107.3303 253.4999 14.05577804158424
1 54926U 22151RP  26002.94546690  .00001577  00000-0  93592-3 0  9991
2 54926  98.8302 355.9674 0064150  97.1761 263.6708 14.07927663160772
1 51846U 22019Y   26002.94591529  .00089864  00000-0  13056-2 0  9994
2 51846  97.3787  90.6049 0003934  51.2676 308.8930 15.55479772213987
1 51835U 22019M   26002.95003429  .00115331  00000-0  13490-2 0  9991
2 51835  97.3842  92.7768 0003884  23.8120 336.3316 15.61181952214163
1 52475U 22049AA  26002.95120245  .00001125  00000-0  88769-4 0  9999
2 52475  53.2194 354.4548 0001645 115.7736 244.3426 15.08839893202326
1 55812U 23029S   26002.95348148  .00000024  00000-0  28577-4 0  9998
2 55812  87.9216 337.8532 0001667  71.3060 288.8253 13.19726183137136
1 55237U 22151XE  26002.95756287  .00007160  00000-0  14504-2 0  9992
2 55237  98.7727  86.1851 0108370  46.6872 314.3298 14.57901747165192
1 44529U 19059B   26002.96687772  .00001309  00000-0  36300-3 0  9998
2 44529  98.5844 129.2309 0013637 149.8119 210.3862 14.48176278333079
1 56354U 23058AP  26002.96983565  .00000254  00000-0  21823-4 0  9993
2 56354  97.6032   6.3700 0001652  85.1720 274.9696 15.05646690148306
1 59782U 24093A   26002.98737931  .00000123  00000-0  13981-4 0  9998
2 59782  43.0011 216.7442 0000925 239.6745 120.4015 15.27574762 92684
1 55199U 22151VQ  26002.99288403  .00006030  00000-0  27807-2 0  9998
2 55199  98.8083  13.7263 0043423  74.9815 285.6161 14.20863833157100
1 47919U 21021BM  26002.99616413  .00002852  00000-0  21021-3 0  9991
2 47919  53.0531 216.5311 0001454  87.9451 272.1705 15.06408422266130
1 45586U 20025BH  26003.00002315  .00128002  00000-0  29145-2 0  9995
2 45586  53.0526 343.5852 0003500  64.7886 258.1609 15.42025768  5880
1 54857U 22177AP  26003.00089379  .00000099  00000-0  22393-4 0  9996
2 54857  43.0025 117.2921 0001140 271.9377  88.1335 15.02532741167226
1 55392U 23014B   26003.01299315  .00004603  00000-0  39331-3 0  9990
2 55392  70.0002 209.9374 0002819 279.0604  81.0236 14.98334621162715
1 58966U 24031B   26003.02157318  .00002458  00000-0  95122-4 0  9994
2 58966  53.1604 241.3962 0000944  73.1337 286.9767 15.30185272106481
1 51131U 22005AD  26003.02845891 -.00000631  00000-0 -21536-4 0  9991
2 51131  53.2173 233.8833 0001296  76.7481 283.3656 15.08835068218812
1 51130U 22005AC  26003.03582096  .00002359  00000-0  16631-3 0  9992
2 51130  53.2154 233.8536 0001356  97.1863 262.9283 15.08829573218811
1 53082U 22077AR  26003.06798934 -.00000239  00000-0 -14101-4 0  9990
2 53082  97.6026 185.9640 0002808 154.8291 205.3071 15.01259946191079
1 56138U 23046AY  26003.08231831 -.00000231  00000-0 -20183-5 0  9992
2 56138  43.0031 142.3995 0001150 270.7398  89.3312 15.02526178152340
1 54628U 22151PE  26003.09872784  .00000513  00000-0  46336-3 0  9996
2 54628  98.9276 317.2430 0183337 242.3898 115.8535 13.80910311157153
1 53423U 22097AM  26003.09979447  .00000355  00000-0  40370-4 0  9998
2 53423  53.2193  48.5790 0001410  95.1053 265.0100 15.08843456188728
1 45309U 91056AX  26003.12046551  .00006499  00000-0  14581-1 0  9995
2 45309  82.5965 280.8859 0145567  24.5145 336.2811 13.22999234281826
1 56496U 23064BA  26003.12217377 -.00000374  00000-0 -23534-4 0  9993
2 56496  69.9996 269.6724 0001969 265.8848  94.2086 14.98330018146414
1 59361U 24060P   26003.12413399  .00005331  00000-0  20327-3 0  9998
2 59361  43.0025 270.2877 0002541 243.3030 116.7562 15.27552779100032
1 47632U 21012N   26003.12469511  .00018497  00000-0  12564-2 0  9997
2 47632  53.0537 270.9519 0001190 104.6159 255.4962 15.06429147271414
1 47274U 20100S   26003.12962086  .00000273  00000-0  72265-3 0  9999
2 47274  87.8915  23.4767 0001636  80.7234 279.4079 13.12440644243098
1 56688U 23067A   26003.14275891  .00001261  00000-0  10839-3 0  9993
2 56688  43.0033 271.1473 0001177 274.9537  85.1171 15.02535128145865
1 55435U 23014AW  26003.15972336  .00000752  00000-0  70821-4 0  9995
2 55435  69.9995 269.6510 0002467 266.8193  93.2684 14.98334182161254
1 52661U 22053F   26003.16667823  .01716295  00000-0  50444-1 0  9991
2 52661  53.2202  87.3011 0001396 105.2334   1.0289 15.31357966  5824
1 48364U 21038M   26003.20858920 -.00000252  00000-0  19605-5 0  9990
2 48364  53.0552 290.7333 0001466 102.2964 257.8189 15.06404704257224
1 59678U 24085B   26003.22593483  .00173089  00000-0  15841-2 0  9990
2 59678  97.3500  91.4785 0005793 262.3410  97.7192 15.67237170 93081
1 51889U 22022AP  26003.23637630  .00001096  00000-0  86958-4 0  9996
2 51889  53.2184 292.9538 0001307  91.5829 268.5313 15.08844590213366
1 56732U 23069B   26003.24357128  .00013140  00000-0  78911-3 0  9994
2 56732  41.0097 285.5420 0002519 236.4619 123.5954 15.10656912145285
1 57612U 23119L   26003.24875549  .00000324  00000-0  39069-4 0  9992
2 57612  43.0034  77.0450 0001173 271.8178  88.2530 15.02535598133248
1 55938U 23037AA  26003.29117113 -.00001631  00000-0 -12894-3 0  9991
2 55938  70.0006  89.3707 0003114 268.8888  91.1914 14.98331704154180
1 58923U 24024G   26003.29377095  .00105800  00000-0  10232-2 0  9996
2 58923  97.3373  92.8641 0004448 304.3603  55.7236 15.66079600107488
1 54805U 22175AZ  26003.31085661  .00000703  00000-0  62270-4 0  9991
2 54805  53.2201 322.3284 0001426  98.5795 261.5359 15.08846937170265
1 44353U 19036Q   26003.32138134  .00007154  00000-0  55672-3 0  9999
2 44353  24.0004   0.9555 0001205 202.0342 158.0108 14.98596447357090
1 45689U 20035AJ  26003.33573001  .00001469  00000-0  11745-3 0  9996
2 45689  53.0561 350.0046 0001443  96.8084 263.3069 15.06407628308930
1 49310U 21090AH  26003.36762381  .00000041  00000-0  67899-4 0  9994
2 49310  87.9233 307.3479 0002257  80.2102 279.9286 13.20801109208078
1 53900U 22119Q   26003.40331412  .00000964  00000-0  78652-4 0  9992
2 53900  53.2172 256.8434 0001429  91.1419 268.9736 15.08839712181838
1 47778U 21017BJ  26003.40437148  .00001914  00000-0  14733-3 0  9992
2 47778  53.0573 144.6925 0001248  88.8265 271.2867 15.06409471267905
1 49284U 21090F   26003.40939867  .00000006  00000-0 -16827-4 0  9991
2 49284  87.9226 307.3025 0001776  81.3246 278.8089 13.20771950208803
1 53000U 22076Q   26003.44292104  .00000149  00000-0  27479-4 0  9999
2 53000  53.2214  27.0266 0001698  93.4294 266.6893 15.08836701192994
1 51811U 22017AV  26003.44797936  .00000065  00000-0  22141-4 0  9993
2 51811  53.2174 272.0024 0001320  80.2517 279.8624 15.08840397214118
1 50166U 21125L   26003.46088531  .00001320  00000-0  10104-3 0  9990
2 50166  53.2172 181.8747 0001164  89.8301 270.2825 15.08833921226744
1 58112U 23161R   26003.46311004 -.00001913  00000-0 -52489-4 0  9998
2 58112  53.1598 108.6079 0000785 107.3626 252.7460 15.30203960124435
1 53287U 22086AX  26003.47144230 -.00000058  00000-0  14439-4 0  9998
2 53287  53.2177 116.8962 0001133  87.9697 272.1424 15.08831948191346
1 59281U 24052B   26003.47837226  .00000228  00000-0  15620-3 0  9997
2 59281  50.0116   0.4253 0004985 330.1767  29.8863 14.27897786 93071
1 54671U 22166AF  26003.48660652 -.00000156  00000-0 -40854-3 0  9996
2 54671  87.9229 276.8192 0001742  75.8224 284.3103 13.21826078149787
1 54386U 22151DJ  26003.49205949  .00000331  00000-0  24655-3 0  9992
2 54386  98.9131 348.0222 0128039 181.2449 178.8414 13.97719396159735
1 59670U 24084S   26003.50181604  .00001130  00000-0  50581-4 0  9999
2 59670  43.0014  46.4685 0001001 287.4973  72.5770 15.27578349 94424
1 57633U 23122B   26003.51448112  .00000832  00000-0  76654-4 0  9996
2 57633  43.0038  89.1344 0001325 272.5598  87.5092 15.02533507132370
1 58210U 23170E   26003.51522505  .00000242  00000-0  33018-4 0  9992
2 58210  43.0027 190.2221 0001140 259.2971 100.7743 15.02533831120479
1 49318U 21091D   26003.54703150  .00000114  00000-0  98795-4 0  9992
2 49318  97.4779  66.4583 0012588  89.9097 270.3514 14.00110004225044
1 51949U 22023D   26003.57278534  .00027021  00000-0  11200-2 0  9997
2 51949  63.4585 111.1853 0110520 351.7036   8.2244 15.18338159212723
1 57100U 23089B   26003.57835604 -.00000065  00000-0  00000-0 0  9996
2 57100   2.4349 194.6407 0178300  60.9480 300.7428  0.96425522  5862
1 55956U 23037AU  26003.58298800 -.00001113  00000-0 -85433-4 0  9991
2 55956  70.0000  68.5012 0003431 275.2089  84.8679 14.98339568154722
1 47264U 20100G   26003.58368472  .00000452  00000-0  12218-2 0  9997
2 47264  87.8925  23.3383 0001716 103.6645 256.4675 13.12441172243130
1 54974U 22151TP  26003.58604443  .00010251  00000-0  22524-2 0  9991
2 54974  98.6365  51.8144 0092852 103.7609 257.3942 14.55054277165007
1 55492U 23015AV  26003.59447908 -.00000757  00000-0 -40975-4 0  9993
2 55492  43.0047 332.5448 0001046 267.2238  92.8485 15.02529845160818
1 52678U 22053Y   26003.59656041  .00000775  00000-0  66783-4 0  9990
2 52678  53.2187  76.4391 0001325  90.7870 269.3274 15.08851614201340
1 56338U 23058X   26003.59658011  .00000108  00000-0  12986-4 0  9998
2 56338  97.6032   6.4697 0002010  50.1469 309.9932 15.01261336148369
1 54743U 22170C   26003.60349238 -.00000005  00000-0  00000-0 0  9997
2 54743   0.7122  27.3682 0001985 248.4949  44.2899  1.00272050 11328
1 52672U 22053S   26003.60667961  .00002360  00000-0  16634-3 0  9990
2 52672  53.2201  86.2895 0001784  86.1726 273.9470 15.08834023201217
1 56888U 23083N   26003.61884127  .00000847  00000-0  77750-4 0  9998
2 56888  43.0036  75.2160 0001633 279.0451  81.0207 15.02533787141886
1 53728U 22107AE  26003.63795192 -.00001527  00000-0 -77916-4 0  9991
2 53728  53.2169 186.1034 0001436  85.8794 274.2362 15.08832477184735
1 57375U 23099AZ  26003.63986704  .00000993  00000-0  88549-4 0  9993
2 57375  43.0035 229.2059 0001082 258.8513 101.2207 15.02541915136484
1 51738U 22016AA  26003.65590078  .00000263  00000-0  34636-4 0  9993
2 51738  53.2185 251.0701 0001373  93.1814 266.9335 15.08836727213744
1 46556U 20070AA  26003.66668981  .00171913  00000-0  44035-2 0  9996
2 46556  53.0517  94.5712 0003578 273.7340  83.5688 15.38250979  5828
1 48985U 21060U   26003.68334462  .00000077  00000-0  16784-3 0  9993
2 48985  87.9041 261.5269 0001566  65.9411 294.1883 13.16594073217947
1 58804U 24012T   26003.75385994  .00001736  00000-0  72597-4 0  9996
2 58804  43.0045 172.0761 0001678 275.0936  84.9725 15.27579338111302
1 53640U 22104BE  26003.80628735  .00000217  00000-0  31690-4 0  9990
2 53640  53.2175 155.1389 0001217  85.8549 274.2582 15.08838290186431
1 49263U 21088D   26003.85047205  .00044408  00000-0  54362-3 0  9998
2 49263  97.4328  92.7099 0004952 177.6363 182.4918 15.60249812236741
1 53718U 22107U   26003.86710750 -.00000052  00000-0  14852-4 0  9993
2 53718  53.2176 185.3834 0001373  88.2280 271.8870 15.08839338184615
1 48231U 21031X   26003.87082347  .00000200  00000-0  50404-3 0  9993
2 48231  87.9004 322.4795 0001717  81.4539 278.6786 13.14502784226555
1 56892U 23083S   26003.87809062  .00000853  00000-0  78204-4 0  9998
2 56892  43.0056  73.7209 0001280 261.8604  98.2093 15.02540373141924
1 59381U 24062H   26003.89855592  .00001055  00000-0  47763-4 0  9994
2 59381  53.1580 199.3090 0000972  90.8988 269.2124 15.30192083 99670
1 51129U 22005AB  26003.91261478  .00000268  00000-0  34931-4 0  9996
2 51129  53.2174 229.9182 0001251  90.1637 269.9499 15.08836515218955
1 55150U 23004L   26003.92419916  .00000043  00000-0  75790-4 0  9996
2 55150  87.9161   8.0989 0000511 111.8518 248.2669 13.18685799148058
1 54152U 22139C   26003.92710737  .00000044  00000-0  24369-3 0  9996
2 54152  82.5040  90.1505 0020048 225.6403 134.3035 12.42859992145240
1 54403U 22151EB  26003.92914651  .00013867  00000-0  51786-2 0  9999
2 54403  98.6757 358.8663 0111635 300.1182  58.8972 14.28558587162507
1 54885U 22151PW  26003.93269514  .00003550  00000-0  18341-2 0  9993
2 54885  98.8165   7.2131 0049803  86.0530 274.6335 14.14989730159224
1 52788U 22058D   26003.93934593  .00007539  00000-0  68588-3 0  9995
2 52788  50.0021 243.8306 0006165  88.6947 271.4703 14.95997038195549
1 57044U 23085AS  26003.95327437  .00024100  00000-0  81668-3 0  9998
2 57044  97.4836 115.2435 0007204 310.0546  50.0062 15.30533349141670
1 55580U 23020M   26003.95784015  .00000695  00000-0  66526-4 0  9999
2 55580  43.0042 330.2435 0001166 265.2625  94.8084 15.02535322159488
1 57178U 23091N   26003.97360347  .00020456  00000-0  78429-3 0  9993
2 57178  97.5341  67.8413 0010926 318.2733  41.7671 15.26482445139339
1 55189U 22151VE  26003.97882232  .00005406  00000-0  26243-2 0  9995
2 55189  98.8484  15.3800 0049051  80.1221 280.5486 14.18077914159359
1 57978U 23151Q   26003.98536061  .00000424  00000-0  46467-4 0  9998
2 57978  43.0081 343.6751 0001067 246.0546 114.0185 15.02534566125841
1 46810U 20076D   26003.98669700  .00008761  00000-0  59391-3 0  9992
2 46810  35.0013 335.1965 0010589 171.7498 188.3387 15.05710849283804
1 57338U 23099L   26003.99198444  .00000728  00000-0  68987-4 0  9997
2 57338  43.0036 240.5813 0000911 251.7634 108.3110 15.02534841136384
1 54284U 22151AB  26004.00108411  .00003958  00000-0  20041-2 0  9995
2 54284  98.8277  11.3752 0043401  68.5660 292.0136 14.16151696161582
1 59989U 78113E   26004.00776541 -.00000084  00000-0  00000-0 0  9995
2 59989   8.5342 303.6011 0169194  81.0982 280.9527  0.98456407 43605
1 59553U 24074V   26004.01627600 -.00000902  00000-0 -23276-4 0  9995
2 59553  43.0048 348.7401 0000937 246.6134 113.4620 15.27578849 96121
1 51884U 22022AJ  26004.06069953 -.00000020  00000-0  16845-4 0  9995
2 51884  53.2208 289.2539 0001563  90.9817 269.1354 15.08842651213573
1 54090U 22136AR  26004.09426668  .00001299  00000-0  99687-4 0  9999
2 54090  53.2172 264.0084 0001323  96.8996 263.2147 15.08841880177238
1 51717U 22016D   26004.09754268  .00000697  00000-0  61868-4 0  9990
2 51717  53.2167 259.1774 0001135  94.7079 265.4043 15.08846446213677
1 51870U 22022U   26004.10761921 -.00000274  00000-0  87750-6 0  9995
2 51870  53.2188 299.0427 0001416  90.5766 269.5388 15.08848640213414
1 54505U 22151JH  26004.11855064  .00006438  00000-0  20527-2 0  9991
2 54505  98.9345  70.5943 0070361 210.0838 149.6299 14.38698633164187
1 47256U 20099A   26004.11928324 -.00000163  00000-0  00000-0 0  9997
2 47256   0.0548  93.6384 0008206 178.1950 317.8309  1.00272342 18554
1 54578U 22151ME  26004.13735658  .00120732  00000-0  86522-2 0  9990
2 54578  98.6360  76.4784 0037349  19.7691 340.4969 15.03225579 95433
1 57883U 23144V   26004.14068034  .00000507  00000-0  52586-4 0  9995
2 57883  42.9999 277.9790 0001126 267.8938  92.1775 15.02531873127904
1 59667U 24084P   26004.14155081  .00003385  00000-0  13257-3 0  9998
2 59667  43.0059  42.6742 0000926 292.1687  67.9066 15.27555158 94543
1 57501U 23113G   26004.14425594  .00001253  00000-0  10778-3 0  9991
2 57501  43.0043   7.8141 0001219 272.9047  87.1656 15.02538356133849
1 53684U 22105AN  26004.16249917  .00000695  00000-0  58670-4 0  9997
2 53684  97.6033 247.0985 0000757 193.0057 167.1148 15.01261709183535
1 58543U 23192N   26004.16339524 -.00000576  00000-0 -73163-5 0  9992
2 58543  53.1639   2.6351 0001596  84.8870 275.2313 15.30189380116107
1 55373U 23013AU  26004.18116610  .00003629  00000-0  28340-3 0  9998
2 55373  43.0045 304.0100 0000675 253.8831 106.1937 15.02559851161856
1 52453U 22049C   26004.18674299 -.00000016  00000-0  17068-4 0  9998
2 52453  53.2205 358.6876 0001419  96.0122 264.1032 15.08832836202372
1 57789U 23134U   26004.18786226  .00001022  00000-0  46639-4 0  9998
2 57789  43.0057  82.6512 0000842 284.8978  75.1780 15.27593891131004
1 57898U 23146H   26004.18892945  .00001763  00000-0  14549-3 0  9994
2 57898  43.0037 303.8297 0001545 270.8614  89.2051 15.02550084127365
1 59806U 24094B   26004.19053433  .00012057  00000-0  62365-3 0  9997
2 59806  97.4099  79.2080 0008469 303.3496  56.6926 15.16363942 90305
1 54198U 22141AT  26004.19546083 -.00000077  00000-0  13255-4 0  9990
2 54198  53.2175 283.4893 0001239  84.5268 275.5865 15.08838715176263
1 55846U 23032C   26004.19611868  .00021996  00000-0  58014-3 0  9998
2 55846  97.5771 106.5121 0034956 244.4475 115.3154 15.37871710156449
1 56968U 23084AN  26004.20995897  .00087144  00000-0  98935-3 0  9993
2 56968  97.4342 142.6068 0004947 102.0995 258.0817 15.62050601143467
1 48681U 21044AV  26004.23467554 -.00000415  00000-0 -89504-5 0  9999
2 48681  53.0559  11.2081 0001606  96.2687 263.8485 15.06390388254549
1 58915U 24023L   26004.28506553  .00003683  00000-0  47869-3 0  9992
2 58915  49.9999  32.6904 0019907 205.4605 154.5353 14.82630913104593
1 48767U 21045A   26004.28880018  .00000104  00000-0  24005-3 0  9990
2 48767  87.9014 291.8247 0001349  63.4805 296.6464 13.16138098222888
1 48278U 21036C   26004.28949140  .00002055  00000-0  15685-3 0  9990
2 48278  53.0547 315.8065 0001317  78.7914 281.3223 15.06393201259378
1 57056U 23088J   26004.29304448  .00000215  00000-0  31012-4 0  9999
2 57056  43.0013  97.3144 0000871 250.5169 109.5580 15.02533513140683
1 48124U 21027AJ  26004.29361770  .00002978  00000-0  21879-3 0  9994
2 48124  53.0569  90.7040 0001624  78.6849 281.4322 15.06391962262840
1 54687U 22167F   26004.29845022  .00056752  00000-0  72010-3 0  9990
2 54687  97.6193 176.9630 0003021 298.2451  61.8500 15.59257561171078
1 56802U 23078AM  26004.33044330  .00029700  00000-0  24701-2 0  9997
2 56802  70.0008 126.7132 0004341 265.6074  94.4589 14.98580051143538
1 59167U 24044R   26004.33547332 -.00000088  00000-0  63360-5 0  9994
2 59167  43.0003 110.4499 0001086 289.2941  70.7793 15.27556134103723
1 47780U 21017BL  26004.35905785  .00000960  00000-0  83390-4 0  9993
2 47780  53.0557 140.4104 0001335  88.1095 272.0047 15.06385769268086
1 55814U 23029U   26004.36400130 -.00000117  00000-0 -34922-3 0  9992
2 55814  87.9005 322.3659 0001800  84.8689 275.2646 13.14501847137845
1 52900U 22065G   26004.37785309  .00001200  00000-0  25103-3 0  9992
2 52900  98.1995 147.9605 0007729 170.1919 189.9434 14.61588004186510
1 48577U 21041AA  26004.39594576  .00000460  00000-0  49767-4 0  9996
2 48577  53.0537  60.5145 0001214  93.9795 266.1333 15.06385749255506
1 48364U 21038M   26004.40248433  .00117846  00000-0  76859-2 0  9993
2 48364  53.0558 285.3698 0001545  70.6527 289.4630 15.06942524257404
1 50140U 97084L   26004.41410661  .00002221  00000-0  66604-3 0  9995
2 50140  45.0151 126.5542 0004424 177.1041 182.9836 14.45389273216101
1 52581U 22051AX  26004.42134453  .00000018  00000-0  19252-4 0  9991
2 52581  53.2203  47.6366 0001474 100.4828 259.6331 15.08835319201880
1 58787U 24012A   26004.43714140 -.00000800  00000-0 -19557-4 0  9991
2 58787  43.0045 167.7533 0001283 263.5411  96.5294 15.27570248111415
1 56392U 23061U   26004.44102452 -.00000582  00000-0 -27982-4 0  9990
2 56392  43.0026 174.1236 0000862 262.6322  97.4422 15.02542964147238
1 48315U 21036AR  26004.45119670  .00000628  00000-0  61027-4 0  9994
2 48315  53.0563  19.9958 0001299 101.2432 258.8703 15.06396814258483
1 59587U 24077A   26004.46050038  .00015861  00000-0  48370-3 0  9998
2 59587  97.3637  88.5998 0008418 258.6489 101.3808 15.33994996 94597
1 56406U 23061AJ  26004.46421943  .00002300  00000-0  18521-3 0  9993
2 56406  43.0030 173.4337 0001411 258.4726 101.5958 15.02548351147243
1 48104U 21027N   26004.47654722 -.00002026  00000-0 -11719-3 0  9992
2 48104  53.0564  84.8806 0001756 118.0088 242.1079 15.06382182262956
1 54236U 22151B   26004.47694388  .00000017  00000-0  34519-4 0  9996
2 54236  98.8473   8.3384 0046343  84.8026 275.8430 14.09271836161586
1 58928U 24025A   26004.53337850  .00001011  00000-0  19584-3 0  9994
2 58928  98.0861 298.3845 0003323  65.5998 294.5551 14.65374750101968
1 55752U 23028M   26004.53408235 -.00003295  00000-0 -26833-3 0  9997
2 55752  69.9998  46.0803 0003331 270.8153  89.2624 14.98346682156434
1 58648U 23205D   26004.56477855  .00008003  00000-0  32460-3 0  9991
2 58648  97.3532  28.1250 0008412 179.2623 180.8629 15.24855318112555
1 48444U 21040S   26004.57560446 -.00002057  00000-0 -11932-3 0  9995
2 48444  53.0557 109.4383 0001258 102.9964 257.1166 15.06387361256962
1 45419U 20019BM  26004.58335648  .01004719  00000-0  59519-1 0  9991
2 45419  53.0540  94.3899 0001355  93.3135  18.4595 15.08281289  5834
1 44724U 19074M   26004.58335648  .00129358  00000-0  14519-2 0  9996
2 44724  53.0499  94.3813 0006216 323.9523 109.3330 15.61727769  5985
1 58916U 24023M   26004.58415338  .00000834  00000-0  15944-3 0  9990
2 58916  49.8968 126.9958 0095001   9.4095 350.8590 14.71156797103212
1 49106U 21075AH  26004.58831086  .00000140  00000-0  35242-3 0  9990
2 49106  87.8924  23.1343 0002210 105.8324 254.3049 13.12442004213097
1 45141U 20008L   26004.59632016 -.00000434  00000-0 -12787-2 0  9999
2 45141  87.8792  68.8856 0001934 100.3790 259.7555 13.10375416286876
1 45060U 20006S   26004.66670139  .00023177  00000-0  14572-2 0  9994
2 45060  53.0540 214.0122 0001348  74.6832 290.9955 15.09146331  5784
1 56773U 23078G   26004.67667645  .00000452  00000-0  45643-4 0  9994
2 56773  70.0006 106.0265 0003110 268.0572  92.0231 14.98325209144074
1 56795U 23078AE  26004.70625550 -.00000105  00000-0 -10159-5 0  9993
2 56795  70.0006 125.6116 0003272 269.0508  91.0276 14.98326457143599
1 49929U 14028L   26004.71325800  .00001676  00000-0  52873-2 0  9993
2 49929  82.5531   5.6786 0268640 337.1765  21.7578 12.91864640196523
1 56321U 23058E   26004.71714372 -.00021455  00000-0 -14877-2 0  9997
2 56321  97.6030   8.2010 0002391 102.0293 258.1202 15.05634877148220
1 49408U 21104A   26004.72497964  .00000171  00000-0  28812-4 0  9997
2 49408  53.2152 156.2983 0001269  86.1184 273.9953 15.08836153228971
1 56062U 23043S   26004.76946741  .00000122  00000-0  28653-3 0  9999
2 56062  87.9044 261.3085 0001506  85.5122 274.6181 13.16593488137472
1 58281U 23174AB  26004.78038152  .00064635  00000-0  11494-2 0  9992
2 58281  97.4002  91.6108 0006055  24.0863 336.0670 15.49929488120425
1 53628U 22104AS  26004.78422795 -.00000128  00000-0  10015-4 0  9992
2 53628  53.2172 160.5663 0001273  90.2358 269.8780 15.08836195186116
1 59334U 24057Q   26004.80492950 -.00005517  00000-0 -19101-3 0  9996
2 59334  43.0004 187.4327 0001428 273.9582  86.1107 15.27593760100076
1 52620U 22052Y   26004.81648605 -.00000066  00000-0  13938-4 0  9997
2 52620  53.2166 210.8614 0001222  91.7912 268.3220 15.08835922201131
1 48210U 21031A   26004.83023191 -.00000245  00000-0 -69554-3 0  9996
2 48210  87.9011 322.2502 0001614  78.1917 281.9394 13.14501838226857
1 52389U 22046B   26004.83357415  .00086218  00000-0  10289-2 0  9996
2 52389  97.4959 115.4780 0002351 277.3056  82.7933 15.60762296204865
1 49286U 21090H   26004.83615678 -.00000078  00000-0 -22446-3 0  9995
2 49286  87.9218 307.0237 0001638  81.1753 278.9566 13.20771569208285
1 56247U 22151ABP 26004.84032505  .00008858  00000-0  13250-2 0  9996
2 56247  98.4543  53.0329 0118936   1.1175 359.0273 14.70221388153772
1 53397U 22097K   26004.84224575  .00000400  00000-0  43258-4 0  9996
2 53397  53.2200  50.7441 0001632  86.8467 273.2712 15.08836021188873
1 48774U 21045H   26004.84591170  .00000090  00000-0  20509-3 0  9997
2 48774  87.9009 291.8224 0001789  61.0734 299.0576 13.15551430222887
1 58940U 24027K   26004.86474037  .00000938  00000-0  43803-4 0  9994
2 58940  53.1582 246.2826 0000974 114.5283 245.5819 15.30188181107554
1 51832U 22019J   26004.88378038  .00003150  00000-0  15101-3 0  9990
2 51832  97.3664  71.8202 0010448  82.3343 277.9078 15.19585539212990
1 52615U 22052T   26004.88640095  .00000835  00000-0  70569-4 0  9999
2 52615  53.2173 210.5475 0001409  84.5607 275.5546 15.08835182201143
1 52272U 22041M   26004.89426293 -.00000562  00000-0 -17215-4 0  9997
2 52272  53.2174  35.5477 0001348  90.5262 269.5885 15.08834874204730
1 49754U 21115AG  26004.95679347  .00000059  00000-0  21774-4 0  9990
2 49754  53.2177  65.3330 0001169  89.5666 270.5460 15.08842896226053
1 52888U 22064A   26004.96416863 -.00000099  00000-0  25357-4 0  9995
2 52888  51.9971 199.3781 0000988  72.6253 287.4722 12.62262337170524
1 58919U 24024C   26004.96640453  .00063339  00000-0  11239-2 0  9995
2 58919  97.3325  88.9249 0001634  25.3672 334.7659 15.50014200107397
1 46576U 20070AW  26005.00001157  .00123015  00000-0  26074-2 0  9997
2 46576  53.0466  71.2899 0005136 299.5420 252.7010 15.44174017  5899
1 56327U 23058L   26005.00208094  .00000154  00000-0  16551-4 0  9999
2 56327  97.6039   7.8351 0002789  41.7931 318.3506 15.01261867148572
1 58501U 23188B   26005.04565507  .00010965  00000-0  34801-3 0  9996
2 58501  46.9327 128.2128 0119705 266.5462  92.1751 15.26266848115864
1 54458U 22151GJ  26005.08665147  .00004232  00000-0  14851-2 0  9999
2 54458  99.0407  70.0037 0145613 289.7259  68.8265 14.29807045163359
1 54893U 22151QE  26005.09211530  .00003143  00000-0  89064-3 0  9995
2 54893  98.6367  46.5350 0069451  58.1132 302.6791 14.44826917162641
1 54920U 22151RH  26005.10496664  .00020242  00000-0  29671-2 0  9997
2 54920  98.6380  68.5933 0069896  53.8850 306.8800 14.73932158163207
1 58408U 23180G   26005.10747225 -.00001078  00000-0 -64757-4 0  9991
2 58408  43.0071  41.9540 0001591 272.6931  87.3729 15.02532969117907
1 56373U 23060D   26005.11536829 -.00000147  00000-0  00000+0 0  9995
2 56373   2.4423  80.3783 0015593 173.9913 321.9946  1.04744398 10269
1 59658U 24084E   26005.11672709  .00001769  00000-0  73827-4 0  9991
2 59658  42.9986  40.5544 0001356 276.4078  83.6619 15.27566772 94659
1 54901U 22151QN  26005.12905666  .00006578  00000-0  14139-2 0  9994
2 54901  98.6346  55.2396 0094634  94.5945 266.6069 14.56108242165492
1 51893U 22022AT  26005.14630828 -.00001209  00000-0 -57874-4 0  9998
2 51893  53.2197 284.3789 0001449  82.6175 277.4981 15.08837849213718
1 46460U 20065G   26005.15203865  .00039765  00000-0  69332-3 0  9992
2 46460  97.2515  55.4967 0008166 218.3142 141.7531 15.50588095294495
1 52859U 22062AF  26005.15320756 -.00000525  00000-0 -14923-4 0  9990
2 52859  53.2191 309.3494 0001354  82.4669 277.6477 15.08835305196332
1 56887U 23083M   26005.16559561 -.00003430  00000-0 -23895-3 0  9993
2 56887  43.0044  67.0399 0001481 265.0248  95.0425 15.02539985142117
1 57975U 23151M   26005.16561428 -.00001648  00000-0 -10690-3 0  9991
2 57975  43.0064 324.2992 0001500 268.9062  91.1608 15.02542095126177
1 46740U 20074B   26005.16670139  .00182935  00000-0  17527-2 0  9992
2 46740  53.0431 212.2444 0004465 127.6381 233.6322 15.65568060  5913
1 57871U 23144H   26005.17003483  .00002768  00000-0  21995-3 0  9993
2 57871  43.0012 272.7979 0001220 270.6433  89.4270 15.02531503127783
1 44888U 19093K   26005.17889269  .00351688  52748-4  79169-3 0  9993
2 44888  97.9115 237.6458 0014537 246.2580 113.7171 15.97473144336624
1 49057U 21069C   26005.18357714  .00018259  00000-0  61370-2 0  9996
2 49057   3.2427 322.2564 6423740  84.2371 340.8205  3.40521061 45193
1 49751U 21115AD  26005.18401254  .00000392  00000-0  42683-4 0  9995
2 49751  53.2176  74.1315 0001276  99.2171 260.8965 15.08840652225956
1 58614U 23201A   26005.19379653  .00005904  00000-0  23476-3 0  9991
2 58614  97.6110 311.7711 0006374  68.0892 292.1023 15.25669488113642
1 58744U 24005S   26005.19984015 -.00000120  00000-0  51604-5 0  9994
2 58744  42.9989  72.8616 0001171 290.8231  69.2495 15.27575582112495
1 56828U 23079F   26005.25917955 -.00000074  00000-0  95676-5 0  9996
2 56828  43.0038  91.9664 0001259 274.0254  86.0444 15.02534300143349
1 56463U 23064R   26005.26731462  .00000497  00000-0  49442-4 0  9990
2 56463  70.0009 304.4539 0002872 265.5261  94.5570 14.98322451145746
1 46916U 20082A   26005.26892380 -.00000355  00000-0  00000-0 0  9993
2 46916   1.0575 309.8783 0004035 357.9253  18.7779  1.00274419 19029
1 45227U 20012BB  26005.27325410  .00016539  00000-0  42549-3 0  9993
2 45227  53.0658 209.5385 0005017 149.5008 210.6288 15.39400075326935
1 58044U 23156S   26005.28093867  .00001133  00000-0  50380-4 0  9992
2 58044  53.1598 102.7345 0001130  67.1869 292.9251 15.30198020125320
1 58820U 24016A   26005.30804463  .00032642  00000-0  69554-3 0  9996
2 58820  97.4565  95.1960 0006196 289.3642  70.6937 15.44844467108847
1 44782U 19076D   26005.31244424 -.00000035  00000-0  61710-4 0  9993
2 44782  45.0054 187.6563 0012512  73.3384 286.8823 14.02002342314968
1 52534U 22051B   26005.32201914  .00001374  00000-0  10441-3 0  9992
2 52534  53.2195  53.5904 0001504  82.4613 277.6550 15.08840732202617
1 48576U 21041Z   26005.35839884  .00013207  00000-0  90351-3 0  9993
2 48576  53.0559  30.9222 0001449  92.2861 267.8294 15.06414543256018
1 54429U 22151FD  26005.38223861  .00000361  00000-0  31814-3 0  9991
2 54429  99.0325 342.1589 0166308 198.8628 160.6319 13.85386851158998
1 59020U 24037A   26005.42758812 -.00000365  00000-0  00000+0 0  9996
2 59020   4.4210 325.1758 0005896 351.5855  62.4590  1.00276395  6959
1 59014U 24036S   26005.42872214  .00003598  00000-0  13355-3 0  9992
2 59014  53.1601  12.2505 0001215  83.4894 276.6245 15.30199483105637
1 52287U 22041AC  26005.46001665  .00001016  00000-0  81924-4 0  9990
2 52287  53.2186  32.9711 0001371  85.8362 274.2787 15.08845039204824
1 48958U 21059CH  26005.46818876  .00025119  00000-0  46203-3 0  9998
2 48958  97.6869 187.9346 0007095 208.4290 151.6574 15.49170533252179
1 48640U 21044C   26005.47547464  .00003508  00000-0  25439-3 0  9999
2 48640  53.0536  40.6784 0001575  84.7871 275.3298 15.06388410254247
1 55143U 23004D   26005.48459920  .00000037  00000-0  60176-4 0  9995
2 55143  87.9158   7.7974 0001761  79.1479 280.9851 13.18684325148258
1 52649U 22052BD  26005.50139846  .00000417  00000-0  44272-4 0  9991
2 52649  53.2153 182.6368 0001341  97.9420 262.1724 15.08845821201606
1 55836U 23030A   26005.50333584 -.00000012  00000-0  21548-4 0  9997
2 55836  99.0180  15.7522 0001433  48.0844 312.0443 14.01359852144618
1 52368U 22045AP  26005.50417769 -.00000207  00000-0  50701-5 0  9997
2 52368  53.2183 112.7708 0001549  98.5571 261.5597 15.08838377206371
1 58104U 23161H   26005.50789134  .00002189  00000-0  86031-4 0  9993
2 58104  53.1615  99.1348 0001313 104.7621 255.3525 15.30191665124746
1 55152U 23004N   26005.51099925  .00000007  00000-0 -14772-4 0  9993
2 55152  87.9154   7.7864 0001318 116.3748 243.7519 13.18685940148255
1 58801U 24012Q   26005.51544524 -.00005134  00000-0 -17708-3 0  9995
2 58801  43.0003 162.0763 0000948 266.0808  93.9935 15.27597658111578
1 59201U 24046A   26005.51744455  .00002203  00000-0  86474-4 0  9991
2 59201  53.1601  89.0535 0001144  67.8214 292.2908 15.30198823103379
1 57787U 23134S   26005.52090600  .00000594  00000-0  59009-4 0  9997
2 57787  43.0031 180.3510 0001221 248.3047 111.7665 15.02534278129971
1 59781U 24092J   26005.53901330  .00000365  00000-0  15323-3 0  9995
2 59781  98.6526 124.9432 0011542 332.6694  27.3881 14.31758057 85620
1 56731U 23069A   26005.54213744  .00015302  00000-0  35030-3 0  9990
2 56731  40.9964  66.5223 0032081 214.1213 145.7548 15.41899584147941
1 56333U 23058S   26005.55064720  .00002368  00000-0  16829-3 0  9998
2 56333  97.6053   8.9368 0001534 133.6407 226.4947 15.05646880148698
1 55667U 23021AR  26005.57629758  .00003269  00000-0  28167-3 0  9996
2 55667  70.0023 323.4709 0002551 272.6232  87.4635 14.98330213159831
1 45699U 20035AU  26005.58336806  .00241654  00000-0  22318-2 0  9995
2 45699  53.0439 255.4149 0007140 107.9354 173.7605 15.66271770  5882
1 54927U 22151RQ  26005.60987806  .00025504  00000-0  38161-2 0  9992
2 54927  98.6481  68.2795 0070920  58.1581 302.6503 14.72947849166274
1 58295U 23174AR  26005.62441903  .00021894  00000-0  30458-3 0  9995
2 58295  97.4013  96.6295 0008143 357.3780   2.7431 15.56954005120843
1 45149U 20008U   26005.63878323  .00000039  00000-0  76067-4 0  9998
2 45149  87.8778  68.6699 0002342  96.6087 263.5307 13.10370139286898
1 57033U 23085AF  26005.63961666  .00138381  00000-0  12787-2 0  9993
2 57033  97.4824 131.1369 0004410 253.2977 106.7799 15.67113655142840
1 56840U 23079T   26005.66668981 -.00523047  00000-0 -63238-2 0  9994
2 56840  42.9757 297.0824 0002124 259.7528 120.4342 15.61526837  6082
1 47051U 93036BXF 26005.67074120  .00002751  00000-0  22113-2 0  9994
2 47051  74.1006 144.4764 0341089 252.5756 126.7989 13.67205875602659
1 53720U 22107W   26005.87168622  .00000958  00000-0  78234-4 0  9992
2 53720  53.2172 175.8796 0001262  89.7351 270.3785 15.08842979184936
1 54377U 22161A   26005.87722767  .00000062  00000-0  00000+0 0  9994
2 54377  64.7398 198.0968 0008551 203.1159 156.8716  2.13101996 24176
1 58161U 23166M   26005.88259970  .00002395  00000-0  92935-4 0  9991
2 58161  53.1609 151.2994 0001063  81.0023 279.1098 15.30203607123562
1 53932U 22119AY  26005.89151222  .00000807  00000-0  68768-4 0  9994
2 53932  53.2170 221.1257 0001343  86.7321 273.3824 15.08838865182563
1 54409U 22151EH  26005.94028762  .00005598  00000-0  23267-2 0  9993
2 54409  98.7455   8.3447 0136291 307.0095  51.8674 14.21893924162580
1 54226U 22146B   26005.94750691 -.00000063  00000-0  23265-2 0  9998
2 54226  26.6473  82.9878 7979303 209.6698  58.8794  1.39807789 15435
1 54283U 22151AA  26005.96896089  .00000329  00000-0  21228-3 0  9993
2 54283  98.8263   4.0305 0053598  90.5067 270.2244 14.08901852161455
1 54860U 22177AS  26005.97907553  .00000472  00000-0  50019-4 0  9992
2 54860  43.0012 100.9290 0000756 256.7918 103.2840 15.02540024167670
1 58128U 23162L   26006.00979530  .00001734  00000-0  14337-3 0  9991
2 58128  43.0030 113.4777 0001381 267.8970  92.1714 15.02540978122873
1 57336U 23099J   26006.01949626  .00000385  00000-0  43523-4 0  9995
2 57336  43.0023 229.1215 0000794 263.1281  96.9471 15.02537610136694
1 51770U 22017C   26006.02030016  .00000200  00000-0  30660-4 0  9999
2 51770  53.2177 260.4566 0001490 101.5468 258.5691 15.08835716213157
1 54305U 22151AY  26006.02627427  .00000445  00000-0  20776-3 0  9990
2 54305  98.7682  32.9025 0054922  99.8080 260.9307 14.24504500163211
1 53248U 22086G   26006.04422792  .00001371  00000-0  10416-3 0  9991
2 53248  53.2169 120.4538 0001197  72.5461 287.5662 15.08848424191850
1 45323U 91056BM  26006.08503857  .00000890  00000-0  21590-2 0  9994
2 45323  82.5279 242.7621 0002935  29.3458 330.7830 13.20761901281999
1 59606U 24080F   26006.08602568  .00014901  00000-0  55081-3 0  9996
2 59606  43.0026  35.3123 0000499 271.5852  88.4942 15.27526981 94916
1 58452U 23183R   26006.09818917 -.00001574  00000-0 -10147-3 0  9993
2 58452  43.0014  23.0152 0001955 291.1138  68.9495 15.02518779117304
1 53077U 22077AL  26006.11109329  .00223088  00000-0  29625-2 0  9999
2 53077  97.6269 202.4907 0004063 353.3931   6.7270 15.57447492192380
1 54479U 22151HF  26006.11472596  .00013845  00000-0  26526-2 0  9993
2 54479  98.6382  56.7012 0085937  97.7475 263.3493 14.61536607165998
1 59684U 24086C   26006.14614182 -.00001610  00000-0 -48971-4 0  9996
2 59684  42.9999  45.6108 0000748 267.1733  92.9033 15.27603035 94649
1 51642U 22012W   26006.15005423  .00000611  00000-0  17144-2 0  9996
2 51642  87.8785  68.5635 0002189 103.4624 256.6747 13.10372514188085
1 56882U 23083G   26006.16608440  .00000891  00000-0  81049-4 0  9992
2 56882  43.0054  61.6477 0001440 270.5837  89.4841 15.02538238142265
1 45137U 20008G   26006.16664818  .00000518  00000-0  14470-2 0  9996
2 45137  87.8795  68.5441 0001686 100.4298 259.7020 13.10370229287021
1 57265U 23094AZ  26006.16670139  .01180275  00000-0  19222-1 0  9991
2 57265  43.0030 348.5239 0001513 260.2828 147.6918 15.49222079  5843
1 56825U 23079C   26006.19985319  .00001389  00000-0  11788-3 0  9995
2 56825  43.0004  86.9827 0001162 296.9195  63.1529 15.02534626143480
1 57971U 23151H   26006.21704471  .00001480  00000-0  12460-3 0  9990
2 57971  43.0037 318.4506 0001361 270.4169  89.6518 15.02534409126330
1 53162U 22083AG  26006.24895748  .00000395  00000-0  42940-4 0  9993
2 53162  53.2195  84.4399 0001723  97.0484 263.0704 15.08843241191937
1 58565U 23174CW  26006.26860759  .00119809  00000-0  10817-2 0  9990
2 58565  97.3904  98.4171 0004585 344.8857  15.2266 15.67746401121034
1 55271U 23010C   26006.27173037  .00001368  00000-0  12242-3 0  9992
2 55271  69.9994 201.9384 0003089 273.1990  86.8815 14.98338116163433
1 57709U 23129M   26006.27604161 -.00001354  00000-0 -85168-4 0  9993
2 57709  43.0010  99.6157 0001274 265.5828  94.4869 15.02555120131264
1 58820U 24016A   26006.27963066  .00031064  00000-0  66079-3 0  9994
2 58820  97.4562  96.1931 0006172 284.9694  75.0871 15.44904900108996
1 46567U 20070AM  26006.28113749  .00108171  00000-0  20346-2 0  9991
2 46567  53.0484  59.8130 0006700 324.7376  35.3187 15.47719019290625
1 53849U 22114AH  26006.29122178  .00000604  00000-0  56060-4 0  9996
2 53849  53.2166 214.0943 0001377  87.5944 272.5206 15.08842112183550
1 46074U 20055AZ  26006.29554880  .00009227  00000-0  63719-3 0  9997
2 46074  53.0552  16.7156 0001431  71.2202 288.8943 15.06418305299894
1 59893U 24100J   26006.29997518  .00003856  00000-0  14962-3 0  9992
2 59893  43.0016 117.8712 0001729 287.6911  72.3752 15.27571954 91619
1 48606U 21041BF  26006.30536146  .00008073  00000-0  33469-3 0  9990
2 48606  52.9951  56.3999 0012007  31.5960 328.5755 15.24725303255663
1 55632U 23021E   26006.30694924  .00000229  00000-0  26973-4 0  9994
2 55632  69.9998   1.7522 0002981 269.6938  90.3880 14.98330676158956
1 51947U 22023B   26006.31374501  .00003643  00000-0  16774-3 0  9997
2 51947  63.4728  99.4922 0093953 347.2491  12.6246 15.18386480213148
1 59476U 24068X   26006.31512972  .00004242  00000-0  16354-3 0  9999
2 59476  43.0025  26.7463 0001730 266.5286  93.5368 15.27591762 98984
1 54938U 22151SB  26006.32240328  .00026951  00000-0  32724-2 0  9991
2 54938  99.1362 144.0613 0073859  72.7766 288.1510 14.81547031166942
1 54004U 22125AS  26006.33536296  .00000687  00000-0  61255-4 0  9990
2 54004  53.2178 133.7212 0001148 108.7605 251.3512 15.08832168180056
1 50205U 21125BB  26006.33865560  .00001145  00000-0  89998-4 0  9991
2 50205  53.2186 129.0253 0001621  99.8421 260.2754 15.08837654227749
1 53894U 22119J   26006.35472390  .00000147  00000-0  27336-4 0  9998
2 53894  53.2160 243.9886 0001236  96.5217 263.5915 15.08841782182275
1 59233U 24049C   26006.36050489  .00000240  00000-0  18224-4 0  9997
2 59233  43.0005 135.5380 0001037 268.4992  91.5740 15.27577327102861
1 48655U 21044T   26006.37248399 -.00002262  00000-0 -13301-3 0  9993
2 48655  53.0552  41.3694 0001366  98.0097 262.1047 15.06392337254312
1 55413U 23014Y   26006.38065324  .00000442  00000-0  44870-4 0  9990
2 55413  69.9993 241.3633 0002223 271.2035  88.8869 14.98328863162239
1 53405U 22097T   26006.39520054  .00001156  00000-0  90698-4 0  9998
2 53405  53.2189  43.7705 0001229  91.9646 268.1487 15.08836496189118
1 58243U 23171P   26006.42495258  .00000690  00000-0  66141-4 0  9996
2 58243  43.0011 263.9511 0001095 267.3080  92.7637 15.02536055120268
1 57736U 23131E   26006.43553074 -.00016394  00000-0 -11990-2 0  9990
2 57736  43.0014 149.7053 0001486 272.4693  87.5980 15.02608256130560
1 53426U 22097AQ  26006.43753872  .00001955  00000-0  14085-3 0  9994
2 53426  53.2192  23.7334 0001466  82.2792 277.8367 15.08843310189385
1 57084U 23088AN  26006.43833612 -.00007866  00000-0 -56730-3 0  9992
2 57084  43.0064  72.8840 0001129 261.9674  98.1040 15.02575060141155
1 53182U 22083BC  26006.45454034  .00001214  00000-0  94320-4 0  9997
2 53182  53.2179  58.4945 0001238  90.2242 269.8892 15.08840679192303
1 56407U 23061AK  26006.46964670  .00000421  00000-0  46254-4 0  9992
2 56407  43.0017 162.6839 0001210 266.8653  93.2051 15.02534392147549
1 49205U 21083V   26006.47607814  .00000273  00000-0  71280-3 0  9998
2 49205  87.8987 352.3685 0001558  82.3159 277.8148 13.13471237209660
1 49201U 21083R   26006.48624308  .00000384  00000-0  10174-2 0  9999
2 49201  87.8983 352.3749 0001869  89.4303 270.7040 13.13469769209690
1 55297U 23010AE  26006.48845616 -.00000775  00000-0 -57142-4 0  9994
2 55297  70.0008 181.2199 0002867 271.4485  88.6345 14.98326910163951
1 48117U 21027AB  26006.49042991  .00005769  00000-0  40584-3 0  9996
2 48117  53.0542  70.8323 0001461 104.5101 255.6050 15.06403114263323
1 54652U 22166L   26006.49966183  .00000028  00000-0  37399-4 0  9994
2 54652  87.9223 276.2258 0001503  75.7446 284.3854 13.21827570150162
1 57180U 23091Q   26006.50449856  .00012536  00000-0  51826-3 0  9993
2 57180  97.5325  68.9985 0011624 313.5563  46.4707 15.24062989139635
1 56827U 23079E   26006.52557673  .00001590  00000-0  13271-3 0  9995
2 56827  43.0028  85.1185 0001353 277.3290  82.7398 15.02541624143530
1 57206U 23091AS  26006.53326553  .00040717  00000-0  88138-3 0  9991
2 57206  97.5271  78.7437 0004747 274.9256  85.1450 15.44339686140306
1 56750U 23072H   26006.55338002  .00008763  00000-0  28347-3 0  9998
2 56750  97.4997 211.0251 0025766 174.0185 186.1369 15.31982375145620
1 54971U 22151TL  26006.56771061  .00000546  00000-0  35396-3 0  9998
2 54971  98.8708   4.0909 0067879 104.4602 256.4111 14.05670953161451
1 52907U 22068A   26006.60509147  .00009387  00000-0  40847-3 0  9990
2 52907  34.9926  74.6716 0010200  60.8685 299.3049 15.21450081197241
1 57201U 23091AM  26006.60944128  .00018641  00000-0  61160-3 0  9995
2 57201  97.5310  73.7359 0006629 293.4748  66.5796 15.31636902139969
1 47536U 21007E   26006.61041295 -.00000012  00000-0  12220-3 0  9991
2 47536  63.4008 197.3656 0161700   0.1415 359.9629 13.45433376242472
1 58150U 23166A   26006.63273295  .00000285  00000-0  21730-4 0  9990
2 58150  53.1597 148.1634 0000860  87.3375 272.7724 15.30187713123671
1 56934U 23084C   26006.63571549  .00009017  00000-0  29620-3 0  9997
2 56934  97.5990 142.8598 0006113 184.9467 175.1714 15.31789748142775
1 45072U 20006AE  26006.66667824  .00054000  00000-0  31176-2 0  9994
2 45072  53.0740 185.0107 0001793 113.1019 129.2423 15.11829427  5892
1 47487U 21006CC  26006.67842195  .00055206  00000-0  58359-3 0  9996
2 47487  97.2767  73.7973 0001721  44.6065 315.5333 15.64017512275809
1 56784U 23078T   26006.68804589  .00000607  00000-0  58660-4 0  9994
2 56784  70.0009 120.8927 0003100 269.1854  90.8950 14.98325696143884
1 56699U 23067M   26006.69928751  .00002035  00000-0  16567-3 0  9992
2 56699  43.0041 251.4228 0001159 275.5825  84.4886 15.02530666146332
1 58891U 24020R   26006.83611237 -.00000460  00000-0 -34065-5 0  9999
2 58891  53.1597 208.5755 0001058  78.7236 281.3883 15.30191683110330
1 53839U 22114X   26006.85799413  .00001508  00000-0  11283-3 0  9990
2 53839  53.2171 211.9390 0001500  78.1649 281.9512 15.08840132183636
1 55846U 23032C   26006.86378461  .00016218  00000-0  42728-3 0  9999
2 55846  97.5761 109.2645 0034969 234.7075 125.0897 15.37971144156850
1 52641U 22052AV  26006.87873732 -.00000255  00000-0  20444-5 0  9990
2 52641  53.2173 176.8053 0001075 102.2106 257.9007 15.08834569201806
1 53775U 22111C   26006.89295134  .00000762  00000-0  65931-4 0  9992
2 53775  53.2167 191.7680 0001227  96.4512 263.6620 15.08837918184361
1 53482U 22099T   26006.90573808  .00000053  00000-0  86997-5 0  9990
2 53482  97.6018 129.7442 0004500 211.2917 148.8040 15.01259494186714
1 58562U 23185M   26006.91500649  .00004563  00000-0  24409-3 0  9993
2 58562  97.5557  81.1655 0007288 145.3879 214.7829 15.15540857114116
1 52153U 22032A   26006.91956852  .00002122  00000-0  19077-3 0  9998
2 52153  97.6081  49.1904 0010543   9.5568 350.5853 14.96666103205718
1 49291U 21090N   26006.92439608  .00000059  00000-0  11612-3 0  9990
2 49291  87.9231 337.0409 0001707  79.1558 280.9767 13.19727031205159
1 48453U 21040AB  26006.93828893  .00001168  00000-0  97320-4 0  9996
2 48453  53.0562  98.8331 0001340  72.9178 287.1958 15.06397487257320
1 54621U 22151NX  26006.94482729  .00000872  00000-0  52228-3 0  9997
2 54621  98.8374   3.6160 0059894  75.9238 284.8579 14.08701278160754
1 58570U 23174DB  26006.95434971  .00044776  00000-0  69760-3 0  9997
2 58570  97.3927  96.3700 0003947 354.8877   5.2336 15.53743901120958
1 45462U 20021C   26006.95506212  .00004144  00000-0  31424-3 0  9990
2 45462  34.9956 110.5397 0001599  94.0548 266.0343 15.01723229316151
1 48286U 21036L   26006.97700628 -.00008122  00000-0 -52711-3 0  9997
2 48286  53.0551 358.9260 0001514  90.0971 270.0191 15.06392597259002
1 56167U 23050F   26006.97959850  .00000117  00000-0  93247-4 0  9999
2 56167  81.0030 226.3021 0007436  34.7110 325.4530 13.85123127139795
1 55923U 23037K   26006.97987802  .00000106  00000-0  16664-4 0  9997
2 55923  70.0000 100.0498 0003203 274.0652  86.0141 14.98331032154249
1 51835U 22019M   26006.98707853  .00072914  00000-0  83330-3 0  9990
2 51835  97.3829  96.9837 0003729   6.1240 354.0063 15.61936002214795
1 53933U 22119AZ  26006.99686189 -.00000188  00000-0  62546-5 0  9994
2 53933  53.2162 220.9288 0001413  85.8908 274.2245 15.08840250182653
1 58133U 23162R   26006.99920764 -.00000087  00000-0  86228-5 0  9991
2 58133  43.0029 107.9997 0001237 258.5793 101.4910 15.02527227123021
1 54063U 22136N   26007.00003472  .01279878  00000-0  96897-2 0  9996
2 54063  53.2162 254.3738 0000997  87.7829 349.0955 15.69076713  5811
1 52379U 22045BA  26007.00562197 -.00000196  00000-0  57758-5 0  9998
2 52379  53.2169 106.0343 0001366  84.7656 275.3492 15.08835503206618
1 58967U 24031C   26007.01211095 -.00001304  00000-0 -31922-4 0  9990
2 58967  53.1602 222.9290 0001187  88.0717 272.0419 15.30195329107098
1 54235U 22151A   26007.01910301  .00000043  00000-0  45977-4 0  9993
2 54235  98.8193  16.7026 0001320 143.7401 216.3861 14.13424681162175
1 55539U 22151YM  26007.01989523  .00005408  00000-0  22145-2 0  9993
2 55539  98.8262  24.9620 0068853  88.0250 272.8813 14.26294561157598
1 58051U 23158A   26007.03585933 -.00000373  00000-0 -12553-4 0  9994
2 58051  43.0048   5.6291 0001319 276.1377  83.9315 15.02537230124251
1 58887U 24020M   26007.05015539 -.00000366  00000-0 -23107-6 0  9993
2 58887  53.1592 248.7411 0001377  96.9863 263.1295 15.30186963109795
1 53634U 22104AY  26007.06679093  .00000005  00000-0  18396-4 0  9991
2 53634  53.2181 140.6631 0001373  84.4589 275.6560 15.08834065186923
1 55838U 23030C   26007.07969427  .00000107  00000-0  67258-4 0  9996
2 55838  98.9251  49.0396 0086383 320.3476  39.1405 14.21854424146928
1 53412U 22097AA  26007.09532604 -.00000606  00000-0 -19984-4 0  9998
2 53412  53.2170  30.6279 0001282  87.5737 272.5402 15.08835580189353
1 59761U 24091J   26007.11279292  .00001670  00000-0  18626-4 0  9993
2 59761  53.1593 149.6944 0000798  61.7259 298.3840 15.69720475 95843
1 56408U 23061AL  26007.11555467  .00000191  00000-0  29191-4 0  9991
2 56408  43.0028 158.9206 0001274 274.1703  85.8994 15.02534289147645
1 48651U 21044P   26007.11705721 -.00001025  00000-0 -49971-4 0  9998
2 48651  53.0563  38.0272 0001424  89.8970 270.2182 15.06367349254425
1 53627U 22104AR  26007.11736948  .00000416  00000-0  44254-4 0  9990
2 53627  53.2171 150.2494 0001221  86.7663 273.3468 15.08837960186466
1 45148U 20008T   26007.11756258  .00000068  00000-0  86757-4 0  9993
2 45148  87.9303  37.4853 0016834 342.0324  18.0228 13.48584597296343
1 55016U 23001H   26007.13011074  .00013107  00000-0  36378-3 0  9997
2 55016  97.3404  71.2392 0006630 343.1467  16.9556 15.37014673167444
1 53030U 22076AW  26007.13490618 -.00002152  00000-0 -11718-3 0  9998
2 53030  53.2194   0.6456 0001348  92.9554 267.1592 15.08832427193698
1 55246U 22144G   26007.14361211  .00000065  00000-0  00000+0 0  9999
2 55246   4.9862  65.3435 0010086 284.0642  35.2749  0.99052876 10063
1 49262U 21088C   26007.14432905  .00015811  00000-0  53052-3 0  9999
2 49262  97.4058  72.7506 0009723 301.4485  58.5805 15.30921201235837
1 56068U 23043Y   26007.16282081  .00000129  00000-0  28107-3 0  9993
2 56068  87.9230 276.0817 0001633  64.4460 295.6843 13.21824491136972
1 59549U 24074R   26007.19061682  .00004566  00000-0  17513-3 0  9998
2 59549  43.0056 330.4244 0001504 275.9861  84.0819 15.27620058 96618
1 55490U 23015AT  26007.19205607 -.00001197  00000-0 -73573-4 0  9998
2 55490  43.0043 313.0892 0000655 275.1624  84.9144 15.02532077161356
1 53760U 22109A   26007.19697841 -.00000013  00000-0  10276-5 0  9991
2 53760  35.0049 271.2970 0003808  31.7355 328.3589 15.23112151186055
1 52463U 22049N   26007.19882894  .00003072  00000-0  21109-3 0  9999
2 52463  53.2188 325.1654 0001545  84.6944 275.4224 15.08829572203104
1 57465U 23107J   26007.20092271 -.00000865  00000-0 -48990-4 0  9993
2 57465  43.0052 313.1038 0001441 264.2073  95.8605 15.02534404135860
1 56927U 23083BD  26007.21093866 -.00001559  00000-0 -10041-3 0  9996
2 56927  43.0040 313.2753 0001224 262.5606  97.5098 15.02522982143600
1 48681U 21044AV  26007.22028588  .00004527  00000-0  32253-3 0  9994
2 48681  53.0546 357.8057 0001485  92.2663 267.8496 15.06410007254998
1 55326U 23011C   26007.23346082  .00005092  00000-0  23319-3 0  9998
2 55326  40.4817 206.5747 0003616 309.3285  50.7202 15.21009618163328
1 45554U 20025Z   26007.25002314  .00327871  50624-4  10876-2 0  9997
2 45554  53.0440 275.3865 0009022 127.2836 226.9356 15.89790677  6041
1 49199U 21083P   26007.25309448  .00000324  00000-0  85191-3 0  9992
2 49199  87.8978 352.2331 0001781  83.6273 276.5059 13.13468785209782
1 57192U 23091AC  26007.25316684  .00006629  00000-0  28127-3 0  9995
2 57192  97.5304  69.7147 0011212 316.4262  43.6088 15.23389147139767
1 58496U 23187A   26007.25682274  .00002192  00000-0  27209-3 0  9991
2 58496  97.9389  91.1169 0010708 314.3181  45.7154 14.83624236113250
1 52465U 22049Q   26007.26138497 -.00002504  00000-0 -13931-3 0  9997
2 52465  53.2181 324.8858 0001399  82.3962 277.7189 15.08839014203111
1 58542U 23192M   26007.29533243  .00000230  00000-0  19887-4 0  9999
2 58542  53.1615 348.0506 0001171  80.9210 279.1923 15.30198091116584
1 52546U 22051P   26007.31383529 -.00001247  00000-0 -60266-4 0  9991
2 52546  53.2175  44.4158 0001493  95.6480 264.4682 15.08834391202189
1 56743U 23072A   26007.32038553  .00006978  00000-0  28020-3 0  9998
2 56743  97.5283 203.0220 0004773 214.8294 145.2632 15.25273549145052
1 47724U 21017C   26007.33335648  .00147583  00000-0  20266-2 0  9991
2 47724  53.0495  27.1180 0012060  22.7539  13.6956 15.56267623  5916
1 56507U 23065E   26007.41833378 -.00000310  00000-0 -78403-5 0  9994
2 56507  43.0016 144.6045 0001451 270.5127  89.5549 15.02534344147854
1 58089U 23160Q   26007.41881806  .00000654  00000-0  63497-4 0  9991
2 58089  43.0044  52.9739 0001139 271.2509  88.8203 15.02530964123709
1 48388U 21038AM  26007.42252130  .00002944  00000-0  21643-3 0  9997
2 48388  53.0522 261.6592 0001512  85.0535 275.0627 15.06407716258007
1 48544U 10057BP  26007.42664091  .00004275  00000-0  35601-2 0  9990
2 48544  20.3970  77.1177 4838390  75.3499 331.9329  5.72029627219631
1 53682U 22105AL  26007.43085204  .00000254  00000-0  21809-4 0  9990
2 53682  97.6029 250.7851 0002083  87.3065 272.8400 15.05651151184083
1 46657U 18079CK  26007.49542272 -.00000129  00000-0  00000+0 0  9995
2 46657  11.9959  36.9755 5667449 306.7684  13.3670  1.70065092 32593
1 53062U 22077V   26007.49667610 -.00000081  00000-0 -17380-5 0  9993
2 53062  97.6019 190.3139 0003708  51.9930 308.1628 15.01259780191738
1 54653U 22166M   26007.49688199  .00000008  00000-0 -12316-4 0  9995
2 54653  87.9225 276.0523 0001770  74.2190 285.9139 13.21827669150290
1 49449U 21104AT  26007.50002314  .01996032  00000-0  64405-1 0  9998
2 49449  53.2181 132.9697 0001107  88.1856 118.5967 15.28349863  5780
1 58109U 23161N   26007.50313615  .00000269  00000-0  21190-4 0  9999
2 58109  53.1602  89.7407 0001061  73.9276 286.1842 15.30199707125055
1 45747U 20038T   26007.51936421  .00008040  00000-0  34180-3 0  9997
2 45747  53.0795 124.8511 0003777  74.0078 286.1334 15.23920698307350
1 59894U 24100K   26007.52659082 -.00000926  00000-0 -24116-4 0  9991
2 59894  43.0047 103.8173 0001164 258.6978 101.3743 15.27576346 91886
1 54524U 22151KC  26007.54777994  .00006174  00000-0  12698-2 0  9994
2 54524  98.4762  37.9529 0091526  52.2381 308.7064 14.58307455166459
1 57052U 23088E   26007.57709644  .00001112  00000-0  97361-4 0  9992
2 57052  43.0048  79.8133 0001541 263.0649  97.0018 15.02530723141179
1 48482U 21040BG  26007.58516236  .00006330  00000-0  44330-3 0  9993
2 48482  53.0553 115.9284 0001167  88.6137 271.4986 15.06412603257130
1 48482U 21040BG  26007.58516237  .00006330  00000-0  44330-3 0  9994
2 48482  53.0553 115.9284 0001167  88.6137 271.4986 15.06412603257130
1 52679U 22053Z   26007.60775641 -.00000400  00000-0 -70382-5 0  9993
2 52679  53.2175  58.3277 0001373  91.4768 268.6381 15.08844243201911
1 55587U 23020U   26007.62248023 -.00000157  00000-0  34182-5 0  9996
2 55587  43.0039 336.3621 0000979 271.3564  88.7166 15.02533700159735
1 59373U 14028BT  26007.66213554  .00003877  00000-0  10125-1 0  9994
2 59373  82.5407 340.4462 0209207 268.2730  89.4417 13.09137531126595
1 53199U 22084L   26007.71745339  .00000568  00000-0  43557-4 0  9994
2 53199  97.6040  71.1047 0000597 103.8339 256.2954 15.05647114190202
1 54614U 22151NQ  26007.73432351  .00028046  00000-0  28352-2 0  9996
2 54614  98.6501  80.5874 0050102  21.1124 339.2144 14.90027270 95790
1 53219U 22084AG  26007.75622394 -.00001044  00000-0 -68174-4 0  9990
2 53219  97.6044  71.1313 0000633  99.4160 260.7138 15.05645044190213
1 48994U 21060AD  26007.75709656  .00000050  00000-0  97834-4 0  9993
2 48994  87.9041 260.7188 0001294  74.4625 285.6649 13.16594291218463
1 55762U 23028X   26007.75922070  .00000231  00000-0  27175-4 0  9999
2 55762  70.0005  18.1901 0003050 266.0881  93.9930 14.98331332157405
1 51627U 22012F   26007.76753639  .00000016  00000-0  89511-5 0  9995
2 51627  87.9095  37.7464 0001815  90.4361 269.6979 13.17650283192578
1 54496U 22151HY  26007.82501199  .00005426  00000-0  15533-2 0  9995
2 54496  99.1190 101.0411 0118683 224.9195 134.2343 14.41414993164513
1 52622U 22052AA  26007.82672666 -.00000639  00000-0 -22050-4 0  9999
2 52622  53.2180 197.3443 0001456  89.8226 270.2933 15.08835938201593
1 57859U 23141V   26007.83223906 -.00000625  00000-0 -89944-5 0  9997
2 57859  53.1599 206.5714 0001000  97.1206 262.9909 15.30191587131012
1 46578U 20070AY  26007.83335648  .00226682  00000-0  30709-2 0  9991
2 46578  53.0192  11.8813 0003692  44.0161 141.3137 15.56402415  5895
1 49279U 21090A   26007.83844404 -.00000027  00000-0 -10745-3 0  9994
2 49279  87.9005 321.6658 0001752  71.4313 288.7007 13.14503571206513
1 53482U 22099T   26007.83887064  .00000177  00000-0  18317-4 0  9992
2 53482  97.6018 130.6584 0004425 212.4729 147.6223 15.01259081186859
1 54474U 22151HA  26007.85929919  .00000118  00000-0  11851-3 0  9991
2 54474  98.9064 337.2137 0138232 178.7700 181.3827 13.90732130159832
1 44315U 19032F   26007.86670186  .00074944  00000-0  89278-3 0  9994
2 44315  44.9799  70.5754 0004616 337.4881  22.5811 15.60216840364319
1 53932U 22119AY  26007.87871648  .00000306  00000-0  37296-4 0  9991
2 53932  53.2172 212.2039 0001453  87.5631 272.5528 15.08839165182868
1 53712U 22107N   26007.90164726  .00003016  00000-0  20744-3 0  9990
2 53712  53.2158 161.5528 0001367  96.6239 263.4908 15.08846663185322
1 54538U 22151KN  26007.91166037  .00000571  00000-0  42251-3 0  9994
2 54538  98.8434 338.2780 0121166 156.5304 204.1453 13.95685917160498
1 58877U 24020B   26007.93194598  .00001564  00000-0  64924-4 0  9991
2 58877  53.1606 244.9995 0001257  93.7421 266.3723 15.30200206108761
1 51841U 22019T   26007.93266691  .00059303  00000-0  78228-3 0  9990
2 51841  97.3761  96.4322 0002319 330.1529  29.9595 15.58213467214871
1 45300U 91056AN  26007.93563564  .00000442  00000-0  14973-2 0  9995
2 45300  82.5562 315.4938 0124432 132.4582 228.7128 12.94236418277080
1 59870U 24098N   26007.94926895 -.00001859  00000-0 -58019-4 0  9991
2 59870  43.0046 256.9646 0001503 246.4594 113.6100 15.27595971 92609
1 59430U 24065K   26007.95491461 -.00000013  00000-0  11681-4 0  9998
2 59430  53.1596 203.5691 0001203  84.7138 275.4000 15.30197366 99631
1 57855U 23141R   26007.95653168 -.00000656  00000-0 -10038-4 0  9994
2 57855  53.1599 205.9280 0001079  90.5719 269.5405 15.30205410131038
1 55874U 22151ZW  26007.96041545  .00002758  00000-0  14587-2 0  9998
2 55874  98.8268   4.5561 0065471  77.6183 283.2308 14.13471072150167
1 46744U 20074F   26007.98001797  .00124498  00000-0  20757-2 0  9995
2 46744  53.0500 215.8919 0012692 131.8002 228.4093 15.51012033287781
1 51061U 22002CF  26007.99151508  .00011132  00000-0  26681-3 0  9996
2 51061  97.3205  80.8635 0005453 174.0217 186.1096 15.41565554221535
1 53981U 22125T   26007.99598028  .00002180  00000-0  15510-3 0  9999
2 53981  53.2177 116.3613 0001311  83.5918 276.5224 15.08823761180440
1 46564U 20070AJ  26008.00003472  .00184403  00000-0  28174-2 0  9990
2 46564  53.0489  44.7954 0007641 323.4443  83.2203 15.53256123  5961
1 49425U 21104T   26008.06642339 -.00000303  00000-0 -92685-6 0  9995
2 49425  53.2192 141.2789 0001401  90.0674 270.0479 15.08834147229487
1 49200U 21083Q   26008.06843771  .00000036  00000-0  56391-4 0  9998
2 49200  87.9221 306.3982 0001717  44.6167 315.5104 13.20770901215659
1 56680U 22151AHG 26008.09662931  .00006901  00000-0  13392-2 0  9994
2 56680  98.6309  62.4373 0084914  69.6004 291.4291 14.61243045147536
1 52867U 22062AP  26008.10456396 -.00001593  00000-0 -82044-4 0  9992
2 52867  53.2186 296.0995 0001444  98.5404 261.5752 15.08836384196783
1 53701U 22107B   26008.10635507 -.00000369  00000-0 -50802-5 0  9991
2 53701  53.2178 155.6784 0001292  91.0782 269.0358 15.08835368185713
1 56887U 23083M   26008.15709513  .00000712  00000-0  67744-4 0  9999
2 56887  43.0051  50.7856 0001312 267.0503  93.0190 15.02535148142564
1 57972U 23151J   26008.16155387  .00005810  00000-0  44475-3 0  9995
2 57972  43.0023 308.0955 0000836 255.8759 104.1990 15.02540457126626
1 44528U 19059A   26008.16695583  .00000056  00000-0  34028-4 0  9998
2 44528  98.3427  75.1519 0000568 194.2552 165.8618 14.35448047331386
1 49733U 21115K   26008.17126154  .00000197  00000-0  30443-4 0  9994
2 49733  53.2170  70.7973 0001288  96.4425 263.6714 15.08847270226256
1 49383U 21099A   26008.17882138  .00000809  00000-0  16403-3 0  9996
2 49383  98.2666 141.7315 0001290  80.2750 279.8598 14.63892879222957
1 57208U 23091AU  26008.18077730  .00017340  00000-0  55923-3 0  9998
2 57208  97.5315  75.8730 0006334 279.1146  80.9379 15.32207256140239
1 53151U 22083V   26008.19103853  .00000383  00000-0  42157-4 0  9993
2 53151  53.2178  75.7086 0001470  78.3144 281.8013 15.08836494192222
1 56790U 23078Z   26008.19405699  .00002816  00000-0  24360-3 0  9991
2 56790  70.0000  97.0325 0003206 275.3636  84.7158 14.98349876144602
1 47621U 21012B   26008.20901087 -.00000950  00000-0 -44893-4 0  9997
2 47621  53.0555 343.1270 0001358  93.0182 267.0963 15.06394340270877
1 47391U 21005AU  26008.21543070  .00005818  00000-0  40902-3 0  9990
2 47391  53.0543 303.0968 0001473  91.7636 268.3522 15.06415350274340
1 52456U 22049F   26008.22098205  .00000403  00000-0  43403-4 0  9998
2 52456  53.2195 340.5778 0001303  93.2540 266.8601 15.08840100202980
1 56174U 23052A   26008.22200980 -.00000170  00000-0  00000-0 0  9993
2 56174   0.0162  70.6569 0001447 183.3743 202.6547  1.00271805 10227
1 45939U 20051A   26008.22767672  .00004294  00000-0  19534-3 0  9997
2 45939  97.3043  80.9552 0004493 158.5150 201.6275 15.21232800303027
1 58738U 24005L   26008.22796138  .00000216  00000-0  31057-4 0  9995
2 58738  43.0030 190.4047 0001296 266.0569  94.0125 15.02536467111317
1 57475U 23107U   26008.23015883  .00002621  00000-0  20907-3 0  9999
2 57475  43.0026 307.0652 0001178 268.8336  91.2371 15.02529939136021
1 56565U 23066B   26008.23956504  .00136628  33388-6  10121-2 0  9998
2 56565  28.1750 303.4028 5376171 227.1167  73.1247  5.15490809 36585
1 59164U 24044N   26008.24837283  .00010326  00000-0  38420-3 0  9994
2 59164  42.9984  88.2204 0001191 275.7158  84.3558 15.27584491104356
1 49155U 21082AB  26008.27903082  .00000650  00000-0  62259-4 0  9993
2 49155  70.0002  46.7644 0002986 266.9174  93.1644 14.98337506238990
1 57254U 23094AN  26008.28141889  .00000306  00000-0  37740-4 0  9992
2 57254  43.0048 345.5059 0001266 264.3031  95.7667 15.02535371138182
1 49176U 21082AY  26008.28738836  .00001368  00000-0  12240-3 0  9991
2 49176  70.0002  46.7468 0003148 266.0798  94.0001 14.98333799237919
1 47287U 20100AF  26008.29835287 -.00000401  00000-0 -11495-2 0  9990
2 47287  87.8924  22.3957 0001935  99.1318 261.0030 13.12441696243700
1 53394U 22097G   26008.30967069  .00000287  00000-0  36103-4 0  9994
2 53394  53.2180  24.7883 0001474  88.4862 271.6299 15.08842736189704
1 49293U 21090Q   26008.31623396  .00000114  00000-0  24834-3 0  9998
2 49293  87.9231 306.3274 0001556  74.2572 285.8732 13.20771902208724
1 58927U 24024L   26008.32491182  .00011444  00000-0  42293-3 0  9996
2 58927  97.3287  78.0750 0007800  43.3966 316.7887 15.27854926 83923
1 53448U 22098E   26008.33308854  .00049063  00000-0  86451-3 0  9994
2 53448  97.5449 129.1204 0003170 238.9310 121.1630 15.50274732189783
1 58638U 23203W   26008.36753729  .00001201  00000-0  53179-4 0  9991
2 58638  43.0043  47.9588 0001239 278.6850  81.3861 15.27578155114333
1 59857U 24097Y   26008.38781411  .00002394  00000-0  96460-4 0  9992
2 59857  42.9991 254.9778 0001312 272.5498  87.5204 15.27586782 92699
1 46076U 20055BB  26008.40390741  .00000693  00000-0  65441-4 0  9991
2 46076  53.0557   7.2509 0001538  85.7239 274.3925 15.06398292300206
1 46002U 11037HD  26008.41550437 -.00007205  00000-0 -22614-1 0  9991
2 46002  51.1511 257.9852 1273362 205.3770 147.8855 11.47880073209844
1 59736U 24090G   26008.42093936 -.00000023  00000-0  87025-5 0  9990
2 59736  43.0011 163.7876 0001380 257.2663 102.8034 15.27579445 94226
1 47699U 21015A   26008.43929582  .00000315  00000-0  11188-3 0  9993
2 47699  98.3705  83.5847 0001122  97.7134 262.4183 14.40780591255648
1 48077U 21025AM  26008.43976063 -.00000298  00000-0 -85081-3 0  9996
2 48077  87.8995 351.9717 0001983  86.6004 273.5352 13.13469151231335
1 56472U 23064AA  26008.44235234 -.00002838  00000-0 -23012-3 0  9996
2 56472  69.9998 276.4102 0002898 268.9193  91.1634 14.98329258146717
1 59683U 24086B   26008.44877460  .00001576  00000-0  66765-4 0  9990
2 59683  43.0020  44.0066 0001368 277.6303  82.4393 15.27592585 94863
1 53134U 22083C   26008.46244243  .00000497  00000-0  49332-4 0  9991
2 53134  53.2181  84.4917 0001418  89.2392 270.8762 15.08841090192121
1 52640U 22052AU  26008.47118578  .00000252  00000-0  33922-4 0  9997
2 52640  53.2168 169.4833 0001242  87.6184 272.4951 15.08835086202032
1 48768U 21045B   26008.47287586  .00001130  00000-0  29676-2 0  9995
2 48768  87.9015 291.0596 0001130  51.5142 308.6089 13.15555194223404
1 49440U 21104AJ  26008.47578635  .00001451  00000-0  10928-3 0  9994
2 49440  53.2173 119.4294 0001159  95.1979 264.9145 15.08830587229829
1 53780U 22111H   26008.47902514  .00000542  00000-0  52113-4 0  9995
2 53780  53.2159 184.6117 0001276  87.5252 272.5886 15.08839681184609
1 54493U 22151HV  26008.48602228  .00000190  00000-0  16963-3 0  9992
2 54493  98.9728 339.2009 0184764 174.4020 185.9263 13.88160289159043
1 56468U 23064W   26008.49262682  .00000016  00000-0  91180-5 0  9990
2 56468  70.0003 296.0492 0002915 273.7655  86.3170 14.98340945146233
1 49087U 21075N   26008.49834641  .00000024  00000-0  29554-4 0  9993
2 49087  87.9085  37.6137 0001978  93.4402 266.6956 13.17649136212591
1 48070U 21025AE  26008.50239979 -.00000117  00000-0 -35397-3 0  9990
2 48070  87.8988 351.9717 0001647  82.3370 277.7946 13.13468985232651
1 54863U 22177AV  26008.51410547 -.00001752  00000-0 -11457-3 0  9996
2 54863  43.0046  87.2717 0001378 279.4370  80.6317 15.02553122168059
1 46366U 20062AT  26008.58335648  .00258083  00000-0  23838-2 0  9995
2 46366  53.0403 209.7172 0008192 106.5689 295.6237 15.66206608  5969
1 45284U 91056W   26008.58424084  .00003618  00000-0  59193-2 0  9992
2 45284  82.5726 196.2045 0119322 284.2667  74.5243 13.44554358287683
1 48810U 61015MN  26008.60159590  .00000053  00000-0  98710-4 0  9992
2 48810  66.8556 306.5369 0137096 225.9814 311.4473 13.89335909615182
1 57670U 23124H   26008.61372738  .00001604  00000-0  66278-4 0  9994
2 57670  53.1587 126.1144 0001105  85.7856 274.3271 15.30202551134368
1 45856U 20042A   26008.64832773  .00000682  00000-0  10400-3 0  9996
2 45856  97.7987  74.1605 0010455 224.2510 135.7865 14.76887484297461
1 52623U 22052AB  26008.65056482  .00002366  00000-0  16666-3 0  9996
2 52623  53.2183 178.6459 0001239  91.0567 269.0567 15.08852815201927
1 57189U 23091Z   26008.65455714  .00019134  00000-0  65272-3 0  9991
2 57189  97.5319  75.4239 0006879 281.5118  78.5350 15.30370269140247
1 47395U 21005AY  26008.66671296  .00471869  00000-0  15510-2 0  9994
2 47395  53.0474 265.0837 0009029 131.0736  69.3093 15.88758365  5994
1 56029U 23042AV  26008.68197329  .00002699  00000-0  21475-3 0  9992
2 56029  43.0055   9.1624 0001251 277.0896  82.9804 15.02543991154034
1 55631U 23021D   26008.69361336 -.00000539  00000-0 -37408-4 0  9996
2 55631  70.0008 355.6344 0003040 270.8566  89.2244 14.98333078159312
1 52699U 22053AV  26008.75822532  .00000362  00000-0  40837-4 0  9990
2 52699  53.2186  48.1927 0001430  89.4150 270.7006 15.08842958202190
1 56597U 22151ADV 26008.77058070  .00005086  00000-0  23061-2 0  9996
2 56597  98.9262  33.3588 0104916 356.6998   3.3473 14.19460167139740
1 56540U 23065AP  26008.78227206  .00000075  00000-0  20622-4 0  9994
2 56540  43.0022 188.8361 0001368 269.7535  90.3151 15.02538843147463
1 48744U 02032CD  26008.86906231  .00005733  00000-0  15774-2 0  9999
2 48744  98.9042  20.8613 0013452 358.1296   1.9842 14.47280565250575
1 50818U 22001R   26008.88058279 -.00000528  00000-0 -15090-4 0  9996
2 50818  53.2184  77.6139 0001236  91.7196 268.3938 15.08838495221370
1 44350U 19036M   26008.89141271  .00003451  00000-0  25542-3 0  9998
2 44350  23.9989  88.1294 0000471 245.2262 114.8191 14.98639270360187
1 57051U 23088D   26008.90332148  .00001277  00000-0  10962-3 0  9993
2 57051  43.0044  72.5686 0001291 260.5131  99.5565 15.02536361141377
1 59681U 24085E   26008.95405600  .00480968  11171-3  66466-3 0  9993
2 59681  97.3117 110.7516 0013633 258.5840 101.3910 16.05888611 95034
1 54591U 22151MR  26008.96300082  .00016241  00000-0  19899-2 0  9991
2 54591  98.7224  92.1154 0095269  39.7125 321.1009 14.80027358 92946
1 44804U 19081A   26008.96421274  .00004788  00000-0  23005-3 0  9990
2 44804  97.4541  73.1965 0013220 354.1529   5.9549 15.19236498339296
1 55051U 23001AU  26008.98318733  .00007363  00000-0  28722-3 0  9993
2 55051  97.5742 102.9346 0014999 209.5893 150.4498 15.26133170167032
1 48767U 21045A   26009.00224278  .00000060  00000-0  12317-3 0  9999
2 48767  87.9018 290.8846 0001248  65.5838 294.5423 13.16138960223503
1 54348U 22151CT  26009.00267625  .00001036  00000-0  35282-3 0  9993
2 54348  98.6428  37.3251 0101949 150.7284 209.9667 14.35751428164746
1 46080U 20055BF  26009.06454515  .00027997  00000-0  66050-3 0  9991
2 46080  53.0642 316.3540 0002540  38.3773 321.7412 15.41695376300981
1 53612U 22104AA  26009.07149324 -.00000324  00000-0 -22570-5 0  9995
2 53612  53.2178 141.8295 0001291  87.6066 272.5074 15.08836355186636
1 48214U 21031E   26009.09121557  .00000150  00000-0  36898-3 0  9996
2 48214  87.9032 321.3923 0000908  58.5103 301.6116 13.14505237227473
1 47656U 21012AN  26009.11759188  .00009656  00000-0  66610-3 0  9999
2 47656  53.0549 319.0472 0001207 102.3881 257.7243 15.06409046271280
1 55225U 22151WS  26009.12443231  .00008913  00000-0  18018-2 0  9998
2 55225  98.7444  68.9308 0129527 134.5287 226.6578 14.56381256160674
1 56047U 23043B   26009.12662381  .00000105  00000-0  24010-3 0  9996
2 56047  87.9033 260.4456 0001214  77.1556 282.9710 13.16593397138042
1 45457U 20020AK  26009.12727120 -.00000161  00000-0 -49031-3 0  9998
2 45457  87.8844  52.6780 0002047  98.9952 261.1407 13.11416922281696
1 56469U 23064X   26009.13498677  .00000646  00000-0  61949-4 0  9996
2 56469  69.9994 274.8121 0002883 271.5611  88.5218 14.98331444146810
1 56170U 23050J   26009.13854528  .00000146  00000-0  12519-3 0  9994
2 56170  81.0007 232.7054 0010120   8.0778 352.0538 13.82445774139558
1 56193U 23054R   26009.13971428  .00006864  00000-0  24498-3 0  9994
2 56193  97.2927 258.5734 0008240 269.9911  90.0385 15.29155101152752
1 59932U 24106L   26009.14313814  .00081935  00000-0  28660-2 0  9993
2 59932  43.0009 309.0161 0001858 245.1077 114.9582 15.28571081 91406
1 57519U 23116A   26009.15905185  .00010038  00000-0  42888-3 0  9996
2 57519  97.3874  17.3387 0006077 193.8197 166.2875 15.23045921134571
1 54439U 22151FP  26009.16220631  .00000598  00000-0  56217-3 0  9990
2 54439  99.0151 326.8900 0200668 241.6180 116.4612 13.76756299158497
1 48824U 61015NC  26009.16677225  .00000164  00000-0  15069-3 0  9997
2 48824  67.0054 332.3652 0088718  39.3672 321.3818 14.02710739620914
1 57499U 23113E   26009.17701377 -.00002447  00000-0 -16618-3 0  9998
2 57499  43.0031 328.3686 0001115 274.4422  85.6293 15.02532741134692
1 48643U 21044F   26009.19865727  .00006337  00000-0  44386-3 0  9995
2 48643  53.0535  28.6750 0001427  93.3386 266.7766 15.06406945254744
1 56321U 23058E   26009.23630641  .00103124  00000-0  70396-2 0  9995
2 56321  97.6037  12.6519 0002072  99.1571 260.9890 15.05695054148904
1 48293U 21036T   26009.24751828  .00007459  00000-0  51894-3 0  9997
2 48293  53.0547 348.4637 0001583  87.1964 272.9207 15.06409614259358
1 49288U 21090K   26009.26523844  .00000009  00000-0 -90559-5 0  9997
2 49288  87.9216 336.6055 0001495  81.5850 278.5452 13.19725148205955
1 56773U 23078G   26009.28311232  .00000344  00000-0  36667-4 0  9990
2 56773  70.0003  94.4128 0003249 272.0883  87.9904 14.98324051144762
1 54588U 22164A   26009.28541427  .00000400  00000-0  12426-3 0  9997
2 54588  98.2549  32.7716 0011061  91.7730 268.4729 14.45944062163110
1 44804U 19081A   26009.29353409  .00004858  00000-0  23332-3 0  9992
2 44804  97.4541  73.5213 0013187 353.1237   6.9815 15.19240374339344
1 54558U 22151LJ  26009.30196014  .00001171  00000-0  56913-3 0  9996
2 54558  98.7962  24.2431 0056732  89.3959 271.3717 14.19339344163225
1 49076U 21075B   26009.31656877  .00000281  00000-0  74605-3 0  9997
2 49076  87.8920  22.2381 0001951  93.5851 266.5501 13.12443478213724
1 57111U 23090L   26009.32404738 -.00000382  00000-0 -13219-4 0  9992
2 57111  43.0023 237.1970 0001239 266.9705  93.0996 15.02529570141488
1 49768U 21115AW  26009.37646201 -.00000234  00000-0  33707-5 0  9995
2 49768  53.2174  45.3885 0001466  96.7690 263.3469 15.08837970226725
1 48379U 21038AC  26009.41799697  .00002279  00000-0  17184-3 0  9998
2 48379  53.0530 257.6995 0001528  89.9907 270.1258 15.06399372258230
1 54567U 22151LT  26009.42593282  .00000379  00000-0  24369-3 0  9996
2 54567  98.8501  10.1190 0056312  88.5423 272.2196 14.08249292162176
1 57792U 23135A   26009.49880903  .00000527  00000-0  30233-3 0  9990
2 57792  49.9719  99.9728 0013095  65.0720 295.1552 14.23031830122035
1 44339U 19036A   26009.51578428  .00017340  00000-0  19009-2 0  9995
2 44339  23.9958  90.6834 0006690  11.5361 348.5290 14.86075074349806
1 48800U 21045AK  26009.52500340  .00000185  00000-0  45749-3 0  9994
2 48800  87.9022 290.8349 0001355  48.0446 312.0799 13.15547927223434
1 54766U 22175J   26009.56734803  .00001886  00000-0  13650-3 0  9999
2 54766  53.2171 309.5266 0001180  95.0576 265.0551 15.08850078170994
1 47749U 21017AD  26009.62716276  .00010723  00000-0  73735-3 0  9997
2 47749  53.0541 106.7609 0001277  95.0664 265.0471 15.06416410268961
1 57044U 23085AS  26009.64079456  .00017816  00000-0  60080-3 0  9996
2 57044  97.4822 120.9770 0007111 287.1371  72.9091 15.30756484142546
1 48051U 21025K   26009.66028276 -.00002861  00000-0 -78704-2 0  9999
2 48051  87.8999 351.7034 0001861  86.7319 273.4023 13.13479957232785
1 58170U 23166W   26009.66136894  .00000796  00000-0  39015-4 0  9993
2 58170  53.1607 133.6647 0001210  72.7007 287.4126 15.30192623124146
1 50177U 21125X   26009.67914310  .00000064  00000-0  22120-4 0  9990
2 50177  53.2171 154.0286 0001301  83.0537 277.0604 15.08837256227695
1 52609U 22052M   26009.68006011  .00000889  00000-0  73945-4 0  9999
2 52609  53.2162 183.9741 0001326  86.7290 273.3853 15.08834355201950
1 56387U 23061P   26009.68352141 -.00002070  00000-0 -13823-3 0  9999
2 56387  43.0054 157.6558 0000937 279.2248  80.8488 15.02541752147883
1 52636U 22052AQ  26009.68466964 -.00001063  00000-0 -48745-4 0  9993
2 52636  53.2168 174.0079 0001243  81.2154 278.8979 15.08830859202087
1 55425U 23014AL  26009.68946050  .00000195  00000-0  24150-4 0  9997
2 55425  69.9982 233.2507 0002673 261.9800  98.1056 14.98335471162724
1 58821U 24016B   26009.80445200  .00043006  00000-0  78327-3 0  9990
2 58821  97.4556  99.0516 0005992 280.6447  79.4129 15.49347998109481
1 48391U 21038AQ  26009.83334490  .01374756  00000-0  62115-1 0  9999
2 48391  53.1040 245.5981 0000764 112.2800 247.9682 15.17579964  5620
1 52257U 22039A   26009.85061065  .00000359  00000-0  88722-4 0  9993
2 52257  98.1344 312.1227 0004516  39.0499 321.1025 14.57587481198877
1 57399U 23101A   26009.88030197  .00007730  00000-0  28077-3 0  9997
2 57399  97.2837  64.1115 0003579   2.1409 357.9846 15.28557463137457
1 57026U 23085Y   26009.93521164  .00015399  00000-0  53093-3 0  9996
2 57026  97.4857 121.2967 0004960 266.2532  93.8141 15.30081459142576
1 47814U 21018AD  26010.00002315  .00042647  00000-0  22219-2 0  9997
2 47814  53.0906 154.9282 0001697 125.7215 130.8373 15.15601549  5799
1 59662U 24084J   26010.05282706 -.00000221  00000-0  14664-5 0  9997
2 59662  43.0030  13.1009 0000411 252.9571 107.1236 15.27582348 95404
1 53093U 93036BYP 26010.07741545  .00002168  00000-0  66617-3 0  9999
2 53093  74.0351 248.9264 0020340 322.4668  37.5067 14.42064025181340
1 59546U 24074N   26010.20229113 -.00002321  00000-0 -74873-4 0  9998
2 59546  43.0044 313.4677 0001083 273.2318  86.8410 15.27574284 97070
1 46063U 20055AN  26010.28926295  .00001354  00000-0  10981-3 0  9998
2 46063  53.0565  18.7868 0001393  83.5165 276.5982 15.06395835300228
1 53206U 22084T   26010.43670738  .00000239  00000-0  20768-4 0  9990
2 53206  97.6040  73.7833 0000576 124.5892 235.5389 15.05645976190614
1 46572U 20070AS  26010.54355721  .00114566  00000-0  22692-2 0  9990
2 46572  53.0609  60.3669 0008566  28.3474 331.7997 15.46178383290985
1 52491U 22049AS  26010.54395274 -.00000776  00000-0 -30695-4 0  9995
2 52491  53.2186 310.1486 0001311  85.2385 274.8757 15.08835170203618
1 52643U 22052AX  26010.55501611 -.00000147  00000-0  88752-5 0  9992
2 52643  53.2171 160.0674 0001330  83.5822 276.5321 15.08841987202359
1 58119U 23162B   26010.56803803 -.00000863  00000-0 -48798-4 0  9999
2 58119  43.0049  89.1858 0001417 267.3400  92.7280 15.02532472123555
1 54151U 22139B   26010.94411645  .00000008  00000-0 -11898-4 0  9996
2 54151  82.4970  85.1869 0016350 210.7186 149.2938 12.42861437146112
1 59065U 24039Q   26010.94750336  .00011756  00000-0  27951-3 0  9996
2 59065  97.4669 347.5212 0009053 335.6150  24.4667 15.41774540104385
1 57582U 23117C   26010.94837655  .00022233  00000-0  68922-3 0  9999
2 57582  97.4234  90.6258 0008693  80.0361 280.1862 15.33400429134413
1 57227U 23094K   26010.95355823  .00003969  00000-0  30846-3 0  9991
2 57227  43.0046 344.1634 0001321 267.5025  92.5666 15.02567335138431
1 53663U 22105R   26011.14145012  .00000253  00000-0  21781-4 0  9994
2 53663  97.6024 254.5438 0002248  89.8964 270.2520 15.05640461184647
1 59956U 24107M   26011.15945333  .00001586  00000-0  17950-4 0  9997
2 59956  53.1596 174.6130 0001417  70.2957 289.8214 15.69706342 93043
1 55076U 23001BV  26011.17144408  .00013857  00000-0  41251-3 0  9998
2 55076  97.3443  74.7179 0008520 319.9625  40.0989 15.34787728167994
1 48623U 21043C   26011.18450488  .00000121  00000-0  16488-3 0  9995
2 48623  66.0824 307.6932 0024571  24.6658 335.5583 13.89708942235868
1 48641U 21044D   26011.19325004  .00181795  00000-0  11682-1 0  9998
2 48641  53.0556  19.7242 0001712  93.5185 266.6000 15.07123448255047
1 55619U 23020BC  26011.19923581  .00000244  00000-0  33167-4 0  9995
2 55619  43.0046 303.8473 0001150 273.8683  86.2028 15.02537847160428
1 51984U 22025AE  26011.21926773  .00001665  00000-0  12268-3 0  9995
2 51984  53.2183 297.2052 0001276  92.4494 267.6644 15.08838831212382
1 54916U 22151RD  26011.25484152  .00000393  00000-0  24483-3 0  9996
2 54916  98.8483  14.1874 0051053  69.0477 291.6146 14.09909149159403
1 57672U 23124K   26011.25895798  .00001383  00000-0  58836-4 0  9991
2 57672  53.1594 113.7127 0001204  80.1378 279.9758 15.30191988134776
1 49432U 21104AA  26011.26893862  .00001163  00000-0  91163-4 0  9999
2 49432  53.2174 116.8919 0001288  90.6177 269.4963 15.08839744230104
1 53244U 22086C   26011.27121519  .00000139  00000-0  26798-4 0  9993
2 53244  53.2183 101.9611 0001381  96.7394 263.3756 15.08835423192577
1 47762U 21017AS  26011.27801365 -.00001107  00000-0 -55432-4 0  9993
2 47762  53.0556 124.3604 0001064  81.2528 278.8581 15.06395947268889
1 48584U 21041AH  26011.28031735  .00000388  00000-0  44920-4 0  9998
2 48584  53.0556  39.3377 0001560  93.1493 266.9675 15.06400629256409
1 56747U 23072E   26011.31175395  .00028659  00000-0  72035-3 0  9997
2 56747  97.5197 215.3486 0003801 173.0159 187.1140 15.39922925146174
1 58210U 23170E   26011.35960771 -.00001023  00000-0 -60694-4 0  9994
2 58210  43.0035 147.5993 0001381 271.3985  88.6699 15.02529866121654
1 52633U 22052AM  26011.39954954  .00000496  00000-0  49224-4 0  9992
2 52633  53.2180 166.3096 0001140  93.2279 266.8844 15.08837293202355
1 46063U 20055AN  26011.41715224  .00001035  00000-0  88336-4 0  9998
2 46063  53.0568  13.7235 0001512  87.7671 272.3492 15.06404924300393
1 55006U 22151UW  26011.44962713  .00001903  00000-0  99419-3 0  9991
2 55006  98.8199  17.0110 0042846  55.5484 304.9726 14.15147546161958
1 45859U 20043A   26011.51847749  .00000572  00000-0  11424-3 0  9994
2 45859  98.1903  24.4804 0129086 356.7671   3.2681 14.60789000293982
1 53992U 22125AE  26011.53155756  .00000990  00000-0  80268-4 0  9993
2 53992  53.2177 110.7093 0001264  89.1018 271.0119 15.08844343180826
1 47734U 21017N   26011.55031270 -.00001069  00000-0 -52867-4 0  9999
2 47734  53.0558 108.1305 0001317  96.9981 263.1158 15.06401603269138
1 54244U 22153B   26011.57450336 -.00000158  00000-0  00000-0 0  9990
2 54244   0.0095  12.1625 0002524 317.5737 257.1543  1.00271642 11572
1 53999U 22125AM  26011.59042790  .00002757  00000-0  19118-3 0  9997
2 53999  53.2168 110.3668 0001257  83.3448 276.7687 15.08846900180847
1 44804U 19081A   26011.59877049  .00006421  00000-0  30710-3 0  9995
2 44804  97.4539  75.7968 0012978 345.0251  15.0597 15.19260788339692
1 54071U 22136W   26011.62260200  .00001255  00000-0  96946-4 0  9990
2 54071  53.2158 239.9624 0001435  86.5683 273.5474 15.08842166178231
1 49505U 21114A   26011.62639650 -.00000320  00000-0  00000-0 0  9995
2 49505   0.0605 252.5557 0003143 346.5448 227.6697  1.00274196 15265
1 53230U 22084AT  26011.64404198  .00001460  00000-0  10541-3 0  9990
2 53230  97.6051  75.0181 0000956 167.2058 192.9193 15.05644752190805
1 51113U 22005K   26011.65530913  .00001178  00000-0  92077-4 0  9998
2 51113  53.2169 185.1608 0001595  91.0442 269.0733 15.08837143220260
1 47122U 20088A   26011.66667824  .00057363  00000-0  14433-2 0  9990
2 47122  53.0546 195.0886 0000866 102.4196 347.6503 15.39404837  5806
1 47406U 21005BK  26011.66667824  .00392644  69335-4  12140-2 0  9992
2 47406  53.0452 250.6108 0007519 200.3841 297.9874 15.91159383  5943
1 48318U 21036AU  26011.66734287 -.00000249  00000-0  22107-5 0  9992
2 48318  53.0553 357.6011 0001532  90.4963 269.6201 15.06394802259439
1 56883U 23083H   26011.76021767  .00000041  00000-0  18136-4 0  9990
2 56883  43.0050  31.3845 0001144 272.2457  87.8254 15.02537083143104
1 52580U 22051AW  26011.76068033 -.00001637  00000-0 -84802-4 0  9998
2 52580  53.2186  29.6946 0001348  87.7313 272.3833 15.08838733202781
1 53867U 22114BB  26011.80573523  .00000590  00000-0  55159-4 0  9995
2 53867  53.2174 169.5467 0001266  89.1285 270.9852 15.08836372184660
1 58966U 24031B   26011.83906754  .00000583  00000-0  31797-4 0  9993
2 58966  53.1599 200.4407 0001151  89.0505 271.0628 15.30193696107838
1 45772U 20038AU  26011.87111364  .00026897  00000-0  11276-2 0  9990
2 45772  53.0461  77.0230 0002077 146.1879 213.9251 15.23343499308408
1 49000U 21060AK  26011.92267820  .00000011  00000-0 -52018-5 0  9992
2 49000  87.9036 259.8951 0001374  73.8399 286.2883 13.16595068219048
1 55978U 23040A   26011.92705361  .00005085  00000-0  20214-3 0  9996
2 55978  97.5859 296.0017 0012327 175.7399 184.3946 15.25701810156243
1 59352U 24060E   26011.97298994  .00002203  00000-0  89548-4 0  9998
2 59352  43.0012 219.7442 0001505 262.9945  97.0735 15.27585491101395
1 52292U 22041AH  26011.98191413 -.00002024  00000-0 -10923-3 0  9993
2 52292  53.2234 353.6953 0001435 104.2042 255.9110 15.08802611205946
1 56034U 23042BA  26011.98254790  .00000860  00000-0  78712-4 0  9996
2 56034  43.0048 350.9210 0001380 269.7099  90.3585 15.02536228154535
1 59473U 24068U   26011.99218540  .00002245  00000-0  91083-4 0  9994
2 59473  43.0030 354.5374 0000525 329.6654  30.4167 15.27580975 99859
1 51963U 22025H   26012.00003472  .00057103  00000-0  34629-2 0  9994
2 51963  53.0648 276.0427 0002209  59.6068  39.7466 15.10020962  5700
1 59096U 24041Y   26012.00900719  .00002378  00000-0  95898-4 0  9990
2 59096  43.0031 270.7398 0000808 274.2067  85.8693 15.27578095105602
1 47975U 19063E   26012.10168396  .00000504  00000-0  18582-3 0  9992
2 47975  98.4849  73.3671 0006449 249.7010 110.3484 14.36721263263972
1 53203U 22084Q   26012.15631708  .00001041  00000-0  76339-4 0  9999
2 53203  97.6025  75.4959 0001272  88.8895 271.2477 15.05650436190871
1 50846U 22001AV  26012.16960663 -.00000582  00000-0 -18475-4 0  9992
2 50846  53.2179  72.9669 0001361  87.7852 272.3296 15.08830276221735
1 59536U 24074C   26012.17159343  .00000910  00000-0  42606-4 0  9991
2 59536  42.9981 302.4507 0000733 271.3723  88.7045 15.27570384 97372
1 56136U 23046AW  26012.26291360 -.00000250  00000-0 -34432-5 0  9996
2 56136  43.0046  92.6034 0001823 280.0708  79.9929 15.02532559153723
1 59282U 24052C   26012.27223311  .00000005  00000-0  66730-4 0  9992
2 59282  50.0091  83.1134 0006336 333.2360  26.8227 14.27890811 92527
1 49131U 21082B   26012.28045751  .00000557  00000-0  54461-4 0  9995
2 49131  70.0000  36.6734 0003119 270.0548  90.0253 14.98329489238511
1 59755U 24091C   26012.29947009 -.00000794  00000-0 -17040-5 0  9997
2 59755  53.1606 124.4674 0000908 100.4071 259.7049 15.69682005 96656
1 54252U 22155B   26012.32442785  .00036018  00000-0  68325-3 0  9994
2 54252  97.6045 147.1372 0005237 206.1307 153.9679 15.48221966175526
1 46077U 20055BC  26012.32912540  .00053520  00000-0  21586-2 0  9992
2 46077  53.0293 335.1705 0001699 131.3380 228.7762 15.24315078300975
1 46558U 20070AC  26012.33335648  .00153986  00000-0  21475-2 0  9996
2 46558  53.0497  26.5591 0002312 323.8012 270.7786 15.55896570  5927
1 52616U 22052U   26012.33335648  .01346088  00000-0  61510-2 0  9992
2 52616  53.2160 153.4628 0000824  64.3954 120.6976 15.80647057  5833
1 57993U 23153C   26012.38647660  .00000396  00000-0  44395-4 0  9995
2 57993  43.0060  14.9688 0001327 269.8367  90.2323 15.02532194126402
1 55939U 23037AB  26012.56245097  .00000140  00000-0  19564-4 0  9999
2 55939  70.0002  65.9443 0003025 269.9474  90.1339 14.98326994155577
1 57723U 91033L   26012.57278090  .00003498  00000-0  17760-1 0  9995
2 57723  82.7824  62.5607 0185250  70.9636 291.1423 12.64227641114604
1 55540U 22151YN  26012.63334981  .00001230  00000-0  41779-3 0  9995
2 55540  98.6645  42.5321 0102594 151.9098 208.7676 14.35503048160163
1 55231U 22151WY  26012.64278519  .00012598  00000-0  18339-2 0  9991
2 55231  98.6336  82.2772 0077742 359.3954   0.7146 14.73958104162746
1 56509U 23065G   26012.65266395  .00000578  00000-0  57875-4 0  9990
2 56509  43.0034 154.9753 0001442 270.8801  89.1876 15.02536263148197
1 53967U 22125D   26012.66409946 -.00000411  00000-0 -77163-5 0  9994
2 53967  53.2181 115.6654 0001322  86.3912 273.7232 15.08835009180865
1 45134U 20008D   26012.67363989  .00000686  00000-0  19281-2 0  9992
2 45134  87.8775  67.2893 0001788  96.8098 263.3233 13.10372774288285
1 53438U 22097BC  26012.68244025  .00000523  00000-0  50959-4 0  9997
2 53438  53.2184 355.1904 0001364  90.8399 269.2749 15.08842171190340
1 44457U 19048A   26012.73626584  .00000099  00000-0  00000+0 0  9995
2 44457   0.0353 107.1353 0000353 223.0901  59.0442  1.00270092 23667
1 58456U 23183V   26012.74512385  .00134223  00000-0  32945-2 0  9991
2 58456  42.9967 274.5523 0013935 219.3569 140.6275 15.39388028119150
1 53935U 22119BB  26012.75929569 -.00000512  00000-0 -14101-4 0  9994
2 53935  53.2165 180.0810 0001291  92.5787 267.5353 15.08832650183739
1 49176U 21082AY  26012.76029463 -.00000149  00000-0 -47246-5 0  9992
2 49176  69.9999  35.4685 0003399 272.2777  87.7993 14.98332614238589
1 52641U 22052AV  26012.77409144 -.00000208  00000-0  50093-5 0  9999
2 52641  53.2176 150.3417 0001295  91.9879 268.1262 15.08836559202691
1 53830U 22114N   26012.78182660 -.00000241  00000-0  29324-5 0  9991
2 53830  53.2157 194.9244 0001392  91.2100 268.9052 15.08836882184391
1 55316U 23010AZ  26012.80120429  .00001270  00000-0  11425-3 0  9999
2 55316  70.0001 145.2684 0003228 271.5762  88.5028 14.98331296166274
1 59798U 24093S   26012.80129806 -.00001214  00000-0 -34613-4 0  9992
2 59798  43.0023 164.8985 0001082 262.7625  97.3104 15.27566348 94143
1 57981U 23151T   26012.82026523 -.00016374  00000-0 -11974-2 0  9998
2 57981  43.0036 295.5821 0001606 248.0944 111.9727 15.02613915127173
1 53151U 22083V   26012.82785164 -.00000119  00000-0  10596-4 0  9999
2 53151  53.2170  54.8944 0001222  92.6751 267.4381 15.08835727192926
1 53869U 22114BD  26012.82872384  .00000239  00000-0  33112-4 0  9992
2 53869  53.2176 164.5593 0001299  89.2789 270.8352 15.08841851184825
1 44632U 19039J   26012.83521065  .00008382  00000-0  48626-3 0  9992
2 44632  97.5390  54.0559 0011578 190.5873 169.5115 15.12353709341504
1 59298U 24056C   26012.84334754  .00002269  00000-0  91897-4 0  9996
2 59298  43.0004 186.0751 0001361 264.9705  95.0991 15.27602578102614
1 45856U 20042A   26012.84889277  .00000439  00000-0  69371-4 0  9996
2 45856  97.7985  78.2200 0010752 209.1958 150.8652 14.76894964298085
1 45276U 91056N   26012.85844196  .00000462  00000-0  97513-3 0  9991
2 45276  82.5852 228.1688 0049158 348.5451  11.4555 13.28687104286487
1 54082U 22136AH  26012.86374531  .00000008  00000-0  18586-4 0  9991
2 54082  53.2164 224.9176 0001206  89.9548 270.1582 15.08829053178557
1 54079U 22136AE  26012.86746346 -.00004975  00000-0 -29496-3 0  9994
2 54079  53.2172 224.9417 0001801  96.2651 263.8546 15.08807210178557
1 59840U 24097F   26012.86948873  .05084562  94324-1  55174-2 0  9999
2 59840  42.9759 196.6938 0018154 294.5083  65.3907 16.15129777 93756
1 45823U 11037BH  26012.87735353  .00000974  00000-0  22490-3 0  9996
2 45823  51.4338 198.5280 1878744  29.7605 339.7905 11.32892408231368
1 58859U 24019G   26012.87963481 -.00000348  00000-0 -31387-5 0  9992
2 58859  43.0026 204.3948 0001283 264.5950  95.4755 15.27573361110543
1 51131U 22005AD  26012.89822603  .00000044  00000-0  20882-4 0  9991
2 51131  53.2166 189.5764 0001362  86.3669 273.7479 15.08838588220306
1 58938U 24027H   26012.90584579 -.00000891  00000-0 -17957-4 0  9999
2 58938  53.1589 209.0095 0001148  89.4713 270.6419 15.30191059108784
1 45700U 20035AV  26012.91668981 -.00034232  00000-0 -19555-2 0  9998
2 45700  53.0550 286.9221 0001554  90.9700 321.4306 15.12140847  5834
1 59234U 24049D   26012.91717630 -.00001711  00000-0 -52679-4 0  9992
2 59234  43.0059  87.5017 0001587 283.0298  77.0376 15.27564659103999
1 44796U 19078D   26012.93358046  .00000416  00000-0  61412-3 0  9992
2 44796  54.9204 122.4191 5388846 212.0011  99.4490  4.81520756105970
1 44784U 19076F   26012.93796419 -.00000199  00000-0 -29350-4 0  9993
2 44784  45.0051 244.0837 0087556 141.4891 219.2238 14.18021449319656
1 55160U 23004W   26012.96156358  .00000009  00000-0 -94286-5 0  9994
2 55160  87.9094  36.6904 0002210  86.6508 273.4876 13.17648054147156
1 53423U 22097AM  26012.96957748 -.00002784  00000-0 -15687-3 0  9996
2 53423  53.2199   4.2687 0001513  94.3495 265.7671 15.08844329190210
1 45282U 91056U   26012.97737376  .00000419  00000-0  10620-2 0  9997
2 45282  82.6180 266.7934 0015532 223.8741 136.1149 13.16729247283952
1 52871U 22062AT  26012.98885050  .00000765  00000-0  66144-4 0  9992
2 52871  53.2169 264.1717 0001423  85.2563 274.8591 15.08834412197658
1 45663U 20035G   26012.99144339  .00011177  00000-0  28302-3 0  9992
2 45663  53.0247 263.4278 0005971  99.0178 261.1501 15.40250539311088
1 46572U 20070AS  26013.00002315  .00126518  00000-0  24498-2 0  9998
2 46572  53.0601  48.6432 0008892  30.7638 333.5067 15.46778421  5885
1 55150U 23004L   26013.02938192  .00000023  00000-0  24414-4 0  9995
2 55150  87.9172   6.2867 0000983 130.5925 229.5293 13.18686167149256
1 59863U 24098F   26013.03623323 -.00001946  00000-0 -61236-4 0  9992
2 59863  42.9991 232.3864 0001288 270.5377  89.5327 15.27570263 93335
1 50180U 21125AA  26013.03626596 -.00000556  00000-0 -16841-4 0  9996
2 50180  53.2176 138.9688 0001194  87.9106 272.2023 15.08835878228248
1 55216U 22151WH  26013.04582455  .00006485  00000-0  12613-2 0  9993
2 55216  98.6186  61.1361 0078509  67.8732 293.0778 14.61503041161727
1 57903U 23146N   26013.05700525 -.00000826  00000-0 -46118-4 0  9998
2 57903  43.0034 255.1208 0001062 272.1912  87.8808 15.02530142127648
1 53104U 22079C   26013.06202436  .00004021  00000-0  33764-3 0  9991
2 53104  40.0154  22.4576 0007979 243.8878 116.1094 14.98997422 92072
1 54418U 22151ES  26013.06990363 -.00000092  00000-0 -46813-4 0  9990
2 54418  98.8827 303.3985 0239233 242.9400 114.7155 13.70802353158235
1 57062U 23088Q   26013.11931639 -.00000384  00000-0 -13375-4 0  9996
2 57062  43.0051  36.1342 0001366 267.1903  92.8783 15.02533419142162
1 55140U 23004A   26013.12356471  .00000010  00000-0 -84636-5 0  9999
2 55140  87.9098  36.6819 0002084 102.4744 257.6621 13.17650447147163
1 45151U 20008W   26013.12859369 -.00000479  00000-0 -13864-2 0  9997
2 45151  87.8837  51.9171 0001877  92.7067 267.4276 13.11415733290089
1 55806U 23029L   26013.12873078 -.00000029  00000-0 -10405-3 0  9994
2 55806  87.9219 335.8369 0000995  61.4446 298.6787 13.19725465138458
1 58771U 24011G   26013.13035867  .00013319  00000-0  46121-3 0  9995
2 58771  53.1569 269.6542 0001301  63.1358 296.9776 15.30185528111797
1 58507U 23190C   26013.13715936  .00014769  00000-0  31641-3 0  9992
2 58507  86.5640 321.0653 0266024 119.0638 243.7531 15.14853736114884
1 49163U 21082AK  26013.13987225  .00000419  00000-0  43776-4 0  9990
2 49163  69.9998  55.1270 0003376 272.9831  87.0941 14.97531589239292
1 52444U 22048B   26013.14531847  .00036063  00000-0  60873-3 0  9995
2 52444  97.5671 116.3838 0005939 246.7257 113.3370 15.51543016205270
1 51964U 22025J   26013.14683841 -.00001247  00000-0 -64858-4 0  9994
2 51964  53.0549 276.3551 0001584  88.8297 271.2874 15.06390498212609
1 48982U 21060R   26013.15049717  .00000017  00000-0  99667-5 0  9996
2 48982  87.9028 259.6543 0001572  68.3308 291.7990 13.16595834219198
1 48996U 21060AF  26013.15604977  .00000016  00000-0  90472-5 0  9990
2 48996  87.9033 259.6395 0001489  86.1474 273.9828 13.16595201219294
1 59184U 24045G   26013.16440706 -.00001262  00000-0 -36345-4 0  9990
2 59184  42.9994  45.7640 0000937 268.1140  91.9604 15.27571708104673
1 53416U 22097AE  26013.16732153  .00000439  00000-0  45639-4 0  9996
2 53416  53.2197   3.3225 0001158  95.9108 264.2016 15.08850421190241
1 48563U 21041L   26013.16844607  .00000667  00000-0  63685-4 0  9993
2 48563  53.0566  20.8601 0001590  93.8350 266.2821 15.06398793256835
1 55925U 23037M   26013.17604575 -.00001823  00000-0 -14506-3 0  9993
2 55925  70.0009  84.3536 0002811 263.7424  96.3415 14.98323618155175
1 46984U 20086A   26013.18283108 -.00000065  00000-0 -17619-4 0  9991
2 46984  66.0418  97.0020 0007830 269.6905  90.3213 12.80928786240477
1 48412U 21038BM  26013.18326083 -.00001545  00000-0 -84941-4 0  9993
2 48412  53.0548 181.2312 0001554  88.8070 271.3097 15.06372723259641
1 45159U 20008AE  26013.21062824  .00000713  00000-0  20052-2 0  9993
2 45159  87.8783  67.1538 0001882 105.5362 254.5974 13.10374292287889
1 48067U 21025AB  26013.21185260  .00000072  00000-0  16301-3 0  9995
2 48067  87.8998 351.0225 0001648  68.0721 292.0583 13.13468717233207
1 57672U 23124K   26013.21840815 -.00000536  00000-0 -59792-5 0  9993
2 57672  53.1601 104.6117 0000916  85.0662 275.0443 15.30195421135070
1 59046U 24038Z   26013.22185374  .00000567  00000-0  30145-4 0  9990
2 59046  43.0024 336.9487 0000866 258.1045 101.9710 15.27568961106314
1 57823U 23138R   26013.22274443 -.00007621  00000-0 -26757-3 0  9990
2 57823  42.9969  82.0300 0001460 182.7219 177.3625 15.27594372131483
1 57222U 23094E   26013.22383909 -.00001260  00000-0 -78246-4 0  9996
2 57222  43.0047 331.9594 0001038 256.7943 103.2784 15.02533813139403
1 48674U 21044AN  26013.22558646  .00000912  00000-0  80135-4 0  9993
2 48674  53.0541   0.7224 0001508  89.6327 270.4835 15.06399344255480
1 46533U 20070B   26013.25002314  .00109853  00000-0  12538-2 0  9996
2 46533  53.0530  41.9550 0009380  29.6964 196.1032 15.61346849  5957
1 55823U 23029AD  26013.25049867  .00000033  00000-0  48606-4 0  9996
2 55823  87.9241 305.4048 0001577  61.4918 298.6374 13.20856584140690
1 58035U 23156H   26013.26328730 -.00000273  00000-0  29149-5 0  9994
2 58035  53.1612 335.5603 0000924 104.6525 255.4578 15.30196546127785
1 49411U 21104D   26013.26991047 -.00001111  00000-0 -51748-4 0  9992
2 49411  53.2197 107.9072 0001401  97.1875 262.9277 15.08838862230400
1 56368U 23059B   26013.27415670 -.00000018  00000-0  00000-0 0  9991
2 56368   0.0529  13.4959 0014075 311.2718  35.1367  4.99243608 46984
1 58054U 23158D   26013.27479033  .00106635  00000-0  77800-2 0  9993
2 58054  43.0031 331.6029 0001604 260.1865  99.8796 15.02581838125195
1 57033U 23085AF  26013.29802700  .00089741  00000-0  78115-3 0  9990
2 57033  97.4798 139.3007 0003905 237.2913 122.7972 15.68746828144049
1 54413U 22151EM  26013.30033956  .00035400  00000-0  20547-2 0  9991
2 54413  98.8007 148.6194 0082823 198.5059 161.3149 15.09138383170750
1 57038U 23085AL  26013.30472758  .00012792  00000-0  44790-3 0  9997
2 57038  97.4850 123.9076 0006414 268.6386  91.4120 15.29613257143039
1 53610U 22104Y   26013.31549758 -.00000295  00000-0 -42310-6 0  9992
2 53610  53.2172 122.8269 0001291  93.7869 266.3271 15.08837412187273
1 54480U 22151HG  26013.37130968  .00000272  00000-0  96283-4 0  9994
2 54480  98.6314  48.4103 0130337 113.9465 247.5435 14.37784452166064
1 53170U 22083AQ  26013.40790607 -.00000261  00000-0  16713-5 0  9999
2 53170  53.2192  47.2417 0001277  84.7049 275.4089 15.08840995193089
1 56882U 23083G   26013.41217708 -.00000192  00000-0  88290-6 0  9993
2 56882  43.0061  22.2740 0001234 269.8566  90.2135 15.02535154143351
1 59175U 23174DK  26013.45834171  .00007563  00000-0  25105-3 0  9996
2 59175  97.3976  93.7470 0009683  10.0789 350.0645 15.31474945121337
1 59050U 87060AX  26013.45924885  .00000411  00000-0  18079-3 0  9991
2 59050  65.0081  81.1200 0014621 278.9594  80.9837 14.34517814 98731
1 56063U 23043T   26013.46867029 -.00000011  00000-0 -57794-4 0  9996
2 56063  87.9223 274.8260 0001762  74.1316 286.0012 13.21825153137832
1 53076U 22077AK  26013.47525616 -.00005255  00000-0 -40473-3 0  9997
2 53076  97.6011 196.1564 0000661 209.5374 150.5813 15.01278610192637
1 52843U 22062P   26013.47645092 -.00000710  00000-0 -26502-4 0  9992
2 52843  53.2175 281.9840 0001422  90.6700 269.4455 15.08836970197458
1 48801U 21045AL  26013.48949182 -.00000050  00000-0 -16714-3 0  9999
2 48801  87.9008 290.0719 0001761  69.9722 290.1598 13.15548531223965
1 50201U 21125AX  26013.49441324  .00049819  00000-0  44411-3 0  9990
2 50201  53.2041  53.9210 0002255  30.5430 329.5719 15.67973326229439
1 46359U 20062AL  26013.50002314  .00140997  00000-0  25900-2 0  9992
2 46359  53.0303 181.9509 0005567 160.6238 321.2679 15.48257261  5876
1 48826U 61015NE  26013.50453998  .00000980  00000-0  38729-3 0  9995
2 48826  66.5986  50.3681 0041144 100.2201 331.7297 14.32775658632532
1 44343U 19036E   26013.53170141  .00003464  00000-0  19667-3 0  9990
2 44343  23.9974 161.8368 0000309 179.3013 180.7491 15.08224755359852
1 59875U 24098T   26013.54805998 -.00004295  00000-0 -14666-3 0  9995
2 59875  43.0017 197.0713 0001406 267.8576  92.2115 15.27578295 93778
1 57155U 23090BG  26013.55779404 -.00000473  00000-0 -19972-4 0  9998
2 57155  43.0019 200.8948 0001309 267.3915  92.6777 15.02532842142275
1 52619U 22052X   26013.56338963 -.00000313  00000-0 -15914-5 0  9993
2 52619  53.2166 156.5794 0001316  79.6341 280.4799 15.08835682202667
1 56690U 23067C   26013.56646984  .00000790  00000-0  73548-4 0  9991
2 56690  43.0023 214.3490 0001184 267.5533  92.5174 15.02527399147360
1 44866U 19090C   26013.57774582 -.00000047  00000-0  00000-0 0  9996
2 44866  56.2428  74.2063 0070296  37.0488 323.4899  1.78364286 39615
1 56874U 23082A   26013.57911822  .00019729  00000-0  58066-3 0  9998
2 56874  49.1076 119.8301 0004785  48.9464 311.1896 15.34976950145559
1 46130U 20057P   26013.58334490  .00135720  00000-0  20766-2 0  9997
2 46130  53.0480 140.7546 0009214 175.8402 329.0653 15.53396809  5963
1 45064U 20006W   26013.58334490  .01309723  00000-0  53207-1 0  9998
2 45064  53.1187 153.5581 0000619  78.7160 275.9341 15.21406910  5835
1 58145U 23163E   26013.62064575  .00003764  00000-0  18355-3 0  9990
2 58145  34.9905 252.1870 0004914 355.2059   4.8606 15.17784880123837
1 59030U 24038H   26013.62137518  .00000724  00000-0  35854-4 0  9991
2 59030  43.0046 338.2349 0001500 272.3480  87.7200 15.27580914106339
1 55988U 23042C   26013.65645120  .00000148  00000-0  26025-4 0  9999
2 55988  43.0050 355.0129 0000887 268.2472  91.8268 15.02539241154633
1 56801U 23078AL  26013.66028894 -.00000651  00000-0 -46742-4 0  9996
2 56801  69.9999 103.0845 0003590 292.2548  67.8230 14.98325484144938
1 54328U 22151BX  26013.71611187  .00030898  00000-0  20575-2 0  9996
2 54328  98.6339 107.9285 0056027 283.9082  75.5913 15.05757423 97326
1 46504U 20068U   26013.72080213  .00011385  00000-0  30675-3 0  9992
2 46504  97.8610  10.2294 0007606 136.5836 223.6007 15.37987860291984
1 48971U 21060E   26013.72286146 -.00000043  00000-0 -14633-3 0  9995
2 48971  87.9029 259.5316 0001399  72.5097 287.6187 13.16594902219268
1 54422U 22151EW  26013.79152155  .00000274  00000-0  15523-3 0  9997
2 54422  98.8141  30.5413 0037759  77.5523 282.9873 14.17573250163752
1 52487U 22049AN  26013.80813395 -.00001241  00000-0 -59931-4 0  9993
2 52487  53.2193 295.6021 0001337  94.7464 265.3680 15.08828372205342
1 54094U 22136AV  26013.88708199  .08608452  12512-4  30037-3 0  9992
2 54094  53.1974 197.6993 0002755 325.6878  34.3994 16.44514223179028
1 53932U 22119AY  26013.90656101 -.00000048  00000-0  15088-4 0  9996
2 53932  53.2171 185.1438 0001401  90.7553 269.3600 15.08836222183777
1 58674U 23211H   26013.93586871  .00008341  00000-0  31230-3 0  9996
2 58674  43.0002  34.2522 0000956 268.6389  91.4353 15.27579088114093
1 51759U 22016AX  26013.94243891 -.00000423  00000-0 -85146-5 0  9990
2 51759  53.2172 194.8919 0001194  78.8196 281.2930 15.08826984215446
1 54077U 22136AC  26013.94990138  .00001161  00000-0  90984-4 0  9995
2 54077  53.2155 205.4896 0001552  80.6003 279.5164 15.08852309178922
1 58379U 23178F   26014.03739166  .00006929  00000-0  24607-3 0  9999
2 58379  53.1590 254.9480 0001498  77.9326 282.1842 15.30170675121528
1 52265U 22041E   26014.12274865  .00000823  00000-0  69804-4 0  9991
2 52265  53.2195 354.0826 0001466  85.0614 275.0546 15.08837920206129
1 51957U 22025B   26014.13265562 -.00000523  00000-0 -16212-4 0  9999
2 51957  53.0546 280.7840 0001322  88.2375 271.8765 15.06403348212625
1 51120U 22005S   26014.14026731 -.00000100  00000-0  11783-4 0  9991
2 51120  53.2174 174.0103 0001352  86.8821 273.2326 15.08836715220646
1 53839U 22114X   26014.14440038  .00000358  00000-0  40612-4 0  9998
2 53839  53.2174 179.2278 0002389  91.8028 268.3238 15.08832165184732
1 53429U 22097AT  26014.18391790  .00003570  00000-0  24211-3 0  9992
2 53429  53.2188 348.9236 0001135  84.8949 275.2173 15.08862150190552
1 48287U 21036M   26014.24565547  .00001988  00000-0  15234-3 0  9996
2 48287  53.0552 326.0275 0001470  93.8443 266.2714 15.06401513260102
1 57311U 23096X   26014.33335648  .00588121  00000-0  37742-2 0  9995
2 57311  42.9734 107.7471 0031265  16.8626 318.1023 15.73177443  5837
1 48594U 21041AT  26014.34242499 -.00000331  00000-0 -33282-5 0  9990
2 48594  53.0550 355.6783 0001465  87.9913 272.1243 15.06396770257290
1 48331U 21036BH  26014.40599147  .00004595  00000-0  32717-3 0  9999
2 48331  53.0551 345.3057 0001289  87.0838 273.0299 15.06397463259856
1 44543U 19061B   26014.53001058  .00000095  00000-0  00000-0 0  9996
2 44543  54.4000 187.8774 0005896  25.6663 150.9290  1.86227558 42931
1 52337U 22045G   26014.53307210  .00001038  00000-0  83301-4 0  9998
2 52337  53.2179  92.2424 0001145  95.4222 264.6901 15.08836409207468
1 47797U 21018L   26014.55573483 -.00000853  00000-0 -38402-4 0  9998
2 47797  53.0553 139.6391 0001436  95.4452 264.6701 15.06394508268364
1 49011U 21063A   26014.59163100  .00000125  00000-0  00000-0 0  9993
2 49011   1.1978  81.9719 0005334 200.3821  61.4537  1.00271580 16534
1 48986U 21060V   26014.59523345  .00000028  00000-0  39479-4 0  9999
2 48986  87.9031 259.3620 0001497  75.2943 284.8354 13.16594507219640
1 52868U 22062AQ  26014.60714000 -.00000183  00000-0  66040-5 0  9996
2 52868  53.2167 266.9365 0001287  90.1980 269.9159 15.08834049197760
1 57177U 23091M   26014.60822138  .00003829  00000-0  18873-3 0  9997
2 57177  97.5338  74.1297 0012661 294.4888  65.5025 15.18490194140676
1 54260U 22157B   26014.61299019  .00004045  00000-0  20011-2 0  9993
2 54260  21.9780  22.7165 7768219 299.6758   5.4315  1.69765833 16750
1 58155U 23166F   26014.65801015  .00000540  00000-0  30374-4 0  9991
2 58155  53.1598 110.8099 0001320  84.4510 275.6641 15.30190514124909
1 55892U 22151AAQ 26014.66428835  .00001257  00000-0  84191-3 0  9996
2 55892  98.8565 347.4074 0127533 141.5010 219.5337 13.98769119156202
1 45072U 20006AE  26014.66668981  .00070608  00000-0  27292-2 0  9994
2 45072  53.1367 148.4909 0001052  58.5997   7.9819 15.25612129  5857
1 55971U 23038B   26014.70421175  .00000107  00000-0  00000+0 0  9990
2 55971   0.0161 332.4310 0001579 334.6405 285.6872  1.00272301 10544
1 58713U 24002J   26014.71899853 -.00022168  00000-0 -73622-3 0  9999
2 58713  53.1608 120.5246 0000534  99.9786 260.1275 15.30302710113751
1 49100U 21075AB  26014.76716000  .00000049  00000-0  91928-4 0  9995
2 49100  87.9095  36.3346 0002000 104.4514 255.6839 13.17650145213366
1 58172U 23165C   26014.84086682 -.00000047  00000-0  20100-4 0  9994
2 58172  67.1506 300.4552 0007755  91.1772 269.0202 13.97315921112938
1 46656U 18079CJ  26014.87958697 -.00000077  00000-0  00000+0 0  9998
2 46656  13.4200  14.6739 4537733 358.9360   0.3342  1.96959247 37931
1 47289U 20100AH  26014.92946218  .00000442  00000-0  11939-2 0  9992
2 47289  87.8928  21.0952 0001769  89.6572 270.4759 13.12441656244549
1 54811U 22175BF  26014.93562001  .00013372  00000-0  85606-3 0  9999
2 54811  53.2184 265.4780 0001384  94.9802 265.1348 15.08865669172085
1 58565U 23174CW  26014.94410186  .00071879  00000-0  60758-3 0  9993
2 58565  97.3894 107.5625 0004716 309.1528  50.9314 15.69519639122396
1 58765U 24011A   26014.96074016  .00002434  00000-0  94268-4 0  9991
2 58765  53.1598 263.2827 0001374  78.8632 281.2523 15.30202409112040
1 46488U 20068C   26014.96286568  .00000056  00000-0  33437-3 0  9993
2 46488  82.4949  82.4300 0013715  26.4691 333.7086 12.42886106240217
1 57193U 23091AD  26014.97722220  .00008222  00000-0  30861-3 0  9999
2 57193  97.5294  78.7262 0010325 281.8835  78.1245 15.27430246141020
1 57298U 23096J   26015.00002315  .00043221  00000-0  22453-3 0  9997
2 57298  42.9752  95.6767 0029753  31.7761 223.2177 15.79562651  5830
1 56832U 23079K   26015.00314088  .00001194  00000-0  10345-3 0  9994
2 56832  43.0053  13.0879 0001268 264.8126  95.2572 15.02528210138700
1 45693U 20035AN  26015.01787773  .00005963  00000-0  38608-3 0  9992
2 45693  53.0535 296.9549 0007086  81.5207 278.6586 15.09440118310782
1 53561U 22101AL  26015.05977074  .00000775  00000-0  66786-4 0  9995
2 53561  53.2186 304.8764 0001465  77.6355 282.4801 15.08843440188210
1 56668U 22151AGU 26015.07992582  .00002005  00000-0  63877-3 0  9999
2 56668  98.8371  71.7497 0033376 112.9850 247.4864 14.40637189158385
1 54234U 22150A   26015.08319620  .00000032  00000-0  35811-4 0  9998
2 54234  98.7498 315.9819 0000636 290.8225  69.2883 14.19534714164820
1 45164U 20008AK  26015.09036030 -.00000581  00000-0 -17017-2 0  9999
2 45164  87.8775  66.7928 0002198 102.3378 257.7995 13.10373331287833
1 56052U 23043G   26015.09450406 -.00000008  00000-0 -49686-4 0  9999
2 56052  87.9217 274.5202 0001667  76.7627 283.3693 13.21826646138006
1 57061U 23088P   26015.11561387  .00000027  00000-0  17053-4 0  9995
2 57061  43.0044  38.3297 0001174 275.1205  84.9503 15.02536382141339
1 45671U 20035Q   26015.16670139  .00055553  00000-0  27876-2 0  9995
2 45671  53.0560 306.7256 0000512  28.4406   0.7056 15.16802062  5818
1 47819U 21018AJ  26015.16670139  .00122677  00000-0  52882-2 0  9990
2 47819  53.1165 131.4572 0000183  58.3424 324.6061 15.21627673  5673
1 53542U 22101R   26015.17383550  .00006475  00000-0  42432-3 0  9991
2 53542  53.2185 304.3668 0001365  97.1831 262.9317 15.08857886188912
1 53731U 22107AH  26015.17823234  .00014650  00000-0  91794-3 0  9994
2 53731  53.2140 134.4509 0001501  32.5429 327.5656 15.09580626186500
1 53878U 22115B   26015.18119748  .00000639  00000-0  10153-3 0  9996
2 53878  98.4315  85.5427 0116233 194.5646 165.2202 14.71572279178059
1 44547U 19063A   26015.18506876  .00000242  00000-0  10458-3 0  9997
2 44547  98.4178  30.0285 0004437 246.0959 113.9761 14.32664064329967
1 55054U 23001AX  26015.19621697  .00003109  00000-0  11896-3 0  9991
2 55054  97.3470  74.9382 0008993 320.1873  39.8706 15.27290384168354
1 57733U 23131B   26015.20728189  .00000654  00000-0  63527-4 0  9998
2 57733  43.0027 102.0004 0001578 271.3613  88.7048 15.02533848131890
1 48863U 21055D   26015.22697734  .00001910  00000-0  14598-3 0  9997
2 48863  34.9976   3.2066 0004761 263.0524  96.9642 15.01747253249877
1 58063U 23158N   26015.23250931  .00001595  00000-0  13317-3 0  9998
2 58063  43.0049 320.4923 0000972 279.8556  80.2176 15.02531710125497
1 52268U 22041H   26015.28930295 -.00000082  00000-0  12959-4 0  9995
2 52268  53.2187 348.7669 0001363  88.8653 271.2496 15.08841435206306
1 58488U 23186R   26015.31669456  .00000387  00000-0  43751-4 0  9999
2 58488  43.0046 357.3910 0000919 228.2158 131.8606 15.02520368117812
1 54150U 22139A   26015.31840881  .00000016  00000-0  44628-4 0  9994
2 54150  82.5045  83.3018 0021503 191.9131 168.1443 12.42863493146651
1 53475U 22099L   26015.32245913  .00000267  00000-0  25350-4 0  9993
2 53475  97.6015 137.9646 0002032  70.4868 289.6575 15.01263119188671
1 51288U 21022AQ  26015.32349441  .00151275  00000-0  78413-3 0  9992
2 51288  97.4198 295.6504 0004869 131.4379 228.7308 15.80598543221069
1 53472U 22099H   26015.32987225 -.00000038  00000-0  15904-5 0  9991
2 53472  97.6019 137.9777 0003367  74.2241 285.9354 15.01259491187970
1 55764U 23028Z   26015.37402623  .00000501  00000-0  49773-4 0  9993
2 55764  70.0005 359.0167 0003023 269.5577  90.5235 14.98330439158542
1 58669U 23211C   26015.38721308  .00000030  00000-0  10599-4 0  9990
2 58669  42.9999  26.2209 0000973 297.1392  62.9360 15.27581267114311
1 55812U 23029S   26015.38744116  .00000113  00000-0  25014-3 0  9995
2 55812  87.9231 335.3814 0001494  68.2179 291.9113 13.19725242138779
1 49187U 21083B   26015.41288726  .00000072  00000-0  15029-3 0  9994
2 49187  87.9186   5.7887 0001982  88.1674 271.9685 13.18685612209841
1 57633U 23122B   26015.41401791  .00000754  00000-0  70875-4 0  9992
2 57633  43.0044  24.4763 0001306 265.9568  94.1125 15.02536568134166
1 58111U 23161Q   26015.41888815  .00000865  00000-0  41324-4 0  9993
2 58111  53.1599  53.1100 0001179  87.2006 272.9130 15.30195955126265
1 58844U 24017U   26015.42245517  .00001741  00000-0  70862-4 0  9997
2 58844  53.1571 181.8684 0001254  59.4020 300.7104 15.30220218110619
1 47265U 20100H   26015.42584234 -.00000364  00000-0 -10466-2 0  9997
2 47265  87.8917  21.0112 0001748  89.8136 270.3193 13.12444679244666
1 55326U 23011C   26015.44061964  .00003407  00000-0  15852-3 0  9994
2 55326  40.4814 158.8301 0002325 359.5159   0.5646 15.21089600164575
1 57417U 23102P   26015.46157937  .00009346  00000-0  70690-3 0  9995
2 57417  43.0034 177.7393 0000850 257.2432 102.8315 15.02488056138231
1 52336U 22045F   26015.48984767  .00000588  00000-0  55056-4 0  9995
2 52336  53.2181  87.7406 0001224  94.1648 265.9484 15.08838467207618
1 44882U 19093D   26015.51268078  .00004249  00000-0  32142-3 0  9993
2 44882  97.7991 109.1157 0014952 173.0346 187.1089 15.02794980329664
1 56934U 23084C   26015.51950292  .00005069  00000-0  16702-3 0  9990
2 56934  97.5985 151.9715 0006789 155.9723 204.1836 15.31923393144139
1 57137U 23090AN  26015.53004574  .00000282  00000-0  35958-4 0  9995
2 57137  43.0026 190.7549 0001275 268.8532  91.2164 15.02534128142375
1 56703U 23067R   26015.53085723  .00001168  00000-0  10155-3 0  9997
2 56703  43.0030 203.2998 0001121 259.5394 100.5322 15.02525015147661
1 55345U 23013Q   26015.54164935  .00000178  00000-0  28231-4 0  9998
2 55345  43.0018 216.1794 0001108 264.6295  95.4420 15.02536670163867
1 58192U 23167T   26015.57240348  .00003481  00000-0  27257-3 0  9993
2 58192  43.0025  74.6761 0001662 273.7874  86.2778 15.02547861122962
1 44782U 19076D   26015.57383012 -.00000023  00000-0  69734-4 0  9990
2 44782  45.0062 141.8020 0012502 125.2794 234.9211 14.02004729316405
1 45564U 20025AK  26015.58335647  .01431497  00000-0  60246-1 0  9996
2 45564  53.0536 324.6657 0002002  75.5918  39.8126 15.19932339  5830
1 55403U 23014N   26015.60165090  .00000551  00000-0  53986-4 0  9994
2 55403  69.9995 198.2951 0002964 265.9674  94.1146 14.98331536164101
1 53662U 22105Q   26015.63571052 -.00000573  00000-0 -35535-4 0  9997
2 53662  97.6023 258.8584 0002184  93.0278 267.1198 15.05622366185313
1 57910U 23146V   26015.65963029  .00001269  00000-0  10902-3 0  9995
2 57910  43.0032 241.1088 0001176 268.1632  91.9076 15.02536851128035
1 59520U 24073K   26015.66339313  .00001234  00000-0  54382-4 0  9991
2 59520  43.0038 257.6839 0001864 261.7840  98.2801 15.27572291 98060
1 45564U 20025AK  26015.66668981  .00103439  00000-0  45902-2 0  9999
2 45564  53.0537 324.2828 0001985  98.6988 112.7717 15.20742318  5856
1 45080U 20006AN  26015.66668981  .00093852  00000-0  32576-2 0  9991
2 45080  53.1532 143.7422 0001513 120.4584 175.3320 15.29015554  5817
1 54376U 22160E   26015.67488259  .00001944  00000-0  82115-4 0  9998
2 54376  35.0078 218.5706 0009718 122.2155 237.9503 15.23014184174787
1 57772U 23134B   26015.69867239  .00000695  00000-0  66524-4 0  9992
2 57772  43.0049 125.1365 0002031 278.7883  81.2730 15.02535837131502
1 58996U 24035B   26015.70173618  .00000580  00000-0  80719-3 0  9999
2 58996  18.7064 131.0064 8022131  98.3149 348.7608  1.39703449  9679
1 53204U 22084R   26015.70751087  .00014967  00000-0  11664-2 0  9996
2 53204  97.6033  78.3439 0003179  70.4244 289.7324 15.01287426192024
1 56078U 23043AJ  26015.71100287 -.00000128  00000-0 -37346-3 0  9997
2 56078  87.9008 289.6546 0001873  79.4303 280.7038 13.15545908136385
1 46472U 20066D   26015.74188015  .00000039  00000-0  95324-4 0  9994
2 46472  65.9119 150.2378 0020025  94.3153 266.0208 13.92293258270328
1 57982U 23151U   26015.74195345  .00000336  00000-0  39917-4 0  9990
2 57982  43.0027 279.6647 0000915 272.9894  87.0844 15.02541201127615
1 44949U 20001AM  26015.74721642 -.00000728  00000-0 -30016-4 0  9993
2 44949  53.0552 204.2846 0001330  92.4668 267.6474 15.06395822332140
1 46159U 20057AU  26015.75115907  .00066612  00000-0  17012-2 0  9992
2 46159  53.0539 188.6433 0002164 195.2310 164.8628 15.38881248299428
1 47371U 21005Y   26015.75136663 -.00000294  00000-0 -81688-6 0  9995
2 47371  53.0554 299.2660 0001408  90.6134 269.5016 15.06393495275060
1 51717U 22016D   26015.75580185 -.00000483  00000-0 -12234-4 0  9998
2 51717  53.2167 206.8370 0001581  87.3617 272.7557 15.08833734215432
1 59499U 24071R   26015.76316307 -.00001309  00000-0 -38070-4 0  9994
2 59499  43.0009 278.4326 0000908 266.4526  93.6222 15.27567880100110
1 46786U 20074AZ  26015.76372451  .00080356  00000-0  21218-2 0  9991
2 46786  53.0542 155.5894 0009746 180.9692 179.1293 15.37728436289311
1 59621U 24080W   26015.77045616  .00000547  00000-0  29385-4 0  9994
2 59621  43.0022 332.9350 0000444 256.3399 103.7403 15.27582501 96481
1 48158U 21028B   26015.77188921 -.00000158  00000-0 -59649-4 0  9999
2 48158  99.4637 133.7687 0159149 279.1028  79.2161 14.05394491244757
1 48227U 21031T   26015.79911122 -.00000206  00000-0 -58903-3 0  9994
2 48227  87.9038 320.0563 0001755  71.3575 288.7745 13.14502207228205
1 51472U 22010S   26015.81189760 -.00000549  00000-0 -16380-4 0  9990
2 51472  53.2174 156.4327 0001343  82.3094 277.8051 15.08840663218842
1 47572U 21009AA  26015.81411412  .00150490  00000-0  16616-2 0  9994
2 47572  53.0482 225.1931 0016186 136.7314 223.4973 15.61935782273301
1 54136U 22138Z   26015.82970059  .00000076  00000-0  15843-3 0  9996
2 54136  87.9223 335.2984 0001727  74.8301 285.3023 13.19727227156732
1 52616U 22052U   26015.83235716  .01291337  00000-0  39142-2 0  9997
2 52616  53.2157 135.8494 0001582  63.8353 296.2836 15.88977475203162
1 56324U 23058H   26015.93478766 -.00003319  00000-0 -22611-3 0  9995
2 56324  97.6057  19.2863 0001681  79.3542 280.7874 15.05619370149918
1 55135U 23003C   26015.94693168  .00013085  00000-0  24778-3 0  9995
2 55135  97.1724  93.0095 0002530 356.7825   3.3409 15.48487076168669
1 57952U 23148T   26015.97415813 -.00001204  00000-0 -28536-4 0  9995
2 57952  53.1594 268.9813 0001346  98.9114 261.2039 15.30203966130350
1 57991U 23153A   26015.98293236  .00000461  00000-0  49204-4 0  9995
2 57991  43.0052 355.5148 0001250 271.4596  88.6103 15.02539203126847
1 58326U 23174BY  26015.98365049  .00012474  00000-0  32116-3 0  9993
2 58326  97.3940  99.2841 0006468   1.3904 358.7358 15.39352467121943
1 47238U 20095B   26015.98995924 -.00000142  00000-0  00000-0 0  9997
2 47238   3.4333 299.5226 0261954   6.7314 354.0031  0.95076018  9758
1 52557U 22051AA  26015.99036839 -.00001955  00000-0 -10479-3 0  9991
2 52557  53.2188   5.6962 0001493  98.5712 261.5450 15.08828147203495
1 54958U 22151SX  26015.99135383  .00003098  00000-0  13907-2 0  9999
2 54958  98.8187  25.6851 0050116  23.6570 336.6896 14.22483352163765
1 54518U 22151JW  26016.04745825  .00001016  00000-0  38018-3 0  9995
2 54518  98.7905  54.4359 0126902 199.5191 160.1108 14.29654873165354
1 45442U 20020U   26016.05926273 -.00000045  00000-0 -16257-3 0  9997
2 45442  87.8831  51.3469 0001728  96.8856 263.2469 13.11418964282703
1 55552U 22151ZA  26016.05996304  .00005889  00000-0  11001-2 0  9999
2 55552  98.6330  67.4366 0073300  56.9273 303.8938 14.63600468161246
1 55500U 23015BD  26016.07565998  .00000019  00000-0  16458-4 0  9998
2 55500  43.0043 264.5088 0001201 272.8574  87.2131 15.02538760162696
1 57470U 23107P   26016.09452444  .00000093  00000-0  21977-4 0  9995
2 57470  43.0031 264.5894 0000379 282.2330  77.8470 15.02535238137203
1 58892U 24020S   26016.16379260  .00819847  35960-3  10720-2 0  9994
2 58892  53.1288 182.1270 0007513 241.0061 119.0219 16.06354351110360
1 53565U 22101AQ  26016.16566504  .00000391  00000-0  42662-4 0  9995
2 53565  53.2178 290.0648 0001848  74.3157 285.8039 15.08842302189173
1 59458U 24068D   26016.19618969  .00000542  00000-0  29196-4 0  9997
2 59458  43.0063 331.0523 0000941 273.2047  86.8697 15.27590721100492
1 57101U 23090A   26016.20348891  .00022556  00000-0  16840-2 0  9999
2 57101  43.0034 200.2321 0001350 296.9679  63.1025 15.02432827142511
1 53421U 22097AK  26016.21805267 -.00000496  00000-0 -13075-4 0  9992
2 53421  53.2194 349.6750 0001497  82.3921 277.7241 15.08834770190701
1 54133U 22138W   26016.22649861  .00000080  00000-0  16436-3 0  9996
2 54133  87.9232 304.7392 0001594 106.6807 253.4501 13.20772687159248
1 53050U 22077H   26016.23797002  .00000753  00000-0  56391-4 0  9999
2 53050  97.6037 199.4908 0002056  73.6028 286.5424 15.05634921193084
1 53355U 22092A   26016.25633772 -.00000268  00000-0  00000-0 0  9993
2 53355   3.5206 315.1936 0001979 338.9372  52.8414  1.00271699 12718
1 59469U 24068Q   26016.26335067  .00027122  00000-0  99003-3 0  9998
2 59469  43.0018 327.2356 0001418 270.3318  89.7371 15.27629137100545
1 56331U 23058Q   26016.26423749  .00000417  00000-0  36968-4 0  9996
2 56331  97.6043  18.8644 0003139  52.2971 307.8538 15.01262821150268
1 47657U 21012AP  26016.28774718  .00093613  00000-0  60947-2 0  9994
2 47657  53.0584 306.8511 0001776  85.8058 274.3134 15.07157537272089
1 58701U 24004B   26016.29210684  .00004689  00000-0  19093-3 0  9990
2 58701  97.4572 202.0039 0005936 154.9966 205.1560 15.24967095112614
1 49151U 21082X   26016.30274895  .00000395  00000-0  40931-4 0  9994
2 49151  69.9999  26.5328 0003200 270.6611  89.4181 14.98339619240311
1 54029U 22129A   26016.30742890  .00000146  00000-0  47114-4 0  9996
2 54029  98.2756  23.5667 0013971 195.0371 165.0411 14.51979171173380
1 48112U 21027W   26016.33334491  .01367444  00000-0  45285-1 0  9997
2 48112  53.1471  50.9308 0001996  70.1513  26.1586 15.27671432  5782
1 54588U 22164A   26016.34374238  .00000352  00000-0  11086-3 0  9993
2 54588  98.2543  39.6411 0010983  72.5951 287.6441 14.45949355164133
1 55551U 22151YZ  26016.36455617  .00002470  00000-0  60474-3 0  9991
2 55551  98.6239  60.5338 0106910  74.6104 286.6871 14.50005815160952
1 55324U 23011A   26016.42608060  .00003997  00000-0  18442-3 0  9997
2 55324  40.5128 156.0908 0001929  23.1639 336.9257 15.21105198164712
1 48063U 21025X   26016.42655229 -.00000019  00000-0 -87893-4 0  9992
2 48063  87.9009 350.3704 0001756  80.4482 279.6846 13.13471983233665
1 52478U 22049AD  26016.50095018 -.00000842  00000-0 -34841-4 0  9996
2 52478  53.2185 293.4070 0001319  84.9682 275.1460 15.08832531205613
1 57443U 23105P   26016.52496435  .00000761  00000-0  71413-4 0  9991
2 57443  43.0036 185.0962 0001316 268.7916  91.2776 15.02532598137713
1 54303U 22151AW  26016.53147033 -.00000050  00000-0 -39165-5 0  9993
2 54303  98.8522  20.5452 0047702  57.5690 303.0081 14.09089112162998
1 55337U 23013G   26016.53548165  .00000411  00000-0  45487-4 0  9992
2 55337  43.0021 210.7080 0001228 261.3195  98.7509 15.02535960164019
1 57120U 23090V   26016.56568725  .00000126  00000-0  24368-4 0  9994
2 57120  43.0021 197.7865 0001131 259.6775 100.3940 15.02537496142575
1 53419U 22097AH  26016.61917075 -.00000029  00000-0  16293-4 0  9990
2 53419  53.2199 347.8746 0001411  90.4669 269.6485 15.08838820190769
1 54183U 22141AC  26016.62924481  .00000543  00000-0  52191-4 0  9996
2 54183  53.2165 237.4478 0001417 101.0811 259.0340 15.08836903178007
1 57462U 23107F   26016.64632146  .00000086  00000-0  21451-4 0  9995
2 57462  43.0040 261.8472 0001137 256.6475 103.4241 15.02536406137282
1 53627U 22104AR  26016.65593316  .00000293  00000-0  36460-4 0  9992
2 53627  53.2167 107.4289 0001033  85.5334 274.5776 15.08840091187904
1 56521U 23065U   26016.66342226  .00001055  00000-0  93164-4 0  9999
2 56521  43.0032 132.5994 0001259 277.4358  82.6341 15.02540447148806
1 53801U 22111AE  26016.71575579  .00002039  00000-0  14618-3 0  9992
2 53801  53.2182 137.1896 0001202  93.3482 266.7648 15.08828143185978
1 57762U 23133F   26016.75667529  .00000002  00000-0 -80457-5 0  9993
2 57762  81.0012 152.7961 0006592  65.4371 294.7472 13.85457720120066
1 55550U 22151YY  26016.80579534  .00008315  00000-0  13641-2 0  9991
2 55550  98.6348  75.3761 0080705  34.7398 325.9039 14.68797120161861
1 59902U 24100T   26016.83490783 -.00001778  00000-0 -55126-4 0  9997
2 59902  43.0058  58.4790 0001479 267.5601  92.5082 15.27571514 93116
1 51795U 22017AD  26016.84965405 -.00000192  00000-0  60219-5 0  9991
2 51795  53.2158 222.0384 0001348  74.0601 286.0539 15.08838122216097
1 59908U 24101A   26016.89661335  .00013261  00000-0  18504-3 0  9999
2 59908  97.0325 145.3887 0001901  97.3910 262.7562 15.57004083 93022
1 52867U 22062AP  26016.91449838  .00001762  00000-0  12876-3 0  9994
2 52867  53.2165 256.5484 0001341  93.5973 266.5173 15.08834577198119
1 56041U 23042BH  26016.91769848  .00000671  00000-0  64770-4 0  9996
2 56041  43.0056 311.2539 0001215 268.8072  91.2632 15.02537646155421
1 53574U 22101AZ  26016.91905979  .00000864  00000-0  72386-4 0  9992
2 53574  53.2193 286.2430 0001475  88.2578 271.8584 15.08838509188637
1 58404U 23180C   26016.92389559 -.00000016  00000-0  13893-4 0  9996
2 58404  43.0064 337.6994 0001272 271.8908  88.1789 15.02538508119793
1 47304U 20103C   26016.92984293  .00001791  00000-0  13637-3 0  9996
2 47304  98.3851  42.1748 0088714 114.9074 246.1401 15.00504107275492
1 56715U 23068F   26016.93373583 -.00000054  00000-0 -17359-3 0  9998
2 56715  87.9032 258.8756 0001978  87.4813 272.6544 13.16593679131827
1 52899U 22065F   26016.93496548  .00000980  00000-0  19628-3 0  9997
2 52899  98.1952 162.2775 0008337 133.6921 226.4974 14.63951564188864
1 50200U 21125AW  26016.94806198  .00000746  00000-0  64973-4 0  9998
2 50200  53.2179 111.3583 0001203  83.9347 276.1782 15.08839423228938
1 59517U 24073G   26016.94927030  .00000322  00000-0  21204-4 0  9992
2 59517  43.0000 250.1337 0000762 271.4335  88.6430 15.27580309 98261
1 49819U 21118C   26016.95285112 -.00000160  00000-0  00000-0 0  9990
2 49819   4.1048  80.4214 0289729 202.6269 155.8639  0.94820828 14253
1 55374U 23013AV  26016.98700047  .00000442  00000-0  47813-4 0  9990
2 55374  43.0024 234.1199 0001039 269.5968  90.4756 15.02538329163780
1 47745U 21017Z   26017.00002315  .00069428  00000-0  41478-2 0  9990
2 47745  53.0679  83.6265 0000780  54.5253 356.2598 15.10470237  5809
1 48360U 21038H   26017.02485121  .00000423  00000-0  47313-4 0  9995
2 48360  53.0534 233.5503 0001423  88.4500 271.6652 15.06407104259237
1 59195U 24045T   26017.06331649 -.00002725  00000-0 -89566-4 0  9998
2 59195  43.0060  24.2877 0001036 275.0735  84.9998 15.27570328105264
1 49062U 21071A   26017.10412127 -.00000275  00000-0  00000-0 0  9991
2 49062   0.0168 112.3200 0000544 171.4054 328.3538  1.00272126 16529
1 55427U 23014AN  26017.15928991  .06769197  10277-0  25569-1 0  9993
2 55427  70.0036 205.4569 0004434 332.3009  27.7963 15.94772662164067
1 58062U 23158M   26017.17034061  .00001055  00000-0  93186-4 0  9990
2 58062  43.0042 310.0902 0001051 271.4852  88.5870 15.02537347125783
1 53829U 22114M   26017.17209828 -.00004592  00000-0 -27056-3 0  9995
2 53829  53.2170 175.4191 0000778  90.3330 269.7751 15.08847971185051
1 52134U 22029AY  26017.20291176  .00000992  00000-0  80415-4 0  9996
2 52134  53.2185 300.2539 0001246  81.0675 279.0458 15.08849904213169
1 52105U 22029T   26017.22870507  .00001717  00000-0  12595-3 0  9996
2 52105  53.2182 310.1393 0001605  94.4238 265.6938 15.08832845213018
1 59224U 24047A   26017.23043291  .00008232  00000-0  42601-3 0  9990
2 59224  97.6471 351.1256 0012533 220.0785 139.9524 15.16430922101849
1 49190U 21083E   26017.23145423 -.00000015  00000-0 -71716-4 0  9991
2 49190  87.9180   5.4383 0001784  87.4667 272.6670 13.18685262210082
1 52309U 22041BA  26017.23418728 -.00000019  00000-0  16925-4 0  9997
2 52309  53.2197 320.1122 0001492  90.7225 269.3939 15.08843262208099
1 48796U 21045AF  26017.26065846  .00000039  00000-0  68341-4 0  9997
2 48796  87.9004 289.3284 0001242  46.8193 313.3041 13.15547107224524
1 48440U 21040N   26017.26259403 -.00000008  00000-0  18346-4 0  9999
2 48440  53.0540  52.4835 0001461  79.2789 280.8365 15.06400240258874
1 54290U 22151AH  26017.27138854  .00000350  00000-0  13547-3 0  9996
2 54290  98.5764  26.4110 0125220 139.5497 221.5079 14.31775570165610
1 55818U 23029Y   26017.27335236  .00000012  00000-0 -30358-5 0  9998
2 55818  87.9222 335.0113 0001985 101.5561 258.5795 13.19720473139008
1 47260U 20100C   26017.29619726  .00000417  00000-0  11235-2 0  9996
2 47260  87.8931  20.5985 0001590  80.7025 279.4283 13.12443912244930
1 54527U 22151KF  26017.30060526  .00003032  00000-0  11492-2 0  9999
2 54527  98.7313  42.7733 0038225  50.3598 310.0947 14.31471103165351
1 45939U 20051A   26017.30479736  .00003181  00000-0  14511-3 0  9991
2 45939  97.3044  89.7624 0005318 132.6201 227.5485 15.21318546304407
1 58703U 24004D   26017.30937714  .00006589  00000-0  26693-3 0  9990
2 58703  97.4619 203.6480 0004628 148.1575 211.9943 15.24993943112760
1 59099U 24043B   26017.31645382  .00008474  00000-0  58354-3 0  9994
2 59099  97.8375 152.9104 0007985 124.3762 235.8221 15.06099331102361
1 57473U 23107S   26017.33335648  .00155853  00000-0  31928-2 0  9992
2 57473  42.9990 247.8723 0001943 272.2410 209.9516 15.44784280  5795
1 54798U 22175AS  26017.35468451  .00000766  00000-0  66221-4 0  9992
2 54798  53.2168 249.3385 0001415  88.7214 271.3940 15.08839868172524
1 57731U 23130E   26017.35588667  .00007226  00000-0  34690-3 0  9998
2 57731  34.9947  12.0991 0007361 247.7481 112.2451 15.18149298132542
1 57728U 23130B   26017.35846971  .00007809  00000-0  37444-3 0  9996
2 57728  34.9967  12.1342 0007795 179.6039 180.4682 15.18171983132565
1 47380U 21005AH  26017.38330439  .00001011  00000-0  86751-4 0  9993
2 47380  53.0528 261.9389 0001647  95.6654 264.4523 15.06404380275739
1 46701U 20073AH  26017.39597644  .00088300  00000-0  12440-2 0  9995
2 46701  53.0534  89.1493 0005789   9.7330 350.3791 15.55895165289721
1 59634U 24082D   26017.49712032  .00001075  00000-0  48561-4 0  9998
2 59634  43.0003  68.8391 0000953 271.9738  88.1004 15.27592194 97022
1 59363U 24060R   26017.50111794 -.00000432  00000-0 -61857-5 0  9995
2 59363  43.0022 182.0517 0001136 270.4221  89.6501 15.27575428102314
1 47722U 21017A   26017.51371377  .00003030  00000-0  22211-3 0  9990
2 47722  53.0540  66.5984 0000960 103.1357 256.9740 15.06412319270277
1 55278U 23010K   26017.52495247  .00000797  00000-0  74543-4 0  9997
2 55278  70.0006 173.3896 0003269 272.3416  87.7369 14.98336336165114
1 58877U 24020B   26017.53322279  .00004566  00000-0  16612-3 0  9992
2 58877  53.1571 200.4003 0001623  93.3869 266.7317 15.30216098110232
1 48340U 21037A   26017.61781015 -.00000029  00000-0  10211-3 0  9997
2 48340  63.4010 173.1460 0074374 356.2380   3.8078 13.45439759231742
1 54687U 22167F   26017.64083796  .00055692  00000-0  67217-3 0  9990
2 54687  97.6194 191.2795 0002821 244.2745 115.8220 15.60582981173154
1 53860U 22114AU  26017.64130633 -.00000435  00000-0 -92275-5 0  9998
2 53860  53.2173 153.4014 0001243  86.8629 273.2505 15.08837617185163
1 56817U 23078BC  26017.66668981  .01262567  00000-0  81344-2 0  9994
2 56817  70.0008 107.4954 0003777 279.5476 205.2240 15.73413502  5829
1 49751U 21115AD  26017.70338378  .00000232  00000-0  32685-4 0  9996
2 49751  53.2185  17.9306 0001354  83.7914 276.3233 15.08838793227844
1 54847U 22177AD  26017.74257924  .00000942  00000-0  84794-4 0  9994
2 54847  43.0048  23.9711 0001489 263.0722  96.9951 15.02541089169590
1 48681U 21044AV  26017.83579365 -.00002203  00000-0 -12907-3 0  9991
2 48681  53.0553 310.1514 0001616  91.9005 268.2169 15.06390181256598
1 53027U 22076AT  26017.84001295 -.00000515  00000-0 -14283-4 0  9994
2 53027  53.2188 312.3983 0001916  99.2975 260.8234 15.08837587195319
1 57745U 23131P   26017.88970698 -.00000663  00000-0 -33984-4 0  9997
2 57745  43.0037  87.7285 0001195 272.9841  87.0865 15.02531407132281
1 57111U 23090L   26017.89968586  .00000326  00000-0  39216-4 0  9990
2 57111  43.0026 190.5976 0001304 267.3962  92.6731 15.02534331142778
1 54804U 22175AY  26017.93149064  .00000489  00000-0  48817-4 0  9993
2 54804  53.2166 256.4998 0001517  91.6880 268.4286 15.08842497172470
1 59767U 24091Q   26017.94165937 -.00004886  00000-0 -15322-3 0  9994
2 59767  53.1620 262.6789 0000991  56.1542 303.9553 15.30147113 95238
1 52539U 22051G   26017.95915131  .00000077  00000-0  22929-4 0  9996
2 52539  53.2182 356.8595 0001561  86.0383 274.0787 15.08832319203784
1 52849U 22062V   26017.96696826  .00000820  00000-0  69621-4 0  9996
2 52849  53.2164 251.8232 0001452  87.7798 272.3360 15.08846562198266
1 49080U 21075F   26017.97672897  .00000018  00000-0  12969-4 0  9997
2 49080  87.9093  35.6981 0001243 102.8821 257.2449 13.17650015213832
1 52303U 22041AU  26017.98767126 -.00000355  00000-0 -41898-5 0  9994
2 52303  53.2196 326.7303 0001558  99.1440 260.9728 15.08839298208075
1 48396U 21038AV  26018.00002315  .00050961  00000-0  17685-2 0  9992
2 48396  53.1550 207.9797 0001477  81.2328 199.8269 15.29314863  5792
1 48695U 21044BK  26018.00002315 -.00013243  00000-0 -44732-3 0  9999
2 48695  53.1598 312.9593 0001541  89.5383  72.3973 15.29361816  5709
1 52476U 22049AB  26018.00429362  .00001294  00000-0  99370-4 0  9992
2 52476  53.2148 276.8969 0001478  89.0809 271.0352 15.08845101205976
1 48671U 21044AK  26018.29746245 -.00001507  00000-0 -82293-4 0  9996
2 48671  53.0551 338.1454 0001413  95.3359 264.7791 15.06394462256243
1 50821U 22001U   26018.31610236 -.00001834  00000-0 -97152-4 0  9996
2 50821  53.2195  35.1408 0001740  93.6158 266.5033 15.08844562222800
1 56048U 23043C   26018.38558793 -.00000050  00000-0 -16471-3 0  9999
2 56048  87.9029 258.5955 0001942  97.6261 262.5091 13.16594608139254
1 54905U 22151QS  26018.41370392  .00001660  00000-0  45313-3 0  9992
2 54905  98.7289  79.0683 0082522  15.6774 344.6944 14.46735217164825
1 56650U 22151AGA 26018.44191588  .00002244  00000-0  11502-2 0  9993
2 56650  98.8289  24.8404 0045803  29.7528 330.6237 14.15907184149663
1 52122U 22029AL  26018.51207716  .00002015  00000-0  14467-3 0  9996
2 52122  53.2181 304.3800 0001366  87.7111 272.4038 15.08841339213210
1 56031U 23042AX  26018.51403525  .00001212  00000-0  10483-3 0  9993
2 56031  43.0052 315.6502 0000799 275.9742  84.1009 15.02520096155513
1 55109U 23001DE  26018.51813738  .00009235  00000-0  36678-3 0  9991
2 55109  97.5634 109.8158 0006224  60.6633 299.5225 15.25538838121697
1 59661U 24084H   26018.53041400 -.00000356  00000-0 -34226-5 0  9997
2 59661  42.9997 321.4659 0001001 282.5884  77.4856 15.27574111 96745
1 48220U 21031L   26018.57027371  .00000008  00000-0 -14153-4 0  9999
2 48220  87.9028 319.5095 0001952  89.5430 270.5923 13.14501230228594
1 47818U 21018AH  26018.59188970  .00003040  00000-0  22292-3 0  9991
2 47818  53.0559 121.9833 0001289  87.8621 272.2516 15.06397630268962
1 49098U 21075Z   26018.59265156  .00000056  00000-0  11175-3 0  9990
2 49098  87.9082  35.6077 0001995 102.1844 257.9511 13.17650654213901
1 52258U 22039B   26018.65838071  .00001421  00000-0  98118-4 0  9992
2 52258  98.2593  52.6383 0112885 211.6048 147.8364 15.02681766205400
1 46792U 20074BF  26018.66668981  .00152516  00000-0  19540-2 0  9999
2 46792  53.0486 153.3110 0008372 197.4043 341.4046 15.58148354  5920
1 52607U 22052K   26018.67265401  .00000034  00000-0  20255-4 0  9994
2 52607  53.2177 148.6688 0001241  89.9771 270.1363 15.08834611203225
1 48435U 21040H   26018.74388954  .00002364  00000-0  17763-3 0  9998
2 48435  53.0549  30.8443 0001469  86.2983 273.8174 15.06385290259300
1 58138U 23162W   26018.75035663  .00004128  00000-0  32068-3 0  9998
2 58138  43.0056  44.7923 0001562 268.9032  91.1632 15.02512324124787
1 45888U 11037DH  26018.75432471  .00002929  00000-0  61846-3 0  9995
2 45888  51.4560 165.2639 1812337  47.8160 326.2963 11.46164476228417
1 53659U 22105M   26018.79609612  .00199297  16765-4  64408-3 0  9996
2 53659  97.6035 264.8899 0001616 107.6825 252.4624 15.90856168185973
1 54167U 22141L   26018.83266991 -.00004832  00000-0 -28557-3 0  9993
2 54167  53.2172 237.7178 0001391  94.2152 265.8999 15.08856916178190
1 59663U 24084K   26018.83759258 -.00000850  00000-0 -21342-4 0  9992
2 59663  43.0032 322.9703 0001468 260.1071  99.9615 15.27584956 96753
1 56708U 23067W   26018.83807740 -.00002056  00000-0 -13715-3 0  9993
2 56708  43.0048 185.1167 0000908 237.7602 122.3153 15.02533454148169
1 57389U 23100D   26018.87378245  .00006972  00000-0  43172-3 0  9993
2 57389  99.5039   3.5446 0004289 228.0923 131.9935 15.10233966137514
1 52906U 22067D   26018.94104646  .00003021  00000-0  74453-3 0  9992
2 52906   5.7494 230.6173 7183936 198.8685 105.9238  2.40490753 30619
1 50163U 21125H   26018.94263559 -.00000525  00000-0 -14878-4 0  9992
2 50163  53.2203 102.4342 0001275  84.1483 275.9655 15.08838811229220
1 55514U 22151XL  26018.94266069  .00004102  00000-0  21249-2 0  9997
2 55514  98.8475  14.6223 0083434  64.6046 296.3734 14.13623805159955
1 45316U 91056BE  26018.94372891  .00001332  00000-0  26208-2 0  9999
2 45316  82.5938 219.9582 0108355 356.7466   3.2948 13.32806965287164
1 58369U 23177U   26018.95056904 -.00000231  00000-0 -20252-5 0  9990
2 58369  43.0058 261.8657 0001138 263.7480  96.3233 15.02533322120736
1 59931U 24106K   26018.98338445 -.00000196  00000-0  24116-5 0  9997
2 59931  43.0019 253.0040 0001246 275.4126  84.6584 15.27573138 92929
1 54675U 22166AK  26018.99779773 -.00000047  00000-0 -14523-3 0  9990
2 54675  87.9221 273.7236 0001693  74.1775 285.9545 13.21825814151727
1 51968U 22025N   26019.03327399 -.00000880  00000-0 -40172-4 0  9990
2 51968  53.0551 249.8437 0001444  90.1715 269.9440 15.06391587213491
1 56478U 23064AG  26019.04883877 -.00001665  00000-0 -13181-3 0  9995
2 56478  69.9982 249.6145 0002745 271.0217  89.0628 14.98328874148307
1 55501U 23015BE  26019.05717704  .00000174  00000-0  27945-4 0  9999
2 55501  43.0024 248.1742 0000928 264.2177  95.8559 15.02532464163145
1 59556U 24074Y   26019.07314420 -.00000221  00000-0  14985-5 0  9994
2 59556  43.0017 263.9447 0001167 272.7332  87.3386 15.27573802 98421
1 52577U 22051AT  26019.11605707  .00000959  00000-0  78386-4 0  9990
2 52577  53.2187 356.6648 0001492  92.6123 267.5040 15.08828256203892
1 58657U 23207D   26019.17239611  .00002078  00000-0  71585-3 0  9999
2 58657  55.0192   9.8184 5528996  60.1092 343.5256  4.72054046 34970
1 59029U 24038G   26019.21247169 -.00000143  00000-0  43131-5 0  9998
2 59029  43.0013 306.2359 0001226 283.6216  76.4499 15.27589504107198
1 53079U 22077AN  26019.23136266 -.00000008  00000-0  36440-5 0  9990
2 53079  97.6041 202.4872 0001670  83.4329 276.7088 15.05649914193545
1 58475U 23186C   26019.26219046 -.00000245  00000-0 -30366-5 0  9993
2 58475  43.0050 336.2595 0001050 262.6655  97.4068 15.02535175118417
1 49741U 21115T   26019.26834873  .00000192  00000-0  30155-4 0  9994
2 49741  53.2186  10.9935 0001451  86.9381 273.1778 15.08840399228076
1 55805U 23029K   26019.27463471  .00000090  00000-0  19368-3 0  9990
2 55805  87.9239 334.5965 0001596  78.5957 281.5355 13.19725282139271
1 53991U 22125AD  26019.27888247 -.00001157  00000-0 -54665-4 0  9999
2 53991  53.2179  65.8661 0001196  81.4036 278.7092 15.08831071182131
1 55832U 23029AN  26019.28805719  .00000110  00000-0  24157-3 0  9991
2 55832  87.9247 334.5939 0001809  75.4022 284.7312 13.19725516139264
1 55746U 23028F   26019.30473907 -.00000057  00000-0  30506-5 0  9995
2 55746  70.0004   8.9372 0003075 270.8329  89.2478 14.98334156158641
1 58957U 24028C   26019.32792119 -.00000045  00000-0  36766-4 0  9994
2 58957  39.9920   7.7748 0011352 116.5641 243.6270 13.70302007 96638
1 57635U 23122D   26019.33288147 -.00000056  00000-0  10928-4 0  9996
2 57635  43.0043   3.1384 0001189 274.7290  85.3417 15.02531863134753
1 49113U 21076B   26019.33846027  .00000319  00000-0  17227-3 0  9990
2 49113  86.4082 142.6570 0018210 317.1653  42.8109 14.09411399226466
1 55752U 23028M   26019.42156661 -.00002382  00000-0 -19194-3 0  9992
2 55752  70.0003   8.5413 0003018 270.7334  89.3479 14.98329825158662
1 52348U 22045T   26019.48359573  .00000863  00000-0  72302-4 0  9992
2 52348  53.2185  60.0162 0001219  84.8673 275.2459 15.08840995208353
1 56718U 23068J   26019.49404520  .00000197  00000-0  49039-3 0  9997
2 56718  87.9003 288.8772 0001899  88.6155 271.5193 13.15550858129908
1 54624U 22151PA  26019.52183634  .00000301  00000-0  23939-3 0  9995
2 54624  98.9222 359.1167 0125086 136.8418 224.2631 13.94759009161016
1 46113U 20056B   26019.58083478  .00000000  00000-0  00000-0 0  9999
2 46113   0.0240  72.6437 0001249 267.3176 347.1697  1.00269336 19175
1 57746U 23131Q   26019.58161020  .00000847  00000-0  77802-4 0  9997
2 57746  43.0033  78.9058 0001497 273.1984  86.8687 15.02537688132538
1 56062U 23043S   26019.58887397  .00000021  00000-0  20324-4 0  9992
2 56062  87.9031 258.3561 0001669  87.5342 272.5980 13.16595230139427
1 58989U 24032C   26019.60720833  .00001683  00000-0  27603-3 0  9996
2 58989  98.0191  80.1975 0003715 258.8675 101.2114 14.72004039103224
1 47947U 21022R   26019.61543697  .00000698  00000-0  48097-4 0  9992
2 47947  97.3805 261.0992 0016929 328.4867  31.5347 15.08847635265608
1 53220U 22084AH  26019.61567381 -.00000663  00000-0 -47054-4 0  9994
2 53220  97.6028  82.1524 0001120 178.2211 181.9018 15.01261440192479
1 58633U 23203R   26019.63407188  .00003373  00000-0  13204-3 0  9999
2 58633  43.0070 348.0295 0001720 287.3654  72.7010 15.27580278117244
1 49766U 21115AU  26019.63726708  .00000491  00000-0  48927-4 0  9997
2 49766  53.2197 359.3361 0001436  90.0432 270.0725 15.08841678228275
1 57388U 23100C   26019.65225457  .00002911  00000-0  20714-3 0  9991
2 57388  99.5092   3.4178 0006236  46.1533 314.0202 15.05749164137543
1 56393U 23061V   26019.65852638 -.00000349  00000-0 -10743-4 0  9996
2 56393  43.0054 103.4890 0001396 269.5611  90.5072 15.02532158149388
1 46685U 20073R   26019.66668981  .01675876  00000-0  77454-1 0  9997
2 46685  53.0543 116.6031 0001720  62.9990  16.6964 15.16676708  5749
1 45711U 20035BG  26019.66668981  .02023999  00000-0  66793-1 0  9992
2 45711  53.0533 255.6895 0000870 128.9137 110.3617 15.27553459  5791
1 46120U 20057D   26019.66668981  .00233453  00000-0  16254-2 0  9995
2 46120  53.0456 144.4619 0006147 213.5964  96.9120 15.73130249  5866
1 58366U 23177R   26019.69069366  .00002308  00000-0  18580-3 0  9999
2 58366  43.0020 257.9583 0001107 267.2133  92.8582 15.02541810120858
1 47259U 20100B   26019.70866404 -.00000302  00000-0 -87481-3 0  9991
2 47259  87.8929  20.1340 0001676  91.4626 268.6695 13.12442670245081
1 57417U 23102P   26019.71613383 -.00004614  00000-0 -32646-3 0  9993
2 57417  43.0025 154.6203 0001085 270.1368  89.9350 15.02562077138878
1 54625U 22151PB  26019.72293780  .00000376  00000-0  30458-3 0  9998
2 54625  98.9252 353.3724 0133879 142.4742 218.5855 13.91828879160660
1 51115U 22005M   26019.72923559 -.00001102  00000-0 -51190-4 0  9998
2 51115  53.2179 148.9161 0001290  81.8496 278.2643 15.08828573221486
1 56598U 22151ADW 26019.78311271  .00001323  00000-0  60560-3 0  9991
2 56598  98.7805  38.2483 0045322  53.6796 306.8554 14.22579980142355
1 50479U 21132L   26019.80033990 -.00000447  00000-0 -12984-2 0  9997
2 50479  87.8818  50.5996 0002316  90.5311 269.6082 13.11417645196150
1 56947U 23084R   26019.86405971  .00081089  00000-0  89702-3 0  9991
2 56947  97.5718 167.3056 0003317 159.7788 200.3602 15.62751000145579
1 59534U 24074A   26019.93345888  .00001626  00000-0  68566-4 0  9999
2 59534  43.0010 247.9787 0001078 273.3901  86.6828 15.27588767 98686
1 54404U 22151EC  26019.96538289  .00001205  00000-0  54346-3 0  9999
2 54404  98.7663  39.8040 0055585  54.8605 305.7764 14.23228278165203
1 55861U 23034A   26019.98813361  .00024938  00000-0  43721-3 0  9990
2 55861  97.4088 231.5151 0006605 157.4826 202.6717 15.50538295159554
1 47284U 20100AC  26019.99836661  .00000109  00000-0  26770-3 0  9999
2 47284  87.8934  20.0825 0001575  91.5555 268.5754 13.12442755245216
1 46154U 20057AP  26020.00003472 -.00004154  00000-0 -19985-4 0  9992
2 46154  53.0396 118.0736 0005259 312.9574  64.4651 15.78085664  5951
1 52988U 22076C   26020.02133295 -.00000143  00000-0  90897-5 0  9991
2 52988  53.2182 312.6015 0001531  98.6301 261.4865 15.08840623195497
1 59960U 24107R   26020.06918697  .00002527  00000-0  97473-4 0  9999
2 59960  53.1609 291.2849 0001503  98.5124 261.6047 15.30184308 92356
1 45150U 20008V   26020.09857302  .00000493  00000-0  13754-2 0  9997
2 45150  87.8776  65.7760 0002031  93.1034 267.0326 13.10376250289088
1 59634U 24082D   26020.11258714  .00000502  00000-0  27754-4 0  9998
2 59634  43.0015  54.0694 0000433 265.2482  94.8321 15.27583038 97420
1 46051U 20055AA  26020.13440313  .00009906  00000-0  68277-3 0  9994
2 46051  53.0545 334.5902 0001353  96.6688 263.4455 15.06412905301726
1 55054U 23001AX  26020.17547998  .00008410  00000-0  31641-3 0  9996
2 55054  97.3453  79.8407 0008630 300.0047  60.0335 15.27345962169117
1 55690U 23025A   26020.23227802  .00018955  00000-0  79445-3 0  9993
2 55690  97.3626  97.8285 0001760 117.0100 243.1318 15.23559656161527
1 53058U 22077R   26020.24788434  .00001221  00000-0  99558-4 0  9995
2 53058  97.6033 202.7642 0001941  77.1624 282.9817 15.01265388193656
1 57628U 23121C   26020.25542152  .00003258  00000-0  67495-3 0  9995
2 57628  45.0002 308.4859 0006110 231.1035 128.9278 14.61946802130081
1 49084U 21075K   26020.26408012  .00000420  00000-0  10491-2 0  9996
2 49084  87.9084  35.2714 0002116 100.4238 259.7133 13.17650432214114
1 54235U 22151A   26020.32755009  .00000072  00000-0  61798-4 0  9995
2 54235  98.8197  29.8209 0001791 124.2216 235.9126 14.13427060164051
1 48428U 21040A   26020.33336806  .00889776  00000-0  36683-1 0  9997
2 48428  53.1160  43.2831 0001445  82.5870  21.4566 15.21072334  5792
1 58222U 23170S   26020.48037678 -.00000685  00000-0 -35607-4 0  9991
2 58222  43.0039  98.1888 0001580 271.0990  88.9671 15.02551921123022
1 58094U 23160V   26020.57141669  .00002425  00000-0  19443-3 0  9994
2 58094  43.0053 341.3761 0001276 272.6823  87.3873 15.02554733125687
1 59786U 24093E   26020.65910434 -.00004441  00000-0 -15213-3 0  9995
2 59786  43.0029 119.8152 0001669 253.2708 106.7961 15.27538441 95353
1 57719U 23129X   26020.67842287  .00001583  00000-0  13219-3 0  9996
2 57719  43.0044  21.0579 0000994 284.1195  75.9537 15.02548105133297
1 55599U 23020AG  26020.68902367  .00001287  00000-0  11028-3 0  9994
2 55599  43.0036 252.9109 0001047 259.3564 100.7160 15.02541867161849
1 55212U 22151WD  26020.71809091  .00132430  00000-0  13077-1 0  9993
2 55212  98.6499  90.9835 0040642 346.0566  13.9524 14.90638067163909
1 57853U 23141P   26020.75082729  .00000696  00000-0  35607-4 0  9995
2 57853  53.1598 146.4196 0001178  78.4226 281.6907 15.30201522132996
1 55300U 23010AH  26020.75837456 -.00000549  00000-0 -38266-4 0  9993
2 55300  70.0024 145.1440 0003001 261.7209  98.3610 14.98324735166093
1 59878U 24098W   26020.78858477  .00002401  00000-0  96698-4 0  9993
2 59878  43.0029 192.5490 0001338 264.5852  95.4847 15.27593048 93827
1 51744U 22016AG  26020.79734867  .00002701  00000-0  18768-3 0  9996
2 51744  53.2174 174.1478 0001272  87.3359 272.7779 15.08843256216332
1 49296U 21090T   26020.82551546  .00002708  00000-0  66245-2 0  9990
2 49296  87.9231 303.8409 0001656  86.2277 273.9046 13.20798753210413
1 47386U 21005AP  26020.83702758  .00002838  00000-0  20931-3 0  9995
2 47386  53.0555 246.4389 0001361  86.9935 273.1210 15.06400860276258
1 51812U 22017AW  26020.87738378  .00001215  00000-0  94394-4 0  9992
2 51812  53.2169 183.7587 0001286  88.7908 271.3232 15.08846046216866
1 59096U 24041Y   26020.90154764  .00002385  00000-0  96122-4 0  9998
2 59096  43.0008 220.5184 0001215 267.1283  92.9430 15.27592632106967
1 55690U 23025A   26020.95472588  .00017805  00000-0  74585-3 0  9998
2 55690  97.3624  98.5373 0001820 116.0378 244.1046 15.23590543161635
1 55861U 23034A   26020.95614019  .00042450  00000-0  73883-3 0  9999
2 55861  97.4087 232.5111 0006686 154.3307 205.8278 15.50637124159704
1 56896U 23083W   26020.95621501  .00002051  00000-0  16679-3 0  9999
2 56896  43.0051 340.8369 0001223 225.0211 135.0533 15.02554473144604
1 52483U 22049AJ  26020.95836139 -.00001097  00000-0 -50863-4 0  9998
2 52483  53.2180 263.3960 0001582  57.9428 302.1717 15.08827145206429
1 45223U 20012AX  26020.98664924  .00083425  00000-0  20237-2 0  9997
2 45223  53.0531 217.3011 0002425 120.8610 239.2633 15.40346520328260
1 48694U 21044BJ  26021.00003472  .00938444  00000-0  34176-1 0  9993
2 48694  53.1339 300.0732 0001686  89.7009 280.7558 15.25141019  5500
1 56811U 23078AW  26021.00003472  .01694944  00000-0  10527+0 0  9999
2 56811  70.0002  64.5061 0001741 279.8458 237.8072 15.06243368  5721
1 57621U 23119V   26021.30091538 -.00004755  00000-0 -33755-3 0  9996
2 57621  43.0027 339.4331 0000937 257.7700 102.3038 15.02493851135950
1 58689U 23211Y   26021.34380480 -.00006645  00000-0 -23232-3 0  9994
2 58689  42.9992 352.6651 0001288 266.0056  94.0649 15.27557564115225
