1 44736U 19074Z   26001.00003472  .00126273  00000-0  12562-2 0  9999
2 44736  53.0455  98.1891 0001131  23.9392 270.1049 15.64837995  5946
1 46700U 20073AG  26001.00003472  .00216093  00000-0  37015-2 0  9993
2 46700  53.0471 181.1474 0013967 146.7888  71.5825 15.49864372  5858
1 57339U 23099M   26001.07361600  .00001177  00000-0  10217-3 0  9992
2 57339  43.0033 256.5297 0001130 281.7366  78.3349 15.02539466135943
1 54203U 22141AY  26001.07849169  .00001248  00000-0  96512-4 0  9999
2 54203  53.2191 297.4451 0001372  77.2009 282.9137 15.08837641175791
1 51137U 22005AK  26001.08541426 -.00000468  00000-0 -11288-4 0  9999
2 51137  53.2179 242.6073 0001629  97.7759 262.3418 15.08838513218539
1 57351U 23099Z   26001.09126333  .00000669  00000-0  64599-4 0  9998
2 57351  43.0044 255.8014 0001126 266.0421  94.0293 15.02531772135957
1 44930U 20001S   26001.11587666  .00014542  00000-0  99353-3 0  9990
2 44930  53.0529 289.9628 0001193  91.7953 268.3173 15.06384659329661
1 52292U 22041AH  26001.11853479  .00000471  00000-0  47670-4 0  9996
2 52292  53.2189  42.4582 0001537  94.7304 265.3863 15.08835080204308
1 53192U 22084D   26001.14640844 -.00004443  00000-0 -30410-3 0  9994
2 53192  97.6038  64.6255 0001194  71.3119 288.8238 15.05621683189880
1 58770U 24011F   26001.16665669  .00002393  00000-0  92938-4 0  9991
2 58770  53.1615 327.2162 0001268  79.6432 280.4712 15.30186131109936
1 52556U 22051Z   26001.16668980  .00269506  00000-0  15492-2 0  9997
2 52556  53.1784 320.9270 0006182 110.8074  57.4314 15.77426503  5991
1 51061U 22002CF  26001.17536674  .00020550  00000-0  49410-3 0  9990
2 51061  97.3229  74.0297 0004824 199.0638 161.0429 15.41331512220485
1 51640U 22012U   26001.17685699  .00000749  00000-0  21083-2 0  9999
2 51640  87.8790  69.5830 0001630 109.0286 251.1018 13.10375483187452
1 56699U 23067M   26001.18161493  .00000475  00000-0  50272-4 0  9991
2 56699  43.0039 281.4058 0001211 267.7610  92.3094 15.02528373145506
1 59459U 24068E   26001.19491807  .00000088  00000-0  12717-4 0  9998
2 59459  43.0052  51.9446 0000860 220.7159 139.3628 15.27576792 98243
1 46047U 20055W   26001.19604639  .00011236  00000-0  77163-3 0  9990
2 46047  53.0556  59.6067 0001475  68.2599 291.8547 15.06416918298855
1 54263U 22151E   26001.20148404  .00000535  00000-0  60649-3 0  9994
2 54263  99.1371 298.6144 0303188   6.3861 354.1011 13.56440203155287
1 56079U 23043AK  26001.25535676  .00000192  00000-0  47672-3 0  9998
2 56079  87.9004 292.5479 0001833  70.1176 290.0152 13.15547335134477
1 59410U 24064N   26001.25967838  .00000721  00000-0  35718-4 0  9990
2 59410  43.0038  76.9425 0001164 234.6412 125.4331 15.27571844 98916
1 52478U 22049AD  26001.26573520  .00001481  00000-0  11110-3 0  9993
2 52478  53.2193   1.7975 0001802 124.2968 235.8195 15.08846494203314
1 53472U 22099H   26001.26622265  .00000101  00000-0  12405-4 0  9991
2 53472  97.6024 124.2100 0003065  67.0740 293.0808 15.01259837185868
1 57605U 23119D   26001.27772066  .00002877  00000-0  22785-3 0  9996
2 57605  43.0036  88.0560 0001453 241.6878 118.3818 15.02552514132946
1 49292U 21090P   26001.28122447 -.00000010  00000-0 -62070-4 0  9999
2 49292  87.9004 322.9738 0001772  81.5967 278.5364 13.14504160205639
1 44906U 19096B   26001.28510377  .00000086  00000-0  54976-3 0  9998
2 44906  82.5241 188.5230 0015495 178.7230 181.3892 12.42865993272918
1 55456U 23015H   26001.29575752  .00000775  00000-0  72458-4 0  9996
2 55456  43.0050 332.4111 0001380 266.1888  93.8797 15.02535997160618
1 59134U 24043AN  26001.30688916  .00024699  00000-0  62598-3 0  9998
2 59134  97.5331 141.2972 0009265  89.2735 270.9572 15.39663368101884
1 52320U 22043A   26001.31305997  .00008858  00000-0  48247-3 0  9996
2 52320  97.3606  79.4990 0002889 115.5464 244.6068 15.14639994204283
1 55614U 23020AX  26001.31536905  .00000299  00000-0  37241-4 0  9990
2 55614  43.0075 344.7730 0001530 267.7276  92.3391 15.02534286159082
1 49161U 21082AH  26001.31976631  .00000917  00000-0  84657-4 0  9990
2 49161  70.0012 104.2998 0002929 273.1406  86.9418 14.98330295236967
1 57474U 23107T   26001.33335648  .00234942  00000-0  12181-2 0  9993
2 57474  42.9825 269.0369 0031730 205.0009 352.7592 15.78841647  5935
1 53011U 22076AB  26001.33519384  .00001269  00000-0  97783-4 0  9998
2 53011  53.2181  26.4867 0001297  87.9320 272.1820 15.08841652192816
1 45679U 20035Y   26001.37896727  .00113500  00000-0  30361-2 0  9994
2 45679  53.0552 356.1031 0002221  90.7034 269.4223 15.37189955308767
1 49811U 21116C   26001.41882740 -.00000082  00000-0  00000-0 0  9998
2 49811  57.2159 347.4945 0010793 247.3379 112.5448  1.67734115 24977
1 52538U 22051F   26001.46169204  .00001133  00000-0  89246-4 0  9995
2 52538  53.2165  70.9128 0001093 117.1592 242.9512 15.08835325201292
1 58280U 23174AA  26001.48005452  .00037718  00000-0  80834-3 0  9999
2 58280  97.4026  88.4404 0006528  43.4320 316.7442 15.44641444119924
1 45098U 20006BG  26001.49784912  .00006245  00000-0  42926-3 0  9990
2 45098  53.0527 188.1819 0001643 133.2026 226.9101 15.07139360326891
1 53083U 22077AS  26001.49805722  .00000417  00000-0  33138-4 0  9997
2 53083  97.6036 184.9452 0001644  91.8718 268.2697 15.05649250190876
1 50183U 21125AD  26001.49849485  .00000812  00000-0  69130-4 0  9992
2 50183  53.2189 190.7573 0001532  91.2718 268.8450 15.08839085226503
1 55158U 23004U   26001.51116638  .00000418  00000-0  11442-2 0  9990
2 55158  87.8833  54.2500 0001705 111.8376 248.2933 13.11417366144013
1 59419U 24064X   26001.55463344  .00001759  00000-0  73431-4 0  9991
2 59419  42.9950  75.7197 0000408 138.4377 221.6505 15.27572621 98950
1 49450U 21104AU  26001.59325940  .00000790  00000-0  67736-4 0  9995
2 49450  53.2173 160.3658 0001305  97.4093 262.7047 15.08836427228908
1 53249U 22086H   26001.60939321  .00000818  00000-0  69485-4 0  9996
2 53249  53.2169 135.2665 0001163  89.2276 270.8849 15.08841501190959
1 56782U 23078R   26001.61847383  .00000172  00000-0  22203-4 0  9990
2 56782  70.0012 133.6988 0003013 279.4594  80.6225 14.98324504143129
1 48135U 21027AV  26001.62916338  .00000608  00000-0  59715-4 0  9995
2 48135  53.0569 117.8308 0001294  77.5749 282.5385 15.06402765262238
1 45433U 20020K   26001.62983822 -.00000515  00000-0 -14897-2 0  9996
2 45433  87.8835  54.2353 0001589 100.2848 259.8459 13.11416602280858
1 54929U 22151RS  26001.66480171  .00024219  00000-0  41261-2 0  9996
2 54929  98.6324  59.2802 0075151  74.8748 286.0752 14.67140778163854
1 54346U 22151CR  26001.69737527  .00086344  00000-0  63476-2 0  9991
2 54346  98.5554  85.9457 0059907 305.7037  53.8619 15.01570599167607
1 54437U 22151FM  26001.70357211  .00015606  00000-0  30378-2 0  9990
2 54437  98.6383  57.1931 0094700  85.8639 275.3377 14.60300210165639
1 55003U 22151UT  26001.73635541  .00083550  00000-0  82105-2 0  9996
2 55003  98.6337  71.8571 0048082  37.2337 323.2197 14.90862980165609
1 58097U 23161A   26001.75226904  .00000037  00000-0  13365-4 0  9998
2 58097  53.1599 116.4211 0000930 134.2240 225.8838 15.30189607124178
1 56748U 23072F   26001.75302799  .00018600  00000-0  68689-3 0  9990
2 56748  97.5152 197.9230 0004846 242.1137 117.9612 15.27789305144333
1 51716U 22016C   26001.77450127  .00000795  00000-0  68026-4 0  9990
2 51716  53.2176 269.5150 0001276  87.1610 272.9528 15.08832645213321
1 57753U 23131X   26001.78874338  .00001012  00000-0  89946-4 0  9998
2 57753  43.0018 175.0424 0000880 260.5817  99.4926 15.02537833129865
1 55285U 23010S   26001.79431934  .00000844  00000-0  78528-4 0  9990
2 55285  70.0001 173.0439 0002575 279.3096  80.7772 14.98337231164628
1 53587U 22103A   26001.82615407  .00003686  00000-0  40806-3 0  9992
2 53587  97.8186  82.0152 0026146 230.4879 129.4026 14.87704020182366
1 52336U 22045F   26001.84439821 -.00000292  00000-0 -25336-6 0  9990
2 52336  53.2176 148.9969 0001263  90.6675 269.4462 15.08830987205555
1 55815U 23029V   26001.91237228 -.00000195  00000-0 -55941-3 0  9997
2 55815  87.9006 322.8429 0001922  81.3257 278.8090 13.14502267137552
1 59765U 24091N   26001.94087012  .00000229  00000-0  67396-5 0  9997
2 59765  53.1596 175.0162 0000446  91.3386 268.7683 15.69699366 95036
1 55303U 23010AL  26001.94898962  .00000497  00000-0  49460-4 0  9993
2 55303  69.9994 212.5312 0002911 270.0494  90.0332 14.98333662162785
1 55559U 22151ZH  26001.95501451  .00011581  00000-0  52384-2 0  9999
2 55559  98.8320   8.2470 0079605  22.9056 337.5640 14.20479908160541
1 46330U 20062F   26002.00003472  .00194115  00000-0  19573-2 0  9990
2 46330  53.0402 253.5051 0009206 105.9895 320.3856 15.64206337  5938
1 52636U 22052AQ  26002.00082047 -.00000371  00000-0 -52569-5 0  9999
2 52636  53.2161 208.5004 0001014  95.1276 264.9832 15.08830537200924
1 53853U 22114AM  26002.03711926 -.00000222  00000-0  41467-5 0  9997
2 53853  53.2175 233.0318 0001438  90.5338 269.5819 15.08843735182918
1 59317U 24056X   26002.05075928 -.00000474  00000-0 -77130-5 0  9998
2 59317  42.9995 246.9763 0001081 295.4713  64.6027 15.27571219101033
1 58354U 23177D   26002.05186972  .00000695  00000-0  66483-4 0  9994
2 58354  43.0047 353.5151 0001342 278.8133  81.2557 15.02538652118140
1 54272U 22151P   26002.07709607  .00001976  00000-0  91105-3 0  9999
2 54272  98.8597  35.7805 0027739 298.3199  61.5180 14.22017702162551
1 56697U 23067K   26002.08897377  .00001377  00000-0  11696-3 0  9994
2 56697  43.0027 276.1712 0002035 257.2930 102.7684 15.02546519145382
1 54788U 22175AG  26002.13327736  .00000682  00000-0  60928-4 0  9996
2 54788  53.2202 327.7738 0001673 119.4423 240.6736 15.08839380170085
1 55228U 22151WV  26002.13976055  .00031107  00000-0  47655-2 0  9990
2 55228  98.6397  62.5408 0068126  73.3806 287.4866 14.72017769160676
1 48670U 21044AJ  26002.14931837  .00008268  00000-0  57313-3 0  9998
2 48670  53.0566  50.3293 0001597 106.6942 253.4223 15.06412850253816
1 47370U 21005X   26002.16668980  .00814490  30203-3  19511-2 0  9999
2 47370  53.0352 262.7594 0004358 137.7408 166.4161 15.95987952  5815
1 56448U 23064A   26002.16668980  .00029175  00000-0  24447-2 0  9993
2 56448  70.0017 312.2536 0003076 269.7926 311.9988 14.98299273  5797
1 54911U 22151QY  26002.16992732  .00200762  00000-0  11536-1 0  9994
2 54911  98.6483  80.5454 0029738  17.4156 342.8084 15.11169099 74023
1 51638U 22012S   26002.17116574  .00000758  00000-0  21360-2 0  9996
2 51638  87.8787  69.3683 0001725  99.7698 260.3624 13.10373384187594
1 52549U 22051S   26002.17193306  .00000136  00000-0  26643-4 0  9990
2 52549  53.2190  67.7285 0001396  88.3889 271.7263 15.08845217201401
1 44528U 19059A   26002.17232698  .00000178  00000-0  76614-4 0  9999
2 44528  98.3449  69.3548 0000275 244.1603 115.9555 14.35443635330523
1 52791U 22058G   26002.17768317  .00008106  00000-0  73116-3 0  9997
2 52791  49.9882 250.0159 0004835  59.4872 300.6548 14.96245122195291
1 56470U 23064Y   26002.18360173  .00000854  00000-0  79311-4 0  9998
2 56470  70.0003 292.2890 0002238 268.8275  91.2628 14.98333042145778
1 59224U 24047A   26002.18441363  .00016324  00000-0  84714-3 0  9992
2 59224  97.6453 335.9659 0012216 279.7160  80.2692 15.16149491 99569
1 58307U 23174BD  26002.22140400  .00055557  00000-0  10268-2 0  9999
2 58307  97.4061  90.7587 0006872  27.8379 332.3238 15.48863048120124
1 54161U 22141E   26002.23685074  .00000219  00000-0  31856-4 0  9991
2 54161  53.2186 312.5457 0001494  90.1524 269.9639 15.08837707175687
1 58286U 23174AG  26002.23785342  .00044701  00000-0  92274-3 0  9993
2 58286  97.4058  89.8438 0007108  33.2797 326.8897 15.45703820120068
1 49011U 21063A   26002.25155694  .00000115  00000-0  00000+0 0  9990
2 49011   1.1660  82.0108 0005936 192.1713 295.0688  1.00270300 16410
1 53552U 22101AB  26002.29384006  .00001250  00000-0  96644-4 0  9999
2 53552  53.2200   2.1845 0001483 102.4675 257.6483 15.08837903186931
1 48318U 21036AU  26002.31243210  .00000494  00000-0  52054-4 0  9999
2 48318  53.0559  39.5942 0001648  98.4126 261.7050 15.06394150258026
1 54774U 22175S   26002.31357255 -.00001257  00000-0 -60863-4 0  9999
2 54774  53.2204 326.7752 0001697 130.0661 230.0481 15.08847016170115
1 50465U 21131A   26002.31450141  .00000320  00000-0  12650-3 0  9999
2 50465  98.4616  82.8201 0000415 131.0204 229.1018 14.35395759210623
1 49959U 79101AD  26002.31780707 -.00000135  00000-0  00000+0 0  9996
2 49959   7.1224 137.7020 4765636   9.7117 342.1391  1.80679114 80060
1 47278U 20100W   26002.32320962 -.00000284  00000-0 -82372-3 0  9999
2 47278  87.8920  23.6197 0001717  88.9000 271.2325 13.12442171242829
1 56277U 22151ACV 26002.32690588  .00003832  00000-0  14850-2 0  9995
2 56277  98.7305  26.8235 0048120  91.6823 268.9872 14.29935705145211
1 52306U 22041AX  26002.33384818  .00003009  00000-0  20709-3 0  9996
2 52306  53.2180  27.0015 0001350  92.0094 268.1053 15.08832258205841
1 45843U 11037CD  26002.35744368  .00003126  00000-0  27853-1 0  9994
2 45843  51.2055  53.4067 1707609 135.2662 239.9262 10.23952765 27679
1 59886U 24100B   26002.36908399  .00000045  00000-0  11186-4 0  9990
2 59886  43.0021 139.9737 0002273 301.0520  59.0109 15.27579379 91012
1 57347U 23099V   26002.37320976 -.00006076  00000-0 -43493-3 0  9993
2 57347  43.0041 249.0808 0000942 270.5972  89.4762 15.02553298136149
1 57329U 23099B   26002.40761318  .00000879  00000-0  80114-4 0  9991
2 57329  43.0035 249.3352 0001169 271.3290  88.7418 15.02536697136147
1 57404U 23102A   26002.41203211  .00000407  00000-0  45202-4 0  9990
2 57404  43.0023 249.2571 0001324 270.2966  89.7725 15.02540732136261
1 53424U 22097AN  26002.41803328  .00001591  00000-0  11809-3 0  9995
2 53424  53.2198  51.6236 0001274 112.5619 247.5508 15.08826350188646
1 53892U 22119G   26002.43181983  .00001443  00000-0  10875-3 0  9995
2 53892  53.2174 261.4395 0001433  84.1265 275.9890 15.08846361181684
1 59961U 24107S   26002.44368770  .00008212  00000-0  28891-3 0  9997
2 59961  53.1596  13.2545 0001286  90.9952 269.1196 15.30220718 89596
1 55542U 22151YQ  26002.52536412  .00004995  00000-0  22123-2 0  9999
2 55542  98.8100  24.4077 0015058 359.2812   0.8342 14.23505647157234
1 57537U 74025C   26002.52572694  .00008365  00000-0  37334-2 0  9999
2 57537  81.2017  88.6667 0012307 182.4731 177.6388 14.22599738127143
1 55338U 23013H   26002.52616258  .00000996  00000-0  88807-4 0  9997
2 55338  43.0048 300.1133 0001345 272.2796  87.7892 15.02537928161757
1 59723U 24088R   26002.60764037  .00000505  00000-0  29169-4 0  9992
2 59723  53.1603  86.9261 0001095 122.8622 237.2484 15.30187191 93565
1 58747U 24005V   26002.61051961 -.00000066  00000-0  10203-4 0  9994
2 58747  43.0038 220.5103 0001485 259.4154 100.6521 15.02541053110588
1 58647U 23205C   26002.61245359  .00010804  00000-0  43739-3 0  9999
2 58647  97.3602  26.8791 0007554 180.9576 179.1649 15.24835945112253
1 49143U 21082P   26002.61532565  .00000176  00000-0  22921-4 0  9991
2 49143  70.0014  81.6352 0002861 263.3790  96.7043 14.97521418237673
1 53859U 22114AT  26002.62821250  .00000558  00000-0  53141-4 0  9992
2 53859  53.2173 225.3381 0001295 101.5165 258.5972 15.08840455183070
1 51985U 22025AF  26002.63013119 -.00000079  00000-0  13136-4 0  9998
2 51985  53.2185 335.6833 0001197  89.6410 270.4720 15.08846814211080
1 49451U 21104AV  26002.63837434  .00000421  00000-0  44541-4 0  9998
2 49451  53.2169 155.6355 0001279 102.0819 258.0316 15.08837292228801
1 59888U 24100D   26002.64218374  .00044766  00000-0  16257-2 0  9990
2 59888  43.0005 138.5790 0001990 280.2601  79.8026 15.27593800 90958
1 55414U 23014Z   26002.65879054  .00003139  00000-0  27071-3 0  9999
2 55414  70.0007 250.8498 0002780 266.2498  93.8343 14.98329484161678
1 54853U 22177AK  26002.68404292  .00000018  00000-0  16422-4 0  9997
2 54853  43.0031 119.2113 0001300 270.4907  89.5786 15.02535159167170
1 54089U 22136AQ  26002.69804051  .00018214  00000-0  11464-2 0  9997
2 54089  53.2171 270.2230 0001603  97.2073 262.9102 15.09255848177027
1 46494U 20068J   26002.70178637  .00033522  00000-0  83238-3 0  9994
2 46494  97.8665   5.0525 0009743 126.9252 233.2887 15.40223128290661
1 59762U 24091K   26002.71471161  .00000096  00000-0  56475-5 0  9990
2 59762  53.1608 171.3191 0000940  44.2514 315.8579 15.69703251 95157
1 54074U 22136Z   26002.74275291  .00002245  00000-0  15911-3 0  9994
2 54074  53.2177 279.7878 0001158  73.7021 286.4098 15.08838437176895
1 47845U 21018BL  26002.76674576  .00022419  00000-0  15225-2 0  9993
2 47845  53.0570 187.5579 0001776  91.7346 268.3847 15.06317981266668
1 55276U 23010H   26002.77909668  .00000249  00000-0  28672-4 0  9997
2 55276  70.0001 190.7500 0002770 269.3235  90.7607 14.98344074163398
1 57120U 23090V   26002.80477568  .00000319  00000-0  38670-4 0  9995
2 57120  43.0025 272.5608 0000910 257.9862 102.0878 15.02532189140502
1 54316U 22151BK  26002.80909646  .00001234  00000-0  68830-3 0  9990
2 54316  98.8185   6.0519 0040934  69.7899 290.7668 14.12314710161290
1 49219U 21083AK  26002.82859927 -.00000006  00000-0 -47781-4 0  9998
2 49219  87.9222 307.4149 0001571  73.8085 286.3221 13.20771507214981
1 47395U 21005AY  26002.83335648  .00465021  00000-0  19460-2 0  9996
2 47395  53.0527 294.6250 0009896 107.5028 241.8267 15.83795792  6018
1 54750U 22171E   26002.83383206  .00015989  00000-0  57331-3 0  9991
2 54750  34.9847 155.2380 0007171  39.4915 320.6322 15.27844536170145
1 56186U 23054J   26002.86877373  .00022624  00000-0  43967-3 0  9997
2 56186  97.3144 269.7510 0003915 325.0833  35.0160 15.47620611152824
1 58462U 23185A   26002.87686207  .00007688  00000-0  62991-3 0  9997
2 58462  97.5203  65.8751 0011221 123.5014 236.7283 14.99495578114501
1 54133U 22138W   26002.89330987 -.00000028  00000-0 -10143-3 0  9993
2 54133  87.9229 307.3923 0001053 104.4826 255.6424 13.20772153157480
1 58967U 24031C   26002.89727878  .00002898  00000-0  10998-3 0  9998
2 58967  53.1585 242.0492 0001247  41.6843 318.4253 15.30184417106464
1 53722U 22107Y   26002.90563886  .00003016  00000-0  20752-3 0  9995
2 53722  53.2170 189.3487 0001437  91.5462 268.5695 15.08839502184477
1 59481U 24070A   26002.93305135  .00000154  00000-0  91813-4 0  9995
2 59481  98.7185  13.1074 0005807  81.4658 278.7176 14.20700598 89635
1 50182U 21125AC  26002.93736156  .00000267  00000-0  34850-4 0  9996
2 50182  53.2176 184.1407 0001385  92.3497 267.7653 15.08836752226717
1 55041U 23001AJ  26002.94305450  .00057859  00000-0  96119-3 0  9994
2 55041  97.3433  75.0987 0005139 325.3610  34.7307 15.51888786167308
1 45726U 20037D   26002.97043065  .00005693  00000-0  41006-3 0  9997
2 45726  97.7841 194.4845 0009925  18.3341 341.8241 15.04548358300810
1 53085U 22077AU  26002.97121763  .00000436  00000-0  34398-4 0  9999
2 53085  97.6030 186.3903 0001486  83.8036 276.3360 15.05646504191098
1 59538U 24074E   26002.97144982 -.00046462  00000-0 -16848-2 0  9994
2 59538  43.0065 343.9963 0002369 252.3970 107.6624 15.27667295 96084
1 51148U 22005AW  26002.98804395 -.00000417  00000-0 -81233-5 0  9990
2 51148  53.2171 244.2688 0001488  84.0350 276.0812 15.08840193218674
1 58519U 23191M   26002.99413923  .00000626  00000-0  61419-4 0  9993
2 58519  43.0038 102.5064 0001456 262.4702  97.5975 15.02524784115563
1 56546U 23065AV  26002.99647185  .00000527  00000-0  54071-4 0  9996
2 56546  43.0026 220.2439 0001042 269.9193  90.1530 15.02535947146595
1 48055U 21025P   26003.00068343 -.00000211  00000-0 -61362-3 0  9994
2 48055  87.8988 353.0442 0001369  95.2397 264.8888 13.13469633231882
1 59865U 24098H   26003.00383167 -.00001294  00000-0 -37507-4 0  9999
2 59865  42.9990 288.6668 0001557 258.5959 101.4717 15.27578707 91801
1 51138U 22005AL  26003.01373881  .00000126  00000-0  26033-4 0  9996
2 51138  53.2168 233.9519 0001410  88.1112 272.0041 15.08840042218812
1 54955U 22151SU  26003.02682383  .00001471  00000-0  42616-3 0  9997
2 54955  98.5825  37.8075 0116795 106.2967 255.1105 14.42058896164992
1 58194U 23167V   26003.06346885  .00000226  00000-0  31810-4 0  9994
2 58194  43.0024 142.4826 0001337 244.9222 115.1481 15.02536918121081
1 52361U 22045AG  26003.09285106  .00001112  00000-0  87905-4 0  9990
2 52361  53.2168 133.5939 0001220  82.1637 277.9493 15.08842366205886
1 45457U 20020AK  26003.09983400 -.00000143  00000-0 -44006-3 0  9990
2 45457  87.8853  53.8795 0002008 101.6853 258.4500 13.11419770280904
1 45438U 20020Q   26003.10152159  .00000006  00000-0 -18975-4 0  9994
2 45438  87.8835  53.9388 0001749  98.8108 261.3218 13.11417989281037
1 58394U 23178W   26003.10348656  .00005013  00000-0  18117-3 0  9994
2 58394  53.1615 305.9793 0001435 105.5418 254.5741 15.30217783119821
1 54768U 22175L   26003.10950279  .00000547  00000-0  52473-4 0  9992
2 54768  53.2199 323.9094 0001263  94.9213 265.1924 15.08833244170220
1 47382U 21005AK  26003.11135363  .00002637  00000-0  19586-3 0  9996
2 47382  53.0546 326.0147 0001450  54.7581 305.3544 15.06402469273577
1 54102U 22136BD  26003.11172182  .00000481  00000-0  48322-4 0  9996
2 54102  53.2173 268.5296 0001376  81.0785 279.0363 15.08838953177082
1 55342U 23013M   26003.11559530 -.00000318  00000-0 -84334-5 0  9999
2 55342  43.0036 296.7933 0001496 261.3581  98.7092 15.02530816161848
1 55366U 23013AM  26003.17011957  .00006281  00000-0  47999-3 0  9994
2 55366  43.0030 283.3296 0001024 248.4736 111.5997 15.02504849162001
1 44888U 19093K   26003.17353454  .00362518  55012-4  87913-3 0  9990
2 44888  97.9117 235.2883 0015030 255.3307 104.6302 15.96097800336309
1 54792U 22175AL  26003.17515064  .00000363  00000-0  40869-4 0  9997
2 54792  53.2189 337.8647 0001184  98.0456 262.0670 15.08848258170034
1 51811U 22017AV  26003.18302284 -.00000510  00000-0 -13984-4 0  9994
2 51811  53.2173 273.1909 0001311  83.7855 276.3287 15.08836099214070
1 56479U 23064AH  26003.20167744  .00000244  00000-0  28224-4 0  9990
2 56479  70.0007 289.4191 0002772 272.1511  87.9330 14.98327638145931
1 54028U 22128C   26003.20867524  .00045214  00000-0  26459-2 0  9993
2 54028  26.8281 319.3041 5791868 331.0140   6.4531  4.41446818 50087
1 44528U 19059A   26003.21790288  .00000372  00000-0  14405-3 0  9994
2 44528  98.3447  70.3662 0000301 227.8781 132.2379 14.35445231330671
1 45939U 20051A   26003.22890697  .00007466  00000-0  33416-3 0  9995
2 45939  97.3065  76.1058 0004869 156.0173 204.1291 15.21548273302269
1 53665U 22105T   26003.23013161 -.00000183  00000-0 -84593-5 0  9991
2 53665  97.6020 246.7444 0002402  79.1459 281.0038 15.05655474183450
1 51871U 22022V   26003.23545329  .00001142  00000-0  89836-4 0  9990
2 51871  53.2187 302.9540 0001255  90.7221 269.3915 15.08847772213344
1 48074U 21025AJ  26003.24953688  .00000138  00000-0  34271-3 0  9991
2 48074  87.8992 352.9951 0001584  94.1099 266.0211 13.13469008232024
1 53673U 22105AB  26003.25782543  .00000093  00000-0  10657-4 0  9996
2 53673  97.6022 246.7381 0002476  86.1253 274.0257 15.05647202183457
1 48309U 21036AK  26003.27906508  .00000155  00000-0  29295-4 0  9996
2 48309  53.0582  25.2587 0001377  97.2754 262.8391 15.06400759258317
1 56756U 23074A   26003.28171325  .00009718  00000-0  45826-3 0  9998
2 56756  97.4372 200.2087 0001812  88.7293 271.4149 15.19685130144647
1 59011U 24036P   26003.28177648  .00000253  00000-0  20680-4 0  9995
2 59011  53.1614  22.3190 0001280  98.2465 261.8681 15.30193000105303
1 49171U 21082AT  26003.28489149  .00018921  00000-0  12512-2 0  9995
2 49171  69.9964  95.6428 0008807 317.3729  42.6750 15.07359545237433
1 48128U 21027AN  26003.30395510  .00010609  00000-0  72961-3 0  9996
2 48128  53.0550  35.2339 0001663  85.6061 274.5118 15.06423001263539
1 59126U 24043AE  26003.31465846  .00019136  00000-0  58978-3 0  9994
2 59126  97.5326 140.5134 0009983  95.9391 264.2989 15.33607435102011
1 57178U 23091N   26003.31807788  .00024922  00000-0  95505-3 0  9992
2 57178  97.5344  67.1802 0011007 320.5474  39.4962 15.26456804139232
1 45542U 20025M   26003.33336806  .01720842  00000-0  57161-1 0  9997
2 45542  53.0537  39.1985 0001220  57.1217 235.0716 15.27338196  5697
1 47650U 21012AG  26003.33802800  .00016638  00000-0  11325-2 0  9991
2 47650  53.0550 344.9908 0001308  93.1020 267.0118 15.06423781270401
1 57412U 23102J   26003.38589501  .00001079  00000-0  94910-4 0  9991
2 57412  43.0035 243.6588 0001193 263.8022  96.2685 15.02538829136413
1 57150U 23090BB  26003.40776760  .00000073  00000-0  20496-4 0  9995
2 57150  43.0020 256.3181 0001172 273.0995  86.9714 15.02540099140747
1 48057U 21025R   26003.44081726 -.00000060  00000-0 -19943-3 0  9994
2 48057  87.8989 352.9631 0001504  84.8686 275.2614 13.13470678232053
1 58808U 24012X   26003.45375785  .00002356  00000-0  95103-4 0  9991
2 58808  43.0062 173.2665 0001508 250.8598 109.2090 15.27581049111261
1 56496U 23064BA  26003.45597009 -.00000343  00000-0 -20984-4 0  9994
2 56496  69.9994 268.8311 0001942 268.6937  91.3999 14.98335201146461
1 52158U 22033B   26003.46038578  .00004878  00000-0  58747-3 0  9994
2 52158  97.8402  82.6914 0011910 139.1924 221.0184 14.84279691202894
1 45415U 20019BH  26003.46843478  .00003099  00000-0  22684-3 0  9992
2 45415  53.0564  69.4100 0001525  95.0496 265.0667 15.06401964320058
1 45453U 20020AF  26003.47258308  .00005874  00000-0  61241-3 0  9994
2 45453  88.9231 255.6786 0002730 158.5467 201.5877 14.89662198315857
1 48396U 21038AV  26003.47349569  .00017487  00000-0  11891-2 0  9991
2 48396  53.0542 274.3862 0001419  82.9172 277.1979 15.06427074258695
1 56489U 23064AT  26003.47681086  .00002348  00000-0  20440-3 0  9998
2 56489  69.9988 268.9030 0003279 280.0629  80.0160 14.98358250146460
1 53355U 22092A   26003.48840184 -.00000284  00000-0  00000+0 0  9998
2 53355   3.5438 315.0490 0002545 323.3922 139.4925  1.00270510 12583
1 55996U 23042L   26003.49088754  .00000711  00000-0  67743-4 0  9991
2 55996  43.0050  50.3137 0001266 266.2378  93.8320 15.02533740153101
1 57777U 23134G   26003.50003743  .00013664  00000-0  10240-2 0  9998
2 57777  43.0044 191.8237 0002481 269.0284  91.0274 15.02557916129654
1 48046U 21025E   26003.50684498  .00000268  00000-0  69908-3 0  9998
2 48046  87.8990 352.9367 0001774  82.3085 277.8245 13.13469654232032
1 59465U 24068L   26003.51380003  .00000290  00000-0  20054-4 0  9996
2 59465  43.0013  42.7157 0001163 256.4032 103.6691 15.27579407 98551
1 54381U 22163A   26003.52130463 -.00000031  00000-0  31641-4 0  9994
2 54381  67.1469 147.4394 0005398 270.8666  89.1800 13.96675894157779
1 55752U 23028M   26003.53269259 -.00000032  00000-0  51105-5 0  9994
2 55752  70.0000  48.6052 0003095 269.3849  90.6955 14.98325901156284
1 54384U 22151DG  26003.55736797  .00002942  00000-0  13201-2 0  9991
2 54384  98.7675  20.3191 0035304 293.1115  66.6344 14.22892470162413
1 54805U 22175AZ  26003.57581955  .00000404  00000-0  43480-4 0  9996
2 54805  53.2199 321.1393 0001366  93.8060 266.3089 15.08843387170309
1 57639U 23122H   26003.59749532  .00001373  00000-0  11670-3 0  9997
2 57639  43.0038  88.0281 0001232 272.5209  87.5492 15.02528244132398
1 48963U 21059CN  26003.60125564  .00081436  00000-0  94942-3 0  9990
2 48963  97.6827 185.1463 0003362 205.7277 154.3813 15.61387545251898
1 47286U 20100AE  26003.60231335 -.00000251  00000-0 -73300-3 0  9990
2 47286  87.8924  23.3225 0001611  89.6349 270.4965 13.12443077243107
1 58464U 23185C   26003.60671659  .00012643  00000-0  66249-3 0  9993
2 58464  97.5530  76.6648 0007824 148.8506 211.3192 15.15903207115175
1 51834U 22019L   26003.60902841  .00123765  00000-0  12405-2 0  9994
2 51834  97.3808  94.2461 0004054 353.0731   7.0472 15.65122357214339
1 52339U 22045J   26003.61077321  .00000176  00000-0  29166-4 0  9995
2 52339  53.2177 140.9142 0001191  88.3176 271.7953 15.08837432205827
1 45741U 20038M   26003.62012378  .00048612  00000-0  13379-2 0  9990
2 45741  53.0540 166.0227 0001200  28.5794 331.5274 15.36713465306434
1 57056U 23088J   26003.62826301  .00000513  00000-0  53038-4 0  9995
2 57056  43.0035 100.9289 0001279 269.3797  90.6899 15.02535592140587
1 45669U 20035N   26003.66668981  .00130023  00000-0  37466-2 0  9998
2 45669  53.0385 328.9551 0003188 131.9507  59.0571 15.34784489  5921
1 49421U 21104P   26003.75247336  .00002325  00000-0  16412-3 0  9995
2 49421  53.2184 160.4393 0001485  80.9241 279.1920 15.08845678228827
1 47810U 21018Z   26003.77943596  .00000209  00000-0  32916-4 0  9999
2 47810  53.0550 193.0145 0001271  88.8913 271.2222 15.06394027266729
1 56122U 23046AF  26003.78777320  .00000657  00000-0  63674-4 0  9991
2 56122  43.0039 151.2089 0001644 269.6522  90.4132 15.02537953152300
1 56524U 23065X   26003.91299086  .00002793  00000-0  22190-3 0  9991
2 56524  43.0024 202.0644 0000881 296.4068  63.6684 15.02511043146889
1 51869U 22022T   26003.96778140  .00000577  00000-0  54354-4 0  9994
2 51869  53.2184 299.6674 0001449  92.0000 268.1159 15.08831818213344
1 46265U 20059A   26003.98162309  .00000777  00000-0  10410-3 0  9998
2 46265  97.8837 192.1792 0001432  83.0388 277.0988 14.82168377289162
1 53043U 22077A   26003.99001449  .00000398  00000-0  35507-4 0  9994
2 53043  97.6055 186.8752 0001497  81.5907 278.5487 15.01263480191212
1 58647U 23205C   26003.99052307  .00010117  00000-0  40938-3 0  9995
2 58647  97.3599  28.2332 0007719 175.6245 184.5062 15.24866473112464
1 54842U 22177Y   26004.02432293 -.00001300  00000-0 -81146-4 0  9999
2 54842  43.0032 124.2171 0001425 282.9884  77.0799 15.02541840167236
1 44335U 19034C   26004.02773509  .00002074  00000-0  57837-3 0  9997
2 44335   5.4340  76.4469 7042824 126.2456 320.2912  2.58165833 57592
1 49209U 21083Z   26004.02810775 -.00000039  00000-0 -13119-3 0  9992
2 49209  87.9175   8.0515 0001188  90.7522 269.3747 13.18686167208404
1 55416U 23014AB  26004.06909508  .00000813  00000-0  75896-4 0  9991
2 55416  69.9991 247.3449 0002936 270.1236  89.9586 14.98332526161882
1 52858U 22062AE  26004.10808149  .00001452  00000-0  10931-3 0  9992
2 52858  53.2190 314.0690 0001603  87.0312 273.0863 15.08841371196175
1 55228U 22151WV  26004.11092821  .00027171  00000-0  41563-2 0  9998
2 55228  98.6393  64.6335 0067745  67.0616 293.7720 14.72133408160969
1 59356U 24060J   26004.11905650  .00004850  00000-0  18553-3 0  9991
2 59356  43.0006 264.8768 0001432 279.5842  80.4848 15.27600961100180
1 52904U 22067B   26004.12092992 -.00000240  00000-0  00000-0 0  9990
2 52904   0.0314 335.0406 0003758 333.3295 290.3886  1.00270254 13003
1 55635U 23021H   26004.14953615  .00000073  00000-0  13944-4 0  9993
2 55635  70.0008 347.1997 0002798 270.5812  89.5027 14.98332524159122
1 45318U 91056BG  26004.15557367  .00000431  00000-0  10461-2 0  9995
2 45318  82.5683 253.3331 0008904 115.9916 244.2126 13.19629179281930
1 57879U 23144R   26004.15733112 -.00000320  00000-0 -85998-5 0  9996
2 57879  43.0037 278.0992 0001259 264.1285  95.9413 15.02527909127907
1 58408U 23180G   26004.17677424  .00001489  00000-0  12526-3 0  9990
2 58408  43.0064  47.0100 0001440 262.9171  97.1508 15.02532538117769
1 59415U 24064T   26004.19823022 -.00001674  00000-0 -51369-4 0  9997
2 59415  43.0013  60.2941 0000230 343.4897  16.5947 15.27557164 99364
1 59280U 24052A   26004.20193154  .00000183  00000-0  13801-3 0  9992
2 59280  50.0094  57.5859 0011834 289.7496  70.2142 14.27882804 74792
1 56057U 23043M   26004.20582609  .00000062  00000-0  12735-3 0  9998
2 56057  87.9042 261.4198 0001553  95.9135 264.2173 13.16594102137381
1 58769U 24011E   26004.23963360 -.00002566  00000-0 -74605-4 0  9994
2 58769  53.1628 312.9756 0001299  92.3504 267.7645 15.30172657110409
1 57187U 23091X   26004.29113351  .00014277  00000-0  60348-3 0  9995
2 57187  97.5340  67.3777 0008993 314.6430  45.4072 15.23304965139334
1 57519U 23116A   26004.29708428  .00013213  00000-0  56519-3 0  9991
2 57519  97.3860  12.5571 0005555 213.7553 146.3331 15.22937459133835
1 51840U 22019S   26004.30424863  .00082959  00000-0  96274-3 0  9998
2 51840  97.3801  94.2165 0000953 256.2003 103.9148 15.61507435214392
1 48300U 21036AA  26004.30745737 -.00001991  00000-0 -11485-3 0  9999
2 48300  53.0550  20.6428 0001493  89.6753 270.4407 15.06379156258475
1 54262U 22151D   26004.30799407  .00001679  00000-0  17118-2 0  9994
2 54262  99.0534 301.2010 0279270 334.4211  24.3333 13.62266126156244
1 59486U 24071C   26004.31280807  .00000001  00000-0  95728-5 0  9994
2 59486  43.0037 342.9983 0000914 235.8045 124.2721 15.27585317 98369
1 53276U 22086AL  26004.31416074 -.00000519  00000-0 -14493-4 0  9991
2 53276  53.2191 113.1070 0001557 108.9972 251.1189 15.08829847191474
1 59015U 24036T   26004.31731556 -.00000337  00000-0  75456-6 0  9995
2 59015  53.1617  17.4033 0001023 100.0875 260.0242 15.30194558105463
1 58194U 23167V   26004.32655117 -.00000283  00000-0 -59105-5 0  9998
2 58194  43.0040 135.6207 0001240 262.1386  97.9316 15.02536785121279
1 46326U 20062B   26004.33336806  .00153418  00000-0  25259-2 0  9992
2 46326  53.0500 287.3020 0014659  85.0917 195.9979 15.51213984  5859
1 54938U 22151SB  26004.36376179  .00031172  00000-0  37923-2 0  9994
2 54938  99.1348 141.8296 0073898  79.0422 281.9089 14.81425834166656
1 47243U 20097B   26004.37546524  .00000699  00000-0  96630-3 0  9997
2 47243  58.2396 142.0739 7295200  99.4166 342.0248  2.20376483 40597
1 44641U 19039M   26004.42403978  .00024537  00000-0  96947-3 0  9999
2 44641  97.5743  75.6912 0016974 183.8507 176.2603 15.25363059342109
1 56027U 23042AT  26004.43404708  .00000533  00000-0  54516-4 0  9999
2 56027  43.0080  32.3309 0001441 266.7721  93.2957 15.02527145153396
1 58009U 23153U   26004.44232272  .00003644  00000-0  28480-3 0  9996
2 58009  43.0058  57.6940 0001528 280.1480  79.9190 15.02520633125116
1 56245U 22151ABM 26004.44930530  .00007424  00000-0  33003-2 0  9991
2 56245  98.8106  12.1645 0048316  51.9632 308.5892 14.22575782148587
1 50193U 21125AP  26004.45813696  .00000168  00000-0  28673-4 0  9998
2 50193  53.2180 167.4676 0001421  91.4603 268.6552 15.08837489227083
1 56178U 23054A   26004.46395058 -.00000025  00000-0  43280-5 0  9993
2 56178  98.1350 270.9844 0009057 334.2777  25.7975 14.65837986146422
1 45741U 20038M   26004.46552648  .00096439  00000-0  26078-2 0  9992
2 45741  53.0536 162.0464 0001116  35.9003 324.2074 15.36943699306564
1 59083U 24041K   26004.47188007  .00001183  00000-0  52491-4 0  9991
2 59083  43.0008 230.1837 0001260 261.1953  98.8756 15.27577661105457
1 47857U 21020D   26004.49595797 -.00000146  00000-0 -87577-4 0  9994
2 47857  63.4089 318.6834 0160167 359.7899   0.3034 13.45431729236434
1 50805U 22001C   26004.49862263 -.00000190  00000-0  61861-5 0  9993
2 50805  53.2198  87.2843 0001656 117.8521 242.2639 15.08830353220854
1 47821U 21018AL  26004.50003471  .00092490  00000-0  57340-2 0  9991
2 47821  53.0615 179.7792 0001887  73.4317  16.0017 15.08963332  5825
1 54872U 22177BE  26004.50003471  .01138695  00000-0  11459-1 0  9991
2 54872  43.0011  99.3940 0000998 295.4129  46.7601 15.61976041  5840
1 56840U 23079T   26004.50003471 -.00577383  00000-0 -66511-2 0  9992
2 56840  42.9759 304.0281 0001797 258.4064  32.5112 15.62932888  6059
1 55741U 23028A   26004.50907393  .00000222  00000-0  26412-4 0  9990
2 55741  70.0003  46.3935 0002918 264.5837  95.4989 14.98330049156613
1 56203U 23054AB  26004.51865792  .00036741  00000-0  79548-3 0  9992
2 56203  97.2821 269.9756 0009357 142.9630 217.2266 15.44319976153284
1 48485U 21040BK  26004.53690000 -.00000123  00000-0  10654-4 0  9998
2 48485  53.0569 129.6124 0001186  94.5945 265.5179 15.06389318256671
1 55828U 23029AJ  26004.53943492 -.00001584  00000-0 -39284-2 0  9993
2 55828  87.9216 307.0960 0002496  88.1344 272.0075 13.20778751139543
1 54384U 22151DG  26004.54183200  .00002449  00000-0  11020-2 0  9995
2 54384  98.7674  21.2989 0035213 290.1046  69.6344 14.22896426162559
1 56826U 23079D   26004.55453701 -.00000584  00000-0 -28168-4 0  9998
2 56826  43.0014  95.9479 0001071 271.0898  88.9822 15.02526921143556
1 57014U 23085L   26004.58361190  .00018540  00000-0  70485-3 0  9995
2 57014  97.4889 114.1892 0004135 263.1807  96.8961 15.26830567141615
1 48112U 21027W   26004.59561660  .00173025  00000-0  11077-1 0  9993
2 48112  53.0559 104.5055 0001678 113.4001 246.7165 15.07312445262684
1 59998U 90086H   26004.59695758  .00003856  00000-0  31642-2 0  9999
2 59998  82.5313 325.6364 0018001 110.1954 250.1147 13.89054868 94751
1 53624U 22104AN  26004.60394907 -.00000131  00000-0  98635-5 0  9991
2 53624  53.2176 161.5717 0001243  91.4539 268.6595 15.08825475186073
1 53641U 22104BF  26004.61222161  .00000336  00000-0  39224-4 0  9997
2 53641  53.2186 151.6382 0001253  87.6720 272.4416 15.08835982186553
1 47752U 21017AG  26004.62674931  .00000518  00000-0  53676-4 0  9991
2 47752  53.0558 134.2094 0001156  66.1664 293.9446 15.06390030268198
1 52153U 22032A   26004.64643183  .00002396  00000-0  21482-3 0  9992
2 52153  97.6082  46.9801 0010619  15.7796 344.3754 14.96656347205378
1 52467U 22049S   26004.67709902 -.00001283  00000-0 -62567-4 0  9999
2 52467  53.2190 346.4862 0001484  83.5887 276.5274 15.08833148202586
1 45158U 20008AD  26004.67766801 -.00000160  00000-0 -49523-3 0  9991
2 45158  87.8793  68.8569 0001749 103.7468 256.3854 13.10376223286613
1 59681U 24085E   26004.71159436  .00394022  70096-4  68305-3 0  9997
2 59681  97.3152 106.0906 0013985 271.3772  88.5905 16.02093037 94352
1 59447U 24066F   26004.77349228  .00010432  00000-0  71525-3 0  9994
2 59447  45.6058  21.3633 0001506 304.2679  55.8063 15.06271191 95565
1 50159U 21125D   26004.77373703  .00001741  00000-0  12744-3 0  9994
2 50159  53.2162 186.0633 0001236  63.7065 296.4054 15.08835224226803
1 58978U 24031P   26004.82411686 -.00001675  00000-0 -44445-4 0  9991
2 58978  53.1584 233.4426 0001515  88.0712 272.0462 15.30198456106739
1 53742U 22107AU  26004.82935365 -.00000105  00000-0  11508-4 0  9992
2 53742  53.2178 190.7352 0001452  87.6189 272.4969 15.08837851184959
1 58848U 23174DH  26004.83621876  .00004350  00000-0  23775-3 0  9992
2 58848  97.3655  69.5339 0009972 208.4487 151.6202 15.14760598119166
1 52561U 22051AE  26004.84132008 -.00000848  00000-0 -35211-4 0  9995
2 52561  53.2178  60.7473 0001350  92.7200 267.3947 15.08838548201734
1 49300U 21090X   26004.84608294  .00000008  00000-0 -13860-4 0  9992
2 49300  87.9010 322.2440 0002266  81.1677 278.9709 13.14503029206105
1 52612U 22052Q   26004.85190728 -.00001893  00000-0 -10096-3 0  9991
2 52612  53.2172 205.7004 0001239  89.2056 270.9078 15.08821003201229
1 46112U 20056A   26004.85786005 -.00000350  00000-0  00000+0 0  9996
2 46112   0.0440 127.9780 0000920  82.3479 312.7829  1.00269351 19753
1 46743U 20074E   26004.86231626  .00083318  00000-0  23116-2 0  9991
2 46743  53.0487 236.5018 0011824 120.8494 239.3673 15.36155199287221
1 58502U 23189A   26004.88284030  .00006281  00000-0  20780-3 0  9995
2 58502  97.4471  22.1889 0013052 117.3768 242.8803 15.31621048116206
1 51834U 22019L   26004.88761013  .00107813  00000-0  10709-2 0  9990
2 51834  97.3798  95.5850 0004007 348.2343  11.8822 15.65404409214531
1 49728U 21115E   26004.91077978 -.00000483  00000-0 -12259-4 0  9990
2 49728  53.2185  85.4327 0001444  94.4955 265.6202 15.08836234225769
1 49309U 21090AG  26004.91110258 -.00000193  00000-0 -55615-3 0  9996
2 49309  87.9017 322.2251 0001931  77.7455 282.3891 13.14502205206144
1 51149U 22005AX  26004.93472364 -.00000708  00000-0 -26389-4 0  9998
2 51149  53.2164 235.1417 0001406  85.4663 274.6490 15.08838463218974
1 57137U 23090AN  26004.96007263 -.00000326  00000-0 -90888-5 0  9993
2 57137  43.0046 248.1898 0001284 265.3549  94.7147 15.02532633140783
1 48356U 21038D   26004.96446952  .00010769  00000-0  74067-3 0  9997
2 48356  53.0540 287.6886 0001517  80.5426 279.5734 15.06402584257421
1 56471U 23064Z   26004.97918064  .00000539  00000-0  52996-4 0  9996
2 56471  70.0008 285.1911 0002803 271.0795  89.0043 14.98325039146190
1 44530U 19059C   26004.99251205  .00010836  00000-0  18280-2 0  9994
2 44530  98.6235 160.1360 0008983 103.0067 257.2141 14.69626351334659
1 50171U 21125R   26004.99450169 -.00000129  00000-0  10006-4 0  9994
2 50171  53.2162 175.0602 0001285  85.5230 274.5909 15.08838788226984
1 57194U 23091AE  26004.99508484  .00007532  00000-0  32149-3 0  9999
2 57194  97.5310  67.3428 0011257 326.6656  33.3870 15.23138665139415
1 54330U 22151BZ  26004.99897728  .00003092  00000-0  12416-2 0  9997
2 54330  98.7686  28.2904 0053353  83.2828 277.4421 14.28139459162929
1 52100U 22029N   26005.00554211  .00002144  00000-0  15282-3 0  9996
2 52100  53.2200  15.0116 0001420  88.6862 271.4293 15.08827082211048
1 57444U 23105Q   26005.01097605 -.00002676  00000-0 -18309-3 0  9993
2 57444  43.0031 247.4911 0001528 261.6706  98.3963 15.02541412136046
1 53242U 22086A   26005.04694364 -.00000213  00000-0  46804-5 0  9997
2 53242  53.2179 124.8152 0001287  87.8495 272.2645 15.08843071191700
1 58253U 23172A   26005.05296789 -.00000362  00000-0  00000+0 0  9998
2 58253   0.0335  85.4266 0003623 220.8018 293.0114  1.00269827  8027
1 44803U 19080D   26005.05373624  .00189297  00000-0  68708-2 0  9997
2 44803   5.3509 322.7116 4148436 289.0071  31.2702  7.21230199 91685
1 51879U 22022AD  26005.05798377 -.00001846  00000-0 -97960-4 0  9993
2 51879  53.2191 284.7738 0001349  84.2789 275.8357 15.08836785213641
1 49075U 21075A   26005.06447449 -.00000501  00000-0 -14278-2 0  9993
2 49075  87.8923  23.0535 0001685  91.7909 268.3412 13.12441439213810
1 58874U 24019X   26005.08965448 -.00001615  00000-0 -49206-4 0  9995
2 58874  42.9993 248.2574 0000860 263.7965  96.2788 15.27571498109351
1 54619U 22151NV  26005.09288279  .00002947  00000-0  93751-3 0  9994
2 54619  98.8144  62.8019 0071933 156.8275 203.6183 14.39176205163656
1 55142U 23004C   26005.13610186  .00000020  00000-0  20010-4 0  9994
2 55142  87.8835  53.5125 0001650 101.3580 258.7734 13.11415082144572
1 45315U 91056BD  26005.14314841  .00000731  00000-0  19086-2 0  9995
2 45315  82.5594 261.8727 0027021 247.8890 111.9363 13.15464311281178
1 55487U 23015AQ  26005.14456964 -.00002709  00000-0 -18567-3 0  9992
2 55487  43.0035 324.4011 0001130 268.6882  91.3831 15.02511287161045
1 44483U 19051C   26005.16135086 -.00000072  00000-0  00000+0 0  9991
2 44483   7.0839 153.5451 3477854  87.2721 311.1103  1.59360373 37334
1 47854U 21020A   26005.16466539 -.00000139  00000-0 -76469-4 0  9997
2 47854  63.4084 316.8932 0160453 359.8414   0.2535 13.45431495236533
1 57763U 23133G   26005.16727811  .00000105  00000-0  83069-4 0  9992
2 57763  80.9952 163.6976 0006394  99.9216 260.2663 13.85303274118448
1 53204U 22084R   26005.17643476  .00012544  00000-0  97829-3 0  9995
2 53204  97.6031  68.0349 0003078  80.2376 279.9196 15.01302430190446
1 59098U 24043A   26005.17965331  .00004827  00000-0  41831-3 0  9993
2 59098  97.8298 136.2602 0010316 196.4859 163.6028 14.97545485100266
1 56911U 23083AM  26005.18471951  .00000530  00000-0  54320-4 0  9993
2 56911  43.0039  54.1869 0001027 273.9390  86.1334 15.02532232142264
1 48060U 21025U   26005.19460394  .00000136  00000-0  33671-3 0  9990
2 48060  87.8984 352.6234 0002322  71.4678 288.6703 13.13468454232168
1 44802U 19080C   26005.20171898  .00014024  00000-0  16567-2 0  9993
2 44802   5.3976 267.2014 7007244  48.5686 353.1443  2.65147970 54972
1 48181U 02032W   26005.20269380  .00081224  00000-0  75448-2 0  9999
2 48181  98.6990   4.7556 0006321   0.8406 359.2821 14.93960397251326
1 58373U 23177Y   26005.21184556 -.00000386  00000-0 -13544-4 0  9991
2 58373  43.0043 336.7711 0000839 279.3368  80.7379 15.02537841118660
1 58693U 23212C   26005.21918966 -.00000075  00000-0  94698-4 0  9999
2 58693  49.9960 221.3008 0000900   6.3071 353.7818 13.41447021 99383
1 57971U 23151H   26005.21988156  .00000726  00000-0  68847-4 0  9996
2 57971  43.0033 323.8690 0001233 267.1442  92.9259 15.02531540126180
1 55370U 23013AR  26005.23151784  .00000887  00000-0  80703-4 0  9998
2 55370  43.0051 298.1414 0001302 266.3455  93.7238 15.02539034162015
1 51854U 22022C   26005.23615072  .00016315  00000-0  98897-3 0  9990
2 51854  53.2171 303.7411 0004994  85.3895 274.7669 15.10702196213444
1 49308U 21090AF  26005.26859077  .00000130  00000-0  28772-3 0  9996
2 49308  87.9227 306.9314 0002067  78.6767 281.4598 13.20770450208313
1 46025U 20054A   26005.27824939  .00016498  00000-0  51385-3 0  9998
2 46025  97.2653  76.8284 0010398 323.3908  36.6623 15.33293936301368
1 58043U 23156R   26005.28020214  .00108616  00000-0  36224-2 0  9990
2 58043  53.1615  13.0198 0002206  99.8628 260.2622 15.30232879126602
1 59146U 24043BA  26005.28336015  .00037179  00000-0  69942-3 0  9999
2 59146  97.5217 148.6108 0005916  54.5630 305.6171 15.48450787102735
1 53855U 22114AP  26005.28752732  .00000664  00000-0  59821-4 0  9990
2 53855  53.2168 218.4887 0001920  88.1626 271.9586 15.08837846183408
1 57521U 23115A   26005.28806373  .00000637  00000-0  62202-4 0  9994
2 57521  43.0057 349.5361 0001385 271.8854  88.1830 15.02532741133997
1 59014U 24036S   26005.29809401  .00001783  00000-0  72311-4 0  9997
2 59014  53.1599  12.8599 0001037  86.6742 273.4378 15.30196086105617
1 46455U 20065B   26005.30735652  .00249217  00000-0  11365-2 0  9994
2 46455  97.2451  63.0601 0001277   8.4322 351.6969 15.83140382295017
1 57700U 23129C   26005.30873781  .00000627  00000-0  61499-4 0  9994
2 57700  43.0051 104.3999 0001297 270.7071  89.3622 15.02529145130987
1 58029U 23156B   26005.30965815  .00000428  00000-0  26586-4 0  9996
2 58029  53.1612  12.6770 0001020  84.4472 275.6645 15.30196707126619
1 59931U 24106K   26005.31762647 -.00001267  00000-0 -36563-4 0  9994
2 59931  43.0000 330.1800 0000651 248.0910 111.9872 15.27565929 90837
1 59283U 24052D   26005.32261847  .00000114  00000-0  11022-3 0  9991
2 59283  50.0061 232.5460 0004760  14.0726 346.0321 14.27918589 95120
1 47778U 21017BJ  26005.32844665 -.00003095  00000-0 -18898-3 0  9991
2 47778  53.0567 136.0566 0000971  85.2742 274.8358 15.06397157268190
1 59130U 24043AJ  26005.33068397  .00020571  00000-0  55618-3 0  9996
2 59130  97.5356 144.5992 0009716  82.4176 277.8172 15.37707501102441
1 59959U 24107Q   26005.37019270  .00004096  00000-0  15041-3 0  9996
2 59959  53.1621 359.5269 0001417  99.2461 260.8700 15.30181840 90104
1 45543U 20025N   26005.38420876  .00000363  00000-0  43237-4 0  9996
2 45543  53.0569  30.8083 0001450  89.3693 270.7462 15.06395839314646
1 58492U 23186V   26005.39484132  .00000357  00000-0  41482-4 0  9993
2 58492  43.0038  51.0884 0001143 273.3704  86.7008 15.02533578116320
1 58598U 23200K   26005.40024249  .00103754  00000-0  41046-2 0  9997
2 58598  42.9944 139.7422 0020855 317.8977  42.0271 15.24191440114248
1 56174U 23052A   26005.41820064  .00000000  00000-0  00000+0 0  9992
2 56174   0.0192  57.3386 0001478 201.1620 266.0712  1.00268258 10198
1 59232U 24049B   26005.42966622  .00001297  00000-0  56648-4 0  9992
2 59232  43.0075 140.5797 0002466 296.6819  63.3780 15.27581050102716
1 48113U 21027X   26005.46111206  .00004253  00000-0  30393-3 0  9998
2 48113  53.0574  95.4598 0001580 105.0188 255.0976 15.06434843262877
1 45377U 20019T   26005.46622578  .00090405  00000-0  20738-2 0  9991
2 45377  53.0492  74.3270 0002927 275.8019  84.2652 15.41992472320439
1 56404U 23061AG  26005.47026764 -.00000402  00000-0 -14658-4 0  9996
2 56404  43.0050 168.0861 0001536 270.7179  89.3488 15.02528944147395
1 44906U 19096B   26005.47102916  .00000161  00000-0  10912-2 0  9994
2 44906  82.5234 185.9295 0015642 169.6054 190.5352 12.42866616273433
1 58044U 23156S   26005.47688178  .00000304  00000-0  22382-4 0  9998
2 58044  53.1607 101.8271 0001210  78.4018 281.7118 15.30201413125351
1 44880U 19093B   26005.48910381  .00004355  00000-0  40674-3 0  9994
2 44880  97.7945  90.8984 0010807 233.5992 126.4232 14.94644324327748
1 56525U 23065Y   26005.49846976 -.00000462  00000-0 -19117-4 0  9992
2 56525  43.0034 193.3082 0000958 271.8960  88.1773 15.02532909147125
1 46559U 20070AD  26005.50002314  .00236055  00000-0  34998-2 0  9992
2 46559  53.0553  24.7129 0002818  98.6249 346.6662 15.53911464  5731
1 54750U 22171E   26005.51284635  .00013255  00000-0  47458-3 0  9998
2 54750  34.9853 138.2611 0006906  65.9886 294.1553 15.27922347170559
1 56995U 23084BX  26005.51701971  .00005602  00000-0  27081-3 0  9999
2 56995  97.8003 150.0817 0013505  33.2516 326.9563 15.18976330141631
1 53793U 22111W   26005.52760681  .00001061  00000-0  84684-4 0  9994
2 53793  53.2168 197.4669 0000896  96.1553 263.9541 15.08846845184156
1 55455U 23015G   26005.56254944  .00000502  00000-0  52204-4 0  9991
2 55455  43.0105 309.3842 0001204 260.4080  99.6626 15.02538246161254
1 58722U 24002T   26005.59289199  .00001435  00000-0  60564-4 0  9995
2 58722  53.1593 163.0995 0000930  80.2509 279.8597 15.30199209112359
1 59481U 24070A   26005.60929520  .00000113  00000-0  72942-4 0  9999
2 59481  98.7185  15.7467 0005771  75.3069 284.8747 14.20701460 90012
1 47228U 20091B   26005.61672427  .00000018  00000-0  59680-4 0  9994
2 47228  82.4954  42.2981 0014680 184.7234 175.3709 12.42879114230872
1 53564U 22101AP  26005.62518626  .00000363  00000-0  40941-4 0  9992
2 53564  53.2205 337.2966 0001692  90.0483 270.0703 15.08829681186923
1 52341U 22045L   26005.63113273  .00000606  00000-0  56171-4 0  9993
2 52341  53.2180 132.1511 0001205  89.4547 270.6584 15.08838311206126
1 55294U 23010AB  26005.63331144 -.00000147  00000-0 -45152-5 0  9995
2 55294  69.9999 203.3167 0002722 271.5994  88.4854 14.98335548163333
1 57311U 23096X   26005.66668981  .00588305  00000-0  58916-2 0  9990
2 57311  42.9765 159.7599 0033841 313.1603  14.1794 15.62267675  5911
1 56631U 22151AFF 26005.71369944  .00081818  00000-0  66799-2 0  9993
2 56631  98.6308  78.3251 0043191  12.6106 347.6184 14.98294158144033
1 58355U 23177E   26005.95307042  .00004320  00000-0  33444-3 0  9999
2 58355  43.0019 332.9088 0000704 317.8178  42.2610 15.02560994118774
1 48691U 21044BF  26005.97302979  .00000665  00000-0  63564-4 0  9993
2 48691  53.0586 358.1611 0002412 124.5151 235.6066 15.06395060254880
1 55916U 23037C   26005.99934707 -.00000608  00000-0 -43191-4 0  9990
2 55916  70.0000 102.6481 0003008 268.0255  92.0560 14.98340351154095
1 57508U 23113P   26006.00896715 -.00000102  00000-0  74918-5 0  9993
2 57508  43.0038 357.7257 0001020 269.6786  90.3940 15.02523045134020
1 56709U 23067X   26006.01451075  .00001184  00000-0  10270-3 0  9999
2 56709  43.0023 254.8838 0001393 250.5625 109.5067 15.02540860145975
1 47384U 21005AM  26006.01590405  .00003562  00000-0  25783-3 0  9996
2 47384  53.0551 313.2134 0001576 110.5429 249.5729 15.06406393274014
1 57125U 23090AA  26006.02926419  .00000299  00000-0  37185-4 0  9999
2 57125  43.0021 242.4499 0000997 270.7012  89.3716 15.02535452140944
1 57928U 23147R   26006.03004911  .00000512  00000-0  52946-4 0  9998
2 57928  43.0031 306.4177 0000729 234.4392 125.6383 15.02536382127167
1 58251U 23171X   26006.08933538  .00000623  00000-0  61176-4 0  9994
2 58251  43.0011 266.5006 0000910 266.9193  93.1545 15.02540853120309
1 55156U 23004S   26006.10083542  .00000335  00000-0  90978-3 0  9995
2 55156  87.8828  53.3546 0002017 105.5361 254.5990 13.11418918144596
1 48688U 21044BC  26006.12139015  .00000691  00000-0  65286-4 0  9998
2 48688  53.0555 347.4976 0001473  91.4273 268.6885 15.06392759255046
1 47837U 21018BC  26006.12646067  .00004950  00000-0  35091-3 0  9996
2 47837  53.0555 152.4759 0001267  93.6153 266.4981 15.06404946267459
1 46043U 20055S   26006.12691773  .00009980  00000-0  68812-3 0  9993
2 46043  53.0549  47.4720 0001263  78.6354 281.4776 15.06389803299451
1 54578U 22151ME  26006.13401833  .00085554  00000-0  60974-2 0  9992
2 54578  98.6355  78.7035 0037207  13.1810 347.0376 15.03624411 95731
1 54311U 22151BE  26006.15030958  .00019777  00000-0  27861-2 0  9997
2 54311  98.6285  69.9595 0066374  42.4461 318.1852 14.75787273166534
1 55433U 23014AU  26006.15139598  .00000678  00000-0  64579-4 0  9991
2 55433  69.9991 262.0308 0002823 269.0356  91.0480 14.98335329161706
1 58647U 23205C   26006.15601735  .00007726  00000-0  31308-3 0  9994
2 58647  97.3600  30.3611 0007935 168.3709 191.7713 15.24899302112791
1 57289U 23095B   26006.15946194  .00000078  00000-0  11660-3 0  9995
2 57289  86.4992  60.8763 0014447 280.0952  79.8560 13.39542919122069
1 55933U 23037V   26006.17436141 -.00000580  00000-0 -40851-4 0  9998
2 55933  70.0004  82.1791 0002700 272.7088  87.3762 14.98338301154619
1 59930U 24106J   26006.18303433  .00003465  00000-0  13526-3 0  9996
2 59930  43.0019 325.4929 0001133 267.6815  92.3907 15.27605806 90966
1 59502U 24071U   26006.19372635 -.00004137  00000-0 -14073-3 0  9990
2 59502  43.0011 333.0331 0001695 276.1600  83.9059 15.27616014 98645
1 55519U 22151XR  26006.19660126  .00031934  00000-0  40686-2 0  9997
2 55519  98.7721  86.6292 0028774  18.7875 341.4390 14.81151466161681
1 56729U 23068V   26006.20305175  .00001830  00000-0  23750-3 0  9997
2 56729  86.6534  93.0793 0002536  85.6543 274.4968 14.80214117142401
1 55976U 23039D   26006.20749909  .00019132  00000-0  44725-3 0  9994
2 55976  97.5104 174.7176 0003560 358.9599   1.1640 15.42205052155835
1 53784U 22111M   26006.21211850 -.00001795  00000-0 -94707-4 0  9993
2 53784  53.2159 194.6298 0001290  89.1151 270.9989 15.08847257184262
1 47202U 20089A   26006.21711462 -.00000236  00000-0  00000-0 0  9994
2 47202   0.0519 257.4580 0003083  23.9346 353.3129  1.00273966 18799
1 55580U 23020M   26006.21808912  .00000688  00000-0  66012-4 0  9996
2 55580  43.0052 317.9614 0001333 275.8545  84.2146 15.02533516159827
1 56179U 23054B   26006.22003542  .00887733  46199-3  89673-3 0  9998
2 56179  97.2962 284.6113 0004685 120.3059 239.8689 16.11087063154135
1 59964U 24107V   26006.23612882  .00006496  00000-0  23098-3 0  9993
2 59964  53.1622 355.6830 0000901  78.8024 281.3078 15.30236339 90185
1 57174U 23091J   26006.25532086  .00004297  00000-0  24966-3 0  9996
2 57174  97.5307  61.5907 0013382 353.5292   6.5764 15.12563511139147
1 54250U 22154B   26006.26042867 -.00000045  00000-0  50015-4 0  9994
2 54250  63.4048 194.9258 0215794  25.6716 335.4847 13.68990342157187
1 58264U 23174J   26006.26504003  .00006243  00000-0  24959-3 0  9993
2 58264  97.4076  84.6968 0012179  63.6399 296.6088 15.25397517120059
1 55758U 23028T   26006.27402422 -.00002689  00000-0 -21761-3 0  9999
2 55758  70.0001  41.7173 0002980 260.2319  99.8504 14.98331353156697
1 45693U 20035AN  26006.27711081  .00032108  00000-0  20094-2 0  9999
2 45693  53.0553 336.3731 0006111  59.0134 301.1456 15.09132038309461
1 53019U 22076AK  26006.27743678  .00000572  00000-0  54050-4 0  9995
2 53019  53.2181   4.3014 0001429  93.6450 266.4706 15.08841028193567
1 51986U 22025AG  26006.28707531  .00001630  00000-0  12044-3 0  9991
2 51986  53.2183 319.1036 0001281  92.2430 267.8709 15.08844450211640
1 48300U 21036AA  26006.29786345  .00006175  00000-0  43305-3 0  9992
2 48300  53.0546  11.7076 0001486  83.4700 276.6458 15.06404234258779
1 55820U 23029AA  26006.30024841  .00000062  00000-0  13395-3 0  9994
2 55820  87.9019 321.9504 0001845  70.4712 289.6617 13.14502040138134
1 54771U 22175P   26006.30180119 -.00002057  00000-0 -11123-3 0  9995
2 54771  53.2185 318.9918 0001255  85.9141 274.1995 15.08827019170578
1 57700U 23129C   26006.30589302 -.00000284  00000-0 -59524-5 0  9996
2 57700  43.0092  98.9846 0002177 278.1701  81.8895 15.02550449131139
1 53845U 22114AD  26006.30596785 -.00001028  00000-0 -46509-4 0  9993
2 53845  53.2160 214.2031 0001391  88.5635 271.5516 15.08838036183557
1 48794U 21045AD  26006.31633133  .00000196  00000-0  48547-3 0  9998
2 48794  87.9010 291.5378 0000709  66.9807 293.1398 13.15549865222992
1 57670U 23124H   26006.32771622  .00001201  00000-0  52694-4 0  9995
2 57670  53.1593 136.7337 0001144 107.8694 252.2432 15.30190043134013
1 48143U 21027BD  26006.32782037  .00005222  00000-0  36927-3 0  9999
2 48143  53.0550  26.6661 0001744  74.7905 285.3276 15.06393275263921
1 57739U 23131H   26006.35975153 -.00001702  00000-0 -11101-3 0  9992
2 57739  43.0002 125.1074 0001436 270.9347  89.1331 15.02517229130843
1 51116U 22005N   26006.36073339  .00000235  00000-0  32869-4 0  9993
2 51116  53.2158 208.9005 0001529  88.3317 271.7850 15.08839111219460
1 51812U 22017AW  26006.37082048  .00000519  00000-0  50682-4 0  9995
2 51812  53.2166 248.8796 0001557  75.2823 284.8342 15.08837363214676
1 55266U 23008D   26006.41106245  .00000005  00000-0  00000-0 0  9999
2 55266   2.7427  80.0797 0009245  79.2012 280.6098  1.02406497  6372
1 52116U 22029AE  26006.41222121  .00001029  00000-0  82742-4 0  9998
2 52116  53.2189 358.6947 0001398  98.2263 261.8888 15.08840049211383
1 56879U 23083D   26006.44754495 -.00000329  00000-0 -92987-5 0  9993
2 56879  43.0041  60.3251 0001128 266.8448  93.2266 15.02525978142308
1 54624U 22151PA  26006.46564757  .00000041  00000-0  58335-4 0  9993
2 54624  98.9205 346.4935 0124565 172.6689 187.6331 13.94752913159190
1 56323U 23058G   26006.48115245  .00000758  00000-0  63552-4 0  9996
2 56323  97.6054   9.2541 0002125  84.6015 275.5451 15.01263762148439
1 52161U 22033E   26006.48854783  .00013616  00000-0  25274-3 0  9996
2 52161  97.2811  96.9005 0006503  68.2201 291.9741 15.49037493210637
1 55871U 22151ZT  26006.48921886  .00003405  00000-0  15600-2 0  9993
2 55871  98.8033  21.5996 0024109  30.3159 329.9408 14.21863615150916
1 55292U 23010Z   26006.49262039  .00000257  00000-0  29298-4 0  9996
2 55292  70.0000 181.2331 0003039 270.0959  89.9852 14.98329716163953
1 52084U 22027A   26006.51577493 -.00000026  00000-0  10744-3 0  9995
2 52084  63.3970 256.4433 0037581 350.2807   9.7488 13.45425918187166
1 58097U 23161A   26006.52026383 -.00000801  00000-0 -14924-4 0  9990
2 58097  53.1601  94.2759 0000925  85.3023 274.8083 15.30177879124906
1 59374U 24062A   26006.52486875  .00000769  00000-0  38107-4 0  9996
2 59374  53.1601 187.2621 0001641  81.8627 278.2560 15.30191158100103
1 59435U 24065Q   26006.52749064 -.00000379  00000-0 -67487-6 0  9993
2 59435  53.1575 210.3033 0001250  89.9211 270.1933 15.30189436 99412
1 57710U 23129N   26006.53863347 -.00000718  00000-0 -38088-4 0  9999
2 57710  43.0041  98.1460 0001596 281.2407  78.8256 15.02535779131305
1 48604U 21041BD  26006.54021443  .00005060  00000-0  35828-3 0  9997
2 48604  53.0541  60.6168 0001406  96.6898 263.4251 15.06403405256965
1 54104U 22136BF  26006.57224776  .00000079  00000-0  23033-4 0  9993
2 54104  53.2165 217.5357 0001351  89.2281 270.8866 15.08837406178104
1 46120U 20057D   26006.58336806  .00233312  00000-0  20863-2 0  9995
2 46120  53.0480 209.1578 0013614 134.3000 339.6487 15.67019410  5934
1 47816U 21018AF  26006.62589052  .00000806  00000-0  72990-4 0  9994
2 47816  53.0570 170.2372 0001294  95.2423 264.8714 15.06401862267236
1 45146U 20008R   26006.63640761 -.00000006  00000-0 -54702-4 0  9997
2 45146  87.8788  68.4666 0002279  95.0494 265.0894 13.10370396287009
1 47802U 21018R   26006.66781850  .00000895  00000-0  78984-4 0  9990
2 47802  53.0561 175.0466 0001362  87.8417 272.2728 15.06404588267184
1 56768U 23078B   26006.71306100  .00000459  00000-0  46225-4 0  9995
2 56768  70.0002 120.5849 0003074 270.1073  89.9734 14.98329550143897
1 48554U 21041B   26006.81391779  .00004163  00000-0  29804-3 0  9993
2 48554  53.0537  49.6975 0001642  77.1652 282.9520 15.06419590255877
1 59136U 24043AQ  26006.82006978  .00006458  00000-0  23045-3 0  9991
2 59136  97.5375 142.2288 0011609  86.4939 273.7628 15.29168911102411
1 58625U 23203H   26006.84565593  .00005836  00000-0  22142-3 0  9991
2 58625  43.0017  56.3108 0001170 281.1989  78.8731 15.27584083114107
1 54474U 22151HA  26006.85207079  .00000206  00000-0  18386-3 0  9994
2 54474  98.9063 336.2479 0138202 181.5332 178.5422 13.90732001159699
1 57647U 23122R   26006.86157056  .00001091  00000-0  95856-4 0  9999
2 57647  43.0044  70.3890 0000726 275.9213  84.1546 15.02533226132886
1 55957U 23037AV  26006.88345238  .00001434  00000-0  12797-3 0  9992
2 55957  70.0014  60.3558 0003267 269.6668  90.4117 14.98316856155210
1 54393U 22151DR  26006.90642288  .00000519  00000-0  55229-3 0  9999
2 54393  98.5258 243.0361 0314985 329.9087  28.4280 13.58514451156092
1 45340U 91056CE  26006.93551483  .00006061  00000-0  10023-1 0  9999
2 45340  82.5285 229.1255 0130090 303.8571  55.0241 13.43443853282922
1 58373U 23177Y   26006.94027691 -.00000784  00000-0 -42961-4 0  9995
2 58373  43.0030 327.3799 0000995 279.4585  80.6145 15.02523284118928
1 55640U 23021N   26006.94510676  .00001556  00000-0  13815-3 0  9998
2 55640  70.0007 340.0950 0003295 267.6696  92.4085 14.98326140159548
1 45726U 20037D   26006.96077873  .00003191  00000-0  23180-3 0  9998
2 45726  97.7835 198.5056 0009392   3.4760 356.6529 15.04579454301411
1 55399U 23014J   26006.97710555  .00000746  00000-0  70327-4 0  9994
2 55399  69.9993 219.9651 0002394 272.9404  87.1481 14.98323406162814
1 54918U 22151RF  26006.97954988  .00002689  00000-0  12663-2 0  9996
2 54918  98.8215  22.8548 0029970  46.5239 313.8422 14.20522312159423
1 46335U 20062L   26006.98175859  .00118744  00000-0  20261-2 0  9995
2 46335  53.0503 276.5695 0016666  96.1316 264.1591 15.50322576295257
1 55976U 23039D   26006.98610368  .00016855  00000-0  39401-3 0  9999
2 55976  97.5106 175.5195 0003512 355.9157   4.2060 15.42232817155953
1 51859U 22022H   26006.98633850  .00003476  00000-0  23632-3 0  9991
2 51859  53.2184 286.1301 0001331 107.4758 252.6380 15.08846665213847
1 56328U 23058M   26006.99887581 -.00000354  00000-0 -20336-4 0  9993
2 56328  97.6050  10.3985 0002040  89.8767 270.2694 15.05645536148913
1 44549U 19063C   26006.99945128  .00000708  00000-0  23822-3 0  9991
2 44549  98.3569  26.3836 0039103 252.6534 107.0375 14.39608391329516
1 46329U 20062E   26007.00003472  .01636064  00000-0  36653-1 0  9995
2 46329  53.0540 271.5638 0001509  96.5420 298.8293 15.40039522  5744
1 57264U 23094AY  26007.00391183  .00000291  00000-0  36594-4 0  9995
2 57264  43.0047 352.2609 0000914 261.1558  98.9181 15.02537835137997
1 54332U 22151CB  26007.00667744  .00001887  00000-0  82901-3 0  9994
2 54332  98.7763  26.2060 0039070  81.6967 278.8639 14.24342314162966
1 44310U 19032A   26007.01802701  .00011709  00000-0  48408-3 0  9996
2 44310  44.9696 215.4441 0006386  78.7873 281.3725 15.24083991362568
1 56260U 22151ACC 26007.03008450  .00000944  00000-0  42001-3 0  9992
2 56260  98.7572  30.0924 0044619  93.8927 266.7354 14.24734448145621
1 56116U 23046Z   26007.05074320 -.00000123  00000-0  59346-5 0  9999
2 56116  43.0029 133.5550 0001150 263.4682  96.6029 15.02531798152796
1 51650U 22012AE  26007.07398286  .00000121  00000-0  27953-3 0  9995
2 51650  87.9082  37.9124 0001697  97.0819 263.0506 13.17649461192451
1 51717U 22016D   26007.07835431 -.00000645  00000-0 -22424-4 0  9993
2 51717  53.2168 245.7919 0001372  84.9690 275.1459 15.08829072214129
1 45248U 20013D   26007.08389214  .00005373  00000-0  17013-2 0  9991
2 45248   5.6011 101.2329 7159529 212.9091  68.8766  2.43051953 50589
1 59670U 24084S   26007.09806927 -.00000452  00000-0 -68794-5 0  9993
2 59670  43.0047  26.1612 0001496 280.5964  79.4719 15.27583021 94979
1 54055U 22136E   26007.09994860  .00000312  00000-0  37699-4 0  9997
2 54055  53.2180 260.7758 0001654  85.5804 274.5377 15.08832071177545
1 53622U 22104AL  26007.10631417  .00000093  00000-0  23918-4 0  9994
2 53622  53.2169 150.1851 0001193  88.4997 271.6132 15.08839368186453
1 54610U 22151NL  26007.10680904  .00009189  00000-0  18952-2 0  9994
2 54610  98.6453  55.0295 0073335 104.7990 256.1347 14.58977077 93623
1 55155U 23004R   26007.11617386  .00000030  00000-0  44113-4 0  9998
2 55155  87.9085  37.8874 0001613  90.3210 269.8106 13.17650510146274
1 56171U 23050K   26007.11631293  .00000182  00000-0  15785-3 0  9991
2 56171  81.0010 234.4639 0016308  15.4203 344.7445 13.82383390139280
1 54996U 22151UM  26007.11670547  .00014599  00000-0  23257-2 0  9999
2 54996  98.6210  64.4451 0070691  56.7205 304.0745 14.70405018165693
1 57914U 23147B   26007.12518271 -.00001046  00000-0 -28520-4 0  9999
2 57914  42.9994 167.3104 0000974 278.5083  81.5658 15.27574708128897
1 57885U 23144X   26007.13108009 -.00001572  00000-0 -10137-3 0  9996
2 57885  43.0021 261.7111 0000912 280.8976  79.1764 15.02525246128294
1 53194U 22084F   26007.14426232 -.00000075  00000-0 -96173-6 0  9993
2 53194  97.6036  70.5083 0000871  95.6082 264.5245 15.05641067190119
1 48374U 21038X   26007.14750064  .00004435  00000-0  31633-3 0  9997
2 48374  53.0534 268.2401 0001527  94.6168 265.4995 15.06412917257886
1 49199U 21083P   26007.17691648  .00000276  00000-0  72156-3 0  9992
2 49199  87.8978 352.2481 0001778  84.0630 276.0702 13.13469257209770
1 58206U 23170A   26007.17816990  .00000178  00000-0  28249-4 0  9995
2 58206  43.0025 170.4049 0001390 252.2067 107.8624 15.02535874121023
1 59724U 24088S   26007.18389416  .00000276  00000-0  21425-4 0  9997
2 59724  53.1603  65.7195 0000977  96.3654 263.7458 15.30198780 94264
1 48058U 21025S   26007.19553187 -.00000187  00000-0 -54631-3 0  9999
2 48058  87.8995 352.2101 0001888  90.6322 269.5024 13.13468800232351
1 57246U 23094AE  26007.22443578  .00000423  00000-0  46355-4 0  9998
2 57246  43.0047 351.3356 0001057 265.6217  94.4504 15.02531726138024
1 53061U 22077U   26007.22636042 -.00000220  00000-0 -12566-4 0  9993
2 53061  97.6008 190.0432 0001891  62.0343 298.1072 15.01260252191692
1 59200U 24045Y   26007.23353015 -.00002486  00000-0 -80899-4 0  9998
2 59200  42.9985  79.5124 0000831 250.5778 109.4984 15.27555861103766
1 57923U 23147L   26007.23998006 -.00001246  00000-0 -77230-4 0  9993
2 57923  43.0040 300.0159 0000912 267.9329  92.1409 15.02532805127373
1 45361U 20019B   26007.24558413  .00097387  00000-0  17133-2 0  9999
2 45361  53.0470  42.2201 0006171 334.4367  25.6335 15.49685628321033
1 54263U 22151E   26007.24968482  .00000433  00000-0  50047-3 0  9998
2 54263  99.1371 304.2347 0302978 350.9160   8.6572 13.56447111156102
1 44882U 19093D   26007.25595914  .00008350  00000-0  62880-3 0  9996
2 44882  97.7996 100.8053 0014353 203.4864 156.5706 15.02680668328426
1 49296U 21090T   26007.26510464  .00000076  00000-0  15542-3 0  9998
2 49296  87.9225 306.5397 0001470  83.6385 276.4916 13.20770957208627
1 58921U 24024E   26007.27443468  .00007460  00000-0  25119-3 0  9998
2 58921  97.3242  83.2840 0008020 340.4210  19.6722 15.31026730107253
1 47171U 20088BB  26007.28199464 -.00000241  00000-0  27160-5 0  9995
2 47171  53.0541 207.2920 0001394  89.0288 271.0860 15.06395327282720
1 53932U 22119AY  26007.28255824  .00000545  00000-0  52337-4 0  9996
2 53932  53.2175 214.8802 0001477  87.2116 272.9045 15.08835368182777
1 59203U 24046C   26007.33335648 -.00009225  00000-0 -29968-3 0  9992
2 59203  53.1568  79.9637 0001335  85.5681 174.9223 15.30203894  5878
1 55763U 23028Y   26007.33383792  .00000947  00000-0  87139-4 0  9996
2 55763  69.9997  38.9945 0003097 271.6196  88.4609 14.98334108156857
1 49105U 21075AG  26007.34058660 -.00000007  00000-0 -50737-4 0  9996
2 49105  87.9088  37.8459 0002343  97.9155 262.2242 13.17647240212421
1 59252U 24049X   26007.35337051 -.00000465  00000-0 -73823-5 0  9999
2 59252  43.0013 115.3634 0001058 251.2212 108.8525 15.27577077103199
1 58611U 23200Y   26007.36812818  .00000078  00000-0  20882-4 0  9999
2 58611  43.0038 143.1385 0001456 270.0501  90.0174 15.02520689114372
1 44893U 14055CJ  26007.37934148 -.00000071  00000-0  00000+0 0  9995
2 44893  20.2231 145.1701 4875068 163.0359 221.8723  1.88260336 42226
1 49294U 21090R   26007.38032480  .00000072  00000-0  14418-3 0  9993
2 49294  87.9225 306.5407 0002419  64.1605 295.9778 13.20771885209758
1 52760U 22057AE  26007.39786931  .00005637  00000-0  22796-3 0  9997
2 52760  97.6357 143.6172 0008332 336.6929  23.3929 15.25115965200636
1 55347U 23013S   26007.41667049 -.00000815  00000-0 -45249-4 0  9999
2 55347  43.0045 273.1623 0001306 270.4221  89.6471 15.02535373162495
1 57993U 23153C   26007.46711179 -.00000217  00000-0 -95408-6 0  9992
2 57993  43.0038  41.6979 0001580 269.9539  90.1122 15.02539847125665
1 53398U 22097L   26007.47344457 -.00000164  00000-0  77775-5 0  9991
2 53398  53.2180  38.9317 0001368  89.1060 271.0089 15.08837862189274
1 59664U 24084L   26007.47449750 -.00002297  00000-0 -74009-4 0  9999
2 59664  43.0001  27.2846 0001036 277.6291  82.4443 15.27570295 95016
1 55864U 22151ZL  26007.48701095  .00001395  00000-0  70917-3 0  9993
2 55864  98.8315  23.2735 0027153  57.2350 303.1435 14.17343638148457
1 57502U 23113H   26007.48835648  .00261712  31788-4  10164-2 0  9994
2 57502  42.9743 273.4801 0028823 214.2659 141.2655 15.85727068135223
1 58213U 23170H   26007.49058149  .00004740  00000-0  36566-3 0  9991
2 58213  43.0023 168.4521 0000776 290.8506  69.2253 15.02544636121074
1 51966U 22025L   26007.52976200 -.00000563  00000-0 -18885-4 0  9994
2 51966  53.0562 305.3844 0001393  85.2670 274.8478 15.06392208211708
1 58901U 24022C   26007.53492300  .00028742  00000-0  62471-3 0  9990
2 58901  97.4221 220.0164 0007440 327.3001  32.7786 15.44273458107864
1 54092U 22136AT  26007.55089111  .00042617  00000-0  51521-3 0  9996
2 54092  53.1819 112.7609 0001758  71.0407 289.0797 15.60306390179669
1 52834U 22062E   26007.55532819  .00000554  00000-0  52874-4 0  9991
2 52834  53.2190 308.5659 0001402  85.3004 274.8148 15.08838281196551
1 45397U 20019AP  26007.58336806  .00125819  00000-0  66611-2 0  9992
2 45397  53.0536  60.8367 0001167 128.2193 137.4504 15.14456235  5839
1 48066U 21025AA  26007.64244978  .00000258  00000-0  67064-3 0  9994
2 48066  87.8998 352.1260 0001616  82.2824 277.8489 13.13468853232514
1 53541U 22101Q   26007.64364907  .00000686  00000-0  61193-4 0  9992
2 53541  53.2204 348.1699 0001389  98.7692 261.3458 15.08831085187642
1 45578U 20025AZ  26007.67962822 -.00000485  00000-0 -13658-4 0  9991
2 45578  53.0564 350.5053 0001456  79.0591 281.0562 15.06400395316324
1 56297U 23056M   26007.73773068 -.00000769  00000-0 -41857-4 0  9994
2 56297  43.0021 181.5280 0001138 261.5544  98.5169 15.02525945150851
1 53214U 22084AB  26007.76266222  .00000360  00000-0  32558-4 0  9995
2 53214  97.6034  70.5519 0002527  55.1891 304.9571 15.01262795190173
1 58004U 23153P   26007.76953429 -.00000426  00000-0 -16451-4 0  9996
2 58004  43.0050  39.6685 0001277 274.7432  85.3265 15.02536272125712
1 59175U 23174DK  26007.77368447  .00008763  00000-0  29139-3 0  9996
2 59175  97.3976  88.0749 0010152  29.2438 330.9369 15.31361261120468
1 54151U 22139B   26007.80466222  .00000031  00000-0  15465-3 0  9996
2 54151  82.4973  87.1401 0016238 217.6997 142.2946 12.42861327145726
1 58985U 24031W   26007.82067462  .00000098  00000-0  15434-4 0  9993
2 58985  53.1594 217.2674 0001464  92.8432 267.2737 15.30195641107227
1 51814U 22017AY  26007.82075309 -.00000589  00000-0 -18913-4 0  9990
2 51814  53.2179 242.3738 0001483  86.6398 273.4764 15.08831385214892
1 58902U 24022D   26007.84865491  .00054001  00000-0  80222-3 0  9991
2 58902  97.4135 223.2737 0004754 314.0267  46.0595 15.55009037108119
1 53466U 22099B   26007.87429584  .00002522  00000-0  20069-3 0  9999
2 53466  97.5999 130.6759 0003103  84.6604 275.4974 15.01276680186852
1 53766U 22110B   26007.92127903  .00003049  00000-0  10234-2 0  9999
2 53766   5.0487 249.7137 7914341 347.4980   1.1379  1.54159332  9159
1 55653U 23021AB  26007.92563540  .00000395  00000-0  40859-4 0  9998
2 55653  70.0000 337.4950 0003081 269.9502  90.1304 14.98332903159698
1 53135U 22083D   26007.93987964 -.00001236  00000-0 -59590-4 0  9998
2 53135  53.2181  86.8350 0001197  97.0243 263.0885 15.08845510193037
1 50502U 21132AK  26007.95628821  .00000001  00000-0 -30653-4 0  9990
2 50502  87.9174   7.2441 0001936 116.7856 243.3474 13.18678736200460
1 53820U 22114C   26007.98314876  .00002498  00000-0  17505-3 0  9993
2 53820  53.2149 216.8645 0001639  93.6902 266.4277 15.08826279183660
1 53452U 22098J   26007.99110977  .00043769  00000-0  72770-3 0  9993
2 53452  97.5390 128.6274 0003218 197.2306 162.8837 15.51940866189789
1 58449U 23183N   26008.01999288 -.00001139  00000-0 -69246-4 0  9996
2 58449  43.0055 347.3129 0001166 262.8579  97.2130 15.02537965117881
1 45920U 20048A   26008.04902207 -.00000358  00000-0  00000+0 0  9990
2 45920   0.0155  19.2584 0001210 254.2438 327.9504  1.00271871 20036
1 48787U 21045W   26008.05139432 -.00000125  00000-0 -36566-3 0  9998
2 48787  87.9015 291.1356 0001938  55.2439 304.8874 13.15547579223268
1 48388U 21038AM  26008.08599413 -.00001019  00000-0 -49529-4 0  9996
2 48388  53.0536 258.6792 0001467  89.5210 270.5948 15.06395548258104
1 56906U 23083AG  26008.11307461  .00001157  00000-0  10069-3 0  9994
2 56906  43.0048  38.3191 0001353 267.3869  92.6818 15.02531178142706
1 57999U 23153J   26008.11524418 -.00000609  00000-0 -30000-4 0  9999
2 57999  43.0046  37.9613 0001121 274.7870  85.2845 15.02536596125762
1 59742U 24090N   26008.12998097 -.00000391  00000-0 -46847-5 0  9992
2 59742  42.9986 165.8824 0001224 272.0589  88.0122 15.27579259 94155
1 48359U 21038G   26008.13807286  .00000934  00000-0  81626-4 0  9997
2 48359  53.0540 273.4439 0001639 103.5755 256.5416 15.06396916257891
1 58094U 23160V   26008.14008430 -.00000514  00000-0 -22948-4 0  9995
2 58094  43.0043  48.9233 0001007 267.0366  93.0362 15.02536553123812
1 55452U 23015D   26008.15185826 -.00000762  00000-0 -41339-4 0  9995
2 55452  43.0031 295.2722 0001024 256.1910 103.8818 15.02537996161648
1 55746U 23028F   26008.15582490  .00000484  00000-0  48347-4 0  9998
2 55746  69.9999  37.0484 0003121 270.3451  89.7350 14.98330735156978
1 57927U 23147Q   26008.16668980  .00599316  16268-3  11873-2 0  9998
2 57927  42.9792 114.9502 0022898   8.1119  37.7614 15.98606613  5992
1 55597U 23020AE  26008.18453943  .00000471  00000-0  49956-4 0  9990
2 55597  43.0042 320.8008 0001160 271.2229  88.8481 15.02534705159969
1 56899U 23083Z   26008.18916835 -.00000365  00000-0 -11962-4 0  9999
2 56899  43.0041  50.1633 0001088 261.3292  98.7428 15.02530460142686
1 51992U 22025AN  26008.19149757  .00000506  00000-0  49847-4 0  9993
2 51992  53.2182 290.7099 0001207  90.9388 269.1743 15.08848837211774
1 48686U 21044BA  26008.19937277 -.00000130  00000-0  10159-4 0  9999
2 48686  53.0564 348.4485 0001388  86.2403 273.8745 15.06393168255219
1 57037U 23085AK  26008.20080036  .00008257  00000-0  37354-3 0  9992
2 57037  97.4814 114.5218 0007456 303.3321  56.7200 15.21144922141980
1 52858U 22062AE  26008.21496227 -.00001231  00000-0 -59258-4 0  9991
2 52858  53.2182 295.6316 0001464 110.8399 249.2750 15.08849604196795
1 48995U 21060AE  26008.22573924  .00000127  00000-0  29928-3 0  9997
2 48995  87.9028 260.6470 0001523  74.2896 285.8403 13.16595466218516
1 57936U 23148B   26008.23756007  .00003296  00000-0  12338-3 0  9994
2 57936  53.1614 305.2275 0001066  65.7650 294.3462 15.30191785129167
1 45738U 20038J   26008.25003471  .00146166  00000-0  64723-3 0  9997
2 45738  53.0308  11.9804 0005382  77.1951 114.5080 15.83483649  6049
1 56825U 23079C   26008.26067140 -.00000468  00000-0 -19588-4 0  9994
2 56825  43.0018  75.7838 0000879 244.2310 115.8442 15.02531610143795
1 52093U 22029F   26008.26329772  .00002384  00000-0  16782-3 0  9992
2 52093  53.2195   0.3971 0001342  96.3995 263.7150 15.08834866211532
1 58558U 23194B   26008.26996845  .00008282  00000-0  40333-3 0  9991
2 58558  34.9941 357.9585 0005421 278.0077  82.0021 15.17634072115790
1 54666U 22166AA  26008.27935434 -.00000001  00000-0 -34181-4 0  9991
2 54666  87.9226 275.9029 0001795  66.3508 293.7814 13.21825849150426
1 53161U 22083AF  26008.28672314 -.00005541  00000-0 -33016-3 0  9993
2 53161  53.2181  75.2810 0001336  91.6350 268.4795 15.08854226192248
1 58073U 23159A   26008.28902815  .00000296  00000-0  12501-3 0  9993
2 58073  98.5148  36.9700 0000677  23.7798 336.3417 14.32610191116903
1 53395U 22097H   26008.29135926  .00000137  00000-0  26695-4 0  9991
2 53395  53.2184  35.2691 0001448  83.4081 276.7076 15.08840670189391
1 57176U 23091L   26008.29353995  .00011108  00000-0  44376-3 0  9990
2 57176  97.5300  70.9574 0011354 311.0878  48.9378 15.25248742139930
1 57026U 23085Y   26008.30023183  .00018610  00000-0  64187-3 0  9999
2 57026  97.4861 119.6491 0004944 273.6749  86.3926 15.30026639142328
1 52333U 22045C   26008.31018588 -.00004491  00000-0 -26406-3 0  9990
2 52333  53.2177 120.1783 0001328  80.0996 280.0146 15.08862645206511
1 48572U 21041V   26008.31314063  .00000465  00000-0  50119-4 0  9996
2 48572  53.0543  52.6578 0001477  82.1093 278.0063 15.06403876255966
1 58194U 23167V   26008.31522087 -.00000839  00000-0 -47079-4 0  9993
2 58194  43.0045 113.9475 0001425 268.2764  91.7915 15.02532787121873
1 58193U 23167U   26008.31966403 -.00000274  00000-0 -52391-5 0  9993
2 58193  43.0031 113.9981 0001194 274.9381  85.1325 15.02532594121879
1 55408U 23014T   26008.33334491  .00057102  00000-0  34321-2 0  9998
2 55408  70.0009 216.5731 0002279 291.2101 162.6811 15.10559879  5720
1 53015U 22076AF  26008.34192162  .00001373  00000-0  10436-3 0  9996
2 53015  53.2199 355.0327 0001479  88.3917 271.7245 15.08844556193879
1 54085U 22136AL  26008.34564401  .00001053  00000-0  84208-4 0  9994
2 54085  53.2169 245.0530 0001279  89.7711 270.3428 15.08843624177878
1 57105U 23090E   26008.35240145  .00000425  00000-0  46540-4 0  9996
2 57105  43.0029 242.8075 0001186 269.4846  90.5861 15.02536856141333
1 59838U 24097D   26008.36213016  .00037347  00000-0  13590-2 0  9997
2 59838  42.9967 254.7757 0001065 299.7682  60.3064 15.27598961 92692
1 59661U 24084H   26008.39551006  .00000503  00000-0  27798-4 0  9995
2 59661  43.0032  18.7022 0001402 287.1254  72.9444 15.27597268 95193
1 55380U 23013BB  26008.40521427 -.00000159  00000-0  32645-5 0  9992
2 55380  43.0021 254.6715 0001053 268.1867  91.8855 15.02534501162797
1 56413U 23061AR  26008.44733540  .00000330  00000-0  39530-4 0  9997
2 56413  43.0027 151.7191 0001347 266.9746  93.0943 15.02534661147842
1 50831U 22001AE  26008.45003344  .00000670  00000-0  60198-4 0  9992
2 50831  53.2177  79.6132 0001191  93.1279 266.9849 15.08838569221311
1 44560U 10041AF  26008.45326990  .00001357  00000-0  50810-2 0  9991
2 44560  65.2818  93.0491 5461943 276.0488  27.3725  4.57361558103378
1 48069U 21025AD  26008.46516196  .00000286  00000-0  74805-3 0  9994
2 48069  87.9000 351.9606 0001358  91.5074 268.6211 13.13469816232832
1 58663U 23208D   26008.46551348  .00010297  00000-0  37761-3 0  9991
2 58663  97.4377 124.5061 0003933 169.1455 190.9870 15.28162678112919
1 53136U 22083E   26008.46611699  .00000792  00000-0  67857-4 0  9996
2 53136  53.2179  84.4741 0001371  84.3968 275.7180 15.08844538193116
1 59209U 24046J   26008.46810582  .00005090  00000-0  18382-3 0  9990
2 59209  53.1572  74.7573 0001181  95.2944 264.8192 15.30205106103837
1 54533U 22151KM  26008.46863104  .00000428  00000-0  27631-3 0  9995
2 54533  98.8516   5.1804 0068619 104.0446 256.8363 14.06901675161837
1 48124U 21027AJ  26008.47347505 -.00000930  00000-0 -43549-4 0  9995
2 48124  53.0555  71.9403 0001505  82.8962 277.2198 15.06402442263470
1 53174U 22083AU  26008.47442418  .00000322  00000-0  38339-4 0  9992
2 53174  53.2171  84.3696 0001426  89.6691 270.4464 15.08846637192129
1 52856U 22062AC  26008.48456317  .00000840  00000-0  70831-4 0  9997
2 52856  53.2176 294.4417 0001268 101.7021 258.4114 15.08846732196838
1 52612U 22052Q   26008.49512257  .00005846  00000-0  38499-3 0  9997
2 52612  53.2161 189.3453 0001172  81.8672 278.2453 15.08846561201774
1 58113U 23161S   26008.50185071  .00000167  00000-0  17757-4 0  9999
2 58113  53.1594  85.3069 0000916 101.0371 259.0733 15.30205608125206
1 52702U 22053AY  26008.50338894  .00000005  00000-0  18403-4 0  9999
2 52702  53.2202  59.3365 0001416  93.9372 266.1782 15.08835906202009
1 56288U 23056C   26008.50549387  .00001048  00000-0  92617-4 0  9994
2 56288  43.0015 177.0506 0001298 269.4548  90.6146 15.02531420150979
1 54827U 22177H   26008.51385635  .00000313  00000-0  38205-4 0  9996
2 54827  43.0033 100.2802 0001232 271.4691  88.6010 15.02538667167912
1 53071U 22077AE  26008.51496096  .00000673  00000-0  50869-4 0  9998
2 53071  97.6031 191.9844 0001378  89.6362 270.5023 15.05646998191938
1 58380U 23178G   26008.51752321  .00001269  00000-0  54981-4 0  9996
2 58380  53.1614 190.8311 0001085  94.6877 265.4248 15.30194295121907
1 47898U 21021AQ  26008.52600310 -.00000857  00000-0 -38659-4 0  9992
2 47898  53.0556 181.7086 0001514  86.3098 273.8065 15.06394350267077
1 58131U 23162P   26008.52930475  .00001352  00000-0  11518-3 0  9993
2 58131  43.0034  99.6985 0001497 272.5709  87.4962 15.02528932123259
1 56846U 23081A   26008.53155253  .00003685  00000-0  16577-3 0  9999
2 56846  97.3898  81.5621 0001978  80.8331 279.3129 15.21724749143728
1 47799U 21018N   26008.55548463  .00000991  00000-0  85399-4 0  9991
2 47799  53.0565 141.5742 0001184  82.5727 277.5397 15.06400886267802
1 57193U 23091AD  26008.55682306  .00015779  00000-0  59171-3 0  9996
2 57193  97.5294  72.2460 0010563 307.5963  52.4316 15.27276702140041
1 59492U 24071J   26008.57366492  .00000864  00000-0  40913-4 0  9990
2 59492  43.0052 326.8596 0001241 280.0449  80.0263 15.27597882 98920
1 54766U 22175J   26008.57375449 -.00000019  00000-0  16917-4 0  9994
2 54766  53.2181 313.9893 0001349  83.9449 276.1697 15.08850778170847
1 55571U 23020C   26008.58092388  .00000598  00000-0  59312-4 0  9995
2 55571  43.0033 331.5771 0000701 274.9387  85.1376 15.02537292159879
1 49411U 21104D   26008.63310580  .00001332  00000-0  10179-3 0  9999
2 49411  53.2193 128.7243 0001345  94.4944 265.6202 15.08836818229709
1 48688U 21044BC  26008.64257597  .00002412  00000-0  18076-3 0  9990
2 48688  53.0553 336.1801 0001533  85.6631 274.4533 15.06398504255427
1 53675U 22105AD  26008.65202662 -.00005579  00000-0 -38250-3 0  9990
2 53675  97.6028 252.1113 0002661  80.4499 279.7029 15.05671065184278
1 52112U 22029AA  26008.67541580  .00000426  00000-0  44852-4 0  9997
2 52112  53.2192 348.5334 0001473  92.8683 267.2478 15.08846897211721
1 54954U 22151ST  26008.70848745  .00008001  00000-0  16684-2 0  9993
2 54954  98.6308  59.8625 0094911  79.2506 281.9359 14.57394028166341
1 52990U 22076E   26008.73016411 -.00000645  00000-0 -22438-4 0  9991
2 52990  53.2198  13.2887 0001649  86.5880 273.5301 15.08845864193653
1 56814U 23078AZ  26008.74112489  .00001185  00000-0  10710-3 0  9993
2 56814  70.0003 135.4817 0003097 270.0252  90.0552 14.98339116143703
1 56884U 23083J   26008.81854310  .00000667  00000-0  64477-4 0  9994
2 56884  43.0045  47.1484 0001206 271.4086  88.6618 15.02534951142665
1 53426U 22097AQ  26008.82217875  .00000576  00000-0  54300-4 0  9990
2 53426  53.2193  13.0336 0001402 106.7445 253.3701 15.08842383189747
1 52751U 22057V   26008.90978156  .00011646  00000-0  35097-3 0  9992
2 52751  97.6383 150.8703 0005577 312.7598  47.3174 15.34475540201255
1 56970U 23084AQ  26008.92259185  .00007869  00000-0  24502-3 0  9997
2 56970  97.6056 147.7826 0010220 154.6302 205.5443 15.33522829143240
1 55272U 23010D   26008.92541954  .00000732  00000-0  69169-4 0  9999
2 55272  69.9997 195.1506 0002959 271.0893  88.9927 14.98332707163832
1 54855U 22177AM  26008.92629737 -.00003496  00000-0 -24374-3 0  9994
2 54855  43.0024  85.2047 0001198 265.0611  95.0094 15.02551355168114
1 46432U 93036BWW 26008.92891325  .00000395  00000-0  42293-3 0  9995
2 46432  73.8721  68.4504 0472939 181.5725 353.4562 13.36690611673290
1 53234U 22084AX  26008.92907939  .00000349  00000-0  31717-4 0  9996
2 53234  97.6050  71.6863 0001102 123.9377 236.1953 15.01260196191363
1 55361U 23013AG  26008.93925171 -.00002647  00000-0 -18093-3 0  9997
2 55361  43.0031 251.7999 0001175 263.0098  97.0611 15.02546222162874
1 48315U 21036AR  26008.96278483  .00002176  00000-0  16494-3 0  9999
2 48315  53.0558 359.7418 0001374  87.2961 272.8185 15.06399840259165
1 58947U 24027S   26008.96795904 -.00001103  00000-0 -25126-4 0  9990
2 58947  53.1600 227.0943 0001125  72.7424 287.3700 15.30187853108188
1 55341U 23013L   26008.97118615  .00000857  00000-0  78493-4 0  9996
2 55341  43.0033 265.0489 0001139 268.4783  91.5929 15.02536518162728
1 48360U 21038H   26008.99687346  .00000640  00000-0  61840-4 0  9996
2 48360  53.0544 269.5896 0001368  89.8985 270.2161 15.06406513258021
1 56458U 23064L   26009.00169772  .00004760  00000-0  40624-3 0  9998
2 56458  70.0010 295.0184 0002780 263.5477  96.5366 14.98352548146306
1 53564U 22101AP  26009.00341281 -.00000407  00000-0 -75080-5 0  9993
2 53564  53.2178 322.1284 0001341  89.3751 270.7395 15.08841892187437
1 54664U 22166Y   26009.00422432 -.00000054  00000-0 -16251-3 0  9995
2 54664  87.9226 275.7364 0001731  71.5338 288.5984 13.21823984150487
1 47776U 21017BG  26009.00701233  .00002264  00000-0  17083-3 0  9991
2 47776  53.0568 119.5461 0001400  95.9413 264.1735 15.06397225268759
1 46232U 20058A   26009.01915975  .00006203  00000-0  22103-3 0  9998
2 46232  97.2329  53.6217 0007514 312.4059  47.6546 15.29246767299265
1 54412U 22151EL  26009.03513054  .00014383  00000-0  15764-2 0  9999
2 54412  98.6386 103.8255 0098890 260.7617  98.2400 14.84316379168919
1 55462U 23015P   26009.05257601  .00000810  00000-0  75062-4 0  9999
2 55462  43.0065 289.9895 0001094 264.4984  95.5734 15.02535276161785
1 45183U 20012F   26009.06091953 -.00001053  00000-0 -51818-4 0  9994
2 45183  53.0549 314.3044 0001410  82.7517 277.3632 15.06403268325852
1 51965U 22025K   26009.08291318  .00002333  00000-0  17545-3 0  9992
2 51965  53.0545 303.4280 0001508  87.1113 273.0049 15.06400188211861
1 46681U 20073M   26009.08531569  .00055846  00000-0  76869-3 0  9998
2 46681  53.0502 143.4738 0006889 213.4160 146.6417 15.56713223288226
1 53588U 22104A   26009.08899189  .00000506  00000-0  49860-4 0  9999
2 53588  53.2178 151.9270 0001241  86.1905 273.9229 15.08838419187095
1 58362U 23177M   26009.12737941  .00002339  00000-0  18816-3 0  9999
2 58362  43.0046 315.4438 0000976 283.8206  76.2527 15.02535307119205
1 57019U 23085R   26009.13833903  .00431526  00000-0  15080-2 0  9994
2 57019  97.4684 134.7500 0003898 279.1320  80.9511 15.88257994143420
1 54138U 22138AB  26009.14203502 -.00000010  00000-0 -58508-4 0  9994
2 54138  87.9233 336.6061 0001713  72.5769 287.5551 13.19725202155846
1 53215U 22084AC  26009.14630848  .00000363  00000-0  29367-4 0  9996
2 53215  97.6028  72.5313 0001762  72.8681 287.2738 15.05648233190946
1 55154U 23004Q   26009.15778356 -.00000058  00000-0 -19972-3 0  9994
2 55154  87.8828  52.7356 0001142 101.1954 258.9303 13.11418684145052
1 53196U 22084H   26009.17326005  .00002192  00000-0  13245-4 0  9994
2 53196  97.6289  89.3779 0001443 286.1599  73.9509 15.79041165192095
1 58540U 23192K   26009.17679420  .00002740  00000-0  10461-3 0  9990
2 58540  53.1630 339.1744 0001697  84.6839 275.4355 15.30205115116871
1 55727U 14028AP  26009.17851472  .00000365  00000-0  14466-2 0  9990
2 55727  82.2394 344.3088 0191925  47.9663 313.7594 12.79534482139154
1 56158U 23048B   26009.18376027 -.00000055  00000-0  41305-4 0  9991
2 56158  63.4078  40.1834 0205911  26.3773 334.7573 13.68527821138884
1 59803U 24093X   26009.19860773  .00001391  00000-0  60069-4 0  9990
2 59803  43.0019 185.1585 0001203 268.4237  91.6477 15.27576594 93664
1 45603U 20028B   26009.20191523  .00002216  00000-0  13742-3 0  9991
2 45603  97.5095  18.0647 0013035  97.1958 263.0754 15.10694014310824
1 59680U 24085D   26009.20862867  .00011974  00000-0  39355-3 0  9993
2 59680  97.3422  86.1639 0013427 262.0353  97.9365 15.31612118 93299
1 55137U 23003E   26009.21630521  .00018614  00000-0  35784-3 0  9996
2 55137  97.1653  85.4657 0003293   3.7249 356.4026 15.47971442167612
1 59679U 24085C   26009.21904323  .00009919  00000-0  33581-3 0  9997
2 59679  97.3466  86.5642 0027435 245.7842 114.0531 15.30425324 93306
1 46439U 99025EYU 26009.22531991  .00001346  00000-0  58000-3 0  9990
2 46439  98.5271   0.2881 0120398 327.8548  31.5328 14.22343319607545
1 54052U 22136B   26009.24534070 -.00000479  00000-0 -11983-4 0  9990
2 54052  53.2156 210.7913 0001334  88.7507 271.3638 15.08835844178438
1 56025U 23042AR  26009.25152285  .00000920  00000-0  83174-4 0  9994
2 56025  43.0041   6.5464 0001112 269.7673  90.3042 15.02538019154116
1 49748U 21115AA  26009.26140871  .00001209  00000-0  94050-4 0  9992
2 49748  53.2190  55.4819 0001511  88.2295 271.8870 15.08841548226577
1 57793U 23135B   26009.27143679  .00000477  00000-0  28003-3 0  9995
2 57793  49.9686 101.1848 0013083  67.4731 292.7565 14.23045788121991
1 55779U 23028AQ  26009.29027125  .00002391  00000-0  20807-3 0  9998
2 55779  70.0007 354.0218 0003026 267.5052  92.5761 14.98337746158130
1 47280U 20100Y   26009.32349078  .00000374  00000-0  10036-2 0  9993
2 47280  87.8928  22.1838 0001482  86.8869 273.2430 13.12443611243870
1 58485U 23186N   26009.34364658  .00002752  00000-0  21861-3 0  9993
2 58485  43.0041  29.9787 0000767 282.7823  77.2934 15.02550623116917
1 52551U 22051U   26009.38842938 -.00000210  00000-0  48900-5 0  9990
2 52551  53.2191  35.3344 0001378  87.1286 272.9864 15.08831765202493
1 49302U 21090Z   26009.42793115  .00000051  00000-0  95536-4 0  9997
2 49302  87.9235 336.5449 0001663  74.1151 286.0165 13.19725996205516
1 45332U 91056BW  26009.42985996 -.00000082  00000-0 -25063-3 0  9998
2 45332  82.5518 262.5620 0106664 234.9864 124.1210 13.13137805280632
1 48955U 21059CE  26009.47385011  .00209595  18156-4  71072-3 0  9999
2 48955  97.6459 201.6238 0001596 252.0643 108.0455 15.89901335253599
1 52376U 22045AX  26009.52642141  .00001374  00000-0  10440-3 0  9995
2 52376  53.2177  94.7168 0001277  90.6761 269.4378 15.08837012206991
1 54034U 22131B   26009.56593316 -.00000124  00000-0  00000-0 0  9998
2 54034   2.9705  81.0325 0076366  34.3990 325.8700  0.97749493 11577
1 54969U 22151TJ  26009.57023619  .00000407  00000-0  25463-3 0  9998
2 54969  98.8497  13.0367 0048485  54.6472 305.9216 14.09514970162316
1 45764U 20038AL  26009.57234241 -.00001224  00000-0 -63295-4 0  9994
2 45764  53.0541 122.0077 0001281  95.8123 264.3012 15.06399198307576
1 55173U 23004AK  26009.57312683  .00000019  00000-0  14555-4 0  9996
2 55173  87.9085  37.3993 0001922  98.7233 261.4116 13.17649645146693
1 53670U 22105Y   26009.60183106  .00000161  00000-0  15345-4 0  9993
2 53670  97.6025 253.0182 0002302  86.1644 273.9846 15.05646168184418
1 52614U 22052S   26009.63600376  .00130264  00000-0  28055-2 0  9995
2 52614  53.2112 150.6323 0003909 131.3977 228.7367 15.43676709202418
1 57666U 23124D   26009.66309523 -.00000714  00000-0 -11979-4 0  9998
2 57666  53.1612 182.9100 0001252  89.5035 270.6109 15.30187453133639
1 53802U 22111AF  26009.70534834 -.00000559  00000-0 -17019-4 0  9999
2 53802  53.2170 168.7766 0001312  90.4578 269.6564 15.08837498184913
1 56383U 23061K   26009.71014568 -.00000151  00000-0  38734-5 0  9994
2 56383  43.0005 157.8521 0000472 252.2023 107.8768 15.02542743147885
1 57015U 23085M   26009.71092421  .10979455  25338-5  10602-2 0  9996
2 57015  97.4549 138.2697 0009017 290.6363  69.3968 16.38385385143649
1 57490U 23111A   26009.91880733  .00000060  00000-0  48605-4 0  9992
2 57490  98.7041  82.7524 0001144 117.4901 242.6392 14.19902384126409
1 55690U 23025A   26009.92031390  .00006192  00000-0  26298-3 0  9999
2 55690  97.3638  87.7091 0001362 120.6219 239.5153 15.23418159159954
1 57630U 23121E   26009.95652770  .00001245  00000-0  26882-3 0  9999
2 57630  45.0045 349.5104 0006503 163.3556 196.7517 14.63494477128703
1 49321U 21091G   26009.96594722  .00030141  00000-0  37352-3 0  9995
2 49321  97.3894 226.2928 0005571 155.4153 204.7370 15.59999067236840
1 45223U 20012AX  26010.00002315  .01010746  00000-0  27460-1 0  9990
2 45223  53.0607 269.1565 0001478  89.1605 201.4459 15.34487042  5796
1 54476U 22151HC  26010.04353825  .00003287  00000-0  86395-3 0  9990
2 54476  98.6224  47.1440 0108760 116.2740 244.9675 14.46329457165859
1 52543U 22051L   26010.33418991 -.00000838  00000-0 -34557-4 0  9995
2 52543  53.2191  31.0892 0001302  93.7577 266.3564 15.08832544202634
1 58528U 23191W   26010.45630739 -.00000455  00000-0 -18597-4 0  9990
2 58528  43.0036  62.2196 0001165 278.1155  81.9556 15.02535774116689
1 52538U 22051F   26010.47035048 -.00001161  00000-0 -54863-4 0  9994
2 52538  53.2189  30.4778 0001363  94.3160 265.7988 15.08835800202656
1 55189U 22151VE  26010.54054084  .00003417  00000-0  16655-2 0  9998
2 55189  98.8496  21.9200 0048941  61.6079 299.0018 14.18126946160281
1 45851U 11037CM  26010.66809641  .00012564  00000-0  14170-1 0  9996
2 45851  51.7520 117.8780 1852320 185.8663 171.7285 10.88009292220289
1 46979U 97051ACM 26010.78452610  .00037192  00000-0  36186-2 0  9997
2 46979  86.3327  35.0308 0029012 120.5615 239.8481 14.92057143358613
1 54334U 22151CD  26010.84329657  .00037619  00000-0  31859-2 0  9997
2 54334  98.6389  90.2354 0049793 341.5092  18.4315 14.96912450168090
1 48227U 21031T   26010.85146021  .00000245  00000-0  62656-3 0  9995
2 48227  87.9033 321.0399 0001797  71.0254 289.1070 13.14505488227552
1 53142U 22083L   26010.89219934  .00000298  00000-0  36797-4 0  9999
2 53142  53.2191  73.5564 0001338  84.1239 275.9905 15.08841250192508
1 49772U 21115BA  26010.90213208  .00024522  00000-0  53274-3 0  9992
2 49772  53.1978  75.6206 0000875 288.5934  71.4979 15.44238910231526
1 51773U 22017F   26010.91197738  .00000042  00000-0  20746-4 0  9998
2 51773  53.2163 238.4666 0001466  87.9796 272.1364 15.08838422213881
1 59124U 24043AC  26010.92856947  .00005279  00000-0  20163-3 0  9991
2 59124  97.5373 145.3170 0012536  82.8364 277.4299 15.27009490102972
1 52833U 22062D   26010.94093225  .00000343  00000-0  39664-4 0  9998
2 52833  53.2193 293.3688 0001429  91.4453 268.6703 15.08829866197065
1 54788U 22175AG  26010.94321738 -.00001600  00000-0 -82471-4 0  9990
2 54788  53.2196 288.2255 0001750  90.3707 269.7486 15.08831354171415
1 44622U 19066A   26010.94401142  .00001642  00000-0  20914-3 0  9996
2 44622  98.0315 323.5723 0005674 307.1612  52.9082 14.82915717339076
1 48860U 21055A   26010.96188494  .00003190  00000-0  24243-3 0  9998
2 48860  34.9969  29.8856 0003526 151.9015 208.1884 15.01726706249522
1 53898U 22119N   26010.96205483  .00000331  00000-0  38875-4 0  9996
2 53898  53.2168 222.9892 0001488  92.4053 267.7110 15.08835903182971
1 56483U 23064AM  26010.96252994 -.00000409  00000-0 -26500-4 0  9998
2 56483  69.9990 269.9489 0002671 268.1633  91.9220 14.98339049147096
1 59418U 24064W   26011.07536011 -.00000685  00000-0 -15384-4 0  9992
2 59418  43.0040  21.6144 0001082 274.8842  85.1886 15.27576364100412
1 45321U 91056BK  26011.07546375  .00000146  00000-0  33473-3 0  9997
2 45321  82.5601 245.8310 0022709 126.9228 233.3981 13.19451113282653
1 58682U 23211R   26011.11138860  .00002359  00000-0  95215-4 0  9991
2 58682  43.0012  50.0250 0001444 262.4638  97.6050 15.27587718113662
1 49261U 21088B   26011.16349181  .00016670  00000-0  57862-3 0  9995
2 49261  97.4007  74.7781 0012067 280.7047  79.2835 15.29784995236373
1 48331U 21036BH  26011.22134581  .00001439  00000-0  11547-3 0  9995
2 48331  53.0555 359.6028 0001485  88.8638 271.2522 15.06402209259372
1 54385U 22151DH  26011.22275682 -.00000059  00000-0 -10027-4 0  9990
2 54385  98.8858   5.8632 0077315 101.0013 259.9863 14.03543285161551
1 51131U 22005AD  26011.24222501  .00000483  00000-0  48409-4 0  9992
2 51131  53.2169 197.0110 0001373  84.2661 275.8488 15.08840833220050
1 56012U 23042AC  26011.24474786  .00000179  00000-0  28297-4 0  9996
2 56012  43.0055 355.7139 0001148 274.3747  85.6964 15.02541014154410
1 48117U 21027AB  26011.26739377  .00000330  00000-0  41031-4 0  9996
2 48117  53.0553  49.3858 0001281  84.6023 275.5112 15.06399348264043
1 54000U 22125AN  26011.28226719  .00001446  00000-0  10893-3 0  9997
2 54000  53.2189 102.0220 0001274  86.9290 273.1848 15.08839598180934
1 59217U 24046S   26011.28403705 -.00000690  00000-0 -11114-4 0  9998
2 59217  53.1611  61.7536 0003282 126.9979 233.1322 15.30211514104250
1 57400U 23101B   26011.28820564  .00008752  00000-0  31825-3 0  9992
2 57400  97.2827  65.2805 0005153 349.6977  10.4156 15.28476457137667
1 48449U 21040X   26011.32824198  .00000737  00000-0  68403-4 0  9995
2 48449  53.0550  79.1232 0001215  96.7280 263.3848 15.06388622257980
1 45544U 20025P   26011.33335648  .01058758  00000-0  24585-1 0  9995
2 45544  53.0539   2.1936 0001560  64.0822 336.4997 15.39255072  5841
1 46712U 20073AU  26011.33335648  .01121411  00000-0  12082-1 0  9992
2 46712  53.0445 111.5218 0008300 184.3952 146.6857 15.60494826  5822
1 53429U 22097AT  26011.33561873  .00000815  00000-0  69294-4 0  9997
2 53429  53.2204   1.7112 0001436  91.6127 268.5030 15.08839219190126
1 54263U 22151E   26011.38014857  .00000440  00000-0  50775-3 0  9992
2 54263  99.1377 308.0740 0302774 340.3482  18.6191 13.56452068156667
1 51859U 22022H   26011.42444009  .00005434  00000-0  35918-3 0  9998
2 51859  53.2165 266.2071 0001285  82.4391 277.6747 15.08848191214517
1 58708U 24002D   26011.48581540  .00008677  00000-0  76465-4 0  9991
2 58708  53.1596 195.9521 0000285 138.0693 222.0347 15.69686274117458
1 53152U 22083W   26011.51040155  .00000606  00000-0  56166-4 0  9992
2 53152  53.2193  60.8084 0001345  91.4879 268.6267 15.08843985192727
1 47276U 20100U   26011.52249351 -.00000142  00000-0 -43120-3 0  9992
2 47276  87.8927  21.7568 0001619  90.1361 269.9953 13.12445025244094
1 53967U 22125D   26011.53801041  .00002044  00000-0  14648-3 0  9990
2 53967  53.2174 120.7205 0001245  80.7932 279.3201 15.08840848180696
1 58265U 23174K   26011.53990733  .06001073  24456-5  13589-2 0  9993
2 58265  97.3572 105.8596 0008673 292.3162  67.7212 16.30086263122021
1 59394U 24062W   26011.54817814  .00001302  00000-0  56078-4 0  9998
2 59394  53.1604 161.0195 0001099  83.6017 276.5109 15.30195940100916
1 57627U 23121B   26011.54913035  .00001131  00000-0  25900-3 0  9991
2 57627  45.0041 356.0772 0005118 192.8406 167.2322 14.61249254128752
1 58854U 24019B   26011.55034852  .00011549  00000-0  41909-3 0  9994
2 58854  43.0003 211.6178 0002242 259.9264 100.1335 15.28313650110341
1 45161U 20008AG  26011.60146266  .00000712  00000-0  20044-2 0  9990
2 45161  87.8774  67.4971 0001522  98.2757 261.8543 13.10372974287915
1 57127U 23090AC  26011.62301929 -.00000139  00000-0  47792-5 0  9996
2 57127  43.0035 224.3375 0001230 268.2930  91.7771 15.02535413141648
1 55310U 23010AT  26011.63291128  .00000675  00000-0  64349-4 0  9990
2 55310  70.0004 148.3991 0003171 270.3341  89.7454 14.98331758165226
1 47406U 21005BK  26011.66667824  .00392644  69335-4  12140-2 0  9992
2 47406  53.0452 250.6108 0007519 200.3841 297.9874 15.91159383  5943
1 54914U 22151RB  26011.71019704  .00000227  00000-0  14619-3 0  9998
2 54914  98.8020  13.3357 0041936  69.9142 290.6536 14.12011360162636
1 57149U 23090BA  26011.85651933 -.00000203  00000-0  45967-7 0  9994
2 57149  43.0019 184.4485 0001218 267.3420  92.7283 15.02535639142316
1 51641U 22012V   26011.87186134 -.00000528  00000-0 -15500-2 0  9992
2 51641  87.8777  67.4479 0001775  99.0281 261.1047 13.10373785188825
1 54121U 22138J   26011.88249758 -.00000011  00000-0 -60177-4 0  9999
2 54121  87.9236 336.0505 0002030  80.1405 279.9956 13.19725140156209
1 48687U 21044BB  26011.88987399  .00000693  00000-0  65418-4 0  9991
2 48687  53.0550 321.6031 0001552  95.9225 264.1941 15.06406450255914
1 44862U 19089L   26011.90341235  .00025079  00000-0  53342-3 0  9991
2 44862  36.9709 335.5866 0020967 207.9849 151.9781 15.43907921337498
1 55264U 23008B   26011.91201786  .00000108  00000-0  00000-0 0  9998
2 55264   1.8784  83.2030 0000543 300.1200 228.5426  1.01253708 10250
1 53282U 22086AS  26011.91336555  .00000044  00000-0  20863-4 0  9996
2 53282  53.2180  79.0009 0001281  88.9291 271.1848 15.08839529192626
1 57174U 23091J   26011.94452619  .00004748  00000-0  27510-3 0  9990
2 57174  97.5310  67.2048 0012852 333.2805  26.7762 15.12616806140001
1 55237U 22151XE  26011.94796386  .00003916  00000-0  79825-3 0  9998
2 55237  98.7706  95.6627 0107827  19.1890 341.3321 14.57978487166504
1 57930U 23147T   26011.94871688  .00053324  00000-0  18781-2 0  9996
2 57930  42.9972 234.6542 0014817 203.0762 156.9425 15.28430728128515
1 57375U 23099AZ  26011.94959743  .00000009  00000-0  15697-4 0  9991
2 57375  43.0014 184.0508 0001151 253.3116 106.7600 15.02541064137735
1 45230U 20012BE  26011.96878488  .00155151  00000-0  10045-1 0  9996
2 45230  53.0559 261.2448 0002065 132.0839 228.0327 15.06997235326865
1 45340U 91056CE  26011.99969359  .00008138  00000-0  13460-1 0  9991
2 45340  82.5295 225.3640 0128477 292.0541  66.6993 13.43525727283600
1 57307U 23096T   26012.00003472  .00492038  00000-0  48206-2 0  9997
2 57307  42.9762 122.5633 0032849 357.5669 140.7008 15.63149531  5916
1 58446U 23183K   26012.00259948  .00001622  00000-0  13509-3 0  9994
2 58446  43.0045 351.6223 0001093 276.8806  83.1912 15.02535905118208
1 59458U 24068D   26012.01145818  .00002593  00000-0  10372-3 0  9995
2 59458  43.0044 354.6817 0001167 258.6180 101.4540 15.27583353 99855
1 58589U 23200A   26012.01821920  .00001535  00000-0  12865-3 0  9995
2 58589  43.0039 117.8178 0001368 265.7024  94.3662 15.02543599115070
1 47393U 21005AW  26012.07692916  .00101257  00000-0  22440-2 0  9995
2 47393  53.0523 256.0470 0001630 102.0219 258.0968 15.42967220275342
1 48554U 21041B   26012.18801875  .00002767  00000-0  20459-3 0  9998
2 48554  53.0546  25.5714 0001462  80.0689 280.0465 15.06401209256689
1 48245U 21031AM  26012.25010361  .00001357  00000-0  36235-2 0  9996
2 48245  87.9027 320.7644 0001423  82.1612 277.9679 13.14514815227690
1 49432U 21104AA  26012.26254983 -.00000390  00000-0 -64201-5 0  9992
2 49432  53.2176 112.4316 0001509  85.0496 275.0668 15.08829762230257
1 52151U 22031B   26012.27625895  .00000913  00000-0  90828-4 0  9991
2 52151  97.8559 197.6841 0012214   8.3312 351.8108 14.94079113206511
1 49460U 21104BE  26012.27999593 -.00002323  00000-0 -12800-3 0  9991
2 49460  53.2183 112.3536 0001223  92.2920 267.8212 15.08821900230254
1 56318U 23058B   26012.28231895  .00000612  00000-0  46645-4 0  9998
2 56318  97.6053  15.6801 0001813  93.0593 267.0841 15.05645305149363
1 56775U 23078J   26012.28313830 -.00000607  00000-0 -43067-4 0  9998
2 56775  70.0001  86.8227 0003009 268.4058  91.6757 14.98327671145214
1 52559U 22051AC  26012.29288570  .00001082  00000-0  86056-4 0  9998
2 52559  53.2188  12.4795 0001374  91.4947 268.6203 15.08841879203061
1 57179U 23091P   26012.29536995  .00005201  00000-0  28155-3 0  9995
2 57179  97.5345  69.7834 0014147 309.0299  50.9673 15.14994463140179
1 50822U 22001V   26012.30667705 -.00001287  00000-0 -62782-4 0  9996
2 50822  53.2198  62.2349 0001617  96.7854 263.3322 15.08829297221891
1 58151U 23166B   26012.31930574  .00034394  00000-0  11679-2 0  9990
2 58151  53.1579 121.5901 0001511  96.1994 263.9179 15.30201730124542
1 46338U 20062P   26012.33335648  .01092906  00000-0  11491-1 0  9994
2 46338  53.0475 247.9998 0017579 103.4651 325.5567 15.61103450  5977
1 46690U 20073W   26012.33335648  .00201001  00000-0  15067-2 0  9998
2 46690  53.0441  88.8987 0002403   2.4167  19.0197 15.71505043  6005
1 58639U 23203X   26012.37024341  .00001191  00000-0  52788-4 0  9992
2 58639  43.0023  25.5362 0000937 274.4891  85.5854 15.27572308114946
1 55208U 22151VZ  26012.41313282  .00022900  00000-0  28790-2 0  9997
2 55208  98.6361  75.0073 0055192  34.3807 326.0955 14.81002441162378
1 57468U 23107M   26012.44158951 -.00000173  00000-0  22325-5 0  9992
2 57468  43.0028 284.4816 0000918 266.1983  93.8754 15.02524660136653
1 58176U 23167B   26012.48113594 -.00000426  00000-0 -16460-4 0  9997
2 58176  43.0058  91.0605 0001154 257.2643 102.8071 15.02529856122502
1 57757U 23133B   26012.53261811 -.00000185  00000-0 -14973-3 0  9994
2 57757  81.0062 156.5201 0009739  83.0253 277.2015 13.93711604119481
1 52472U 22049X   26012.53390933 -.00000331  00000-0 -27206-5 0  9994
2 52472  53.2195 311.2134 0001503  86.0099 274.1065 15.08833692203772
1 56576U 14028BK  26012.69427939  .00005681  00000-0  18597-1 0  9995
2 56576  82.4121 352.8844 0280346   3.1090 357.1676 12.88676835139775
1 59415U 24064T   26012.69845255  .00000016  00000-0  10126-4 0  9996
2 59415  43.0058  12.2908 0001456 278.5243  81.5443 15.27572584100669
1 53416U 22097AE  26012.70363959  .00003102  00000-0  21284-3 0  9998
2 53416  53.2190   5.4032 0000962 101.5133 258.5967 15.08848393190175
1 59799U 24093T   26012.72177745 -.00002011  00000-0 -63609-4 0  9992
2 59799  43.0013 165.1590 0001464 270.0872  89.9812 15.27561920 94132
1 59803U 24093X   26012.72947776  .00001379  00000-0  59667-4 0  9990
2 59803  43.0028 165.2182 0001085 272.3536  87.7191 15.27565133 94207
1 55449U 23015A   26012.74660177 -.00000485  00000-0 -20870-4 0  9997
2 55449  43.0040 270.4083 0001013 264.6998  95.3729 15.02531936163272
1 48424U 21039B   26012.75841979  .00002859  00000-0  21724-3 0  9991
2 48424  34.9948 257.7340 0005783 265.5483  94.4565 15.01767305256152
1 59303U 24056H   26012.78827310 -.00001772  00000-0 -54911-4 0  9997
2 59303  43.0044 186.5227 0001513 269.4901  90.5777 15.27570444102602
1 52692U 22053AN  26012.78918229 -.00000580  00000-0 -18356-4 0  9995
2 52692  53.2192  34.7983 0001451  90.1269 269.9890 15.08836084202718
1 54577U 22151MD  26012.79866244  .00010821  00000-0  19200-2 0  9992
2 54577  98.4670  43.6158 0064756  28.8173 331.6582 14.66037848166859
1 57067U 23088V   26012.81553272  .00002671  00000-0  21268-3 0  9998
2 57067  43.0046  51.1598 0001196 280.2993  79.7715 15.02537170141961
1 48113U 21027X   26012.82566745  .00001065  00000-0  90430-4 0  9995
2 48113  53.0557  62.3999 0001154  96.3858 263.7262 15.06382253263983
1 57519U 23116A   26012.83816422  .00008632  00000-0  36846-3 0  9994
2 57519  97.3872  20.9580 0006498 180.2471 179.8764 15.23117596135134
1 57180U 23091Q   26012.87282639  .00009033  00000-0  37292-3 0  9993
2 57180  97.5324  75.3966 0011303 288.6867  71.3143 15.24206134140600
1 53839U 22114X   26012.88583471  .00000315  00000-0  37930-4 0  9998
2 53839  53.2166 184.8780 0002413  92.4459 267.6810 15.08831599184543
1 57217U 23091AV  26012.89063014  .00010031  00000-0  39510-3 0  9995
2 57217  97.5305  76.0617 0010625 286.6118  73.3953 15.25758554140660
1 55268U 23009A   26012.89318631  .00000042  00000-0  00000+0 0  9995
2 55268  55.1085 154.6219 0003861 349.4610   7.1126  2.00553200 22126
1 54587U 22151MP  26012.89675538  .00000028  00000-0  46501-4 0  9992
2 54587  98.8584 348.5058 0117555 140.7093 220.2675 13.97335749160949
1 52899U 22065F   26012.90236188  .00001025  00000-0  20495-3 0  9997
2 52899  98.1947 158.2658 0008137 145.0986 215.0751 14.63942916188272
1 46174U 20057BK  26012.91006105  .00018858  00000-0  44164-3 0  9991
2 46174  53.0502 190.8489 0002844 139.3252 220.7965 15.42162649297886
1 46129U 20057N   26012.91668981  .00132518  00000-0  30660-2 0  9992
2 46129  53.0533 162.1882 0003539 316.7620 325.3449 15.41524210  5792
1 59643U 24082N   26012.94194245 -.00001122  00000-0 -31270-4 0  9997
2 59643  43.0029  94.8308 0001021 258.6642 101.4095 15.27563795 96382
1 54533U 22151KM  26012.94903744  .00000091  00000-0  78431-4 0  9999
2 54533  98.8521   9.5654 0068675  91.5973 269.3063 14.06904027162461
1 44479U 19050A   26012.95125334  .00000128  00000-0  00000-0 0  9997
2 44479   0.0172  25.9322 0001331 267.7379 178.1903  1.00272785 23637
1 53895U 22119K   26012.96766231  .00003771  00000-0  25472-3 0  9997
2 53895  53.2167 214.1778 0001845  98.5932 261.5269 15.08862296183279
1 58887U 24020M   26012.99379579 -.00000157  00000-0  68418-5 0  9999
2 58887  53.1593 221.1320 0001281  77.5110 282.6034 15.30194503110703
1 54528U 22151KG  26013.02156199  .00002795  00000-0  73221-3 0  9991
2 54528  98.5497  44.1702 0093529  69.9163 291.2066 14.47513129166576
1 56718U 23068J   26013.02918023 -.00000114  00000-0 -33763-3 0  9996
2 56718  87.9007 290.1654 0001797  90.5499 269.5838 13.15550050129050
1 53588U 22104A   26013.06339822  .00000108  00000-0  24878-4 0  9995
2 53588  53.2171 134.0876 0001338  84.8173 275.2972 15.08838027187692
1 56523U 23065W   26013.07805423  .00000962  00000-0  86275-4 0  9997
2 56523  43.0029 152.1408 0001339 268.7612  91.3077 15.02534857148268
1 58537U 23192G   26013.09147550 -.00002110  00000-0 -59145-4 0  9992
2 58537  53.1603 320.9476 0001328  87.2054 272.9099 15.30192329117472
1 54804U 22175AY  26013.09597202  .00000617  00000-0  56895-4 0  9995
2 54804  53.2176 278.2088 0001364  90.5707 269.5441 15.08828291171749
1 59191U 24045P   26013.09951399 -.00002103  00000-0 -66951-4 0  9996
2 59191  42.9976  42.7073 0000648 299.1256  60.9531 15.27569182104701
1 52480U 22049AF  26013.11903692 -.00001412  00000-0 -70643-4 0  9993
2 52480  53.2199 308.5909 0001530  92.7997 267.3170 15.08829204203860
1 57723U 91033L   26013.12675122  .00002668  00000-0  13536-1 0  9999
2 57723  82.7830  62.2160 0184809  69.4830 292.5989 12.64230064114672
1 46869U 18079EA  26013.13820954 -.00000140  00000-0  00000+0 0  9997
2 46869  13.1282  46.9869 4657334 293.5689  24.8008  1.83279642 34795
1 57371U 23099AV  26013.16063993  .00000569  00000-0  57157-4 0  9994
2 57371  43.0018 177.6630 0000661 272.9934  87.0832 15.02530736137911
1 54089U 22136AQ  26013.16672453 -.00020937  00000-0 -13250-2 0  9992
2 54089  53.2153 223.2141 0001682  91.9411 289.8008 15.08179896  5783
1 57265U 23094AZ  26013.16672453  .01208571  00000-0  13946-1 0  9997
2 57265  43.0018 307.3775 0001364 265.9783 110.4692 15.58656374  5850
1 46292U 20061W   26013.17294394  .00012653  00000-0  31140-3 0  9992
2 46292  97.2658  76.6411 0001643  14.0119 346.1174 15.40740651297116
1 53564U 22101AP  26013.17654198 -.00002002  00000-0 -10770-3 0  9996
2 53564  53.2186 303.3957 0001633  92.1462 267.9717 15.08837031188065
1 52713U 22054A   26013.18259514  .00002484  00000-0  10205-3 0  9997
2 52713  97.6117 319.9447 0001099  73.7144 286.4214 15.25177584203101
1 48606U 21041BF  26013.18771402  .00005994  00000-0  25134-3 0  9999
2 48606  52.9936  24.5728 0012059  52.3616 307.8473 15.24829011256714
1 53248U 22086G   26013.19816479 -.00000753  00000-0 -29216-4 0  9998
2 53248  53.2176  88.3398 0001218  88.8134 271.2998 15.08839640192937
1 57418U 23102Q   26013.20465571 -.00000969  00000-0 -56719-4 0  9993
2 57418  43.0021 190.0450 0001383 257.7155 102.3532 15.02523120137898
1 48799U 21045AJ  26013.20586833  .00000223  00000-0  55747-3 0  9994
2 48799  87.9004 290.1364 0001419  51.0681 309.0575 13.15548538224042
1 55970U 23038A   26013.21277689 -.00000082  00000-0  00000-0 0  9997
2 55970   0.0569 263.9832 0002615  12.1611 170.0373  1.00272258 10556
1 56924U 23083BA  26013.24618320 -.00000636  00000-0 -32015-4 0  9992
2 56924  43.0066   9.7466 0001269 263.6957  96.3741 15.02532989143591
1 56709U 23067X   26013.26061757 -.00000435  00000-0 -17151-4 0  9994
2 56709  43.0014 215.5102 0001260 253.1874 106.8830 15.02521219147068
1 58932U 24027B   26013.26501595 -.00002700  00000-0 -79064-4 0  9998
2 58932  53.1606 206.9882 0001156  87.2797 272.8336 15.30201533108843
1 55403U 23014N   26013.26505319  .00000991  00000-0  90840-4 0  9994
2 55403  70.0000 204.1858 0003019 265.4401  94.6413 14.98336055163752
1 56918U 23083AU  26013.26505631 -.00000812  00000-0 -45044-4 0  9999
2 56918  43.0058   9.8857 0001090 264.2527  95.8191 15.02532019143487
1 56703U 23067R   26013.27060011 -.00001363  00000-0 -85884-4 0  9990
2 56703  43.0018 215.5822 0001193 268.2753  91.7952 15.02524557147327
1 45289U 91056AB  26013.28679992 -.00000717  00000-0 -28671-2 0  9996
2 45289  82.5401 335.1069 0177322 222.7006 136.0204 12.83100828276394
1 59655U 24084B   26013.30592714 -.00005383  00000-0 -18623-3 0  9995
2 59655  43.0034 351.0600 0001155 268.5769  91.4951 15.27578930 95949
1 56001U 23042R   26013.32184046 -.00001188  00000-0 -72890-4 0  9993
2 56001  43.0036 356.7875 0001019 281.1486  78.9242 15.02538969154585
1 53635U 22104AZ  26013.33334491  .01218643  00000-0  44986-2 0  9991
2 53635  53.2176 102.6842 0001354  61.0773 125.4505 15.85071051  5840
1 53100U 22078A   26013.37787791  .00000090  00000-0  00000-0 0  9998
2 53100   0.2811  67.6471 0003717 226.1394 325.6597  1.00271394 12994
1 57903U 23146N   26013.38939311 -.00000839  00000-0 -47068-4 0  9990
2 57903  43.0038 253.3147 0001056 271.7117  88.3604 15.02532974127699
1 53291U 22086BB  26013.41708142  .00000380  00000-0  41984-4 0  9998
2 53291  53.2168  67.0394 0001384  89.5612 270.5539 15.08843382192918
1 47264U 20100G   26013.41827198 -.00000256  00000-0 -74738-3 0  9995
2 47264  87.8928  21.3804 0001928  99.7387 260.3959 13.12442389244425
1 55748U 23028H   26013.44238806  .00006885  00000-0  58461-3 0  9995
2 55748  70.0000  23.7939 0002901 274.8866  85.1961 14.98308402157769
1 58956U 24028B   26013.44800642 -.00000085  00000-0 -83810-5 0  9999
2 58956  39.9919  35.0582 0014025  67.7166 292.5066 13.70151621 95824
1 53627U 22104AR  26013.47641300  .00000250  00000-0  33792-4 0  9994
2 53627  53.2178 121.7022 0001209  92.5609 267.5522 15.08841293187421
1 57084U 23088AN  26013.48502046 -.00000079  00000-0  92372-5 0  9991
2 57084  43.0052  34.5944 0001468 256.0663 104.0016 15.02533757142216
1 48650U 21044N   26013.48897123  .00119062  00000-0  76760-2 0  9995
2 48650  53.0582   9.4126 0001689 130.6278 229.4859 15.07362206255385
1 49079U 21075E   26013.52335466  .00000743  00000-0  18801-2 0  9994
2 49079  87.9085  36.6214 0001542 103.0111 257.1193 13.17654483213836
1 51738U 22016AA  26013.52566865 -.00000124  00000-0  10274-4 0  9996
2 51738  53.2158 206.7608 0001500  89.7217 270.3947 15.08839616215231
1 46127U 20057L   26013.54878117  .00034901  00000-0  52650-3 0  9995
2 46127  53.0473 154.8260 0006166 135.5568 224.5937 15.54438171298440
1 57127U 23090AC  26013.55087959 -.00000347  00000-0 -10592-4 0  9993
2 57127  43.0028 213.8618 0001203 263.0035  97.0671 15.02532303141937
1 52422U 22047AE  26013.57975909  .00008660  00000-0  20096-3 0  9993
2 52422  97.3503 102.6757 0003289 268.1172  91.9698 15.42624231207260
1 58041U 23156P   26013.58567592 -.00001753  00000-0 -47089-4 0  9994
2 58041  53.1629 334.1893 0001510  91.2807 268.8366 15.30193287127874
1 57208U 23091AU  26013.60091962  .00011824  00000-0  38011-3 0  9994
2 57208  97.5317  81.3865 0006412 255.8118 104.2411 15.32400877141062
1 47831U 21018AW  26013.60292745 -.00001212  00000-0 -62486-4 0  9990
2 47831  53.0554 123.9161 0001229  83.0419 277.0710 15.06394344268558
1 47546U 21008A   26013.60796959  .00000008  00000-0  59693-4 0  9994
2 47546  67.1508   0.9693 0006980 265.3479  94.6808 13.97008616252242
1 57044U 23085AS  26013.62814348  .00010792  00000-0  36389-3 0  9997
2 57044  97.4821 124.9981 0007075 270.3451  89.6979 15.30881450143155
1 53207U 22084U   26013.63177536 -.00000186  00000-0 -99482-5 0  9997
2 53207  97.6026  76.2946 0002130  53.2001 306.9419 15.01260928191052
1 56518U 23065R   26013.63875141 -.00001453  00000-0 -92541-4 0  9998
2 56518  43.0034 149.4686 0001273 268.1022  91.9675 15.02523926148345
1 55434U 23014AV  26013.64938961  .00000175  00000-0  22497-4 0  9990
2 55434  69.9983 243.2510 0002449 271.0886  88.9993 14.98330371162829
1 59497U 24071P   26013.65682413 -.00001583  00000-0 -48069-4 0  9995
2 59497  43.0031 291.0081 0001481 273.9560  86.1122 15.27552098 99781
1 46356U 20062AH  26013.66239017  .00052278  00000-0  95366-3 0  9996
2 46356  53.0486 243.3345 0013688 110.6552 249.5924 15.48850396296306
1 54667U 22166AB  26013.73524713  .00000031  00000-0  43382-4 0  9997
2 54667  87.9232 274.7567 0001759  74.5324 285.6004 13.21826928151077
1 53929U 22119AV  26013.80497270 -.00000606  00000-0 -19961-4 0  9996
2 53929  53.2149 200.8804 0001386  87.1078 273.0072 15.08834771183530
1 56710U 23068A   26013.80544089 -.00000003  00000-0 -38439-4 0  9994
2 56710  87.9220 305.2456 0002032  66.7231 293.4116 13.20772268129125
1 52673U 22053T   26013.85549207  .00000526  00000-0  51154-4 0  9990
2 52673  53.2177  40.2806 0001478  94.2900 265.8261 15.08841722202769
1 46382U 20062BK  26014.00002315  .00238632  00000-0  12869-2 0  9999
2 46382  53.0365 171.3682 0001518 335.1567  74.6302 15.78954393  6013
1 59716U 24088J   26014.00379360  .00003044  00000-0  29978-4 0  9991
2 59716  53.1594 235.8182 0001098  98.3314 261.7828 15.69706482 97684
1 49106U 21075AH  26014.04170895 -.00000419  00000-0 -12015-2 0  9999
2 49106  87.8927  21.2522 0002391  97.9096 262.2304 13.12443972214330
1 57902U 23146M   26014.08414773 -.00002373  00000-0 -16067-3 0  9996
2 57902  43.0028 249.9309 0000935 255.0914 104.9825 15.02529561128816
1 59236U 24049F   26014.08463494  .00002362  00000-0  95294-4 0  9991
2 59236  43.0055  22.4150 0001082 276.6015  83.4713 15.27586665104828
1 48999U 21060AJ  26014.09651507  .00000012  00000-0 -12851-5 0  9990
2 48999  87.9031 259.4514 0001617  76.2680 283.8630 13.16595179219350
1 53662U 22105Q   26014.10714763 -.00001044  00000-0 -68162-4 0  9992
2 53662  97.6025 257.3520 0002202  91.9364 268.2115 15.05636790185084
1 48212U 21031C   26014.13640252  .00000319  00000-0  82682-3 0  9992
2 48212  87.9027 320.3901 0001778  86.3037 273.8296 13.14505594228095
1 59184U 24045G   26014.14519466 -.00003820  00000-0 -12929-3 0  9992
2 59184  42.9982  40.2224 0001217 250.6468 109.4253 15.27597354104826
1 57529U 23115J   26014.14948273  .00001974  00000-0  16117-3 0  9991
2 57529  43.0048 300.7934 0001152 259.3625 100.7088 15.02532351134117
1 48472U 21040AW  26014.15444958 -.00001065  00000-0 -52669-4 0  9991
2 48472  53.0546  76.4392 0001188  95.3099 264.8026 15.06382299258260
1 55999U 23042P   26014.19715049 -.00000966  00000-0 -56459-4 0  9993
2 55999  43.0053 352.1801 0000968 272.8882  87.1850 15.02538596154715
1 53981U 22125T   26014.22254232  .00000396  00000-0  42986-4 0  9994
2 53981  53.2174  88.4091 0001243  94.8699 265.2435 15.08835139181386
1 56624U 22151AEY 26014.22517617  .00000265  00000-0  17214-3 0  9999
2 56624  98.8477  19.5185 0045277  59.7260 300.8380 14.10396029145277
1 55639U 23021M   26014.22628438 -.00001315  00000-0 -10244-3 0  9990
2 55639  70.0023 321.7653 0002292 272.4658  87.6238 14.98333101160631
1 52664U 22053J   26014.23085955  .00001782  00000-0  13007-3 0  9997
2 52664  53.2185  38.5968 0001373  80.6133 279.5014 15.08832198202820
1 52107U 22029V   26014.24327013  .00000182  00000-0  29539-4 0  9998
2 52107  53.2181 323.5393 0001329  90.3230 269.7914 15.08839840212567
1 57261U 23094AV  26014.25418091  .00000977  00000-0  87377-4 0  9991
2 57261  43.0054 325.9282 0001179 270.7731  89.2976 15.02534636138935
1 59608U 24080H   26014.25756973  .00002944  00000-0  11649-3 0  9992
2 59608  43.0020 341.3668 0001026 278.6516  81.4220 15.27574688 96267
1 58852U 24018D   26014.25869814  .00007812  00000-0  75395-3 0  9999
2 58852  58.6727  15.2364 0369261 298.1548  58.2637 14.53957490103619
1 45362U 20019C   26014.33387057  .09683900  12381-4  34861-3 0  9990
2 45362  53.0223 333.5635 0006115 206.3071 153.7667 16.43986353322603
1 59340U 24057W   26014.33815557  .00000443  00000-0  25624-4 0  9993
2 59340  43.0008 149.0049 0001213 266.9885  93.0828 15.27566293101352
1 49732U 21115J   26014.35369215  .00001347  00000-0  10276-3 0  9996
2 49732  53.2185  43.1983 0001518  77.7734 282.3428 15.08833852227181
1 54116U 22138D   26014.39392826  .00000071  00000-0  14444-3 0  9996
2 54116  87.9235 335.5660 0001712  78.1675 281.9650 13.19725925156520
1 58631U 23203P   26014.39546076  .00001882  00000-0  77948-4 0  9994
2 58631  43.0053  17.5113 0001537 242.6757 117.3938 15.27557926116387
1 54402U 22151EA  26014.42544569  .00001984  00000-0  10296-2 0  9990
2 54402  98.7031 349.2262 0145134 341.2156  18.3692 14.10632292162731
1 49442U 21104AL  26014.43370948  .00000992  00000-0  80396-4 0  9992
2 49442  53.2183  92.6852 0001267  97.2468 262.8668 15.08832736230726
1 55747U 23028G   26014.44796101 -.00002179  00000-0 -17493-3 0  9996
2 55747  70.0002  21.2839 0002944 271.9145  88.1677 14.98328142157914
1 45986U 20053B   26014.46137985 -.00000116  00000-0  00000-0 0  9997
2 45986   0.0110  25.5562 0002219  23.5735 310.8769  1.00271318 20098
1 56556U 23065BF  26014.46606947 -.00001656  00000-0 -10751-3 0  9995
2 56556  43.0041 157.5142 0001379 264.0771  95.9915 15.02534329148323
1 45434U 20020L   26014.47992342  .00000314  00000-0  84966-3 0  9991
2 45434  87.8831  51.6631 0001707  91.1970 268.9354 13.11414635282481
1 58082U 23160H   26014.48878189  .00000001  00000-0  15136-4 0  9992
2 58082  43.0057  14.8593 0001298 272.2811  87.7883 15.02541755124763
1 44680U 18079AS  26014.49199845 -.00000151  00000-0  00000+0 0  9996
2 44680  13.1566  61.0256 4696418 259.4718  46.0464  1.75589528 42763
1 53135U 22083D   26014.49766581  .00002557  00000-0  17869-3 0  9994
2 53135  53.2173  57.3967 0001072  83.4208 276.6906 15.08833624194024
1 49426U 21104U   26014.49810963  .00000675  00000-0  60498-4 0  9995
2 49426  53.2183 112.3969 0000987  96.7771 263.3334 15.08830532230443
1 59362U 24060Q   26014.50394463  .00000099  00000-0  13123-4 0  9996
2 59362  43.0014 206.0527 0001202 263.0845  96.9870 15.27573529101775
1 53706U 22107G   26014.50961814 -.00001369  00000-0 -67946-4 0  9997
2 53706  53.2177 127.4032 0001110  71.3982 288.7131 15.08844820186678
1 45851U 11037CM  26014.52579420  .00006614  00000-0  74950-2 0  9996
2 45851  51.7552 108.9211 1851956 192.5006 162.3028 10.88087205220702
1 56309U 23057B   26014.53801869  .00007994  00000-0  33645-3 0  9996
2 56309   9.9910 141.6040 0005372 350.6033   9.4082 15.18318091150631
1 55264U 23008B   26014.55297740  .00000126  00000-0  00000-0 0  9996
2 55264   1.8845  83.1734 0000611 308.1672 103.2137  1.01254450 10281
1 49105U 21075AG  26014.55453046  .00000041  00000-0  71476-4 0  9993
2 49105  87.9084  36.4074 0002390  92.1044 268.0361 13.17647504213375
1 59019U 24036X   26014.58229671  .00002259  00000-0  88413-4 0  9998
2 59019  53.1623 329.8361 0001121  90.9884 269.1245 15.30180157107032
1 56533U 23065AG  26014.58302013 -.00001458  00000-0 -92905-4 0  9992
2 56533  43.0044 131.4998 0001640 286.5665  73.4997 15.02518371148637
1 58287U 23174AH  26014.60662645  .00028052  00000-0  42167-3 0  9995
2 58287  97.3935 103.8153 0003972 331.3193  28.7842 15.54824189122129
1 46075U 20055BA  26014.61471554  .00000666  00000-0  63596-4 0  9991
2 46075  53.0566 339.3687 0001316  87.6395 272.4745 15.06394115301153
1 44389U 19038C   26014.62122182  .00016081  00000-0  36085-3 0  9997
2 44389  97.8947  55.2238 0009312  87.4389 272.7924 15.43440852359188
1 51894U 22022AU  26014.62231868 -.00000127  00000-0  10113-4 0  9995
2 51894  53.2166 241.8398 0001381  90.4269 269.6882 15.08834485215140
1 58415U 23180P   26014.64033802  .00000066  00000-0  19954-4 0  9990
2 58415  43.0048 349.7787 0000977 283.0570  77.0164 15.02536095119458
1 52262U 22041B   26014.66002252  .00000848  00000-0  71360-4 0  9993
2 52262  53.2194 351.6228 0001416  86.8101 273.3053 15.08842522206206
1 47606U 21009BL  26014.66668981  .00182720  00000-0  12557-2 0  9990
2 47606  53.0385 201.9521 0009952 173.1152 112.4908 15.73552794  6003
1 48827U 61015NF  26014.68212503  .00000400  00000-0  69091-3 0  9994
2 48827  68.1600 166.0237 0345195 268.7467  87.4032 13.31277214589427
1 50502U 21132AK  26014.70933280  .00000016  00000-0  89012-5 0  9998
2 50502  87.9180   5.9011 0002167 111.7281 248.4082 13.18679266201358
1 45384U 20019AA  26014.72970943  .00058713  00000-0  14536-2 0  9995
2 45384  53.0548  23.9137 0004793  39.7846 320.3508 15.39879394321944
1 47843U 21018BJ  26014.75845968  .00000720  00000-0  67243-4 0  9998
2 47843  53.0562 138.7256 0001230  92.7255 267.3875 15.06396464268410
1 52684U 22053AE  26014.76536857  .00000834  00000-0  70488-4 0  9993
2 52684  53.2186  26.1951 0001414  81.0801 279.0351 15.08839342202996
1 57125U 23090AA  26014.80434985  .00001581  00000-0  13212-3 0  9995
2 57125  43.0024 194.7675 0001563 262.3218  97.7446 15.02526439142262
1 50849U 22001AY  26014.81550921  .00000426  00000-0  44857-4 0  9999
2 50849  53.2180  60.9741 0001317  85.0688 275.0455 15.08836840222132
1 57368U 23099AS  26014.81591762  .00000414  00000-0  45741-4 0  9998
2 57368  43.0028 168.5790 0001336 270.1300  89.9389 15.02533062138162
1 58565U 23174CW  26014.81658902  .00070065  00000-0  59289-3 0  9992
2 58565  97.3894 107.4280 0004743 310.3233  49.7614 15.69499851122379
1 51773U 22017F   26014.82014838  .00000464  00000-0  47258-4 0  9996
2 51773  53.2160 220.9217 0001461  95.5007 264.6152 15.08832666214472
1 53914U 22119AE  26014.82330936  .00001644  00000-0  12133-3 0  9992
2 53914  53.2167 195.8875 0001362  87.5525 272.5623 15.08849868183696
1 44634U 19069A   26014.82674132 -.00000126  00000-0 -38969-3 0  9991
2 44634  87.8930 310.3243 0010856 113.7408 246.4860 13.11899072299009
1 48481U 21040BF  26014.83336806  .00000166  00000-0  22662-4 0  9997
2 48481  53.1066  83.3770 0000789  70.4790   1.3104 15.19464212  5837
1 47589U 21009AT  26014.83336806 -.00016688  00000-0 -35755-3 0  9994
2 47589  53.0547 260.7230 0000788  79.4186 348.5537 15.43552277  5626
1 55786U 23028AX  26014.83336806  .00047263  00000-0  39440-2 0  9990
2 55786  70.0019 340.3235 0002981 271.9199 211.4583 14.98311890  5809
1 58233U 23171D   26014.84778281 -.00001441  00000-0 -91694-4 0  9998
2 58233  43.0025 218.7854 0001083 263.3771  96.6948 15.02523019121625
1 48331U 21036BH  26014.87042381  .00001950  00000-0  14980-3 0  9997
2 48331  53.0554 343.2201 0001464  90.0197 270.0960 15.06392119259927
1 47767U 21017AX  26014.88893045  .00154326  00000-0  99054-2 0  9990
2 47767  53.0567  93.1338 0002969 178.6497 181.4501 15.07320722269673
1 47437U 21006AA  26014.92209701  .00003272  00000-0  11776-3 0  9996
2 47437  97.2481  59.8049 0010054  38.5626 321.6331 15.29246436275884
1 54742U 22170B   26014.92727689 -.00000166  00000-0  00000-0 0  9991
2 54742   0.0007 310.3840 0001041  68.0012 340.8167  1.00271820 11230
1 53100U 22078A   26014.94072563  .00000090  00000-0  00000-0 0  9996
2 53100   0.2849  67.9300 0003711 226.8206 168.8587  1.00271762 13011
1 54623U 22151NZ  26014.94166579  .00000610  00000-0  35113-3 0  9994
2 54623  98.8419  21.5808 0043525  46.9759 313.5046 14.12442101162263
1 44511U 92052J   26014.94909574  .00001201  00000-0  51177-2 0  9990
2 44511  66.0661 239.1388 0068827  13.3392 346.9425 12.85120311300536
1 49291U 21090N   26014.96096860 -.00000078  00000-0 -22670-3 0  9991
2 49291  87.9244 335.4444 0001666  78.4974 281.6346 13.19727205206214
1 46576U 20070AW  26015.00002315  .00105847  00000-0  20867-2 0  9992
2 46576  53.0465  23.6362 0007075 357.6595  58.3268 15.46367719  5897
1 46124U 20057H   26015.00002315  .00273764  00000-0  11426-2 0  9991
2 46124  53.0372 108.9647 0004918 342.7349  28.5572 15.84378062  5972
1 46347U 20062Y   26015.00002315  .00106364  00000-0  19098-2 0  9998
2 46347  53.0413 179.0525 0003788 159.8097  24.0446 15.49073012  5812
1 48399U 21038AY  26015.00002315  .00121523  00000-0  45401-2 0  9992
2 48399  53.1379 221.9377 0000790  94.9999 257.7979 15.26445306  5792
1 44795U 19078C   26015.01212425 -.00000075  00000-0  00000-0 0  9998
2 44795  54.3537 312.8215 0074917  49.0246 311.6271  1.78050197 39981
1 57644U 23122N   26015.04500267  .00000924  00000-0  83468-4 0  9992
2 57644  43.0056  26.0086 0001295 269.3171  90.7522 15.02534903134111
1 54175U 22141U   26015.07633657  .00000935  00000-0  76864-4 0  9995
2 54175  53.2162 244.8129 0001519  90.7163 269.4004 15.08835683177765
1 59195U 24045T   26015.10172703  .00001033  00000-0  47049-4 0  9994
2 59195  43.0036  35.3640 0001217 266.5824  93.4889 15.27578199104967
1 46061U 20055AL  26015.10679186  .00000967  00000-0  83758-4 0  9998
2 46061  53.0558 357.1963 0001462  91.6871 268.4286 15.06406823300952
1 54820U 22177A   26015.11847934  .00001053  00000-0  92997-4 0  9998
2 54820  43.0044  64.6973 0001285 280.7902  79.2796 15.02536619168895
1 52139U 22029BD  26015.11910927  .00001554  00000-0  11569-3 0  9999
2 52139  53.2195 319.6100 0001213  86.8214 273.2917 15.08838517212702
1 56063U 23043T   26015.13399271  .00000114  00000-0  24388-3 0  9995
2 56063  87.9224 274.4940 0001754  74.4305 285.7022 13.21825142138056
1 44862U 19089L   26015.13676695  .00013393  00000-0  28548-3 0  9997
2 44862  36.9711 315.1162 0021419 234.8187 125.0563 15.44009616337991
1 53026U 22076AS  26015.13983341  .00000757  00000-0  65662-4 0  9997
2 53026  53.2197 324.4120 0001295  93.2079 266.9061 15.08835033194907
1 55608U 23020AR  26015.14917355  .00000537  00000-0  54808-4 0  9994
2 55608  43.0045 282.7447 0001330 257.7420 102.3274 15.02538766161011
1 49057U 21069C   26015.15856858  .00011071  00000-0  37050-2 0  9990
2 49057   3.2425 315.7522 6421592  97.4315 334.7559  3.40832145 45539
1 55056U 23001AZ  26015.16117195  .00024286  00000-0  45280-3 0  9996
2 55056  97.3442  82.8805 0002908 347.1703  12.9473 15.48805399168886
1 53230U 22084AT  26015.16633918 -.00001990  00000-0 -13377-3 0  9995
2 53230  97.6046  78.4903 0001717 166.3672 193.7601 15.05642737191339
1 47627U 21012H   26015.16670139  .00007437  00000-0  45366-3 0  9997
2 47627  53.0545 216.8185 0000386 318.2997  34.8317 15.11282503  5769
1 59492U 24071J   26015.17768675  .00002644  00000-0  10548-3 0  9991
2 59492  43.0016 289.5653 0000936 283.3954  76.6794 15.27603399 99939
1 55201U 22151VS  26015.17973489  .00017556  00000-0  19265-2 0  9995
2 55201  98.6431  89.0849 0057378 349.6314  10.3711 14.86555949163609
1 58348U 23175C   26015.21137500  .00000058  00000-0  42261-2 0  9999
2 58348   9.0186  89.8725 1971511 358.8328   0.7758  7.34843844 58437
1 57080U 23088AJ  26015.23007512  .00000537  00000-0  54852-4 0  9998
2 57080  43.0047  25.3277 0001224 269.7772  90.2930 15.02537033142307
1 58538U 23192H   26015.25740657  .00002214  00000-0  86878-4 0  9996
2 58538  53.1609 311.0025 0001287  74.2563 285.8579 15.30193868117807
1 55143U 23004D   26015.34855441  .00000027  00000-0  34889-4 0  9990
2 55143  87.9165   5.8340 0001672  77.2766 282.8553 13.18684924149550
1 55766U 23028AB  26015.35315708  .00000041  00000-0  11272-4 0  9992
2 55766  70.0003 358.9415 0003051 270.4243  89.6566 14.98328059158549
1 53277U 22086AM  26015.36153454  .00000562  00000-0  53371-4 0  9993
2 53277  53.2186  63.5500 0001280  94.6756 265.4383 15.08840700193140
1 52350U 22045V   26015.37302398  .00001129  00000-0  88990-4 0  9998
2 52350  53.2180  78.4704 0001225  76.5120 283.6008 15.08849623207739
1 54131U 22138U   26015.37797859  .00000183  00000-0  42230-3 0  9995
2 54131  87.9240 335.3423 0002140  57.4491 302.6848 13.20261607156557
1 46696U 20073AC  26015.37844300  .00095719  00000-0  15051-2 0  9991
2 46696  53.0487  80.3948 0006221 284.1220  75.9098 15.52844205289667
1 48467U 21040AR  26015.38185422  .00004155  00000-0  29757-3 0  9991
2 48467  53.0551  70.9284 0001473  84.4939 275.6218 15.06414574258465
1 59952U 24107H   26015.38616320 -.00000927  00000-0 -27984-5 0  9992
2 59952  53.1599 154.0607 0000679  55.4627 304.6455 15.69702492 93844
1 52382U 22045BD  26015.40707190  .00000941  00000-0  77198-4 0  9995
2 52382  53.2181  68.3276 0001214  76.9890 283.1238 15.08842878207884
1 55416U 23014AB  26015.41829523 -.00000677  00000-0 -48944-4 0  9994
2 55416  69.9982 218.7300 0002746 269.9332  90.1512 14.98332830163582
1 54952U 22151SR  26015.42744711  .00000195  00000-0  16436-3 0  9998
2 54952  98.9305 358.6539 0114204 132.2639 228.8277 13.95660981161493
1 55274U 23010F   26015.47185286 -.00001505  00000-0 -11839-3 0  9992
2 55274  70.0003 158.7990 0003097 272.3726  87.7078 14.98319159165304
1 45081U 20006AP  26015.47719810  .00108942  00000-0  20226-2 0  9995
2 45081  53.0537 136.9805 0004917 314.8328  45.2279 15.48099900328844
1 54755U 22174A   26015.48204561 -.00000017  00000-0  00000-0 0  9995
2 54755   0.0631 356.7970 0004727 312.5841 152.1738  5.00116237 57722
1 56690U 23067C   26015.49432685  .00000459  00000-0  49056-4 0  9995
2 56690  43.0026 203.8736 0001128 264.3990  95.6724 15.02535770147658
1 45450U 20020AC  26015.49530635  .00000100  00000-0  22430-3 0  9996
2 45450  87.9094  36.1846 0001731  89.1985 270.9345 13.17650390286200
1 53286U 22086AW  26015.51240388  .00001148  00000-0  90241-4 0  9991
2 53286  53.2191  62.5322 0001533  74.1060 286.0101 15.08823383193166
1 50166U 21125L   26015.51657543  .00000994  00000-0  80548-4 0  9990
2 50166  53.2179 127.7564 0001143  84.7230 275.3893 15.08840118228568
1 55169U 23004AF  26015.54951032  .00000249  00000-0  65766-3 0  9996
2 55169  87.8928  20.9579 0002505  90.0397 270.1018 13.12440690148015
1 56694U 23067G   26015.55081506  .00000345  00000-0  40624-4 0  9994
2 56694  43.0031 203.4555 0001219 262.9272  97.1432 15.02536207147661
1 54407U 22151EF  26015.56354097  .00001402  00000-0  66038-3 0  9997
2 54407  98.7717  24.2191 0043905  50.9912 309.5162 14.21006216164018
1 52155U 22032C   26015.60406204  .00001943  00000-0  15666-3 0  9997
2 52155  97.6085  64.0982 0021218 322.0693  37.9035 15.00890444207385
1 55345U 23013Q   26015.60812800  .00000389  00000-0  43872-4 0  9998
2 55345  43.0014 215.8181 0001170 268.7700  91.3008 15.02535516163870
1 55918U 23037E   26015.60861945  .00000764  00000-0  71847-4 0  9994
2 55918  69.9997  78.3947 0002932 267.9720  92.1103 14.98331631155530
1 55172U 23004AJ  26015.61080977  .00000308  00000-0  83213-3 0  9992
2 55172  87.8823  51.4589 0001180 120.5432 239.5812 13.11418307145871
1 53671U 22105Z   26015.62140679  .00000274  00000-0  25850-4 0  9998
2 53671  97.6028 258.2653 0002166  93.5444 266.6028 15.01265110185276
1 54549U 22151KZ  26015.62315784  .00001035  00000-0  29763-3 0  9997
2 54549  98.5752  48.0970 0109184  75.3120 286.0142 14.43530814166766
1 45323U 91056BM  26015.62997668  .00000530  00000-0  12736-2 0  9994
2 45323  82.5279 235.9495 0003239  21.2625 338.8634 13.20775226283254
1 54757U 22174C   26015.63149898  .00000044  00000-0  00000+0 0  9993
2 54757   9.6205  74.2302 1874222 125.2682 253.7407  7.26291876 81849
1 59343U 24058A   26015.63369391  .00000001  00000-0  23909-4 0  9995
2 59343  98.8225  25.5897 0001216  78.7535 281.3774 14.13452357 93190
1 44311U 19032B   26015.63599318  .00007556  00000-0  31513-3 0  9995
2 44311  44.9790 121.3239 0026791 181.0766 179.0062 15.23970965364446
1 59583U 24076V   26015.66213598  .00000631  00000-0  32433-4 0  9992
2 59583  43.0039 308.3979 0001097 276.1710  83.9017 15.27581398 98308
1 51634U 22012N   26015.69306352 -.00000414  00000-0 -12231-2 0  9996
2 51634  87.8767  66.6818 0001954  99.4704 260.6644 13.10371179189370
1 51986U 22025AG  26015.69317515  .00000550  00000-0  52621-4 0  9991
2 51986  53.2179 276.8784 0001365  93.5064 266.6084 15.08836483213062
1 58303U 23174AZ  26015.72049320  .00024304  00000-0  41902-3 0  9999
2 58303  97.3953 104.1340 0004702 329.0512  31.0462 15.51029480122247
1 57981U 23151T   26015.74528322 -.00000201  00000-0  19954-6 0  9997
2 57981  43.0020 279.6900 0001128 262.0754  97.9960 15.02538621127612
1 52617U 22052V   26015.75299038 -.00000105  00000-0  11481-4 0  9995
2 52617  53.2179 146.7584 0001273  86.6581 273.4557 15.08837585202997
1 54672U 22166AG  26015.75600321  .00000006  00000-0 -16668-4 0  9997
2 54672  87.9225 274.3640 0002154  77.1291 283.0084 13.21827862151411
1 56546U 23065AV  26015.76021755  .00000233  00000-0  32333-4 0  9995
2 56546  43.0030 150.8876 0001272 268.7315  91.3382 15.02538074148517
1 58282U 23174AC  26015.78698369  .00017223  00000-0  36238-3 0  9992
2 58282  97.3950 102.6055 0004923 343.6123  16.4966 15.45352949122148
1 54148U 22138AM  26015.79720884 -.00000033  00000-0 -11265-3 0  9993
2 54148  87.9221 304.8766 0001846 109.5813 250.5520 13.20773383159183
1 53535U 22101J   26015.80221594 -.00000357  00000-0 -43363-5 0  9993
2 53535  53.2193 311.5431 0001755  89.3159 270.8034 15.08838766188189
1 57249U 23094AH  26015.81671864  .00000277  00000-0  35547-4 0  9994
2 57249  43.0047 304.8079 0001238 269.3408  90.7292 15.02538949139316
1 54127U 22138Q   26015.85181475 -.00000011  00000-0 -59557-4 0  9997
2 54127  87.9242 335.2654 0001731  76.7368 283.3957 13.19726854156713
1 57213U 23093A   26015.87227972  .00000020  00000-0  00000-0 0  9995
2 57213   0.0308  94.5241 0000723 242.2178  93.2810  1.00272116  9387
1 59679U 24085C   26015.88791101  .00005826  00000-0  19772-3 0  9994
2 59679  97.3467  93.1642 0027807 220.9728 138.9423 15.30532748 94329
1 49114U 21076C   26015.88900714  .00000143  00000-0  22421-3 0  9998
2 49114  86.4074 212.1458 0020161 125.0740 235.2298 13.42864333215446
1 54109U 22137A   26015.89823740  .00008179  00000-0  16165-3 0  9996
2 54109  96.9443  80.8254 0009139 218.9561 141.1033 15.47324298182769
1 59673U 24084V   26015.91961251 -.00000299  00000-0 -13668-5 0  9997
2 59673  43.0006 339.7226 0000694 288.6901  71.3875 15.27579762 96300
1 59421U 24065A   26015.92308210  .00003198  00000-0  31223-4 0  9993
2 59421  53.1590 354.1390 0000977  99.7940 260.3189 15.69727128103227
1 57171U 23091F   26015.94348616  .00004928  00000-0  22263-3 0  9992
2 57171  97.5348  77.3162 0010188 286.8918  73.1200 15.21391613140993
1 57180U 23091Q   26015.95833021  .00006709  00000-0  27751-3 0  9998
2 57180  97.5321  78.4970 0011257 276.3567  83.6388 15.24246415141070
1 54192U 22141AM  26015.97515248  .00000546  00000-0  52386-4 0  9999
2 54192  53.2157 230.4928 0001330  98.6516 261.4627 15.08843526178046
1 55632U 23021E   26015.98714377 -.00000076  00000-0  14616-5 0  9996
2 55632  70.0013 337.3441 0002717 277.6963  82.3887 14.98333739160403
1 51467U 22010M   26016.07590865 -.00000356  00000-0 -42559-5 0  9999
2 51467  53.2165 155.3134 0001188  82.6521 277.4606 15.08836483218572
1 54042U 22133A   26016.10271847  .00003888  00000-0  16087-3 0  9993
2 54042  35.0072 356.1721 0027643 279.6727  80.0865 15.23055223181556
1 57340U 23099N   26016.14524077  .00000918  00000-0  83050-4 0  9995
2 57340  43.0034 174.3878 0001267 263.6039  96.4659 15.02525389138212
1 56715U 23068F   26016.17376548  .00000040  00000-0  70191-4 0  9995
2 56715  87.9030 259.0266 0001973  87.6180 272.5177 13.16594418131720
1 57112U 23090M   26016.18791136  .00000093  00000-0  21961-4 0  9996
2 57112  43.0014 200.1141 0001358 268.8586  91.2101 15.02534826142512
1 56029U 23042AV  26016.19396159  .00000178  00000-0  28219-4 0  9993
2 56029  43.0052 328.3456 0001081 269.9282  90.1436 15.02537985155163
1 48131U 21027AR  26016.19643503  .00001811  00000-0  14045-3 0  9993
2 48131  53.0557  27.2690 0001372  90.3451 269.7695 15.06406164264789
1 58262U 23174G   26016.22191878  .00017930  00000-0  29363-3 0  9999
2 58262  97.4029 108.4198 0004437 316.0059  44.0841 15.52539399122523
1 48573U 21041W   26016.25353494  .00005983  00000-0  41970-3 0  9994
2 48573  53.0556   7.0122 0001498  87.4673 272.6488 15.06443007257294
1 55167U 23004AD  26016.27744302  .00000052  00000-0  99974-4 0  9996
2 55167  87.9084  36.0705 0001452 104.9976 255.1317 13.17648973147578
1 57696U 23127A   26016.28591900  .00004092  00000-0  25327-3 0  9994
2 57696  97.5593 112.1323 0006931 120.7742 239.4170 15.10347780132703
1 48106U 21027Q   26016.31070191  .00002164  00000-0  16412-3 0  9998
2 48106  53.0554  26.7674 0001200  79.4732 280.6392 15.06400457264802
1 45939U 20051A   26016.31817590  .00001715  00000-0  79647-4 0  9998
2 45939  97.3047  88.8051 0005163 135.4078 224.7575 15.21308385304257
1 58929U 24026A   26016.31864373  .00023049  00000-0  15281-3 0  9995
2 58929  96.6431 267.0875 0002725 103.7784 256.3786 15.75498489111724
1 48557U 21041E   26016.36045205  .00000884  00000-0  78210-4 0  9999
2 48557  53.0555   6.5304 0001469  88.5597 271.5561 15.06412011257310
1 57460U 23107D   26016.38374083  .00000235  00000-0  32464-4 0  9999
2 57460  43.0026 263.3225 0000998 271.4118  88.6610 15.02535379137248
1 54669U 22166AD  26016.44221245  .00000008  00000-0 -12960-4 0  9997
2 54669  87.9218 274.2616 0002167  83.5076 276.6305 13.21823772151462
1 53154U 22083Y   26016.47473134 -.00000213  00000-0  46991-5 0  9992
2 53154  53.2187  38.5218 0001330  88.0981 272.0163 15.08836686193470
1 49432U 21104AA  26016.50190304 -.00002219  00000-0 -12132-3 0  9995
2 49432  53.2174  93.4000 0001356  69.6857 290.4280 15.08853670230898
1 56130U 23046AQ  26016.52858912  .00000498  00000-0  51926-4 0  9993
2 56130  43.0047  69.5686 0001513 275.4900  84.5770 15.02539966154368
1 49106U 21075AH  26016.55753672 -.00000174  00000-0 -51817-3 0  9999
2 49106  87.8929  20.7514 0002414  95.6537 264.4867 13.12442858214664
1 59436U 24065R   26016.57963030  .00001298  00000-0  55974-4 0  9996
2 59436  53.1594 163.5412 0001157  88.6635 271.4498 15.30186373100955
1 52986U 22076A   26016.58053601  .00001213  00000-0  94334-4 0  9994
2 52986  53.2190 328.0484 0001406  86.6431 273.4722 15.08829926194977
1 55056U 23001AZ  26016.58251617  .00032129  00000-0  59616-3 0  9994
2 55056  97.3438  84.3256 0002721 341.0531  19.0618 15.48889378169107
1 45132U 20008B   26016.58280955  .00000715  00000-0  20129-2 0  9991
2 45132  87.8770  66.4928 0001574 102.4283 257.7021 13.10373769288097
1 46113U 20056B   26016.58524065  .00000000  00000-0  00000-0 0  9998
2 46113   0.0212  53.5380 0001068 291.5889 340.6377  1.00270661 19174
1 58469U 23185H   26016.59500691  .00005675  00000-0  19424-3 0  9997
2 58469  97.5865 101.8508 0008320 277.5582  82.4713 15.30627456117874
1 56321U 23058E   26016.61318491  .00044788  00000-0  30872-2 0  9996
2 56321  97.6018  19.9246 0002455 108.1075 252.0419 15.05667354150011
1 56913U 23083AP  26016.61557865 -.00000018  00000-0  13774-4 0  9994
2 56913  43.0056 352.0334 0001253 270.9057  89.1642 15.02537219143985
1 51998U 22025AU  26016.63343378  .00000726  00000-0  63690-4 0  9998
2 51998  53.2158 252.8101 0001363  83.3975 276.7172 15.08839560213064
1 56512U 23065K   26016.71114547 -.00000390  00000-0 -13777-4 0  9993
2 56512  43.0029 132.9559 0001460 257.2398 102.8281 15.02534429148808
1 51755U 22016AT  26016.76131351  .00000207  00000-0  31070-4 0  9990
2 51755  53.2174 182.2340 0001330  90.7471 269.3674 15.08834618215865
1 52634U 22052AN  26016.77971813 -.00000357  00000-0 -43481-5 0  9991
2 52634  53.2173 142.1851 0001231  86.1338 273.9795 15.08834402203159
1 44480U 19050B   26016.78543382  .00052109 -23007-6  10212-2 0  9994
2 44480  26.1427 248.6631 5870792 256.5850  35.0905  4.33104889 73566
1 56130U 23046AQ  26016.86098058  .00000210  00000-0  30620-4 0  9997
2 56130  43.0038  67.7620 0001516 276.2533  83.8137 15.02537565154418
1 57741U 23131K   26016.89920478  .00000962  00000-0  86298-4 0  9990
2 57741  43.0052  93.1998 0001450 278.2617  81.8061 15.02543331132133
1 54583U 22151MK  26016.92532269  .00001542  00000-0  90688-3 0  9995
2 54583  98.8508   7.7334 0088133  89.4645 271.6622 14.07562459162242
1 58478U 23186F   26016.92879983  .00000198  00000-0  29720-4 0  9994
2 58478  43.0045 348.8476 0001219 263.3433  96.7271 15.02541484118104
1 59071U 24039U   26016.93069603  .00006259  00000-0  49666-3 0  9997
2 59071  95.3964 131.3929 0149276 135.2480 226.0903 14.92235591102174
1 49197U 21083M   26016.93272491 -.00000155  00000-0 -45948-3 0  9992
2 49197  87.9007 350.2608 0001728  86.6733 273.4594 13.13469627211042
1 49076U 21075B   26016.94027897 -.00000104  00000-0 -32560-3 0  9998
2 49076  87.8923  20.7200 0001964  89.9517 270.1837 13.12441895214727
1 50504U 21132AM  26016.96684491  .00000049  00000-0  92375-4 0  9998
2 50504  87.9179   5.4916 0001491  83.5446 276.5855 13.18686978201678
1 46338U 20062P   26017.00002315  .00228898  00000-0  23304-2 0  9992
2 46338  53.0463 225.1703 0017056 116.9460 304.1610 15.63721103  5923
1 45389U 20019AF  26017.00002315  .00102944  00000-0  20958-2 0  9994
2 45389  53.0506 358.3363 0010098  54.4868 112.0058 15.45416831  5891
1 59525U 24073Q   26017.00694657  .00003110  00000-0  12242-3 0  9994
2 59525  42.9997 249.7042 0000624 252.5101 107.5682 15.27596810 98273
1 58899U 24022A   26017.02153517  .00015174  00000-0  45364-3 0  9992
2 58899  97.4253 225.5149 0009112 307.4876  52.5538 15.34629032109044
1 59433U 24065N   26017.09423771 -.00000232  00000-0  42957-5 0  9990
2 59433  53.1600 163.2029 0001110  78.0880 282.0245 15.30186414101006
1 53652U 22105E   26017.18193955  .00000262  00000-0  24955-4 0  9997
2 53652  97.6016 259.7783 0001603  89.7013 270.4395 15.01244881185504
1 58826U 24017A   26017.19987461  .00001161  00000-0  51299-4 0  9993
2 58826  53.1600  83.4358 0000992  65.3112 294.7992 15.30205257112292
1 58303U 23174AZ  26017.20430971  .00038295  00000-0  65590-3 0  9993
2 58303  97.3951 105.6592 0004583 322.8843  37.2092 15.51125835122478
1 46702U 20073AJ  26017.22204497  .00001770  00000-0  13768-3 0  9990
2 46702  53.0555  92.6681 0001371  93.7404 266.3742 15.06411003289656
1 57869U 23144F   26017.22582973  .00000116  00000-0  23670-4 0  9993
2 57869  43.0032 207.5423 0000820 268.0469  92.0280 15.02532446129822
1 53392U 22097E   26017.23648802  .00000245  00000-0  33479-4 0  9992
2 53392  53.2193 355.1032 0001351  87.7323 272.3824 15.08842488190901
1 55641U 23021P   26017.25535603  .00000536  00000-0  52694-4 0  9998
2 55641  70.0008 314.2740 0002732 273.7470  86.3376 14.98337620161085
1 56570U 14028BD  26017.26473958  .00004182  00000-0  16461-1 0  9992
2 56570  82.4302 357.4010 0117419 348.3904  11.4496 12.85682501140635
1 56812U 23078AX  26017.26547123  .00000247  00000-0  28518-4 0  9999
2 56812  69.9995  94.0012 0003173 271.6240  88.4556 14.98338995145479
1 48240U 21031AG  26017.26833412  .00000120  00000-0  29032-3 0  9992
2 48240  87.9027 319.7674 0001401  87.3072 272.8218 13.14504823228321
1 48311U 21036AM  26017.27089486 -.00000337  00000-0 -37538-5 0  9995
2 48311  53.0566 322.4445 0001514  92.3188 267.7974 15.06396686260426
1 54754U 22173A   26017.29123741  .00000118  00000-0  81742-4 0  9991
2 54754  77.6083 238.9998 0000507  41.7946 318.3245 14.00168417158034
1 56961U 23084AF  26017.31283202  .00049119  00000-0  46632-3 0  9999
2 56961  97.5726 168.6808 0000682  92.8451 267.2887 15.66757439145448
1 46033U 20055G   26017.31741032  .00002052  00000-0  15653-3 0  9997
2 46033  53.0556 357.2362 0001505  91.0526 269.0635 15.06414467301120
1 57905U 23146Q   26017.33335648  .01695290  00000-0  35319-1 0  9997
2 57905  42.9999 228.7307 0001687 274.5656  94.9370 15.41893659  5790
1 57920U 23147H   26017.35126002  .00000352  00000-0  41156-4 0  9996
2 57920  43.0043 245.1594 0001195 252.9675 107.1037 15.02541170128894
1 54474U 22151HA  26017.35601251  .00000034  00000-0  55333-4 0  9994
2 54474  98.9071 346.3201 0138602 152.7637 208.0879 13.90733904161157
1 49727U 21115D   26017.42646914 -.00000004  00000-0  17863-4 0  9995
2 49727  53.2180  29.2513 0001405  87.7617 272.3536 15.08842078227651
1 54591U 22151MR  26017.48053937  .00019448  00000-0  23683-2 0  9990
2 54591  98.7227 101.3661 0094480  12.2981 348.0503 14.80283189 94209
1 58801U 24012Q   26017.48115271  .00000817  00000-0  39204-4 0  9994
2 58801  43.0010  94.4989 0001463 272.2019  87.8665 15.27589340113405
1 53062U 22077V   26017.49452684 -.00000480  00000-0 -32847-4 0  9994
2 53062  97.6020 200.1022 0003101  37.7702 322.3739 15.01257475193234
1 58070U 23158V   26017.49606945  .00000080  00000-0  20984-4 0  9993
2 58070  43.0043 308.2331 0000843 271.1430  88.9316 15.02537125125834
1 57109U 23090J   26017.51302957  .00000898  00000-0  81499-4 0  9994
2 57109  43.0029 192.8576 0001274 266.4806  93.5890 15.02540857142712
1 54279U 22151W   26017.51640812  .00000477  00000-0  17727-3 0  9996
2 54279  98.6203  33.0299 0139210 153.7270 207.1062 14.31403847165559
1 47068U 93036BXY 26017.56393968  .00003414  00000-0  82384-3 0  9991
2 47068  74.0247 135.7933 0017995 222.1252 137.8528 14.53469277622775
1 59336U 24057S   26017.56554883  .00000975  00000-0  44941-4 0  9991
2 59336  43.0003 115.5085 0000828 255.9240 104.1519 15.27594185102021
1 54362U 22158B   26017.57328480  .00019701  00000-0  38708-3 0  9998
2 54362  97.4759 136.6296 0012877 143.2405 216.9730 15.47250940175413
1 58734U 24005G   26017.61132694 -.00002704  00000-0 -18512-3 0  9991
2 58734  43.0039 139.5491 0001853 269.7818  90.2812 15.02545821112737
1 47855U 21020B   26017.61886569 -.00000056  00000-0  54607-4 0  9997
2 47855  63.4108 295.8251 0157437   0.6993 359.4225 13.44219249237943
1 46114U 20056C   26017.63046321  .00000000  00000-0  00000-0 0  9990
2 46114   0.0268  60.5875 0002032 251.5215 266.9137  1.00271686 19783
1 58966U 24031B   26017.65208106 -.00000333  00000-0  86829-6 0  9997
2 58966  53.1603 173.4384 0001093  83.0203 277.0922 15.30193812108723
1 56768U 23078B   26017.66169076 -.00000144  00000-0 -42342-5 0  9990
2 56768  69.9998  92.9805 0003057 270.9177  89.1632 14.98337687145538
1 56524U 23065X   26017.67390178  .00000121  00000-0  24046-4 0  9999
2 56524  43.0029 127.2890 0001699 277.1308  82.9341 15.02537635148955
1 57057U 23088K   26017.71823839  .00000072  00000-0  20374-4 0  9991
2 57057  43.0049  24.3043 0001104 271.1486  88.9230 15.02535680142706
1 45676U 20035V   26017.74683312  .00001608  00000-0  12680-3 0  9993
2 45676  53.0540 295.3111 0002034  82.5901 277.5320 15.06405326311017
1 57762U 23133F   26017.83993510 -.00000010  00000-0 -18834-4 0  9994
2 57762  81.0015 151.7562 0006592  63.0285 297.1544 13.85457720120217
1 49330U 21094A   26017.85434258 -.00000337  00000-0  00000-0 0  9994
2 49330   4.7557  62.0248 0050762 171.8848 318.4557  1.00260728  3853
1 59130U 24043AJ  26017.88836901  .00014009  00000-0  37552-3 0  9999
2 59130  97.5363 157.4906 0009188  42.2152 317.9798 15.38063865104371
1 53480U 22099R   26017.90357989  .00001561  00000-0  11231-3 0  9992
2 53480  97.6003 141.1407 0001155  84.1632 275.9727 15.05663399188408
1 55383U 23013BE  26017.90821545 -.00001791  00000-0 -11755-3 0  9995
2 55383  43.0037 202.9852 0001011 272.9848  87.0879 15.02535499164221
1 57793U 23135B   26017.90896382  .00000005  00000-0  72139-4 0  9997
2 57793  49.9687  64.8437 0012976  97.0643 263.1746 14.23051533123228
1 58153U 23166D   26017.91320925 -.00003500  00000-0 -10620-3 0  9999
2 58153  53.1603  95.5750 0001315  86.8343 273.2808 15.30168869125404
1 51889U 22022AP  26017.94167080 -.00000200  00000-0  54969-5 0  9991
2 51889  53.2171 226.9405 0001450  88.4143 271.7015 15.08839465215581
1 55582U 23020P   26017.94906918 -.00005489  00000-0 -39214-3 0  9994
2 55582  43.0037 267.6363 0001401 261.8900  98.1784 15.02479046161439
1 56170U 23050J   26017.96827678  .00000130  00000-0  11046-3 0  9997
2 56170  81.0001 224.2728 0009657 344.2927  15.7926 13.82412685140775
1 48388U 21038AM  26017.97168339  .00001609  00000-0  12691-3 0  9995
2 48388  53.0556 214.3013 0001637  88.0086 272.1090 15.06400448259591
1 56718U 23068J   26017.97290169  .00000132  00000-0  31696-3 0  9999
2 56718  87.9006 289.1803 0001879  88.8096 271.3249 13.15550155129702
1 54045U 22133D   26017.97548049  .00023414  00000-0  61448-3 0  9991
2 54045  34.9935 328.0431 0014132 260.0934  99.8189 15.37601946182006
1 48460U 21040AJ  26018.00002315  .00120598  00000-0  25246-2 0  9993
2 48460  53.0637  13.4326 0003068  67.9003 295.3368 15.44559396  5843
1 52113U 22029AB  26018.19927289  .00004094  00000-0  27509-3 0  9994
2 52113  53.2190 305.7829 0001424  90.2482 269.8674 15.08848976213165
1 51896U 22022AW  26018.28026192  .00000428  00000-0  44964-4 0  9999
2 51896  53.2175 225.6412 0001494  90.9033 269.2130 15.08839635215681
1 59188U 24045L   26018.28766922  .00005634  00000-0  21418-3 0  9992
2 59188  42.9988  17.1302 0000684 260.0792  99.9983 15.27567032105451
1 56401U 23061AD  26018.31924544  .00131260  00000-0  11093-2 0  9996
2 56401  42.9982  53.5888 0002485  52.8106 307.2987 15.68587531149841
1 59354U 24060G   26018.44255203  .00004186  00000-0  16158-3 0  9993
2 59354  42.9995 184.0206 0000958 260.2452  99.8292 15.27570827102376
1 54004U 22125AS  26018.45729486 -.00000623  00000-0 -21088-4 0  9993
2 54004  53.2168  79.3058 0001108  80.0656 280.0461 15.08837391181889
1 56128U 23046AN  26018.53513773 -.00000239  00000-0 -25903-5 0  9998
2 56128  43.0039  58.8200 0001165 274.0317  86.0392 15.02532542154662
1 48755U 02032CQ  26018.54368267  .00027339  00000-0  28135-2 0  9999
2 48755  98.7013  48.6160 0013931  36.0762 324.1390 14.90187391254540
1 49095U 21075W   26018.57071448  .00000019  00000-0  16402-4 0  9992
2 49095  87.9091  35.5945 0001636 106.1799 253.9513 13.17650274213878
1 53686U 22105AQ  26018.57422462  .00002546  00000-0  20266-3 0  9993
2 53686  97.6012 261.1997 0000889 100.7339 259.3986 15.01266823185727
1 48076U 21025AL  26018.61539777  .00000066  00000-0  14601-3 0  9994
2 48076  87.9011 349.9302 0001964  80.0720 280.0631 13.13470386234016
1 59775U 24092C   26018.62444652  .00010681  00000-0  42054-3 0  9994
2 59775  97.6442 145.6307 0009558 354.6729   5.4405 15.25767500 92744
1 53661U 22105P   26018.63557155  .00001965  00000-0  15746-3 0  9992
2 53661  97.6009 261.2051 0001095 124.4962 235.6366 15.01267123185726
1 46810U 20076D   26018.63969664  .00003693  00000-0  25086-3 0  9995
2 46810  34.9983 245.4637 0011593 293.3477  66.6013 15.05830213286019
1 46338U 20062P   26018.66668981  .00190250  00000-0  18896-2 0  9992
2 46338  53.0461 217.0004 0016693 124.7755 326.3766 15.64482667  5877
1 57303U 23096P   26018.66668981  .00648156  00000-0  53176-2 0  9999
2 57303  42.9821  83.6766 0031513  44.6352 251.7515 15.67161836  5936
1 51757U 22016AV  26018.71635559 -.00000766  00000-0 -30062-4 0  9990
2 51757  53.2169 173.4712 0001127  90.0964 270.0157 15.08841507216164
1 51643U 22012X   26018.76646721  .00000025  00000-0  30549-4 0  9994
2 51643  87.9092  35.5277 0001904  90.5691 269.5659 13.17649608193986
1 50321U 21129A   26018.76659808 -.00000079  00000-0  00000+0 0  9998
2 50321   3.2878  82.0161 0003635 229.2984 248.9320  1.00103316 15001
1 57418U 23102Q   26018.78877099  .00001505  00000-0  12640-3 0  9992
2 57418  43.0011 159.7011 0001449 259.6668 100.4011 15.02555038138733
1 59708U 24088A   26018.81814210 -.00000554  00000-0  29092-6 0  9996
2 59708  53.1586 211.8141 0001234  83.7314 276.3844 15.69703062 98429
1 54250U 22154B   26018.82442488 -.00000088  00000-0  83020-5 0  9992
2 54250  63.4055 161.2965 0216909  25.5683 335.5894 13.68991109158904
1 58890U 24020Q   26018.86632191 -.00000091  00000-0  90700-5 0  9993
2 58890  53.1589 191.6894 0001318  89.5035 270.6117 15.30187959110479
1 56095U 23046C   26018.86726422  .00004847  00000-0  37364-3 0  9993
2 56095  43.0056  69.9965 0001298 272.9800  87.0894 15.02536528154561
1 53893U 22119H   26018.87136769 -.00000078  00000-0  13186-4 0  9996
2 53893  53.2161 187.7668 0001535  89.8703 270.2465 15.08839546184165
1 48972U 21060F   26018.90013190  .00000090  00000-0  20270-3 0  9992
2 48972  87.9030 258.4927 0001102  78.2946 281.8309 13.16597052219941
1 55832U 23029AN  26018.90897327  .00000106  00000-0  23238-3 0  9999
2 55832  87.9247 334.6691 0001809  75.6270 284.5064 13.19725234139211
1 53229U 22084AS  26018.91014417  .00000645  00000-0  48899-4 0  9998
2 53229  97.6040  82.1259 0000336 143.7403 216.3846 15.05648229191890
1 55439U 23014BA  26018.93178192  .00001129  00000-0  10233-3 0  9998
2 55439  69.9986 229.9826 0002848 287.8449  72.2399 14.98342592163613
1 44907U 19096C   26018.94297779 -.00000087  00000-0 -70016-3 0  9994
2 44907  82.5196 176.6064 0011423 180.3185 179.7890 12.42886233275097
1 59736U 24090G   26018.94817018 -.00001850  00000-0 -57770-4 0  9996
2 59736  43.0038 104.3383 0000373 281.9739  78.1071 15.27562508 95834
1 51739U 22016AB  26018.96838956 -.00002129  00000-0 -11573-3 0  9993
2 51739  53.2162 182.3262 0001306  90.3363 269.7779 15.08838665216055
1 58536U 23192F   26018.97085082  .00000265  00000-0  21088-4 0  9996
2 58536  53.1606 293.6702 0001765  85.4591 274.6611 15.30194381118372
1 45693U 20035AN  26018.99047824  .00023822  00000-0  14780-2 0  9996
2 45693  53.0526 279.0367 0007390  92.0262 268.1575 15.09600078311380
1 52461U 22049L   26018.99323277 -.00001455  00000-0 -73358-4 0  9991
2 52461  53.2161 272.2174 0001420  95.2522 264.8632 15.08841390204887
1 58376U 23178C   26018.99812992 -.00000350  00000-0  30153-6 0  9993
2 58376  53.1597 231.8716 0001140  84.4959 275.6172 15.30200138122282
1 58364U 23177P   26019.03444695 -.00000843  00000-0 -47372-4 0  9993
2 58364  43.0022 259.9211 0000476 254.9407 105.1383 15.02529341120765
1 57372U 23099AW  26019.05608371 -.00000123  00000-0  59539-5 0  9998
2 57372  43.0034 145.3440 0001313 267.6952  92.3740 15.02539081138805
1 53078U 22077AM  26019.07195933 -.00000154  00000-0 -74625-5 0  9997
2 53078  97.6026 201.6316 0002276 195.6315 164.4840 15.01260492193472
1 57814U 23138G   26019.07494981 -.00002962  00000-0 -20428-3 0  9992
2 57814  43.0030 145.5887 0001383 264.7237  95.3448 15.02531534131255
1 54886U 22151PX  26019.10003254  .00000000  00000-0  41786-4 0  9995
2 54886  98.9254 235.8259 0495497 125.9400 238.8748 13.18738695153351
1 46116U 20056E   26019.11497647  .00000956  00000-0  50296-3 0  9993
2 46116   6.2148   8.2480 7179191  35.6646 355.7918  2.38740418 46216
1 54944U 22151SH  26019.13433168  .00000092  00000-0  18085-3 0  9990
2 54944  99.0524 240.3066 0509945 171.0192 190.0486 13.12896381152212
1 48282U 21036G   26019.17375340  .00000849  00000-0  75911-4 0  9992
2 48282  53.0559 303.9036 0001587  97.5848 262.5321 15.06399727260850
1 48691U 21044BF  26019.17605695  .00000960  00000-0  83298-4 0  9995
2 48691  53.0542 298.8925 0001412  88.7726 271.3425 15.06401921256879
1 56104U 23046M   26019.17745911 -.00001084  00000-0 -65149-4 0  9998
2 56104  43.0051  68.0222 0001370 262.9216  97.1471 15.02533484154611
1 48398U 21038AX  26019.21090287  .00021992  00000-0  12991-2 0  9990
2 48398  53.0732 203.2873 0001193  90.8336 269.2792 15.11449576261078
1 46141U 20057AA  26019.22625686  .00074765  00000-0  19188-2 0  9993
2 46141  53.0459 105.2872 0001883  36.5974 323.5158 15.38678311299643
1 47079U 91056DD  26019.28163108  .00000584  00000-0  13214-2 0  9995
2 47079  82.5428 226.0132 0033097   9.8570 350.3199 13.24686572252019
1 49137U 21082H   26019.31837847  .00000720  00000-0  69471-4 0  9996
2 49137  69.9997  39.5672 0004148 278.3275  81.7413 14.97526776239066
1 56659U 22151AGK 26019.32807970  .00003930  00000-0  13854-2 0  9994
2 56659  98.7272  48.9486 0025016  50.6859 309.6538 14.35177816146574
1 52839U 22062K   26019.39021109  .00000347  00000-0  39912-4 0  9994
2 52839  53.2168 255.4343 0001436  86.6535 273.4622 15.08842540198345
1 56666U 22151AGS 26019.41745192  .00002943  00000-0  85059-3 0  9999
2 56666  98.7488  75.9060 0075487  11.8105 348.4833 14.43699485143924
1 48138U 21027AY  26019.41978801  .00001333  00000-0  10835-3 0  9992
2 48138  53.0544  32.7997 0001429  88.3607 271.7546 15.06403709264999
1 47357U 21005J   26019.45578146  .00001466  00000-0  11726-3 0  9999
2 47357  53.0541 283.0607 0001479  90.0767 270.0391 15.06402147275615
1 51811U 22017AV  26019.47807239  .00000126  00000-0  26034-4 0  9994
2 51811  53.2160 200.0405 0001517  87.0472 273.0694 15.08839835216536
1 56137U 23046AX  26019.48679394  .00000260  00000-0  34325-4 0  9994
2 56137  43.0048  53.0589 0001145 272.0846  87.9866 15.02537550154819
1 49219U 21083AK  26019.49509905  .00000163  00000-0  37013-3 0  9995
2 49219  87.9232 304.0976 0001505  75.2477 284.8823 13.20773228217189
1 59655U 24084B   26019.51763294  .00002564  00000-0  10266-3 0  9998
2 59655  42.9996 315.9800 0001332 265.4544  94.6155 15.27579472 96897
1 57611U 23119K   26019.60563136  .00000712  00000-0  67750-4 0  9993
2 57611  43.0056 348.2096 0001202 274.5913  85.4792 15.02540713135684
1 54214U 22142A   26019.61312464  .00000086  00000-0  86678-4 0  9995
2 54214  59.9957  71.3516 0019525 152.2129 207.9953 14.29476875168451
1 50005U 21124A   26019.61489498  .00000000  00000-0  00000-0 0  9997
2 50005   0.4167  89.4032 0005240 190.1889 231.7419  1.00272792 15130
1 47997U 21024W   26019.61698846  .00000746  00000-0  68983-4 0  9996
2 47997  53.0549 171.9156 0001325  92.0096 268.1044 15.06398083267510
1 54381U 22163A   26019.63345568 -.00000030  00000-0  32957-4 0  9997
2 54381  67.1470 108.2800 0005501 272.8934  87.1521 13.96677019160025
1 52845U 22062R   26019.64046581 -.00000142  00000-0  92012-5 0  9995
2 52845  53.2166 254.3781 0001468  88.2932 271.8228 15.08836548198387
1 52640U 22052AU  26019.66575199  .00000265  00000-0  34749-4 0  9998
2 52640  53.2187 119.2316 0001289  92.9435 267.1705 15.08844861203727
1 54060U 22136K   26019.69928880  .00000136  00000-0  26650-4 0  9990
2 54060  53.2177 173.7035 0001349  93.6534 266.4612 15.08840905179874
1 49175U 21082AX  26019.77843449  .00000417  00000-0  43539-4 0  9993
2 49175  70.0009  38.5440 0002899 275.8543  84.2285 14.97528360239121
1 58234U 23171E   26019.83028621  .00000272  00000-0  35214-4 0  9994
2 58234  43.0021 191.6692 0001162 256.0821 103.9892 15.02536374122375
1 51732U 22016U   26019.84423084  .00000697  00000-0  61859-4 0  9995
2 51732  53.2170 178.3954 0001380  87.5406 272.5744 15.08836467217332
1 54076U 22136AB  26019.88890240  .00004181  00000-0  28039-3 0  9992
2 54076  53.2154 203.3973 0001216  89.0325 271.0807 15.08873984179474
1 58225U 23170V   26019.94651524  .00000455  00000-0  26053-4 0  9993
2 58225  43.0042 327.5839 0001652 267.3729  92.6934 15.27578626124519
1 53558U 22101AH  26019.96748421  .00003063  00000-0  21044-3 0  9997
2 53558  53.2173 277.5667 0001554  86.8710 273.2460 15.08842356189682
1 58500U 23188A   26019.97483203  .00002455  00000-0  34655-3 0  9996
2 58500  46.9822 300.2206 0008269  48.8466 311.3141 14.80105175115031
1 52095U 22029H   26019.97951053  .00008671  00000-0  56227-3 0  9990
2 52095  53.2188 307.7926 0001670  84.3488 275.7694 15.08836679213305
1 55932U 23037U   26019.99342272  .00000230  00000-0  27100-4 0  9994
2 55932  70.0000  27.0461 0003149 279.4496  80.6307 14.98332859157189
1 47392U 21005AV  26020.00003472  .01891129  00000-0  75072-1 0  9992
2 47392  53.0546 249.7105 0001350 103.2141   6.0548 15.21565037  5743
1 48663U 21044AB  26020.00003472  .00703339  00000-0  29422-1 0  9999
2 48663  53.1174 329.7106 0001598  95.6691  90.0473 15.20757732  5790
1 57292U 23096C   26020.00003472  .00649459  00000-0  59023-2 0  9999
2 57292  42.9754  75.8838 0032007  49.8835  95.3870 15.64608761  5939
1 57978U 23151Q   26020.00652277 -.00000016  00000-0  13849-4 0  9994
2 57978  43.0034 256.6202 0001026 245.3006 114.7730 15.02536329128251
1 57247U 23094AF  26020.07685419  .00000963  00000-0  86327-4 0  9991
2 57247  43.0042 281.7902 0000931 267.0808  92.9928 15.02539718139950
1 57238U 23094W   26020.08684376  .00000778  00000-0  72646-4 0  9996
2 57238  43.0040 281.8648 0001282 265.2442  94.8254 15.02539043139954
1 55550U 22151YY  26020.14370607  .00016987  00000-0  27691-2 0  9997
2 55550  98.6342  78.8995 0080331  23.8384 336.6507 14.68887707162356
1 59474U 24068V   26020.16517378 -.00001953  00000-0 -61440-4 0  9996
2 59474  43.0031 301.4458 0001511 275.9541  84.1138 15.27593680101180
1 48057U 21025R   26020.19988537  .00000261  00000-0  68084-3 0  9992
2 48057  87.9008 349.6323 0001585  85.9268 274.2042 13.13471320234257
1 55647U 23021V   26020.21363093  .00002951  00000-0  25494-3 0  9996
2 55647  70.0004 306.5399 0002844 269.2954  90.7879 14.98345618161535
1 49762U 21115AQ  26020.22143000  .00001157  00000-0  90763-4 0  9993
2 49762  53.2193 356.7059 0001530  92.1363 267.9805 15.08844928228368
1 53060U 22077T   26020.23097416  .00000891  00000-0  73872-4 0  9993
2 53060  97.6024 202.7816 0002694  59.6863 300.4628 15.01265322193641
1 44634U 19069A   26020.24182600  .00000466  00000-0  12679-2 0  9992
2 44634  87.8934 309.2483 0011008 101.3677 258.8689 13.11901284299710
1 49734U 21115L   26020.24627303  .00000817  00000-0  69406-4 0  9999
2 49734  53.2188   6.6179 0001391  89.9573 270.1578 15.08840939228223
1 54679U 22166AP  26020.25683405  .00000097  00000-0  20448-3 0  9998
2 54679  87.9212 273.4991 0001884  79.0718 281.0628 13.21838203151870
1 52353U 22045Y   26020.27113941 -.00000756  00000-0 -29442-4 0  9994
2 52353  53.2167  56.4816 0001255  95.6792 264.4343 15.08816726208476
1 57199U 23091AK  26020.27467598  .00050118  00000-0  15926-2 0  9994
2 57199  97.5290  87.7977 0006755 234.9322 125.1287 15.32446460142062
1 54144U 22138AH  26020.27604722  .00000087  00000-0  18394-3 0  9997
2 54144  87.9246 334.3890 0001669  78.8799 281.2521 13.19726514157290
1 56546U 23065AV  26020.28071403  .00002515  00000-0  20117-3 0  9994
2 56546  43.0053 126.3259 0001275 268.8142  91.2554 15.02542284149190
1 56322U 23058F   26020.28559762  .00001368  00000-0  11101-3 0  9995
2 56322  97.6060  22.7478 0002037  86.2023 273.9434 15.01266094150519
1 57361U 23099AK  26020.29262635 -.00000250  00000-0 -33910-5 0  9990
2 57361  43.0041 139.1580 0001690 274.4661  85.5989 15.02546383138989
1 58839U 24017P   26020.31290113  .00011582  00000-0  40222-3 0  9997
2 58839  53.1578  58.7840 0001147  72.8822 287.2305 15.30227315112749
1 53243U 22086B   26020.32028688  .00001555  00000-0  11575-3 0  9990
2 53243  53.2176  60.9502 0001603  95.9085 264.2090 15.08844816193967
1 46786U 20074AZ  26020.33336806  .00073503  00000-0  18785-2 0  9995
2 46786  53.0540 134.0493 0007945 204.7507 274.8328 15.38789727  5774
1 48650U 21044N   26020.33336806  .01910676  00000-0  78991-1 0  9991
2 48650  53.1158 338.3395 0001365  96.4286 153.5850 15.20132798  5754
1 57306U 23096S   26020.33336806  .00341872  00000-0  17984-2 0  9999
2 57306  42.9722  65.2141 0029246  68.6916 165.6761 15.78366919  5931
1 53943U 22120A   26020.34077981  .00022620  00000-0  99339-3 0  9998
2 53943  34.9913 133.9736 0005413 106.6516 253.4793 15.21032320184763
1 59184U 24045G   26020.35692041 -.00001158  00000-0 -32579-4 0  9999
2 59184  43.0003   5.1453 0000216 251.7633 108.3195 15.27567339105778
1 50003U 21123C   26020.57785411 -.00000150  00000-0  00000-0 0  9992
2 50003   5.3884  89.0386 4437808  47.8915 342.1810  1.07952237 16259
1 52658U 22053C   26020.67084365  .00002652  00000-0  18458-3 0  9991
2 52658  53.2190   9.6867 0001571  76.9756 283.1411 15.08852594203987
1 58237U 23171H   26020.73765390  .00001362  00000-0  11586-3 0  9995
2 58237  43.0010 186.4289 0001395 274.7333  85.3350 15.02550584122510
1 59709U 24088B   26020.78215279 -.00006460  00000-0 -48648-4 0  9995
2 59709  53.1570 202.7453 0001072  88.5173 271.5968 15.69642078 98742
1 58845U 24017V   26020.79291579  .00000609  00000-0  32695-4 0  9997
2 58845  53.1599 156.3794 0001003  73.9179 286.1932 15.30201703111443
1 45217U 20012AR  26020.81721763  .00004475  00000-0  31900-3 0  9995
2 45217  53.0540 241.5259 0001453  91.3517 268.7638 15.06411951327909
1 57111U 23090L   26020.82470048  .00001146  00000-0  99853-4 0  9992
2 57111  43.0025 174.7032 0001403 266.9466  93.1216 15.02544189143214
1 56708U 23067W   26020.83240103  .00002594  00000-0  20700-3 0  9997
2 56708  43.0029 174.2794 0001043 265.4667  94.6056 15.02535130148462
1 58771U 24011G   26020.90278789  .00001269  00000-0  54959-4 0  9990
2 58771  53.1583 233.5498 0001452  95.4600 264.6566 15.30204315112985
1 49321U 21091G   26020.93246769  .00079937  00000-0  95370-3 0  9990
2 49321  97.3875 237.7107 0006492 120.0458 240.1444 15.60772597238559
1 57196U 23091AG  26020.93863177  .00036813  00000-0  13571-2 0  9997
2 57196  97.5299  86.2543 0007704 240.2586 119.7886 15.27684827142012
1 56878U 23083C   26020.94302000  .00001364  00000-0  11598-3 0  9999
2 56878  43.0042 341.6059 0001369 263.7330  96.3357 15.02550738144480
1 56727U 23068T   26020.95106300  .00001494  00000-0  19301-3 0  9995
2 56727  86.1938  38.6981 0002352  89.7738 270.3753 14.80242287144580
1 59024U 24038B   26020.97667862  .00005453  00000-0  20743-3 0  9994
2 59024  42.9990 246.0647 0000862 275.4320  84.6433 15.27593870108041
1 56612U 22151AEL 26020.97968879  .00001901  00000-0  10061-2 0  9995
2 56612  98.8230  28.4411 0035598   3.7616 356.3818 14.14614922141447
1 52294U 22041AK  26020.98686336  .00000688  00000-0  61313-4 0  9990
2 52294  53.2197 313.2692 0002265  83.7502 276.3748 15.08859452207303
1 44605U 16068E   26020.99121085  .00000857  00000-0  60113-3 0  9999
2 44605  98.4345  97.6726 0227724 302.1346  55.7898 13.89085624460710
1 45759U 20038AF  26021.00003472  .00105815  00000-0  50239-2 0  9991
2 45759  53.0537  70.2087 0001173  94.5805  68.5499 15.18397191  5744
1 45764U 20038AL  26021.00003472  .00118617  00000-0  62484-2 0  9996
2 45764  53.0550  70.4095 0001299  95.0761 146.0106 15.14674985  5643
1 48009U 21024AJ  26021.00003472  .00908904  00000-0  42107-1 0  9992
2 48009  53.0997 170.4079 0001215  86.3828 236.5985 15.16960837  5647
1 48643U 21044F   26021.00003472  .01412118  00000-0  56090-1 0  9992
2 48643  53.1225 335.2037 0001794  92.1342 133.5778 15.21964073  5647
1 47559U 21009M   26021.00003472  .00109841  00000-0  16108-2 0  9990
2 47559  53.0482 194.3348 0015157 161.3875  70.2617 15.54591369  5765
1 44998U 13076S   26021.23352710  .00002159  00000-0  11127-1 0  9995
2 44998  82.4778 206.8027 0083373 139.7562 220.9744 12.66959604278670
1 58740U 24005N   26021.31413251 -.00003172  00000-0 -22002-3 0  9990
2 58740  43.0027 119.1676 0001148 272.7882  87.2829 15.02511497113380
1 57362U 23099AL  26021.34406528 -.00001810  00000-0 -11896-3 0  9999
2 57362  43.0046 133.2863 0001459 279.4380  80.6297 15.02527305139140
1 55834U 23029AQ  26021.35011644  .00000115  00000-0  25559-3 0  9992
2 55834  87.9230 334.2046 0001617  87.6869 272.4449 13.19727348139557
