baseline_id,baseline_length_m,baseline_class,lst_stratum,lst_bin_id,lst_start,lst_end,beam_model,morphology,flux_jy,multiplicity,injection_mode,n_sat_visible,n_sat_ranked_visible,n_injected,selected_norad_ids,selected_peak_alts_deg,flag_fraction,pre_risk_score,metadata_beam_weighted_sat_exposure,metadata_n_sat_visible_center,metadata_n_sat_visible_any_bin,metadata_n_sat_visible_peak_bin,metadata_n_sat_peak_visible,metadata_beam_weighted_sat_exposure_center,metadata_beam_weighted_sat_exposure_bin_mean,metadata_max_sat_beam_response_center,metadata_max_sat_beam_response_bin,metadata_pre_risk_score_bin,metadata_null_mad_win_proxy,sat_peak_abs_jy_sum,sat_peak_abs_jy_max,sat_mean_abs_jy_sum,zero_coupling,seed,n_null,Z_PS_max,Z_PS_abs_integrated,PTE_global_max,PTE_global_absint,obs_max_bias,obs_abs_integrated,null_max_bias_p50,null_max_bias_p95,null_max_bias_p99,null_abs_integrated_p50,null_abs_integrated_p95,null_abs_integrated_p99,null_mad_win,Z_PS_bin_max,Z_PS_bin_p95,window_abs_bias_sum,window_signed_bias_sum,window_bg_abs_sum,relative_abs_bias,n_window_bins,kperp,kpar_min_window,kpar_max_window,tau_ns_min_window,tau_ns_max_window,null_global_stats_path,z_eff,X_mpc,Y_mpc_per_hz,nu_eff_hz,PS_gt_2,PS_gt_3,flag_exploratory,candidate_statistical,candidate_floor_1em08,candidate_floor_1em07,candidate_floor_1em06,candidate_floor_1em05,candidate_floor_1em04,candidate_floor_1em03,candidate_floor_1em02,candidate_floor_1em01
0_1,14.60794900739243,short,quiet,17,2461041.6180555555,2461041.624878509,frozen_polybeam,smooth,30.0,single,coherent_ab,2,4,1,55364,86.598,0.1657111055107527,6.108540873789748e-10,0.0684687078802128,0,2,2,2,0.0,0.0684687078802128,0.0,0.2805166207424566,6.108540873789748e-10,112086845.77031374,5.650063750334957,5.650063750334957,0.011650736404497847,False,20260622,100,-0.7614907393605588,-0.21946206893944775,0.8118811881188119,0.6039603960396039,4193.422822590917,214095.56196723675,6181.209800539538,8833.407189228014,8875.273847066612,216922.17579109647,228315.3527877465,228841.16306199366,1760.683195648715,1.1857802091767164,1.058177661802862,214095.56196723675,6254.123149674333,3315845847.160797,6.456740507118469e-05,1481,0.004558137949787341,-1.445965571882522,1.4440828042107998,-4095.9999999999995,4090.666666666666,C:\Users\kimeu\Downloads\starlink_pathB_wsl_package_v0_3_clean\starlink_pathB\paper_final_experiment_check\outputs\random1200_null_random1200_seed2\0_1_lst017_quiet_frozen_polybeam_smooth_S30_single.npz,9.10175923472585,9444.443085672718,1.7798436919007438e-05,140609741.2109375,False,False,False,False,False,False,False,False,False,False,False,False
0_1,14.60794900739243,short,quiet,17,2461041.6180555555,2461041.624878509,frozen_polybeam,smooth,30.0,multi,coherent_ab,2,4,4,55364;58206;46128;55908,86.598;82.857;71.656;71.460,0.1657111055107527,6.108540873789748e-10,0.0684687078802128,0,2,2,2,0.0,0.0684687078802128,0.0,0.2805166207424566,6.108540873789748e-10,112086845.77031374,7.454682046019242,5.650063750334957,0.01585979668009699,False,20260639,100,0.740086076034072,0.29126650367882034,0.3465346534653465,0.297029702970297,6392.810347329825,247030.0266470955,5200.440783789381,9445.395204028113,10970.916391812265,235681.90964669493,274547.31456862227,279550.73222818115,1086.6874523553997,1.859801430529985,1.3272231810329163,247030.0266470955,-516.9830493105601,3315845847.160797,7.449985253645482e-05,1481,0.004558137949787341,-1.445965571882522,1.4440828042107998,-4095.9999999999995,4090.666666666666,C:\Users\kimeu\Downloads\starlink_pathB_wsl_package_v0_3_clean\starlink_pathB\paper_final_experiment_check\outputs\random1200_null_random1200_seed2\0_1_lst017_quiet_frozen_polybeam_smooth_S30_multi.npz,9.10175923472585,9444.443085672718,1.7798436919007438e-05,140609741.2109375,False,False,False,False,False,False,False,False,False,False,False,False
0_1,14.60794900739243,short,quiet,17,2461041.6180555555,2461041.624878509,frozen_polybeam,smooth,1000.0,single,coherent_ab,2,4,1,55364,86.598,0.1657111055107527,6.108540873789748e-10,0.0684687078802128,0,2,2,2,0.0,0.0684687078802128,0.0,0.2805166207424566,6.108540873789748e-10,112086845.77031374,188.33545834449856,188.33545834449856,0.3883578801499283,False,20260656,100,-1.0790066714043127,-0.5081228842133242,0.9405940594059405,0.7326732673267327,109754.5407460779,7018987.5987025155,149747.0518829003,262705.3847407274,269967.4349263747,7200745.411371304,7911750.075158768,7933503.380950385,24999.455448171124,1.1066269473066033,1.020563829504643,7018987.5987025155,-926675.2117957857,3315845847.160797,0.0021168015409137745,1481,0.004558137949787341,-1.445965571882522,1.4440828042107998,-4095.9999999999995,4090.666666666666,C:\Users\kimeu\Downloads\starlink_pathB_wsl_package_v0_3_clean\starlink_pathB\paper_final_experiment_check\outputs\random1200_null_random1200_seed2\0_1_lst017_quiet_frozen_polybeam_smooth_S1000_single.npz,9.10175923472585,9444.443085672718,1.7798436919007438e-05,140609741.2109375,False,False,False,False,False,False,False,False,False,False,False,False
0_1,14.60794900739243,short,quiet,17,2461041.6180555555,2461041.624878509,frozen_polybeam,smooth,1000.0,multi,coherent_ab,2,4,4,55364;58206;46128;55908,86.598;82.857;71.656;71.460,0.1657111055107527,6.108540873789748e-10,0.0684687078802128,0,2,2,2,0.0,0.0684687078802128,0.0,0.2805166207424566,6.108540873789748e-10,112086845.77031374,248.48940153397473,188.33545834449856,0.5286598893365664,False,20260673,100,0.37296639317750796,0.466709241304645,0.32673267326732675,0.32673267326732675,181708.43128938228,8165903.00199039,160325.76349592023,252509.42097430807,294651.8508624585,7571715.461422525,9230497.665642139,9486622.036521444,38669.4675538335,1.789051216295868,1.0889606234832467,8165903.00199039,-1202161.0386978027,3315845847.160797,0.0024626907818958077,1481,0.004558137949787341,-1.445965571882522,1.4440828042107998,-4095.9999999999995,4090.666666666666,C:\Users\kimeu\Downloads\starlink_pathB_wsl_package_v0_3_clean\starlink_pathB\paper_final_experiment_check\outputs\random1200_null_random1200_seed2\0_1_lst017_quiet_frozen_polybeam_smooth_S1000_multi.npz,9.10175923472585,9444.443085672718,1.7798436919007438e-05,140609741.2109375,False,False,False,False,False,False,False,False,False,False,False,False
0_1,14.60794900739243,short,quiet,17,2461041.6180555555,2461041.624878509,frozen_polybeam,lines,30.0,single,coherent_ab,2,4,1,55364,86.598,0.1657111055107527,6.108540873789748e-10,0.0684687078802128,0,2,2,2,0.0,0.0684687078802128,0.0,0.2805166207424566,6.108540873789748e-10,112086845.77031374,5.649945759533972,5.649945759533972,0.011663784176540794,False,20260690,100,-0.98705834554347,-0.7718581249615682,0.7623762376237624,0.6435643564356436,4202.853184033185,214066.56531478974,6073.113794704899,8738.742050686478,8891.661080567987,221213.51240925258,228373.70189539864,228800.87667470623,1278.0131036899984,0.9504837335804049,0.8279089000619967,214066.56531478974,6257.96664267622,3315845847.160797,6.455866019769431e-05,1481,0.004558137949787341,-1.445965571882522,1.4440828042107998,-4095.9999999999995,4090.666666666666,C:\Users\kimeu\Downloads\starlink_pathB_wsl_package_v0_3_clean\starlink_pathB\paper_final_experiment_check\outputs\random1200_null_random1200_seed2\0_1_lst017_quiet_frozen_polybeam_lines_S30_single.npz,9.10175923472585,9444.443085672718,1.7798436919007438e-05,140609741.2109375,False,False,False,False,False,False,False,False,False,False,False,False
0_1,14.60794900739243,short,quiet,17,2461041.6180555555,2461041.624878509,frozen_polybeam,lines,30.0,multi,coherent_ab,2,4,4,55364;58206;46128;55908,86.598;82.857;71.656;71.460,0.1657111055107527,6.108540873789748e-10,0.0684687078802128,0,2,2,2,0.0,0.0684687078802128,0.0,0.2805166207424566,6.108540873789748e-10,112086845.77031374,7.454528005528369,5.649945759533972,0.015877619971893808,False,20260707,100,0.26628727050831574,0.3158160602490788,0.43564356435643564,0.36633663366336633,6407.920079417527,246856.80079028493,5812.153444569558,10171.454481141642,10951.026558709891,233400.01485499134,277385.002152404,285532.0310016312,1509.0435575172305,1.804941860337429,1.13736195981042,246856.80079028493,-508.2460367190142,3315845847.160797,7.444761070592495e-05,1481,0.004558137949787341,-1.445965571882522,1.4440828042107998,-4095.9999999999995,4090.666666666666,C:\Users\kimeu\Downloads\starlink_pathB_wsl_package_v0_3_clean\starlink_pathB\paper_final_experiment_check\outputs\random1200_null_random1200_seed2\0_1_lst017_quiet_frozen_polybeam_lines_S30_multi.npz,9.10175923472585,9444.443085672718,1.7798436919007438e-05,140609741.2109375,False,False,False,False,False,False,False,False,False,False,False,False
0_1,14.60794900739243,short,quiet,17,2461041.6180555555,2461041.624878509,frozen_polybeam,lines,1000.0,single,coherent_ab,2,4,1,55364,86.598,0.1657111055107527,6.108540873789748e-10,0.0684687078802128,0,2,2,2,0.0,0.0684687078802128,0.0,0.2805166207424566,6.108540873789748e-10,112086845.77031374,188.33152531779908,188.33152531779908,0.38879280588469317,False,20260724,100,-1.0195305683067377,-1.127073938713534,0.9405940594059405,0.801980198019802,109955.23596351221,7019094.87714513,149977.58974226937,261850.40658087208,270575.2276368666,7368483.317587347,7917001.324496077,7935648.367596687,26477.585503991693,1.0576040768595412,0.9948920530866426,7019094.87714513,-926027.4512816825,3315845847.160797,0.0021168338941797466,1481,0.004558137949787341,-1.445965571882522,1.4440828042107998,-4095.9999999999995,4090.666666666666,C:\Users\kimeu\Downloads\starlink_pathB_wsl_package_v0_3_clean\starlink_pathB\paper_final_experiment_check\outputs\random1200_null_random1200_seed2\0_1_lst017_quiet_frozen_polybeam_lines_S1000_single.npz,9.10175923472585,9444.443085672718,1.7798436919007438e-05,140609741.2109375,False,False,False,False,False,False,False,False,False,False,False,False
0_1,14.60794900739243,short,quiet,17,2461041.6180555555,2461041.624878509,frozen_polybeam,lines,1000.0,multi,coherent_ab,2,4,4,55364;58206;46128;55908,86.598;82.857;71.656;71.460,0.1657111055107527,6.108540873789748e-10,0.0684687078802128,0,2,2,2,0.0,0.0684687078802128,0.0,0.2805166207424566,6.108540873789748e-10,112086845.77031374,248.48426685094563,188.33152531779908,0.529253999063127,False,20260741,100,0.2367840246940239,0.3978943755538145,0.39603960396039606,0.4158415841584158,182092.59325038642,8161102.228217332,167281.85851753876,306296.97251271456,336501.8921576313,7473943.005398417,9507133.644635208,9728683.094107736,42189.09502561949,2.4969443035071754,1.586640623971353,8161102.228217332,-1201329.2504805976,3315845847.160797,0.00246124295410334,1481,0.004558137949787341,-1.445965571882522,1.4440828042107998,-4095.9999999999995,4090.666666666666,C:\Users\kimeu\Downloads\starlink_pathB_wsl_package_v0_3_clean\starlink_pathB\paper_final_experiment_check\outputs\random1200_null_random1200_seed2\0_1_lst017_quiet_frozen_polybeam_lines_S1000_multi.npz,9.10175923472585,9444.443085672718,1.7798436919007438e-05,140609741.2109375,False,False,False,False,False,False,False,False,False,False,False,False
0_1,14.60794900739243,short,quiet,17,2461041.6180555555,2461041.624878509,frozen_polybeam,khz_comb,30.0,single,coherent_ab,2,4,1,55364,86.598,0.1657111055107527,6.108540873789748e-10,0.0684687078802128,0,2,2,2,0.0,0.0684687078802128,0.0,0.2805166207424566,6.108540873789748e-10,112086845.77031374,4.649782753989492,4.649782753989492,0.010219456183660483,False,20260758,100,-0.42950735271389356,-0.1886341281542539,0.7326732673267327,0.5841584158415841,4130.999669462442,215241.8876542499,4805.429740969092,8185.552975293994,8462.650497869552,216906.91298398655,225057.0255336948,225288.0721431257,1059.1130705215037,0.8027770452844454,0.7679926122609706,215241.8876542499,1756.1420709990198,3315845847.160797,6.491311646425041e-05,1481,0.004558137949787341,-1.445965571882522,1.4440828042107998,-4095.9999999999995,4090.666666666666,C:\Users\kimeu\Downloads\starlink_pathB_wsl_package_v0_3_clean\starlink_pathB\paper_final_experiment_check\outputs\random1200_null_random1200_seed2\0_1_lst017_quiet_frozen_polybeam_khz_comb_S30_single.npz,9.10175923472585,9444.443085672718,1.7798436919007438e-05,140609741.2109375,False,False,False,False,False,False,False,False,False,False,False,False
0_1,14.60794900739243,short,quiet,17,2461041.6180555555,2461041.624878509,frozen_polybeam,khz_comb,30.0,multi,coherent_ab,2,4,4,55364;58206;46128;55908,86.598;82.857;71.656;71.460,0.1657111055107527,6.108540873789748e-10,0.0684687078802128,0,2,2,2,0.0,0.0684687078802128,0.0,0.2805166207424566,6.108540873789748e-10,112086845.77031374,6.134914782278641,4.649782753989492,0.013938291942076329,False,20260775,100,0.2458863784401854,0.4754386921170263,0.39603960396039606,0.27722772277227725,6203.056635789573,253011.06759469194,5683.01642120257,9516.300602900608,9973.823022643779,228729.57925428354,277320.87152797595,279805.0383248473,1426.5219631940126,2.013978244239557,1.471164171998529,253011.06759469194,-4200.461372156791,3315845847.160797,7.630362786959273e-05,1481,0.004558137949787341,-1.445965571882522,1.4440828042107998,-4095.9999999999995,4090.666666666666,C:\Users\kimeu\Downloads\starlink_pathB_wsl_package_v0_3_clean\starlink_pathB\paper_final_experiment_check\outputs\random1200_null_random1200_seed2\0_1_lst017_quiet_frozen_polybeam_khz_comb_S30_multi.npz,9.10175923472585,9444.443085672718,1.7798436919007438e-05,140609741.2109375,False,False,False,False,False,False,False,False,False,False,False,False
0_1,14.60794900739243,short,quiet,17,2461041.6180555555,2461041.624878509,frozen_polybeam,khz_comb,1000.0,single,coherent_ab,2,4,1,55364,86.598,0.1657111055107527,6.108540873789748e-10,0.0684687078802128,0,2,2,2,0.0,0.0684687078802128,0.0,0.2805166207424566,6.108540873789748e-10,112086845.77031374,154.9927584663164,154.9927584663164,0.34064853945534945,False,20260792,100,-1.1707490571017076,-0.24735165478809337,0.8910891089108911,0.5742574257425742,116632.55405646563,7091170.2064388525,173393.18663554266,261942.69353651628,267845.8400236889,7165694.210311485,7641222.431318271,7691397.886690734,32700.878078356385,1.1354395921640077,1.011453144602346,7091170.2064388525,-649595.4736948748,3315845847.160797,0.0021385705286965278,1481,0.004558137949787341,-1.445965571882522,1.4440828042107998,-4095.9999999999995,4090.666666666666,C:\Users\kimeu\Downloads\starlink_pathB_wsl_package_v0_3_clean\starlink_pathB\paper_final_experiment_check\outputs\random1200_null_random1200_seed2\0_1_lst017_quiet_frozen_polybeam_khz_comb_S1000_single.npz,9.10175923472585,9444.443085672718,1.7798436919007438e-05,140609741.2109375,False,False,False,False,False,False,False,False,False,False,False,False
0_1,14.60794900739243,short,quiet,17,2461041.6180555555,2461041.624878509,frozen_polybeam,khz_comb,1000.0,multi,coherent_ab,2,4,4,55364;58206;46128;55908,86.598;82.857;71.656;71.460,0.1657111055107527,6.108540873789748e-10,0.0684687078802128,0,2,2,2,0.0,0.0684687078802128,0.0,0.2805166207424566,6.108540873789748e-10,112086845.77031374,204.49715940928803,154.9927584663164,0.46460973140254425,False,20260809,100,0.27362168131741493,0.6074434606089205,0.37623762376237624,0.3069306930693069,184749.06091859192,8380150.030530347,169026.28497520834,288924.20044782164,321674.04033712717,7581731.895017087,9101691.765903398,9362108.754800774,38757.40780508891,1.7585544001590068,1.0583107260571485,8380150.030530347,-880622.203984948,3315845847.160797,0.0025273038665853164,1481,0.004558137949787341,-1.445965571882522,1.4440828042107998,-4095.9999999999995,4090.666666666666,C:\Users\kimeu\Downloads\starlink_pathB_wsl_package_v0_3_clean\starlink_pathB\paper_final_experiment_check\outputs\random1200_null_random1200_seed2\0_1_lst017_quiet_frozen_polybeam_khz_comb_S1000_multi.npz,9.10175923472585,9444.443085672718,1.7798436919007438e-05,140609741.2109375,False,False,False,False,False,False,False,False,False,False,False,False
0_1,14.60794900739243,short,quiet,17,2461041.6180555555,2461041.624878509,full_polybeam,smooth,30.0,single,coherent_ab,2,4,1,55364,86.598,0.1657111055107527,6.108540873789748e-10,0.0684687078802128,0,2,2,2,0.0,0.0684687078802128,0.0,0.2805166207424566,6.108540873789748e-10,112086845.77031374,7.8761882335803515,7.8761882335803515,0.01602926266047878,False,20260826,100,-0.8890826578553296,0.19955340846876393,0.8712871287128713,0.45544554455445546,3748.9723154753447,208327.4499561165,5493.004546016455,7947.750885918364,8014.981169077829,205266.80423386674,218638.12934761343,218991.57720468438,1323.0869068652391,1.0096393749718056,0.970197187399701,208327.4499561165,5778.848894954805,3315845847.160797,6.282784530966585e-05,1481,0.004558137949787341,-1.445965571882522,1.4440828042107998,-4095.9999999999995,4090.666666666666,C:\Users\kimeu\Downloads\starlink_pathB_wsl_package_v0_3_clean\starlink_pathB\paper_final_experiment_check\outputs\random1200_null_random1200_seed2\0_1_lst017_quiet_full_polybeam_smooth_S30_single.npz,9.10175923472585,9444.443085672718,1.7798436919007438e-05,140609741.2109375,False,False,False,False,False,False,False,False,False,False,False,False
0_1,14.60794900739243,short,quiet,17,2461041.6180555555,2461041.624878509,full_polybeam,smooth,30.0,multi,coherent_ab,2,4,4,55364;58206;46128;55908,86.598;82.857;71.656;71.460,0.1657111055107527,6.108540873789748e-10,0.0684687078802128,0,2,2,2,0.0,0.0684687078802128,0.0,0.2805166207424566,6.108540873789748e-10,112086845.77031374,12.062904164600706,7.8761882335803515,0.024253357008161672,False,20260843,100,0.558099515122266,0.2643001454938461,0.36633663366336633,0.37623762376237624,5903.984428200871,228645.0671820754,5021.376358758658,9301.20613907948,9767.283672466949,218847.33514091792,263359.0561833587,272932.2002792958,1066.6753346808255,1.800741765151231,1.0863802904253945,228645.0671820754,-1765.3155811281176,3315845847.160797,6.895527648785405e-05,1481,0.004558137949787341,-1.445965571882522,1.4440828042107998,-4095.9999999999995,4090.666666666666,C:\Users\kimeu\Downloads\starlink_pathB_wsl_package_v0_3_clean\starlink_pathB\paper_final_experiment_check\outputs\random1200_null_random1200_seed2\0_1_lst017_quiet_full_polybeam_smooth_S30_multi.npz,9.10175923472585,9444.443085672718,1.7798436919007438e-05,140609741.2109375,False,False,False,False,False,False,False,False,False,False,False,False
0_1,14.60794900739243,short,quiet,17,2461041.6180555555,2461041.624878509,full_polybeam,smooth,1000.0,single,coherent_ab,2,4,1,55364,86.598,0.1657111055107527,6.108540873789748e-10,0.0684687078802128,0,2,2,2,0.0,0.0684687078802128,0.0,0.2805166207424566,6.108540873789748e-10,112086845.77031374,262.53960778601174,262.53960778601174,0.5343087553492927,False,20260860,100,-1.3198651872616625,-0.7194785730677746,0.9603960396039604,0.8118811881188119,79646.2117543146,7069452.181348953,126559.97401694581,215648.77626919857,216956.5672840968,7467415.614795966,8197801.352211088,8222779.882841598,23974.341806890443,0.9985395385970985,0.9004202933975592,7069452.181348953,-2307598.0995758683,3315845847.160797,0.0021320207594699232,1481,0.004558137949787341,-1.445965571882522,1.4440828042107998,-4095.9999999999995,4090.666666666666,C:\Users\kimeu\Downloads\starlink_pathB_wsl_package_v0_3_clean\starlink_pathB\paper_final_experiment_check\outputs\random1200_null_random1200_seed2\0_1_lst017_quiet_full_polybeam_smooth_S1000_single.npz,9.10175923472585,9444.443085672718,1.7798436919007438e-05,140609741.2109375,False,False,False,False,False,False,False,False,False,False,False,False
0_1,14.60794900739243,short,quiet,17,2461041.6180555555,2461041.624878509,full_polybeam,smooth,1000.0,multi,coherent_ab,2,4,4,55364;58206;46128;55908,86.598;82.857;71.656;71.460,0.1657111055107527,6.108540873789748e-10,0.0684687078802128,0,2,2,2,0.0,0.0684687078802128,0.0,0.2805166207424566,6.108540873789748e-10,112086845.77031374,402.0968054866902,262.53960778601174,0.8084452336053891,False,20260877,100,0.08811165636854396,0.21900470218845766,0.49504950495049505,0.46534653465346537,131879.57735311612,8108232.597747529,128156.16471295059,225269.30478064864,254242.9851434405,7847824.849504539,9417032.158367518,9742071.460950997,28502.555995605886,2.594551736072438,1.5666750177348439,8108232.597747529,-2985907.720370805,3315845847.160797,0.0024452984159954927,1481,0.004558137949787341,-1.445965571882522,1.4440828042107998,-4095.9999999999995,4090.666666666666,C:\Users\kimeu\Downloads\starlink_pathB_wsl_package_v0_3_clean\starlink_pathB\paper_final_experiment_check\outputs\random1200_null_random1200_seed2\0_1_lst017_quiet_full_polybeam_smooth_S1000_multi.npz,9.10175923472585,9444.443085672718,1.7798436919007438e-05,140609741.2109375,False,False,False,False,False,False,False,False,False,False,False,False
0_1,14.60794900739243,short,quiet,17,2461041.6180555555,2461041.624878509,full_polybeam,lines,30.0,single,coherent_ab,2,4,1,55364,86.598,0.1657111055107527,6.108540873789748e-10,0.0684687078802128,0,2,2,2,0.0,0.0684687078802128,0.0,0.2805166207424566,6.108540873789748e-10,112086845.77031374,7.87588569428944,7.87588569428944,0.01604542426684747,False,20260894,100,-1.0356959373425898,-0.41216133304772795,0.8514851485148515,0.6138613861386139,3757.413177244365,208331.8291610431,5911.407201943919,7949.854568193853,8040.125868601352,212267.81201768183,219116.20604599043,219516.68627936477,1402.7756730951369,1.5569920142768456,1.3158625682000973,208331.8291610431,5786.894183362416,3315845847.160797,6.282916599980902e-05,1481,0.004558137949787341,-1.445965571882522,1.4440828042107998,-4095.9999999999995,4090.666666666666,C:\Users\kimeu\Downloads\starlink_pathB_wsl_package_v0_3_clean\starlink_pathB\paper_final_experiment_check\outputs\random1200_null_random1200_seed2\0_1_lst017_quiet_full_polybeam_lines_S30_single.npz,9.10175923472585,9444.443085672718,1.7798436919007438e-05,140609741.2109375,False,False,False,False,False,False,False,False,False,False,False,False
0_1,14.60794900739243,short,quiet,17,2461041.6180555555,2461041.624878509,full_polybeam,lines,30.0,multi,coherent_ab,2,4,4,55364;58206;46128;55908,86.598;82.857;71.656;71.460,0.1657111055107527,6.108540873789748e-10,0.0684687078802128,0,2,2,2,0.0,0.0684687078802128,0.0,0.2805166207424566,6.108540873789748e-10,112086845.77031374,12.062331204793427,7.87588569428944,0.024276847781623697,False,20260911,100,0.27899963168242986,0.21917601461974104,0.38613861386138615,0.42574257425742573,5918.912849798799,228477.1983411567,5368.521607097238,9122.194274137913,9990.957525963786,220432.2489114936,263096.3597745505,270544.57232739043,1330.5888794921339,2.071912127837413,1.1761452586512668,228477.1983411567,-1749.8286251898353,3315845847.160797,6.890465023782423e-05,1481,0.004558137949787341,-1.445965571882522,1.4440828042107998,-4095.9999999999995,4090.666666666666,C:\Users\kimeu\Downloads\starlink_pathB_wsl_package_v0_3_clean\starlink_pathB\paper_final_experiment_check\outputs\random1200_null_random1200_seed2\0_1_lst017_quiet_full_polybeam_lines_S30_multi.npz,9.10175923472585,9444.443085672718,1.7798436919007438e-05,140609741.2109375,False,False,False,False,False,False,False,False,False,False,False,False
0_1,14.60794900739243,short,quiet,17,2461041.6180555555,2461041.624878509,full_polybeam,lines,1000.0,single,coherent_ab,2,4,1,55364,86.598,0.1657111055107527,6.108540873789748e-10,0.0684687078802128,0,2,2,2,0.0,0.0684687078802128,0.0,0.2805166207424566,6.108540873789748e-10,112086845.77031374,262.5295231429814,262.5295231429814,0.5348474755615824,False,20260928,100,-1.7438625931725598,-0.8673293336559379,0.9306930693069307,0.8316831683168316,79148.21951034665,7070411.63959417,129065.33525945805,215559.91465166397,217038.61260933385,7463763.4940023,8146714.862499191,8204584.042630087,19306.930170023814,0.9442663441946454,0.8741386505491663,7070411.63959417,-2305865.2168799685,3315845847.160797,0.002132310114973599,1481,0.004558137949787341,-1.445965571882522,1.4440828042107998,-4095.9999999999995,4090.666666666666,C:\Users\kimeu\Downloads\starlink_pathB_wsl_package_v0_3_clean\starlink_pathB\paper_final_experiment_check\outputs\random1200_null_random1200_seed2\0_1_lst017_quiet_full_polybeam_lines_S1000_single.npz,9.10175923472585,9444.443085672718,1.7798436919007438e-05,140609741.2109375,False,False,False,False,False,False,False,False,False,False,False,False
0_1,14.60794900739243,short,quiet,17,2461041.6180555555,2461041.624878509,full_polybeam,lines,1000.0,multi,coherent_ab,2,4,4,55364;58206;46128;55908,86.598;82.857;71.656;71.460,0.1657111055107527,6.108540873789748e-10,0.0684687078802128,0,2,2,2,0.0,0.0684687078802128,0.0,0.2805166207424566,6.108540873789748e-10,112086845.77031374,402.07770682644764,262.5295231429814,0.8092282593874566,False,20260945,100,0.18850301003138772,0.38591909780489,0.42574257425742573,0.36633663366336633,132164.74827760458,8107839.116956426,124428.69389018789,220705.72342169486,262888.1097367153,7716159.120290015,9553665.052673738,9800244.574838245,27680.710235089064,2.3209750535376203,1.3620901518128494,8107839.116956426,-2983634.3166740024,3315845847.160797,0.0024451797492029935,1481,0.004558137949787341,-1.445965571882522,1.4440828042107998,-4095.9999999999995,4090.666666666666,C:\Users\kimeu\Downloads\starlink_pathB_wsl_package_v0_3_clean\starlink_pathB\paper_final_experiment_check\outputs\random1200_null_random1200_seed2\0_1_lst017_quiet_full_polybeam_lines_S1000_multi.npz,9.10175923472585,9444.443085672718,1.7798436919007438e-05,140609741.2109375,False,False,False,False,False,False,False,False,False,False,False,False
0_1,14.60794900739243,short,quiet,17,2461041.6180555555,2461041.624878509,full_polybeam,khz_comb,30.0,single,coherent_ab,2,4,1,55364,86.598,0.1657111055107527,6.108540873789748e-10,0.0684687078802128,0,2,2,2,0.0,0.0684687078802128,0.0,0.2805166207424566,6.108540873789748e-10,112086845.77031374,6.481683016496824,6.481683016496824,0.013727127058870112,False,20260962,100,-0.9214790946147882,-0.664588418891971,0.8415841584158416,0.594059405940594,3683.077816400677,204115.62661852333,5552.284449292347,7607.395659875497,7676.061753431559,207868.57756152994,212115.70879028607,212164.72086995945,1368.194469962269,1.0171197274722377,0.9607245816016143,204115.62661852333,1770.5375120109966,3315845847.160797,6.155763447003965e-05,1481,0.004558137949787341,-1.445965571882522,1.4440828042107998,-4095.9999999999995,4090.666666666666,C:\Users\kimeu\Downloads\starlink_pathB_wsl_package_v0_3_clean\starlink_pathB\paper_final_experiment_check\outputs\random1200_null_random1200_seed2\0_1_lst017_quiet_full_polybeam_khz_comb_S30_single.npz,9.10175923472585,9444.443085672718,1.7798436919007438e-05,140609741.2109375,False,False,False,False,False,False,False,False,False,False,False,False
0_1,14.60794900739243,short,quiet,17,2461041.6180555555,2461041.624878509,full_polybeam,khz_comb,30.0,multi,coherent_ab,2,4,4,55364;58206;46128;55908,86.598;82.857;71.656;71.460,0.1657111055107527,6.108540873789748e-10,0.0684687078802128,0,2,2,2,0.0,0.0684687078802128,0.0,0.2805166207424566,6.108540873789748e-10,112086845.77031374,9.92703682408166,6.481683016496824,0.020691805753743825,False,20260979,100,0.3827122246117532,0.7648398886062845,0.36633663366336633,0.26732673267326734,5648.671545367688,230283.3374891645,5015.378100214526,7859.729087968915,8821.959507235739,204727.47418422042,250046.7757264895,261410.77334328456,1116.1142741814256,1.9394685436970631,1.2694424769556532,230283.3374891645,-4724.666475612115,3315845847.160797,6.944934960904329e-05,1481,0.004558137949787341,-1.445965571882522,1.4440828042107998,-4095.9999999999995,4090.666666666666,C:\Users\kimeu\Downloads\starlink_pathB_wsl_package_v0_3_clean\starlink_pathB\paper_final_experiment_check\outputs\random1200_null_random1200_seed2\0_1_lst017_quiet_full_polybeam_khz_comb_S30_multi.npz,9.10175923472585,9444.443085672718,1.7798436919007438e-05,140609741.2109375,False,False,False,False,False,False,False,False,False,False,False,False
0_1,14.60794900739243,short,quiet,17,2461041.6180555555,2461041.624878509,full_polybeam,khz_comb,1000.0,single,coherent_ab,2,4,1,55364,86.598,0.1657111055107527,6.108540873789748e-10,0.0684687078802128,0,2,2,2,0.0,0.0684687078802128,0.0,0.2805166207424566,6.108540873789748e-10,112086845.77031374,216.05610054989418,216.05610054989418,0.4575709019623371,False,20260996,100,-1.4425095222911355,-1.1110285620969127,0.9603960396039604,0.7821782178217822,83932.49710061029,6807994.538757704,130956.32259026542,220448.14398161322,221847.15242970147,7081401.263437774,7547352.387625026,7565946.171202395,21987.47063910961,0.9636015751964618,0.9124149832688988,6807994.538757704,-1587209.140819502,3315845847.160797,0.0020531697951480677,1481,0.004558137949787341,-1.445965571882522,1.4440828042107998,-4095.9999999999995,4090.666666666666,C:\Users\kimeu\Downloads\starlink_pathB_wsl_package_v0_3_clean\starlink_pathB\paper_final_experiment_check\outputs\random1200_null_random1200_seed2\0_1_lst017_quiet_full_polybeam_khz_comb_S1000_single.npz,9.10175923472585,9444.443085672718,1.7798436919007438e-05,140609741.2109375,False,False,False,False,False,False,False,False,False,False,False,False
0_1,14.60794900739243,short,quiet,17,2461041.6180555555,2461041.624878509,full_polybeam,khz_comb,1000.0,multi,coherent_ab,2,4,4,55364;58206;46128;55908,86.598;82.857;71.656;71.460,0.1657111055107527,6.108540873789748e-10,0.0684687078802128,0,2,2,2,0.0,0.0684687078802128,0.0,0.2805166207424566,6.108540873789748e-10,112086845.77031374,330.90122746938874,216.05610054989418,0.6897268584581273,False,20261013,100,0.2504555558561441,0.22780264081713072,0.3465346534653465,0.44554455445544555,142789.08187479898,7806112.003847624,132568.32297002897,236368.31331511843,273234.63500491733,7571667.187949251,8728571.332794925,9182564.779224548,27525.072911798954,1.7781800772270646,1.1307043482809873,7806112.003847624,-2092139.1585877766,3315845847.160797,0.0023541842304073426,1481,0.004558137949787341,-1.445965571882522,1.4440828042107998,-4095.9999999999995,4090.666666666666,C:\Users\kimeu\Downloads\starlink_pathB_wsl_package_v0_3_clean\starlink_pathB\paper_final_experiment_check\outputs\random1200_null_random1200_seed2\0_1_lst017_quiet_full_polybeam_khz_comb_S1000_multi.npz,9.10175923472585,9444.443085672718,1.7798436919007438e-05,140609741.2109375,False,False,False,False,False,False,False,False,False,False,False,False
0_1,14.60794900739243,short,typical,44,2461041.8055555555,2461041.8123785085,frozen_polybeam,smooth,30.0,single,coherent_ab,3,2,1,55537,79.468,0.1653330813172043,2.560265055874456e-08,0.2419547912000571,0,3,3,3,0.0,0.2419547912000571,0.0,0.7241364102878726,2.560265055874456e-08,9450380.56293815,0.48331748378189343,0.48331748378189343,0.0018998432446837095,False,20261057,100,-0.47227510997439687,-0.09939956167926714,0.6633663366336634,0.5544554455445545,197.92374755069613,6214.456933155061,252.62004052777775,476.1857434123056,488.8483154932689,6222.019978671246,6344.808794989829,6355.295098923946,78.11579185840674,1.0303218443892397,0.9261647456924603,6214.456933155061,-1475.8433469122965,63167455.77674818,9.838067493360388e-05,1481,0.004558137949787341,-1.445965571882522,1.4440828042107998,-4095.9999999999995,4090.666666666666,C:\Users\kimeu\Downloads\starlink_pathB_wsl_package_v0_3_clean\starlink_pathB\paper_final_experiment_check\outputs\random1200_null_random1200_seed2\0_1_lst044_typical_frozen_polybeam_smooth_S30_single.npz,9.10175923472585,9444.443085672718,1.7798436919007438e-05,140609741.2109375,False,False,False,False,False,False,False,False,False,False,False,False
0_1,14.60794900739243,short,typical,44,2461041.8055555555,2461041.8123785085,frozen_polybeam,smooth,30.0,multi,coherent_ab,3,2,2,55537;57422,79.468;75.727,0.1653330813172043,2.560265055874456e-08,0.2419547912000571,0,3,3,3,0.0,0.2419547912000571,0.0,0.7241364102878726,2.560265055874456e-08,9450380.56293815,0.8080819035019138,0.48331748378189343,0.003593477105007712,False,20261074,100,-0.08566473220918404,0.021084492777379393,0.5247524752475248,0.504950495049505,264.7263539098203,6388.982249910059,277.31153342628386,497.58964571217064,586.6629290004122,6345.261694888001,8307.02785774072,8489.845436737212,99.09080518083647,2.055220369522089,1.2665503172849135,6388.982249910059,-2248.7630938362313,63167455.77674818,0.00010114357419254855,1481,0.004558137949787341,-1.445965571882522,1.4440828042107998,-4095.9999999999995,4090.666666666666,C:\Users\kimeu\Downloads\starlink_pathB_wsl_package_v0_3_clean\starlink_pathB\paper_final_experiment_check\outputs\random1200_null_random1200_seed2\0_1_lst044_typical_frozen_polybeam_smooth_S30_multi.npz,9.10175923472585,9444.443085672718,1.7798436919007438e-05,140609741.2109375,False,False,False,False,False,False,False,False,False,False,False,False
0_1,14.60794900739243,short,typical,44,2461041.8055555555,2461041.8123785085,frozen_polybeam,smooth,1000.0,single,coherent_ab,3,2,1,55537,79.468,0.1653330813172043,2.560265055874456e-08,0.2419547912000571,0,3,3,3,0.0,0.2419547912000571,0.0,0.7241364102878726,2.560265055874456e-08,9450380.56293815,16.110582792729783,16.110582792729783,0.06332810815612365,False,20261091,100,-0.7495610462275477,-1.7036962172289638,0.8118811881188119,0.9207920792079208,6824.191100827884,204732.15426252672,9928.04160571983,16195.495466699776,16774.397935811052,208107.2803792896,214301.8812327874,215292.8112712767,2792.992638668744,0.9187291564144202,0.8692302036064466,204732.15426252672,-35851.02369553267,63167455.77674818,0.0032411017943497454,1481,0.004558137949787341,-1.445965571882522,1.4440828042107998,-4095.9999999999995,4090.666666666666,C:\Users\kimeu\Downloads\starlink_pathB_wsl_package_v0_3_clean\starlink_pathB\paper_final_experiment_check\outputs\random1200_null_random1200_seed2\0_1_lst044_typical_frozen_polybeam_smooth_S1000_single.npz,9.10175923472585,9444.443085672718,1.7798436919007438e-05,140609741.2109375,False,False,False,False,False,False,False,False,False,False,False,False
0_1,14.60794900739243,short,typical,44,2461041.8055555555,2461041.8123785085,frozen_polybeam,smooth,1000.0,multi,coherent_ab,3,2,2,55537;57422,79.468;75.727,0.1653330813172043,2.560265055874456e-08,0.2419547912000571,0,3,3,3,0.0,0.2419547912000571,0.0,0.7241364102878726,2.560265055874456e-08,9450380.56293815,26.93606345006379,16.110582792729783,0.11978257016692374,False,20261108,100,-0.16184911729281748,-0.265644295190399,0.5643564356435643,0.6039603960396039,9025.340257599484,210830.0590899435,9676.062431079801,16226.90051718026,19417.32221476091,227230.93660199083,280854.5375898169,285023.39899722155,2711.822593415389,1.729591547594117,1.0613567773870352,210830.0590899435,-68297.28462065548,63167455.77674818,0.003337637340263903,1481,0.004558137949787341,-1.445965571882522,1.4440828042107998,-4095.9999999999995,4090.666666666666,C:\Users\kimeu\Downloads\starlink_pathB_wsl_package_v0_3_clean\starlink_pathB\paper_final_experiment_check\outputs\random1200_null_random1200_seed2\0_1_lst044_typical_frozen_polybeam_smooth_S1000_multi.npz,9.10175923472585,9444.443085672718,1.7798436919007438e-05,140609741.2109375,False,False,False,False,False,False,False,False,False,False,False,False
0_1,14.60794900739243,short,typical,44,2461041.8055555555,2461041.8123785085,frozen_polybeam,lines,30.0,single,coherent_ab,3,2,1,55537,79.468,0.1653330813172043,2.560265055874456e-08,0.2419547912000571,0,3,3,3,0.0,0.2419547912000571,0.0,0.7241364102878726,2.560265055874456e-08,9450380.56293815,0.4833174002912237,0.4833174002912237,0.0019020871143053222,False,20261125,100,-0.6219659665939213,-0.01398958640604487,0.7722772277227723,0.5346534653465347,198.59493686258793,6216.329713405152,269.30519477732014,475.42566691092213,487.65888989039235,6216.806016981818,6348.374024907881,6357.884970376414,76.68171270668972,1.2123029338990507,1.0688981530769806,6216.329713405152,-1478.4925326527352,63167455.77674818,9.841032279937687e-05,1481,0.004558137949787341,-1.445965571882522,1.4440828042107998,-4095.9999999999995,4090.666666666666,C:\Users\kimeu\Downloads\starlink_pathB_wsl_package_v0_3_clean\starlink_pathB\paper_final_experiment_check\outputs\random1200_null_random1200_seed2\0_1_lst044_typical_frozen_polybeam_lines_S30_single.npz,9.10175923472585,9444.443085672718,1.7798436919007438e-05,140609741.2109375,False,False,False,False,False,False,False,False,False,False,False,False
0_1,14.60794900739243,short,typical,44,2461041.8055555555,2461041.8123785085,frozen_polybeam,lines,30.0,multi,coherent_ab,3,2,2,55537;57422,79.468;75.727,0.1653330813172043,2.560265055874456e-08,0.2419547912000571,0,3,3,3,0.0,0.2419547912000571,0.0,0.7241364102878726,2.560265055874456e-08,9450380.56293815,0.8080818287764104,0.4833174002912237,0.003597711900040202,False,20261142,100,-0.2736848797503719,-0.327574126723834,0.6138613861386139,0.6336633663366337,265.6202783631161,6391.366380153704,300.57719965372235,516.3840227685869,544.9959607482518,6961.009606326846,8462.576785056426,8529.42479428993,86.15061384381261,1.7696800641392665,1.051779002061238,6391.366380153704,-2251.6901360377396,63167455.77674818,0.00010118131720775042,1481,0.004558137949787341,-1.445965571882522,1.4440828042107998,-4095.9999999999995,4090.666666666666,C:\Users\kimeu\Downloads\starlink_pathB_wsl_package_v0_3_clean\starlink_pathB\paper_final_experiment_check\outputs\random1200_null_random1200_seed2\0_1_lst044_typical_frozen_polybeam_lines_S30_multi.npz,9.10175923472585,9444.443085672718,1.7798436919007438e-05,140609741.2109375,False,False,False,False,False,False,False,False,False,False,False,False
0_1,14.60794900739243,short,typical,44,2461041.8055555555,2461041.8123785085,frozen_polybeam,lines,1000.0,single,coherent_ab,3,2,1,55537,79.468,0.1653330813172043,2.560265055874456e-08,0.2419547912000571,0,3,3,3,0.0,0.2419547912000571,0.0,0.7241364102878726,2.560265055874456e-08,9450380.56293815,16.11058000970746,16.11058000970746,0.06340290381017742,False,20261159,100,-0.2658620663679051,-1.3201914572046582,0.6435643564356436,0.8712871287128713,6847.956662246026,204704.54472353094,7729.950821683975,15997.092921630525,16607.43929509953,208036.81459886758,214728.37260442696,215508.10414246717,2237.6148601432797,0.8176494405602539,0.790632237292835,204704.54472353094,-35947.376762329965,63167455.77674818,0.0032406647094829215,1481,0.004558137949787341,-1.445965571882522,1.4440828042107998,-4095.9999999999995,4090.666666666666,C:\Users\kimeu\Downloads\starlink_pathB_wsl_package_v0_3_clean\starlink_pathB\paper_final_experiment_check\outputs\random1200_null_random1200_seed2\0_1_lst044_typical_frozen_polybeam_lines_S1000_single.npz,9.10175923472585,9444.443085672718,1.7798436919007438e-05,140609741.2109375,False,False,False,False,False,False,False,False,False,False,False,False
0_1,14.60794900739243,short,typical,44,2461041.8055555555,2461041.8123785085,frozen_polybeam,lines,1000.0,multi,coherent_ab,3,2,2,55537;57422,79.468;75.727,0.1653330813172043,2.560265055874456e-08,0.2419547912000571,0,3,3,3,0.0,0.2419547912000571,0.0,0.7241364102878726,2.560265055874456e-08,9450380.56293815,26.936060959213684,16.11058000970746,0.11992373000134007,False,20261176,100,-0.1624950560580807,-0.5601367715704408,0.6138613861386139,0.6534653465346535,9056.571466945112,210915.2403326868,9710.40298693953,19463.743308117497,20460.02981174622,239625.1813130334,283260.37213357736,284627.91242896294,2713.9491452167276,2.4338261526960485,1.170612369704797,210915.2403326868,-68398.31197842813,63167455.77674818,0.0033389858391340227,1481,0.004558137949787341,-1.445965571882522,1.4440828042107998,-4095.9999999999995,4090.666666666666,C:\Users\kimeu\Downloads\starlink_pathB_wsl_package_v0_3_clean\starlink_pathB\paper_final_experiment_check\outputs\random1200_null_random1200_seed2\0_1_lst044_typical_frozen_polybeam_lines_S1000_multi.npz,9.10175923472585,9444.443085672718,1.7798436919007438e-05,140609741.2109375,False,False,False,False,False,False,False,False,False,False,False,False
0_1,14.60794900739243,short,typical,44,2461041.8055555555,2461041.8123785085,frozen_polybeam,khz_comb,30.0,single,coherent_ab,3,2,1,55537,79.468,0.1653330813172043,2.560265055874456e-08,0.2419547912000571,0,3,3,3,0.0,0.2419547912000571,0.0,0.7241364102878726,2.560265055874456e-08,9450380.56293815,0.4720914907794164,0.4720914907794164,0.0017186023212498339,False,20261193,100,-0.47614745319438295,-0.25892467953330023,0.6732673267326733,0.594059405940594,213.08000193350017,6085.048387241288,256.9090707747964,459.4361710715806,460.93171048349234,6099.199099733356,6162.285005270931,6189.477931554256,62.08644345693756,1.4394589276485514,1.2364657011351443,6085.048387241288,-1188.9971199583238,63167455.77674818,9.633201642231065e-05,1481,0.004558137949787341,-1.445965571882522,1.4440828042107998,-4095.9999999999995,4090.666666666666,C:\Users\kimeu\Downloads\starlink_pathB_wsl_package_v0_3_clean\starlink_pathB\paper_final_experiment_check\outputs\random1200_null_random1200_seed2\0_1_lst044_typical_frozen_polybeam_khz_comb_S30_single.npz,9.10175923472585,9444.443085672718,1.7798436919007438e-05,140609741.2109375,False,False,False,False,False,False,False,False,False,False,False,False
0_1,14.60794900739243,short,typical,44,2461041.8055555555,2461041.8123785085,frozen_polybeam,khz_comb,30.0,multi,coherent_ab,3,2,2,55537;57422,79.468;75.727,0.1653330813172043,2.560265055874456e-08,0.2419547912000571,0,3,3,3,0.0,0.2419547912000571,0.0,0.7241364102878726,2.560265055874456e-08,9450380.56293815,0.7922107403131065,0.4720914907794164,0.00324610430253771,False,20261210,100,-0.06151996818654562,-0.12554864293444343,0.5445544554455446,0.5445544554455446,271.68712381646037,6129.4862521485875,278.14383556135,428.7216223294148,570.014128284813,6367.3731477918445,8162.839735853113,8258.845351229349,70.78990020486526,1.840633446693845,1.1050691494004388,6129.4862521485875,-1818.2489818954364,63167455.77674818,9.703550945303135e-05,1481,0.004558137949787341,-1.445965571882522,1.4440828042107998,-4095.9999999999995,4090.666666666666,C:\Users\kimeu\Downloads\starlink_pathB_wsl_package_v0_3_clean\starlink_pathB\paper_final_experiment_check\outputs\random1200_null_random1200_seed2\0_1_lst044_typical_frozen_polybeam_khz_comb_S30_multi.npz,9.10175923472585,9444.443085672718,1.7798436919007438e-05,140609741.2109375,False,False,False,False,False,False,False,False,False,False,False,False
0_1,14.60794900739243,short,typical,44,2461041.8055555555,2461041.8123785085,frozen_polybeam,khz_comb,1000.0,single,coherent_ab,3,2,1,55537,79.468,0.1653330813172043,2.560265055874456e-08,0.2419547912000571,0,3,3,3,0.0,0.2419547912000571,0.0,0.7241364102878726,2.560265055874456e-08,9450380.56293815,15.736383025980544,15.736383025980544,0.057286744041661106,False,20261227,100,-0.284664936630175,-0.6367919406563481,0.6633663366336634,0.7326732673267327,7295.119860998355,200906.57738192577,8187.629486279096,15510.595109751146,15793.82972733085,203048.45329454885,207367.51969733232,208822.00689007697,2114.7300476203673,1.0820897351255367,0.9510748165497949,200906.57738192577,-27917.053143914676,63167455.77674818,0.003180539328542643,1481,0.004558137949787341,-1.445965571882522,1.4440828042107998,-4095.9999999999995,4090.666666666666,C:\Users\kimeu\Downloads\starlink_pathB_wsl_package_v0_3_clean\starlink_pathB\paper_final_experiment_check\outputs\random1200_null_random1200_seed2\0_1_lst044_typical_frozen_polybeam_khz_comb_S1000_single.npz,9.10175923472585,9444.443085672718,1.7798436919007438e-05,140609741.2109375,False,False,False,False,False,False,False,False,False,False,False,False
0_1,14.60794900739243,short,typical,44,2461041.8055555555,2461041.8123785085,frozen_polybeam,khz_comb,1000.0,multi,coherent_ab,3,2,2,55537;57422,79.468;75.727,0.1653330813172043,2.560265055874456e-08,0.2419547912000571,0,3,3,3,0.0,0.2419547912000571,0.0,0.7241364102878726,2.560265055874456e-08,9450380.56293815,26.407024677103546,15.736383025980544,0.10820347675125697,False,20261244,100,-0.01171825203651285,-0.12849930567393103,0.5148514851485149,0.5445544554455446,9216.042236144189,202557.097753525,9256.321721681627,17136.293993072442,18594.483571629993,211471.7588515561,273241.0704940809,278812.22149188153,2318.4465316857677,1.6612490127323447,1.133982251135566,202557.097753525,-55240.774395039014,63167455.77674818,0.003206668612226834,1481,0.004558137949787341,-1.445965571882522,1.4440828042107998,-4095.9999999999995,4090.666666666666,C:\Users\kimeu\Downloads\starlink_pathB_wsl_package_v0_3_clean\starlink_pathB\paper_final_experiment_check\outputs\random1200_null_random1200_seed2\0_1_lst044_typical_frozen_polybeam_khz_comb_S1000_multi.npz,9.10175923472585,9444.443085672718,1.7798436919007438e-05,140609741.2109375,False,False,False,False,False,False,False,False,False,False,False,False
0_1,14.60794900739243,short,typical,44,2461041.8055555555,2461041.8123785085,full_polybeam,smooth,30.0,single,coherent_ab,3,2,1,55537,79.468,0.1653330813172043,2.560265055874456e-08,0.2419547912000571,0,3,3,3,0.0,0.2419547912000571,0.0,0.7241364102878726,2.560265055874456e-08,9450380.56293815,1.9810494824138223,1.9810494824138223,0.0046682007082768555,False,20261261,100,-1.0621197002948124,-0.9762814573464932,0.9801980198019802,0.900990099009901,276.19245258381125,18159.225064161605,595.1767799752997,1217.6992276109522,1233.2379480210413,19661.906181835977,21240.732847939933,21291.552632784424,202.5684875101142,1.0733082405226093,1.0040746491473123,18159.225064161605,-5400.579663985112,63167455.77674818,0.0002874775442649058,1481,0.004558137949787341,-1.445965571882522,1.4440828042107998,-4095.9999999999995,4090.666666666666,C:\Users\kimeu\Downloads\starlink_pathB_wsl_package_v0_3_clean\starlink_pathB\paper_final_experiment_check\outputs\random1200_null_random1200_seed2\0_1_lst044_typical_full_polybeam_smooth_S30_single.npz,9.10175923472585,9444.443085672718,1.7798436919007438e-05,140609741.2109375,False,False,False,False,False,False,False,False,False,False,False,False
0_1,14.60794900739243,short,typical,44,2461041.8055555555,2461041.8123785085,full_polybeam,smooth,30.0,multi,coherent_ab,3,2,2,55537;57422,79.468;75.727,0.1653330813172043,2.560265055874456e-08,0.2419547912000571,0,3,3,3,0.0,0.2419547912000571,0.0,0.7241364102878726,2.560265055874456e-08,9450380.56293815,6.31149546348177,4.330445981067948,0.009699563066279955,False,20261278,100,-0.5746333919933708,-0.8535687594449755,0.7524752475247525,0.7821782178217822,587.6846566461027,20863.20080203056,810.2013371821668,1646.6890603456413,1947.865665582712,30575.581730469698,43520.74890583517,44707.165669309485,261.184690869326,1.8627713531497128,1.3520327823324785,20863.20080203056,2588.1186505367205,63167455.77674818,0.00033028401327048955,1481,0.004558137949787341,-1.445965571882522,1.4440828042107998,-4095.9999999999995,4090.666666666666,C:\Users\kimeu\Downloads\starlink_pathB_wsl_package_v0_3_clean\starlink_pathB\paper_final_experiment_check\outputs\random1200_null_random1200_seed2\0_1_lst044_typical_full_polybeam_smooth_S30_multi.npz,9.10175923472585,9444.443085672718,1.7798436919007438e-05,140609741.2109375,False,False,False,False,False,False,False,False,False,False,False,False
0_1,14.60794900739243,short,typical,44,2461041.8055555555,2461041.8123785085,full_polybeam,smooth,1000.0,single,coherent_ab,3,2,1,55537,79.468,0.1653330813172043,2.560265055874456e-08,0.2419547912000571,0,3,3,3,0.0,0.2419547912000571,0.0,0.7241364102878726,2.560265055874456e-08,9450380.56293815,66.03498274712744,66.03498274712744,0.15560669027589522,False,20261295,100,-1.145913328034538,-3.8401181240692224,0.9306930693069307,0.9702970297029703,11414.050540410564,565172.23664906,20185.753255291726,44054.09404887057,44171.35035682682,669733.9076330587,741158.3489549431,742440.5053577264,5163.071483085834,1.2666936113397271,1.0749478982714358,565172.23664906,-48096.38119718483,63167455.77674818,0.00894720595755099,1481,0.004558137949787341,-1.445965571882522,1.4440828042107998,-4095.9999999999995,4090.666666666666,C:\Users\kimeu\Downloads\starlink_pathB_wsl_package_v0_3_clean\starlink_pathB\paper_final_experiment_check\outputs\random1200_null_random1200_seed2\0_1_lst044_typical_full_polybeam_smooth_S1000_single.npz,9.10175923472585,9444.443085672718,1.7798436919007438e-05,140609741.2109375,False,False,False,False,False,False,False,False,False,False,False,False
0_1,14.60794900739243,short,typical,44,2461041.8055555555,2461041.8123785085,full_polybeam,smooth,1000.0,multi,coherent_ab,3,2,2,55537;57422,79.468;75.727,0.1653330813172043,2.560265055874456e-08,0.2419547912000571,0,3,3,3,0.0,0.2419547912000571,0.0,0.7241364102878726,2.560265055874456e-08,9450380.56293815,210.38318211605906,144.34819936893163,0.3233187688759986,False,20261312,100,-0.625332225207497,-1.0067708445568821,0.7722772277227723,0.8118811881188119,19772.321320750983,720569.4679703593,29416.716983751394,60633.00693706272,62115.179043566764,1026895.2117755036,1376248.6032668622,1458175.179670791,10402.559620642336,2.513791627028432,1.398733703897237,720569.4679703593,214907.42717166722,63167455.77674818,0.011407289704955942,1481,0.004558137949787341,-1.445965571882522,1.4440828042107998,-4095.9999999999995,4090.666666666666,C:\Users\kimeu\Downloads\starlink_pathB_wsl_package_v0_3_clean\starlink_pathB\paper_final_experiment_check\outputs\random1200_null_random1200_seed2\0_1_lst044_typical_full_polybeam_smooth_S1000_multi.npz,9.10175923472585,9444.443085672718,1.7798436919007438e-05,140609741.2109375,False,False,False,False,False,False,False,False,False,False,False,False
0_1,14.60794900739243,short,typical,44,2461041.8055555555,2461041.8123785085,full_polybeam,lines,30.0,single,coherent_ab,3,2,1,55537,79.468,0.1653330813172043,2.560265055874456e-08,0.2419547912000571,0,3,3,3,0.0,0.2419547912000571,0.0,0.7241364102878726,2.560265055874456e-08,9450380.56293815,1.9809469121077454,1.9809469121077454,0.004672321467209783,False,20261329,100,-1.0395478403957876,-0.8505516772919126,0.8712871287128713,0.9405940594059405,275.7742016616976,18152.6284388379,558.338484986336,1232.5029809784378,1239.3957378984894,19381.49508812437,21280.365031440397,21301.71027021125,183.33643787671463,0.893328831380943,0.869985225286011,18152.6284388379,-5405.308024840495,63167455.77674818,0.00028737311350633573,1481,0.004558137949787341,-1.445965571882522,1.4440828042107998,-4095.9999999999995,4090.666666666666,C:\Users\kimeu\Downloads\starlink_pathB_wsl_package_v0_3_clean\starlink_pathB\paper_final_experiment_check\outputs\random1200_null_random1200_seed2\0_1_lst044_typical_full_polybeam_lines_S30_single.npz,9.10175923472585,9444.443085672718,1.7798436919007438e-05,140609741.2109375,False,False,False,False,False,False,False,False,False,False,False,False
0_1,14.60794900739243,short,typical,44,2461041.8055555555,2461041.8123785085,full_polybeam,lines,30.0,multi,coherent_ab,3,2,2,55537;57422,79.468;75.727,0.1653330813172043,2.560265055874456e-08,0.2419547912000571,0,3,3,3,0.0,0.2419547912000571,0.0,0.7241364102878726,2.560265055874456e-08,9450380.56293815,6.310991730317408,4.330044818209663,0.009707636435199559,False,20261346,100,-0.3331947683572051,-0.7391601029282383,0.6336633663366337,0.693069306930693,585.5389666727278,20848.468747107934,727.5997112995537,1732.3268874730215,1939.3222444862688,30491.19908042284,42740.4357929421,44489.5418336432,287.57552229161956,1.921572126989883,1.2510243768731895,20848.468747107934,2586.987033020061,63167455.77674818,0.00033005079104012633,1481,0.004558137949787341,-1.445965571882522,1.4440828042107998,-4095.9999999999995,4090.666666666666,C:\Users\kimeu\Downloads\starlink_pathB_wsl_package_v0_3_clean\starlink_pathB\paper_final_experiment_check\outputs\random1200_null_random1200_seed2\0_1_lst044_typical_full_polybeam_lines_S30_multi.npz,9.10175923472585,9444.443085672718,1.7798436919007438e-05,140609741.2109375,False,False,False,False,False,False,False,False,False,False,False,False
0_1,14.60794900739243,short,typical,44,2461041.8055555555,2461041.8123785085,full_polybeam,lines,1000.0,single,coherent_ab,3,2,1,55537,79.468,0.1653330813172043,2.560265055874456e-08,0.2419547912000571,0,3,3,3,0.0,0.2419547912000571,0.0,0.7241364102878726,2.560265055874456e-08,9450380.56293815,66.03156373692488,66.03156373692488,0.1557440489069928,False,20261363,100,-1.1714419544083012,-2.369544926415755,0.9504950495049505,0.9108910891089109,11388.849965339701,564943.117968411,19508.402715562028,43783.42975121925,44174.09695386048,665719.3731836457,737844.6584887775,742111.7804266713,4675.06160292335,1.0142261303835622,0.8732466690329838,564943.117968411,-48337.97934443762,63167455.77674818,0.008943578794198728,1481,0.004558137949787341,-1.445965571882522,1.4440828042107998,-4095.9999999999995,4090.666666666666,C:\Users\kimeu\Downloads\starlink_pathB_wsl_package_v0_3_clean\starlink_pathB\paper_final_experiment_check\outputs\random1200_null_random1200_seed2\0_1_lst044_typical_full_polybeam_lines_S1000_single.npz,9.10175923472585,9444.443085672718,1.7798436919007438e-05,140609741.2109375,False,False,False,False,False,False,False,False,False,False,False,False
0_1,14.60794900739243,short,typical,44,2461041.8055555555,2461041.8123785085,full_polybeam,lines,1000.0,multi,coherent_ab,3,2,2,55537;57422,79.468;75.727,0.1653330813172043,2.560265055874456e-08,0.2419547912000571,0,3,3,3,0.0,0.2419547912000571,0.0,0.7241364102878726,2.560265055874456e-08,9450380.56293815,210.36639101058032,144.33482727365543,0.32358788117331866,False,20261380,100,-0.6296107252307132,-0.7836028724769059,0.7425742574257426,0.7128712871287128,19699.083932850743,719847.6446869201,29513.174254339887,62503.48381488568,68728.18802683773,1008411.3175489523,1420950.3705307357,1462777.0125757745,10513.660217728146,2.2123353078023036,1.5506734028054912,719847.6446869201,214787.21335346537,63167455.77674818,0.011395862566177545,1481,0.004558137949787341,-1.445965571882522,1.4440828042107998,-4095.9999999999995,4090.666666666666,C:\Users\kimeu\Downloads\starlink_pathB_wsl_package_v0_3_clean\starlink_pathB\paper_final_experiment_check\outputs\random1200_null_random1200_seed2\0_1_lst044_typical_full_polybeam_lines_S1000_multi.npz,9.10175923472585,9444.443085672718,1.7798436919007438e-05,140609741.2109375,False,False,False,False,False,False,False,False,False,False,False,False
0_1,14.60794900739243,short,typical,44,2461041.8055555555,2461041.8123785085,full_polybeam,khz_comb,30.0,single,coherent_ab,3,2,1,55537,79.468,0.1653330813172043,2.560265055874456e-08,0.2419547912000571,0,3,3,3,0.0,0.2419547912000571,0.0,0.7241364102878726,2.560265055874456e-08,9450380.56293815,1.6302763213158857,1.6302763213158857,0.003936253560815618,False,20261397,100,-1.1548940938674819,-0.7490524590489569,0.9405940594059405,0.8613861386138614,221.32955611270154,15021.796095199741,451.203715978947,1038.1759569125716,1043.574099717238,16070.329872369279,17529.644352119227,17569.511069386233,134.25299990322674,1.1766938524112163,1.0816058507758168,15021.796095199741,-4447.935659149561,63167455.77674818,0.0002378091045536337,1481,0.004558137949787341,-1.445965571882522,1.4440828042107998,-4095.9999999999995,4090.666666666666,C:\Users\kimeu\Downloads\starlink_pathB_wsl_package_v0_3_clean\starlink_pathB\paper_final_experiment_check\outputs\random1200_null_random1200_seed2\0_1_lst044_typical_full_polybeam_khz_comb_S30_single.npz,9.10175923472585,9444.443085672718,1.7798436919007438e-05,140609741.2109375,False,False,False,False,False,False,False,False,False,False,False,False
0_1,14.60794900739243,short,typical,44,2461041.8055555555,2461041.8123785085,full_polybeam,khz_comb,30.0,multi,coherent_ab,3,2,2,55537;57422,79.468;75.727,0.1653330813172043,2.560265055874456e-08,0.2419547912000571,0,3,3,3,0.0,0.2419547912000571,0.0,0.7241364102878726,2.560265055874456e-08,9450380.56293815,5.193809242979466,3.5635329216635805,0.008186392169068999,False,20261414,100,-0.3783614874313879,-0.8117517469446716,0.7227722772277227,0.7128712871287128,480.3274262121413,17188.63068320589,619.5462948459899,1326.9127968640998,1413.8089803212938,24674.764049458012,34318.05573218754,35471.59823502122,248.18022858456243,2.1113057910366293,1.4877148827607036,17188.63068320589,2121.5612723182758,63167455.77674818,0.00027211212596491805,1481,0.004558137949787341,-1.445965571882522,1.4440828042107998,-4095.9999999999995,4090.666666666666,C:\Users\kimeu\Downloads\starlink_pathB_wsl_package_v0_3_clean\starlink_pathB\paper_final_experiment_check\outputs\random1200_null_random1200_seed2\0_1_lst044_typical_full_polybeam_khz_comb_S30_multi.npz,9.10175923472585,9444.443085672718,1.7798436919007438e-05,140609741.2109375,False,False,False,False,False,False,False,False,False,False,False,False
0_1,14.60794900739243,short,typical,44,2461041.8055555555,2461041.8123785085,full_polybeam,khz_comb,1000.0,single,coherent_ab,3,2,1,55537,79.468,0.1653330813172043,2.560265055874456e-08,0.2419547912000571,0,3,3,3,0.0,0.2419547912000571,0.0,0.7241364102878726,2.560265055874456e-08,9450380.56293815,54.34254404386288,54.34254404386288,0.13120845202718728,False,20261431,100,-0.9432167750266206,-2.9664317437129526,0.9405940594059405,0.9900990099009901,8803.456717213383,470636.67941716785,16795.100136240886,36398.966527360375,36886.63199844388,546000.2715030328,593179.975322471,603552.1349265656,5714.794076911814,1.3028545241323195,1.0711858577920046,470636.67941716785,-58112.16267820986,63167455.77674818,0.00745061952598712,1481,0.004558137949787341,-1.445965571882522,1.4440828042107998,-4095.9999999999995,4090.666666666666,C:\Users\kimeu\Downloads\starlink_pathB_wsl_package_v0_3_clean\starlink_pathB\paper_final_experiment_check\outputs\random1200_null_random1200_seed2\0_1_lst044_typical_full_polybeam_khz_comb_S1000_single.npz,9.10175923472585,9444.443085672718,1.7798436919007438e-05,140609741.2109375,False,False,False,False,False,False,False,False,False,False,False,False
0_1,14.60794900739243,short,typical,44,2461041.8055555555,2461041.8123785085,full_polybeam,khz_comb,1000.0,multi,coherent_ab,3,2,2,55537;57422,79.468;75.727,0.1653330813172043,2.560265055874456e-08,0.2419547912000571,0,3,3,3,0.0,0.2419547912000571,0.0,0.7241364102878726,2.560265055874456e-08,9450380.56293815,173.12697476598225,118.78443072211938,0.27287973896896656,False,20261448,100,-0.7148123517727344,-0.5501867794765801,0.7821782178217822,0.693069306930693,15947.960042497609,589013.1960233322,22921.24676000164,42293.64579570823,53935.60487175689,762207.9171139693,1162906.3172732224,1206653.7262874758,6579.933100586291,2.0395072448194043,1.3998090869351647,589013.1960233322,158297.83524339716,63167455.77674818,0.009324630678573994,1481,0.004558137949787341,-1.445965571882522,1.4440828042107998,-4095.9999999999995,4090.666666666666,C:\Users\kimeu\Downloads\starlink_pathB_wsl_package_v0_3_clean\starlink_pathB\paper_final_experiment_check\outputs\random1200_null_random1200_seed2\0_1_lst044_typical_full_polybeam_khz_comb_S1000_multi.npz,9.10175923472585,9444.443085672718,1.7798436919007438e-05,140609741.2109375,False,False,False,False,False,False,False,False,False,False,False,False
0_1,14.60794900739243,short,stress,0,2461041.5,2461041.506822953,frozen_polybeam,smooth,30.0,single,coherent_ab,4,3,1,53976,86.545,0.2350680443548387,1.9557868561271567e-06,0.5502745938468236,1,4,4,4,0.3308758856684498,0.5502745938468236,0.3308758856684498,0.7280464634021924,1.9557868561271567e-06,281357.1387510374,7.3413080564422355,7.3413080564422355,0.013180750307416434,False,20261421,100,-0.22330491917684514,1.1145678799588827,0.6633663366336634,0.04950495049504951,4711.169201653451,157347.30054310244,5064.130751163699,6984.015884510614,7036.211932468992,152983.28456998247,156795.13283630545,157756.23589081876,1066.1175959436223,1.151571147550851,1.0881630417227641,157347.30054310244,-54326.33130182313,1106626167.551434,0.00014218649906974046,1481,0.004558137949787341,-1.445965571882522,1.4440828042107998,-4095.9999999999995,4090.666666666666,C:\Users\kimeu\Downloads\starlink_pathB_wsl_package_v0_3_clean\starlink_pathB\paper_final_experiment_check\outputs\random1200_null_random1200_seed2\0_1_lst000_stress_frozen_polybeam_smooth_S30_single.npz,9.10175923472585,9444.443085672718,1.7798436919007438e-05,140609741.2109375,False,False,False,False,False,False,False,False,False,False,False,False
0_1,14.60794900739243,short,stress,0,2461041.5,2461041.506822953,frozen_polybeam,smooth,30.0,multi,coherent_ab,4,3,3,53976;54093;56109,86.545;85.567;70.536,0.2350680443548387,1.9557868561271567e-06,0.5502745938468236,1,4,4,4,0.3308758856684498,0.5502745938468236,0.3308758856684498,0.7280464634021924,1.9557868561271567e-06,281357.1387510374,12.818566158141081,7.3413080564422355,0.023639699078040886,False,20261438,100,-1.434004154919929,-0.2971689397345873,0.8514851485148515,0.6237623762376238,3215.369673229754,240679.44837102242,6643.165930418298,9585.485730307177,10207.009956763444,250231.68383691064,279152.7529555583,280534.0910993797,1612.2804755549878,1.8262772223167734,1.1152208964926542,240679.44837102242,-43656.013517681975,1106626167.551434,0.0002174893884025529,1481,0.004558137949787341,-1.445965571882522,1.4440828042107998,-4095.9999999999995,4090.666666666666,C:\Users\kimeu\Downloads\starlink_pathB_wsl_package_v0_3_clean\starlink_pathB\paper_final_experiment_check\outputs\random1200_null_random1200_seed2\0_1_lst000_stress_frozen_polybeam_smooth_S30_multi.npz,9.10175923472585,9444.443085672718,1.7798436919007438e-05,140609741.2109375,False,False,False,False,False,False,False,False,False,False,False,False
0_1,14.60794900739243,short,stress,0,2461041.5,2461041.506822953,frozen_polybeam,smooth,1000.0,single,coherent_ab,4,3,1,53976,86.545,0.2350680443548387,1.9557868561271567e-06,0.5502745938468236,1,4,4,4,0.3308758856684498,0.5502745938468236,0.3308758856684498,0.7280464634021924,1.9557868561271567e-06,281357.1387510374,244.71026854807454,244.71026854807454,0.439358343580548,False,20261455,100,-0.1061106598154285,1.11219323625504,0.5247524752475248,0.0297029702970297,123271.24862762913,6394245.906355235,128503.79004806839,182093.68081242888,183475.0050415051,5537851.741654063,6350112.191183487,6394357.357002367,33260.568191770464,1.1823170995285508,1.05961358621369,6394245.906355235,-3935005.9471789226,1106626167.551434,0.005778144502495728,1481,0.004558137949787341,-1.445965571882522,1.4440828042107998,-4095.9999999999995,4090.666666666666,C:\Users\kimeu\Downloads\starlink_pathB_wsl_package_v0_3_clean\starlink_pathB\paper_final_experiment_check\outputs\random1200_null_random1200_seed2\0_1_lst000_stress_frozen_polybeam_smooth_S1000_single.npz,9.10175923472585,9444.443085672718,1.7798436919007438e-05,140609741.2109375,False,False,False,False,False,False,False,False,False,False,False,False
0_1,14.60794900739243,short,stress,0,2461041.5,2461041.506822953,frozen_polybeam,smooth,1000.0,multi,coherent_ab,4,3,3,53976;54093;56109,86.545;85.567;70.536,0.2350680443548387,1.9557868561271567e-06,0.5502745938468236,1,4,4,4,0.3308758856684498,0.5502745938468236,0.3308758856684498,0.7280464634021924,1.9557868561271567e-06,281357.1387510374,427.28553860470265,244.71026854807454,0.7879899692680297,False,20261472,100,-1.095641654337235,0.2145270179614539,0.8514851485148515,0.38613861386138615,69771.6922990419,8996386.658069108,149456.0847313339,231946.682942201,251192.33271807808,8746080.316836659,10093203.118974818,10274662.161522914,49054.712512367405,1.9847308572038693,1.2778077203653775,8996386.658069108,-4007646.9820203558,1106626167.551434,0.008129562558578276,1481,0.004558137949787341,-1.445965571882522,1.4440828042107998,-4095.9999999999995,4090.666666666666,C:\Users\kimeu\Downloads\starlink_pathB_wsl_package_v0_3_clean\starlink_pathB\paper_final_experiment_check\outputs\random1200_null_random1200_seed2\0_1_lst000_stress_frozen_polybeam_smooth_S1000_multi.npz,9.10175923472585,9444.443085672718,1.7798436919007438e-05,140609741.2109375,False,False,False,False,False,False,False,False,False,False,False,False
0_1,14.60794900739243,short,stress,0,2461041.5,2461041.506822953,frozen_polybeam,lines,30.0,single,coherent_ab,4,3,1,53976,86.545,0.2350680443548387,1.9557868561271567e-06,0.5502745938468236,1,4,4,4,0.3308758856684498,0.5502745938468236,0.3308758856684498,0.7280464634021924,1.9557868561271567e-06,281357.1387510374,7.341226123778244,7.341226123778244,0.01319586982080677,False,20261489,100,-0.30292370555732356,0.95464072604058,0.6633663366336634,0.0594059405940594,4714.303867120296,157452.17849778826,5093.915233596228,6772.8462851882905,6998.105745584667,153338.48078475287,157447.14627186238,157728.63462996067,845.243717091158,1.0539510382476998,0.9621375885806962,157452.17849778826,-54284.69865507822,1106626167.551434,0.000142281271774165,1481,0.004558137949787341,-1.445965571882522,1.4440828042107998,-4095.9999999999995,4090.666666666666,C:\Users\kimeu\Downloads\starlink_pathB_wsl_package_v0_3_clean\starlink_pathB\paper_final_experiment_check\outputs\random1200_null_random1200_seed2\0_1_lst000_stress_frozen_polybeam_lines_S30_single.npz,9.10175923472585,9444.443085672718,1.7798436919007438e-05,140609741.2109375,False,False,False,False,False,False,False,False,False,False,False,False
0_1,14.60794900739243,short,stress,0,2461041.5,2461041.506822953,frozen_polybeam,lines,30.0,multi,coherent_ab,4,3,3,53976;54093;56109,86.545;85.567;70.536,0.2350680443548387,1.9557868561271567e-06,0.5502745938468236,1,4,4,4,0.3308758856684498,0.5502745938468236,0.3308758856684498,0.7280464634021924,1.9557868561271567e-06,281357.1387510374,12.818423096541459,7.341226123778244,0.023666822713030864,False,20261506,100,-1.5351353726634338,-0.2602236526152762,0.8217821782178217,0.5841584158415841,3200.600886762142,240727.02686149074,6322.456578445621,9541.188814656622,9987.997920103688,249007.53153360658,278121.2249841161,280269.73506595835,1371.6463407436386,1.694653085407181,1.1904054296597786,240727.02686149074,-43563.81128309746,1106626167.551434,0.00021753238258781927,1481,0.004558137949787341,-1.445965571882522,1.4440828042107998,-4095.9999999999995,4090.666666666666,C:\Users\kimeu\Downloads\starlink_pathB_wsl_package_v0_3_clean\starlink_pathB\paper_final_experiment_check\outputs\random1200_null_random1200_seed2\0_1_lst000_stress_frozen_polybeam_lines_S30_multi.npz,9.10175923472585,9444.443085672718,1.7798436919007438e-05,140609741.2109375,False,False,False,False,False,False,False,False,False,False,False,False
0_1,14.60794900739243,short,stress,0,2461041.5,2461041.506822953,frozen_polybeam,lines,1000.0,single,coherent_ab,4,3,1,53976,86.545,0.2350680443548387,1.9557868561271567e-06,0.5502745938468236,1,4,4,4,0.3308758856684498,0.5502745938468236,0.3308758856684498,0.7280464634021924,1.9557868561271567e-06,281357.1387510374,244.70753745927485,244.70753745927485,0.43986232736022557,False,20261523,100,-0.16042619403991007,1.440714471302853,0.5247524752475248,0.009900990099009901,123514.59357415885,6396414.810992934,130642.06933596078,177005.3842240393,181905.50064200463,5489308.735315414,6361751.89957175,6384107.8529968625,29966.531142245047,1.3193285340942196,1.1313664921868092,6396414.810992934,-3932904.623121982,1106626167.551434,0.005780104427808626,1481,0.004558137949787341,-1.445965571882522,1.4440828042107998,-4095.9999999999995,4090.666666666666,C:\Users\kimeu\Downloads\starlink_pathB_wsl_package_v0_3_clean\starlink_pathB\paper_final_experiment_check\outputs\random1200_null_random1200_seed2\0_1_lst000_stress_frozen_polybeam_lines_S1000_single.npz,9.10175923472585,9444.443085672718,1.7798436919007438e-05,140609741.2109375,False,False,False,False,False,False,False,False,False,False,False,False
0_1,14.60794900739243,short,stress,0,2461041.5,2461041.506822953,frozen_polybeam,lines,1000.0,multi,coherent_ab,4,3,3,53976;54093;56109,86.545;85.567;70.536,0.2350680443548387,1.9557868561271567e-06,0.5502745938468236,1,4,4,4,0.3308758856684498,0.5502745938468236,0.3308758856684498,0.7280464634021924,1.9557868561271567e-06,281357.1387510374,427.2807698847153,244.70753745927485,0.7888940904343621,False,20261540,100,-1.5624383953105914,0.27930883707480564,0.7722772277227723,0.37623762376237624,69405.81998926401,8996473.831803355,169704.58344051894,234608.3182211546,250465.02605791137,8677585.797983386,10288284.450577606,10548217.6174999,43298.08415988926,1.9867187701590743,1.3594346471180692,8996473.831803355,-4003656.601428688,1106626167.551434,0.008129641332907677,1481,0.004558137949787341,-1.445965571882522,1.4440828042107998,-4095.9999999999995,4090.666666666666,C:\Users\kimeu\Downloads\starlink_pathB_wsl_package_v0_3_clean\starlink_pathB\paper_final_experiment_check\outputs\random1200_null_random1200_seed2\0_1_lst000_stress_frozen_polybeam_lines_S1000_multi.npz,9.10175923472585,9444.443085672718,1.7798436919007438e-05,140609741.2109375,False,False,False,False,False,False,False,False,False,False,False,False
0_1,14.60794900739243,short,stress,0,2461041.5,2461041.506822953,frozen_polybeam,khz_comb,30.0,single,coherent_ab,4,3,1,53976,86.545,0.2350680443548387,1.9557868561271567e-06,0.5502745938468236,1,4,4,4,0.3308758856684498,0.5502745938468236,0.3308758856684498,0.7280464634021924,1.9557868561271567e-06,281357.1387510374,6.041669792294926,6.041669792294926,0.01171438262138058,False,20261557,100,-0.22231589683712633,3.842545847096448,0.5544554455445545,0.009900990099009901,4313.228033531457,149320.4590275809,4667.99345765356,6487.131265594251,6551.577691050507,144519.24938715046,147731.88469679482,148626.17810336774,1076.3332886062562,0.9723951634663316,0.8746024891577548,149320.4590275809,-44230.54327968563,1106626167.551434,0.00013493306358187192,1481,0.004558137949787341,-1.445965571882522,1.4440828042107998,-4095.9999999999995,4090.666666666666,C:\Users\kimeu\Downloads\starlink_pathB_wsl_package_v0_3_clean\starlink_pathB\paper_final_experiment_check\outputs\random1200_null_random1200_seed2\0_1_lst000_stress_frozen_polybeam_khz_comb_S30_single.npz,9.10175923472585,9444.443085672718,1.7798436919007438e-05,140609741.2109375,False,False,False,False,False,False,False,False,False,False,False,False
0_1,14.60794900739243,short,stress,0,2461041.5,2461041.506822953,frozen_polybeam,khz_comb,30.0,multi,coherent_ab,4,3,3,53976;54093;56109,86.545;85.567;70.536,0.2350680443548387,1.9557868561271567e-06,0.5502745938468236,1,4,4,4,0.3308758856684498,0.5502745938468236,0.3308758856684498,0.7280464634021924,1.9557868561271567e-06,281357.1387510374,10.54928404349059,6.041669792294926,0.021012895709386574,False,20261574,100,-1.1032034328917957,-0.22344799720510913,0.8316831683168316,0.6039603960396039,2892.728343743831,210256.43848598865,5625.309923704714,8748.927680152188,9588.695335232112,219113.3271149574,256350.60390542372,260137.93669837856,1670.6810097284615,1.5560600072764785,1.113915390049491,210256.43848598865,-35012.237040891676,1106626167.551434,0.0001899977107456356,1481,0.004558137949787341,-1.445965571882522,1.4440828042107998,-4095.9999999999995,4090.666666666666,C:\Users\kimeu\Downloads\starlink_pathB_wsl_package_v0_3_clean\starlink_pathB\paper_final_experiment_check\outputs\random1200_null_random1200_seed2\0_1_lst000_stress_frozen_polybeam_khz_comb_S30_multi.npz,9.10175923472585,9444.443085672718,1.7798436919007438e-05,140609741.2109375,False,False,False,False,False,False,False,False,False,False,False,False
0_1,14.60794900739243,short,stress,0,2461041.5,2461041.506822953,frozen_polybeam,khz_comb,1000.0,single,coherent_ab,4,3,1,53976,86.545,0.2350680443548387,1.9557868561271567e-06,0.5502745938468236,1,4,4,4,0.3308758856684498,0.5502745938468236,0.3308758856684498,0.7280464634021924,1.9557868561271567e-06,281357.1387510374,201.38899307649757,201.38899307649757,0.39047942071268626,False,20261591,100,-0.33370632229310226,1.069951068719115,0.6534653465346535,0.039603960396039604,116033.3478647992,5731054.414556941,129937.541848341,176184.9981821293,179026.77434228556,5086558.350435711,5723737.765663876,5732401.077898968,28103.304412770085,1.1419230401441118,0.986899905371917,5731054.414556941,-3096437.3077004678,1106626167.551434,0.005178853150777832,1481,0.004558137949787341,-1.445965571882522,1.4440828042107998,-4095.9999999999995,4090.666666666666,C:\Users\kimeu\Downloads\starlink_pathB_wsl_package_v0_3_clean\starlink_pathB\paper_final_experiment_check\outputs\random1200_null_random1200_seed2\0_1_lst000_stress_frozen_polybeam_khz_comb_S1000_single.npz,9.10175923472585,9444.443085672718,1.7798436919007438e-05,140609741.2109375,False,False,False,False,False,False,False,False,False,False,False,False
0_1,14.60794900739243,short,stress,0,2461041.5,2461041.506822953,frozen_polybeam,khz_comb,1000.0,multi,coherent_ab,4,3,3,53976;54093;56109,86.545;85.567;70.536,0.2350680443548387,1.9557868561271567e-06,0.5502745938468236,1,4,4,4,0.3308758856684498,0.5502745938468236,0.3308758856684498,0.7280464634021924,1.9557868561271567e-06,281357.1387510374,351.6428014496863,201.38899307649757,0.7004298569795526,False,20261608,100,-1.2671023168234152,0.20351567562210793,0.8316831683168316,0.42574257425742573,65527.40066946298,7737940.380546169,151234.99237821624,229731.0475803187,243996.84448625485,7549296.72129689,8948396.8099989,9140122.300340148,45622.97602728102,2.135943621462324,1.3218573510774194,7737940.380546169,-3124387.482685209,1106626167.551434,0.0069923706916017086,1481,0.004558137949787341,-1.445965571882522,1.4440828042107998,-4095.9999999999995,4090.666666666666,C:\Users\kimeu\Downloads\starlink_pathB_wsl_package_v0_3_clean\starlink_pathB\paper_final_experiment_check\outputs\random1200_null_random1200_seed2\0_1_lst000_stress_frozen_polybeam_khz_comb_S1000_multi.npz,9.10175923472585,9444.443085672718,1.7798436919007438e-05,140609741.2109375,False,False,False,False,False,False,False,False,False,False,False,False
0_1,14.60794900739243,short,stress,0,2461041.5,2461041.506822953,full_polybeam,smooth,30.0,single,coherent_ab,4,3,1,53976,86.545,0.2350680443548387,1.9557868561271567e-06,0.5502745938468236,1,4,4,4,0.3308758856684498,0.5502745938468236,0.3308758856684498,0.7280464634021924,1.9557868561271567e-06,281357.1387510374,10.2804813402023,10.2804813402023,0.018191727174780785,False,20261625,100,-0.2287209299320471,1.0603762624878441,0.6534653465346535,0.09900990099009901,4346.954230297357,167530.3468912351,4666.031948199496,6665.639467644692,6692.381509349086,162189.70020334498,167726.30412138416,168253.40513626355,940.9500579759479,0.8765313526273233,0.838896255169226,167530.3468912351,-52759.31712471663,1106626167.551434,0.0001513883837230413,1481,0.004558137949787341,-1.445965571882522,1.4440828042107998,-4095.9999999999995,4090.666666666666,C:\Users\kimeu\Downloads\starlink_pathB_wsl_package_v0_3_clean\starlink_pathB\paper_final_experiment_check\outputs\random1200_null_random1200_seed2\0_1_lst000_stress_full_polybeam_smooth_S30_single.npz,9.10175923472585,9444.443085672718,1.7798436919007438e-05,140609741.2109375,False,False,False,False,False,False,False,False,False,False,False,False
0_1,14.60794900739243,short,stress,0,2461041.5,2461041.506822953,full_polybeam,smooth,30.0,multi,coherent_ab,4,3,3,53976;54093;56109,86.545;85.567;70.536,0.2350680443548387,1.9557868561271567e-06,0.5502745938468236,1,4,4,4,0.3308758856684498,0.5502745938468236,0.3308758856684498,0.7280464634021924,1.9557868561271567e-06,281357.1387510374,18.862647375627738,10.2804813402023,0.033739381896458163,False,20261642,100,-1.393915720065826,0.20262423433131144,0.801980198019802,0.37623762376237624,3470.5503390282393,321025.229701197,6032.1742361504585,9575.68636744553,10191.909756237641,314522.38477796904,349297.23831935937,350097.74969881977,1239.5237552681938,2.0702194763266855,1.3377772194060267,321025.229701197,-37107.825086976605,1106626167.551434,0.0002900936550339402,1481,0.004558137949787341,-1.445965571882522,1.4440828042107998,-4095.9999999999995,4090.666666666666,C:\Users\kimeu\Downloads\starlink_pathB_wsl_package_v0_3_clean\starlink_pathB\paper_final_experiment_check\outputs\random1200_null_random1200_seed2\0_1_lst000_stress_full_polybeam_smooth_S30_multi.npz,9.10175923472585,9444.443085672718,1.7798436919007438e-05,140609741.2109375,False,False,False,False,False,False,False,False,False,False,False,False
0_1,14.60794900739243,short,stress,0,2461041.5,2461041.506822953,full_polybeam,smooth,1000.0,single,coherent_ab,4,3,1,53976,86.545,0.2350680443548387,1.9557868561271567e-06,0.5502745938468236,1,4,4,4,0.3308758856684498,0.5502745938468236,0.3308758856684498,0.7280464634021924,1.9557868561271567e-06,281357.1387510374,342.68271134007665,342.68271134007665,0.6063909058260261,False,20261659,100,0.4837336937666142,0.7943354165436678,0.3069306930693069,0.0594059405940594,89351.21903151274,8418084.805522667,68049.47808592301,106855.23533336306,111691.11868312178,7661912.846638424,8415816.486204976,8444064.162872164,29701.9364450071,0.9901516644397017,0.8809637328054352,8418084.805522667,-6655915.32404911,1106626167.551434,0.007606981519467286,1481,0.004558137949787341,-1.445965571882522,1.4440828042107998,-4095.9999999999995,4090.666666666666,C:\Users\kimeu\Downloads\starlink_pathB_wsl_package_v0_3_clean\starlink_pathB\paper_final_experiment_check\outputs\random1200_null_random1200_seed2\0_1_lst000_stress_full_polybeam_smooth_S1000_single.npz,9.10175923472585,9444.443085672718,1.7798436919007438e-05,140609741.2109375,False,False,False,False,False,False,False,False,False,False,False,False
0_1,14.60794900739243,short,stress,0,2461041.5,2461041.506822953,full_polybeam,smooth,1000.0,multi,coherent_ab,4,3,3,53976;54093;56109,86.545;85.567;70.536,0.2350680443548387,1.9557868561271567e-06,0.5502745938468236,1,4,4,4,0.3308758856684498,0.5502745938468236,0.3308758856684498,0.7280464634021924,1.9557868561271567e-06,281357.1387510374,628.7549125209246,342.68271134007665,1.124646063215272,False,20261676,100,-0.851535171219193,0.8950474153469543,0.7722772277227723,0.24752475247524752,54045.32247240469,13743792.23774546,84267.89294322208,161456.54190699384,194451.01749842486,12640415.089037467,14310551.423350843,14557645.981317572,23938.934290888254,1.8056176970473028,1.3132855783644808,13743792.23774546,-7992264.434431486,1106626167.551434,0.012419543871943254,1481,0.004558137949787341,-1.445965571882522,1.4440828042107998,-4095.9999999999995,4090.666666666666,C:\Users\kimeu\Downloads\starlink_pathB_wsl_package_v0_3_clean\starlink_pathB\paper_final_experiment_check\outputs\random1200_null_random1200_seed2\0_1_lst000_stress_full_polybeam_smooth_S1000_multi.npz,9.10175923472585,9444.443085672718,1.7798436919007438e-05,140609741.2109375,False,False,False,False,False,False,False,False,False,False,False,False
0_1,14.60794900739243,short,stress,0,2461041.5,2461041.506822953,full_polybeam,lines,30.0,single,coherent_ab,4,3,1,53976,86.545,0.2350680443548387,1.9557868561271567e-06,0.5502745938468236,1,4,4,4,0.3308758856684498,0.5502745938468236,0.3308758856684498,0.7280464634021924,1.9557868561271567e-06,281357.1387510374,10.280189592797079,10.280189592797079,0.018210445953547,False,20261693,100,-0.5486656526802118,1.1481781705213105,0.6732673267326733,0.039603960396039604,4350.7581331804395,167825.416394826,5049.280519802123,6541.215019234456,6637.418037267197,160914.9605994812,166830.50441966092,168148.79775558802,858.7140324208885,1.5486372027322277,1.3644660597620517,167825.416394826,-52715.46896128171,1106626167.551434,0.0001516550225503553,1481,0.004558137949787341,-1.445965571882522,1.4440828042107998,-4095.9999999999995,4090.666666666666,C:\Users\kimeu\Downloads\starlink_pathB_wsl_package_v0_3_clean\starlink_pathB\paper_final_experiment_check\outputs\random1200_null_random1200_seed2\0_1_lst000_stress_full_polybeam_lines_S30_single.npz,9.10175923472585,9444.443085672718,1.7798436919007438e-05,140609741.2109375,False,False,False,False,False,False,False,False,False,False,False,False
0_1,14.60794900739243,short,stress,0,2461041.5,2461041.506822953,full_polybeam,lines,30.0,multi,coherent_ab,4,3,3,53976;54093;56109,86.545;85.567;70.536,0.2350680443548387,1.9557868561271567e-06,0.5502745938468236,1,4,4,4,0.3308758856684498,0.5502745938468236,0.3308758856684498,0.7280464634021924,1.9557868561271567e-06,281357.1387510374,18.862092956076907,10.280189592797079,0.033773687650648136,False,20261710,100,-0.9402135819894838,0.17839447088476185,0.7326732673267327,0.46534653465346537,3455.018745545298,321073.27704009606,5912.230577801354,9620.220644286088,9933.905624938812,314758.9586096171,347572.57360230543,350215.082805383,1762.7555128764361,2.2887507237399474,1.21712994002426,321073.27704009606,-37020.5970647379,1106626167.551434,0.0002901370728929317,1481,0.004558137949787341,-1.445965571882522,1.4440828042107998,-4095.9999999999995,4090.666666666666,C:\Users\kimeu\Downloads\starlink_pathB_wsl_package_v0_3_clean\starlink_pathB\paper_final_experiment_check\outputs\random1200_null_random1200_seed2\0_1_lst000_stress_full_polybeam_lines_S30_multi.npz,9.10175923472585,9444.443085672718,1.7798436919007438e-05,140609741.2109375,False,False,False,False,False,False,False,False,False,False,False,False
0_1,14.60794900739243,short,stress,0,2461041.5,2461041.506822953,full_polybeam,lines,1000.0,single,coherent_ab,4,3,1,53976,86.545,0.2350680443548387,1.9557868561271567e-06,0.5502745938468236,1,4,4,4,0.3308758856684498,0.5502745938468236,0.3308758856684498,0.7280464634021924,1.9557868561271567e-06,281357.1387510374,342.67298642656925,342.67298642656925,0.6070148651182332,False,20261727,100,0.3890161817528985,1.2240772226973935,0.27722772277227725,0.0891089108910891,89734.8977827169,8423000.744009407,77930.51427694596,109170.98037377028,112233.98915086316,7067796.793108035,8434315.237003207,8445034.973248815,20466.880220982246,1.3262999185899869,1.1963835343491045,8423000.744009407,-6652502.589535259,1106626167.551434,0.007611423795125395,1481,0.004558137949787341,-1.445965571882522,1.4440828042107998,-4095.9999999999995,4090.666666666666,C:\Users\kimeu\Downloads\starlink_pathB_wsl_package_v0_3_clean\starlink_pathB\paper_final_experiment_check\outputs\random1200_null_random1200_seed2\0_1_lst000_stress_full_polybeam_lines_S1000_single.npz,9.10175923472585,9444.443085672718,1.7798436919007438e-05,140609741.2109375,False,False,False,False,False,False,False,False,False,False,False,False
0_1,14.60794900739243,short,stress,0,2461041.5,2461041.506822953,full_polybeam,lines,1000.0,multi,coherent_ab,4,3,3,53976;54093;56109,86.545;85.567;70.536,0.2350680443548387,1.9557868561271567e-06,0.5502745938468236,1,4,4,4,0.3308758856684498,0.5502745938468236,0.3308758856684498,0.7280464634021924,1.9557868561271567e-06,281357.1387510374,628.7364318692303,342.67298642656925,1.1257895883549378,False,20261744,100,-0.5378720616232283,1.0973153214423326,0.7524752475247525,0.19801980198019803,53756.51762598753,13739909.607836396,71985.5147509845,150429.99226718003,169402.73372917034,12416409.69997729,14627495.833919989,14874102.455443325,22859.135085451882,1.9648033099385775,1.2894490722511067,13739909.607836396,-7986373.647236146,1106626167.551434,0.012416035343026342,1481,0.004558137949787341,-1.445965571882522,1.4440828042107998,-4095.9999999999995,4090.666666666666,C:\Users\kimeu\Downloads\starlink_pathB_wsl_package_v0_3_clean\starlink_pathB\paper_final_experiment_check\outputs\random1200_null_random1200_seed2\0_1_lst000_stress_full_polybeam_lines_S1000_multi.npz,9.10175923472585,9444.443085672718,1.7798436919007438e-05,140609741.2109375,False,False,False,False,False,False,False,False,False,False,False,False
0_1,14.60794900739243,short,stress,0,2461041.5,2461041.506822953,full_polybeam,khz_comb,30.0,single,coherent_ab,4,3,1,53976,86.545,0.2350680443548387,1.9557868561271567e-06,0.5502745938468236,1,4,4,4,0.3308758856684498,0.5502745938468236,0.3308758856684498,0.7280464634021924,1.9557868561271567e-06,281357.1387510374,8.460372950602077,8.460372950602077,0.015688393481577873,False,20261761,100,-0.2670376574126672,1.264743960243253,0.6336633663366337,0.039603960396039604,3976.224972795695,154616.36806856235,4367.806424476206,6099.509508478362,6213.36075384682,149838.409448012,154465.61279291456,154661.40041617016,989.0667604710907,0.7482802148479326,0.7128160373612805,154616.36806856235,-42536.20536685971,1106626167.551434,0.0001397186986917839,1481,0.004558137949787341,-1.445965571882522,1.4440828042107998,-4095.9999999999995,4090.666666666666,C:\Users\kimeu\Downloads\starlink_pathB_wsl_package_v0_3_clean\starlink_pathB\paper_final_experiment_check\outputs\random1200_null_random1200_seed2\0_1_lst000_stress_full_polybeam_khz_comb_S30_single.npz,9.10175923472585,9444.443085672718,1.7798436919007438e-05,140609741.2109375,False,False,False,False,False,False,False,False,False,False,False,False
0_1,14.60794900739243,short,stress,0,2461041.5,2461041.506822953,full_polybeam,khz_comb,30.0,multi,coherent_ab,4,3,3,53976;54093;56109,86.545;85.567;70.536,0.2350680443548387,1.9557868561271567e-06,0.5502745938468236,1,4,4,4,0.3308758856684498,0.5502745938468236,0.3308758856684498,0.7280464634021924,1.9557868561271567e-06,281357.1387510374,15.523093187809168,8.460372950602077,0.029034393043841568,False,20261778,100,-1.4096242859920876,-0.15999451715090854,0.8514851485148515,0.6039603960396039,3112.224966738373,272436.93226461136,5649.015410713851,8457.997677101846,9223.91945042463,277339.1855201071,308461.3461193325,311524.8943398739,1213.8282024459913,2.645474431094911,1.4705896624722572,272436.93226461136,-28988.66671463441,1106626167.551434,0.00024618696019760347,1481,0.004558137949787341,-1.445965571882522,1.4440828042107998,-4095.9999999999995,4090.666666666666,C:\Users\kimeu\Downloads\starlink_pathB_wsl_package_v0_3_clean\starlink_pathB\paper_final_experiment_check\outputs\random1200_null_random1200_seed2\0_1_lst000_stress_full_polybeam_khz_comb_S30_multi.npz,9.10175923472585,9444.443085672718,1.7798436919007438e-05,140609741.2109375,False,False,False,False,False,False,False,False,False,False,False,False
0_1,14.60794900739243,short,stress,0,2461041.5,2461041.506822953,full_polybeam,khz_comb,1000.0,single,coherent_ab,4,3,1,53976,86.545,0.2350680443548387,1.9557868561271567e-06,0.5502745938468236,1,4,4,4,0.3308758856684498,0.5502745938468236,0.3308758856684498,0.7280464634021924,1.9557868561271567e-06,281357.1387510374,282.01243168673585,282.01243168673585,0.5229464493859289,False,20261795,100,0.02749665249123938,1.1600726942028625,0.4752475247524752,0.019801980198019802,89426.80778367445,6932877.503844993,88668.69517948013,126452.60744738877,128045.50892063837,5980886.031509243,6895485.209521778,6930266.755896153,18596.443561074324,1.2621332342572593,1.0553935605938372,6932877.503844993,-4862531.025333408,1106626167.551434,0.006264877613715713,1481,0.004558137949787341,-1.445965571882522,1.4440828042107998,-4095.9999999999995,4090.666666666666,C:\Users\kimeu\Downloads\starlink_pathB_wsl_package_v0_3_clean\starlink_pathB\paper_final_experiment_check\outputs\random1200_null_random1200_seed2\0_1_lst000_stress_full_polybeam_khz_comb_S1000_single.npz,9.10175923472585,9444.443085672718,1.7798436919007438e-05,140609741.2109375,False,False,False,False,False,False,False,False,False,False,False,False
0_1,14.60794900739243,short,stress,0,2461041.5,2461041.506822953,full_polybeam,khz_comb,1000.0,multi,coherent_ab,4,3,3,53976;54093;56109,86.545;85.567;70.536,0.2350680443548387,1.9557868561271567e-06,0.5502745938468236,1,4,4,4,0.3308758856684498,0.5502745938468236,0.3308758856684498,0.7280464634021924,1.9557868561271567e-06,281357.1387510374,517.4364395936389,282.01243168673585,0.9678131014613854,False,20261812,100,-0.9444515166298035,0.6324748216042969,0.801980198019802,0.33663366336633666,55947.767501711845,11017261.214173863,101973.64368207101,164708.3002495538,193528.47194424397,10281295.008101784,12060469.930502716,12202173.358059159,32869.90134892706,2.038696385023531,1.444362004519943,11017261.214173863,-5692006.455697349,1106626167.551434,0.009955720854271051,1481,0.004558137949787341,-1.445965571882522,1.4440828042107998,-4095.9999999999995,4090.666666666666,C:\Users\kimeu\Downloads\starlink_pathB_wsl_package_v0_3_clean\starlink_pathB\paper_final_experiment_check\outputs\random1200_null_random1200_seed2\0_1_lst000_stress_full_polybeam_khz_comb_S1000_multi.npz,9.10175923472585,9444.443085672718,1.7798436919007438e-05,140609741.2109375,False,False,False,False,False,False,False,False,False,False,False,False
0_197,160.250312485456,mid,quiet,22,2461041.652777778,2461041.6596007315,frozen_polybeam,smooth,30.0,single,coherent_ab,3,8,1,56346,85.698,0.1653960853494623,3.763898124503042e-08,0.0434769020580605,0,3,3,3,0.0,0.0434769020580605,0.0,0.1229563272443203,3.763898124503042e-08,1155103.0506119488,0.33668418685831614,0.33668418685831614,0.0005916626528957792,False,20261851,100,-1.4062209624006854,-1.0026120537167083,0.9702970297029703,0.9900990099009901,1.3823459456907585,313.69133901699604,1.9155114793375105,2.495689206520274,2.551381598267308,332.9536513093709,350.5076529275775,351.3711119438233,0.2557316633242408,1.1105277089781764,1.0379815279187847,313.69133901699604,-19.08264097722506,2259634.4707073094,0.00013882393063281804,1299,0.05000312024881745,-1.445965571882522,1.4440828042107998,-4095.9999999999995,4090.666666666666,C:\Users\kimeu\Downloads\starlink_pathB_wsl_package_v0_3_clean\starlink_pathB\paper_final_experiment_check\outputs\random1200_null_random1200_seed2\0_197_lst022_quiet_frozen_polybeam_smooth_S30_single.npz,9.10175923472585,9444.443085672718,1.7798436919007438e-05,140609741.2109375,False,False,False,False,False,False,False,False,False,False,False,False
0_197,160.250312485456,mid,quiet,22,2461041.652777778,2461041.6596007315,frozen_polybeam,smooth,30.0,multi,coherent_ab,3,8,8,56346;55495;55495;56357;45971;52888;54923;57986,85.698;84.863;84.536;82.413;75.250;71.569;71.253;70.454,0.1653960853494623,3.763898124503042e-08,0.0434769020580605,0,3,3,3,0.0,0.0434769020580605,0.0,0.1229563272443203,3.763898124503042e-08,1155103.0506119488,1.1545662674294739,0.33668418685831614,0.0024499417017401805,False,20261868,100,1.6754290350642174,0.5771377831291893,0.06930693069306931,0.2871287128712871,3.8625128514045173,634.2300036502879,2.6756131774852747,3.9264328937372737,4.254058896650953,542.134898082408,711.0847864827166,728.3197651486272,0.47781961857526767,4.000100860269801,1.8130594587334967,634.2300036502879,83.13021037532015,2259634.4707073094,0.00028067814147469684,1299,0.05000312024881745,-1.445965571882522,1.4440828042107998,-4095.9999999999995,4090.666666666666,C:\Users\kimeu\Downloads\starlink_pathB_wsl_package_v0_3_clean\starlink_pathB\paper_final_experiment_check\outputs\random1200_null_random1200_seed2\0_197_lst022_quiet_frozen_polybeam_smooth_S30_multi.npz,9.10175923472585,9444.443085672718,1.7798436919007438e-05,140609741.2109375,False,False,False,False,False,False,False,False,False,False,False,False
0_197,160.250312485456,mid,quiet,22,2461041.652777778,2461041.6596007315,frozen_polybeam,smooth,1000.0,single,coherent_ab,3,8,1,56346,85.698,0.1653960853494623,3.763898124503042e-08,0.0434769020580605,0,3,3,3,0.0,0.0434769020580605,0.0,0.1229563272443203,3.763898124503042e-08,1155103.0506119488,11.222806228610537,11.222806228610537,0.019722088429859317,False,20261885,100,-1.4651789693130792,-0.7241435752360784,0.9702970297029703,0.9306930693069307,45.98376647220357,10460.611343907527,63.94148870737558,82.69400645911564,85.03486657809323,10944.492806628934,11676.823304534657,11744.202376767082,8.266783759904456,1.1253260427244665,0.9917529056799044,10460.611343907527,-722.9570742217526,2259634.4707073094,0.004629337832960724,1299,0.05000312024881745,-1.445965571882522,1.4440828042107998,-4095.9999999999995,4090.666666666666,C:\Users\kimeu\Downloads\starlink_pathB_wsl_package_v0_3_clean\starlink_pathB\paper_final_experiment_check\outputs\random1200_null_random1200_seed2\0_197_lst022_quiet_frozen_polybeam_smooth_S1000_single.npz,9.10175923472585,9444.443085672718,1.7798436919007438e-05,140609741.2109375,False,False,False,False,False,False,False,False,False,False,False,False
0_197,160.250312485456,mid,quiet,22,2461041.652777778,2461041.6596007315,frozen_polybeam,smooth,1000.0,multi,coherent_ab,3,8,8,56346;55495;55495;56357;45971;52888;54923;57986,85.698;84.863;84.536;82.413;75.250;71.569;71.253;70.454,0.1653960853494623,3.763898124503042e-08,0.0434769020580605,0,3,3,3,0.0,0.0434769020580605,0.0,0.1229563272443203,3.763898124503042e-08,1155103.0506119488,38.48554224764913,11.222806228610537,0.08166472339133936,False,20261902,100,1.4377292579549381,0.6215157548236876,0.06930693069306931,0.26732673267326734,124.66291133058576,21117.594664216907,83.75602839338694,125.5177015392806,158.36897991832268,18117.01957790477,23744.370319755817,24881.763855985406,19.190897303834504,3.081170983297604,1.8209748915828583,21117.594664216907,-305.8242699639134,2259634.4707073094,0.009345579976750262,1299,0.05000312024881745,-1.445965571882522,1.4440828042107998,-4095.9999999999995,4090.666666666666,C:\Users\kimeu\Downloads\starlink_pathB_wsl_package_v0_3_clean\starlink_pathB\paper_final_experiment_check\outputs\random1200_null_random1200_seed2\0_197_lst022_quiet_frozen_polybeam_smooth_S1000_multi.npz,9.10175923472585,9444.443085672718,1.7798436919007438e-05,140609741.2109375,False,False,False,False,False,False,False,False,False,False,False,False
0_197,160.250312485456,mid,quiet,22,2461041.652777778,2461041.6596007315,frozen_polybeam,lines,30.0,single,coherent_ab,3,8,1,56346,85.698,0.1653960853494623,3.763898124503042e-08,0.0434769020580605,0,3,3,3,0.0,0.0434769020580605,0.0,0.1229563272443203,3.763898124503042e-08,1155103.0506119488,0.3366809626779325,0.3366809626779325,0.0005924189782474116,False,20261919,100,-2.0953244566093803,-0.9756136756408579,0.9702970297029703,0.9504950495049505,1.3797577556997567,313.4672079912707,1.9616270465917296,2.5101698063470392,2.5390676678326054,332.82864216928493,350.60889054834615,351.30085057884867,0.187305340083185,1.2303072879931445,1.141324880656619,313.4672079912707,-19.009517596001174,2259634.4707073094,0.00013872474156988293,1299,0.05000312024881745,-1.445965571882522,1.4440828042107998,-4095.9999999999995,4090.666666666666,C:\Users\kimeu\Downloads\starlink_pathB_wsl_package_v0_3_clean\starlink_pathB\paper_final_experiment_check\outputs\random1200_null_random1200_seed2\0_197_lst022_quiet_frozen_polybeam_lines_S30_single.npz,9.10175923472585,9444.443085672718,1.7798436919007438e-05,140609741.2109375,False,False,False,False,False,False,False,False,False,False,False,False
0_197,160.250312485456,mid,quiet,22,2461041.652777778,2461041.6596007315,frozen_polybeam,lines,30.0,multi,coherent_ab,3,8,8,56346;55495;55495;56357;45971;52888;54923;57986,85.698;84.863;84.536;82.413;75.250;71.569;71.253;70.454,0.1653960853494623,3.763898124503042e-08,0.0434769020580605,0,3,3,3,0.0,0.0434769020580605,0.0,0.1229563272443203,3.763898124503042e-08,1155103.0506119488,1.1544860111088362,0.3366809626779325,0.0024525614823214252,False,20261936,100,2.329690926091684,0.5810867092185296,0.07920792079207921,0.31683168316831684,3.910240913271082,634.2426919645075,2.5093156137405686,4.031876554157156,4.430631135015495,551.9533382756213,725.333474379374,749.5199568273217,0.4055950764402496,2.972218984673842,1.7709795864439841,634.2426919645075,83.44400018077233,2259634.4707073094,0.00028068375668121985,1299,0.05000312024881745,-1.445965571882522,1.4440828042107998,-4095.9999999999995,4090.666666666666,C:\Users\kimeu\Downloads\starlink_pathB_wsl_package_v0_3_clean\starlink_pathB\paper_final_experiment_check\outputs\random1200_null_random1200_seed2\0_197_lst022_quiet_frozen_polybeam_lines_S30_multi.npz,9.10175923472585,9444.443085672718,1.7798436919007438e-05,140609741.2109375,True,False,False,False,False,False,False,False,False,False,False,False
0_197,160.250312485456,mid,quiet,22,2461041.652777778,2461041.6596007315,frozen_polybeam,lines,1000.0,single,coherent_ab,3,8,1,56346,85.698,0.1653960853494623,3.763898124503042e-08,0.0434769020580605,0,3,3,3,0.0,0.0434769020580605,0.0,0.1229563272443203,3.763898124503042e-08,1155103.0506119488,11.222698755931082,11.222698755931082,0.01974729927491372,False,20261953,100,-1.5087632190360174,-0.9081749712049746,0.9702970297029703,0.9801980198019802,45.903045659501004,10452.37712908065,66.05878149243517,83.06501997558344,84.32491441574905,10943.888876459729,11723.950145709923,11747.165323432306,9.010597155497635,1.5832937969765195,1.3214288895437465,10452.37712908065,-720.5626274767669,2259634.4707073094,0.004625693785689529,1299,0.05000312024881745,-1.445965571882522,1.4440828042107998,-4095.9999999999995,4090.666666666666,C:\Users\kimeu\Downloads\starlink_pathB_wsl_package_v0_3_clean\starlink_pathB\paper_final_experiment_check\outputs\random1200_null_random1200_seed2\0_197_lst022_quiet_frozen_polybeam_lines_S1000_single.npz,9.10175923472585,9444.443085672718,1.7798436919007438e-05,140609741.2109375,False,False,False,False,False,False,False,False,False,False,False,False
0_197,160.250312485456,mid,quiet,22,2461041.652777778,2461041.6596007315,frozen_polybeam,lines,1000.0,multi,coherent_ab,3,8,8,56346;55495;55495;56357;45971;52888;54923;57986,85.698;84.863;84.536;82.413;75.250;71.569;71.253;70.454,0.1653960853494623,3.763898124503042e-08,0.0434769020580605,0,3,3,3,0.0,0.0434769020580605,0.0,0.1229563272443203,3.763898124503042e-08,1155103.0506119488,38.48286703696121,11.222698755931082,0.08175204941071418,False,20261970,100,2.0901377886792925,0.9663327953141785,0.07920792079207921,0.1782178217821782,126.32872983556035,21122.152674892583,82.82526807122736,138.77719012885123,146.95719618097044,16741.00392756936,24028.673242165016,25702.626833566526,14.038635693882611,3.0282877253976896,1.9303584340164517,21122.152674892583,-298.6174446641247,2259634.4707073094,0.009347597121883584,1299,0.05000312024881745,-1.445965571882522,1.4440828042107998,-4095.9999999999995,4090.666666666666,C:\Users\kimeu\Downloads\starlink_pathB_wsl_package_v0_3_clean\starlink_pathB\paper_final_experiment_check\outputs\random1200_null_random1200_seed2\0_197_lst022_quiet_frozen_polybeam_lines_S1000_multi.npz,9.10175923472585,9444.443085672718,1.7798436919007438e-05,140609741.2109375,True,False,False,False,False,False,False,False,False,False,False,False
0_197,160.250312485456,mid,quiet,22,2461041.652777778,2461041.6596007315,frozen_polybeam,khz_comb,30.0,single,coherent_ab,3,8,1,56346,85.698,0.1653960853494623,3.763898124503042e-08,0.0434769020580605,0,3,3,3,0.0,0.0434769020580605,0.0,0.1229563272443203,3.763898124503042e-08,1155103.0506119488,0.27708112617094544,0.27708112617094544,0.0005194310435857162,False,20261987,100,-1.0552346397948078,-0.8603424565054283,0.8811881188118812,0.9801980198019802,1.43721719239511,302.81595459163617,1.9779787272614158,2.7019509673564244,2.7513734781907626,317.62651567804824,334.9886493380342,335.46298229435587,0.3456469723346345,1.1210221746782634,0.9974313567216749,302.81595459163617,-20.371586776551798,2259634.4707073094,0.00013401103519935633,1299,0.05000312024881745,-1.445965571882522,1.4440828042107998,-4095.9999999999995,4090.666666666666,C:\Users\kimeu\Downloads\starlink_pathB_wsl_package_v0_3_clean\starlink_pathB\paper_final_experiment_check\outputs\random1200_null_random1200_seed2\0_197_lst022_quiet_frozen_polybeam_khz_comb_S30_single.npz,9.10175923472585,9444.443085672718,1.7798436919007438e-05,140609741.2109375,False,False,False,False,False,False,False,False,False,False,False,False
0_197,160.250312485456,mid,quiet,22,2461041.652777778,2461041.6596007315,frozen_polybeam,khz_comb,30.0,multi,coherent_ab,3,8,8,56346;55495;55495;56357;45971;52888;54923;57986,85.698;84.863;84.536;82.413;75.250;71.569;71.253;70.454,0.1653960853494623,3.763898124503042e-08,0.0434769020580605,0,3,3,3,0.0,0.0434769020580605,0.0,0.1229563272443203,3.763898124503042e-08,1155103.0506119488,0.9505989465823342,0.27708112617094544,0.002181698554948763,False,20262004,100,1.0912297682645085,0.6835410994336721,0.21782178217821782,0.27722772277227725,3.3627295086807862,605.6609859751006,2.5713458147710355,3.958799995808067,4.579586367161648,511.74423907447897,693.7914778357999,714.9173413715099,0.4891554503608404,2.682656804029586,1.6291900708830886,605.6609859751006,80.36920880525548,2259634.4707073094,0.00026803493831704424,1299,0.05000312024881745,-1.445965571882522,1.4440828042107998,-4095.9999999999995,4090.666666666666,C:\Users\kimeu\Downloads\starlink_pathB_wsl_package_v0_3_clean\starlink_pathB\paper_final_experiment_check\outputs\random1200_null_random1200_seed2\0_197_lst022_quiet_frozen_polybeam_khz_comb_S30_multi.npz,9.10175923472585,9444.443085672718,1.7798436919007438e-05,140609741.2109375,False,False,False,False,False,False,False,False,False,False,False,False
0_197,160.250312485456,mid,quiet,22,2461041.652777778,2461041.6596007315,frozen_polybeam,khz_comb,1000.0,single,coherent_ab,3,8,1,56346,85.698,0.1653960853494623,3.763898124503042e-08,0.0434769020580605,0,3,3,3,0.0,0.0434769020580605,0.0,0.1229563272443203,3.763898124503042e-08,1155103.0506119488,9.236037539031514,9.236037539031514,0.01731436811952387,False,20262021,100,-1.0711722646890658,-0.964887416937344,0.9306930693069307,0.9801980198019802,47.800721619039905,10098.085934477047,66.08705904681665,89.82331889873531,91.34170293717743,10594.016912343413,11153.380871721169,11202.832623642036,11.514455728824032,1.3700786795674047,1.180929120076349,10098.085934477047,-768.3452068407239,2259634.4707073094,0.004468902411156859,1299,0.05000312024881745,-1.445965571882522,1.4440828042107998,-4095.9999999999995,4090.666666666666,C:\Users\kimeu\Downloads\starlink_pathB_wsl_package_v0_3_clean\starlink_pathB\paper_final_experiment_check\outputs\random1200_null_random1200_seed2\0_197_lst022_quiet_frozen_polybeam_khz_comb_S1000_single.npz,9.10175923472585,9444.443085672718,1.7798436919007438e-05,140609741.2109375,False,False,False,False,False,False,False,False,False,False,False,False
0_197,160.250312485456,mid,quiet,22,2461041.652777778,2461041.6596007315,frozen_polybeam,khz_comb,1000.0,multi,coherent_ab,3,8,8,56346;55495;55495;56357;45971;52888;54923;57986,85.698;84.863;84.536;82.413;75.250;71.569;71.253;70.454,0.1653960853494623,3.763898124503042e-08,0.0434769020580605,0,3,3,3,0.0,0.0434769020580605,0.0,0.1229563272443203,3.763898124503042e-08,1155103.0506119488,31.686631552744473,9.236037539031514,0.07272328516495875,False,20262038,100,1.3824989880141796,0.8925977732709756,0.16831683168316833,0.1782178217821782,107.93197882267123,20133.834120779768,81.1480034958231,127.21968119078112,140.85511036792616,16157.719313423866,22749.68612449004,24161.765150463656,13.067310729794826,2.897274170308501,1.7916232562203758,20133.834120779768,88.99572234267094,2259634.4707073094,0.008910217285930094,1299,0.05000312024881745,-1.445965571882522,1.4440828042107998,-4095.9999999999995,4090.666666666666,C:\Users\kimeu\Downloads\starlink_pathB_wsl_package_v0_3_clean\starlink_pathB\paper_final_experiment_check\outputs\random1200_null_random1200_seed2\0_197_lst022_quiet_frozen_polybeam_khz_comb_S1000_multi.npz,9.10175923472585,9444.443085672718,1.7798436919007438e-05,140609741.2109375,False,False,False,False,False,False,False,False,False,False,False,False
0_197,160.250312485456,mid,quiet,22,2461041.652777778,2461041.6596007315,full_polybeam,smooth,30.0,single,coherent_ab,3,8,1,56346,85.698,0.1653960853494623,3.763898124503042e-08,0.0434769020580605,0,3,3,3,0.0,0.0434769020580605,0.0,0.1229563272443203,3.763898124503042e-08,1155103.0506119488,0.4973683448347152,0.4973683448347152,0.0008038060857217323,False,20262055,100,-1.1628368726646359,-1.0492334286310534,0.8811881188118812,0.9900990099009901,1.763015129782616,330.3666560959135,2.017419359872065,2.4179815445033452,2.4705995443313076,349.54259296161285,368.3241883407356,368.76938566589155,0.14756438018162044,0.9522966400761099,0.9027897098184916,330.3666560959135,-6.7429343604100636,2259634.4707073094,0.00014620358309213718,1299,0.05000312024881745,-1.445965571882522,1.4440828042107998,-4095.9999999999995,4090.666666666666,C:\Users\kimeu\Downloads\starlink_pathB_wsl_package_v0_3_clean\starlink_pathB\paper_final_experiment_check\outputs\random1200_null_random1200_seed2\0_197_lst022_quiet_full_polybeam_smooth_S30_single.npz,9.10175923472585,9444.443085672718,1.7798436919007438e-05,140609741.2109375,False,False,False,False,False,False,False,False,False,False,False,False
0_197,160.250312485456,mid,quiet,22,2461041.652777778,2461041.6596007315,full_polybeam,smooth,30.0,multi,coherent_ab,3,8,8,56346;55495;55495;56357;45971;52888;54923;57986,85.698;84.863;84.536;82.413;75.250;71.569;71.253;70.454,0.1653960853494623,3.763898124503042e-08,0.0434769020580605,0,3,3,3,0.0,0.0434769020580605,0.0,0.1229563272443203,3.763898124503042e-08,1155103.0506119488,2.081348584016071,0.5350644854186763,0.003753132138462597,False,20262072,100,0.7782400547844577,0.688312097999667,0.19801980198019803,0.2376237623762376,4.188285608659044,774.6542074650324,3.5143138790343755,4.792496038960598,5.615360570385694,656.7690747030059,821.5782019145337,856.4833067723745,0.584122727923841,3.040542693847417,1.8401912804849319,774.6542074650324,79.81283676020536,2259634.4707073094,0.0003428227961235476,1299,0.05000312024881745,-1.445965571882522,1.4440828042107998,-4095.9999999999995,4090.666666666666,C:\Users\kimeu\Downloads\starlink_pathB_wsl_package_v0_3_clean\starlink_pathB\paper_final_experiment_check\outputs\random1200_null_random1200_seed2\0_197_lst022_quiet_full_polybeam_smooth_S30_multi.npz,9.10175923472585,9444.443085672718,1.7798436919007438e-05,140609741.2109375,False,False,False,False,False,False,False,False,False,False,False,False
0_197,160.250312485456,mid,quiet,22,2461041.652777778,2461041.6596007315,full_polybeam,smooth,1000.0,single,coherent_ab,3,8,1,56346,85.698,0.1653960853494623,3.763898124503042e-08,0.0434769020580605,0,3,3,3,0.0,0.0434769020580605,0.0,0.1229563272443203,3.763898124503042e-08,1155103.0506119488,16.578944827823843,16.578944827823843,0.02679353619072442,False,20262089,100,-0.9683604829613313,-0.8910858404688682,0.8811881188118812,0.900990099009901,59.04540344156976,11033.793097967446,66.92030619790785,81.28719872338806,82.43063461976445,11574.71582448517,12272.035373133007,12319.592271962876,5.485094894293525,0.9642398781252465,0.9199550173128339,11033.793097967446,-116.95320027495714,2259634.4707073094,0.004882999104945347,1299,0.05000312024881745,-1.445965571882522,1.4440828042107998,-4095.9999999999995,4090.666666666666,C:\Users\kimeu\Downloads\starlink_pathB_wsl_package_v0_3_clean\starlink_pathB\paper_final_experiment_check\outputs\random1200_null_random1200_seed2\0_197_lst022_quiet_full_polybeam_smooth_S1000_single.npz,9.10175923472585,9444.443085672718,1.7798436919007438e-05,140609741.2109375,False,False,False,False,False,False,False,False,False,False,False,False
0_197,160.250312485456,mid,quiet,22,2461041.652777778,2461041.6596007315,full_polybeam,smooth,1000.0,multi,coherent_ab,3,8,8,56346;55495;55495;56357;45971;52888;54923;57986,85.698;84.863;84.536;82.413;75.250;71.569;71.253;70.454,0.1653960853494623,3.763898124503042e-08,0.0434769020580605,0,3,3,3,0.0,0.0434769020580605,0.0,0.1229563272443203,3.763898124503042e-08,1155103.0506119488,69.37828613386903,17.83548284728921,0.1251044046154199,False,20262106,100,1.479348043292583,1.0202275309313236,0.13861386138613863,0.15841584158415842,136.46602966358932,27050.74912390283,97.33954623147156,149.57875693097532,174.48017877774762,20958.930839495708,28093.99768262927,28440.607009013755,17.839244554675815,3.5585548488471943,1.879386143215405,27050.74912390283,-5010.691378297837,2259634.4707073094,0.011971294240096905,1299,0.05000312024881745,-1.445965571882522,1.4440828042107998,-4095.9999999999995,4090.666666666666,C:\Users\kimeu\Downloads\starlink_pathB_wsl_package_v0_3_clean\starlink_pathB\paper_final_experiment_check\outputs\random1200_null_random1200_seed2\0_197_lst022_quiet_full_polybeam_smooth_S1000_multi.npz,9.10175923472585,9444.443085672718,1.7798436919007438e-05,140609741.2109375,False,False,False,False,False,False,False,False,False,False,False,False
0_197,160.250312485456,mid,quiet,22,2461041.652777778,2461041.6596007315,full_polybeam,lines,30.0,single,coherent_ab,3,8,1,56346,85.698,0.1653960853494623,3.763898124503042e-08,0.0434769020580605,0,3,3,3,0.0,0.0434769020580605,0.0,0.1229563272443203,3.763898124503042e-08,1155103.0506119488,0.4973658809646245,0.4973658809646245,0.0008047199532480529,False,20262123,100,-0.9534095843723555,-0.8579908160833454,0.9108910891089109,0.9801980198019802,1.7746754191539367,329.9096160641789,2.0578331737999633,2.441261316339933,2.4609639751658143,344.1159247971087,368.9628288268773,369.1670256188758,0.2003202947751106,0.998776795145956,0.8859043477939094,329.9096160641789,-6.655428907191093,2259634.4707073094,0.00014600132027588994,1299,0.05000312024881745,-1.445965571882522,1.4440828042107998,-4095.9999999999995,4090.666666666666,C:\Users\kimeu\Downloads\starlink_pathB_wsl_package_v0_3_clean\starlink_pathB\paper_final_experiment_check\outputs\random1200_null_random1200_seed2\0_197_lst022_quiet_full_polybeam_lines_S30_single.npz,9.10175923472585,9444.443085672718,1.7798436919007438e-05,140609741.2109375,False,False,False,False,False,False,False,False,False,False,False,False
0_197,160.250312485456,mid,quiet,22,2461041.652777778,2461041.6596007315,full_polybeam,lines,30.0,multi,coherent_ab,3,8,8,56346;55495;55495;56357;45971;52888;54923;57986,85.698;84.863;84.536;82.413;75.250;71.569;71.253;70.454,0.1653960853494623,3.763898124503042e-08,0.0434769020580605,0,3,3,3,0.0,0.0434769020580605,0.0,0.1229563272443203,3.763898124503042e-08,1155103.0506119488,2.0811746880035673,0.5349988614053381,0.0037562392346586716,False,20262140,100,1.4689882809491368,0.72687897504021,0.13861386138613863,0.15841584158415842,4.236786470674815,774.2813137320436,3.1184254444933686,4.86715324390475,5.177577696048511,667.8449177304927,806.77823190597,854.5862268156063,0.513499112076488,3.1882361788276024,1.978362802264214,774.2813137320436,80.24444549229266,2259634.4707073094,0.00034265777220581986,1299,0.05000312024881745,-1.445965571882522,1.4440828042107998,-4095.9999999999995,4090.666666666666,C:\Users\kimeu\Downloads\starlink_pathB_wsl_package_v0_3_clean\starlink_pathB\paper_final_experiment_check\outputs\random1200_null_random1200_seed2\0_197_lst022_quiet_full_polybeam_lines_S30_multi.npz,9.10175923472585,9444.443085672718,1.7798436919007438e-05,140609741.2109375,False,False,False,False,False,False,False,False,False,False,False,False
0_197,160.250312485456,mid,quiet,22,2461041.652777778,2461041.6596007315,full_polybeam,lines,1000.0,single,coherent_ab,3,8,1,56346,85.698,0.1653960853494623,3.763898124503042e-08,0.0434769020580605,0,3,3,3,0.0,0.0434769020580605,0.0,0.1229563272443203,3.763898124503042e-08,1155103.0506119488,16.578862698820817,16.578862698820817,0.02682399844160176,False,20262157,100,-1.0380846333726086,-0.7646158191903576,0.8811881188118812,0.9108910891089109,59.45409911272145,11018.548087364086,68.59634995369743,81.70323208449835,81.9794861356415,11552.401010240574,12305.284884983865,12329.835177423793,5.940135818234467,1.340215611336073,1.150058516448899,11018.548087364086,-114.25697143668526,2259634.4707073094,0.004876252433835047,1299,0.05000312024881745,-1.445965571882522,1.4440828042107998,-4095.9999999999995,4090.666666666666,C:\Users\kimeu\Downloads\starlink_pathB_wsl_package_v0_3_clean\starlink_pathB\paper_final_experiment_check\outputs\random1200_null_random1200_seed2\0_197_lst022_quiet_full_polybeam_lines_S1000_single.npz,9.10175923472585,9444.443085672718,1.7798436919007438e-05,140609741.2109375,False,False,False,False,False,False,False,False,False,False,False,False
0_197,160.250312485456,mid,quiet,22,2461041.652777778,2461041.6596007315,full_polybeam,lines,1000.0,multi,coherent_ab,3,8,8,56346;55495;55495;56357;45971;52888;54923;57986,85.698;84.863;84.536;82.413;75.250;71.569;71.253;70.454,0.1653960853494623,3.763898124503042e-08,0.0434769020580605,0,3,3,3,0.0,0.0434769020580605,0.0,0.1229563272443203,3.763898124503042e-08,1155103.0506119488,69.37248960011891,17.833295380177937,0.1252079744886224,False,20262174,100,1.0168234437000976,0.9094388114505032,0.18811881188118812,0.1782178217821782,138.50320348567584,27046.43015094327,106.00738050584505,171.59560540829705,185.90018023237457,21775.351924209263,29031.12854945167,29597.274680043054,21.555494670466715,2.862944771704786,1.6659346383589113,27046.43015094327,-4998.953937664743,2259634.4707073094,0.0119693828809742,1299,0.05000312024881745,-1.445965571882522,1.4440828042107998,-4095.9999999999995,4090.666666666666,C:\Users\kimeu\Downloads\starlink_pathB_wsl_package_v0_3_clean\starlink_pathB\paper_final_experiment_check\outputs\random1200_null_random1200_seed2\0_197_lst022_quiet_full_polybeam_lines_S1000_multi.npz,9.10175923472585,9444.443085672718,1.7798436919007438e-05,140609741.2109375,False,False,False,False,False,False,False,False,False,False,False,False
0_197,160.250312485456,mid,quiet,22,2461041.652777778,2461041.6596007315,full_polybeam,khz_comb,30.0,single,coherent_ab,3,8,1,56346,85.698,0.1653960853494623,3.763898124503042e-08,0.0434769020580605,0,3,3,3,0.0,0.0434769020580605,0.0,0.1229563272443203,3.763898124503042e-08,1155103.0506119488,0.40932132699320933,0.40932132699320933,0.0006886800808015652,False,20262191,100,-1.1125654476945912,-0.8878865591443553,1.0,0.9603960396039604,1.3440993907966003,303.98774491194314,1.8299095110892267,2.593031021274146,2.620385979872499,317.6082302045762,338.14270238706746,338.35463450958866,0.2945214932537965,0.8805273180788702,0.799236805551958,303.98774491194314,-9.413421727637528,2259634.4707073094,0.00013452961036516188,1299,0.05000312024881745,-1.445965571882522,1.4440828042107998,-4095.9999999999995,4090.666666666666,C:\Users\kimeu\Downloads\starlink_pathB_wsl_package_v0_3_clean\starlink_pathB\paper_final_experiment_check\outputs\random1200_null_random1200_seed2\0_197_lst022_quiet_full_polybeam_khz_comb_S30_single.npz,9.10175923472585,9444.443085672718,1.7798436919007438e-05,140609741.2109375,False,False,False,False,False,False,False,False,False,False,False,False
0_197,160.250312485456,mid,quiet,22,2461041.652777778,2461041.6596007315,full_polybeam,khz_comb,30.0,multi,coherent_ab,3,8,8,56346;55495;55495;56357;45971;52888;54923;57986,85.698;84.863;84.536;82.413;75.250;71.569;71.253;70.454,0.1653960853494623,3.763898124503042e-08,0.0434769020580605,0,3,3,3,0.0,0.0434769020580605,0.0,0.1229563272443203,3.763898124503042e-08,1155103.0506119488,1.7127616058948931,0.440292453245028,0.003236118105625106,False,20262208,100,0.7089991674557519,0.9189384198559958,0.3069306930693069,0.16831683168316833,3.5462014028524607,698.7080982620739,2.9853141794676503,4.380126263048714,4.704287134042204,595.144841557776,735.0744478317523,778.3517536841749,0.5335877200520827,2.7037246594813777,1.789412286555558,698.7080982620739,76.20457191352617,2259634.4707073094,0.0003092128870044033,1299,0.05000312024881745,-1.445965571882522,1.4440828042107998,-4095.9999999999995,4090.666666666666,C:\Users\kimeu\Downloads\starlink_pathB_wsl_package_v0_3_clean\starlink_pathB\paper_final_experiment_check\outputs\random1200_null_random1200_seed2\0_197_lst022_quiet_full_polybeam_khz_comb_S30_multi.npz,9.10175923472585,9444.443085672718,1.7798436919007438e-05,140609741.2109375,False,False,False,False,False,False,False,False,False,False,False,False
0_197,160.250312485456,mid,quiet,22,2461041.652777778,2461041.6596007315,full_polybeam,khz_comb,1000.0,single,coherent_ab,3,8,1,56346,85.698,0.1653960853494623,3.763898124503042e-08,0.0434769020580605,0,3,3,3,0.0,0.0434769020580605,0.0,0.1229563272443203,3.763898124503042e-08,1155103.0506119488,13.644044233106978,13.644044233106978,0.022956002693385512,False,20262225,100,-1.86307749941174,-0.8995089697589808,1.0,0.9504950495049505,44.69157712879405,10148.057330767257,63.08126218092093,83.57049781327686,87.15446842508292,10630.094230205215,11258.597122263223,11282.302113520844,6.657625697943786,1.4652515448416907,1.2540171035713266,10148.057330767257,-255.276745319961,2259634.4707073094,0.004491017225273041,1299,0.05000312024881745,-1.445965571882522,1.4440828042107998,-4095.9999999999995,4090.666666666666,C:\Users\kimeu\Downloads\starlink_pathB_wsl_package_v0_3_clean\starlink_pathB\paper_final_experiment_check\outputs\random1200_null_random1200_seed2\0_197_lst022_quiet_full_polybeam_khz_comb_S1000_single.npz,9.10175923472585,9444.443085672718,1.7798436919007438e-05,140609741.2109375,False,False,False,False,False,False,False,False,False,False,False,False
0_197,160.250312485456,mid,quiet,22,2461041.652777778,2461041.6596007315,full_polybeam,khz_comb,1000.0,multi,coherent_ab,3,8,8,56346;55495;55495;56357;45971;52888;54923;57986,85.698;84.863;84.536;82.413;75.250;71.569;71.253;70.454,0.1653960853494623,3.763898124503042e-08,0.0434769020580605,0,3,3,3,0.0,0.0434769020580605,0.0,0.1229563272443203,3.763898124503042e-08,1155103.0506119488,57.092053529829776,14.676415108167602,0.10787060352083688,False,20262242,100,0.9525545938854425,0.8840564697711074,0.19801980198019803,0.13861386138613863,115.86974331508463,23927.859820353937,93.27951592156819,139.4410581153653,150.02169822841682,19649.324873267564,24742.732061768435,25536.327436527874,15.995828196314733,2.62680843972489,1.6719505436922302,23927.859820353937,-2984.2059565481813,2259634.4707073094,0.01058926128563796,1299,0.05000312024881745,-1.445965571882522,1.4440828042107998,-4095.9999999999995,4090.666666666666,C:\Users\kimeu\Downloads\starlink_pathB_wsl_package_v0_3_clean\starlink_pathB\paper_final_experiment_check\outputs\random1200_null_random1200_seed2\0_197_lst022_quiet_full_polybeam_khz_comb_S1000_multi.npz,9.10175923472585,9444.443085672718,1.7798436919007438e-05,140609741.2109375,False,False,False,False,False,False,False,False,False,False,False,False
0_197,160.250312485456,mid,typical,36,2461041.75,2461041.756822953,frozen_polybeam,smooth,30.0,single,coherent_ab,4,3,1,59306,79.925,0.1655535954301075,3.3613473915769145e-07,0.3212071455869001,0,4,4,4,0.0,0.3212071455869001,0.0,0.5491919590577511,3.3613473915769145e-07,955590.4468303458,0.09841838578442533,0.09841838578442533,0.00027214111878318896,False,20262273,100,-0.020386030323398224,-0.5841183521037924,0.5148514851485149,0.7425742574257426,0.5984500853624013,90.18705372015162,0.6020225436459441,0.8180572899358595,0.8296213284034184,94.91757522096862,104.00703971963155,104.09285048135227,0.11819810245742701,1.0030948495461989,0.9391946254338435,90.18705372015162,2.752662775487649,3926871.5421165004,2.2966642211968744e-05,1299,0.05000312024881745,-1.445965571882522,1.4440828042107998,-4095.9999999999995,4090.666666666666,C:\Users\kimeu\Downloads\starlink_pathB_wsl_package_v0_3_clean\starlink_pathB\paper_final_experiment_check\outputs\random1200_null_random1200_seed2\0_197_lst036_typical_frozen_polybeam_smooth_S30_single.npz,9.10175923472585,9444.443085672718,1.7798436919007438e-05,140609741.2109375,False,False,False,False,False,False,False,False,False,False,False,False
0_197,160.250312485456,mid,typical,36,2461041.75,2461041.756822953,frozen_polybeam,smooth,30.0,multi,coherent_ab,4,3,3,59306;47357;47676,79.925;78.423;77.450,0.1655535954301075,3.3613473915769145e-07,0.3212071455869001,0,4,4,4,0.0,0.3212071455869001,0.0,0.5491919590577511,3.3613473915769145e-07,955590.4468303458,0.1316079515285746,0.09841838578442533,0.00047836343100104056,False,20262290,100,1.3420349335417248,-0.09802359689563636,0.1782178217821782,0.5247524752475248,1.3144764094993207,119.07009725898868,0.9691018036201058,1.6808417661347448,1.9734044854272728,120.24919617584274,139.55845038592022,144.00955208327846,0.1735811597754946,2.2804488376871945,1.4248032932774135,119.07009725898868,-8.505324818792566,3926871.5421165004,3.0321872254271e-05,1299,0.05000312024881745,-1.445965571882522,1.4440828042107998,-4095.9999999999995,4090.666666666666,C:\Users\kimeu\Downloads\starlink_pathB_wsl_package_v0_3_clean\starlink_pathB\paper_final_experiment_check\outputs\random1200_null_random1200_seed2\0_197_lst036_typical_frozen_polybeam_smooth_S30_multi.npz,9.10175923472585,9444.443085672718,1.7798436919007438e-05,140609741.2109375,False,False,False,False,False,False,False,False,False,False,False,False
0_197,160.250312485456,mid,typical,36,2461041.75,2461041.756822953,frozen_polybeam,smooth,1000.0,single,coherent_ab,4,3,1,59306,79.925,0.1655535954301075,3.3613473915769145e-07,0.3212071455869001,0,4,4,4,0.0,0.3212071455869001,0.0,0.5491919590577511,3.3613473915769145e-07,955590.4468303458,3.2806128594808444,3.2806128594808444,0.009071370626106301,False,20262307,100,-0.5024865804851076,-1.2243258232483367,0.693069306930693,0.8415841584158416,19.863645501120345,3005.372452832376,22.8019626901621,27.5097207141496,27.659612614527212,3273.3478699767593,3459.0250652752115,3481.421544406056,3.944120837031278,1.3177926463434073,1.1580839444255755,3005.372452832376,52.22577265732761,3926871.5421165004,0.000765335056316241,1299,0.05000312024881745,-1.445965571882522,1.4440828042107998,-4095.9999999999995,4090.666666666666,C:\Users\kimeu\Downloads\starlink_pathB_wsl_package_v0_3_clean\starlink_pathB\paper_final_experiment_check\outputs\random1200_null_random1200_seed2\0_197_lst036_typical_frozen_polybeam_smooth_S1000_single.npz,9.10175923472585,9444.443085672718,1.7798436919007438e-05,140609741.2109375,False,False,False,False,False,False,False,False,False,False,False,False
0_197,160.250312485456,mid,typical,36,2461041.75,2461041.756822953,frozen_polybeam,smooth,1000.0,multi,coherent_ab,4,3,3,59306;47357;47676,79.925;78.423;77.450,0.1655535954301075,3.3613473915769145e-07,0.3212071455869001,0,4,4,4,0.0,0.3212071455869001,0.0,0.5491919590577511,3.3613473915769145e-07,955590.4468303458,4.386931717619153,3.2806128594808444,0.015945447700034684,False,20262324,100,1.1713871375442155,-0.45413735906993125,0.24752475247524752,0.6534653465346535,43.873516485207574,3971.638018588432,32.79327167010706,59.47330710394232,71.99794934466034,4127.985436487942,4666.937952797963,4747.202170655083,6.380062151093625,2.701594881654617,1.4085402383444277,3971.638018588432,-318.6756558257895,3926871.5421165004,0.001011400035878893,1299,0.05000312024881745,-1.445965571882522,1.4440828042107998,-4095.9999999999995,4090.666666666666,C:\Users\kimeu\Downloads\starlink_pathB_wsl_package_v0_3_clean\starlink_pathB\paper_final_experiment_check\outputs\random1200_null_random1200_seed2\0_197_lst036_typical_frozen_polybeam_smooth_S1000_multi.npz,9.10175923472585,9444.443085672718,1.7798436919007438e-05,140609741.2109375,False,False,False,False,False,False,False,False,False,False,False,False
0_197,160.250312485456,mid,typical,36,2461041.75,2461041.756822953,frozen_polybeam,lines,30.0,single,coherent_ab,4,3,1,59306,79.925,0.1655535954301075,3.3613473915769145e-07,0.3212071455869001,0,4,4,4,0.0,0.3212071455869001,0.0,0.5491919590577511,3.3613473915769145e-07,955590.4468303458,0.09841047105645438,0.09841047105645438,0.0002724751545606609,False,20262341,100,-0.3270557831622527,-0.6268654730391542,0.5544554455445545,0.7128712871287128,0.6073758733257364,90.17241319047388,0.6715639422144477,0.8309209680538515,0.8354623185395167,95.77358155190662,104.01505333019057,104.17307841221731,0.13237576451172117,0.845983439618142,0.7974120552345184,90.17241319047388,2.8209289859853195,3926871.5421165004,2.2962913918460612e-05,1299,0.05000312024881745,-1.445965571882522,1.4440828042107998,-4095.9999999999995,4090.666666666666,C:\Users\kimeu\Downloads\starlink_pathB_wsl_package_v0_3_clean\starlink_pathB\paper_final_experiment_check\outputs\random1200_null_random1200_seed2\0_197_lst036_typical_frozen_polybeam_lines_S30_single.npz,9.10175923472585,9444.443085672718,1.7798436919007438e-05,140609741.2109375,False,False,False,False,False,False,False,False,False,False,False,False
0_197,160.250312485456,mid,typical,36,2461041.75,2461041.756822953,frozen_polybeam,lines,30.0,multi,coherent_ab,4,3,3,59306;47357;47676,79.925;78.423;77.450,0.1655535954301075,3.3613473915769145e-07,0.3212071455869001,0,4,4,4,0.0,0.3212071455869001,0.0,0.5491919590577511,3.3613473915769145e-07,955590.4468303458,0.13159562099594424,0.09841047105645438,0.00047894423044820764,False,20262358,100,0.8896558616659449,-0.124981111835604,0.21782178217821782,0.5247524752475248,1.3231562745447718,119.17033602963173,1.0142542458024764,1.6355845626398149,1.723157814426635,120.71622873696516,137.12429456971458,144.32700918812537,0.23419343697696604,1.967590493493221,1.1553129559285447,119.17033602963173,-8.429337139476392,3926871.5421165004,3.0347398622925527e-05,1299,0.05000312024881745,-1.445965571882522,1.4440828042107998,-4095.9999999999995,4090.666666666666,C:\Users\kimeu\Downloads\starlink_pathB_wsl_package_v0_3_clean\starlink_pathB\paper_final_experiment_check\outputs\random1200_null_random1200_seed2\0_197_lst036_typical_frozen_polybeam_lines_S30_multi.npz,9.10175923472585,9444.443085672718,1.7798436919007438e-05,140609741.2109375,False,False,False,False,False,False,False,False,False,False,False,False
0_197,160.250312485456,mid,typical,36,2461041.75,2461041.756822953,frozen_polybeam,lines,1000.0,single,coherent_ab,4,3,1,59306,79.925,0.1655535954301075,3.3613473915769145e-07,0.3212071455869001,0,4,4,4,0.0,0.3212071455869001,0.0,0.5491919590577511,3.3613473915769145e-07,955590.4468303458,3.280349035215146,3.280349035215146,0.009082505152022032,False,20262375,100,0.020511493690383856,-0.8209303596476013,0.49504950495049505,0.7029702970297029,20.163032307538288,3004.8710590906044,20.00535626526346,27.814769503698642,27.851212851530676,3240.601836188739,3462.9456346576108,3484.132394980963,5.184948259281214,0.9544812113551103,0.8880081486495504,3004.8710590906044,54.50596294432523,3926871.5421165004,0.0007652073735702194,1299,0.05000312024881745,-1.445965571882522,1.4440828042107998,-4095.9999999999995,4090.666666666666,C:\Users\kimeu\Downloads\starlink_pathB_wsl_package_v0_3_clean\starlink_pathB\paper_final_experiment_check\outputs\random1200_null_random1200_seed2\0_197_lst036_typical_frozen_polybeam_lines_S1000_single.npz,9.10175923472585,9444.443085672718,1.7798436919007438e-05,140609741.2109375,False,False,False,False,False,False,False,False,False,False,False,False
0_197,160.250312485456,mid,typical,36,2461041.75,2461041.756822953,frozen_polybeam,lines,1000.0,multi,coherent_ab,4,3,3,59306;47357;47676,79.925;78.423;77.450,0.1655535954301075,3.3613473915769145e-07,0.3212071455869001,0,4,4,4,0.0,0.3212071455869001,0.0,0.5491919590577511,3.3613473915769145e-07,955590.4468303458,4.386520699864809,3.280349035215146,0.01596480768160692,False,20262392,100,0.65386716640379,-0.1701630882148469,0.21782178217821782,0.5742574257425742,44.16464704299551,3974.55100447542,36.36130697737826,61.3678912468551,68.14941175961525,4038.1524003575946,4643.823253827965,4714.6624305642235,8.04946484201048,2.516746273242481,1.6189717317115029,3974.55100447542,-316.14092191238785,3926871.5421165004,0.0010121418441748214,1299,0.05000312024881745,-1.445965571882522,1.4440828042107998,-4095.9999999999995,4090.666666666666,C:\Users\kimeu\Downloads\starlink_pathB_wsl_package_v0_3_clean\starlink_pathB\paper_final_experiment_check\outputs\random1200_null_random1200_seed2\0_197_lst036_typical_frozen_polybeam_lines_S1000_multi.npz,9.10175923472585,9444.443085672718,1.7798436919007438e-05,140609741.2109375,False,False,False,False,False,False,False,False,False,False,False,False
0_197,160.250312485456,mid,typical,36,2461041.75,2461041.756822953,frozen_polybeam,khz_comb,30.0,single,coherent_ab,4,3,1,59306,79.925,0.1655535954301075,3.3613473915769145e-07,0.3212071455869001,0,4,4,4,0.0,0.3212071455869001,0.0,0.5491919590577511,3.3613473915769145e-07,955590.4468303458,0.08664628581588027,0.08664628581588027,0.00024498502737863693,False,20262409,100,0.4656082303435224,-1.0566873108747559,0.37623762376237624,0.7524752475247525,0.7295146509263759,86.77461133577472,0.6374614929582094,0.925860126706516,0.9275347474933051,93.25433752737919,99.13153488569915,99.3071663905547,0.13335031553106091,1.1926922268752158,1.0608909126738995,86.77461133577472,4.739162821080971,3926871.5421165004,2.209764450023365e-05,1299,0.05000312024881745,-1.445965571882522,1.4440828042107998,-4095.9999999999995,4090.666666666666,C:\Users\kimeu\Downloads\starlink_pathB_wsl_package_v0_3_clean\starlink_pathB\paper_final_experiment_check\outputs\random1200_null_random1200_seed2\0_197_lst036_typical_frozen_polybeam_khz_comb_S30_single.npz,9.10175923472585,9444.443085672718,1.7798436919007438e-05,140609741.2109375,False,False,False,False,False,False,False,False,False,False,False,False
0_197,160.250312485456,mid,typical,36,2461041.75,2461041.756822953,frozen_polybeam,khz_comb,30.0,multi,coherent_ab,4,3,3,59306;47357;47676,79.925;78.423;77.450,0.1655535954301075,3.3613473915769145e-07,0.3212071455869001,0,4,4,4,0.0,0.3212071455869001,0.0,0.5491919590577511,3.3613473915769145e-07,955590.4468303458,0.11663496520504618,0.08664628581588027,0.00043070729460206703,False,20262426,100,1.0335333631464507,-0.3006384036817015,0.26732673267326734,0.5841584158415841,1.2059213674472176,112.73268616071167,0.9354028374625614,1.7600663561293912,1.984827053681911,116.22133257430013,131.3069869470835,134.18858721156715,0.17654219519954495,2.109117936157613,1.2994675718341513,112.73268616071167,-5.1666527085839995,3926871.5421165004,2.8708014752107512e-05,1299,0.05000312024881745,-1.445965571882522,1.4440828042107998,-4095.9999999999995,4090.666666666666,C:\Users\kimeu\Downloads\starlink_pathB_wsl_package_v0_3_clean\starlink_pathB\paper_final_experiment_check\outputs\random1200_null_random1200_seed2\0_197_lst036_typical_frozen_polybeam_khz_comb_S30_multi.npz,9.10175923472585,9444.443085672718,1.7798436919007438e-05,140609741.2109375,False,False,False,False,False,False,False,False,False,False,False,False
0_197,160.250312485456,mid,typical,36,2461041.75,2461041.756822953,frozen_polybeam,khz_comb,1000.0,single,coherent_ab,4,3,1,59306,79.925,0.1655535954301075,3.3613473915769145e-07,0.3212071455869001,0,4,4,4,0.0,0.3212071455869001,0.0,0.5491919590577511,3.3613473915769145e-07,955590.4468303458,2.888209527196009,2.888209527196009,0.0081661675792879,False,20262443,100,0.5907052854934375,-1.2711750348412858,0.33663366336633666,0.7227722772277227,24.207699651522034,2891.268005135458,20.321072992709787,30.292917476281776,30.72783398286451,3153.819047426908,3299.336721324773,3319.866952188496,4.437904706937616,1.0713462269110636,0.9729318792894609,2891.268005135458,118.58685483619797,3926871.5421165004,0.0007362777147472276,1299,0.05000312024881745,-1.445965571882522,1.4440828042107998,-4095.9999999999995,4090.666666666666,C:\Users\kimeu\Downloads\starlink_pathB_wsl_package_v0_3_clean\starlink_pathB\paper_final_experiment_check\outputs\random1200_null_random1200_seed2\0_197_lst036_typical_frozen_polybeam_khz_comb_S1000_single.npz,9.10175923472585,9444.443085672718,1.7798436919007438e-05,140609741.2109375,False,False,False,False,False,False,False,False,False,False,False,False
0_197,160.250312485456,mid,typical,36,2461041.75,2461041.756822953,frozen_polybeam,khz_comb,1000.0,multi,coherent_ab,4,3,3,59306;47357;47676,79.925;78.423;77.450,0.1655535954301075,3.3613473915769145e-07,0.3212071455869001,0,4,4,4,0.0,0.3212071455869001,0.0,0.5491919590577511,3.3613473915769145e-07,955590.4468303458,3.8878321735015393,2.888209527196009,0.014356909820068906,False,20262460,100,0.9975897078586877,-0.12706787357078128,0.22772277227722773,0.5346534653465347,40.237693560344496,3758.968858575443,32.184017070301934,51.43444837173847,55.21802670584865,3800.4292317144213,4315.398319226297,4375.6981621636605,5.445255027748431,2.535462097611179,1.2782216677649232,3758.968858575443,-207.81943108208537,3926871.5421165004,0.0009572426340560757,1299,0.05000312024881745,-1.445965571882522,1.4440828042107998,-4095.9999999999995,4090.666666666666,C:\Users\kimeu\Downloads\starlink_pathB_wsl_package_v0_3_clean\starlink_pathB\paper_final_experiment_check\outputs\random1200_null_random1200_seed2\0_197_lst036_typical_frozen_polybeam_khz_comb_S1000_multi.npz,9.10175923472585,9444.443085672718,1.7798436919007438e-05,140609741.2109375,False,False,False,False,False,False,False,False,False,False,False,False
0_197,160.250312485456,mid,typical,36,2461041.75,2461041.756822953,full_polybeam,smooth,30.0,single,coherent_ab,4,3,1,59306,79.925,0.1655535954301075,3.3613473915769145e-07,0.3212071455869001,0,4,4,4,0.0,0.3212071455869001,0.0,0.5491919590577511,3.3613473915769145e-07,955590.4468303458,0.3155168859870486,0.3155168859870486,0.0005872064513996755,False,20262477,100,-0.8099516575918275,-1.6401495710038831,0.7227722772277227,0.9702970297029703,3.831538240120608,493.0901928615662,4.523013524843691,5.378657447547425,5.482453667022782,514.7417461669277,524.0109814953739,524.4194266954324,0.5758290455739825,1.1119453754214264,0.9698430883105875,493.0901928615662,-49.0344047488779,3926871.5421165004,0.00012556820042954628,1299,0.05000312024881745,-1.445965571882522,1.4440828042107998,-4095.9999999999995,4090.666666666666,C:\Users\kimeu\Downloads\starlink_pathB_wsl_package_v0_3_clean\starlink_pathB\paper_final_experiment_check\outputs\random1200_null_random1200_seed2\0_197_lst036_typical_full_polybeam_smooth_S30_single.npz,9.10175923472585,9444.443085672718,1.7798436919007438e-05,140609741.2109375,False,False,False,False,False,False,False,False,False,False,False,False
0_197,160.250312485456,mid,typical,36,2461041.75,2461041.756822953,full_polybeam,smooth,30.0,multi,coherent_ab,4,3,3,59306;47357;47676,79.925;78.423;77.450,0.1655535954301075,3.3613473915769145e-07,0.3212071455869001,0,4,4,4,0.0,0.3212071455869001,0.0,0.5491919590577511,3.3613473915769145e-07,955590.4468303458,0.5414550302200136,0.3155168859870486,0.0009923412959679107,False,20262494,100,-0.7035686062120767,-0.026125491058553107,0.7425742574257426,0.5247524752475248,3.8106374582384888,523.2903476211088,4.447346312129412,5.5877948312145005,5.946595658482179,524.2189674320961,577.7810926361849,584.7987104542523,0.6103942595427725,1.5582166074314154,0.8845481111361092,523.2903476211088,-110.85059101953291,3926871.5421165004,0.00013325884027748624,1299,0.05000312024881745,-1.445965571882522,1.4440828042107998,-4095.9999999999995,4090.666666666666,C:\Users\kimeu\Downloads\starlink_pathB_wsl_package_v0_3_clean\starlink_pathB\paper_final_experiment_check\outputs\random1200_null_random1200_seed2\0_197_lst036_typical_full_polybeam_smooth_S30_multi.npz,9.10175923472585,9444.443085672718,1.7798436919007438e-05,140609741.2109375,False,False,False,False,False,False,False,False,False,False,False,False
0_197,160.250312485456,mid,typical,36,2461041.75,2461041.756822953,full_polybeam,smooth,1000.0,single,coherent_ab,4,3,1,59306,79.925,0.1655535954301075,3.3613473915769145e-07,0.3212071455869001,0,4,4,4,0.0,0.3212071455869001,0.0,0.5491919590577511,3.3613473915769145e-07,955590.4468303458,10.517229532901622,10.517229532901622,0.019573548379989186,False,20262511,100,-0.8084991899788511,-1.2286665788420115,0.7722772277227723,0.9801980198019802,127.64490205142738,16431.887312116716,150.17427452329218,179.48117833040095,182.06599397571765,17073.86637329652,17466.807607904175,17476.223035791045,18.79513762960812,1.2612420283571077,1.1307054679682011,16431.887312116716,-1624.2396542917566,3926871.5421165004,0.0041844728394808345,1299,0.05000312024881745,-1.445965571882522,1.4440828042107998,-4095.9999999999995,4090.666666666666,C:\Users\kimeu\Downloads\starlink_pathB_wsl_package_v0_3_clean\starlink_pathB\paper_final_experiment_check\outputs\random1200_null_random1200_seed2\0_197_lst036_typical_full_polybeam_smooth_S1000_single.npz,9.10175923472585,9444.443085672718,1.7798436919007438e-05,140609741.2109375,False,False,False,False,False,False,False,False,False,False,False,False
0_197,160.250312485456,mid,typical,36,2461041.75,2461041.756822953,full_polybeam,smooth,1000.0,multi,coherent_ab,4,3,3,59306;47357;47676,79.925;78.423;77.450,0.1655535954301075,3.3613473915769145e-07,0.3212071455869001,0,4,4,4,0.0,0.3212071455869001,0.0,0.5491919590577511,3.3613473915769145e-07,955590.4468303458,18.04850100733379,10.517229532901622,0.03307804319893036,False,20262528,100,-1.0288108846269606,-0.06875531794408045,0.8118811881188119,0.5346534653465347,127.01149865072239,17429.607515612264,154.71056323840435,182.67498977420126,191.85815074739745,17510.412157932642,19263.849658253323,19628.51247755174,18.15956983902936,2.0971936219450344,1.124314433598923,17429.607515612264,-3677.5430165858616,3926871.5421165004,0.004438547920062105,1299,0.05000312024881745,-1.445965571882522,1.4440828042107998,-4095.9999999999995,4090.666666666666,C:\Users\kimeu\Downloads\starlink_pathB_wsl_package_v0_3_clean\starlink_pathB\paper_final_experiment_check\outputs\random1200_null_random1200_seed2\0_197_lst036_typical_full_polybeam_smooth_S1000_multi.npz,9.10175923472585,9444.443085672718,1.7798436919007438e-05,140609741.2109375,False,False,False,False,False,False,False,False,False,False,False,False
0_197,160.250312485456,mid,typical,36,2461041.75,2461041.756822953,full_polybeam,lines,30.0,single,coherent_ab,4,3,1,59306,79.925,0.1655535954301075,3.3613473915769145e-07,0.3212071455869001,0,4,4,4,0.0,0.3212071455869001,0.0,0.5491919590577511,3.3613473915769145e-07,955590.4468303458,0.31550641067407986,0.31550641067407986,0.0005877974313697978,False,20262545,100,-0.7919911761102502,-1.1951499823429985,0.7524752475247525,1.0,3.8363340720825363,493.0594756617619,4.543648366112961,5.484431905145539,5.492593719002652,512.2675054210641,524.2634828920717,524.309652192166,0.6023766043863361,1.36873032886123,1.264794265653589,493.0594756617619,-48.89103695281183,3926871.5421165004,0.00012556037812125968,1299,0.05000312024881745,-1.445965571882522,1.4440828042107998,-4095.9999999999995,4090.666666666666,C:\Users\kimeu\Downloads\starlink_pathB_wsl_package_v0_3_clean\starlink_pathB\paper_final_experiment_check\outputs\random1200_null_random1200_seed2\0_197_lst036_typical_full_polybeam_lines_S30_single.npz,9.10175923472585,9444.443085672718,1.7798436919007438e-05,140609741.2109375,False,False,False,False,False,False,False,False,False,False,False,False
0_197,160.250312485456,mid,typical,36,2461041.75,2461041.756822953,full_polybeam,lines,30.0,multi,coherent_ab,4,3,3,59306;47357;47676,79.925;78.423;77.450,0.1655535954301075,3.3613473915769145e-07,0.3212071455869001,0,4,4,4,0.0,0.3212071455869001,0.0,0.5491919590577511,3.3613473915769145e-07,955590.4468303458,0.5413981680477207,0.31550641067407986,0.0009932887006998516,False,20262562,100,-1.0474705894898693,-0.2849254283250584,0.8118811881188119,0.6138613861386139,3.8117931481292544,523.28612768889,4.49632312773042,5.487017208449243,5.8720079656584225,534.1412073615954,581.500740001022,587.3015899456926,0.44078483010252967,1.7253683757326557,1.1015150951763635,523.28612768889,-110.6998069991768,3926871.5421165004,0.000133257765647931,1299,0.05000312024881745,-1.445965571882522,1.4440828042107998,-4095.9999999999995,4090.666666666666,C:\Users\kimeu\Downloads\starlink_pathB_wsl_package_v0_3_clean\starlink_pathB\paper_final_experiment_check\outputs\random1200_null_random1200_seed2\0_197_lst036_typical_full_polybeam_lines_S30_multi.npz,9.10175923472585,9444.443085672718,1.7798436919007438e-05,140609741.2109375,False,False,False,False,False,False,False,False,False,False,False,False
0_197,160.250312485456,mid,typical,36,2461041.75,2461041.756822953,full_polybeam,lines,1000.0,single,coherent_ab,4,3,1,59306,79.925,0.1655535954301075,3.3613473915769145e-07,0.3212071455869001,0,4,4,4,0.0,0.3212071455869001,0.0,0.5491919590577511,3.3613473915769145e-07,955590.4468303458,10.516880355802662,10.516880355802662,0.019593247712326595,False,20262579,100,-0.7996797601409241,-0.9801869507643036,0.7524752475247525,0.9603960396039604,127.77976665790811,16431.640252828372,149.24323886388333,177.5680729343734,182.18509313246312,16974.2397554103,17452.237165076454,17469.54078447029,18.103388869891887,0.8353518167741254,0.7786957925505897,16431.640252828372,-1619.5517535043389,3926871.5421165004,0.004184409924438747,1299,0.05000312024881745,-1.445965571882522,1.4440828042107998,-4095.9999999999995,4090.666666666666,C:\Users\kimeu\Downloads\starlink_pathB_wsl_package_v0_3_clean\starlink_pathB\paper_final_experiment_check\outputs\random1200_null_random1200_seed2\0_197_lst036_typical_full_polybeam_lines_S1000_single.npz,9.10175923472585,9444.443085672718,1.7798436919007438e-05,140609741.2109375,False,False,False,False,False,False,False,False,False,False,False,False
0_197,160.250312485456,mid,typical,36,2461041.75,2461041.756822953,full_polybeam,lines,1000.0,multi,coherent_ab,4,3,3,59306;47357;47676,79.925;78.423;77.450,0.1655535954301075,3.3613473915769145e-07,0.3212071455869001,0,4,4,4,0.0,0.3212071455869001,0.0,0.5491919590577511,3.3613473915769145e-07,955590.4468303458,18.046605601590688,10.516880355802662,0.03310962335666172,False,20262596,100,-0.6138005697775546,-0.0353855429873021,0.7524752475247525,0.5247524752475248,127.02411080018646,17430.345673318378,146.30673697099962,187.57451221557884,201.11136653496467,17469.301476352564,19445.569302126856,19616.551752963045,21.189216515990665,1.8442108109536253,0.9668275882257542,17430.345673318378,-3672.6074745712276,3926871.5421165004,0.004438735896087854,1299,0.05000312024881745,-1.445965571882522,1.4440828042107998,-4095.9999999999995,4090.666666666666,C:\Users\kimeu\Downloads\starlink_pathB_wsl_package_v0_3_clean\starlink_pathB\paper_final_experiment_check\outputs\random1200_null_random1200_seed2\0_197_lst036_typical_full_polybeam_lines_S1000_multi.npz,9.10175923472585,9444.443085672718,1.7798436919007438e-05,140609741.2109375,False,False,False,False,False,False,False,False,False,False,False,False
0_197,160.250312485456,mid,typical,36,2461041.75,2461041.756822953,full_polybeam,khz_comb,30.0,single,coherent_ab,4,3,1,59306,79.925,0.1655535954301075,3.3613473915769145e-07,0.3212071455869001,0,4,4,4,0.0,0.3212071455869001,0.0,0.5491919590577511,3.3613473915769145e-07,955590.4468303458,0.25965492936811296,0.25965492936811296,0.000500207216798738,False,20262613,100,-0.574883697946591,-0.855941466659859,0.7722772277227723,0.9405940594059405,3.196372574855559,407.48994899369734,3.683139254665093,4.541338289850273,4.603956793174757,420.3650626533133,433.8473714955557,434.33044801045753,0.5711061710835565,1.0316935793347652,0.9595940612397712,407.48994899369734,-38.828501332364766,3926871.5421165004,0.00010376961523270734,1299,0.05000312024881745,-1.445965571882522,1.4440828042107998,-4095.9999999999995,4090.666666666666,C:\Users\kimeu\Downloads\starlink_pathB_wsl_package_v0_3_clean\starlink_pathB\paper_final_experiment_check\outputs\random1200_null_random1200_seed2\0_197_lst036_typical_full_polybeam_khz_comb_S30_single.npz,9.10175923472585,9444.443085672718,1.7798436919007438e-05,140609741.2109375,False,False,False,False,False,False,False,False,False,False,False,False
0_197,160.250312485456,mid,typical,36,2461041.75,2461041.756822953,full_polybeam,khz_comb,30.0,multi,coherent_ab,4,3,3,59306;47357;47676,79.925;78.423;77.450,0.1655535954301075,3.3613473915769145e-07,0.3212071455869001,0,4,4,4,0.0,0.3212071455869001,0.0,0.5491919590577511,3.3613473915769145e-07,955590.4468303458,0.44555894374416777,0.25965492936811296,0.0008477024743832804,False,20262630,100,-0.8298471722256395,-0.2667161846739049,0.7920792079207921,0.6435643564356436,3.189678211453611,432.85731881623286,3.7672919218985044,4.6158385723879745,4.7842626583733034,441.85322947330224,482.3426722885552,486.8512066079831,0.46947814402642507,1.8517901473476512,1.2390785330677787,432.85731881623286,-90.66440560459425,3926871.5421165004,0.00011022955912200071,1299,0.05000312024881745,-1.445965571882522,1.4440828042107998,-4095.9999999999995,4090.666666666666,C:\Users\kimeu\Downloads\starlink_pathB_wsl_package_v0_3_clean\starlink_pathB\paper_final_experiment_check\outputs\random1200_null_random1200_seed2\0_197_lst036_typical_full_polybeam_khz_comb_S30_multi.npz,9.10175923472585,9444.443085672718,1.7798436919007438e-05,140609741.2109375,False,False,False,False,False,False,False,False,False,False,False,False
0_197,160.250312485456,mid,typical,36,2461041.75,2461041.756822953,full_polybeam,khz_comb,1000.0,single,coherent_ab,4,3,1,59306,79.925,0.1655535954301075,3.3613473915769145e-07,0.3212071455869001,0,4,4,4,0.0,0.3212071455869001,0.0,0.5491919590577511,3.3613473915769145e-07,955590.4468303458,8.655164312270433,8.655164312270433,0.016673573893291275,False,20262647,100,-0.6798108783511988,-0.8519034721468163,0.8118811881188119,0.9702970297029703,106.576099873565,13581.40569483828,123.004581876634,149.5143369493002,152.87956757972944,13998.553878007795,14446.844415959824,14478.052210752348,16.29991466181434,1.8185794943906117,1.632276969858852,13581.40569483828,-1289.5487197185307,3926871.5421165004,0.003458581608584576,1299,0.05000312024881745,-1.445965571882522,1.4440828042107998,-4095.9999999999995,4090.666666666666,C:\Users\kimeu\Downloads\starlink_pathB_wsl_package_v0_3_clean\starlink_pathB\paper_final_experiment_check\outputs\random1200_null_random1200_seed2\0_197_lst036_typical_full_polybeam_khz_comb_S1000_single.npz,9.10175923472585,9444.443085672718,1.7798436919007438e-05,140609741.2109375,False,False,False,False,False,False,False,False,False,False,False,False
0_197,160.250312485456,mid,typical,36,2461041.75,2461041.756822953,full_polybeam,khz_comb,1000.0,multi,coherent_ab,4,3,3,59306;47357;47676,79.925;78.423;77.450,0.1655535954301075,3.3613473915769145e-07,0.3212071455869001,0,4,4,4,0.0,0.3212071455869001,0.0,0.5491919590577511,3.3613473915769145e-07,955590.4468303458,14.851964791472259,8.655164312270433,0.028256749146109355,False,20262664,100,-0.7306078467100852,-0.12823186609481405,0.7722772277227723,0.5841584158415841,106.39337312029238,14420.779427160141,123.09155697794313,154.6899929156133,158.68099355638444,14555.221918931526,16193.326233714017,16266.49674179636,15.415616958868895,1.9531555383443029,1.0183041970839333,14420.779427160141,-3011.6803300159518,3926871.5421165004,0.0036723328666329754,1299,0.05000312024881745,-1.445965571882522,1.4440828042107998,-4095.9999999999995,4090.666666666666,C:\Users\kimeu\Downloads\starlink_pathB_wsl_package_v0_3_clean\starlink_pathB\paper_final_experiment_check\outputs\random1200_null_random1200_seed2\0_197_lst036_typical_full_polybeam_khz_comb_S1000_multi.npz,9.10175923472585,9444.443085672718,1.7798436919007438e-05,140609741.2109375,False,False,False,False,False,False,False,False,False,False,False,False
0_197,160.250312485456,mid,stress,0,2461041.5,2461041.506822953,frozen_polybeam,smooth,30.0,single,coherent_ab,4,3,1,53976,86.545,0.2313613071236559,0.0001386146167366,0.5502745938468236,1,4,4,4,0.3308758856684498,0.5502745938468236,0.3308758856684498,0.7280464634021924,0.0001386146167366,3969.816508545893,0.7209072544322481,0.7209072544322481,0.0011638357468558322,False,20262645,100,0.21253807712900866,-0.8341967372119672,0.40594059405940597,0.8514851485148515,7.853422995754386,1581.7243485616839,7.544067503619317,10.419949991745124,10.973971894279785,1659.0738462249967,1734.620433102684,1736.8225473074042,0.9817413597460245,1.3148420492193251,1.0445876758277732,1581.7243485616839,64.31623904347704,6804380.162039771,0.00023245678678945612,1299,0.05000312024881745,-1.445965571882522,1.4440828042107998,-4095.9999999999995,4090.666666666666,C:\Users\kimeu\Downloads\starlink_pathB_wsl_package_v0_3_clean\starlink_pathB\paper_final_experiment_check\outputs\random1200_null_random1200_seed2\0_197_lst000_stress_frozen_polybeam_smooth_S30_single.npz,9.10175923472585,9444.443085672718,1.7798436919007438e-05,140609741.2109375,False,False,False,False,False,False,False,False,False,False,False,False
0_197,160.250312485456,mid,stress,0,2461041.5,2461041.506822953,frozen_polybeam,smooth,30.0,multi,coherent_ab,4,3,3,53976;54093;56109,86.545;85.567;70.536,0.2313613071236559,0.0001386146167366,0.5502745938468236,1,4,4,4,0.3308758856684498,0.5502745938468236,0.3308758856684498,0.7280464634021924,0.0001386146167366,3969.816508545893,1.0360488717822627,0.7209072544322481,0.0018272214212671594,False,20262662,100,0.7950244932210682,-1.4343523722133056,0.2871287128712871,1.0,8.961084833201312,1758.472622572015,7.546927289944961,11.106847291489975,12.09342955590586,1879.099864292528,1991.5886731685666,2006.5763811796044,1.1997569930280179,1.8787895147186688,1.321717146037108,1758.472622572015,196.92550230694212,6804380.162039771,0.00025843244802548955,1299,0.05000312024881745,-1.445965571882522,1.4440828042107998,-4095.9999999999995,4090.666666666666,C:\Users\kimeu\Downloads\starlink_pathB_wsl_package_v0_3_clean\starlink_pathB\paper_final_experiment_check\outputs\random1200_null_random1200_seed2\0_197_lst000_stress_frozen_polybeam_smooth_S30_multi.npz,9.10175923472585,9444.443085672718,1.7798436919007438e-05,140609741.2109375,False,False,False,False,False,False,False,False,False,False,False,False
0_197,160.250312485456,mid,stress,0,2461041.5,2461041.506822953,frozen_polybeam,smooth,1000.0,single,coherent_ab,4,3,1,53976,86.545,0.2313613071236559,0.0001386146167366,0.5502745938468236,1,4,4,4,0.3308758856684498,0.5502745938468236,0.3308758856684498,0.7280464634021924,0.0001386146167366,3969.816508545893,24.030241814408267,24.030241814408267,0.0387945248951944,False,20262679,100,0.16485333229986426,-1.3425082732143583,0.45544554455445546,0.9900990099009901,255.47416881012663,52799.075559165125,243.1757443389299,362.4071240769863,363.5993777620868,55838.52017905231,58060.399668509825,58166.850423226155,50.31850764687189,1.0096207208326957,0.9607242366665666,52799.075559165125,-3388.950194309448,6804380.162039771,0.007759571673217238,1299,0.05000312024881745,-1.445965571882522,1.4440828042107998,-4095.9999999999995,4090.666666666666,C:\Users\kimeu\Downloads\starlink_pathB_wsl_package_v0_3_clean\starlink_pathB\paper_final_experiment_check\outputs\random1200_null_random1200_seed2\0_197_lst000_stress_frozen_polybeam_smooth_S1000_single.npz,9.10175923472585,9444.443085672718,1.7798436919007438e-05,140609741.2109375,False,False,False,False,False,False,False,False,False,False,False,False
0_197,160.250312485456,mid,stress,0,2461041.5,2461041.506822953,frozen_polybeam,smooth,1000.0,multi,coherent_ab,4,3,3,53976;54093;56109,86.545;85.567;70.536,0.2313613071236559,0.0001386146167366,0.5502745938468236,1,4,4,4,0.3308758856684498,0.5502745938468236,0.3308758856684498,0.7280464634021924,0.0001386146167366,3969.816508545893,34.53496239274208,24.030241814408267,0.06090738070890531,False,20262696,100,0.8492003778913808,-2.429010598894236,0.32673267326732675,0.9900990099009901,283.15087234629755,58361.46349822167,239.72484045841645,361.02795842677494,395.1774066741855,63004.60252527909,66552.4881505987,66934.13299500353,34.49180899076123,2.3879716390408623,1.4669213730952917,58361.46349822167,799.3229325815,6804380.162039771,0.008577043332147753,1299,0.05000312024881745,-1.445965571882522,1.4440828042107998,-4095.9999999999995,4090.666666666666,C:\Users\kimeu\Downloads\starlink_pathB_wsl_package_v0_3_clean\starlink_pathB\paper_final_experiment_check\outputs\random1200_null_random1200_seed2\0_197_lst000_stress_frozen_polybeam_smooth_S1000_multi.npz,9.10175923472585,9444.443085672718,1.7798436919007438e-05,140609741.2109375,False,False,False,False,False,False,False,False,False,False,False,False
0_197,160.250312485456,mid,stress,0,2461041.5,2461041.506822953,frozen_polybeam,lines,30.0,single,coherent_ab,4,3,1,53976,86.545,0.2313613071236559,0.0001386146167366,0.5502745938468236,1,4,4,4,0.3308758856684498,0.5502745938468236,0.3308758856684498,0.7280464634021924,0.0001386146167366,3969.816508545893,0.7208571822146383,0.7208571822146383,0.001164747879863311,False,20262713,100,0.126353375469049,-0.9927687923875415,0.4752475247524752,0.8811881188118812,7.817402748713846,1583.6390809625668,7.575552172901098,10.707260914367907,11.150890917161014,1650.3994769659803,1733.6916175042297,1734.6497833221613,1.2910298435181176,0.8700098787188342,0.821556793044086,1583.6390809625668,63.404542019976745,6804380.162039771,0.0002327381838242022,1299,0.05000312024881745,-1.445965571882522,1.4440828042107998,-4095.9999999999995,4090.666666666666,C:\Users\kimeu\Downloads\starlink_pathB_wsl_package_v0_3_clean\starlink_pathB\paper_final_experiment_check\outputs\random1200_null_random1200_seed2\0_197_lst000_stress_frozen_polybeam_lines_S30_single.npz,9.10175923472585,9444.443085672718,1.7798436919007438e-05,140609741.2109375,False,False,False,False,False,False,False,False,False,False,False,False
0_197,160.250312485456,mid,stress,0,2461041.5,2461041.506822953,frozen_polybeam,lines,30.0,multi,coherent_ab,4,3,3,53976;54093;56109,86.545;85.567;70.536,0.2313613071236559,0.0001386146167366,0.5502745938468236,1,4,4,4,0.3308758856684498,0.5502745938468236,0.3308758856684498,0.7280464634021924,0.0001386146167366,3969.816508545893,1.035956629257304,0.7208571822146383,0.0018288487192417552,False,20262730,100,0.9209331557959083,-1.5805863369238484,0.297029702970297,0.9801980198019802,8.91692296365727,1760.491063576338,7.485564949219537,10.751851055665611,11.648767420509323,1884.7705406183188,1986.812781880918,2009.0725159075891,1.0483255469357573,2.3846419533385097,1.3426418430330878,1760.491063576338,196.4200456371118,6804380.162039771,0.00025872908650779883,1299,0.05000312024881745,-1.445965571882522,1.4440828042107998,-4095.9999999999995,4090.666666666666,C:\Users\kimeu\Downloads\starlink_pathB_wsl_package_v0_3_clean\starlink_pathB\paper_final_experiment_check\outputs\random1200_null_random1200_seed2\0_197_lst000_stress_frozen_polybeam_lines_S30_multi.npz,9.10175923472585,9444.443085672718,1.7798436919007438e-05,140609741.2109375,False,False,False,False,False,False,False,False,False,False,False,False
0_197,160.250312485456,mid,stress,0,2461041.5,2461041.506822953,frozen_polybeam,lines,1000.0,single,coherent_ab,4,3,1,53976,86.545,0.2313613071236559,0.0001386146167366,0.5502745938468236,1,4,4,4,0.3308758856684498,0.5502745938468236,0.3308758856684498,0.7280464634021924,0.0001386146167366,3969.816508545893,24.028572740487945,24.028572740487945,0.038824929328777034,False,20262747,100,0.2302170516114804,-1.4925605199841627,0.44554455445544555,0.9504950495049505,254.47195368833917,52873.74468701504,240.99197367332454,366.22746622524903,369.29501002425275,56121.758728155764,58046.8577089406,58179.333821189924,39.49369473031311,1.0039053123059434,0.9457731446359958,52873.74468701504,-3417.5004568607983,6804380.162039771,0.0077705453587068405,1299,0.05000312024881745,-1.445965571882522,1.4440828042107998,-4095.9999999999995,4090.666666666666,C:\Users\kimeu\Downloads\starlink_pathB_wsl_package_v0_3_clean\starlink_pathB\paper_final_experiment_check\outputs\random1200_null_random1200_seed2\0_197_lst000_stress_frozen_polybeam_lines_S1000_single.npz,9.10175923472585,9444.443085672718,1.7798436919007438e-05,140609741.2109375,False,False,False,False,False,False,False,False,False,False,False,False
0_197,160.250312485456,mid,stress,0,2461041.5,2461041.506822953,frozen_polybeam,lines,1000.0,multi,coherent_ab,4,3,3,53976;54093;56109,86.545;85.567;70.536,0.2313613071236559,0.0001386146167366,0.5502745938468236,1,4,4,4,0.3308758856684498,0.5502745938468236,0.3308758856684498,0.7280464634021924,0.0001386146167366,3969.816508545893,34.53188764191013,24.028572740487945,0.060961623974725175,False,20262764,100,0.9049371511368066,-2.072497862047113,0.31683168316831684,0.9900990099009901,281.90593550035373,58433.28852877101,239.18454172715792,349.01376849640235,376.3860789970598,62962.94987130778,66809.1415278806,67352.01300284232,31.84219511353149,2.1404041210742486,1.184634019842981,58433.28852877101,784.2356865681327,6804380.162039771,0.00858759903727282,1299,0.05000312024881745,-1.445965571882522,1.4440828042107998,-4095.9999999999995,4090.666666666666,C:\Users\kimeu\Downloads\starlink_pathB_wsl_package_v0_3_clean\starlink_pathB\paper_final_experiment_check\outputs\random1200_null_random1200_seed2\0_197_lst000_stress_frozen_polybeam_lines_S1000_multi.npz,9.10175923472585,9444.443085672718,1.7798436919007438e-05,140609741.2109375,False,False,False,False,False,False,False,False,False,False,False,False
0_197,160.250312485456,mid,stress,0,2461041.5,2461041.506822953,frozen_polybeam,khz_comb,30.0,single,coherent_ab,4,3,1,53976,86.545,0.2313613071236559,0.0001386146167366,0.5502745938468236,1,4,4,4,0.3308758856684498,0.5502745938468236,0.3308758856684498,0.7280464634021924,0.0001386146167366,3969.816508545893,0.5932498180703876,0.5932498180703876,0.0010358285652904604,False,20262781,100,0.20340409858364503,-1.1813195597506343,0.44554455445544555,0.8316831683168316,6.810090064095903,1399.9235197628968,6.470464139106298,8.899015279426385,9.037161224769589,1468.170286434292,1519.4629134676384,1520.7388719150972,1.1262041899808537,1.250602915252415,1.0980751866903353,1399.9235197628968,57.66971605103245,6804380.162039771,0.00020573858109409885,1299,0.05000312024881745,-1.445965571882522,1.4440828042107998,-4095.9999999999995,4090.666666666666,C:\Users\kimeu\Downloads\starlink_pathB_wsl_package_v0_3_clean\starlink_pathB\paper_final_experiment_check\outputs\random1200_null_random1200_seed2\0_197_lst000_stress_frozen_polybeam_khz_comb_S30_single.npz,9.10175923472585,9444.443085672718,1.7798436919007438e-05,140609741.2109375,False,False,False,False,False,False,False,False,False,False,False,False
0_197,160.250312485456,mid,stress,0,2461041.5,2461041.506822953,frozen_polybeam,khz_comb,30.0,multi,coherent_ab,4,3,3,53976;54093;56109,86.545;85.567;70.536,0.2313613071236559,0.0001386146167366,0.5502745938468236,1,4,4,4,0.3308758856684498,0.5502745938468236,0.3308758856684498,0.7280464634021924,0.0001386146167366,3969.816508545893,0.8844506149407343,0.5932498180703876,0.0016408543738044429,False,20262798,100,0.4241716747573316,-1.4382427192474951,0.297029702970297,0.9702970297029703,7.683604503861716,1571.2560857533072,6.986196668442659,9.430654817565483,9.951534944280938,1684.9246319341805,1770.2174887037252,1785.9368452927965,1.1089734854309654,2.0175797739938046,1.29682946086774,1571.2560857533072,171.9203692130981,6804380.162039771,0.0002309183273619866,1299,0.05000312024881745,-1.445965571882522,1.4440828042107998,-4095.9999999999995,4090.666666666666,C:\Users\kimeu\Downloads\starlink_pathB_wsl_package_v0_3_clean\starlink_pathB\paper_final_experiment_check\outputs\random1200_null_random1200_seed2\0_197_lst000_stress_frozen_polybeam_khz_comb_S30_multi.npz,9.10175923472585,9444.443085672718,1.7798436919007438e-05,140609741.2109375,False,False,False,False,False,False,False,False,False,False,False,False
0_197,160.250312485456,mid,stress,0,2461041.5,2461041.506822953,frozen_polybeam,khz_comb,1000.0,single,coherent_ab,4,3,1,53976,86.545,0.2313613071236559,0.0001386146167366,0.5502745938468236,1,4,4,4,0.3308758856684498,0.5502745938468236,0.3308758856684498,0.7280464634021924,0.0001386146167366,3969.816508545893,19.774993935679586,19.774993935679586,0.03452761884301535,False,20262815,100,0.2119032624315946,-1.0513991218904368,0.42574257425742573,0.900990099009901,222.35426364657445,46691.79906224857,210.5182759094423,292.2329160111234,296.6424174804783,48913.54626421026,50892.6238638177,50937.19247513084,37.674098389830306,0.8125038175466364,0.7818766778140288,46691.79906224857,-1987.4828550481734,6804380.162039771,0.006862020926275174,1299,0.05000312024881745,-1.445965571882522,1.4440828042107998,-4095.9999999999995,4090.666666666666,C:\Users\kimeu\Downloads\starlink_pathB_wsl_package_v0_3_clean\starlink_pathB\paper_final_experiment_check\outputs\random1200_null_random1200_seed2\0_197_lst000_stress_frozen_polybeam_khz_comb_S1000_single.npz,9.10175923472585,9444.443085672718,1.7798436919007438e-05,140609741.2109375,False,False,False,False,False,False,False,False,False,False,False,False
0_197,160.250312485456,mid,stress,0,2461041.5,2461041.506822953,frozen_polybeam,khz_comb,1000.0,multi,coherent_ab,4,3,3,53976;54093;56109,86.545;85.567;70.536,0.2313613071236559,0.0001386146167366,0.5502745938468236,1,4,4,4,0.3308758856684498,0.5502745938468236,0.3308758856684498,0.7280464634021924,0.0001386146167366,3969.816508545893,29.481687164691145,19.774993935679586,0.05469514579348143,False,20262832,100,0.8678155749333086,-1.7033457452019418,0.25742574257425743,0.9900990099009901,244.85261706976598,52105.44801466241,213.651528032244,286.1396371789784,316.9851054933127,55840.681589366024,59255.042512062464,59580.237574430954,24.25036707025265,1.883312442954529,1.2090993683639695,52105.44801466241,1583.9449389324654,6804380.162039771,0.007657633285298774,1299,0.05000312024881745,-1.445965571882522,1.4440828042107998,-4095.9999999999995,4090.666666666666,C:\Users\kimeu\Downloads\starlink_pathB_wsl_package_v0_3_clean\starlink_pathB\paper_final_experiment_check\outputs\random1200_null_random1200_seed2\0_197_lst000_stress_frozen_polybeam_khz_comb_S1000_multi.npz,9.10175923472585,9444.443085672718,1.7798436919007438e-05,140609741.2109375,False,False,False,False,False,False,False,False,False,False,False,False
0_197,160.250312485456,mid,stress,0,2461041.5,2461041.506822953,full_polybeam,smooth,30.0,single,coherent_ab,4,3,1,53976,86.545,0.2313613071236559,0.0001386146167366,0.5502745938468236,1,4,4,4,0.3308758856684498,0.5502745938468236,0.3308758856684498,0.7280464634021924,0.0001386146167366,3969.816508545893,1.0156270841543977,1.0156270841543977,0.001606832620853388,False,20262849,100,1.8940162188034728,-1.3130789050748757,0.1485148514851485,0.9801980198019802,11.109275543267245,2194.4222728924024,9.13370886287737,11.696460480862111,11.782772373755442,2351.5434413231583,2467.5934684034887,2468.501912432679,0.7035322387548604,1.3910938529327495,1.2250396647400104,2194.4222728924024,41.30554043945242,6804380.162039771,0.0003225014212366661,1299,0.05000312024881745,-1.445965571882522,1.4440828042107998,-4095.9999999999995,4090.666666666666,C:\Users\kimeu\Downloads\starlink_pathB_wsl_package_v0_3_clean\starlink_pathB\paper_final_experiment_check\outputs\random1200_null_random1200_seed2\0_197_lst000_stress_full_polybeam_smooth_S30_single.npz,9.10175923472585,9444.443085672718,1.7798436919007438e-05,140609741.2109375,False,False,False,False,False,False,False,False,False,False,False,False
0_197,160.250312485456,mid,stress,0,2461041.5,2461041.506822953,full_polybeam,smooth,30.0,multi,coherent_ab,4,3,3,53976;54093;56109,86.545;85.567;70.536,0.2313613071236559,0.0001386146167366,0.5502745938468236,1,4,4,4,0.3308758856684498,0.5502745938468236,0.3308758856684498,0.7280464634021924,0.0001386146167366,3969.816508545893,1.502351032535942,1.0156270841543977,0.0025012596025436626,False,20262866,100,0.8886727387204965,-1.246762893743602,0.21782178217821782,0.9900990099009901,11.584961193120762,2452.917974515346,10.207641713889643,14.015981015192073,14.460427054775465,2608.207980063593,2745.038856008219,2756.2380164158394,1.045367120100991,2.038894730870142,1.262305839164629,2452.917974515346,213.85499878554677,6804380.162039771,0.000360491024325723,1299,0.05000312024881745,-1.445965571882522,1.4440828042107998,-4095.9999999999995,4090.666666666666,C:\Users\kimeu\Downloads\starlink_pathB_wsl_package_v0_3_clean\starlink_pathB\paper_final_experiment_check\outputs\random1200_null_random1200_seed2\0_197_lst000_stress_full_polybeam_smooth_S30_multi.npz,9.10175923472585,9444.443085672718,1.7798436919007438e-05,140609741.2109375,False,False,False,False,False,False,False,False,False,False,False,False
0_197,160.250312485456,mid,stress,0,2461041.5,2461041.506822953,full_polybeam,smooth,1000.0,single,coherent_ab,4,3,1,53976,86.545,0.2313613071236559,0.0001386146167366,0.5502745938468236,1,4,4,4,0.3308758856684498,0.5502745938468236,0.3308758856684498,0.7280464634021924,0.0001386146167366,3969.816508545893,33.85423613847992,33.85423613847992,0.05356108736177959,False,20262883,100,1.3613994190948655,-1.1004997618477033,0.2376237623762376,0.9603960396039604,353.25258167220437,74423.39622096125,281.1858660813625,375.38578648255833,375.899208411623,79587.90617716062,83759.86710797722,84029.8292098248,35.704682292407796,1.0503793451277457,0.9944555046327194,74423.39622096125,-13862.025384554468,6804380.162039771,0.010937571747703632,1299,0.05000312024881745,-1.445965571882522,1.4440828042107998,-4095.9999999999995,4090.666666666666,C:\Users\kimeu\Downloads\starlink_pathB_wsl_package_v0_3_clean\starlink_pathB\paper_final_experiment_check\outputs\random1200_null_random1200_seed2\0_197_lst000_stress_full_polybeam_smooth_S1000_single.npz,9.10175923472585,9444.443085672718,1.7798436919007438e-05,140609741.2109375,False,False,False,False,False,False,False,False,False,False,False,False
0_197,160.250312485456,mid,stress,0,2461041.5,2461041.506822953,full_polybeam,smooth,1000.0,multi,coherent_ab,4,3,3,53976;54093;56109,86.545;85.567;70.536,0.2313613071236559,0.0001386146167366,0.5502745938468236,1,4,4,4,0.3308758856684498,0.5502745938468236,0.3308758856684498,0.7280464634021924,0.0001386146167366,3969.816508545893,50.07836775119806,33.85423613847992,0.08337532008478875,False,20262900,100,1.267929672421855,-1.601047454031746,0.1485148514851485,0.9900990099009901,363.6131529220893,82165.91620223994,296.7217699301052,389.57189695260035,416.182158961705,88850.16738354738,93594.66917946222,94357.57341556373,35.58369261169241,2.0794582382009947,1.2866159818559437,82165.91620223994,-8153.101358865551,6804380.162039771,0.012075444676155308,1299,0.05000312024881745,-1.445965571882522,1.4440828042107998,-4095.9999999999995,4090.666666666666,C:\Users\kimeu\Downloads\starlink_pathB_wsl_package_v0_3_clean\starlink_pathB\paper_final_experiment_check\outputs\random1200_null_random1200_seed2\0_197_lst000_stress_full_polybeam_smooth_S1000_multi.npz,9.10175923472585,9444.443085672718,1.7798436919007438e-05,140609741.2109375,False,False,False,False,False,False,False,False,False,False,False,False
0_197,160.250312485456,mid,stress,0,2461041.5,2461041.506822953,full_polybeam,lines,30.0,single,coherent_ab,4,3,1,53976,86.545,0.2313613071236559,0.0001386146167366,0.5502745938468236,1,4,4,4,0.3308758856684498,0.5502745938468236,0.3308758856684498,0.7280464634021924,0.0001386146167366,3969.816508545893,1.0155329987262887,1.0155329987262887,0.0016079212407017498,False,20262917,100,1.2050631744582594,-1.1219604735564943,0.19801980198019803,0.9306930693069307,11.055868216851081,2199.1596011043544,9.303073356351206,11.513761517499006,11.733760323020734,2349.1604660456796,2462.8471591128964,2466.023653028406,0.9810638659643018,1.198145676607753,1.0377252046214613,2199.1596011043544,40.27486615071222,6804380.162039771,0.00032319763868765165,1299,0.05000312024881745,-1.445965571882522,1.4440828042107998,-4095.9999999999995,4090.666666666666,C:\Users\kimeu\Downloads\starlink_pathB_wsl_package_v0_3_clean\starlink_pathB\paper_final_experiment_check\outputs\random1200_null_random1200_seed2\0_197_lst000_stress_full_polybeam_lines_S30_single.npz,9.10175923472585,9444.443085672718,1.7798436919007438e-05,140609741.2109375,False,False,False,False,False,False,False,False,False,False,False,False
0_197,160.250312485456,mid,stress,0,2461041.5,2461041.506822953,full_polybeam,lines,30.0,multi,coherent_ab,4,3,3,53976;54093;56109,86.545;85.567;70.536,0.2313613071236559,0.0001386146167366,0.5502745938468236,1,4,4,4,0.3308758856684498,0.5502745938468236,0.3308758856684498,0.7280464634021924,0.0001386146167366,3969.816508545893,1.5021945378286712,1.0155329987262887,0.0025032779833955693,False,20262934,100,1.1865353709521476,-1.311219301077019,0.2376237623762376,1.0,11.53101662084191,2457.640164948033,9.883684265277225,13.021325023394716,13.530007983565948,2590.861571092022,2748.0134628132787,2776.127413098153,0.9364326414673769,1.9876362824000349,1.125408606348396,2457.640164948033,213.33359343411902,6804380.162039771,0.0003611850170657276,1299,0.05000312024881745,-1.445965571882522,1.4440828042107998,-4095.9999999999995,4090.666666666666,C:\Users\kimeu\Downloads\starlink_pathB_wsl_package_v0_3_clean\starlink_pathB\paper_final_experiment_check\outputs\random1200_null_random1200_seed2\0_197_lst000_stress_full_polybeam_lines_S30_multi.npz,9.10175923472585,9444.443085672718,1.7798436919007438e-05,140609741.2109375,False,False,False,False,False,False,False,False,False,False,False,False
0_197,160.250312485456,mid,stress,0,2461041.5,2461041.506822953,full_polybeam,lines,1000.0,single,coherent_ab,4,3,1,53976,86.545,0.2313613071236559,0.0001386146167366,0.5502745938468236,1,4,4,4,0.3308758856684498,0.5502745938468236,0.3308758856684498,0.7280464634021924,0.0001386146167366,3969.816508545893,33.85109995754296,33.85109995754296,0.053597374690058305,False,20262951,100,1.5090392372874888,-1.6930170821490034,0.16831683168316833,0.9801980198019802,351.92586600366207,74584.42878350193,280.2421651613827,369.285055915157,375.0608177582752,80467.02183114094,83834.57974499467,83891.66476511226,32.04024960286097,1.206257647349754,1.0793859332244844,74584.42878350193,-13889.118026854447,6804380.162039771,0.010961237762638989,1299,0.05000312024881745,-1.445965571882522,1.4440828042107998,-4095.9999999999995,4090.666666666666,C:\Users\kimeu\Downloads\starlink_pathB_wsl_package_v0_3_clean\starlink_pathB\paper_final_experiment_check\outputs\random1200_null_random1200_seed2\0_197_lst000_stress_full_polybeam_lines_S1000_single.npz,9.10175923472585,9444.443085672718,1.7798436919007438e-05,140609741.2109375,False,False,False,False,False,False,False,False,False,False,False,False
0_197,160.250312485456,mid,stress,0,2461041.5,2461041.506822953,full_polybeam,lines,1000.0,multi,coherent_ab,4,3,3,53976;54093;56109,86.545;85.567;70.536,0.2313613071236559,0.0001386146167366,0.5502745938468236,1,4,4,4,0.3308758856684498,0.5502745938468236,0.3308758856684498,0.7280464634021924,0.0001386146167366,3969.816508545893,50.073151260955704,33.85109995754296,0.08344259944651897,False,20262968,100,1.3963616009959174,-1.8622615143909895,0.15841584158415842,1.0,362.09509125157274,82312.26670238224,291.8653046613258,412.22736187394315,479.15875511468226,88449.49575003909,92550.8856949328,92930.63890574184,33.92340641661153,2.052799720856655,1.5105235527626164,82312.26670238224,-8163.33582676749,6804380.162039771,0.01209695295415523,1299,0.05000312024881745,-1.445965571882522,1.4440828042107998,-4095.9999999999995,4090.666666666666,C:\Users\kimeu\Downloads\starlink_pathB_wsl_package_v0_3_clean\starlink_pathB\paper_final_experiment_check\outputs\random1200_null_random1200_seed2\0_197_lst000_stress_full_polybeam_lines_S1000_multi.npz,9.10175923472585,9444.443085672718,1.7798436919007438e-05,140609741.2109375,False,False,False,False,False,False,False,False,False,False,False,False
0_197,160.250312485456,mid,stress,0,2461041.5,2461041.506822953,full_polybeam,khz_comb,30.0,single,coherent_ab,4,3,1,53976,86.545,0.2313613071236559,0.0001386146167366,0.5502745938468236,1,4,4,4,0.3308758856684498,0.5502745938468236,0.3308758856684498,0.7280464634021924,0.0001386146167366,3969.816508545893,0.8357616204751348,0.8357616204751348,0.0013884394004301248,False,20262985,100,2.3403922434703426,-0.942823044545861,0.1188118811881188,0.9108910891089109,9.418695993367692,1869.544519285928,7.646812861049057,9.827021221438404,9.961533279564916,1972.1841627796289,2081.1802529713614,2085.2130486448846,0.5106489320137371,1.3268231900403675,1.1423514647381632,1869.544519285928,40.25961190022167,6804380.162039771,0.0002747560357834987,1299,0.05000312024881745,-1.445965571882522,1.4440828042107998,-4095.9999999999995,4090.666666666666,C:\Users\kimeu\Downloads\starlink_pathB_wsl_package_v0_3_clean\starlink_pathB\paper_final_experiment_check\outputs\random1200_null_random1200_seed2\0_197_lst000_stress_full_polybeam_khz_comb_S30_single.npz,9.10175923472585,9444.443085672718,1.7798436919007438e-05,140609741.2109375,True,False,False,False,False,False,False,False,False,False,False,False
0_197,160.250312485456,mid,stress,0,2461041.5,2461041.506822953,full_polybeam,khz_comb,30.0,multi,coherent_ab,4,3,3,53976;54093;56109,86.545;85.567;70.536,0.2313613071236559,0.0001386146167366,0.5502745938468236,1,4,4,4,0.3308758856684498,0.5502745938468236,0.3308758856684498,0.7280464634021924,0.0001386146167366,3969.816508545893,1.2362735064042645,0.8357616204751348,0.0021738664212544757,False,20263002,100,0.8326424475202583,-1.3850298493837994,0.26732673267326734,0.9900990099009901,9.580406229340952,2091.4146348715803,8.471586624555584,11.523064118672954,12.022750521407085,2235.690946906324,2348.8523490952484,2359.539603591206,0.8982109662815674,2.3071685659813026,1.341658495133391,2091.4146348715803,187.64258525651329,6804380.162039771,0.0003073629904659281,1299,0.05000312024881745,-1.445965571882522,1.4440828042107998,-4095.9999999999995,4090.666666666666,C:\Users\kimeu\Downloads\starlink_pathB_wsl_package_v0_3_clean\starlink_pathB\paper_final_experiment_check\outputs\random1200_null_random1200_seed2\0_197_lst000_stress_full_polybeam_khz_comb_S30_multi.npz,9.10175923472585,9444.443085672718,1.7798436919007438e-05,140609741.2109375,False,False,False,False,False,False,False,False,False,False,False,False
0_197,160.250312485456,mid,stress,0,2461041.5,2461041.506822953,full_polybeam,khz_comb,1000.0,single,coherent_ab,4,3,1,53976,86.545,0.2313613071236559,0.0001386146167366,0.5502745938468236,1,4,4,4,0.3308758856684498,0.5502745938468236,0.3308758856684498,0.7280464634021924,0.0001386146167366,3969.816508545893,27.858720682504497,27.858720682504497,0.04628131334767079,False,20263019,100,1.6200289492964808,-0.8661540235633308,0.10891089108910891,0.9504950495049505,301.91422930099526,63017.314261984895,239.3559451716976,312.88907422413035,319.72948259707533,66277.45364646123,70476.32810685119,70522.03956248198,26.045821336863355,1.130335901608717,1.0497061683126474,63017.314261984895,-9081.510418590571,6804380.162039771,0.009261286518578937,1299,0.05000312024881745,-1.445965571882522,1.4440828042107998,-4095.9999999999995,4090.666666666666,C:\Users\kimeu\Downloads\starlink_pathB_wsl_package_v0_3_clean\starlink_pathB\paper_final_experiment_check\outputs\random1200_null_random1200_seed2\0_197_lst000_stress_full_polybeam_khz_comb_S1000_single.npz,9.10175923472585,9444.443085672718,1.7798436919007438e-05,140609741.2109375,False,False,False,False,False,False,False,False,False,False,False,False
0_197,160.250312485456,mid,stress,0,2461041.5,2461041.506822953,full_polybeam,khz_comb,1000.0,multi,coherent_ab,4,3,3,53976;54093;56109,86.545;85.567;70.536,0.2313613071236559,0.0001386146167366,0.5502745938468236,1,4,4,4,0.3308758856684498,0.5502745938468236,0.3308758856684498,0.7280464634021924,0.0001386146167366,3969.816508545893,41.209116880142155,27.858720682504497,0.07246221404181581,False,20263036,100,0.6724223386144441,-1.8709750594718588,0.2376237623762376,1.0,304.1678407345689,69735.11333362793,270.80785572408513,367.81637739194963,391.30518930256045,75311.93142776955,78867.7187950142,79677.58852956208,33.462602792485086,1.8587820609789112,1.1514590951988288,69735.11333362793,-4241.767286490636,6804380.162039771,0.01024856220154566,1299,0.05000312024881745,-1.445965571882522,1.4440828042107998,-4095.9999999999995,4090.666666666666,C:\Users\kimeu\Downloads\starlink_pathB_wsl_package_v0_3_clean\starlink_pathB\paper_final_experiment_check\outputs\random1200_null_random1200_seed2\0_197_lst000_stress_full_polybeam_khz_comb_S1000_multi.npz,9.10175923472585,9444.443085672718,1.7798436919007438e-05,140609741.2109375,False,False,False,False,False,False,False,False,False,False,False,False
11_10,153.90399534464717,mid,quiet,16,2461041.611111111,2461041.6179340645,frozen_polybeam,smooth,30.0,single,coherent_ab,2,6,1,46128,87.693,0.1708459341397849,1.402136280872614e-07,0.0212303841364464,0,2,2,2,0.0,0.0212303841364464,0.0,0.0519940798441188,1.402136280872614e-07,151414.55524732452,0.6017283172640528,0.6017283172640528,0.0007211950779453771,False,20263069,100,-0.16280693750292766,-0.6994646206928157,0.594059405940594,0.9108910891089109,5.059334126926842,1053.5494502432084,5.202365047368858,6.533815567448983,6.638660834597759,1070.1778440936764,1102.614286488412,1103.289373960655,0.5925609537114269,1.1016584098237867,1.0273270537766321,1053.5494502432084,-57.680332824981775,3640729.683564343,0.00028937865258146924,1305,0.04802287038716557,-1.445965571882522,1.4440828042107998,-4095.9999999999995,4090.666666666666,C:\Users\kimeu\Downloads\starlink_pathB_wsl_package_v0_3_clean\starlink_pathB\paper_final_experiment_check\outputs\random1200_null_random1200_seed2\11_10_lst016_quiet_frozen_polybeam_smooth_S30_single.npz,9.10175923472585,9444.443085672718,1.7798436919007438e-05,140609741.2109375,False,False,False,False,False,False,False,False,False,False,False,False
11_10,153.90399534464717,mid,quiet,16,2461041.611111111,2461041.6179340645,frozen_polybeam,smooth,30.0,multi,coherent_ab,2,6,6,46128;56384;58387;56389;54127;55913,87.693;82.446;80.107;75.957;73.718;73.005,0.1708459341397849,1.402136280872614e-07,0.0212303841364464,0,2,2,2,0.0,0.0212303841364464,0.0,0.0519940798441188,1.402136280872614e-07,151414.55524732452,0.7817768498264517,0.6017283172640528,0.0013817430443084447,False,20263086,100,-0.4930340385524651,-0.5882830767758519,0.7425742574257426,0.7425742574257426,4.81935325215909,1128.4210333784904,5.26290678149644,6.7029611917327205,6.887626631439017,1141.480045326153,1172.7696547690837,1188.6900897397586,0.6067993961423781,2.480677396492749,1.4167741723395435,1128.4210333784904,-97.02980211679026,3640729.683564343,0.0003099436463170056,1305,0.04802287038716557,-1.445965571882522,1.4440828042107998,-4095.9999999999995,4090.666666666666,C:\Users\kimeu\Downloads\starlink_pathB_wsl_package_v0_3_clean\starlink_pathB\paper_final_experiment_check\outputs\random1200_null_random1200_seed2\11_10_lst016_quiet_frozen_polybeam_smooth_S30_multi.npz,9.10175923472585,9444.443085672718,1.7798436919007438e-05,140609741.2109375,False,False,False,False,False,False,False,False,False,False,False,False
11_10,153.90399534464717,mid,quiet,16,2461041.611111111,2461041.6179340645,frozen_polybeam,smooth,1000.0,single,coherent_ab,2,6,1,46128,87.693,0.1708459341397849,1.402136280872614e-07,0.0212303841364464,0,2,2,2,0.0,0.0212303841364464,0.0,0.0519940798441188,1.402136280872614e-07,151414.55524732452,20.057610575468424,20.057610575468424,0.024039835931512574,False,20263103,100,-0.4026709379679087,-0.7337447581268675,0.6237623762376238,0.9108910891089109,168.55705312603277,35078.55154085411,179.55279540301217,204.044281254214,219.0597939612284,35365.10129429748,36674.66330131188,36944.73010508368,18.418330850586017,1.108522859704844,1.0068482928027138,35078.55154085411,-1386.2805467200667,3640729.683564343,0.009635033246003462,1305,0.04802287038716557,-1.445965571882522,1.4440828042107998,-4095.9999999999995,4090.666666666666,C:\Users\kimeu\Downloads\starlink_pathB_wsl_package_v0_3_clean\starlink_pathB\paper_final_experiment_check\outputs\random1200_null_random1200_seed2\11_10_lst016_quiet_frozen_polybeam_smooth_S1000_single.npz,9.10175923472585,9444.443085672718,1.7798436919007438e-05,140609741.2109375,False,False,False,False,False,False,False,False,False,False,False,False
11_10,153.90399534464717,mid,quiet,16,2461041.611111111,2461041.6179340645,frozen_polybeam,smooth,1000.0,multi,coherent_ab,2,6,6,46128;56384;58387;56389;54127;55913,87.693;82.446;80.107;75.957;73.718;73.005,0.1708459341397849,1.402136280872614e-07,0.0212303841364464,0,2,2,2,0.0,0.0212303841364464,0.0,0.0519940798441188,1.402136280872614e-07,151414.55524732452,26.059228327548386,20.057610575468424,0.046058101476948166,False,20263120,100,-0.6287537385576942,-0.8925192728154953,0.7128712871287128,0.7821782178217822,161.3698338747772,37537.37728173201,180.60336967533385,229.33899573837988,235.12923271504488,38134.77181066799,39238.91323780284,39474.70400114606,20.632628283525264,2.658276019089635,1.140528876442142,37537.37728173201,-2689.479297985956,3640729.683564343,0.010310399437560609,1305,0.04802287038716557,-1.445965571882522,1.4440828042107998,-4095.9999999999995,4090.666666666666,C:\Users\kimeu\Downloads\starlink_pathB_wsl_package_v0_3_clean\starlink_pathB\paper_final_experiment_check\outputs\random1200_null_random1200_seed2\11_10_lst016_quiet_frozen_polybeam_smooth_S1000_multi.npz,9.10175923472585,9444.443085672718,1.7798436919007438e-05,140609741.2109375,False,False,False,False,False,False,False,False,False,False,False,False
11_10,153.90399534464717,mid,quiet,16,2461041.611111111,2461041.6179340645,frozen_polybeam,lines,30.0,single,coherent_ab,2,6,1,46128,87.693,0.1708459341397849,1.402136280872614e-07,0.0212303841364464,0,2,2,2,0.0,0.0212303841364464,0.0,0.0519940798441188,1.402136280872614e-07,151414.55524732452,0.6015298145297768,0.6015298145297768,0.0007229791135498118,False,20263137,100,-0.24820171736024757,-0.7141121340742872,0.6039603960396039,0.8910891089108911,4.958665257548091,1052.7728658450058,5.177795777855863,6.074591136485105,6.358000383575563,1070.9033679487693,1102.0485499751994,1103.7505271614482,0.5954894778280959,1.110921234902589,1.0713016359923009,1052.7728658450058,-57.29275867119296,3640729.683564343,0.0002891653479789033,1305,0.04802287038716557,-1.445965571882522,1.4440828042107998,-4095.9999999999995,4090.666666666666,C:\Users\kimeu\Downloads\starlink_pathB_wsl_package_v0_3_clean\starlink_pathB\paper_final_experiment_check\outputs\random1200_null_random1200_seed2\11_10_lst016_quiet_frozen_polybeam_lines_S30_single.npz,9.10175923472585,9444.443085672718,1.7798436919007438e-05,140609741.2109375,False,False,False,False,False,False,False,False,False,False,False,False
11_10,153.90399534464717,mid,quiet,16,2461041.611111111,2461041.6179340645,frozen_polybeam,lines,30.0,multi,coherent_ab,2,6,6,46128;56384;58387;56389;54127;55913,87.693;82.446;80.107;75.957;73.718;73.005,0.1708459341397849,1.402136280872614e-07,0.0212303841364464,0,2,2,2,0.0,0.0212303841364464,0.0,0.0519940798441188,1.402136280872614e-07,151414.55524732452,0.7815549430074105,0.6015298145297768,0.0013843558587736543,False,20263154,100,-0.5323888420970988,-0.41590837667484293,0.7524752475247525,0.6633663366336634,4.831195675870731,1127.6658326413653,5.271381257473877,6.5399841224447295,6.824896870108206,1138.0856710822304,1169.210127047939,1186.870352572797,0.5576771783507866,2.934540232634329,1.1819836968080086,1127.6658326413653,-96.92242206666626,3640729.683564343,0.00030973621516919633,1305,0.04802287038716557,-1.445965571882522,1.4440828042107998,-4095.9999999999995,4090.666666666666,C:\Users\kimeu\Downloads\starlink_pathB_wsl_package_v0_3_clean\starlink_pathB\paper_final_experiment_check\outputs\random1200_null_random1200_seed2\11_10_lst016_quiet_frozen_polybeam_lines_S30_multi.npz,9.10175923472585,9444.443085672718,1.7798436919007438e-05,140609741.2109375,False,False,False,False,False,False,False,False,False,False,False,False
11_10,153.90399534464717,mid,quiet,16,2461041.611111111,2461041.6179340645,frozen_polybeam,lines,1000.0,single,coherent_ab,2,6,1,46128,87.693,0.1708459341397849,1.402136280872614e-07,0.0212303841364464,0,2,2,2,0.0,0.0212303841364464,0.0,0.0519940798441188,1.402136280872614e-07,151414.55524732452,20.050993817659226,20.050993817659226,0.024099303784993725,False,20263171,100,-0.4385277662266253,-0.8937237221004994,0.6831683168316832,0.9405940594059405,165.2156487650691,35054.482064846554,177.39228040430544,208.2943259666823,212.51920535272657,35594.207488480126,36865.4486456323,36912.5953297454,18.72863283637753,1.080575330022775,0.9865075184936201,35054.482064846554,-1373.9993760202835,3640729.683564343,0.009628422077886199,1305,0.04802287038716557,-1.445965571882522,1.4440828042107998,-4095.9999999999995,4090.666666666666,C:\Users\kimeu\Downloads\starlink_pathB_wsl_package_v0_3_clean\starlink_pathB\paper_final_experiment_check\outputs\random1200_null_random1200_seed2\11_10_lst016_quiet_frozen_polybeam_lines_S1000_single.npz,9.10175923472585,9444.443085672718,1.7798436919007438e-05,140609741.2109375,False,False,False,False,False,False,False,False,False,False,False,False
11_10,153.90399534464717,mid,quiet,16,2461041.611111111,2461041.6179340645,frozen_polybeam,lines,1000.0,multi,coherent_ab,2,6,6,46128;56384;58387;56389;54127;55913,87.693;82.446;80.107;75.957;73.718;73.005,0.1708459341397849,1.402136280872614e-07,0.0212303841364464,0,2,2,2,0.0,0.0212303841364464,0.0,0.0519940798441188,1.402136280872614e-07,151414.55524732452,26.051831433580343,20.050993817659226,0.04614519529245514,False,20263188,100,-0.6313557576765572,-0.6794072069002081,0.7425742574257426,0.7524752475247525,161.7779610933967,37512.339673965806,175.8587309127497,216.4148855540594,224.7772416770441,38039.082492683636,39158.743234335394,39562.93953208707,15.042785329814023,2.6605510738202716,1.1746474587227114,37512.339673965806,-2686.5741299684705,3640729.683564343,0.010303522352486362,1305,0.04802287038716557,-1.445965571882522,1.4440828042107998,-4095.9999999999995,4090.666666666666,C:\Users\kimeu\Downloads\starlink_pathB_wsl_package_v0_3_clean\starlink_pathB\paper_final_experiment_check\outputs\random1200_null_random1200_seed2\11_10_lst016_quiet_frozen_polybeam_lines_S1000_multi.npz,9.10175923472585,9444.443085672718,1.7798436919007438e-05,140609741.2109375,False,False,False,False,False,False,False,False,False,False,False,False
11_10,153.90399534464717,mid,quiet,16,2461041.611111111,2461041.6179340645,frozen_polybeam,khz_comb,30.0,single,coherent_ab,2,6,1,46128,87.693,0.1708459341397849,1.402136280872614e-07,0.0212303841364464,0,2,2,2,0.0,0.0212303841364464,0.0,0.0519940798441188,1.402136280872614e-07,151414.55524732452,0.5087903953773182,0.5087903953773182,0.0006457698831773637,False,20263205,100,-0.5442007230591203,-0.8153734570677578,0.7326732673267327,0.8910891089108911,4.588461666639887,898.4799991221812,5.108271170379794,6.090955533334818,6.293833525980954,917.3634329642525,942.0832464964392,942.4952653281231,0.6442599065098875,1.0891576369979048,1.0041683557109908,898.4799991221812,-56.328518618189,3640729.683564343,0.0002467856933125978,1305,0.04802287038716557,-1.445965571882522,1.4440828042107998,-4095.9999999999995,4090.666666666666,C:\Users\kimeu\Downloads\starlink_pathB_wsl_package_v0_3_clean\starlink_pathB\paper_final_experiment_check\outputs\random1200_null_random1200_seed2\11_10_lst016_quiet_frozen_polybeam_khz_comb_S30_single.npz,9.10175923472585,9444.443085672718,1.7798436919007438e-05,140609741.2109375,False,False,False,False,False,False,False,False,False,False,False,False
11_10,153.90399534464717,mid,quiet,16,2461041.611111111,2461041.6179340645,frozen_polybeam,khz_comb,30.0,multi,coherent_ab,2,6,6,46128;56384;58387;56389;54127;55913,87.693;82.446;80.107;75.957;73.718;73.005,0.1708459341397849,1.402136280872614e-07,0.0212303841364464,0,2,2,2,0.0,0.0212303841364464,0.0,0.0519940798441188,1.402136280872614e-07,151414.55524732452,0.6601204997526104,0.5087903953773182,0.001237566985190437,False,20263222,100,-0.6675799669224709,-0.6827857468989427,0.7227722772277227,0.801980198019802,4.3241796683551,963.3182644119581,4.9686759022374645,6.208476846614394,6.663711865962361,975.3200669766882,1003.978695390635,1018.9654676566398,0.6511680634682762,2.7904512147723555,1.1823950672256165,963.3182644119581,-87.4471839763751,3640729.683564343,0.000264594833491964,1305,0.04802287038716557,-1.445965571882522,1.4440828042107998,-4095.9999999999995,4090.666666666666,C:\Users\kimeu\Downloads\starlink_pathB_wsl_package_v0_3_clean\starlink_pathB\paper_final_experiment_check\outputs\random1200_null_random1200_seed2\11_10_lst016_quiet_frozen_polybeam_khz_comb_S30_multi.npz,9.10175923472585,9444.443085672718,1.7798436919007438e-05,140609741.2109375,False,False,False,False,False,False,False,False,False,False,False,False
11_10,153.90399534464717,mid,quiet,16,2461041.611111111,2461041.6179340645,frozen_polybeam,khz_comb,1000.0,single,coherent_ab,2,6,1,46128,87.693,0.1708459341397849,1.402136280872614e-07,0.0212303841364464,0,2,2,2,0.0,0.0212303841364464,0.0,0.0519940798441188,1.402136280872614e-07,151414.55524732452,16.959679845910607,16.959679845910607,0.02152566277257879,False,20263239,100,-0.7562653708183201,-0.8683394786622578,0.7425742574257426,0.9504950495049505,152.93489778241656,29922.489312341793,174.2071714317167,202.62194188074773,210.48650787804806,30592.150066903654,31415.55590205057,31535.119444160817,18.972112915847447,1.277994685424136,1.1638514973521454,29922.489312341793,-1497.5283706821285,3640729.683564343,0.00821881653214284,1305,0.04802287038716557,-1.445965571882522,1.4440828042107998,-4095.9999999999995,4090.666666666666,C:\Users\kimeu\Downloads\starlink_pathB_wsl_package_v0_3_clean\starlink_pathB\paper_final_experiment_check\outputs\random1200_null_random1200_seed2\11_10_lst016_quiet_frozen_polybeam_khz_comb_S1000_single.npz,9.10175923472585,9444.443085672718,1.7798436919007438e-05,140609741.2109375,False,False,False,False,False,False,False,False,False,False,False,False
11_10,153.90399534464717,mid,quiet,16,2461041.611111111,2461041.6179340645,frozen_polybeam,khz_comb,1000.0,multi,coherent_ab,2,6,6,46128;56384;58387;56389;54127;55913,87.693;82.446;80.107;75.957;73.718;73.005,0.1708459341397849,1.402136280872614e-07,0.0212303841364464,0,2,2,2,0.0,0.0212303841364464,0.0,0.0519940798441188,1.402136280872614e-07,151414.55524732452,22.004016658420348,16.959679845910607,0.041252232839681234,False,20263256,100,-0.928718390549668,-0.7825318600526091,0.7623762376237624,0.801980198019802,144.15116395492987,32053.649077621798,171.68370234058102,207.25018813569255,220.05862657944573,32541.02516783002,33676.85612293624,33864.12527389727,19.99577365434243,3.003525627044078,1.1733226968115233,32053.649077621798,-2521.5458321256483,3640729.683564343,0.008804182640179061,1305,0.04802287038716557,-1.445965571882522,1.4440828042107998,-4095.9999999999995,4090.666666666666,C:\Users\kimeu\Downloads\starlink_pathB_wsl_package_v0_3_clean\starlink_pathB\paper_final_experiment_check\outputs\random1200_null_random1200_seed2\11_10_lst016_quiet_frozen_polybeam_khz_comb_S1000_multi.npz,9.10175923472585,9444.443085672718,1.7798436919007438e-05,140609741.2109375,False,False,False,False,False,False,False,False,False,False,False,False
11_10,153.90399534464717,mid,quiet,16,2461041.611111111,2461041.6179340645,full_polybeam,smooth,30.0,single,coherent_ab,2,6,1,46128,87.693,0.1708459341397849,1.402136280872614e-07,0.0212303841364464,0,2,2,2,0.0,0.0212303841364464,0.0,0.0519940798441188,1.402136280872614e-07,151414.55524732452,0.7534641692748362,0.7534641692748362,0.0009102975314368815,False,20263273,100,-0.2913609675568656,-1.0996922444504464,0.6138613861386139,0.9702970297029703,6.216471510802876,1420.5794131608054,6.4969894779192146,8.857180261457689,8.9263472751878,1456.1370772225168,1499.0594139867085,1503.1263001143575,0.6493895811565835,0.9675855333586579,0.9208616431458143,1420.5794131608054,-113.7953488586372,3640729.683564343,0.0003901908509093241,1305,0.04802287038716557,-1.445965571882522,1.4440828042107998,-4095.9999999999995,4090.666666666666,C:\Users\kimeu\Downloads\starlink_pathB_wsl_package_v0_3_clean\starlink_pathB\paper_final_experiment_check\outputs\random1200_null_random1200_seed2\11_10_lst016_quiet_full_polybeam_smooth_S30_single.npz,9.10175923472585,9444.443085672718,1.7798436919007438e-05,140609741.2109375,False,False,False,False,False,False,False,False,False,False,False,False
11_10,153.90399534464717,mid,quiet,16,2461041.611111111,2461041.6179340645,full_polybeam,smooth,30.0,multi,coherent_ab,2,6,6,46128;56384;58387;56389;54127;55913,87.693;82.446;80.107;75.957;73.718;73.005,0.1708459341397849,1.402136280872614e-07,0.0212303841364464,0,2,2,2,0.0,0.0212303841364464,0.0,0.0519940798441188,1.402136280872614e-07,151414.55524732452,1.376277309851522,0.7534641692748362,0.0024091313062153314,False,20263290,100,-0.4804591534936273,0.8724612398041666,0.7425742574257426,0.2079207920792079,6.465018373281964,1685.447510952346,6.975189980039886,9.08827190461525,9.388981580178445,1656.8473437943667,1715.0546080218642,1730.1565926059154,0.7162024742444828,2.2958063532135546,1.172642336619412,1685.447510952346,-307.78166585430836,3640729.683564343,0.0004629422279168667,1305,0.04802287038716557,-1.445965571882522,1.4440828042107998,-4095.9999999999995,4090.666666666666,C:\Users\kimeu\Downloads\starlink_pathB_wsl_package_v0_3_clean\starlink_pathB\paper_final_experiment_check\outputs\random1200_null_random1200_seed2\11_10_lst016_quiet_full_polybeam_smooth_S30_multi.npz,9.10175923472585,9444.443085672718,1.7798436919007438e-05,140609741.2109375,False,False,False,False,False,False,False,False,False,False,False,False
11_10,153.90399534464717,mid,quiet,16,2461041.611111111,2461041.6179340645,full_polybeam,smooth,1000.0,single,coherent_ab,2,6,1,46128,87.693,0.1708459341397849,1.402136280872614e-07,0.0212303841364464,0,2,2,2,0.0,0.0212303841364464,0.0,0.0519940798441188,1.402136280872614e-07,151414.55524732452,25.115472309161206,25.115472309161206,0.03034325104789605,False,20263307,100,-0.15728215456137773,-1.1212113464867808,0.5841584158415841,0.9504950495049505,209.00339751552292,47169.101663283225,215.0706181105702,294.65883691651396,300.6255941906295,48130.994138171285,50715.60132552361,50937.25836693302,26.018744710599094,1.2902739962068854,1.2147674440162999,47169.101663283225,-1934.0885379202696,3640729.683564343,0.012955947231189048,1305,0.04802287038716557,-1.445965571882522,1.4440828042107998,-4095.9999999999995,4090.666666666666,C:\Users\kimeu\Downloads\starlink_pathB_wsl_package_v0_3_clean\starlink_pathB\paper_final_experiment_check\outputs\random1200_null_random1200_seed2\11_10_lst016_quiet_full_polybeam_smooth_S1000_single.npz,9.10175923472585,9444.443085672718,1.7798436919007438e-05,140609741.2109375,False,False,False,False,False,False,False,False,False,False,False,False
11_10,153.90399534464717,mid,quiet,16,2461041.611111111,2461041.6179340645,full_polybeam,smooth,1000.0,multi,coherent_ab,2,6,6,46128;56384;58387;56389;54127;55913,87.693;82.446;80.107;75.957;73.718;73.005,0.1708459341397849,1.402136280872614e-07,0.0212303841364464,0,2,2,2,0.0,0.0212303841364464,0.0,0.0519940798441188,1.402136280872614e-07,151414.55524732452,45.87591032838407,25.115472309161206,0.08030437687384438,False,20263324,100,-0.46976263732059914,0.34346140751958376,0.7623762376237624,0.3564356435643564,214.12787983039198,55926.719214319906,229.29125857451902,322.81789273207465,340.4725034050626,55549.72690784566,57876.644884578505,58563.388949919936,21.771758826314453,2.5497305299918955,1.2763125620308755,55926.719214319906,-8619.507843642703,3640729.683564343,0.015361403914933501,1305,0.04802287038716557,-1.445965571882522,1.4440828042107998,-4095.9999999999995,4090.666666666666,C:\Users\kimeu\Downloads\starlink_pathB_wsl_package_v0_3_clean\starlink_pathB\paper_final_experiment_check\outputs\random1200_null_random1200_seed2\11_10_lst016_quiet_full_polybeam_smooth_S1000_multi.npz,9.10175923472585,9444.443085672718,1.7798436919007438e-05,140609741.2109375,False,False,False,False,False,False,False,False,False,False,False,False
11_10,153.90399534464717,mid,quiet,16,2461041.611111111,2461041.6179340645,full_polybeam,lines,30.0,single,coherent_ab,2,6,1,46128,87.693,0.1708459341397849,1.402136280872614e-07,0.0212303841364464,0,2,2,2,0.0,0.0212303841364464,0.0,0.0519940798441188,1.402136280872614e-07,151414.55524732452,0.7532156107584942,0.7532156107584942,0.0009122618158892953,False,20263341,100,-0.08462671520007324,-0.9955660301564481,0.5841584158415841,0.9504950495049505,6.202678485004981,1420.2878665483101,6.2908710190945385,8.612049754596592,8.657271011775592,1465.0828431357072,1505.3933291942578,1508.0887776664315,0.7029110034295627,1.178880526650713,1.0240839538736217,1420.2878665483101,-113.3517665179392,3640729.683564343,0.00039011077173898326,1305,0.04802287038716557,-1.445965571882522,1.4440828042107998,-4095.9999999999995,4090.666666666666,C:\Users\kimeu\Downloads\starlink_pathB_wsl_package_v0_3_clean\starlink_pathB\paper_final_experiment_check\outputs\random1200_null_random1200_seed2\11_10_lst016_quiet_full_polybeam_lines_S30_single.npz,9.10175923472585,9444.443085672718,1.7798436919007438e-05,140609741.2109375,False,False,False,False,False,False,False,False,False,False,False,False
11_10,153.90399534464717,mid,quiet,16,2461041.611111111,2461041.6179340645,full_polybeam,lines,30.0,multi,coherent_ab,2,6,6,46128;56384;58387;56389;54127;55913,87.693;82.446;80.107;75.957;73.718;73.005,0.1708459341397849,1.402136280872614e-07,0.0212303841364464,0,2,2,2,0.0,0.0212303841364464,0.0,0.0519940798441188,1.402136280872614e-07,151414.55524732452,1.375948305291248,0.7532156107584942,0.0024123404724982205,False,20263358,100,-0.8005615786692413,0.6235275693639108,0.8415841584158416,0.26732673267326734,6.348353053274877,1684.7549834329557,7.102507410181488,8.543279482209073,10.057396037447146,1661.8757272683026,1722.3175884534162,1732.595706642666,0.6353916531918458,2.368104056599613,1.3763742473109823,1684.7549834329557,-307.4190093773237,3640729.683564343,0.0004627520112351623,1305,0.04802287038716557,-1.445965571882522,1.4440828042107998,-4095.9999999999995,4090.666666666666,C:\Users\kimeu\Downloads\starlink_pathB_wsl_package_v0_3_clean\starlink_pathB\paper_final_experiment_check\outputs\random1200_null_random1200_seed2\11_10_lst016_quiet_full_polybeam_lines_S30_multi.npz,9.10175923472585,9444.443085672718,1.7798436919007438e-05,140609741.2109375,False,False,False,False,False,False,False,False,False,False,False,False
11_10,153.90399534464717,mid,quiet,16,2461041.611111111,2461041.6179340645,full_polybeam,lines,1000.0,single,coherent_ab,2,6,1,46128,87.693,0.1708459341397849,1.402136280872614e-07,0.0212303841364464,0,2,2,2,0.0,0.0212303841364464,0.0,0.0519940798441188,1.402136280872614e-07,151414.55524732452,25.10718702528314,25.10718702528314,0.03040872719630985,False,20263375,100,-0.09374547314526266,-0.9871557854706506,0.5643564356435643,0.9405940594059405,208.545678517773,47163.4042350495,210.9893228562055,284.89067560326856,291.07905183155464,48359.6138316228,50774.56104176398,50885.79011379405,17.581814571099585,0.9432358573601441,0.8527184283901337,47163.4042350495,-1921.4100947862244,3640729.683564343,0.012954382317358876,1305,0.04802287038716557,-1.445965571882522,1.4440828042107998,-4095.9999999999995,4090.666666666666,C:\Users\kimeu\Downloads\starlink_pathB_wsl_package_v0_3_clean\starlink_pathB\paper_final_experiment_check\outputs\random1200_null_random1200_seed2\11_10_lst016_quiet_full_polybeam_lines_S1000_single.npz,9.10175923472585,9444.443085672718,1.7798436919007438e-05,140609741.2109375,False,False,False,False,False,False,False,False,False,False,False,False
11_10,153.90399534464717,mid,quiet,16,2461041.611111111,2461041.6179340645,full_polybeam,lines,1000.0,multi,coherent_ab,2,6,6,46128;56384;58387;56389;54127;55913,87.693;82.446;80.107;75.957;73.718;73.005,0.1708459341397849,1.402136280872614e-07,0.0212303841364464,0,2,2,2,0.0,0.0212303841364464,0.0,0.0519940798441188,1.402136280872614e-07,151414.55524732452,45.86494350970826,25.10718702528314,0.08041134908327403,False,20263392,100,-0.5670724252868692,0.41130250604157226,0.7524752475247525,0.31683168316831684,213.53507773209458,55906.68265796683,233.9824219819261,305.8791953201591,352.4539527753062,55439.906991508484,57166.34987604956,57702.16590409196,24.320605512376005,2.3725502891661754,1.1368936727021526,55906.68265796683,-8609.441531199129,3640729.683564343,0.015355900469719337,1305,0.04802287038716557,-1.445965571882522,1.4440828042107998,-4095.9999999999995,4090.666666666666,C:\Users\kimeu\Downloads\starlink_pathB_wsl_package_v0_3_clean\starlink_pathB\paper_final_experiment_check\outputs\random1200_null_random1200_seed2\11_10_lst016_quiet_full_polybeam_lines_S1000_multi.npz,9.10175923472585,9444.443085672718,1.7798436919007438e-05,140609741.2109375,False,False,False,False,False,False,False,False,False,False,False,False
11_10,153.90399534464717,mid,quiet,16,2461041.611111111,2461041.6179340645,full_polybeam,khz_comb,30.0,single,coherent_ab,2,6,1,46128,87.693,0.1708459341397849,1.402136280872614e-07,0.0212303841364464,0,2,2,2,0.0,0.0212303841364464,0.0,0.0519940798441188,1.402136280872614e-07,151414.55524732452,0.6198801025710007,0.6198801025710007,0.0007945554427679919,False,20263409,100,-0.6364401476392324,-1.1786045109824919,0.7029702970297029,0.9405940594059405,5.118244385974322,1183.443366434291,5.90117913841641,7.9656181483091135,8.10962315563087,1221.9469979061528,1254.3538417396426,1254.9031342522615,0.8297437830628951,1.1326430635072533,0.982870578549288,1183.443366434291,-101.24872229480374,3640729.683564343,0.00032505664229256305,1305,0.04802287038716557,-1.445965571882522,1.4440828042107998,-4095.9999999999995,4090.666666666666,C:\Users\kimeu\Downloads\starlink_pathB_wsl_package_v0_3_clean\starlink_pathB\paper_final_experiment_check\outputs\random1200_null_random1200_seed2\11_10_lst016_quiet_full_polybeam_khz_comb_S30_single.npz,9.10175923472585,9444.443085672718,1.7798436919007438e-05,140609741.2109375,False,False,False,False,False,False,False,False,False,False,False,False
11_10,153.90399534464717,mid,quiet,16,2461041.611111111,2461041.6179340645,full_polybeam,khz_comb,30.0,multi,coherent_ab,2,6,6,46128;56384;58387;56389;54127;55913,87.693;82.446;80.107;75.957;73.718;73.005,0.1708459341397849,1.402136280872614e-07,0.0212303841364464,0,2,2,2,0.0,0.0212303841364464,0.0,0.0519940798441188,1.402136280872614e-07,151414.55524732452,1.1323755966202467,0.6198801025710007,0.002073906067466193,False,20263426,100,-0.3881949770028074,1.1458597533042907,0.6633663366336634,0.19801980198019803,5.659705292948274,1412.4309012194963,5.983681514638874,7.749755845737309,8.356479990413687,1386.054184935609,1442.151829311237,1453.152471305178,0.5629103434248464,2.470604698801805,1.2481821165505917,1412.4309012194963,-260.2351786156968,3640729.683564343,0.0003879526973935345,1305,0.04802287038716557,-1.445965571882522,1.4440828042107998,-4095.9999999999995,4090.666666666666,C:\Users\kimeu\Downloads\starlink_pathB_wsl_package_v0_3_clean\starlink_pathB\paper_final_experiment_check\outputs\random1200_null_random1200_seed2\11_10_lst016_quiet_full_polybeam_khz_comb_S30_multi.npz,9.10175923472585,9444.443085672718,1.7798436919007438e-05,140609741.2109375,False,False,False,False,False,False,False,False,False,False,False,False
11_10,153.90399534464717,mid,quiet,16,2461041.611111111,2461041.6179340645,full_polybeam,khz_comb,1000.0,single,coherent_ab,2,6,1,46128,87.693,0.1708459341397849,1.402136280872614e-07,0.0212303841364464,0,2,2,2,0.0,0.0212303841364464,0.0,0.0519940798441188,1.402136280872614e-07,151414.55524732452,20.66267008570002,20.66267008570002,0.02648518142559973,False,20263443,100,-0.6150675852763394,-1.0822248897202849,0.7920792079207921,0.9306930693069307,171.7106221826616,39315.94100324878,193.46594068049853,268.5712726632422,272.47660007380813,40494.64920515675,42251.05478104581,42298.799230822915,23.8571526894375,0.8499677996286646,0.8129447745640671,39315.94100324878,-2105.15469492565,3640729.683564343,0.010798917914926804,1305,0.04802287038716557,-1.445965571882522,1.4440828042107998,-4095.9999999999995,4090.666666666666,C:\Users\kimeu\Downloads\starlink_pathB_wsl_package_v0_3_clean\starlink_pathB\paper_final_experiment_check\outputs\random1200_null_random1200_seed2\11_10_lst016_quiet_full_polybeam_khz_comb_S1000_single.npz,9.10175923472585,9444.443085672718,1.7798436919007438e-05,140609741.2109375,False,False,False,False,False,False,False,False,False,False,False,False
11_10,153.90399534464717,mid,quiet,16,2461041.611111111,2461041.6179340645,full_polybeam,khz_comb,1000.0,multi,coherent_ab,2,6,6,46128;56384;58387;56389;54127;55913,87.693;82.446;80.107;75.957;73.718;73.005,0.1708459341397849,1.402136280872614e-07,0.0212303841364464,0,2,2,2,0.0,0.0212303841364464,0.0,0.0519940798441188,1.402136280872614e-07,151414.55524732452,37.74585322067488,20.66267008570002,0.0691302022488731,False,20263460,100,-0.9507593103358746,0.4798479747099455,0.8415841584158416,0.297029702970297,187.66533283328226,46885.02698028072,212.81859946825853,277.2745996351961,311.48830688582586,46383.96389343655,47813.47759762477,47957.986132774095,17.84431215293489,2.441601914887485,1.1763781582949702,46885.02698028072,-7546.835422974192,3640729.683564343,0.012877920377318263,1305,0.04802287038716557,-1.445965571882522,1.4440828042107998,-4095.9999999999995,4090.666666666666,C:\Users\kimeu\Downloads\starlink_pathB_wsl_package_v0_3_clean\starlink_pathB\paper_final_experiment_check\outputs\random1200_null_random1200_seed2\11_10_lst016_quiet_full_polybeam_khz_comb_S1000_multi.npz,9.10175923472585,9444.443085672718,1.7798436919007438e-05,140609741.2109375,False,False,False,False,False,False,False,False,False,False,False,False
11_10,153.90399534464717,mid,typical,44,2461041.8055555555,2461041.8123785085,frozen_polybeam,smooth,30.0,single,coherent_ab,3,2,1,55537,79.468,0.1693968413978494,9.162972995922386e-07,0.2419547912000571,0,3,3,3,0.0,0.2419547912000571,0.0,0.7241364102878726,9.162972995922386e-07,264057.0820275574,0.08704513403397379,0.08704513403397379,0.00048205749116188757,False,20263505,100,-0.8252351108240669,-0.8059400497202708,0.8217821782178217,0.8910891089108911,0.6212734983989776,136.55318041599259,0.7596660401807185,0.9375858157814492,0.9464368286736499,148.17716284550974,161.25245679939994,161.35058746363512,0.11311260195782324,1.2140129914443707,1.120506176867049,136.55318041599259,10.769300774206423,1272287.795236844,0.00010732884566464962,1305,0.04802287038716557,-1.445965571882522,1.4440828042107998,-4095.9999999999995,4090.666666666666,C:\Users\kimeu\Downloads\starlink_pathB_wsl_package_v0_3_clean\starlink_pathB\paper_final_experiment_check\outputs\random1200_null_random1200_seed2\11_10_lst044_typical_frozen_polybeam_smooth_S30_single.npz,9.10175923472585,9444.443085672718,1.7798436919007438e-05,140609741.2109375,False,False,False,False,False,False,False,False,False,False,False,False
11_10,153.90399534464717,mid,typical,44,2461041.8055555555,2461041.8123785085,frozen_polybeam,smooth,30.0,multi,coherent_ab,3,2,2,55537;57422,79.468;75.727,0.1693968413978494,9.162972995922386e-07,0.2419547912000571,0,3,3,3,0.0,0.2419547912000571,0.0,0.7241364102878726,9.162972995922386e-07,264057.0820275574,0.4133417049262619,0.3262965708922881,0.0012189165847593002,False,20263522,100,0.8556167263484172,-2.38967305547572,0.2376237623762376,0.9603960396039604,1.709504899789863,297.43542180498287,1.5449103219493736,1.9149430147921291,2.007044122704392,326.39893848722096,340.4023997886082,344.6962208168728,0.12975146276903615,1.9470923705663719,1.3128789414933169,297.43542180498287,29.0076239498245,1272287.795236844,0.00023377998509339898,1305,0.04802287038716557,-1.445965571882522,1.4440828042107998,-4095.9999999999995,4090.666666666666,C:\Users\kimeu\Downloads\starlink_pathB_wsl_package_v0_3_clean\starlink_pathB\paper_final_experiment_check\outputs\random1200_null_random1200_seed2\11_10_lst044_typical_frozen_polybeam_smooth_S30_multi.npz,9.10175923472585,9444.443085672718,1.7798436919007438e-05,140609741.2109375,False,False,False,False,False,False,False,False,False,False,False,False
11_10,153.90399534464717,mid,typical,44,2461041.8055555555,2461041.8123785085,frozen_polybeam,smooth,1000.0,single,coherent_ab,3,2,1,55537,79.468,0.1693968413978494,9.162972995922386e-07,0.2419547912000571,0,3,3,3,0.0,0.2419547912000571,0.0,0.7241364102878726,9.162972995922386e-07,264057.0820275574,2.901504467799127,2.901504467799127,0.016068583038729586,False,20263539,100,-1.3559489243611171,-1.276764509523345,0.8811881188118812,0.9108910891089109,20.837521995036013,4540.754592530606,25.715994328003717,31.5408246801152,31.635839513338723,5060.5604326701305,5402.867384978243,5410.7101364973105,2.426702399944247,1.3020042113836674,1.1070772736732177,4540.754592530606,396.4108498233377,1272287.795236844,0.0035689681293258942,1305,0.04802287038716557,-1.445965571882522,1.4440828042107998,-4095.9999999999995,4090.666666666666,C:\Users\kimeu\Downloads\starlink_pathB_wsl_package_v0_3_clean\starlink_pathB\paper_final_experiment_check\outputs\random1200_null_random1200_seed2\11_10_lst044_typical_frozen_polybeam_smooth_S1000_single.npz,9.10175923472585,9444.443085672718,1.7798436919007438e-05,140609741.2109375,False,False,False,False,False,False,False,False,False,False,False,False
11_10,153.90399534464717,mid,typical,44,2461041.8055555555,2461041.8123785085,frozen_polybeam,smooth,1000.0,multi,coherent_ab,3,2,2,55537;57422,79.468;75.727,0.1693968413978494,9.162972995922386e-07,0.2419547912000571,0,3,3,3,0.0,0.2419547912000571,0.0,0.7241364102878726,9.162972995922386e-07,264057.0820275574,13.778056830875395,10.876552363076268,0.04063055282531,False,20263556,100,0.7219590495714672,-3.334747144977057,0.297029702970297,0.9900990099009901,56.90300568825751,9910.960885748342,52.43719434691161,62.9237958888564,66.05207870898828,11051.367568161848,11473.291581327961,11522.32741278793,4.1721874462152755,2.120498281796531,1.360044861790497,9910.960885748342,1024.8795527226084,1272287.795236844,0.0077898734255352625,1305,0.04802287038716557,-1.445965571882522,1.4440828042107998,-4095.9999999999995,4090.666666666666,C:\Users\kimeu\Downloads\starlink_pathB_wsl_package_v0_3_clean\starlink_pathB\paper_final_experiment_check\outputs\random1200_null_random1200_seed2\11_10_lst044_typical_frozen_polybeam_smooth_S1000_multi.npz,9.10175923472585,9444.443085672718,1.7798436919007438e-05,140609741.2109375,False,False,False,False,False,False,False,False,False,False,False,False
11_10,153.90399534464717,mid,typical,44,2461041.8055555555,2461041.8123785085,frozen_polybeam,lines,30.0,single,coherent_ab,3,2,1,55537,79.468,0.1693968413978494,9.162972995922386e-07,0.2419547912000571,0,3,3,3,0.0,0.2419547912000571,0.0,0.7241364102878726,9.162972995922386e-07,264057.0820275574,0.08704291673582663,0.08704291673582663,0.0004825767691626626,False,20263573,100,-1.1086771504325228,-1.114221434414988,0.8613861386138614,0.8811881188118812,0.623042080852656,136.59210655768848,0.7721435704509076,0.9398471994074044,0.9464038467108412,150.5873042790979,161.28064924718592,161.3776933602836,0.09070952433626189,1.257015353750066,1.1582020335516,136.59210655768848,10.707300101553896,1272287.795236844,0.00010735944105497061,1305,0.04802287038716557,-1.445965571882522,1.4440828042107998,-4095.9999999999995,4090.666666666666,C:\Users\kimeu\Downloads\starlink_pathB_wsl_package_v0_3_clean\starlink_pathB\paper_final_experiment_check\outputs\random1200_null_random1200_seed2\11_10_lst044_typical_frozen_polybeam_lines_S30_single.npz,9.10175923472585,9444.443085672718,1.7798436919007438e-05,140609741.2109375,False,False,False,False,False,False,False,False,False,False,False,False
11_10,153.90399534464717,mid,typical,44,2461041.8055555555,2461041.8123785085,frozen_polybeam,lines,30.0,multi,coherent_ab,3,2,2,55537;57422,79.468;75.727,0.1693968413978494,9.162972995922386e-07,0.2419547912000571,0,3,3,3,0.0,0.2419547912000571,0.0,0.7241364102878726,9.162972995922386e-07,264057.0820275574,0.4133395444787367,0.3262966277429101,0.0012202810697369828,False,20263590,100,0.7427783580623812,-3.5817356852222955,0.26732673267326734,1.0,1.703325208642127,297.56640383806746,1.5531163531737775,1.8869068600627088,2.0571068674900834,331.2555630906836,341.87891903654474,345.62503792477736,0.136399349691942,2.554846413277831,1.5475833319264278,297.56640383806746,29.126810741420798,1272287.795236844,0.00023388293509698697,1305,0.04802287038716557,-1.445965571882522,1.4440828042107998,-4095.9999999999995,4090.666666666666,C:\Users\kimeu\Downloads\starlink_pathB_wsl_package_v0_3_clean\starlink_pathB\paper_final_experiment_check\outputs\random1200_null_random1200_seed2\11_10_lst044_typical_frozen_polybeam_lines_S30_multi.npz,9.10175923472585,9444.443085672718,1.7798436919007438e-05,140609741.2109375,False,False,False,False,False,False,False,False,False,False,False,False
11_10,153.90399534464717,mid,typical,44,2461041.8055555555,2461041.8123785085,frozen_polybeam,lines,1000.0,single,coherent_ab,3,2,1,55537,79.468,0.1693968413978494,9.162972995922386e-07,0.2419547912000571,0,3,3,3,0.0,0.2419547912000571,0.0,0.7241364102878726,9.162972995922386e-07,264057.0820275574,2.9014305578608877,2.9014305578608877,0.016085892305422088,False,20263607,100,-0.7321909614535401,-1.1414185440767652,0.7524752475247525,0.8811881188118812,20.892692254466056,4542.020554830999,25.196670238021397,31.633139148649253,31.807389904033005,5003.729668200298,5394.96901895352,5411.32884905474,3.9648036260045956,1.0436240213691206,0.9841645084968162,4542.020554830999,394.3127724535878,1272287.795236844,0.003569963157577468,1305,0.04802287038716557,-1.445965571882522,1.4440828042107998,-4095.9999999999995,4090.666666666666,C:\Users\kimeu\Downloads\starlink_pathB_wsl_package_v0_3_clean\starlink_pathB\paper_final_experiment_check\outputs\random1200_null_random1200_seed2\11_10_lst044_typical_frozen_polybeam_lines_S1000_single.npz,9.10175923472585,9444.443085672718,1.7798436919007438e-05,140609741.2109375,False,False,False,False,False,False,False,False,False,False,False,False
11_10,153.90399534464717,mid,typical,44,2461041.8055555555,2461041.8123785085,frozen_polybeam,lines,1000.0,multi,coherent_ab,3,2,2,55537;57422,79.468;75.727,0.1693968413978494,9.162972995922386e-07,0.2419547912000571,0,3,3,3,0.0,0.2419547912000571,0.0,0.7241364102878726,9.162972995922386e-07,264057.0820275574,13.777984815957888,10.876554258097,0.04067603565789943,False,20263624,100,0.9166243511081245,-3.4998717349821304,0.2079207920792079,1.0,56.70068712301327,9915.531287905487,51.24384136364006,63.169772728399174,66.69499832313132,11055.489098996772,11364.428499969456,11403.92762799575,4.015376676537926,2.6217154296554495,1.276299389756785,9915.531287905487,1028.8005452396578,1272287.795236844,0.007793465696226105,1305,0.04802287038716557,-1.445965571882522,1.4440828042107998,-4095.9999999999995,4090.666666666666,C:\Users\kimeu\Downloads\starlink_pathB_wsl_package_v0_3_clean\starlink_pathB\paper_final_experiment_check\outputs\random1200_null_random1200_seed2\11_10_lst044_typical_frozen_polybeam_lines_S1000_multi.npz,9.10175923472585,9444.443085672718,1.7798436919007438e-05,140609741.2109375,False,False,False,False,False,False,False,False,False,False,False,False
11_10,153.90399534464717,mid,typical,44,2461041.8055555555,2461041.8123785085,frozen_polybeam,khz_comb,30.0,single,coherent_ab,3,2,1,55537,79.468,0.1693968413978494,9.162972995922386e-07,0.2419547912000571,0,3,3,3,0.0,0.2419547912000571,0.0,0.7241364102878726,9.162972995922386e-07,264057.0820275574,0.08667287836902807,0.08667287836902807,0.00043698879929464623,False,20263641,100,-1.472063056298981,-1.0381810150042432,0.801980198019802,0.900990099009901,0.5989492943199366,131.51728869651396,0.7222610343608267,0.8882807708899235,0.9225475595195439,143.30704420566656,152.3045789863011,152.47910059324474,0.05650072450134758,0.9633692747594271,0.8996098958954177,131.51728869651396,12.943229367785207,1272287.795236844,0.00010337070683919531,1305,0.04802287038716557,-1.445965571882522,1.4440828042107998,-4095.9999999999995,4090.666666666666,C:\Users\kimeu\Downloads\starlink_pathB_wsl_package_v0_3_clean\starlink_pathB\paper_final_experiment_check\outputs\random1200_null_random1200_seed2\11_10_lst044_typical_frozen_polybeam_khz_comb_S30_single.npz,9.10175923472585,9444.443085672718,1.7798436919007438e-05,140609741.2109375,False,False,False,False,False,False,False,False,False,False,False,False
11_10,153.90399534464717,mid,typical,44,2461041.8055555555,2461041.8123785085,frozen_polybeam,khz_comb,30.0,multi,coherent_ab,3,2,2,55537;57422,79.468;75.727,0.1693968413978494,9.162972995922386e-07,0.2419547912000571,0,3,3,3,0.0,0.2419547912000571,0.0,0.7241364102878726,9.162972995922386e-07,264057.0820275574,0.40960846871669165,0.3229355903476636,0.0011022342696860475,False,20263658,100,-0.18284186969383376,-1.943949796203097,0.5841584158415841,1.0,1.4306835306388166,285.281052353052,1.4714097534883877,1.8858976562582028,1.9935205044982836,312.8501909684465,329.21178958571755,330.25095183492925,0.15023616322901034,2.540520223055357,1.2499541165563666,285.281052353052,24.614923412382787,1272287.795236844,0.00022422682463911023,1305,0.04802287038716557,-1.445965571882522,1.4440828042107998,-4095.9999999999995,4090.666666666666,C:\Users\kimeu\Downloads\starlink_pathB_wsl_package_v0_3_clean\starlink_pathB\paper_final_experiment_check\outputs\random1200_null_random1200_seed2\11_10_lst044_typical_frozen_polybeam_khz_comb_S30_multi.npz,9.10175923472585,9444.443085672718,1.7798436919007438e-05,140609741.2109375,False,False,False,False,False,False,False,False,False,False,False,False
11_10,153.90399534464717,mid,typical,44,2461041.8055555555,2461041.8123785085,frozen_polybeam,khz_comb,1000.0,single,coherent_ab,3,2,1,55537,79.468,0.1693968413978494,9.162972995922386e-07,0.2419547912000571,0,3,3,3,0.0,0.2419547912000571,0.0,0.7241364102878726,9.162972995922386e-07,264057.0820275574,2.889095945634269,2.889095945634269,0.014566293309821543,False,20263675,100,-0.8979912331344041,-0.8544652413664745,0.7227722772277227,0.8613861386138614,20.061584827874412,4371.733471237945,23.52997857367768,29.745584970418257,30.795034393181687,4713.2634530953455,5072.358923050784,5108.178706243101,2.605147406178048,0.8591976639263197,0.8115482969553199,4371.733471237945,459.0566976035394,1272287.795236844,0.0034361199467641836,1305,0.04802287038716557,-1.445965571882522,1.4440828042107998,-4095.9999999999995,4090.666666666666,C:\Users\kimeu\Downloads\starlink_pathB_wsl_package_v0_3_clean\starlink_pathB\paper_final_experiment_check\outputs\random1200_null_random1200_seed2\11_10_lst044_typical_frozen_polybeam_khz_comb_S1000_single.npz,9.10175923472585,9444.443085672718,1.7798436919007438e-05,140609741.2109375,False,False,False,False,False,False,False,False,False,False,False,False
11_10,153.90399534464717,mid,typical,44,2461041.8055555555,2461041.8123785085,frozen_polybeam,khz_comb,1000.0,multi,coherent_ab,3,2,2,55537;57422,79.468;75.727,0.1693968413978494,9.162972995922386e-07,0.2419547912000571,0,3,3,3,0.0,0.2419547912000571,0.0,0.7241364102878726,9.162972995922386e-07,264057.0820275574,13.653615623889724,10.764519678255455,0.03674114232286825,False,20263692,100,-0.24216942892646579,-1.9870080834464934,0.594059405940594,0.9900990099009901,47.612016180091814,9503.958691568896,49.47801979428243,59.95308177926593,63.77437818862829,10432.407901538732,10942.632473993674,11056.644103613819,5.197196857179165,2.0355454318143145,1.1692736495694147,9503.958691568896,871.4953117303121,1272287.795236844,0.007469975525309253,1305,0.04802287038716557,-1.445965571882522,1.4440828042107998,-4095.9999999999995,4090.666666666666,C:\Users\kimeu\Downloads\starlink_pathB_wsl_package_v0_3_clean\starlink_pathB\paper_final_experiment_check\outputs\random1200_null_random1200_seed2\11_10_lst044_typical_frozen_polybeam_khz_comb_S1000_multi.npz,9.10175923472585,9444.443085672718,1.7798436919007438e-05,140609741.2109375,False,False,False,False,False,False,False,False,False,False,False,False
11_10,153.90399534464717,mid,typical,44,2461041.8055555555,2461041.8123785085,full_polybeam,smooth,30.0,single,coherent_ab,3,2,1,55537,79.468,0.1693968413978494,9.162972995922386e-07,0.2419547912000571,0,3,3,3,0.0,0.2419547912000571,0.0,0.7241364102878726,9.162972995922386e-07,264057.0820275574,0.42723152800813097,0.42723152800813097,0.001019214212407877,False,20263709,100,-1.7271255467962194,-1.2503034108179785,0.9603960396039604,0.9801980198019802,0.9631981444704252,278.06160808457497,1.1983897630902902,1.4429805272028715,1.4520240493873167,292.3254220078439,302.01092002753165,302.2974698624055,0.09184889526977713,1.519762987591537,1.402928617129745,278.06160808457497,9.675666138169706,1272287.795236844,0.00021855244475784042,1305,0.04802287038716557,-1.445965571882522,1.4440828042107998,-4095.9999999999995,4090.666666666666,C:\Users\kimeu\Downloads\starlink_pathB_wsl_package_v0_3_clean\starlink_pathB\paper_final_experiment_check\outputs\random1200_null_random1200_seed2\11_10_lst044_typical_full_polybeam_smooth_S30_single.npz,9.10175923472585,9444.443085672718,1.7798436919007438e-05,140609741.2109375,False,False,False,False,False,False,False,False,False,False,False,False
11_10,153.90399534464717,mid,typical,44,2461041.8055555555,2461041.8123785085,full_polybeam,smooth,30.0,multi,coherent_ab,3,2,2,55537;57422,79.468;75.727,0.1693968413978494,9.162972995922386e-07,0.2419547912000571,0,3,3,3,0.0,0.2419547912000571,0.0,0.7241364102878726,9.162972995922386e-07,264057.0820275574,0.7121661037501759,0.42723152800813097,0.0017684953841427126,False,20263726,100,-0.5831613662773412,0.6005308402361433,0.7524752475247525,0.21782178217821782,1.7240660636958864,470.74981698077045,1.9120722434549862,2.679019534478379,2.961226735875485,459.3420757680824,490.57078911778405,496.9936874778159,0.21744998606732224,2.2534099754544235,1.370916106490282,470.74981698077045,-9.608953473210537,1272287.795236844,0.0003700026194884134,1305,0.04802287038716557,-1.445965571882522,1.4440828042107998,-4095.9999999999995,4090.666666666666,C:\Users\kimeu\Downloads\starlink_pathB_wsl_package_v0_3_clean\starlink_pathB\paper_final_experiment_check\outputs\random1200_null_random1200_seed2\11_10_lst044_typical_full_polybeam_smooth_S30_multi.npz,9.10175923472585,9444.443085672718,1.7798436919007438e-05,140609741.2109375,False,False,False,False,False,False,False,False,False,False,False,False
11_10,153.90399534464717,mid,typical,44,2461041.8055555555,2461041.8123785085,full_polybeam,smooth,1000.0,single,coherent_ab,3,2,1,55537,79.468,0.1693968413978494,9.162972995922386e-07,0.2419547912000571,0,3,3,3,0.0,0.2419547912000571,0.0,0.7241364102878726,9.162972995922386e-07,264057.0820275574,14.241050933604367,14.241050933604367,0.033973807080262555,False,20263743,100,-1.4536909370847693,-0.8075905295588026,0.9801980198019802,0.801980198019802,31.530108513794403,9345.975171595837,41.29178448746666,47.871279519625965,48.811227041924674,9657.27812738259,10237.591452272205,10273.48998342236,4.529271025415142,1.3620675816174406,1.271558341493398,9345.975171595837,475.58098186686004,1272287.795236844,0.007345802739431315,1305,0.04802287038716557,-1.445965571882522,1.4440828042107998,-4095.9999999999995,4090.666666666666,C:\Users\kimeu\Downloads\starlink_pathB_wsl_package_v0_3_clean\starlink_pathB\paper_final_experiment_check\outputs\random1200_null_random1200_seed2\11_10_lst044_typical_full_polybeam_smooth_S1000_single.npz,9.10175923472585,9444.443085672718,1.7798436919007438e-05,140609741.2109375,False,False,False,False,False,False,False,False,False,False,False,False
11_10,153.90399534464717,mid,typical,44,2461041.8055555555,2461041.8123785085,full_polybeam,smooth,1000.0,multi,coherent_ab,3,2,2,55537;57422,79.468;75.727,0.1693968413978494,9.162972995922386e-07,0.2419547912000571,0,3,3,3,0.0,0.2419547912000571,0.0,0.7241364102878726,9.162972995922386e-07,264057.0820275574,23.738870125005864,14.241050933604367,0.058949846138090414,False,20263760,100,-0.5816156906922602,0.4672616084973266,0.7128712871287128,0.3465346534653465,56.65151342509091,15736.579868031247,63.527667470554434,96.11382326670274,100.13521703002394,15445.94034361702,16105.524127724531,16583.065313220086,7.97416995212518,2.1044629583807604,1.431510975911238,15736.579868031247,-522.032583961638,1272287.795236844,0.012368726578173131,1305,0.04802287038716557,-1.445965571882522,1.4440828042107998,-4095.9999999999995,4090.666666666666,C:\Users\kimeu\Downloads\starlink_pathB_wsl_package_v0_3_clean\starlink_pathB\paper_final_experiment_check\outputs\random1200_null_random1200_seed2\11_10_lst044_typical_full_polybeam_smooth_S1000_multi.npz,9.10175923472585,9444.443085672718,1.7798436919007438e-05,140609741.2109375,False,False,False,False,False,False,False,False,False,False,False,False
11_10,153.90399534464717,mid,typical,44,2461041.8055555555,2461041.8123785085,full_polybeam,lines,30.0,single,coherent_ab,3,2,1,55537,79.468,0.1693968413978494,9.162972995922386e-07,0.2419547912000571,0,3,3,3,0.0,0.2419547912000571,0.0,0.7241364102878726,9.162972995922386e-07,264057.0820275574,0.4271791293753371,0.4271791293753371,0.0010199916758402339,False,20263777,100,-1.6207347179144307,-1.1193324679234742,0.9306930693069307,0.9306930693069307,0.9638713264469061,278.06828172257497,1.203558584685652,1.4373757342793738,1.4531383328779408,291.96313128723153,301.82272792074536,301.9537572511553,0.09974910703112982,1.2323473251753527,1.1631049343959634,278.06828172257497,9.647221108900194,1272287.795236844,0.00021855769014180544,1305,0.04802287038716557,-1.445965571882522,1.4440828042107998,-4095.9999999999995,4090.666666666666,C:\Users\kimeu\Downloads\starlink_pathB_wsl_package_v0_3_clean\starlink_pathB\paper_final_experiment_check\outputs\random1200_null_random1200_seed2\11_10_lst044_typical_full_polybeam_lines_S30_single.npz,9.10175923472585,9444.443085672718,1.7798436919007438e-05,140609741.2109375,False,False,False,False,False,False,False,False,False,False,False,False
11_10,153.90399534464717,mid,typical,44,2461041.8055555555,2461041.8123785085,full_polybeam,lines,30.0,multi,coherent_ab,3,2,2,55537;57422,79.468;75.727,0.1693968413978494,9.162972995922386e-07,0.2419547912000571,0,3,3,3,0.0,0.2419547912000571,0.0,0.7241364102878726,9.162972995922386e-07,264057.0820275574,0.7121059285897391,0.4271791293753371,0.0017701422958515554,False,20263794,100,-0.7373805827075728,0.39762294935240944,0.8118811881188119,0.38613861386138615,1.728799300332696,470.6767584847506,2.009117842578462,2.6946637456190494,3.0586861460039336,464.59051464092875,484.54851266613827,500.0003324400191,0.256410693322664,1.7843047827638223,1.3388718049461785,470.6767584847506,-9.421697634071235,1272287.795236844,0.0003699451965560444,1305,0.04802287038716557,-1.445965571882522,1.4440828042107998,-4095.9999999999995,4090.666666666666,C:\Users\kimeu\Downloads\starlink_pathB_wsl_package_v0_3_clean\starlink_pathB\paper_final_experiment_check\outputs\random1200_null_random1200_seed2\11_10_lst044_typical_full_polybeam_lines_S30_multi.npz,9.10175923472585,9444.443085672718,1.7798436919007438e-05,140609741.2109375,False,False,False,False,False,False,False,False,False,False,False,False
11_10,153.90399534464717,mid,typical,44,2461041.8055555555,2461041.8123785085,full_polybeam,lines,1000.0,single,coherent_ab,3,2,1,55537,79.468,0.1693968413978494,9.162972995922386e-07,0.2419547912000571,0,3,3,3,0.0,0.2419547912000571,0.0,0.7241364102878726,9.162972995922386e-07,264057.0820275574,14.239304312511235,14.239304312511235,0.0339997225280078,False,20263811,100,-1.798092737800047,-0.7049274782506241,0.9603960396039604,0.801980198019802,31.552387529752195,9345.681779964565,42.7441704261513,48.60940903380334,48.982529439544344,9668.558390299748,10250.033772209397,10270.973484455157,4.198200675080443,1.226190803658053,1.0602684705028302,9345.681779964565,474.5419614550807,1272287.795236844,0.007345572137807711,1305,0.04802287038716557,-1.445965571882522,1.4440828042107998,-4095.9999999999995,4090.666666666666,C:\Users\kimeu\Downloads\starlink_pathB_wsl_package_v0_3_clean\starlink_pathB\paper_final_experiment_check\outputs\random1200_null_random1200_seed2\11_10_lst044_typical_full_polybeam_lines_S1000_single.npz,9.10175923472585,9444.443085672718,1.7798436919007438e-05,140609741.2109375,False,False,False,False,False,False,False,False,False,False,False,False
11_10,153.90399534464717,mid,typical,44,2461041.8055555555,2461041.8123785085,full_polybeam,lines,1000.0,multi,coherent_ab,3,2,2,55537;57422,79.468;75.727,0.1693968413978494,9.162972995922386e-07,0.2419547912000571,0,3,3,3,0.0,0.2419547912000571,0.0,0.7241364102878726,9.162972995922386e-07,264057.0820275574,23.736864286324636,14.239304312511235,0.05900474319505186,False,20263828,100,-0.9123159402078099,0.595418109769111,0.8811881188118812,0.32673267326732675,56.78942144040752,15738.39098602227,67.36782690631696,96.28383876859675,99.10446454036901,15386.632259565646,16233.372280035883,16631.59758814232,7.820795869386416,2.318800229390751,1.4329123112393674,15738.39098602227,-515.7865946289645,1272287.795236844,0.012370150090996096,1305,0.04802287038716557,-1.445965571882522,1.4440828042107998,-4095.9999999999995,4090.666666666666,C:\Users\kimeu\Downloads\starlink_pathB_wsl_package_v0_3_clean\starlink_pathB\paper_final_experiment_check\outputs\random1200_null_random1200_seed2\11_10_lst044_typical_full_polybeam_lines_S1000_multi.npz,9.10175923472585,9444.443085672718,1.7798436919007438e-05,140609741.2109375,False,False,False,False,False,False,False,False,False,False,False,False
11_10,153.90399534464717,mid,typical,44,2461041.8055555555,2461041.8123785085,full_polybeam,khz_comb,30.0,single,coherent_ab,3,2,1,55537,79.468,0.1693968413978494,9.162972995922386e-07,0.2419547912000571,0,3,3,3,0.0,0.2419547912000571,0.0,0.7241364102878726,9.162972995922386e-07,264057.0820275574,0.3515591535161083,0.3515591535161083,0.0008679121135963234,False,20263845,100,-1.141611009298534,-0.9833733495232911,1.0,0.8514851485148515,0.8112643250876772,233.12387098578864,0.9643663787720698,1.1545251195544552,1.1820021014185795,244.04745153270645,253.5347414071117,253.67870594208244,0.09045631097274054,1.082526677125855,0.9908831709417435,233.12387098578864,10.155966716920311,1272287.795236844,0.00018323202647903356,1305,0.04802287038716557,-1.445965571882522,1.4440828042107998,-4095.9999999999995,4090.666666666666,C:\Users\kimeu\Downloads\starlink_pathB_wsl_package_v0_3_clean\starlink_pathB\paper_final_experiment_check\outputs\random1200_null_random1200_seed2\11_10_lst044_typical_full_polybeam_khz_comb_S30_single.npz,9.10175923472585,9444.443085672718,1.7798436919007438e-05,140609741.2109375,False,False,False,False,False,False,False,False,False,False,False,False
11_10,153.90399534464717,mid,typical,44,2461041.8055555555,2461041.8123785085,full_polybeam,khz_comb,30.0,multi,coherent_ab,3,2,2,55537;57422,79.468;75.727,0.1693968413978494,9.162972995922386e-07,0.2419547912000571,0,3,3,3,0.0,0.2419547912000571,0.0,0.7241364102878726,9.162972995922386e-07,264057.0820275574,0.6350209123553295,0.3515591535161083,0.001534548868866267,False,20263862,100,0.06810177785354748,0.09152701799589037,0.48514851485148514,0.46534653465346537,1.748909779619055,413.7921187124549,1.727896626276106,2.3459692597898765,2.5006696991931174,412.2017845248456,437.5300445160804,440.5401493119299,0.20811758817461623,2.20891537084503,1.408570355843044,413.7921187124549,-9.809131377180247,1272287.795236844,0.00032523468374183765,1305,0.04802287038716557,-1.445965571882522,1.4440828042107998,-4095.9999999999995,4090.666666666666,C:\Users\kimeu\Downloads\starlink_pathB_wsl_package_v0_3_clean\starlink_pathB\paper_final_experiment_check\outputs\random1200_null_random1200_seed2\11_10_lst044_typical_full_polybeam_khz_comb_S30_multi.npz,9.10175923472585,9444.443085672718,1.7798436919007438e-05,140609741.2109375,False,False,False,False,False,False,False,False,False,False,False,False
11_10,153.90399534464717,mid,typical,44,2461041.8055555555,2461041.8123785085,full_polybeam,khz_comb,1000.0,single,coherent_ab,3,2,1,55537,79.468,0.1693968413978494,9.162972995922386e-07,0.2419547912000571,0,3,3,3,0.0,0.2419547912000571,0.0,0.7241364102878726,9.162972995922386e-07,264057.0820275574,11.718638450536941,11.718638450536941,0.028930403786544105,False,20263879,100,-1.2547466748153449,-1.116468142706949,0.9900990099009901,0.8514851485148515,26.65924166676473,7821.649951002877,34.341104542247024,39.750600458154736,40.10637401920092,8167.100853668363,8567.663416769745,8600.247261636256,4.129395701201304,1.2864922358586102,1.2188158998615912,7821.649951002877,431.2942990016106,1272287.795236844,0.006147704929879351,1305,0.04802287038716557,-1.445965571882522,1.4440828042107998,-4095.9999999999995,4090.666666666666,C:\Users\kimeu\Downloads\starlink_pathB_wsl_package_v0_3_clean\starlink_pathB\paper_final_experiment_check\outputs\random1200_null_random1200_seed2\11_10_lst044_typical_full_polybeam_khz_comb_S1000_single.npz,9.10175923472585,9444.443085672718,1.7798436919007438e-05,140609741.2109375,False,False,False,False,False,False,False,False,False,False,False,False
11_10,153.90399534464717,mid,typical,44,2461041.8055555555,2461041.8123785085,full_polybeam,khz_comb,1000.0,multi,coherent_ab,3,2,2,55537;57422,79.468;75.727,0.1693968413978494,9.162972995922386e-07,0.2419547912000571,0,3,3,3,0.0,0.2419547912000571,0.0,0.7241364102878726,9.162972995922386e-07,264057.0820275574,21.167363745177653,11.718638450536941,0.0511516289622089,False,20263896,100,-0.1951606037116493,0.30088024355123055,0.5742574257425742,0.3465346534653465,57.53448040822599,13825.436240395287,59.69508931464543,80.39478058429889,81.48217729607582,13708.779409872703,14589.325394977834,14767.139331004308,7.467238338614322,2.0035502942016907,1.233024986785529,13825.436240395287,-517.1075843794217,1272287.795236844,0.01086659503624461,1305,0.04802287038716557,-1.445965571882522,1.4440828042107998,-4095.9999999999995,4090.666666666666,C:\Users\kimeu\Downloads\starlink_pathB_wsl_package_v0_3_clean\starlink_pathB\paper_final_experiment_check\outputs\random1200_null_random1200_seed2\11_10_lst044_typical_full_polybeam_khz_comb_S1000_multi.npz,9.10175923472585,9444.443085672718,1.7798436919007438e-05,140609741.2109375,False,False,False,False,False,False,False,False,False,False,False,False
11_10,153.90399534464717,mid,stress,64,2461041.9444444445,2461041.951267397,frozen_polybeam,smooth,30.0,single,coherent_ab,2,3,1,56246,87.493,1.0,281210743945.93134,0.2812107439459313,0,2,2,2,0.0,0.2812107439459313,0.0,0.9963509766045548,281210743945.93134,0.0,2.54091273247254,2.54091273247254,0.004472665205108278,False,20263933,100,,,1.0,1.0,0.0,0.0,0.0,0.0,0.0,0.0,0.0,0.0,0.0,,,0.0,0.0,0.0,0.0,1305,0.04802287038716557,-1.445965571882522,1.4440828042107998,-4095.9999999999995,4090.666666666666,C:\Users\kimeu\Downloads\starlink_pathB_wsl_package_v0_3_clean\starlink_pathB\paper_final_experiment_check\outputs\random1200_null_random1200_seed2\11_10_lst064_stress_frozen_polybeam_smooth_S30_single.npz,9.10175923472585,9444.443085672718,1.7798436919007438e-05,140609741.2109375,False,False,False,False,False,False,False,False,False,False,False,False
11_10,153.90399534464717,mid,stress,64,2461041.9444444445,2461041.951267397,frozen_polybeam,smooth,30.0,multi,coherent_ab,2,3,3,56246;52554;57902,87.493;76.305;71.603,1.0,281210743945.93134,0.2812107439459313,0,2,2,2,0.0,0.2812107439459313,0.0,0.9963509766045548,281210743945.93134,0.0,2.5537901530240465,2.54091273247254,0.004629358799018126,False,20263950,100,,,1.0,1.0,0.0,0.0,0.0,0.0,0.0,0.0,0.0,0.0,0.0,,,0.0,0.0,0.0,0.0,1305,0.04802287038716557,-1.445965571882522,1.4440828042107998,-4095.9999999999995,4090.666666666666,C:\Users\kimeu\Downloads\starlink_pathB_wsl_package_v0_3_clean\starlink_pathB\paper_final_experiment_check\outputs\random1200_null_random1200_seed2\11_10_lst064_stress_frozen_polybeam_smooth_S30_multi.npz,9.10175923472585,9444.443085672718,1.7798436919007438e-05,140609741.2109375,False,False,False,False,False,False,False,False,False,False,False,False
11_10,153.90399534464717,mid,stress,64,2461041.9444444445,2461041.951267397,frozen_polybeam,smooth,1000.0,single,coherent_ab,2,3,1,56246,87.493,1.0,281210743945.93134,0.2812107439459313,0,2,2,2,0.0,0.2812107439459313,0.0,0.9963509766045548,281210743945.93134,0.0,84.69709108241798,84.69709108241798,0.14908884017027593,False,20263967,100,,,1.0,1.0,0.0,0.0,0.0,0.0,0.0,0.0,0.0,0.0,0.0,,,0.0,0.0,0.0,0.0,1305,0.04802287038716557,-1.445965571882522,1.4440828042107998,-4095.9999999999995,4090.666666666666,C:\Users\kimeu\Downloads\starlink_pathB_wsl_package_v0_3_clean\starlink_pathB\paper_final_experiment_check\outputs\random1200_null_random1200_seed2\11_10_lst064_stress_frozen_polybeam_smooth_S1000_single.npz,9.10175923472585,9444.443085672718,1.7798436919007438e-05,140609741.2109375,False,False,False,False,False,False,False,False,False,False,False,False
11_10,153.90399534464717,mid,stress,64,2461041.9444444445,2461041.951267397,frozen_polybeam,smooth,1000.0,multi,coherent_ab,2,3,3,56246;52554;57902,87.493;76.305;71.603,1.0,281210743945.93134,0.2812107439459313,0,2,2,2,0.0,0.2812107439459313,0.0,0.9963509766045548,281210743945.93134,0.0,85.12633843413487,84.69709108241798,0.15431195996727085,False,20263984,100,,,1.0,1.0,0.0,0.0,0.0,0.0,0.0,0.0,0.0,0.0,0.0,,,0.0,0.0,0.0,0.0,1305,0.04802287038716557,-1.445965571882522,1.4440828042107998,-4095.9999999999995,4090.666666666666,C:\Users\kimeu\Downloads\starlink_pathB_wsl_package_v0_3_clean\starlink_pathB\paper_final_experiment_check\outputs\random1200_null_random1200_seed2\11_10_lst064_stress_frozen_polybeam_smooth_S1000_multi.npz,9.10175923472585,9444.443085672718,1.7798436919007438e-05,140609741.2109375,False,False,False,False,False,False,False,False,False,False,False,False
11_10,153.90399534464717,mid,stress,64,2461041.9444444445,2461041.951267397,frozen_polybeam,lines,30.0,single,coherent_ab,2,3,1,56246,87.493,1.0,281210743945.93134,0.2812107439459313,0,2,2,2,0.0,0.2812107439459313,0.0,0.9963509766045548,281210743945.93134,0.0,2.5408753774569135,2.5408753774569135,0.004478572760739031,False,20264001,100,,,1.0,1.0,0.0,0.0,0.0,0.0,0.0,0.0,0.0,0.0,0.0,,,0.0,0.0,0.0,0.0,1305,0.04802287038716557,-1.445965571882522,1.4440828042107998,-4095.9999999999995,4090.666666666666,C:\Users\kimeu\Downloads\starlink_pathB_wsl_package_v0_3_clean\starlink_pathB\paper_final_experiment_check\outputs\random1200_null_random1200_seed2\11_10_lst064_stress_frozen_polybeam_lines_S30_single.npz,9.10175923472585,9444.443085672718,1.7798436919007438e-05,140609741.2109375,False,False,False,False,False,False,False,False,False,False,False,False
11_10,153.90399534464717,mid,stress,64,2461041.9444444445,2461041.951267397,frozen_polybeam,lines,30.0,multi,coherent_ab,2,3,3,56246;52554;57902,87.493;76.305;71.603,1.0,281210743945.93134,0.2812107439459313,0,2,2,2,0.0,0.2812107439459313,0.0,0.9963509766045548,281210743945.93134,0.0,2.5537525852219516,2.5408753774569135,0.004635435096730417,False,20264018,100,,,1.0,1.0,0.0,0.0,0.0,0.0,0.0,0.0,0.0,0.0,0.0,,,0.0,0.0,0.0,0.0,1305,0.04802287038716557,-1.445965571882522,1.4440828042107998,-4095.9999999999995,4090.666666666666,C:\Users\kimeu\Downloads\starlink_pathB_wsl_package_v0_3_clean\starlink_pathB\paper_final_experiment_check\outputs\random1200_null_random1200_seed2\11_10_lst064_stress_frozen_polybeam_lines_S30_multi.npz,9.10175923472585,9444.443085672718,1.7798436919007438e-05,140609741.2109375,False,False,False,False,False,False,False,False,False,False,False,False
11_10,153.90399534464717,mid,stress,64,2461041.9444444445,2461041.951267397,frozen_polybeam,lines,1000.0,single,coherent_ab,2,3,1,56246,87.493,1.0,281210743945.93134,0.2812107439459313,0,2,2,2,0.0,0.2812107439459313,0.0,0.9963509766045548,281210743945.93134,0.0,84.69584591523045,84.69584591523045,0.149285758691301,False,20264035,100,,,1.0,1.0,0.0,0.0,0.0,0.0,0.0,0.0,0.0,0.0,0.0,,,0.0,0.0,0.0,0.0,1305,0.04802287038716557,-1.445965571882522,1.4440828042107998,-4095.9999999999995,4090.666666666666,C:\Users\kimeu\Downloads\starlink_pathB_wsl_package_v0_3_clean\starlink_pathB\paper_final_experiment_check\outputs\random1200_null_random1200_seed2\11_10_lst064_stress_frozen_polybeam_lines_S1000_single.npz,9.10175923472585,9444.443085672718,1.7798436919007438e-05,140609741.2109375,False,False,False,False,False,False,False,False,False,False,False,False
11_10,153.90399534464717,mid,stress,64,2461041.9444444445,2461041.951267397,frozen_polybeam,lines,1000.0,multi,coherent_ab,2,3,3,56246;52554;57902,87.493;76.305;71.603,1.0,281210743945.93134,0.2812107439459313,0,2,2,2,0.0,0.2812107439459313,0.0,0.9963509766045548,281210743945.93134,0.0,85.12508617406505,84.69584591523045,0.15451450322434723,False,20264052,100,,,1.0,1.0,0.0,0.0,0.0,0.0,0.0,0.0,0.0,0.0,0.0,,,0.0,0.0,0.0,0.0,1305,0.04802287038716557,-1.445965571882522,1.4440828042107998,-4095.9999999999995,4090.666666666666,C:\Users\kimeu\Downloads\starlink_pathB_wsl_package_v0_3_clean\starlink_pathB\paper_final_experiment_check\outputs\random1200_null_random1200_seed2\11_10_lst064_stress_frozen_polybeam_lines_S1000_multi.npz,9.10175923472585,9444.443085672718,1.7798436919007438e-05,140609741.2109375,False,False,False,False,False,False,False,False,False,False,False,False
11_10,153.90399534464717,mid,stress,64,2461041.9444444445,2461041.951267397,frozen_polybeam,khz_comb,30.0,single,coherent_ab,2,3,1,56246,87.493,1.0,281210743945.93134,0.2812107439459313,0,2,2,2,0.0,0.2812107439459313,0.0,0.9963509766045548,281210743945.93134,0.0,2.542223229200769,2.542223229200769,0.004135142447349704,False,20264069,100,,,1.0,1.0,0.0,0.0,0.0,0.0,0.0,0.0,0.0,0.0,0.0,,,0.0,0.0,0.0,0.0,1305,0.04802287038716557,-1.445965571882522,1.4440828042107998,-4095.9999999999995,4090.666666666666,C:\Users\kimeu\Downloads\starlink_pathB_wsl_package_v0_3_clean\starlink_pathB\paper_final_experiment_check\outputs\random1200_null_random1200_seed2\11_10_lst064_stress_frozen_polybeam_khz_comb_S30_single.npz,9.10175923472585,9444.443085672718,1.7798436919007438e-05,140609741.2109375,False,False,False,False,False,False,False,False,False,False,False,False
11_10,153.90399534464717,mid,stress,64,2461041.9444444445,2461041.951267397,frozen_polybeam,khz_comb,30.0,multi,coherent_ab,2,3,3,56246;52554;57902,87.493;76.305;71.603,1.0,281210743945.93134,0.2812107439459313,0,2,2,2,0.0,0.2812107439459313,0.0,0.9963509766045548,281210743945.93134,0.0,2.552820891750781,2.542223229200769,0.004275921281585218,False,20264086,100,,,1.0,1.0,0.0,0.0,0.0,0.0,0.0,0.0,0.0,0.0,0.0,,,0.0,0.0,0.0,0.0,1305,0.04802287038716557,-1.445965571882522,1.4440828042107998,-4095.9999999999995,4090.666666666666,C:\Users\kimeu\Downloads\starlink_pathB_wsl_package_v0_3_clean\starlink_pathB\paper_final_experiment_check\outputs\random1200_null_random1200_seed2\11_10_lst064_stress_frozen_polybeam_khz_comb_S30_multi.npz,9.10175923472585,9444.443085672718,1.7798436919007438e-05,140609741.2109375,False,False,False,False,False,False,False,False,False,False,False,False
11_10,153.90399534464717,mid,stress,64,2461041.9444444445,2461041.951267397,frozen_polybeam,khz_comb,1000.0,single,coherent_ab,2,3,1,56246,87.493,1.0,281210743945.93134,0.2812107439459313,0,2,2,2,0.0,0.2812107439459313,0.0,0.9963509766045548,281210743945.93134,0.0,84.7407743066923,84.7407743066923,0.1378380815783235,False,20264103,100,,,1.0,1.0,0.0,0.0,0.0,0.0,0.0,0.0,0.0,0.0,0.0,,,0.0,0.0,0.0,0.0,1305,0.04802287038716557,-1.445965571882522,1.4440828042107998,-4095.9999999999995,4090.666666666666,C:\Users\kimeu\Downloads\starlink_pathB_wsl_package_v0_3_clean\starlink_pathB\paper_final_experiment_check\outputs\random1200_null_random1200_seed2\11_10_lst064_stress_frozen_polybeam_khz_comb_S1000_single.npz,9.10175923472585,9444.443085672718,1.7798436919007438e-05,140609741.2109375,False,False,False,False,False,False,False,False,False,False,False,False
11_10,153.90399534464717,mid,stress,64,2461041.9444444445,2461041.951267397,frozen_polybeam,khz_comb,1000.0,multi,coherent_ab,2,3,3,56246;52554;57902,87.493;76.305;71.603,1.0,281210743945.93134,0.2812107439459313,0,2,2,2,0.0,0.2812107439459313,0.0,0.9963509766045548,281210743945.93134,0.0,85.09402972502605,84.7407743066923,0.142530709386174,False,20264120,100,,,1.0,1.0,0.0,0.0,0.0,0.0,0.0,0.0,0.0,0.0,0.0,,,0.0,0.0,0.0,0.0,1305,0.04802287038716557,-1.445965571882522,1.4440828042107998,-4095.9999999999995,4090.666666666666,C:\Users\kimeu\Downloads\starlink_pathB_wsl_package_v0_3_clean\starlink_pathB\paper_final_experiment_check\outputs\random1200_null_random1200_seed2\11_10_lst064_stress_frozen_polybeam_khz_comb_S1000_multi.npz,9.10175923472585,9444.443085672718,1.7798436919007438e-05,140609741.2109375,False,False,False,False,False,False,False,False,False,False,False,False
11_10,153.90399534464717,mid,stress,64,2461041.9444444445,2461041.951267397,full_polybeam,smooth,30.0,single,coherent_ab,2,3,1,56246,87.493,1.0,281210743945.93134,0.2812107439459313,0,2,2,2,0.0,0.2812107439459313,0.0,0.9963509766045548,281210743945.93134,0.0,2.3545285509705542,2.3545285509705542,0.0049918045034826955,False,20264137,100,,,1.0,1.0,0.0,0.0,0.0,0.0,0.0,0.0,0.0,0.0,0.0,,,0.0,0.0,0.0,0.0,1305,0.04802287038716557,-1.445965571882522,1.4440828042107998,-4095.9999999999995,4090.666666666666,C:\Users\kimeu\Downloads\starlink_pathB_wsl_package_v0_3_clean\starlink_pathB\paper_final_experiment_check\outputs\random1200_null_random1200_seed2\11_10_lst064_stress_full_polybeam_smooth_S30_single.npz,9.10175923472585,9444.443085672718,1.7798436919007438e-05,140609741.2109375,False,False,False,False,False,False,False,False,False,False,False,False
11_10,153.90399534464717,mid,stress,64,2461041.9444444445,2461041.951267397,full_polybeam,smooth,30.0,multi,coherent_ab,2,3,3,56246;52554;57902,87.493;76.305;71.603,1.0,281210743945.93134,0.2812107439459313,0,2,2,2,0.0,0.2812107439459313,0.0,0.9963509766045548,281210743945.93134,0.0,2.4543560813087595,2.3545285509705542,0.005280194301333225,False,20264154,100,,,1.0,1.0,0.0,0.0,0.0,0.0,0.0,0.0,0.0,0.0,0.0,,,0.0,0.0,0.0,0.0,1305,0.04802287038716557,-1.445965571882522,1.4440828042107998,-4095.9999999999995,4090.666666666666,C:\Users\kimeu\Downloads\starlink_pathB_wsl_package_v0_3_clean\starlink_pathB\paper_final_experiment_check\outputs\random1200_null_random1200_seed2\11_10_lst064_stress_full_polybeam_smooth_S30_multi.npz,9.10175923472585,9444.443085672718,1.7798436919007438e-05,140609741.2109375,False,False,False,False,False,False,False,False,False,False,False,False
11_10,153.90399534464717,mid,stress,64,2461041.9444444445,2461041.951267397,full_polybeam,smooth,1000.0,single,coherent_ab,2,3,1,56246,87.493,1.0,281210743945.93134,0.2812107439459313,0,2,2,2,0.0,0.2812107439459313,0.0,0.9963509766045548,281210743945.93134,0.0,78.48428503235179,78.48428503235179,0.1663934834494232,False,20264171,100,,,1.0,1.0,0.0,0.0,0.0,0.0,0.0,0.0,0.0,0.0,0.0,,,0.0,0.0,0.0,0.0,1305,0.04802287038716557,-1.445965571882522,1.4440828042107998,-4095.9999999999995,4090.666666666666,C:\Users\kimeu\Downloads\starlink_pathB_wsl_package_v0_3_clean\starlink_pathB\paper_final_experiment_check\outputs\random1200_null_random1200_seed2\11_10_lst064_stress_full_polybeam_smooth_S1000_single.npz,9.10175923472585,9444.443085672718,1.7798436919007438e-05,140609741.2109375,False,False,False,False,False,False,False,False,False,False,False,False
11_10,153.90399534464717,mid,stress,64,2461041.9444444445,2461041.951267397,full_polybeam,smooth,1000.0,multi,coherent_ab,2,3,3,56246;52554;57902,87.493;76.305;71.603,1.0,281210743945.93134,0.2812107439459313,0,2,2,2,0.0,0.2812107439459313,0.0,0.9963509766045548,281210743945.93134,0.0,81.81186937695864,78.48428503235179,0.1760064767111075,False,20264188,100,,,1.0,1.0,0.0,0.0,0.0,0.0,0.0,0.0,0.0,0.0,0.0,,,0.0,0.0,0.0,0.0,1305,0.04802287038716557,-1.445965571882522,1.4440828042107998,-4095.9999999999995,4090.666666666666,C:\Users\kimeu\Downloads\starlink_pathB_wsl_package_v0_3_clean\starlink_pathB\paper_final_experiment_check\outputs\random1200_null_random1200_seed2\11_10_lst064_stress_full_polybeam_smooth_S1000_multi.npz,9.10175923472585,9444.443085672718,1.7798436919007438e-05,140609741.2109375,False,False,False,False,False,False,False,False,False,False,False,False
11_10,153.90399534464717,mid,stress,64,2461041.9444444445,2461041.951267397,full_polybeam,lines,30.0,single,coherent_ab,2,3,1,56246,87.493,1.0,281210743945.93134,0.2812107439459313,0,2,2,2,0.0,0.2812107439459313,0.0,0.9963509766045548,281210743945.93134,0.0,2.3544642904071775,2.3544642904071775,0.00499844492476335,False,20264205,100,,,1.0,1.0,0.0,0.0,0.0,0.0,0.0,0.0,0.0,0.0,0.0,,,0.0,0.0,0.0,0.0,1305,0.04802287038716557,-1.445965571882522,1.4440828042107998,-4095.9999999999995,4090.666666666666,C:\Users\kimeu\Downloads\starlink_pathB_wsl_package_v0_3_clean\starlink_pathB\paper_final_experiment_check\outputs\random1200_null_random1200_seed2\11_10_lst064_stress_full_polybeam_lines_S30_single.npz,9.10175923472585,9444.443085672718,1.7798436919007438e-05,140609741.2109375,False,False,False,False,False,False,False,False,False,False,False,False
11_10,153.90399534464717,mid,stress,64,2461041.9444444445,2461041.951267397,full_polybeam,lines,30.0,multi,coherent_ab,2,3,3,56246;52554;57902,87.493;76.305;71.603,1.0,281210743945.93134,0.2812107439459313,0,2,2,2,0.0,0.2812107439459313,0.0,0.9963509766045548,281210743945.93134,0.0,2.4542870838076274,2.3544642904071775,0.005287032446860066,False,20264222,100,,,1.0,1.0,0.0,0.0,0.0,0.0,0.0,0.0,0.0,0.0,0.0,,,0.0,0.0,0.0,0.0,1305,0.04802287038716557,-1.445965571882522,1.4440828042107998,-4095.9999999999995,4090.666666666666,C:\Users\kimeu\Downloads\starlink_pathB_wsl_package_v0_3_clean\starlink_pathB\paper_final_experiment_check\outputs\random1200_null_random1200_seed2\11_10_lst064_stress_full_polybeam_lines_S30_multi.npz,9.10175923472585,9444.443085672718,1.7798436919007438e-05,140609741.2109375,False,False,False,False,False,False,False,False,False,False,False,False
11_10,153.90399534464717,mid,stress,64,2461041.9444444445,2461041.951267397,full_polybeam,lines,1000.0,single,coherent_ab,2,3,1,56246,87.493,1.0,281210743945.93134,0.2812107439459313,0,2,2,2,0.0,0.2812107439459313,0.0,0.9963509766045548,281210743945.93134,0.0,78.48214301357258,78.48214301357258,0.166614830825445,False,20264239,100,,,1.0,1.0,0.0,0.0,0.0,0.0,0.0,0.0,0.0,0.0,0.0,,,0.0,0.0,0.0,0.0,1305,0.04802287038716557,-1.445965571882522,1.4440828042107998,-4095.9999999999995,4090.666666666666,C:\Users\kimeu\Downloads\starlink_pathB_wsl_package_v0_3_clean\starlink_pathB\paper_final_experiment_check\outputs\random1200_null_random1200_seed2\11_10_lst064_stress_full_polybeam_lines_S1000_single.npz,9.10175923472585,9444.443085672718,1.7798436919007438e-05,140609741.2109375,False,False,False,False,False,False,False,False,False,False,False,False
11_10,153.90399534464717,mid,stress,64,2461041.9444444445,2461041.951267397,full_polybeam,lines,1000.0,multi,coherent_ab,2,3,3,56246;52554;57902,87.493;76.305;71.603,1.0,281210743945.93134,0.2812107439459313,0,2,2,2,0.0,0.2812107439459313,0.0,0.9963509766045548,281210743945.93134,0.0,81.80956946025425,78.48214301357258,0.17623441489533553,False,20264256,100,,,1.0,1.0,0.0,0.0,0.0,0.0,0.0,0.0,0.0,0.0,0.0,,,0.0,0.0,0.0,0.0,1305,0.04802287038716557,-1.445965571882522,1.4440828042107998,-4095.9999999999995,4090.666666666666,C:\Users\kimeu\Downloads\starlink_pathB_wsl_package_v0_3_clean\starlink_pathB\paper_final_experiment_check\outputs\random1200_null_random1200_seed2\11_10_lst064_stress_full_polybeam_lines_S1000_multi.npz,9.10175923472585,9444.443085672718,1.7798436919007438e-05,140609741.2109375,False,False,False,False,False,False,False,False,False,False,False,False
11_10,153.90399534464717,mid,stress,64,2461041.9444444445,2461041.951267397,full_polybeam,khz_comb,30.0,single,coherent_ab,2,3,1,56246,87.493,1.0,281210743945.93134,0.2812107439459313,0,2,2,2,0.0,0.2812107439459313,0.0,0.9963509766045548,281210743945.93134,0.0,2.346017011011772,2.346017011011772,0.004498607304501307,False,20264273,100,,,1.0,1.0,0.0,0.0,0.0,0.0,0.0,0.0,0.0,0.0,0.0,,,0.0,0.0,0.0,0.0,1305,0.04802287038716557,-1.445965571882522,1.4440828042107998,-4095.9999999999995,4090.666666666666,C:\Users\kimeu\Downloads\starlink_pathB_wsl_package_v0_3_clean\starlink_pathB\paper_final_experiment_check\outputs\random1200_null_random1200_seed2\11_10_lst064_stress_full_polybeam_khz_comb_S30_single.npz,9.10175923472585,9444.443085672718,1.7798436919007438e-05,140609741.2109375,False,False,False,False,False,False,False,False,False,False,False,False
11_10,153.90399534464717,mid,stress,64,2461041.9444444445,2461041.951267397,full_polybeam,khz_comb,30.0,multi,coherent_ab,2,3,3,56246;52554;57902,87.493;76.305;71.603,1.0,281210743945.93134,0.2812107439459313,0,2,2,2,0.0,0.2812107439459313,0.0,0.9963509766045548,281210743945.93134,0.0,2.428169003785373,2.346017011011772,0.0047481196142612914,False,20264290,100,,,1.0,1.0,0.0,0.0,0.0,0.0,0.0,0.0,0.0,0.0,0.0,,,0.0,0.0,0.0,0.0,1305,0.04802287038716557,-1.445965571882522,1.4440828042107998,-4095.9999999999995,4090.666666666666,C:\Users\kimeu\Downloads\starlink_pathB_wsl_package_v0_3_clean\starlink_pathB\paper_final_experiment_check\outputs\random1200_null_random1200_seed2\11_10_lst064_stress_full_polybeam_khz_comb_S30_multi.npz,9.10175923472585,9444.443085672718,1.7798436919007438e-05,140609741.2109375,False,False,False,False,False,False,False,False,False,False,False,False
11_10,153.90399534464717,mid,stress,64,2461041.9444444445,2461041.951267397,full_polybeam,khz_comb,1000.0,single,coherent_ab,2,3,1,56246,87.493,1.0,281210743945.93134,0.2812107439459313,0,2,2,2,0.0,0.2812107439459313,0.0,0.9963509766045548,281210743945.93134,0.0,78.20056703372576,78.20056703372576,0.14995357681671026,False,20264307,100,,,1.0,1.0,0.0,0.0,0.0,0.0,0.0,0.0,0.0,0.0,0.0,,,0.0,0.0,0.0,0.0,1305,0.04802287038716557,-1.445965571882522,1.4440828042107998,-4095.9999999999995,4090.666666666666,C:\Users\kimeu\Downloads\starlink_pathB_wsl_package_v0_3_clean\starlink_pathB\paper_final_experiment_check\outputs\random1200_null_random1200_seed2\11_10_lst064_stress_full_polybeam_khz_comb_S1000_single.npz,9.10175923472585,9444.443085672718,1.7798436919007438e-05,140609741.2109375,False,False,False,False,False,False,False,False,False,False,False,False
11_10,153.90399534464717,mid,stress,64,2461041.9444444445,2461041.951267397,full_polybeam,khz_comb,1000.0,multi,coherent_ab,2,3,3,56246;52554;57902,87.493;76.305;71.603,1.0,281210743945.93134,0.2812107439459313,0,2,2,2,0.0,0.2812107439459313,0.0,0.9963509766045548,281210743945.93134,0.0,80.93896679284578,78.20056703372576,0.15827065380870975,False,20264324,100,,,1.0,1.0,0.0,0.0,0.0,0.0,0.0,0.0,0.0,0.0,0.0,,,0.0,0.0,0.0,0.0,1305,0.04802287038716557,-1.445965571882522,1.4440828042107998,-4095.9999999999995,4090.666666666666,C:\Users\kimeu\Downloads\starlink_pathB_wsl_package_v0_3_clean\starlink_pathB\paper_final_experiment_check\outputs\random1200_null_random1200_seed2\11_10_lst064_stress_full_polybeam_khz_comb_S1000_multi.npz,9.10175923472585,9444.443085672718,1.7798436919007438e-05,140609741.2109375,False,False,False,False,False,False,False,False,False,False,False,False
157_146,140.36979839670377,mid,quiet,16,2461041.611111111,2461041.6179340645,frozen_polybeam,smooth,30.0,single,coherent_ab,2,6,1,46128,87.693,0.1657426075268817,1.2547272640388289e-08,0.0212303841364464,0,2,2,2,0.0,0.0212303841364464,0.0,0.0519940798441188,1.2547272640388289e-08,1692031.786103713,1.1739048014855091,1.1739048014855091,0.0012751254207119215,False,20264293,100,2.1356152919515665,0.8636163669235756,0.0891089108910891,0.04950495049504951,13.322004875562016,2383.4783081164915,10.877053189329672,13.761090600818397,14.317217426879079,2286.01493511572,2382.4038689180393,2385.4247990144463,0.7721883833410175,1.4205529407284265,1.3302762403182669,2383.4783081164915,633.2202728281334,7185194.357100749,0.0003317207843878329,1323,0.043799776734723475,-1.445965571882522,1.4440828042107998,-4095.9999999999995,4090.666666666666,C:\Users\kimeu\Downloads\starlink_pathB_wsl_package_v0_3_clean\starlink_pathB\paper_final_experiment_check\outputs\random1200_null_random1200_seed2\157_146_lst016_quiet_frozen_polybeam_smooth_S30_single.npz,9.10175923472585,9444.443085672718,1.7798436919007438e-05,140609741.2109375,True,False,False,False,False,False,False,False,False,False,False,False
157_146,140.36979839670377,mid,quiet,16,2461041.611111111,2461041.6179340645,frozen_polybeam,smooth,30.0,multi,coherent_ab,2,6,6,46128;56384;58387;56389;54127;55913,87.693;82.446;80.107;75.957;73.718;73.005,0.1657426075268817,1.2547272640388289e-08,0.0212303841364464,0,2,2,2,0.0,0.0212303841364464,0.0,0.0519940798441188,1.2547272640388289e-08,1692031.786103713,1.3627781755570285,1.1739048014855091,0.0018998032054397271,False,20264310,100,1.7217845923943198,1.1142247815798705,0.09900990099009901,0.1485148514851485,14.152457880182737,2472.607575118203,10.67703773366793,14.465535800093402,15.069004756146889,2328.090637594711,2496.1479596320364,2521.082709780693,1.3614587936713178,2.682356268061061,1.1939505178234617,2472.607575118203,671.6823639408935,7185194.357100749,0.00034412535725977334,1323,0.043799776734723475,-1.445965571882522,1.4440828042107998,-4095.9999999999995,4090.666666666666,C:\Users\kimeu\Downloads\starlink_pathB_wsl_package_v0_3_clean\starlink_pathB\paper_final_experiment_check\outputs\random1200_null_random1200_seed2\157_146_lst016_quiet_frozen_polybeam_smooth_S30_multi.npz,9.10175923472585,9444.443085672718,1.7798436919007438e-05,140609741.2109375,False,False,False,False,False,False,False,False,False,False,False,False
157_146,140.36979839670377,mid,quiet,16,2461041.611111111,2461041.6179340645,frozen_polybeam,smooth,1000.0,single,coherent_ab,2,6,1,46128,87.693,0.1657426075268817,1.2547272640388289e-08,0.0212303841364464,0,2,2,2,0.0,0.0212303841364464,0.0,0.0519940798441188,1.2547272640388289e-08,1692031.786103713,39.13016004951698,39.13016004951698,0.04250418069039739,False,20264327,100,2.6424796732439537,0.6996195284960474,0.12871287128712872,0.21782178217821782,429.40142187742094,78722.93927980075,354.42151706003096,448.8745962543781,460.7217664198086,76074.87203317002,80310.60941900325,80415.06615016687,19.138558929264946,0.9838932902808695,0.9228455090176066,78722.93927980075,16944.097615941886,7185194.357100749,0.010956271377962519,1323,0.043799776734723475,-1.445965571882522,1.4440828042107998,-4095.9999999999995,4090.666666666666,C:\Users\kimeu\Downloads\starlink_pathB_wsl_package_v0_3_clean\starlink_pathB\paper_final_experiment_check\outputs\random1200_null_random1200_seed2\157_146_lst016_quiet_frozen_polybeam_smooth_S1000_single.npz,9.10175923472585,9444.443085672718,1.7798436919007438e-05,140609741.2109375,True,False,False,False,False,False,False,False,False,False,False,False
157_146,140.36979839670377,mid,quiet,16,2461041.611111111,2461041.6179340645,frozen_polybeam,smooth,1000.0,multi,coherent_ab,2,6,6,46128;56384;58387;56389;54127;55913,87.693;82.446;80.107;75.957;73.718;73.005,0.1657426075268817,1.2547272640388289e-08,0.0212303841364464,0,2,2,2,0.0,0.0212303841364464,0.0,0.0519940798441188,1.2547272640388289e-08,1692031.786103713,45.425939185234306,39.13016004951698,0.06332677351465757,False,20264344,100,1.6022437359233637,1.362031922782047,0.09900990099009901,0.15841584158415842,457.4202606294202,81652.7952574416,360.1666382703934,476.5684881297966,486.0556232356224,77156.07474978005,82858.91442687293,85062.89275300526,40.94050620144071,2.261221482072742,1.0081741316059167,81652.7952574416,18230.96929920281,7185194.357100749,0.011364034318257298,1323,0.043799776734723475,-1.445965571882522,1.4440828042107998,-4095.9999999999995,4090.666666666666,C:\Users\kimeu\Downloads\starlink_pathB_wsl_package_v0_3_clean\starlink_pathB\paper_final_experiment_check\outputs\random1200_null_random1200_seed2\157_146_lst016_quiet_frozen_polybeam_smooth_S1000_multi.npz,9.10175923472585,9444.443085672718,1.7798436919007438e-05,140609741.2109375,False,False,False,False,False,False,False,False,False,False,False,False
157_146,140.36979839670377,mid,quiet,16,2461041.611111111,2461041.6179340645,frozen_polybeam,lines,30.0,single,coherent_ab,2,6,1,46128,87.693,0.1657426075268817,1.2547272640388289e-08,0.0212303841364464,0,2,2,2,0.0,0.0212303841364464,0.0,0.0519940798441188,1.2547272640388289e-08,1692031.786103713,1.1738462859812702,1.1738462859812702,0.001276984025533995,False,20264361,100,1.2394138763601876,0.8143205188336909,0.1485148514851485,0.0594059405940594,13.079418769564654,2381.2809427069415,10.84382938097042,13.993099455507537,14.065961518348086,2297.3379292689956,2380.6283006026833,2382.7458807660437,1.2166108620785963,1.1949043003887363,1.1257644850467337,2381.2809427069415,630.1997684250944,7185194.357100749,0.00033141496588100596,1323,0.043799776734723475,-1.445965571882522,1.4440828042107998,-4095.9999999999995,4090.666666666666,C:\Users\kimeu\Downloads\starlink_pathB_wsl_package_v0_3_clean\starlink_pathB\paper_final_experiment_check\outputs\random1200_null_random1200_seed2\157_146_lst016_quiet_frozen_polybeam_lines_S30_single.npz,9.10175923472585,9444.443085672718,1.7798436919007438e-05,140609741.2109375,False,False,False,False,False,False,False,False,False,False,False,False
157_146,140.36979839670377,mid,quiet,16,2461041.611111111,2461041.6179340645,frozen_polybeam,lines,30.0,multi,coherent_ab,2,6,6,46128;56384;58387;56389;54127;55913,87.693;82.446;80.107;75.957;73.718;73.005,0.1657426075268817,1.2547272640388289e-08,0.0212303841364464,0,2,2,2,0.0,0.0212303841364464,0.0,0.0519940798441188,1.2547272640388289e-08,1692031.786103713,1.3626941660248142,1.1738462859812702,0.0019025441303780497,False,20264378,100,1.4728903015762207,1.1135854434367949,0.0594059405940594,0.1485148514851485,13.91628356529236,2471.2489896966763,11.057903715235625,13.789052788587968,14.414147294842715,2341.9130119755882,2500.419089497555,2507.9857275773793,1.3089574925397756,2.663652767803312,1.2642605988680164,2471.2489896966763,668.2774763709849,7185194.357100749,0.0003439362760249444,1323,0.043799776734723475,-1.445965571882522,1.4440828042107998,-4095.9999999999995,4090.666666666666,C:\Users\kimeu\Downloads\starlink_pathB_wsl_package_v0_3_clean\starlink_pathB\paper_final_experiment_check\outputs\random1200_null_random1200_seed2\157_146_lst016_quiet_frozen_polybeam_lines_S30_multi.npz,9.10175923472585,9444.443085672718,1.7798436919007438e-05,140609741.2109375,False,False,False,False,False,False,False,False,False,False,False,False
157_146,140.36979839670377,mid,quiet,16,2461041.611111111,2461041.6179340645,frozen_polybeam,lines,1000.0,single,coherent_ab,2,6,1,46128,87.693,0.1657426075268817,1.2547272640388289e-08,0.0212303841364464,0,2,2,2,0.0,0.0212303841364464,0.0,0.0519940798441188,1.2547272640388289e-08,1692031.786103713,39.128209532709015,39.128209532709015,0.04256613418446649,False,20264395,100,1.9716213025775469,0.7312067372806222,0.07920792079207921,0.2376237623762376,421.8953340565531,78657.83468127242,353.22176980526365,435.58509386655544,452.2876058908064,76141.39057677682,80313.16306859246,80366.82010006804,23.49319539571934,1.0811679611743379,0.9992059749967745,78657.83468127242,16840.561398283033,7185194.357100749,0.010947210440249124,1323,0.043799776734723475,-1.445965571882522,1.4440828042107998,-4095.9999999999995,4090.666666666666,C:\Users\kimeu\Downloads\starlink_pathB_wsl_package_v0_3_clean\starlink_pathB\paper_final_experiment_check\outputs\random1200_null_random1200_seed2\157_146_lst016_quiet_frozen_polybeam_lines_S1000_single.npz,9.10175923472585,9444.443085672718,1.7798436919007438e-05,140609741.2109375,False,False,False,False,False,False,False,False,False,False,False,False
157_146,140.36979839670377,mid,quiet,16,2461041.611111111,2461041.6179340645,frozen_polybeam,lines,1000.0,multi,coherent_ab,2,6,6,46128;56384;58387;56389;54127;55913,87.693;82.446;80.107;75.957;73.718;73.005,0.1657426075268817,1.2547272640388289e-08,0.0212303841364464,0,2,2,2,0.0,0.0212303841364464,0.0,0.0519940798441188,1.2547272640388289e-08,1692031.786103713,45.42313886749382,39.128209532709015,0.06341813767926831,False,20264412,100,2.0858618367323505,1.1128113950256397,0.06930693069306931,0.1782178217821782,450.1242993706228,81580.43100912699,351.1988915377515,456.4697121518477,472.0282465325457,77711.80427483821,83550.9808312362,84777.2900670422,31.988827009392708,2.335149304234258,1.1787699690465756,81580.43100912699,18114.547028966495,7185194.357100749,0.011353963018203584,1323,0.043799776734723475,-1.445965571882522,1.4440828042107998,-4095.9999999999995,4090.666666666666,C:\Users\kimeu\Downloads\starlink_pathB_wsl_package_v0_3_clean\starlink_pathB\paper_final_experiment_check\outputs\random1200_null_random1200_seed2\157_146_lst016_quiet_frozen_polybeam_lines_S1000_multi.npz,9.10175923472585,9444.443085672718,1.7798436919007438e-05,140609741.2109375,True,False,False,False,False,False,False,False,False,False,False,False
157_146,140.36979839670377,mid,quiet,16,2461041.611111111,2461041.6179340645,frozen_polybeam,khz_comb,30.0,single,coherent_ab,2,6,1,46128,87.693,0.1657426075268817,1.2547272640388289e-08,0.0212303841364464,0,2,2,2,0.0,0.0212303841364464,0.0,0.0519940798441188,1.2547272640388289e-08,1692031.786103713,1.1654942479049655,1.1654942479049655,0.0011889339260762642,False,20264429,100,2.26259171606276,1.376386826063643,0.1188118811881188,0.04950495049504951,12.251523150038338,2300.273666922384,10.193299176737128,12.67323556175156,13.091604917205759,2215.9159167294533,2298.4235998515055,2302.0410890832295,0.613567636206426,1.0899425010000803,1.042428453479764,2300.273666922384,551.9718237557962,7185194.357100749,0.00032014077178707696,1323,0.043799776734723475,-1.445965571882522,1.4440828042107998,-4095.9999999999995,4090.666666666666,C:\Users\kimeu\Downloads\starlink_pathB_wsl_package_v0_3_clean\starlink_pathB\paper_final_experiment_check\outputs\random1200_null_random1200_seed2\157_146_lst016_quiet_frozen_polybeam_khz_comb_S30_single.npz,9.10175923472585,9444.443085672718,1.7798436919007438e-05,140609741.2109375,True,False,False,False,False,False,False,False,False,False,False,False
157_146,140.36979839670377,mid,quiet,16,2461041.611111111,2461041.6179340645,frozen_polybeam,khz_comb,30.0,multi,coherent_ab,2,6,6,46128;56384;58387;56389;54127;55913,87.693;82.446;80.107;75.957;73.718;73.005,0.1657426075268817,1.2547272640388289e-08,0.0212303841364464,0,2,2,2,0.0,0.0212303841364464,0.0,0.0519940798441188,1.2547272640388289e-08,1692031.786103713,1.3276036560366056,1.1654942479049655,0.0017512708553519378,False,20264446,100,1.874767031952958,1.0350645674285248,0.019801980198019802,0.1485148514851485,13.249023339320956,2393.905888135124,10.311985474473659,12.596939760350415,13.050641933391338,2259.5197269050195,2417.7485990756677,2434.1038197302987,1.0566672372133326,2.3345943649251972,1.244694548828129,2393.905888135124,586.9945528157729,7185194.357100749,0.0003331720436719088,1323,0.043799776734723475,-1.445965571882522,1.4440828042107998,-4095.9999999999995,4090.666666666666,C:\Users\kimeu\Downloads\starlink_pathB_wsl_package_v0_3_clean\starlink_pathB\paper_final_experiment_check\outputs\random1200_null_random1200_seed2\157_146_lst016_quiet_frozen_polybeam_khz_comb_S30_multi.npz,9.10175923472585,9444.443085672718,1.7798436919007438e-05,140609741.2109375,False,False,True,False,False,False,False,False,False,False,False,False
157_146,140.36979839670377,mid,quiet,16,2461041.611111111,2461041.6179340645,frozen_polybeam,khz_comb,1000.0,single,coherent_ab,2,6,1,46128,87.693,0.1657426075268817,1.2547272640388289e-08,0.0212303841364464,0,2,2,2,0.0,0.0212303841364464,0.0,0.0519940798441188,1.2547272640388289e-08,1692031.786103713,38.84980826349884,38.84980826349884,0.0396311308692088,False,20264463,100,1.8833438385082255,0.7460081085282274,0.09900990099009901,0.19801980198019803,397.33434145441424,76023.97872116952,338.2704690548708,411.15508532020505,423.8212350009139,74312.33493934726,77033.10701837964,77518.15153847312,21.15282156016292,0.9852287736975377,0.9309786330239367,76023.97872116952,14066.816579584287,7185194.357100749,0.01058064332609723,1323,0.043799776734723475,-1.445965571882522,1.4440828042107998,-4095.9999999999995,4090.666666666666,C:\Users\kimeu\Downloads\starlink_pathB_wsl_package_v0_3_clean\starlink_pathB\paper_final_experiment_check\outputs\random1200_null_random1200_seed2\157_146_lst016_quiet_frozen_polybeam_khz_comb_S1000_single.npz,9.10175923472585,9444.443085672718,1.7798436919007438e-05,140609741.2109375,False,False,False,False,False,False,False,False,False,False,False,False
157_146,140.36979839670377,mid,quiet,16,2461041.611111111,2461041.6179340645,frozen_polybeam,khz_comb,1000.0,multi,coherent_ab,2,6,6,46128;56384;58387;56389;54127;55913,87.693;82.446;80.107;75.957;73.718;73.005,0.1657426075268817,1.2547272640388289e-08,0.0212303841364464,0,2,2,2,0.0,0.0212303841364464,0.0,0.0519940798441188,1.2547272640388289e-08,1692031.786103713,44.253455201220184,38.84980826349884,0.05837569517839793,False,20264480,100,1.7859759350916273,1.0752655229895827,0.0594059405940594,0.1782178217821782,430.8550639858713,79059.80332906722,342.8472623939997,430.4904367153244,449.5527070844376,74962.34458364487,80705.98134504161,81924.05843911464,33.236981400044215,2.0022559971093057,0.9666780582318015,79059.80332906722,15232.681893338395,7185194.357100749,0.011003154458993384,1323,0.043799776734723475,-1.445965571882522,1.4440828042107998,-4095.9999999999995,4090.666666666666,C:\Users\kimeu\Downloads\starlink_pathB_wsl_package_v0_3_clean\starlink_pathB\paper_final_experiment_check\outputs\random1200_null_random1200_seed2\157_146_lst016_quiet_frozen_polybeam_khz_comb_S1000_multi.npz,9.10175923472585,9444.443085672718,1.7798436919007438e-05,140609741.2109375,False,False,False,False,False,False,False,False,False,False,False,False
157_146,140.36979839670377,mid,quiet,16,2461041.611111111,2461041.6179340645,full_polybeam,smooth,30.0,single,coherent_ab,2,6,1,46128,87.693,0.1657426075268817,1.2547272640388289e-08,0.0212303841364464,0,2,2,2,0.0,0.0212303841364464,0.0,0.0519940798441188,1.2547272640388289e-08,1692031.786103713,1.0984088244922214,1.0984088244922214,0.0014502899368924252,False,20264497,100,1.388456110163039,0.8917252021803659,0.1188118811881188,0.13861386138613863,14.210196232827002,2618.0932190898957,12.352629579241693,15.129550272179358,15.226882841918078,2480.7966665548993,2620.68808770449,2622.756928238074,0.9023774923703058,1.2522938780989663,1.138164798549417,2618.0932190898957,841.676212609377,7185194.357100749,0.000364373333409217,1323,0.043799776734723475,-1.445965571882522,1.4440828042107998,-4095.9999999999995,4090.666666666666,C:\Users\kimeu\Downloads\starlink_pathB_wsl_package_v0_3_clean\starlink_pathB\paper_final_experiment_check\outputs\random1200_null_random1200_seed2\157_146_lst016_quiet_full_polybeam_smooth_S30_single.npz,9.10175923472585,9444.443085672718,1.7798436919007438e-05,140609741.2109375,False,False,False,False,False,False,False,False,False,False,False,False
157_146,140.36979839670377,mid,quiet,16,2461041.611111111,2461041.6179340645,full_polybeam,smooth,30.0,multi,coherent_ab,2,6,6,46128;56384;58387;56389;54127;55913,87.693;82.446;80.107;75.957;73.718;73.005,0.1657426075268817,1.2547272640388289e-08,0.0212303841364464,0,2,2,2,0.0,0.0212303841364464,0.0,0.0519940798441188,1.2547272640388289e-08,1692031.786103713,1.6425639877572913,1.0984088244922214,0.0027104907766080867,False,20264514,100,0.3068423883495066,0.2302698117892554,0.36633663366336633,0.44554455445544555,13.874440062074427,2609.0447990600496,13.203074438399199,15.775688252041983,17.206789085250023,2580.1914625249683,2750.873396901185,2783.641668262047,1.4757736433839455,2.2400237484640653,1.2795761022917307,2609.0447990600496,844.05201750017,7185194.357100749,0.00036311401882701584,1323,0.043799776734723475,-1.445965571882522,1.4440828042107998,-4095.9999999999995,4090.666666666666,C:\Users\kimeu\Downloads\starlink_pathB_wsl_package_v0_3_clean\starlink_pathB\paper_final_experiment_check\outputs\random1200_null_random1200_seed2\157_146_lst016_quiet_full_polybeam_smooth_S30_multi.npz,9.10175923472585,9444.443085672718,1.7798436919007438e-05,140609741.2109375,False,False,False,False,False,False,False,False,False,False,False,False
157_146,140.36979839670377,mid,quiet,16,2461041.611111111,2461041.6179340645,full_polybeam,smooth,1000.0,single,coherent_ab,2,6,1,46128,87.693,0.1657426075268817,1.2547272640388289e-08,0.0212303841364464,0,2,2,2,0.0,0.0212303841364464,0.0,0.0519940798441188,1.2547272640388289e-08,1692031.786103713,36.61362748307405,36.61362748307405,0.04834299789641419,False,20264531,100,1.3605494193925534,0.9370639027087269,0.1485148514851485,0.13861386138613863,466.39945212671864,87124.57988726196,407.21628948603757,496.2788632699759,500.8452189033681,82204.21723783636,87392.15576931305,87671.00684921585,29.339982619346756,1.4600460959528583,1.3093760531792387,87124.57988726196,27150.70688932884,7185194.357100749,0.012125570382262705,1323,0.043799776734723475,-1.445965571882522,1.4440828042107998,-4095.9999999999995,4090.666666666666,C:\Users\kimeu\Downloads\starlink_pathB_wsl_package_v0_3_clean\starlink_pathB\paper_final_experiment_check\outputs\random1200_null_random1200_seed2\157_146_lst016_quiet_full_polybeam_smooth_S1000_single.npz,9.10175923472585,9444.443085672718,1.7798436919007438e-05,140609741.2109375,False,False,False,False,False,False,False,False,False,False,False,False
157_146,140.36979839670377,mid,quiet,16,2461041.611111111,2461041.6179340645,full_polybeam,smooth,1000.0,multi,coherent_ab,2,6,6,46128;56384;58387;56389;54127;55913,87.693;82.446;80.107;75.957;73.718;73.005,0.1657426075268817,1.2547272640388289e-08,0.0212303841364464,0,2,2,2,0.0,0.0212303841364464,0.0,0.0519940798441188,1.2547272640388289e-08,1692031.786103713,54.75213292524303,36.61362748307405,0.0903496925536029,False,20264548,100,0.4100883751245684,-0.18140455346556703,0.38613861386138615,0.5148514851485149,455.39189462156264,86838.4963679029,432.08110821384525,543.6641588661639,565.3941507470754,87487.9520653275,92621.91406037402,93491.09766336465,38.340296828365354,2.347745631665966,1.2271804846722147,86838.4963679029,26972.407437642923,7185194.357100749,0.012085754685547926,1323,0.043799776734723475,-1.445965571882522,1.4440828042107998,-4095.9999999999995,4090.666666666666,C:\Users\kimeu\Downloads\starlink_pathB_wsl_package_v0_3_clean\starlink_pathB\paper_final_experiment_check\outputs\random1200_null_random1200_seed2\157_146_lst016_quiet_full_polybeam_smooth_S1000_multi.npz,9.10175923472585,9444.443085672718,1.7798436919007438e-05,140609741.2109375,False,False,False,False,False,False,False,False,False,False,False,False
157_146,140.36979839670377,mid,quiet,16,2461041.611111111,2461041.6179340645,full_polybeam,lines,30.0,single,coherent_ab,2,6,1,46128,87.693,0.1657426075268817,1.2547272640388289e-08,0.0212303841364464,0,2,2,2,0.0,0.0212303841364464,0.0,0.0519940798441188,1.2547272640388289e-08,1692031.786103713,1.0983353259185236,1.0983353259185236,0.0014523777691219208,False,20264565,100,0.6585452318029884,0.7169961181434884,0.2376237623762376,0.1485148514851485,13.944449716718736,2617.3327074710396,12.932332387371389,14.762077278712331,14.943173015247421,2490.8611182819404,2621.6344050741955,2622.1219575571436,1.0366239905524708,1.043513497240657,1.0139803804508396,2617.3327074710396,838.6029819604498,7185194.357100749,0.00036426748914376514,1323,0.043799776734723475,-1.445965571882522,1.4440828042107998,-4095.9999999999995,4090.666666666666,C:\Users\kimeu\Downloads\starlink_pathB_wsl_package_v0_3_clean\starlink_pathB\paper_final_experiment_check\outputs\random1200_null_random1200_seed2\157_146_lst016_quiet_full_polybeam_lines_S30_single.npz,9.10175923472585,9444.443085672718,1.7798436919007438e-05,140609741.2109375,False,False,False,False,False,False,False,False,False,False,False,False
157_146,140.36979839670377,mid,quiet,16,2461041.611111111,2461041.6179340645,full_polybeam,lines,30.0,multi,coherent_ab,2,6,6,46128;56384;58387;56389;54127;55913,87.693;82.446;80.107;75.957;73.718;73.005,0.1657426075268817,1.2547272640388289e-08,0.0212303841364464,0,2,2,2,0.0,0.0212303841364464,0.0,0.0519940798441188,1.2547272640388289e-08,1692031.786103713,1.6424112285044719,1.0983353259185236,0.0027139205438939705,False,20264582,100,0.3257688005183434,0.16088966140946706,0.40594059405940597,0.4752475247524752,13.61342130799494,2609.1209040269523,13.047245117722923,15.66760696975616,16.872278925302854,2585.018256253105,2745.3634877871373,2760.6387754795446,1.1722442663831316,2.499261814118781,1.2800561149172798,2609.1209040269523,840.3266416000031,7185194.357100749,0.0003631246107418786,1323,0.043799776734723475,-1.445965571882522,1.4440828042107998,-4095.9999999999995,4090.666666666666,C:\Users\kimeu\Downloads\starlink_pathB_wsl_package_v0_3_clean\starlink_pathB\paper_final_experiment_check\outputs\random1200_null_random1200_seed2\157_146_lst016_quiet_full_polybeam_lines_S30_multi.npz,9.10175923472585,9444.443085672718,1.7798436919007438e-05,140609741.2109375,False,False,False,False,False,False,False,False,False,False,False,False
157_146,140.36979839670377,mid,quiet,16,2461041.611111111,2461041.6179340645,full_polybeam,lines,1000.0,single,coherent_ab,2,6,1,46128,87.693,0.1657426075268817,1.2547272640388289e-08,0.0212303841364464,0,2,2,2,0.0,0.0212303841364464,0.0,0.0519940798441188,1.2547272640388289e-08,1692031.786103713,36.611177530617454,36.611177530617454,0.048412592304064014,False,20264599,100,1.1175488642327907,0.8480586105131976,0.2871287128712871,0.12871287128712872,458.24926258916,87121.65944765884,410.26972219809704,489.71709723554045,491.9210712602104,82697.98883087796,87240.68243072495,87627.03303071423,28.957800122612753,0.9576106263830884,0.9028096256780278,87121.65944765884,27041.027401413616,7185194.357100749,0.012125163929847088,1323,0.043799776734723475,-1.445965571882522,1.4440828042107998,-4095.9999999999995,4090.666666666666,C:\Users\kimeu\Downloads\starlink_pathB_wsl_package_v0_3_clean\starlink_pathB\paper_final_experiment_check\outputs\random1200_null_random1200_seed2\157_146_lst016_quiet_full_polybeam_lines_S1000_single.npz,9.10175923472585,9444.443085672718,1.7798436919007438e-05,140609741.2109375,False,False,False,False,False,False,False,False,False,False,False,False
157_146,140.36979839670377,mid,quiet,16,2461041.611111111,2461041.6179340645,full_polybeam,lines,1000.0,multi,coherent_ab,2,6,6,46128;56384;58387;56389;54127;55913,87.693;82.446;80.107;75.957;73.718;73.005,0.1657426075268817,1.2547272640388289e-08,0.0212303841364464,0,2,2,2,0.0,0.0212303841364464,0.0,0.0519940798441188,1.2547272640388289e-08,1692031.786103713,54.747040950149064,36.611177530617454,0.090464018129799,False,20264616,100,0.07183540864076504,0.3131937572685259,0.45544554455445546,0.42574257425742573,447.3923684677993,86833.0414447145,443.1697426750625,530.4174408541777,574.1708957016729,85490.90749258948,91345.15390601022,91901.97996274472,39.64788579642436,2.4658241736330666,1.046356927286575,86833.0414447145,26841.0723218891,7185194.357100749,0.01208499549617638,1323,0.043799776734723475,-1.445965571882522,1.4440828042107998,-4095.9999999999995,4090.666666666666,C:\Users\kimeu\Downloads\starlink_pathB_wsl_package_v0_3_clean\starlink_pathB\paper_final_experiment_check\outputs\random1200_null_random1200_seed2\157_146_lst016_quiet_full_polybeam_lines_S1000_multi.npz,9.10175923472585,9444.443085672718,1.7798436919007438e-05,140609741.2109375,False,False,False,False,False,False,False,False,False,False,False,False
157_146,140.36979839670377,mid,quiet,16,2461041.611111111,2461041.6179340645,full_polybeam,khz_comb,30.0,single,coherent_ab,2,6,1,46128,87.693,0.1657426075268817,1.2547272640388289e-08,0.0212303841364464,0,2,2,2,0.0,0.0212303841364464,0.0,0.0519940798441188,1.2547272640388289e-08,1692031.786103713,1.0924151559159874,1.0924151559159874,0.001317594742621317,False,20264633,100,1.0668314314987497,0.8227031316885195,0.19801980198019803,0.09900990099009901,12.860555781104267,2446.1564734646163,11.555200221195264,13.451858022991155,13.576312951882992,2366.433733282829,2447.4821150014996,2449.123448246475,0.8252946407410491,1.0820828603305286,1.012098315543786,2446.1564734646163,722.0993175925453,7185194.357100749,0.000340444023069078,1323,0.043799776734723475,-1.445965571882522,1.4440828042107998,-4095.9999999999995,4090.666666666666,C:\Users\kimeu\Downloads\starlink_pathB_wsl_package_v0_3_clean\starlink_pathB\paper_final_experiment_check\outputs\random1200_null_random1200_seed2\157_146_lst016_quiet_full_polybeam_khz_comb_S30_single.npz,9.10175923472585,9444.443085672718,1.7798436919007438e-05,140609741.2109375,False,False,False,False,False,False,False,False,False,False,False,False
157_146,140.36979839670377,mid,quiet,16,2461041.611111111,2461041.6179340645,full_polybeam,khz_comb,30.0,multi,coherent_ab,2,6,6,46128;56384;58387;56389;54127;55913,87.693;82.446;80.107;75.957;73.718;73.005,0.1657426075268817,1.2547272640388289e-08,0.0212303841364464,0,2,2,2,0.0,0.0212303841364464,0.0,0.0519940798441188,1.2547272640388289e-08,1692031.786103713,1.5401778170771943,1.0924151559159874,0.002398477419969613,False,20264650,100,0.22165881221485462,0.34638585370843106,0.44554455445544555,0.39603960396039606,12.738448235240867,2457.6366412543694,12.349811120868708,15.048488682553034,15.611040262007014,2414.791697634927,2565.1659590124546,2583.9995155855263,1.1825929220426588,2.400460387608399,1.2447757737357243,2457.6366412543694,726.1369518480183,7185194.357100749,0.00034204177634048497,1323,0.043799776734723475,-1.445965571882522,1.4440828042107998,-4095.9999999999995,4090.666666666666,C:\Users\kimeu\Downloads\starlink_pathB_wsl_package_v0_3_clean\starlink_pathB\paper_final_experiment_check\outputs\random1200_null_random1200_seed2\157_146_lst016_quiet_full_polybeam_khz_comb_S30_multi.npz,9.10175923472585,9444.443085672718,1.7798436919007438e-05,140609741.2109375,False,False,False,False,False,False,False,False,False,False,False,False
157_146,140.36979839670377,mid,quiet,16,2461041.611111111,2461041.6179340645,full_polybeam,khz_comb,1000.0,single,coherent_ab,2,6,1,46128,87.693,0.1657426075268817,1.2547272640388289e-08,0.0212303841364464,0,2,2,2,0.0,0.0212303841364464,0.0,0.0519940798441188,1.2547272640388289e-08,1692031.786103713,36.41383853053291,36.41383853053291,0.04391982475404391,False,20264667,100,0.5662818139431347,0.7574780627673643,0.31683168316831684,0.15841584158415842,423.4919128751999,81228.5915548302,401.48973850543916,448.99463826893793,451.1453455385652,78487.23215073175,81877.05055246719,82105.68352973726,26.206498134666617,0.7962011661121359,0.7516494066361301,81228.5915548302,22477.813084476606,7185194.357100749,0.011304995733978477,1323,0.043799776734723475,-1.445965571882522,1.4440828042107998,-4095.9999999999995,4090.666666666666,C:\Users\kimeu\Downloads\starlink_pathB_wsl_package_v0_3_clean\starlink_pathB\paper_final_experiment_check\outputs\random1200_null_random1200_seed2\157_146_lst016_quiet_full_polybeam_khz_comb_S1000_single.npz,9.10175923472585,9444.443085672718,1.7798436919007438e-05,140609741.2109375,False,False,False,False,False,False,False,False,False,False,False,False
157_146,140.36979839670377,mid,quiet,16,2461041.611111111,2461041.6179340645,full_polybeam,khz_comb,1000.0,multi,coherent_ab,2,6,6,46128;56384;58387;56389;54127;55913,87.693;82.446;80.107;75.957;73.718;73.005,0.1657426075268817,1.2547272640388289e-08,0.0212303841364464,0,2,2,2,0.0,0.0212303841364464,0.0,0.0519940798441188,1.2547272640388289e-08,1692031.786103713,51.33926056923981,36.41383853053291,0.07994924733232044,False,20264684,100,0.4086355872687876,0.4973398606318994,0.39603960396039606,0.3069306930693069,419.5464453926206,81692.95725692349,392.42551523351904,480.64204888338446,508.37886015180766,79645.06891938753,84792.5880407689,85476.71411559911,44.765598862763,2.1082096953125675,1.2415569589265703,81692.95725692349,22425.640093519913,7185194.357100749,0.01136962386775114,1323,0.043799776734723475,-1.445965571882522,1.4440828042107998,-4095.9999999999995,4090.666666666666,C:\Users\kimeu\Downloads\starlink_pathB_wsl_package_v0_3_clean\starlink_pathB\paper_final_experiment_check\outputs\random1200_null_random1200_seed2\157_146_lst016_quiet_full_polybeam_khz_comb_S1000_multi.npz,9.10175923472585,9444.443085672718,1.7798436919007438e-05,140609741.2109375,False,False,False,False,False,False,False,False,False,False,False,False
157_146,140.36979839670377,mid,typical,46,2461041.8194444445,2461041.826267397,frozen_polybeam,smooth,30.0,single,coherent_ab,6,4,1,52302,85.896,0.1653855846774193,1.874030786702616e-07,0.2357282416768072,0,6,6,6,0.0,0.2357282416768072,0.0,0.4552977482091947,1.874030786702616e-07,1257867.4979591686,0.5341366303746954,0.5341366303746954,0.0009492717778039054,False,20264731,100,2.03554276745703,0.9883785963462366,0.0891089108910891,0.2079207920792079,3.522046064254937,474.3801283616018,2.146693586019154,3.7022665363059333,3.716138774270639,445.00744894831905,479.17236589670375,480.0275141692454,0.4557322756486144,1.309781971690478,1.13049088601683,474.3801283616018,253.1995364449755,3916710.068483179,0.00012111698851003148,1323,0.043799776734723475,-1.445965571882522,1.4440828042107998,-4095.9999999999995,4090.666666666666,C:\Users\kimeu\Downloads\starlink_pathB_wsl_package_v0_3_clean\starlink_pathB\paper_final_experiment_check\outputs\random1200_null_random1200_seed2\157_146_lst046_typical_frozen_polybeam_smooth_S30_single.npz,9.10175923472585,9444.443085672718,1.7798436919007438e-05,140609741.2109375,True,False,False,False,False,False,False,False,False,False,False,False
157_146,140.36979839670377,mid,typical,46,2461041.8194444445,2461041.826267397,frozen_polybeam,smooth,30.0,multi,coherent_ab,6,4,4,52302;55196;57122;51747,85.896;85.276;76.639;71.987,0.1653855846774193,1.874030786702616e-07,0.2357282416768072,0,6,6,6,0.0,0.2357282416768072,0.0,0.4552977482091947,1.874030786702616e-07,1257867.4979591686,3.3399451079108955,2.7896751857721336,0.007223146564973189,False,20264748,100,-0.13544853724796432,-0.06349683348749662,0.5841584158415841,0.5643564356435643,14.145291319173339,2710.4847691251416,14.557640391600671,19.81466538775976,20.334152858646267,2713.068310394672,2774.8458740156207,2797.36259830516,2.053367608701592,1.9181380704050588,1.1627759878691666,2710.4847691251416,483.1116771641749,3916710.068483179,0.0006920309958441291,1323,0.043799776734723475,-1.445965571882522,1.4440828042107998,-4095.9999999999995,4090.666666666666,C:\Users\kimeu\Downloads\starlink_pathB_wsl_package_v0_3_clean\starlink_pathB\paper_final_experiment_check\outputs\random1200_null_random1200_seed2\157_146_lst046_typical_frozen_polybeam_smooth_S30_multi.npz,9.10175923472585,9444.443085672718,1.7798436919007438e-05,140609741.2109375,False,False,False,False,False,False,False,False,False,False,False,False
157_146,140.36979839670377,mid,typical,46,2461041.8194444445,2461041.826267397,frozen_polybeam,smooth,1000.0,single,coherent_ab,6,4,1,52302,85.896,0.1653855846774193,1.874030786702616e-07,0.2357282416768072,0,6,6,6,0.0,0.2357282416768072,0.0,0.4552977482091947,1.874030786702616e-07,1257867.4979591686,17.804554345823178,17.804554345823178,0.031642392593463506,False,20264765,100,2.1098499731158085,0.2458560584162754,0.09900990099009901,0.4158415841584158,116.21610914759822,15314.23716594145,67.58678670212703,121.33744006505226,122.41307433297251,15083.10687799643,16545.851642156103,16587.42673055705,15.546142639061344,1.7276080298973469,1.6121889302369217,15314.23716594145,7493.3569826169105,3916710.068483179,0.003909974672154424,1323,0.043799776734723475,-1.445965571882522,1.4440828042107998,-4095.9999999999995,4090.666666666666,C:\Users\kimeu\Downloads\starlink_pathB_wsl_package_v0_3_clean\starlink_pathB\paper_final_experiment_check\outputs\random1200_null_random1200_seed2\157_146_lst046_typical_frozen_polybeam_smooth_S1000_single.npz,9.10175923472585,9444.443085672718,1.7798436919007438e-05,140609741.2109375,True,False,False,False,False,False,False,False,False,False,False,False
157_146,140.36979839670377,mid,typical,46,2461041.8194444445,2461041.826267397,frozen_polybeam,smooth,1000.0,multi,coherent_ab,6,4,4,52302;55196;57122;51747,85.896;85.276;76.639;71.987,0.1653855846774193,1.874030786702616e-07,0.2357282416768072,0,6,6,6,0.0,0.2357282416768072,0.0,0.4552977482091947,1.874030786702616e-07,1257867.4979591686,111.33150359702988,92.98917285907113,0.24077155216577292,False,20264782,100,0.27145022905358995,-1.5782145138081012,0.3564356435643564,0.9702970297029703,408.43001860483764,99850.24543168745,391.64259009509794,563.8288317571607,579.2311686703799,112297.05730534771,122577.12118470819,123982.97156916592,41.71286001367855,2.1435731457926748,1.6632429692127615,99850.24543168745,-43974.30466708189,3916710.068483179,0.025493397184325254,1323,0.043799776734723475,-1.445965571882522,1.4440828042107998,-4095.9999999999995,4090.666666666666,C:\Users\kimeu\Downloads\starlink_pathB_wsl_package_v0_3_clean\starlink_pathB\paper_final_experiment_check\outputs\random1200_null_random1200_seed2\157_146_lst046_typical_frozen_polybeam_smooth_S1000_multi.npz,9.10175923472585,9444.443085672718,1.7798436919007438e-05,140609741.2109375,False,False,False,False,False,False,False,False,False,False,False,False
157_146,140.36979839670377,mid,typical,46,2461041.8194444445,2461041.826267397,frozen_polybeam,lines,30.0,single,coherent_ab,6,4,1,52302,85.896,0.1653855846774193,1.874030786702616e-07,0.2357282416768072,0,6,6,6,0.0,0.2357282416768072,0.0,0.4552977482091947,1.874030786702616e-07,1257867.4979591686,0.5341367234372719,0.5341367234372719,0.000949980553208308,False,20264799,100,2.02448418780119,2.0119814453576095,0.07920792079207921,0.12871287128712872,3.5632139000008465,474.6518700384827,2.144046563050665,3.6572392311063138,3.7446996864695303,436.4463624675869,478.58968717120763,479.909142455556,0.47281932884027356,1.36217162460985,1.2918458721464674,474.6518700384827,253.27939637048522,3916710.068483179,0.00012118636859488063,1323,0.043799776734723475,-1.445965571882522,1.4440828042107998,-4095.9999999999995,4090.666666666666,C:\Users\kimeu\Downloads\starlink_pathB_wsl_package_v0_3_clean\starlink_pathB\paper_final_experiment_check\outputs\random1200_null_random1200_seed2\157_146_lst046_typical_frozen_polybeam_lines_S30_single.npz,9.10175923472585,9444.443085672718,1.7798436919007438e-05,140609741.2109375,True,False,False,False,False,False,False,False,False,False,False,False
157_146,140.36979839670377,mid,typical,46,2461041.8194444445,2461041.826267397,frozen_polybeam,lines,30.0,multi,coherent_ab,6,4,4,52302;55196;57122;51747,85.896;85.276;76.639;71.987,0.1653855846774193,1.874030786702616e-07,0.2357282416768072,0,6,6,6,0.0,0.2357282416768072,0.0,0.4552977482091947,1.874030786702616e-07,1257867.4979591686,3.33990213373815,2.789632494715452,0.007231007628170029,False,20264816,100,-0.1103238227199192,-0.022884925596656894,0.5643564356435643,0.5346534653465347,13.995248358458866,2713.3440086464925,14.29150597361081,19.893925704869797,20.627870944492443,2714.22845625305,2780.4873833404,2793.4195087128705,1.8112409352588656,1.8870159305970375,1.311258856273665,2713.3440086464925,484.004148363736,3916710.068483179,0.0006927610063558488,1323,0.043799776734723475,-1.445965571882522,1.4440828042107998,-4095.9999999999995,4090.666666666666,C:\Users\kimeu\Downloads\starlink_pathB_wsl_package_v0_3_clean\starlink_pathB\paper_final_experiment_check\outputs\random1200_null_random1200_seed2\157_146_lst046_typical_frozen_polybeam_lines_S30_multi.npz,9.10175923472585,9444.443085672718,1.7798436919007438e-05,140609741.2109375,False,False,False,False,False,False,False,False,False,False,False,False
157_146,140.36979839670377,mid,typical,46,2461041.8194444445,2461041.826267397,frozen_polybeam,lines,1000.0,single,coherent_ab,6,4,1,52302,85.896,0.1653855846774193,1.874030786702616e-07,0.2357282416768072,0,6,6,6,0.0,0.2357282416768072,0.0,0.4552977482091947,1.874030786702616e-07,1257867.4979591686,17.80455744790907,17.80455744790907,0.03166601844027692,False,20264833,100,1.5288265682893374,0.29064837037071467,0.12871287128712872,0.33663366336633666,117.61131978002231,15322.162709406246,72.4691146834237,121.78601571929312,123.91343180807222,15008.966449425756,16499.75950453474,16595.895050183663,19.91592822338407,1.0389893022310237,0.992693111051363,15322.162709406246,7496.460598518933,3916710.068483179,0.0039119981927434435,1323,0.043799776734723475,-1.445965571882522,1.4440828042107998,-4095.9999999999995,4090.666666666666,C:\Users\kimeu\Downloads\starlink_pathB_wsl_package_v0_3_clean\starlink_pathB\paper_final_experiment_check\outputs\random1200_null_random1200_seed2\157_146_lst046_typical_frozen_polybeam_lines_S1000_single.npz,9.10175923472585,9444.443085672718,1.7798436919007438e-05,140609741.2109375,False,False,False,False,False,False,False,False,False,False,False,False
157_146,140.36979839670377,mid,typical,46,2461041.8194444445,2461041.826267397,frozen_polybeam,lines,1000.0,multi,coherent_ab,6,4,4,52302;55196;57122;51747,85.896;85.276;76.639;71.987,0.1653855846774193,1.874030786702616e-07,0.2357282416768072,0,6,6,6,0.0,0.2357282416768072,0.0,0.4552977482091947,1.874030786702616e-07,1257867.4979591686,111.330071124605,92.9877498238484,0.2410335876056676,False,20264850,100,0.1010609639431271,-1.3512052953374296,0.4752475247524752,0.9900990099009901,406.2705715419679,99948.30266130358,399.6907333078409,566.8588170648402,577.3495979106061,109693.1458407625,121828.57384068545,123077.37552156212,43.91448403625964,1.799285577283099,1.083073262746219,99948.30266130358,-43963.04820279419,3916710.068483179,0.025518432795310395,1323,0.043799776734723475,-1.445965571882522,1.4440828042107998,-4095.9999999999995,4090.666666666666,C:\Users\kimeu\Downloads\starlink_pathB_wsl_package_v0_3_clean\starlink_pathB\paper_final_experiment_check\outputs\random1200_null_random1200_seed2\157_146_lst046_typical_frozen_polybeam_lines_S1000_multi.npz,9.10175923472585,9444.443085672718,1.7798436919007438e-05,140609741.2109375,False,False,False,False,False,False,False,False,False,False,False,False
157_146,140.36979839670377,mid,typical,46,2461041.8194444445,2461041.826267397,frozen_polybeam,khz_comb,30.0,single,coherent_ab,6,4,1,52302,85.896,0.1653855846774193,1.874030786702616e-07,0.2357282416768072,0,6,6,6,0.0,0.2357282416768072,0.0,0.4552977482091947,1.874030786702616e-07,1257867.4979591686,0.439582932406052,0.439582932406052,0.000842876091750735,False,20264867,100,1.256361272883151,1.2176578456447267,0.06930693069306931,0.1782178217821782,3.1929442495984404,446.5524259554313,2.059344016854709,3.206745753363475,3.2881553511871973,418.6546468824348,450.4462063874535,450.7246261428914,0.6085852042951956,1.0225168695121285,0.9808908389986245,446.5524259554313,228.2283933310634,3916710.068483179,0.0001140121219461024,1323,0.043799776734723475,-1.445965571882522,1.4440828042107998,-4095.9999999999995,4090.666666666666,C:\Users\kimeu\Downloads\starlink_pathB_wsl_package_v0_3_clean\starlink_pathB\paper_final_experiment_check\outputs\random1200_null_random1200_seed2\157_146_lst046_typical_frozen_polybeam_khz_comb_S30_single.npz,9.10175923472585,9444.443085672718,1.7798436919007438e-05,140609741.2109375,False,False,False,False,False,False,False,False,False,False,False,False
157_146,140.36979839670377,mid,typical,46,2461041.8194444445,2461041.826267397,frozen_polybeam,khz_comb,30.0,multi,coherent_ab,6,4,4,52302;55196;57122;51747,85.896;85.276;76.639;71.987,0.1653855846774193,1.874030786702616e-07,0.2357282416768072,0,6,6,6,0.0,0.2357282416768072,0.0,0.4552977482091947,1.874030786702616e-07,1257867.4979591686,2.7492060595890413,2.295807006997975,0.006398677999553359,False,20264884,100,0.2826705254903994,0.12477783409575616,0.4752475247524752,0.45544554455445546,15.257339725794736,2618.620662237554,14.640748722791614,17.757416073771765,18.313918718227725,2614.465403444253,2667.7822631566783,2698.0660212559255,1.4712709546936367,1.7307551948542466,1.038342790150326,2618.620662237554,405.30446829417997,3916710.068483179,0.0006685765901614629,1323,0.043799776734723475,-1.445965571882522,1.4440828042107998,-4095.9999999999995,4090.666666666666,C:\Users\kimeu\Downloads\starlink_pathB_wsl_package_v0_3_clean\starlink_pathB\paper_final_experiment_check\outputs\random1200_null_random1200_seed2\157_146_lst046_typical_frozen_polybeam_khz_comb_S30_multi.npz,9.10175923472585,9444.443085672718,1.7798436919007438e-05,140609741.2109375,False,False,False,False,False,False,False,False,False,False,False,False
157_146,140.36979839670377,mid,typical,46,2461041.8194444445,2461041.826267397,frozen_polybeam,khz_comb,1000.0,single,coherent_ab,6,4,1,52302,85.896,0.1653855846774193,1.874030786702616e-07,0.2357282416768072,0,6,6,6,0.0,0.2357282416768072,0.0,0.4552977482091947,1.874030786702616e-07,1257867.4979591686,14.652764413535067,14.652764413535067,0.028095869725024505,False,20264901,100,1.4787844568098785,0.546233779923388,0.0891089108910891,0.33663366336633666,105.90367421126757,14480.504634939338,66.60502622461183,108.11717257429095,108.85466045429698,14104.899653769218,15409.598434051824,15486.443492548424,17.92456960502841,1.142278034921103,1.079436753331338,14480.504634939338,6812.884274774509,3916710.068483179,0.0036971091507284302,1323,0.043799776734723475,-1.445965571882522,1.4440828042107998,-4095.9999999999995,4090.666666666666,C:\Users\kimeu\Downloads\starlink_pathB_wsl_package_v0_3_clean\starlink_pathB\paper_final_experiment_check\outputs\random1200_null_random1200_seed2\157_146_lst046_typical_frozen_polybeam_khz_comb_S1000_single.npz,9.10175923472585,9444.443085672718,1.7798436919007438e-05,140609741.2109375,False,False,False,False,False,False,False,False,False,False,False,False
157_146,140.36979839670377,mid,typical,46,2461041.8194444445,2461041.826267397,frozen_polybeam,khz_comb,1000.0,multi,coherent_ab,6,4,4,52302;55196;57122;51747,85.896;85.276;76.639;71.987,0.1653855846774193,1.874030786702616e-07,0.2357282416768072,0,6,6,6,0.0,0.2357282416768072,0.0,0.4552977482091947,1.874030786702616e-07,1257867.4979591686,91.6402019863014,76.52690023326585,0.21328926665177864,False,20264918,100,0.34588995072205053,-1.5068061818720613,0.38613861386138615,1.0,437.3053720338721,92297.99326331372,408.793339122768,506.11529619967985,515.8906342344858,101046.8293405649,109784.20285227826,110177.63661714847,55.59890564119337,2.065212079920259,1.1185056227418126,92297.99326331372,-32575.016595461442,3916710.068483179,0.023565183955282624,1323,0.043799776734723475,-1.445965571882522,1.4440828042107998,-4095.9999999999995,4090.666666666666,C:\Users\kimeu\Downloads\starlink_pathB_wsl_package_v0_3_clean\starlink_pathB\paper_final_experiment_check\outputs\random1200_null_random1200_seed2\157_146_lst046_typical_frozen_polybeam_khz_comb_S1000_multi.npz,9.10175923472585,9444.443085672718,1.7798436919007438e-05,140609741.2109375,False,False,False,False,False,False,False,False,False,False,False,False
157_146,140.36979839670377,mid,typical,46,2461041.8194444445,2461041.826267397,full_polybeam,smooth,30.0,single,coherent_ab,6,4,1,52302,85.896,0.1653855846774193,1.874030786702616e-07,0.2357282416768072,0,6,6,6,0.0,0.2357282416768072,0.0,0.4552977482091947,1.874030786702616e-07,1257867.4979591686,0.7913534910155854,0.7913534910155854,0.001322394398228947,False,20264935,100,1.9452164824335543,0.6933924398822863,0.09900990099009901,0.26732673267326734,3.97380671090923,479.61838206349273,2.2902427609078586,4.470307970818885,4.5417688176068625,462.2286918477474,500.8424611353999,502.2929588050519,0.5837645000021894,1.528285428206977,1.3874224936939632,479.61838206349273,225.35773978818165,3916710.068483179,0.00012245440016683037,1323,0.043799776734723475,-1.445965571882522,1.4440828042107998,-4095.9999999999995,4090.666666666666,C:\Users\kimeu\Downloads\starlink_pathB_wsl_package_v0_3_clean\starlink_pathB\paper_final_experiment_check\outputs\random1200_null_random1200_seed2\157_146_lst046_typical_full_polybeam_smooth_S30_single.npz,9.10175923472585,9444.443085672718,1.7798436919007438e-05,140609741.2109375,False,False,False,False,False,False,False,False,False,False,False,False
157_146,140.36979839670377,mid,typical,46,2461041.8194444445,2461041.826267397,full_polybeam,smooth,30.0,multi,coherent_ab,6,4,4,52302;55196;57122;51747,85.896;85.276;76.639;71.987,0.1653855846774193,1.874030786702616e-07,0.2357282416768072,0,6,6,6,0.0,0.2357282416768072,0.0,0.4552977482091947,1.874030786702616e-07,1257867.4979591686,5.382153883363624,4.515586577916481,0.011190420570270705,False,20264952,100,-1.0395415444651206,0.7525831970252699,0.8712871287128713,0.18811881188118812,23.351266756637415,4277.597267075719,27.90815937007983,42.38916854179547,43.921225702030235,4227.605043464416,4315.4886711533145,4341.624290268087,2.956670636261606,2.6860232793412133,1.2291816744993969,4277.597267075719,402.9137585465113,3916710.068483179,0.0010921403913699184,1323,0.043799776734723475,-1.445965571882522,1.4440828042107998,-4095.9999999999995,4090.666666666666,C:\Users\kimeu\Downloads\starlink_pathB_wsl_package_v0_3_clean\starlink_pathB\paper_final_experiment_check\outputs\random1200_null_random1200_seed2\157_146_lst046_typical_full_polybeam_smooth_S30_multi.npz,9.10175923472585,9444.443085672718,1.7798436919007438e-05,140609741.2109375,False,False,False,False,False,False,False,False,False,False,False,False
157_146,140.36979839670377,mid,typical,46,2461041.8194444445,2461041.826267397,full_polybeam,smooth,1000.0,single,coherent_ab,6,4,1,52302,85.896,0.1653855846774193,1.874030786702616e-07,0.2357282416768072,0,6,6,6,0.0,0.2357282416768072,0.0,0.4552977482091947,1.874030786702616e-07,1257867.4979591686,26.378449700519518,26.378449700519518,0.04407981327429822,False,20264969,100,1.089198090803698,-0.18912371628011046,0.1782178217821782,0.5841584158415841,128.855987327619,15287.6109100369,86.82625217321402,146.66398592948173,148.0653625516887,15457.050244760787,17721.485414004208,17842.85794561364,26.02710032660528,1.019664820938437,0.9355373851834285,15287.6109100369,5686.665496834991,3916710.068483179,0.0039031765544896,1323,0.043799776734723475,-1.445965571882522,1.4440828042107998,-4095.9999999999995,4090.666666666666,C:\Users\kimeu\Downloads\starlink_pathB_wsl_package_v0_3_clean\starlink_pathB\paper_final_experiment_check\outputs\random1200_null_random1200_seed2\157_146_lst046_typical_full_polybeam_smooth_S1000_single.npz,9.10175923472585,9444.443085672718,1.7798436919007438e-05,140609741.2109375,False,False,False,False,False,False,False,False,False,False,False,False
157_146,140.36979839670377,mid,typical,46,2461041.8194444445,2461041.826267397,full_polybeam,smooth,1000.0,multi,coherent_ab,6,4,4,52302;55196;57122;51747,85.896;85.276;76.639;71.987,0.1653855846774193,1.874030786702616e-07,0.2357282416768072,0,6,6,6,0.0,0.2357282416768072,0.0,0.4552977482091947,1.874030786702616e-07,1257867.4979591686,179.4051294454542,150.5195525972161,0.37301401900902353,False,20264986,100,-0.9348749759066417,-1.5705848017907786,0.8316831683168316,0.8613861386138614,412.3922065154327,207732.22200751712,504.98820464776895,913.1559970016013,949.0705496630458,226408.90644236738,240319.28334012922,244447.04387756158,66.80587962492405,2.0496692612245795,1.188219013435927,207732.22200751712,-159951.9518861792,3916710.068483179,0.05303742640515779,1323,0.043799776734723475,-1.445965571882522,1.4440828042107998,-4095.9999999999995,4090.666666666666,C:\Users\kimeu\Downloads\starlink_pathB_wsl_package_v0_3_clean\starlink_pathB\paper_final_experiment_check\outputs\random1200_null_random1200_seed2\157_146_lst046_typical_full_polybeam_smooth_S1000_multi.npz,9.10175923472585,9444.443085672718,1.7798436919007438e-05,140609741.2109375,False,False,False,False,False,False,False,False,False,False,False,False
157_146,140.36979839670377,mid,typical,46,2461041.8194444445,2461041.826267397,full_polybeam,lines,30.0,single,coherent_ab,6,4,1,52302,85.896,0.1653855846774193,1.874030786702616e-07,0.2357282416768072,0,6,6,6,0.0,0.2357282416768072,0.0,0.4552977482091947,1.874030786702616e-07,1257867.4979591686,0.7913528491576364,0.7913528491576364,0.0013233411529643463,False,20265003,100,1.9452631286100892,0.3278090285020685,0.0891089108910891,0.36633663366336633,4.0296763987917075,480.0144316710798,2.2767109029396977,4.15330090835182,4.515801773700796,469.36713656085055,502.2862189830881,502.85479644742526,0.607814444865511,1.1026249024828159,1.0404656380753359,480.0144316710798,225.52298003238616,3916710.068483179,0.0001225555180950564,1323,0.043799776734723475,-1.445965571882522,1.4440828042107998,-4095.9999999999995,4090.666666666666,C:\Users\kimeu\Downloads\starlink_pathB_wsl_package_v0_3_clean\starlink_pathB\paper_final_experiment_check\outputs\random1200_null_random1200_seed2\157_146_lst046_typical_full_polybeam_lines_S30_single.npz,9.10175923472585,9444.443085672718,1.7798436919007438e-05,140609741.2109375,False,False,False,False,False,False,False,False,False,False,False,False
157_146,140.36979839670377,mid,typical,46,2461041.8194444445,2461041.826267397,full_polybeam,lines,30.0,multi,coherent_ab,6,4,4,52302;55196;57122;51747,85.896;85.276;76.639;71.987,0.1653855846774193,1.874030786702616e-07,0.2357282416768072,0,6,6,6,0.0,0.2357282416768072,0.0,0.4552977482091947,1.874030786702616e-07,1257867.4979591686,5.381966748337841,4.515413125693043,0.011201042960381517,False,20265020,100,-0.8961379731317486,0.7629847551205877,0.8910891089108911,0.2079207920792079,23.537632646244674,4279.5732659514215,27.687252105604784,44.09213410659409,44.89078292450443,4220.001051257685,4334.260876775854,4352.6106672626465,3.123269032893859,2.1310513398215685,1.3105171377557991,4279.5732659514215,403.89851407757743,3916710.068483179,0.0010926448961305856,1323,0.043799776734723475,-1.445965571882522,1.4440828042107998,-4095.9999999999995,4090.666666666666,C:\Users\kimeu\Downloads\starlink_pathB_wsl_package_v0_3_clean\starlink_pathB\paper_final_experiment_check\outputs\random1200_null_random1200_seed2\157_146_lst046_typical_full_polybeam_lines_S30_multi.npz,9.10175923472585,9444.443085672718,1.7798436919007438e-05,140609741.2109375,False,False,False,False,False,False,False,False,False,False,False,False
157_146,140.36979839670377,mid,typical,46,2461041.8194444445,2461041.826267397,full_polybeam,lines,1000.0,single,coherent_ab,6,4,1,52302,85.896,0.1653855846774193,1.874030786702616e-07,0.2357282416768072,0,6,6,6,0.0,0.2357282416768072,0.0,0.4552977482091947,1.874030786702616e-07,1257867.4979591686,26.378428305254545,26.378428305254545,0.044111371765478205,False,20265037,100,1.2093717526577636,-0.2432207993647807,0.21782178217821782,0.6336633663366337,130.77262445699307,15303.815156331784,85.12248585066118,148.497177531554,149.6038812436315,15542.415121156024,17704.949627769434,17827.375370131664,25.459993249495028,0.8746171750760948,0.8305100813457306,15303.815156331784,5693.35359980919,3916710.068483179,0.003907313763017051,1323,0.043799776734723475,-1.445965571882522,1.4440828042107998,-4095.9999999999995,4090.666666666666,C:\Users\kimeu\Downloads\starlink_pathB_wsl_package_v0_3_clean\starlink_pathB\paper_final_experiment_check\outputs\random1200_null_random1200_seed2\157_146_lst046_typical_full_polybeam_lines_S1000_single.npz,9.10175923472585,9444.443085672718,1.7798436919007438e-05,140609741.2109375,False,False,False,False,False,False,False,False,False,False,False,False
157_146,140.36979839670377,mid,typical,46,2461041.8194444445,2461041.826267397,full_polybeam,lines,1000.0,multi,coherent_ab,6,4,4,52302;55196;57122;51747,85.896;85.276;76.639;71.987,0.1653855846774193,1.874030786702616e-07,0.2357282416768072,0,6,6,6,0.0,0.2357282416768072,0.0,0.4552977482091947,1.874030786702616e-07,1257867.4979591686,179.3988916112614,150.51377085643483,0.3733680986793839,False,20265054,100,-0.7235099217963031,-1.2252157128594752,0.8514851485148515,0.8910891089108911,415.38423581891743,207836.36591876403,492.1448991739221,892.3980196349592,929.1014927304861,223537.35234161178,241647.27769702513,242659.78488821388,71.55998358073782,1.9841509183189336,1.0578784956603624,207836.36591876403,-159898.88570001052,3916710.068483179,0.05306401604529606,1323,0.043799776734723475,-1.445965571882522,1.4440828042107998,-4095.9999999999995,4090.666666666666,C:\Users\kimeu\Downloads\starlink_pathB_wsl_package_v0_3_clean\starlink_pathB\paper_final_experiment_check\outputs\random1200_null_random1200_seed2\157_146_lst046_typical_full_polybeam_lines_S1000_multi.npz,9.10175923472585,9444.443085672718,1.7798436919007438e-05,140609741.2109375,False,False,False,False,False,False,False,False,False,False,False,False
157_146,140.36979839670377,mid,typical,46,2461041.8194444445,2461041.826267397,full_polybeam,khz_comb,30.0,single,coherent_ab,6,4,1,52302,85.896,0.1653855846774193,1.874030786702616e-07,0.2357282416768072,0,6,6,6,0.0,0.2357282416768072,0.0,0.4552977482091947,1.874030786702616e-07,1257867.4979591686,0.6512662221800043,0.6512662221800043,0.0011394522398726916,False,20265071,100,2.3755632277104413,0.41634097927042446,0.12871287128712872,0.36633663366336633,3.5599536882864413,439.3951744009837,1.9678178350313829,3.817872451841549,3.905711641423077,428.9673058894106,454.0611402740705,454.55343179790873,0.4520531839882551,1.35086819460306,1.2960211670453148,439.3951744009837,203.37237229171535,3916710.068483179,0.00011218475882008491,1323,0.043799776734723475,-1.445965571882522,1.4440828042107998,-4095.9999999999995,4090.666666666666,C:\Users\kimeu\Downloads\starlink_pathB_wsl_package_v0_3_clean\starlink_pathB\paper_final_experiment_check\outputs\random1200_null_random1200_seed2\157_146_lst046_typical_full_polybeam_khz_comb_S30_single.npz,9.10175923472585,9444.443085672718,1.7798436919007438e-05,140609741.2109375,True,False,False,False,False,False,False,False,False,False,False,False
157_146,140.36979839670377,mid,typical,46,2461041.8194444445,2461041.826267397,full_polybeam,khz_comb,30.0,multi,coherent_ab,6,4,4,52302;55196;57122;51747,85.896;85.276;76.639;71.987,0.1653855846774193,1.874030786702616e-07,0.2357282416768072,0,6,6,6,0.0,0.2357282416768072,0.0,0.4552977482091947,1.874030786702616e-07,1257867.4979591686,4.429241843027949,3.716087016155196,0.009567940003794944,False,20265088,100,-0.921145405073884,0.8443158919791334,0.8316831683168316,0.18811881188118812,19.94703997884426,3714.2096421221613,23.48389642640359,37.010865867699295,38.44190680563095,3658.424313915354,3753.588308514639,3771.2525530103812,2.589794160980091,2.387699671501648,1.3117086258927007,3714.2096421221613,352.80005749501356,3916710.068483179,0.0009482983364047062,1323,0.043799776734723475,-1.445965571882522,1.4440828042107998,-4095.9999999999995,4090.666666666666,C:\Users\kimeu\Downloads\starlink_pathB_wsl_package_v0_3_clean\starlink_pathB\paper_final_experiment_check\outputs\random1200_null_random1200_seed2\157_146_lst046_typical_full_polybeam_khz_comb_S30_multi.npz,9.10175923472585,9444.443085672718,1.7798436919007438e-05,140609741.2109375,False,False,False,False,False,False,False,False,False,False,False,False
157_146,140.36979839670377,mid,typical,46,2461041.8194444445,2461041.826267397,full_polybeam,khz_comb,1000.0,single,coherent_ab,6,4,1,52302,85.896,0.1653855846774193,1.874030786702616e-07,0.2357282416768072,0,6,6,6,0.0,0.2357282416768072,0.0,0.4552977482091947,1.874030786702616e-07,1257867.4979591686,21.708874072666813,21.708874072666813,0.03798174132908971,False,20265105,100,1.8135664190206362,-0.22900857329494423,0.15841584158415842,0.5742574257425742,116.45047757219618,14087.398498387658,68.84543135172862,127.95184907119638,128.6600465563161,14277.703970892413,15900.525303181437,15948.250155145288,17.704983640743194,1.0560581384687666,0.9805419114387912,14087.398498387658,5445.096120448528,3916710.068483179,0.003596742738694282,1323,0.043799776734723475,-1.445965571882522,1.4440828042107998,-4095.9999999999995,4090.666666666666,C:\Users\kimeu\Downloads\starlink_pathB_wsl_package_v0_3_clean\starlink_pathB\paper_final_experiment_check\outputs\random1200_null_random1200_seed2\157_146_lst046_typical_full_polybeam_khz_comb_S1000_single.npz,9.10175923472585,9444.443085672718,1.7798436919007438e-05,140609741.2109375,False,False,False,False,False,False,False,False,False,False,False,False
157_146,140.36979839670377,mid,typical,46,2461041.8194444445,2461041.826267397,full_polybeam,khz_comb,1000.0,multi,coherent_ab,6,4,4,52302;55196;57122;51747,85.896;85.276;76.639;71.987,0.1653855846774193,1.874030786702616e-07,0.2357282416768072,0,6,6,6,0.0,0.2357282416768072,0.0,0.4552977482091947,1.874030786702616e-07,1257867.4979591686,147.64139476759834,123.86956720517323,0.3189313334598314,False,20265122,100,-0.9753557760220427,-1.3103027205503355,0.9603960396039604,0.9207920792079208,368.5166141362388,159331.85446437582,476.08146438189397,894.2951985965286,949.0615348386083,175085.8122573131,187703.6073001251,188504.36023646125,74.38464949792694,1.675635029108363,1.1080743583253196,159331.85446437582,-109226.29130272398,3916710.068483179,0.04068002269212644,1323,0.043799776734723475,-1.445965571882522,1.4440828042107998,-4095.9999999999995,4090.666666666666,C:\Users\kimeu\Downloads\starlink_pathB_wsl_package_v0_3_clean\starlink_pathB\paper_final_experiment_check\outputs\random1200_null_random1200_seed2\157_146_lst046_typical_full_polybeam_khz_comb_S1000_multi.npz,9.10175923472585,9444.443085672718,1.7798436919007438e-05,140609741.2109375,False,False,False,False,False,False,False,False,False,False,False,False
157_146,140.36979839670377,mid,stress,0,2461041.5,2461041.506822953,frozen_polybeam,smooth,30.0,single,coherent_ab,4,3,1,53976,86.545,0.2350680443548387,9.752069536292108e-05,0.5502745938468236,1,4,4,4,0.3308758856684498,0.5502745938468236,0.3308758856684498,0.7280464634021924,9.752069536292108e-05,5642.644279749944,0.5533792693095468,0.5533792693095468,0.0008757182354033904,False,20265093,100,-0.14654785204177243,0.8094216880879117,0.693069306930693,0.12871287128712872,9.971604773802028,2502.861197217838,10.536598116599635,16.5446716269209,16.63579146500022,2419.954540080102,2505.3682947895813,2505.9456988804955,2.6003983243244875,1.4006035714138743,1.223023708438012,2502.861197217838,-1235.9509919707264,20329787.10384278,0.00012311300577981662,1323,0.043799776734723475,-1.445965571882522,1.4440828042107998,-4095.9999999999995,4090.666666666666,C:\Users\kimeu\Downloads\starlink_pathB_wsl_package_v0_3_clean\starlink_pathB\paper_final_experiment_check\outputs\random1200_null_random1200_seed2\157_146_lst000_stress_frozen_polybeam_smooth_S30_single.npz,9.10175923472585,9444.443085672718,1.7798436919007438e-05,140609741.2109375,False,False,False,False,False,False,False,False,False,False,False,False
157_146,140.36979839670377,mid,stress,0,2461041.5,2461041.506822953,frozen_polybeam,smooth,30.0,multi,coherent_ab,4,3,3,53976;54093;56109,86.545;85.567;70.536,0.2350680443548387,9.752069536292108e-05,0.5502745938468236,1,4,4,4,0.3308758856684498,0.5502745938468236,0.3308758856684498,0.7280464634021924,9.752069536292108e-05,5642.644279749944,1.040804158440872,0.5533792693095468,0.0017967772239271132,False,20265110,100,-0.6235641947852482,-0.5913856832646286,0.7227722772277227,0.7524752475247525,10.946720480467775,3483.0212251451535,13.710547184819006,19.2973945685706,21.78432845035117,3537.0517068157224,3756.5947042105786,3792.063507262383,2.989548772154194,2.341536217164418,1.5048653116132245,3483.0212251451535,-664.5737120849868,20329787.10384278,0.00017132600589244663,1323,0.043799776734723475,-1.445965571882522,1.4440828042107998,-4095.9999999999995,4090.666666666666,C:\Users\kimeu\Downloads\starlink_pathB_wsl_package_v0_3_clean\starlink_pathB\paper_final_experiment_check\outputs\random1200_null_random1200_seed2\157_146_lst000_stress_frozen_polybeam_smooth_S30_multi.npz,9.10175923472585,9444.443085672718,1.7798436919007438e-05,140609741.2109375,False,False,False,False,False,False,False,False,False,False,False,False
157_146,140.36979839670377,mid,stress,0,2461041.5,2461041.506822953,frozen_polybeam,smooth,1000.0,single,coherent_ab,4,3,1,53976,86.545,0.2350680443548387,9.752069536292108e-05,0.5502745938468236,1,4,4,4,0.3308758856684498,0.5502745938468236,0.3308758856684498,0.7280464634021924,9.752069536292108e-05,5642.644279749944,18.445975643651565,18.445975643651565,0.02919060784677968,False,20265127,100,-0.013418279164602663,0.9028440696214979,0.5148514851485149,0.1188118811881188,336.0423062405571,82939.73070766432,337.1706271956391,542.838170461313,558.2230486647335,80054.82561194724,83482.75241974165,84030.72134059935,56.71681506927143,0.8868009759702637,0.8178521733984022,82939.73070766432,-39612.4153649054,20329787.10384278,0.004079714671089048,1323,0.043799776734723475,-1.445965571882522,1.4440828042107998,-4095.9999999999995,4090.666666666666,C:\Users\kimeu\Downloads\starlink_pathB_wsl_package_v0_3_clean\starlink_pathB\paper_final_experiment_check\outputs\random1200_null_random1200_seed2\157_146_lst000_stress_frozen_polybeam_smooth_S1000_single.npz,9.10175923472585,9444.443085672718,1.7798436919007438e-05,140609741.2109375,False,False,False,False,False,False,False,False,False,False,False,False
157_146,140.36979839670377,mid,stress,0,2461041.5,2461041.506822953,frozen_polybeam,smooth,1000.0,multi,coherent_ab,4,3,3,53976;54093;56109,86.545;85.567;70.536,0.2350680443548387,9.752069536292108e-05,0.5502745938468236,1,4,4,4,0.3308758856684498,0.5502745938468236,0.3308758856684498,0.7280464634021924,9.752069536292108e-05,5642.644279749944,34.69347194802907,18.445975643651565,0.059892574130903785,False,20265144,100,-0.5909438044398533,-0.8599087021387262,0.7623762376237624,0.8217821782178217,364.7549703560362,115509.63253645175,440.9405630765341,653.8395811601665,725.206375810968,118601.26764230905,124985.14596989242,126821.8902249992,86.95662414792832,2.2958349020085134,1.514232243037659,115509.63253645175,-20724.195031737072,20329787.10384278,0.005681792531640328,1323,0.043799776734723475,-1.445965571882522,1.4440828042107998,-4095.9999999999995,4090.666666666666,C:\Users\kimeu\Downloads\starlink_pathB_wsl_package_v0_3_clean\starlink_pathB\paper_final_experiment_check\outputs\random1200_null_random1200_seed2\157_146_lst000_stress_frozen_polybeam_smooth_S1000_multi.npz,9.10175923472585,9444.443085672718,1.7798436919007438e-05,140609741.2109375,False,False,False,False,False,False,False,False,False,False,False,False
157_146,140.36979839670377,mid,stress,0,2461041.5,2461041.506822953,frozen_polybeam,lines,30.0,single,coherent_ab,4,3,1,53976,86.545,0.2350680443548387,9.752069536292108e-05,0.5502745938468236,1,4,4,4,0.3308758856684498,0.5502745938468236,0.3308758856684498,0.7280464634021924,9.752069536292108e-05,5642.644279749944,0.5533331080872288,0.5533331080872288,0.0008769073528909671,False,20265161,100,-0.09221497320636507,1.0976262599509772,0.6237623762376238,0.07920792079207921,9.943764056037253,2504.5051166091234,10.224040127031003,16.713577927264122,16.827514336224557,2390.650264649025,2505.235884072258,2506.4603231536953,2.0500317184350934,1.091468997962938,0.9527103721912803,2504.5051166091234,-1234.6502333736585,20329787.10384278,0.00012319386837728944,1323,0.043799776734723475,-1.445965571882522,1.4440828042107998,-4095.9999999999995,4090.666666666666,C:\Users\kimeu\Downloads\starlink_pathB_wsl_package_v0_3_clean\starlink_pathB\paper_final_experiment_check\outputs\random1200_null_random1200_seed2\157_146_lst000_stress_frozen_polybeam_lines_S30_single.npz,9.10175923472585,9444.443085672718,1.7798436919007438e-05,140609741.2109375,False,False,False,False,False,False,False,False,False,False,False,False
157_146,140.36979839670377,mid,stress,0,2461041.5,2461041.506822953,frozen_polybeam,lines,30.0,multi,coherent_ab,4,3,3,53976;54093;56109,86.545;85.567;70.536,0.2350680443548387,9.752069536292108e-05,0.5502745938468236,1,4,4,4,0.3308758856684498,0.5502745938468236,0.3308758856684498,0.7280464634021924,9.752069536292108e-05,5642.644279749944,1.0407578526834198,0.5533331080872288,0.0017986891591115915,False,20265178,100,-0.48730946644203066,-0.6597237410543432,0.7524752475247525,0.7128712871287128,10.791241873492254,3481.7587208434097,12.540063705235298,18.854725508553017,21.430028434969724,3557.9186160145528,3775.5770651082235,3799.654617987094,2.4205648498764276,1.7897312582374032,1.317530326598807,3481.7587208434097,-662.2868823521096,20329787.10384278,0.00017126390468620697,1323,0.043799776734723475,-1.445965571882522,1.4440828042107998,-4095.9999999999995,4090.666666666666,C:\Users\kimeu\Downloads\starlink_pathB_wsl_package_v0_3_clean\starlink_pathB\paper_final_experiment_check\outputs\random1200_null_random1200_seed2\157_146_lst000_stress_frozen_polybeam_lines_S30_multi.npz,9.10175923472585,9444.443085672718,1.7798436919007438e-05,140609741.2109375,False,False,False,False,False,False,False,False,False,False,False,False
157_146,140.36979839670377,mid,stress,0,2461041.5,2461041.506822953,frozen_polybeam,lines,1000.0,single,coherent_ab,4,3,1,53976,86.545,0.2350680443548387,9.752069536292108e-05,0.5502745938468236,1,4,4,4,0.3308758856684498,0.5502745938468236,0.3308758856684498,0.7280464634021924,9.752069536292108e-05,5642.644279749944,18.444436936240958,18.444436936240958,0.029230245096365574,False,20265195,100,-0.09526230009950336,1.0688003010516334,0.5841584158415841,0.15841584158415842,335.3187188183183,82969.82126549009,347.214193930462,553.0603120010659,564.1260334686698,79869.25038098554,83598.27581671585,84165.920008036,84.224168788116,1.1109409973833844,1.0298223427610425,82969.82126549009,-39576.68387956751,20329787.10384278,0.004081194792728889,1323,0.043799776734723475,-1.445965571882522,1.4440828042107998,-4095.9999999999995,4090.666666666666,C:\Users\kimeu\Downloads\starlink_pathB_wsl_package_v0_3_clean\starlink_pathB\paper_final_experiment_check\outputs\random1200_null_random1200_seed2\157_146_lst000_stress_frozen_polybeam_lines_S1000_single.npz,9.10175923472585,9444.443085672718,1.7798436919007438e-05,140609741.2109375,False,False,False,False,False,False,False,False,False,False,False,False
157_146,140.36979839670377,mid,stress,0,2461041.5,2461041.506822953,frozen_polybeam,lines,1000.0,multi,coherent_ab,4,3,3,53976;54093;56109,86.545;85.567;70.536,0.2350680443548387,9.752069536292108e-05,0.5502745938468236,1,4,4,4,0.3308758856684498,0.5502745938468236,0.3308758856684498,0.7280464634021924,9.752069536292108e-05,5642.644279749944,34.691928422780656,18.444436936240958,0.05995630530371972,False,20265212,100,-0.535799534820156,-0.7037536634326259,0.7425742574257426,0.7722772277227723,359.90387977806677,115463.22424989348,417.5054958369037,583.121078525253,693.2970663557965,118002.6429445371,125137.55416330312,126612.22207783982,72.51174224263741,2.2877003232324205,1.1690761851204572,115463.22424989348,-20655.46436517263,20329787.10384278,0.005679509758765175,1323,0.043799776734723475,-1.445965571882522,1.4440828042107998,-4095.9999999999995,4090.666666666666,C:\Users\kimeu\Downloads\starlink_pathB_wsl_package_v0_3_clean\starlink_pathB\paper_final_experiment_check\outputs\random1200_null_random1200_seed2\157_146_lst000_stress_frozen_polybeam_lines_S1000_multi.npz,9.10175923472585,9444.443085672718,1.7798436919007438e-05,140609741.2109375,False,False,False,False,False,False,False,False,False,False,False,False
157_146,140.36979839670377,mid,stress,0,2461041.5,2461041.506822953,frozen_polybeam,khz_comb,30.0,single,coherent_ab,4,3,1,53976,86.545,0.2350680443548387,9.752069536292108e-05,0.5502745938468236,1,4,4,4,0.3308758856684498,0.5502745938468236,0.3308758856684498,0.7280464634021924,9.752069536292108e-05,5642.644279749944,0.5511173893894153,0.5511173893894153,0.0007940993904825011,False,20265229,100,0.24935400875900457,1.280990482632394,0.4158415841584158,0.04950495049504951,8.771439340736833,2185.2757056117093,8.229107107757955,12.607910755030751,13.97800091399302,2104.9366043547816,2183.9573794986586,2188.046630020226,1.466982951391401,0.9411099519278522,0.8797585707176148,2185.2757056117093,-1023.5681354023321,20329787.10384278,0.00010749132268082846,1323,0.043799776734723475,-1.445965571882522,1.4440828042107998,-4095.9999999999995,4090.666666666666,C:\Users\kimeu\Downloads\starlink_pathB_wsl_package_v0_3_clean\starlink_pathB\paper_final_experiment_check\outputs\random1200_null_random1200_seed2\157_146_lst000_stress_frozen_polybeam_khz_comb_S30_single.npz,9.10175923472585,9444.443085672718,1.7798436919007438e-05,140609741.2109375,False,False,False,False,False,False,False,False,False,False,False,False
157_146,140.36979839670377,mid,stress,0,2461041.5,2461041.506822953,frozen_polybeam,khz_comb,30.0,multi,coherent_ab,4,3,3,53976;54093;56109,86.545;85.567;70.536,0.2350680443548387,9.752069536292108e-05,0.5502745938468236,1,4,4,4,0.3308758856684498,0.5502745938468236,0.3308758856684498,0.7280464634021924,9.752069536292108e-05,5642.644279749944,0.9522573768780818,0.5511173893894153,0.0016124598563852428,False,20265246,100,-0.7074756746883112,-0.9936396908903191,0.8415841584158416,0.8415841584158416,9.09656631251164,3001.2807748822506,10.980090006696457,17.09326483231562,19.1144082926563,3069.556615255481,3214.3471442026475,3247.859045020345,1.79570743198002,1.7710508574937536,1.0902569084681384,3001.2807748822506,-552.0964879367355,20329787.10384278,0.000147629719856483,1323,0.043799776734723475,-1.445965571882522,1.4440828042107998,-4095.9999999999995,4090.666666666666,C:\Users\kimeu\Downloads\starlink_pathB_wsl_package_v0_3_clean\starlink_pathB\paper_final_experiment_check\outputs\random1200_null_random1200_seed2\157_146_lst000_stress_frozen_polybeam_khz_comb_S30_multi.npz,9.10175923472585,9444.443085672718,1.7798436919007438e-05,140609741.2109375,False,False,False,False,False,False,False,False,False,False,False,False
157_146,140.36979839670377,mid,stress,0,2461041.5,2461041.506822953,frozen_polybeam,khz_comb,1000.0,single,coherent_ab,4,3,1,53976,86.545,0.2350680443548387,9.752069536292108e-05,0.5502745938468236,1,4,4,4,0.3308758856684498,0.5502745938468236,0.3308758856684498,0.7280464634021924,9.752069536292108e-05,5642.644279749944,18.370579646313843,18.370579646313843,0.026469979682750035,False,20265263,100,-0.01402877568674576,0.9080557782179882,0.504950495049505,0.1485148514851485,294.76772452431214,72498.30678729757,296.16702480356525,464.0959276896938,470.38346065344507,70457.09171233102,73285.58487583205,73367.85091918238,67.27708312999471,1.263539720737272,1.1046228156157638,72498.30678729757,-33006.57749928841,20329787.10384278,0.0035661124446105873,1323,0.043799776734723475,-1.445965571882522,1.4440828042107998,-4095.9999999999995,4090.666666666666,C:\Users\kimeu\Downloads\starlink_pathB_wsl_package_v0_3_clean\starlink_pathB\paper_final_experiment_check\outputs\random1200_null_random1200_seed2\157_146_lst000_stress_frozen_polybeam_khz_comb_S1000_single.npz,9.10175923472585,9444.443085672718,1.7798436919007438e-05,140609741.2109375,False,False,False,False,False,False,False,False,False,False,False,False
157_146,140.36979839670377,mid,stress,0,2461041.5,2461041.506822953,frozen_polybeam,khz_comb,1000.0,multi,coherent_ab,4,3,3,53976;54093;56109,86.545;85.567;70.536,0.2350680443548387,9.752069536292108e-05,0.5502745938468236,1,4,4,4,0.3308758856684498,0.5502745938468236,0.3308758856684498,0.7280464634021924,9.752069536292108e-05,5642.644279749944,31.74191256260272,18.370579646313843,0.053748661879508094,False,20265280,100,-0.9768547198472372,-1.0448471934559045,0.8514851485148515,0.8712871287128713,305.7664187954306,99593.16338101582,404.81968964889114,534.2092906343485,602.4772933864325,102280.40615757284,109112.06926627032,109697.99294932038,68.39350266643487,2.248478376683509,1.3118571280503935,99593.16338101582,-17400.633099748422,20329787.10384278,0.004898878816207107,1323,0.043799776734723475,-1.445965571882522,1.4440828042107998,-4095.9999999999995,4090.666666666666,C:\Users\kimeu\Downloads\starlink_pathB_wsl_package_v0_3_clean\starlink_pathB\paper_final_experiment_check\outputs\random1200_null_random1200_seed2\157_146_lst000_stress_frozen_polybeam_khz_comb_S1000_multi.npz,9.10175923472585,9444.443085672718,1.7798436919007438e-05,140609741.2109375,False,False,False,False,False,False,False,False,False,False,False,False
157_146,140.36979839670377,mid,stress,0,2461041.5,2461041.506822953,full_polybeam,smooth,30.0,single,coherent_ab,4,3,1,53976,86.545,0.2350680443548387,9.752069536292108e-05,0.5502745938468236,1,4,4,4,0.3308758856684498,0.5502745938468236,0.3308758856684498,0.7280464634021924,9.752069536292108e-05,5642.644279749944,0.7155693598367678,0.7155693598367678,0.0012153100885006576,False,20265297,100,-0.22313953782529133,0.588740546371578,0.594059405940594,0.26732673267326734,12.152597552232692,3536.336521757942,12.82462894586115,21.88061893443155,21.975005896163495,3451.593432073054,3577.1154932418017,3579.3039052415224,2.0313700095384775,1.132724876389278,1.0270659136033304,3536.336521757942,-1677.134941821469,20329787.10384278,0.0001739485270403789,1323,0.043799776734723475,-1.445965571882522,1.4440828042107998,-4095.9999999999995,4090.666666666666,C:\Users\kimeu\Downloads\starlink_pathB_wsl_package_v0_3_clean\starlink_pathB\paper_final_experiment_check\outputs\random1200_null_random1200_seed2\157_146_lst000_stress_full_polybeam_smooth_S30_single.npz,9.10175923472585,9444.443085672718,1.7798436919007438e-05,140609741.2109375,False,False,False,False,False,False,False,False,False,False,False,False
157_146,140.36979839670377,mid,stress,0,2461041.5,2461041.506822953,full_polybeam,smooth,30.0,multi,coherent_ab,4,3,3,53976;54093;56109,86.545;85.567;70.536,0.2350680443548387,9.752069536292108e-05,0.5502745938468236,1,4,4,4,0.3308758856684498,0.5502745938468236,0.3308758856684498,0.7280464634021924,9.752069536292108e-05,5642.644279749944,1.4619076236554505,0.7374961024647539,0.0025319496735567637,False,20265314,100,-0.04285663076460745,-0.6052709171944073,0.5247524752475248,0.7524752475247525,17.28715219128935,5138.81117491548,17.474199048725495,24.095555171146223,25.15318044164906,5241.37259277538,5507.808226531431,5559.047111601281,2.9438006366567606,2.1158176441815435,1.3098196802878839,5138.81117491548,-814.0694016646555,20329787.10384278,0.0002527725031583892,1323,0.043799776734723475,-1.445965571882522,1.4440828042107998,-4095.9999999999995,4090.666666666666,C:\Users\kimeu\Downloads\starlink_pathB_wsl_package_v0_3_clean\starlink_pathB\paper_final_experiment_check\outputs\random1200_null_random1200_seed2\157_146_lst000_stress_full_polybeam_smooth_S30_multi.npz,9.10175923472585,9444.443085672718,1.7798436919007438e-05,140609741.2109375,False,False,False,False,False,False,False,False,False,False,False,False
157_146,140.36979839670377,mid,stress,0,2461041.5,2461041.506822953,full_polybeam,smooth,1000.0,single,coherent_ab,4,3,1,53976,86.545,0.2350680443548387,9.752069536292108e-05,0.5502745938468236,1,4,4,4,0.3308758856684498,0.5502745938468236,0.3308758856684498,0.7280464634021924,9.752069536292108e-05,5642.644279749944,23.852311994558928,23.852311994558928,0.040510336283355264,False,20265331,100,-0.17292324044152885,0.6163662079645765,0.6534653465346535,0.32673267326732675,412.28897102601513,116802.16727872725,432.56896669924754,721.7521733468252,738.099447031836,113347.17318605527,120102.41005771336,120727.10012319912,79.10255237465208,1.288001462034763,1.0747759799531802,116802.16727872725,-52303.45826429676,20329787.10384278,0.005745370902415847,1323,0.043799776734723475,-1.445965571882522,1.4440828042107998,-4095.9999999999995,4090.666666666666,C:\Users\kimeu\Downloads\starlink_pathB_wsl_package_v0_3_clean\starlink_pathB\paper_final_experiment_check\outputs\random1200_null_random1200_seed2\157_146_lst000_stress_full_polybeam_smooth_S1000_single.npz,9.10175923472585,9444.443085672718,1.7798436919007438e-05,140609741.2109375,False,False,False,False,False,False,False,False,False,False,False,False
157_146,140.36979839670377,mid,stress,0,2461041.5,2461041.506822953,full_polybeam,smooth,1000.0,multi,coherent_ab,4,3,3,53976;54093;56109,86.545;85.567;70.536,0.2350680443548387,9.752069536292108e-05,0.5502745938468236,1,4,4,4,0.3308758856684498,0.5502745938468236,0.3308758856684498,0.7280464634021924,9.752069536292108e-05,5642.644279749944,48.73025412184835,24.5832034154918,0.08439832245189215,False,20265348,100,-0.43021916930343707,-0.7440196078424397,0.6435643564356436,0.7722772277227723,575.7623654935305,170301.86023259372,641.0156084852497,857.1806554521954,950.0905501011382,174745.89536300208,184317.9922409084,186632.53566615385,102.30299476207892,2.0490754784064524,1.1902911798187128,170301.86023259372,-24383.14864779003,20329787.10384278,0.008376962304755415,1323,0.043799776734723475,-1.445965571882522,1.4440828042107998,-4095.9999999999995,4090.666666666666,C:\Users\kimeu\Downloads\starlink_pathB_wsl_package_v0_3_clean\starlink_pathB\paper_final_experiment_check\outputs\random1200_null_random1200_seed2\157_146_lst000_stress_full_polybeam_smooth_S1000_multi.npz,9.10175923472585,9444.443085672718,1.7798436919007438e-05,140609741.2109375,False,False,False,False,False,False,False,False,False,False,False,False
157_146,140.36979839670377,mid,stress,0,2461041.5,2461041.506822953,full_polybeam,lines,30.0,single,coherent_ab,4,3,1,53976,86.545,0.2350680443548387,9.752069536292108e-05,0.5502745938468236,1,4,4,4,0.3308758856684498,0.5502745938468236,0.3308758856684498,0.7280464634021924,9.752069536292108e-05,5642.644279749944,0.7154203604352587,0.7154203604352587,0.0012166085931285984,False,20265365,100,-0.12427077884746832,0.8123774432661056,0.5544554455445545,0.16831683168316833,12.092675741849234,3533.9272085573807,12.49716720300512,21.60364237520116,22.133326899491223,3417.209638848599,3569.6474624393095,3578.179272253653,2.1954135587393466,1.0247421405970318,0.9089720934655262,3533.9272085573807,-1675.2622736400306,20329787.10384278,0.00017383001555827362,1323,0.043799776734723475,-1.445965571882522,1.4440828042107998,-4095.9999999999995,4090.666666666666,C:\Users\kimeu\Downloads\starlink_pathB_wsl_package_v0_3_clean\starlink_pathB\paper_final_experiment_check\outputs\random1200_null_random1200_seed2\157_146_lst000_stress_full_polybeam_lines_S30_single.npz,9.10175923472585,9444.443085672718,1.7798436919007438e-05,140609741.2109375,False,False,False,False,False,False,False,False,False,False,False,False
157_146,140.36979839670377,mid,stress,0,2461041.5,2461041.506822953,full_polybeam,lines,30.0,multi,coherent_ab,4,3,3,53976;54093;56109,86.545;85.567;70.536,0.2350680443548387,9.752069536292108e-05,0.5502745938468236,1,4,4,4,0.3308758856684498,0.5502745938468236,0.3308758856684498,0.7280464634021924,9.752069536292108e-05,5642.644279749944,1.4617578827031972,0.7374959750660034,0.0025341906396858156,False,20265382,100,-0.32967671249337827,-0.4344423251058919,0.6138613861386139,0.6732673267326733,17.088021468487568,5136.8539715514435,18.67854266975519,26.304075690803437,30.01309483314639,5198.774631376025,5495.5681290017965,5523.940575698235,3.254072284611766,2.062312115622691,1.3830726721265625,5136.8539715514435,-810.9231805882678,20329787.10384278,0.0002526762304648269,1323,0.043799776734723475,-1.445965571882522,1.4440828042107998,-4095.9999999999995,4090.666666666666,C:\Users\kimeu\Downloads\starlink_pathB_wsl_package_v0_3_clean\starlink_pathB\paper_final_experiment_check\outputs\random1200_null_random1200_seed2\157_146_lst000_stress_full_polybeam_lines_S30_multi.npz,9.10175923472585,9444.443085672718,1.7798436919007438e-05,140609741.2109375,False,False,False,False,False,False,False,False,False,False,False,False
157_146,140.36979839670377,mid,stress,0,2461041.5,2461041.506822953,full_polybeam,lines,1000.0,single,coherent_ab,4,3,1,53976,86.545,0.2350680443548387,9.752069536292108e-05,0.5502745938468236,1,4,4,4,0.3308758856684498,0.5502745938468236,0.3308758856684498,0.7280464634021924,9.752069536292108e-05,5642.644279749944,23.84734534784195,23.84734534784195,0.04055361977095327,False,20265399,100,-0.0835352803198676,0.5183022206607292,0.5544554455445545,0.297029702970297,410.82965990467346,116684.08002331684,418.829141251229,713.5490569861234,744.1100696186646,114131.56402921652,119452.89364512691,120624.49064485532,64.59038897333812,1.023005735923857,0.9354178397420715,116684.08002331684,-52253.82707726163,20329787.10384278,0.005739562319433289,1323,0.043799776734723475,-1.445965571882522,1.4440828042107998,-4095.9999999999995,4090.666666666666,C:\Users\kimeu\Downloads\starlink_pathB_wsl_package_v0_3_clean\starlink_pathB\paper_final_experiment_check\outputs\random1200_null_random1200_seed2\157_146_lst000_stress_full_polybeam_lines_S1000_single.npz,9.10175923472585,9444.443085672718,1.7798436919007438e-05,140609741.2109375,False,False,False,False,False,False,False,False,False,False,False,False
157_146,140.36979839670377,mid,stress,0,2461041.5,2461041.506822953,full_polybeam,lines,1000.0,multi,coherent_ab,4,3,3,53976;54093;56109,86.545;85.567;70.536,0.2350680443548387,9.752069536292108e-05,0.5502745938468236,1,4,4,4,0.3308758856684498,0.5502745938468236,0.3308758856684498,0.7280464634021924,9.752069536292108e-05,5642.644279749944,48.72526275677323,24.583199168866777,0.0844730213228605,False,20265416,100,-0.440499648831902,-0.7478369250024206,0.6138613861386139,0.7920792079207921,569.7530389351596,170210.2945993904,642.0740133495183,875.4812496481474,939.1657786966109,174532.2785355883,184204.9526318213,185481.05478097775,110.73749794847845,2.354487854994903,1.3964008117203388,170210.2945993904,-24290.651794644393,20329787.10384278,0.008372458291371723,1323,0.043799776734723475,-1.445965571882522,1.4440828042107998,-4095.9999999999995,4090.666666666666,C:\Users\kimeu\Downloads\starlink_pathB_wsl_package_v0_3_clean\starlink_pathB\paper_final_experiment_check\outputs\random1200_null_random1200_seed2\157_146_lst000_stress_full_polybeam_lines_S1000_multi.npz,9.10175923472585,9444.443085672718,1.7798436919007438e-05,140609741.2109375,False,False,False,False,False,False,False,False,False,False,False,False
157_146,140.36979839670377,mid,stress,0,2461041.5,2461041.506822953,full_polybeam,khz_comb,30.0,single,coherent_ab,4,3,1,53976,86.545,0.2350680443548387,9.752069536292108e-05,0.5502745938468236,1,4,4,4,0.3308758856684498,0.5502745938468236,0.3308758856684498,0.7280464634021924,9.752069536292108e-05,5642.644279749944,0.5887754317271885,0.5887754317271885,0.0010623483507330527,False,20265433,100,-0.27359777188746065,0.5330896214108097,0.6534653465346535,0.3069306930693069,10.463872296550107,2978.0926084636576,11.49336727733953,18.254247579782533,18.332282683523953,2923.987194380059,3009.9666129230627,3011.866450049093,2.537976996960424,1.0650476049996251,0.9893273037639578,2978.0926084636576,-1385.8620879780306,20329787.10384278,0.00014648911930320864,1323,0.043799776734723475,-1.445965571882522,1.4440828042107998,-4095.9999999999995,4090.666666666666,C:\Users\kimeu\Downloads\starlink_pathB_wsl_package_v0_3_clean\starlink_pathB\paper_final_experiment_check\outputs\random1200_null_random1200_seed2\157_146_lst000_stress_full_polybeam_khz_comb_S30_single.npz,9.10175923472585,9444.443085672718,1.7798436919007438e-05,140609741.2109375,False,False,False,False,False,False,False,False,False,False,False,False
157_146,140.36979839670377,mid,stress,0,2461041.5,2461041.506822953,full_polybeam,khz_comb,30.0,multi,coherent_ab,4,3,3,53976;54093;56109,86.545;85.567;70.536,0.2350680443548387,9.752069536292108e-05,0.5502745938468236,1,4,4,4,0.3308758856684498,0.5502745938468236,0.3308758856684498,0.7280464634021924,9.752069536292108e-05,5642.644279749944,1.2029950167277623,0.6069431835185298,0.002197073793719099,False,20265450,100,-0.20985776900645214,-0.5493389344964789,0.5544554455445545,0.7128712871287128,14.002396965734079,4305.07357095746,14.735520083465417,21.683209870336206,24.74548952462021,4371.89514978716,4584.168675537214,4613.790480801918,2.3562852631548594,1.9724352771975335,1.2212949608686667,4305.07357095746,-674.9130214256636,20329787.10384278,0.00021176186198938138,1323,0.043799776734723475,-1.445965571882522,1.4440828042107998,-4095.9999999999995,4090.666666666666,C:\Users\kimeu\Downloads\starlink_pathB_wsl_package_v0_3_clean\starlink_pathB\paper_final_experiment_check\outputs\random1200_null_random1200_seed2\157_146_lst000_stress_full_polybeam_khz_comb_S30_multi.npz,9.10175923472585,9444.443085672718,1.7798436919007438e-05,140609741.2109375,False,False,False,False,False,False,False,False,False,False,False,False
157_146,140.36979839670377,mid,stress,0,2461041.5,2461041.506822953,full_polybeam,khz_comb,1000.0,single,coherent_ab,4,3,1,53976,86.545,0.2350680443548387,9.752069536292108e-05,0.5502745938468236,1,4,4,4,0.3308758856684498,0.5502745938468236,0.3308758856684498,0.7280464634021924,9.752069536292108e-05,5642.644279749944,19.62584772423961,19.62584772423961,0.035411611691101755,False,20265467,100,-0.3822402501822997,0.463702330235325,0.7029702970297029,0.37623762376237624,353.7568582304102,98477.0495211031,398.09249814222585,613.9931624431701,617.3324454952711,96852.57461153052,101252.45671592516,101320.0244116215,78.23346552787007,1.4604024447512616,1.2293996869194743,98477.0495211031,-43728.50727791828,20329787.10384278,0.004843978395744673,1323,0.043799776734723475,-1.445965571882522,1.4440828042107998,-4095.9999999999995,4090.666666666666,C:\Users\kimeu\Downloads\starlink_pathB_wsl_package_v0_3_clean\starlink_pathB\paper_final_experiment_check\outputs\random1200_null_random1200_seed2\157_146_lst000_stress_full_polybeam_khz_comb_S1000_single.npz,9.10175923472585,9444.443085672718,1.7798436919007438e-05,140609741.2109375,False,False,False,False,False,False,False,False,False,False,False,False
157_146,140.36979839670377,mid,stress,0,2461041.5,2461041.506822953,full_polybeam,khz_comb,1000.0,multi,coherent_ab,4,3,3,53976;54093;56109,86.545;85.567;70.536,0.2350680443548387,9.752069536292108e-05,0.5502745938468236,1,4,4,4,0.3308758856684498,0.5502745938468236,0.3308758856684498,0.7280464634021924,9.752069536292108e-05,5642.644279749944,40.09983389092541,20.23143945061766,0.07323579312396998,False,20265484,100,-0.2926156943463513,-0.7756694338125728,0.5544554455445545,0.8316831683168316,466.8626601953729,142722.36327542263,501.8026833032668,707.900604488779,816.1384412097025,146308.39283850853,154645.5699500751,155346.08339783314,80.53813646194476,2.09917522185147,1.2578806494374448,142722.36327542263,-20604.98299432576,20329787.10384278,0.007020357003563748,1323,0.043799776734723475,-1.445965571882522,1.4440828042107998,-4095.9999999999995,4090.666666666666,C:\Users\kimeu\Downloads\starlink_pathB_wsl_package_v0_3_clean\starlink_pathB\paper_final_experiment_check\outputs\random1200_null_random1200_seed2\157_146_lst000_stress_full_polybeam_khz_comb_S1000_multi.npz,9.10175923472585,9444.443085672718,1.7798436919007438e-05,140609741.2109375,False,False,False,False,False,False,False,False,False,False,False,False
159_76,156.200250406372,mid,quiet,22,2461041.652777778,2461041.6596007315,frozen_polybeam,smooth,30.0,single,coherent_ab,3,8,1,56346,85.698,0.1653960853494623,1.856210936167349e-08,0.0434769020580605,0,3,3,3,0.0,0.0434769020580605,0.0,0.1229563272443203,1.856210936167349e-08,2342239.3010909874,0.6838914805966219,0.6838914805966219,0.0013253702986440695,False,20265523,100,0.3268197701924532,-0.613957183703404,0.33663366336633666,0.6831683168316832,8.928310199658881,1408.6903135686057,8.402525230970696,9.650733277230575,9.753447710267737,1430.8274729377256,1471.5611856369733,1472.5432443413056,1.085115207819399,1.171589174579991,1.0802141311437443,1408.6903135686057,391.27784683007883,2853791.4132691333,0.0004936206293910227,1303,0.04873937393834462,-1.445965571882522,1.4440828042107998,-4095.9999999999995,4090.666666666666,C:\Users\kimeu\Downloads\starlink_pathB_wsl_package_v0_3_clean\starlink_pathB\paper_final_experiment_check\outputs\random1200_null_random1200_seed2\159_76_lst022_quiet_frozen_polybeam_smooth_S30_single.npz,9.10175923472585,9444.443085672718,1.7798436919007438e-05,140609741.2109375,False,False,False,False,False,False,False,False,False,False,False,False
159_76,156.200250406372,mid,quiet,22,2461041.652777778,2461041.6596007315,frozen_polybeam,smooth,30.0,multi,coherent_ab,3,8,8,56346;55495;55495;56357;45971;52888;54923;57986,85.698;84.863;84.536;82.413;75.250;71.569;71.253;70.454,0.1653960853494623,1.856210936167349e-08,0.0434769020580605,0,3,3,3,0.0,0.0434769020580605,0.0,0.1229563272443203,1.856210936167349e-08,2342239.3010909874,1.4833920269935794,0.6838914805966219,0.0030535970398298303,False,20265540,100,1.2273210870924824,1.598379800462491,0.1782178217821782,0.04950495049504951,11.16051008069644,1913.013107692122,8.916006583678154,12.998666046435574,13.76910533235594,1593.2618980379225,1907.4620346882004,1975.4130470097984,1.23349699135224,2.9939737014434535,1.7101575147684986,1913.013107692122,314.33542447290705,2853791.4132691333,0.0006703409011595169,1303,0.04873937393834462,-1.445965571882522,1.4440828042107998,-4095.9999999999995,4090.666666666666,C:\Users\kimeu\Downloads\starlink_pathB_wsl_package_v0_3_clean\starlink_pathB\paper_final_experiment_check\outputs\random1200_null_random1200_seed2\159_76_lst022_quiet_frozen_polybeam_smooth_S30_multi.npz,9.10175923472585,9444.443085672718,1.7798436919007438e-05,140609741.2109375,False,False,False,False,False,False,False,False,False,False,False,False
159_76,156.200250406372,mid,quiet,22,2461041.652777778,2461041.6596007315,frozen_polybeam,smooth,1000.0,single,coherent_ab,3,8,1,56346,85.698,0.1653960853494623,1.856210936167349e-08,0.0434769020580605,0,3,3,3,0.0,0.0434769020580605,0.0,0.1229563272443203,1.856210936167349e-08,2342239.3010909874,22.796382686554065,22.796382686554065,0.04417900995480232,False,20265557,100,0.4419089658541822,-0.6632017156677497,0.27722772277227725,0.6831683168316832,294.91924918941277,46717.88701822135,273.33499981198383,318.73727709525053,323.04917252859866,47652.1416732437,49032.547853071905,49419.302275254326,32.94428916411289,1.107601626865414,1.020711934554549,46717.88701822135,11714.473626915556,2853791.4132691333,0.01637046309726755,1303,0.04873937393834462,-1.445965571882522,1.4440828042107998,-4095.9999999999995,4090.666666666666,C:\Users\kimeu\Downloads\starlink_pathB_wsl_package_v0_3_clean\starlink_pathB\paper_final_experiment_check\outputs\random1200_null_random1200_seed2\159_76_lst022_quiet_frozen_polybeam_smooth_S1000_single.npz,9.10175923472585,9444.443085672718,1.7798436919007438e-05,140609741.2109375,False,False,False,False,False,False,False,False,False,False,False,False
159_76,156.200250406372,mid,quiet,22,2461041.652777778,2461041.6596007315,frozen_polybeam,smooth,1000.0,multi,coherent_ab,3,8,8,56346;55495;55495;56357;45971;52888;54923;57986,85.698;84.863;84.536;82.413;75.250;71.569;71.253;70.454,0.1653960853494623,1.856210936167349e-08,0.0434769020580605,0,3,3,3,0.0,0.0434769020580605,0.0,0.1229563272443203,1.856210936167349e-08,2342239.3010909874,49.44640089978598,22.796382686554065,0.10178656799432767,False,20265574,100,1.5692098178979754,1.423509033921764,0.15841584158415842,0.009900990099009901,369.73316011095994,63647.57588296285,292.8536306960209,390.9737443473811,437.43534004498855,52786.03258306155,61107.055578756204,62154.23820976604,33.04499601764337,2.836526046067151,1.5970629260704245,63647.57588296285,8814.994082340936,2853791.4132691333,0.02230281287799236,1303,0.04873937393834462,-1.445965571882522,1.4440828042107998,-4095.9999999999995,4090.666666666666,C:\Users\kimeu\Downloads\starlink_pathB_wsl_package_v0_3_clean\starlink_pathB\paper_final_experiment_check\outputs\random1200_null_random1200_seed2\159_76_lst022_quiet_frozen_polybeam_smooth_S1000_multi.npz,9.10175923472585,9444.443085672718,1.7798436919007438e-05,140609741.2109375,False,False,False,False,False,False,False,False,False,False,False,False
159_76,156.200250406372,mid,quiet,22,2461041.652777778,2461041.6596007315,frozen_polybeam,lines,30.0,single,coherent_ab,3,8,1,56346,85.698,0.1653960853494623,1.856210936167349e-08,0.0434769020580605,0,3,3,3,0.0,0.0434769020580605,0.0,0.1229563272443203,1.856210936167349e-08,2342239.3010909874,0.6838457189027359,0.6838457189027359,0.00132762107412946,False,20265591,100,0.369940811602063,-1.0183587260895757,0.36633663366336633,0.7128712871287128,9.026504707673666,1408.6721495971724,8.43961223057795,9.72535665345904,9.780733382551498,1443.3771450456672,1473.6120048216983,1474.1874200057296,1.0700456402555574,0.9348672483612739,0.9010713704979655,1408.6721495971724,390.7826468589378,2853791.4132691333,0.0004936142645350108,1303,0.04873937393834462,-1.445965571882522,1.4440828042107998,-4095.9999999999995,4090.666666666666,C:\Users\kimeu\Downloads\starlink_pathB_wsl_package_v0_3_clean\starlink_pathB\paper_final_experiment_check\outputs\random1200_null_random1200_seed2\159_76_lst022_quiet_frozen_polybeam_lines_S30_single.npz,9.10175923472585,9444.443085672718,1.7798436919007438e-05,140609741.2109375,False,False,False,False,False,False,False,False,False,False,False,False
159_76,156.200250406372,mid,quiet,22,2461041.652777778,2461041.6596007315,frozen_polybeam,lines,30.0,multi,coherent_ab,3,8,8,56346;55495;55495;56357;45971;52888;54923;57986,85.698;84.863;84.536;82.413;75.250;71.569;71.253;70.454,0.1653960853494623,1.856210936167349e-08,0.0434769020580605,0,3,3,3,0.0,0.0434769020580605,0.0,0.1229563272443203,1.856210936167349e-08,2342239.3010909874,1.4833241153972176,0.6838457189027359,0.0030580069382314667,False,20265608,100,1.3779590600351599,2.019376457645753,0.1188118811881188,0.019801980198019802,11.252217624025434,1913.002375475191,8.806406747865822,12.342472993062438,14.119282369415727,1549.743952586277,1812.7735443263032,1908.3158252402718,1.197188569125501,2.329110872539963,1.5922002786268654,1913.002375475191,313.84850181347406,2853791.4132691333,0.0006703371404722848,1303,0.04873937393834462,-1.445965571882522,1.4440828042107998,-4095.9999999999995,4090.666666666666,C:\Users\kimeu\Downloads\starlink_pathB_wsl_package_v0_3_clean\starlink_pathB\paper_final_experiment_check\outputs\random1200_null_random1200_seed2\159_76_lst022_quiet_frozen_polybeam_lines_S30_multi.npz,9.10175923472585,9444.443085672718,1.7798436919007438e-05,140609741.2109375,False,False,False,False,False,False,False,False,False,False,False,False
159_76,156.200250406372,mid,quiet,22,2461041.652777778,2461041.6596007315,frozen_polybeam,lines,1000.0,single,coherent_ab,3,8,1,56346,85.698,0.1653960853494623,1.856210936167349e-08,0.0434769020580605,0,3,3,3,0.0,0.0434769020580605,0.0,0.1229563272443203,1.856210936167349e-08,2342239.3010909874,22.794857296757872,22.794857296757872,0.04425403580431533,False,20265625,100,0.3253724504195792,-0.896038568790262,0.3564356435643564,0.7227722772277227,298.31820691716257,46723.69892196121,279.3449232263283,322.9504490342344,324.72034800841993,47895.30147366395,49382.63878084054,49480.57844205451,39.33124795874119,1.0372539166806891,1.0027088090654244,46723.69892196121,11697.531583570464,2853791.4132691333,0.016372499652466656,1303,0.04873937393834462,-1.445965571882522,1.4440828042107998,-4095.9999999999995,4090.666666666666,C:\Users\kimeu\Downloads\starlink_pathB_wsl_package_v0_3_clean\starlink_pathB\paper_final_experiment_check\outputs\random1200_null_random1200_seed2\159_76_lst022_quiet_frozen_polybeam_lines_S1000_single.npz,9.10175923472585,9444.443085672718,1.7798436919007438e-05,140609741.2109375,False,False,False,False,False,False,False,False,False,False,False,False
159_76,156.200250406372,mid,quiet,22,2461041.652777778,2461041.6596007315,frozen_polybeam,lines,1000.0,multi,coherent_ab,3,8,8,56346;55495;55495;56357;45971;52888;54923;57986,85.698;84.863;84.536;82.413;75.250;71.569;71.253;70.454,0.1653960853494623,1.856210936167349e-08,0.0434769020580605,0,3,3,3,0.0,0.0434769020580605,0.0,0.1229563272443203,1.856210936167349e-08,2342239.3010909874,49.44413717990727,22.794857296757872,0.10193356460771555,False,20265642,100,1.3050092894664704,1.7253724191692714,0.0594059405940594,0.0297029702970297,372.5829674141187,63647.62858441584,298.346556135371,372.56914899428426,392.5289084717928,53746.5781216747,62101.036942506995,64842.4870424151,38.36890191386328,2.3887736011698304,1.5501398739710326,63647.62858441584,8796.587557597595,2853791.4132691333,0.022302831345162998,1303,0.04873937393834462,-1.445965571882522,1.4440828042107998,-4095.9999999999995,4090.666666666666,C:\Users\kimeu\Downloads\starlink_pathB_wsl_package_v0_3_clean\starlink_pathB\paper_final_experiment_check\outputs\random1200_null_random1200_seed2\159_76_lst022_quiet_frozen_polybeam_lines_S1000_multi.npz,9.10175923472585,9444.443085672718,1.7798436919007438e-05,140609741.2109375,False,False,False,False,False,False,False,False,False,False,False,False
159_76,156.200250406372,mid,quiet,22,2461041.652777778,2461041.6596007315,frozen_polybeam,khz_comb,30.0,single,coherent_ab,3,8,1,56346,85.698,0.1653960853494623,1.856210936167349e-08,0.0434769020580605,0,3,3,3,0.0,0.0434769020580605,0.0,0.1229563272443203,1.856210936167349e-08,2342239.3010909874,0.6801905667593835,0.6801905667593835,0.0012507427106954975,False,20265659,100,0.17664629040621208,-0.6732025811368606,0.40594059405940597,0.7128712871287128,8.834540957983336,1392.6337418559756,8.638194038516303,9.681099911544333,9.783101455610268,1415.2018393327128,1445.5031751193762,1446.0914097899642,0.7497139199904268,0.9431773681167235,0.8520453166314989,1392.6337418559756,376.1563224376519,2853791.4132691333,0.0004879942294943895,1303,0.04873937393834462,-1.445965571882522,1.4440828042107998,-4095.9999999999995,4090.666666666666,C:\Users\kimeu\Downloads\starlink_pathB_wsl_package_v0_3_clean\starlink_pathB\paper_final_experiment_check\outputs\random1200_null_random1200_seed2\159_76_lst022_quiet_frozen_polybeam_khz_comb_S30_single.npz,9.10175923472585,9444.443085672718,1.7798436919007438e-05,140609741.2109375,False,False,False,False,False,False,False,False,False,False,False,False
159_76,156.200250406372,mid,quiet,22,2461041.652777778,2461041.6596007315,frozen_polybeam,khz_comb,30.0,multi,coherent_ab,3,8,8,56346;55495;55495;56357;45971;52888;54923;57986,85.698;84.863;84.536;82.413;75.250;71.569;71.253;70.454,0.1653960853494623,1.856210936167349e-08,0.0434769020580605,0,3,3,3,0.0,0.0434769020580605,0.0,0.1229563272443203,1.856210936167349e-08,2342239.3010909874,1.3784330579943653,0.6801905667593835,0.002792023042181664,False,20265676,100,0.7680352712496082,1.0391557110191316,0.19801980198019803,0.0594059405940594,10.63165577903601,1830.7280137900423,9.200346192992129,11.5872327464529,12.508944094124315,1621.5853213289265,1831.2728074622353,1884.2086552142991,1.2569801490576538,2.573696732664212,1.543593610220663,1830.7280137900423,322.089675560061,2853791.4132691333,0.0006415072963208862,1303,0.04873937393834462,-1.445965571882522,1.4440828042107998,-4095.9999999999995,4090.666666666666,C:\Users\kimeu\Downloads\starlink_pathB_wsl_package_v0_3_clean\starlink_pathB\paper_final_experiment_check\outputs\random1200_null_random1200_seed2\159_76_lst022_quiet_frozen_polybeam_khz_comb_S30_multi.npz,9.10175923472585,9444.443085672718,1.7798436919007438e-05,140609741.2109375,False,False,False,False,False,False,False,False,False,False,False,False
159_76,156.200250406372,mid,quiet,22,2461041.652777778,2461041.6596007315,frozen_polybeam,khz_comb,1000.0,single,coherent_ab,3,8,1,56346,85.698,0.1653960853494623,1.856210936167349e-08,0.0434769020580605,0,3,3,3,0.0,0.0434769020580605,0.0,0.1229563272443203,1.856210936167349e-08,2342239.3010909874,22.67301889197945,22.67301889197945,0.04169142368984992,False,20265693,100,0.24947486235433003,-1.4938840434957124,0.37623762376237624,0.8316831683168316,292.160937050382,46158.29278678909,283.18824720110297,317.31312977046616,324.1641953077307,47354.949218366135,48209.61488144795,48441.975054203205,24.258942700176704,1.0619290746813688,0.9895569193498325,46158.29278678909,11231.098227874149,2853791.4132691333,0.016174375103999945,1303,0.04873937393834462,-1.445965571882522,1.4440828042107998,-4095.9999999999995,4090.666666666666,C:\Users\kimeu\Downloads\starlink_pathB_wsl_package_v0_3_clean\starlink_pathB\paper_final_experiment_check\outputs\random1200_null_random1200_seed2\159_76_lst022_quiet_frozen_polybeam_khz_comb_S1000_single.npz,9.10175923472585,9444.443085672718,1.7798436919007438e-05,140609741.2109375,False,False,False,False,False,False,False,False,False,False,False,False
159_76,156.200250406372,mid,quiet,22,2461041.652777778,2461041.6596007315,frozen_polybeam,khz_comb,1000.0,multi,coherent_ab,3,8,8,56346;55495;55495;56357;45971;52888;54923;57986,85.698;84.863;84.536;82.413;75.250;71.569;71.253;70.454,0.1653960853494623,1.856210936167349e-08,0.0434769020580605,0,3,3,3,0.0,0.0434769020580605,0.0,0.1229563272443203,1.856210936167349e-08,2342239.3010909874,45.947768599812186,22.67301889197945,0.09306743473938879,False,20265710,100,0.8667239375208977,1.7434449624379402,0.2079207920792079,0.06930693069306931,352.4862225666511,60882.59844869719,296.95942893034226,393.4388208803964,456.41918793615895,50898.889964984446,61545.2105275476,63627.13601749256,43.211347454161114,2.4579905372422357,1.547514938966014,60882.59844869719,9250.074551449889,2853791.4132691333,0.021333934276210366,1303,0.04873937393834462,-1.445965571882522,1.4440828042107998,-4095.9999999999995,4090.666666666666,C:\Users\kimeu\Downloads\starlink_pathB_wsl_package_v0_3_clean\starlink_pathB\paper_final_experiment_check\outputs\random1200_null_random1200_seed2\159_76_lst022_quiet_frozen_polybeam_khz_comb_S1000_multi.npz,9.10175923472585,9444.443085672718,1.7798436919007438e-05,140609741.2109375,False,False,False,False,False,False,False,False,False,False,False,False
159_76,156.200250406372,mid,quiet,22,2461041.652777778,2461041.6596007315,full_polybeam,smooth,30.0,single,coherent_ab,3,8,1,56346,85.698,0.1653960853494623,1.856210936167349e-08,0.0434769020580605,0,3,3,3,0.0,0.0434769020580605,0.0,0.1229563272443203,1.856210936167349e-08,2342239.3010909874,0.5974501952240193,0.5974501952240193,0.0014463190540616494,False,20265727,100,0.3365303567494562,-0.39713151613287717,0.31683168316831684,0.6633663366336634,7.88604138826031,1342.599787391836,7.505746822493165,9.668513259723113,9.729621998327838,1361.1626895348304,1412.2931416801302,1414.9062900850658,0.7622051483458563,1.0107130751103155,0.9330101731226068,1342.599787391836,393.7931898383605,2853791.4132691333,0.00047046177977451886,1303,0.04873937393834462,-1.445965571882522,1.4440828042107998,-4095.9999999999995,4090.666666666666,C:\Users\kimeu\Downloads\starlink_pathB_wsl_package_v0_3_clean\starlink_pathB\paper_final_experiment_check\outputs\random1200_null_random1200_seed2\159_76_lst022_quiet_full_polybeam_smooth_S30_single.npz,9.10175923472585,9444.443085672718,1.7798436919007438e-05,140609741.2109375,False,False,False,False,False,False,False,False,False,False,False,False
159_76,156.200250406372,mid,quiet,22,2461041.652777778,2461041.6596007315,full_polybeam,smooth,30.0,multi,coherent_ab,3,8,8,56346;55495;55495;56357;45971;52888;54923;57986,85.698;84.863;84.536;82.413;75.250;71.569;71.253;70.454,0.1653960853494623,1.856210936167349e-08,0.0434769020580605,0,3,3,3,0.0,0.0434769020580605,0.0,0.1229563272443203,1.856210936167349e-08,2342239.3010909874,1.8597653694157978,0.5974501952240193,0.004322427522733162,False,20265744,100,1.7147673699809527,1.3095510169295626,0.09900990099009901,0.09900990099009901,13.767574965711901,2027.0549770513312,9.540607356801502,15.071824535718722,17.73945678432555,1689.2758385537616,2056.160053919116,2091.40735704819,1.662645699193945,2.5359638151687998,1.9853341564853588,2027.0549770513312,306.0648271308138,2853791.4132691333,0.0007103024305232098,1303,0.04873937393834462,-1.445965571882522,1.4440828042107998,-4095.9999999999995,4090.666666666666,C:\Users\kimeu\Downloads\starlink_pathB_wsl_package_v0_3_clean\starlink_pathB\paper_final_experiment_check\outputs\random1200_null_random1200_seed2\159_76_lst022_quiet_full_polybeam_smooth_S30_multi.npz,9.10175923472585,9444.443085672718,1.7798436919007438e-05,140609741.2109375,False,False,False,False,False,False,False,False,False,False,False,False
159_76,156.200250406372,mid,quiet,22,2461041.652777778,2461041.6596007315,full_polybeam,smooth,1000.0,single,coherent_ab,3,8,1,56346,85.698,0.1653960853494623,1.856210936167349e-08,0.0434769020580605,0,3,3,3,0.0,0.0434769020580605,0.0,0.1229563272443203,1.856210936167349e-08,2342239.3010909874,19.915006507467307,19.915006507467307,0.04821063513538831,False,20265761,100,0.501811988590868,-0.5204720912260778,0.37623762376237624,0.6534653465346535,263.1870474844436,44950.330448290304,241.9798154406626,323.16635943548135,325.2640398121706,45720.153161966766,47107.94271752706,47270.31390324218,28.50486312169096,1.8040359318240442,1.5726887033234458,44950.330448290304,12977.793418697449,2853791.4132691333,0.015751091771909805,1303,0.04873937393834462,-1.445965571882522,1.4440828042107998,-4095.9999999999995,4090.666666666666,C:\Users\kimeu\Downloads\starlink_pathB_wsl_package_v0_3_clean\starlink_pathB\paper_final_experiment_check\outputs\random1200_null_random1200_seed2\159_76_lst022_quiet_full_polybeam_smooth_S1000_single.npz,9.10175923472585,9444.443085672718,1.7798436919007438e-05,140609741.2109375,False,False,False,False,False,False,False,False,False,False,False,False
159_76,156.200250406372,mid,quiet,22,2461041.652777778,2461041.6596007315,full_polybeam,smooth,1000.0,multi,coherent_ab,3,8,8,56346;55495;55495;56357;45971;52888;54923;57986,85.698;84.863;84.536;82.413;75.250;71.569;71.253;70.454,0.1653960853494623,1.856210936167349e-08,0.0434769020580605,0,3,3,3,0.0,0.0434769020580605,0.0,0.1229563272443203,1.856210936167349e-08,2342239.3010909874,61.99217898052659,19.915006507467307,0.1440809174244387,False,20265778,100,1.849740856010704,1.3112915601440696,0.09900990099009901,0.09900990099009901,452.2680422118665,67648.0417626272,315.93577720846497,475.61213144532803,525.5819197176438,55506.867848854636,68324.99966936038,70856.30177434685,49.712289515854536,2.765085792730462,1.8148197892595312,67648.0417626272,8039.021181032271,2853791.4132691333,0.023704620263445823,1303,0.04873937393834462,-1.445965571882522,1.4440828042107998,-4095.9999999999995,4090.666666666666,C:\Users\kimeu\Downloads\starlink_pathB_wsl_package_v0_3_clean\starlink_pathB\paper_final_experiment_check\outputs\random1200_null_random1200_seed2\159_76_lst022_quiet_full_polybeam_smooth_S1000_multi.npz,9.10175923472585,9444.443085672718,1.7798436919007438e-05,140609741.2109375,False,False,False,False,False,False,False,False,False,False,False,False
159_76,156.200250406372,mid,quiet,22,2461041.652777778,2461041.6596007315,full_polybeam,lines,30.0,single,coherent_ab,3,8,1,56346,85.698,0.1653960853494623,1.856210936167349e-08,0.0434769020580605,0,3,3,3,0.0,0.0434769020580605,0.0,0.1229563272443203,1.856210936167349e-08,2342239.3010909874,0.5973794709587267,0.5973794709587267,0.0014490193506947848,False,20265795,100,0.3140671666632383,-0.1694825154621354,0.39603960396039606,0.5643564356435643,8.014669493151814,1343.3250055774486,7.6258515813347,9.824207166659107,9.904560216232785,1351.3108480564977,1411.9411779215066,1416.100319912292,0.8350254865094939,1.311739617515976,1.24165623935088,1343.3250055774486,393.27443482660465,2853791.4132691333,0.0004707159042288292,1303,0.04873937393834462,-1.445965571882522,1.4440828042107998,-4095.9999999999995,4090.666666666666,C:\Users\kimeu\Downloads\starlink_pathB_wsl_package_v0_3_clean\starlink_pathB\paper_final_experiment_check\outputs\random1200_null_random1200_seed2\159_76_lst022_quiet_full_polybeam_lines_S30_single.npz,9.10175923472585,9444.443085672718,1.7798436919007438e-05,140609741.2109375,False,False,False,False,False,False,False,False,False,False,False,False
159_76,156.200250406372,mid,quiet,22,2461041.652777778,2461041.6596007315,full_polybeam,lines,30.0,multi,coherent_ab,3,8,8,56346;55495;55495;56357;45971;52888;54923;57986,85.698;84.863;84.536;82.413;75.250;71.569;71.253;70.454,0.1653960853494623,1.856210936167349e-08,0.0434769020580605,0,3,3,3,0.0,0.0434769020580605,0.0,0.1229563272443203,1.856210936167349e-08,2342239.3010909874,1.8596413751969116,0.5973794709587267,0.004328106680954579,False,20265812,100,1.2088181847922863,1.2185688898560123,0.15841584158415842,0.07920792079207921,13.471533548472507,2027.3422560015238,10.252652365792983,16.00101457886594,17.173403489248326,1713.338191065614,2097.4434784226883,2173.006780415246,1.796056380425398,2.5035417069517085,1.8403319811315597,2027.3422560015238,305.39205798336803,2853791.4132691333,0.0007104030962371988,1303,0.04873937393834462,-1.445965571882522,1.4440828042107998,-4095.9999999999995,4090.666666666666,C:\Users\kimeu\Downloads\starlink_pathB_wsl_package_v0_3_clean\starlink_pathB\paper_final_experiment_check\outputs\random1200_null_random1200_seed2\159_76_lst022_quiet_full_polybeam_lines_S30_multi.npz,9.10175923472585,9444.443085672718,1.7798436919007438e-05,140609741.2109375,False,False,False,False,False,False,False,False,False,False,False,False
159_76,156.200250406372,mid,quiet,22,2461041.652777778,2461041.6596007315,full_polybeam,lines,1000.0,single,coherent_ab,3,8,1,56346,85.698,0.1653960853494623,1.856210936167349e-08,0.0434769020580605,0,3,3,3,0.0,0.0434769020580605,0.0,0.1229563272443203,1.856210936167349e-08,2342239.3010909874,19.912649031957553,19.912649031957553,0.048300645023159505,False,20265829,100,0.5181615130876117,-0.2858553197021789,0.297029702970297,0.5841584158415841,267.725953603961,44974.36600020109,247.94843635730194,326.1686742135936,329.5891844191726,45407.33794035886,47083.71093563308,47301.49901994138,25.744391065966738,1.1763895177268195,1.0740046640070657,44974.36600020109,12958.98019389925,2853791.4132691333,0.015759514094508098,1303,0.04873937393834462,-1.445965571882522,1.4440828042107998,-4095.9999999999995,4090.666666666666,C:\Users\kimeu\Downloads\starlink_pathB_wsl_package_v0_3_clean\starlink_pathB\paper_final_experiment_check\outputs\random1200_null_random1200_seed2\159_76_lst022_quiet_full_polybeam_lines_S1000_single.npz,9.10175923472585,9444.443085672718,1.7798436919007438e-05,140609741.2109375,False,False,False,False,False,False,False,False,False,False,False,False
159_76,156.200250406372,mid,quiet,22,2461041.652777778,2461041.6596007315,full_polybeam,lines,1000.0,multi,coherent_ab,3,8,8,56346;55495;55495;56357;45971;52888;54923;57986,85.698;84.863;84.536;82.413;75.250;71.569;71.253;70.454,0.1653960853494623,1.856210936167349e-08,0.0434769020580605,0,3,3,3,0.0,0.0434769020580605,0.0,0.1229563272443203,1.856210936167349e-08,2342239.3010909874,61.988045839897055,19.912649031957553,0.144270222698486,False,20265846,100,1.2969304755353657,1.1406852924860436,0.09900990099009901,0.0891089108910891,441.9574746800263,67665.8787335182,325.2257565604423,501.05022993256296,605.0220295544924,55395.89370291352,68172.82538296748,70239.32723791918,60.70831605447847,2.9014880115606076,1.6303880605571373,67665.8787335182,8011.849720513512,2853791.4132691333,0.02371087053485952,1303,0.04873937393834462,-1.445965571882522,1.4440828042107998,-4095.9999999999995,4090.666666666666,C:\Users\kimeu\Downloads\starlink_pathB_wsl_package_v0_3_clean\starlink_pathB\paper_final_experiment_check\outputs\random1200_null_random1200_seed2\159_76_lst022_quiet_full_polybeam_lines_S1000_multi.npz,9.10175923472585,9444.443085672718,1.7798436919007438e-05,140609741.2109375,False,False,False,False,False,False,False,False,False,False,False,False
159_76,156.200250406372,mid,quiet,22,2461041.652777778,2461041.6596007315,full_polybeam,khz_comb,30.0,single,coherent_ab,3,8,1,56346,85.698,0.1653960853494623,1.856210936167349e-08,0.0434769020580605,0,3,3,3,0.0,0.0434769020580605,0.0,0.1229563272443203,1.856210936167349e-08,2342239.3010909874,0.5950955809369579,0.5950955809369579,0.0013216240797231241,False,20265863,100,0.11044294478031397,-0.624766538715158,0.46534653465346537,0.7029702970297029,7.76260870416354,1294.9488680854226,7.662611455219121,9.639899000987134,9.761850172333142,1316.5015571362417,1352.8992198188064,1354.872899005762,0.610697410506873,1.2592653389631694,1.0902667337788512,1294.9488680854226,371.6611335016034,2853791.4132691333,0.00045376437186837225,1303,0.04873937393834462,-1.445965571882522,1.4440828042107998,-4095.9999999999995,4090.666666666666,C:\Users\kimeu\Downloads\starlink_pathB_wsl_package_v0_3_clean\starlink_pathB\paper_final_experiment_check\outputs\random1200_null_random1200_seed2\159_76_lst022_quiet_full_polybeam_khz_comb_S30_single.npz,9.10175923472585,9444.443085672718,1.7798436919007438e-05,140609741.2109375,False,False,False,False,False,False,False,False,False,False,False,False
159_76,156.200250406372,mid,quiet,22,2461041.652777778,2461041.6596007315,full_polybeam,khz_comb,30.0,multi,coherent_ab,3,8,8,56346;55495;55495;56357;45971;52888;54923;57986,85.698;84.863;84.536;82.413;75.250;71.569;71.253;70.454,0.1653960853494623,1.856210936167349e-08,0.0434769020580605,0,3,3,3,0.0,0.0434769020580605,0.0,0.1229563272443203,1.856210936167349e-08,2342239.3010909874,1.6339097365313942,0.5950955809369579,0.003783587030316128,False,20265880,100,1.3427451233665444,1.4969743642397912,0.13861386138613863,0.0297029702970297,10.839151885753381,1860.888949161328,8.858750123536538,12.038280982169908,15.152119116764139,1570.468642003101,1831.7157126421525,1862.1965432596467,0.9947998807974727,2.56761459424577,1.7513120570620442,1860.888949161328,306.34362659256675,2853791.4132691333,0.0006520760208713378,1303,0.04873937393834462,-1.445965571882522,1.4440828042107998,-4095.9999999999995,4090.666666666666,C:\Users\kimeu\Downloads\starlink_pathB_wsl_package_v0_3_clean\starlink_pathB\paper_final_experiment_check\outputs\random1200_null_random1200_seed2\159_76_lst022_quiet_full_polybeam_khz_comb_S30_multi.npz,9.10175923472585,9444.443085672718,1.7798436919007438e-05,140609741.2109375,False,False,False,False,False,False,False,False,False,False,False,False
159_76,156.200250406372,mid,quiet,22,2461041.652777778,2461041.6596007315,full_polybeam,khz_comb,1000.0,single,coherent_ab,3,8,1,56346,85.698,0.1653960853494623,1.856210936167349e-08,0.0434769020580605,0,3,3,3,0.0,0.0434769020580605,0.0,0.1229563272443203,1.856210936167349e-08,2342239.3010909874,19.83651936456526,19.83651936456526,0.0440541359907708,False,20265897,100,0.3746647906022436,-0.6041784226601563,0.33663366336633666,0.6831683168316832,258.91169614915634,43268.75240872939,249.91046432061557,321.2223981191879,324.16439108120375,44005.81345296142,45113.70168963129,45172.17629930067,16.20447889565048,0.9942257369217599,0.9344009692716988,43268.75240872939,12107.004404546351,2853791.4132691333,0.015161848272282553,1303,0.04873937393834462,-1.445965571882522,1.4440828042107998,-4095.9999999999995,4090.666666666666,C:\Users\kimeu\Downloads\starlink_pathB_wsl_package_v0_3_clean\starlink_pathB\paper_final_experiment_check\outputs\random1200_null_random1200_seed2\159_76_lst022_quiet_full_polybeam_khz_comb_S1000_single.npz,9.10175923472585,9444.443085672718,1.7798436919007438e-05,140609741.2109375,False,False,False,False,False,False,False,False,False,False,False,False
159_76,156.200250406372,mid,quiet,22,2461041.652777778,2461041.6596007315,full_polybeam,khz_comb,1000.0,multi,coherent_ab,3,8,8,56346;55495;55495;56357;45971;52888;54923;57986,85.698;84.863;84.536;82.413;75.250;71.569;71.253;70.454,0.1653960853494623,1.856210936167349e-08,0.0434769020580605,0,3,3,3,0.0,0.0434769020580605,0.0,0.1229563272443203,1.856210936167349e-08,2342239.3010909874,54.4636578843798,19.83651936456526,0.12611956767720425,False,20265914,100,1.026092568355992,1.6358958586943853,0.16831683168316833,0.04950495049504951,356.50291108412966,62083.565140166975,295.6625592409946,398.6632807496874,437.09988037082377,52392.29488223766,62026.69952330131,64007.522869327084,39.99274177304278,2.4038398125115474,1.5400176779341328,62083.565140166975,8584.748858731095,2853791.4132691333,0.021754766256391438,1303,0.04873937393834462,-1.445965571882522,1.4440828042107998,-4095.9999999999995,4090.666666666666,C:\Users\kimeu\Downloads\starlink_pathB_wsl_package_v0_3_clean\starlink_pathB\paper_final_experiment_check\outputs\random1200_null_random1200_seed2\159_76_lst022_quiet_full_polybeam_khz_comb_S1000_multi.npz,9.10175923472585,9444.443085672718,1.7798436919007438e-05,140609741.2109375,False,False,False,False,False,False,False,False,False,False,False,False
159_76,156.200250406372,mid,typical,44,2461041.8055555555,2461041.8123785085,frozen_polybeam,smooth,30.0,single,coherent_ab,3,2,1,55537,79.468,0.1653015793010752,1.9250990235090578e-07,0.2419547912000571,0,3,3,3,0.0,0.2419547912000571,0.0,0.7241364102878726,1.9250990235090578e-07,1256843.3532267006,0.10170400459461527,0.10170400459461527,0.0003144421753805539,False,20265953,100,-0.13768327705031613,0.7511063018750627,0.5841584158415841,0.06930693069306931,0.4350611887039122,103.94711642095363,0.4403050407199771,0.5090717497215337,0.5136781761879047,100.5498758413659,103.95070509584015,103.9649915530739,0.025688883971042742,0.9376665857268245,0.8599542061878359,103.94711642095363,30.147979228726737,2078209.3784254282,5.00176341710622e-05,1303,0.04873937393834462,-1.445965571882522,1.4440828042107998,-4095.9999999999995,4090.666666666666,C:\Users\kimeu\Downloads\starlink_pathB_wsl_package_v0_3_clean\starlink_pathB\paper_final_experiment_check\outputs\random1200_null_random1200_seed2\159_76_lst044_typical_frozen_polybeam_smooth_S30_single.npz,9.10175923472585,9444.443085672718,1.7798436919007438e-05,140609741.2109375,False,False,False,False,False,False,False,False,False,False,False,False
159_76,156.200250406372,mid,typical,44,2461041.8055555555,2461041.8123785085,frozen_polybeam,smooth,30.0,multi,coherent_ab,3,2,2,55537;57422,79.468;75.727,0.1653015793010752,1.9250990235090578e-07,0.2419547912000571,0,3,3,3,0.0,0.2419547912000571,0.0,0.7241364102878726,1.9250990235090578e-07,1256843.3532267006,0.140351230565904,0.10170400459461527,0.0005215585581592523,False,20265970,100,0.09702001800875243,1.69307510119645,0.46534653465346537,0.07920792079207921,0.6153512789351225,124.39076653877753,0.6073073248858236,0.7228177943150171,0.7531099230846303,118.69386681103236,124.85660069918517,126.27712839657859,0.0559221981943665,1.979152571733806,1.403849198929754,124.39076653877753,35.23988227966949,2078209.3784254282,5.985478067326555e-05,1303,0.04873937393834462,-1.445965571882522,1.4440828042107998,-4095.9999999999995,4090.666666666666,C:\Users\kimeu\Downloads\starlink_pathB_wsl_package_v0_3_clean\starlink_pathB\paper_final_experiment_check\outputs\random1200_null_random1200_seed2\159_76_lst044_typical_frozen_polybeam_smooth_S30_multi.npz,9.10175923472585,9444.443085672718,1.7798436919007438e-05,140609741.2109375,False,False,False,False,False,False,False,False,False,False,False,False
159_76,156.200250406372,mid,typical,44,2461041.8055555555,2461041.8123785085,frozen_polybeam,smooth,1000.0,single,coherent_ab,3,2,1,55537,79.468,0.1653015793010752,1.9250990235090578e-07,0.2419547912000571,0,3,3,3,0.0,0.2419547912000571,0.0,0.7241364102878726,1.9250990235090578e-07,1256843.3532267006,3.390133486487176,3.390133486487176,0.010481405846018461,False,20265987,100,-0.05234721530307787,0.7831713781026185,0.5247524752475248,0.09900990099009901,14.521228008521575,3457.5724713177196,14.595021557212817,17.043374044794973,17.126977899874547,3345.2394436433656,3466.2690576502814,3474.4310934512027,0.9508254911565928,0.9127592961428799,0.8651870368086109,3457.5724713177196,949.7943403597772,2078209.3784254282,0.0016637267193632707,1303,0.04873937393834462,-1.445965571882522,1.4440828042107998,-4095.9999999999995,4090.666666666666,C:\Users\kimeu\Downloads\starlink_pathB_wsl_package_v0_3_clean\starlink_pathB\paper_final_experiment_check\outputs\random1200_null_random1200_seed2\159_76_lst044_typical_frozen_polybeam_smooth_S1000_single.npz,9.10175923472585,9444.443085672718,1.7798436919007438e-05,140609741.2109375,False,False,False,False,False,False,False,False,False,False,False,False
159_76,156.200250406372,mid,typical,44,2461041.8055555555,2461041.8123785085,frozen_polybeam,smooth,1000.0,multi,coherent_ab,3,2,2,55537;57422,79.468;75.727,0.1653015793010752,1.9250990235090578e-07,0.2419547912000571,0,3,3,3,0.0,0.2419547912000571,0.0,0.7241364102878726,1.9250990235090578e-07,1256843.3532267006,4.6783743521968,3.390133486487176,0.017385285271975075,False,20266004,100,0.041196753151459424,1.662357323162603,0.49504950495049505,0.0891089108910891,20.489055744196776,4139.028098588338,20.39872454596798,24.236000803122398,25.010817401108536,3949.2457750092094,4159.580884885549,4211.85839230265,1.4789407862743928,2.077879930928763,1.43195684938675,4139.028098588338,1129.5093550434713,2078209.3784254282,0.0019916319027124714,1303,0.04873937393834462,-1.445965571882522,1.4440828042107998,-4095.9999999999995,4090.666666666666,C:\Users\kimeu\Downloads\starlink_pathB_wsl_package_v0_3_clean\starlink_pathB\paper_final_experiment_check\outputs\random1200_null_random1200_seed2\159_76_lst044_typical_frozen_polybeam_smooth_S1000_multi.npz,9.10175923472585,9444.443085672718,1.7798436919007438e-05,140609741.2109375,False,False,False,False,False,False,False,False,False,False,False,False
159_76,156.200250406372,mid,typical,44,2461041.8055555555,2461041.8123785085,frozen_polybeam,lines,30.0,single,coherent_ab,3,2,1,55537,79.468,0.1653015793010752,1.9250990235090578e-07,0.2419547912000571,0,3,3,3,0.0,0.2419547912000571,0.0,0.7241364102878726,1.9250990235090578e-07,1256843.3532267006,0.10170188070053267,0.10170188070053267,0.00031477722360512034,False,20266021,100,-0.1779515062547502,1.1000501707839245,0.594059405940594,0.0594059405940594,0.43126735935220495,104.0321126152686,0.43856320983786645,0.5027558302656416,0.5086150104284479,99.56104130303953,104.02368876615398,104.0834176698058,0.027653509872834547,1.055749878677413,0.9919585834591862,104.0321126152686,30.23308609266491,2078209.3784254282,5.0058532934775494e-05,1303,0.04873937393834462,-1.445965571882522,1.4440828042107998,-4095.9999999999995,4090.666666666666,C:\Users\kimeu\Downloads\starlink_pathB_wsl_package_v0_3_clean\starlink_pathB\paper_final_experiment_check\outputs\random1200_null_random1200_seed2\159_76_lst044_typical_frozen_polybeam_lines_S30_single.npz,9.10175923472585,9444.443085672718,1.7798436919007438e-05,140609741.2109375,False,False,False,False,False,False,False,False,False,False,False,False
159_76,156.200250406372,mid,typical,44,2461041.8055555555,2461041.8123785085,frozen_polybeam,lines,30.0,multi,coherent_ab,3,2,2,55537;57422,79.468;75.727,0.1653015793010752,1.9250990235090578e-07,0.2419547912000571,0,3,3,3,0.0,0.2419547912000571,0.0,0.7241364102878726,1.9250990235090578e-07,1256843.3532267006,0.14034762215875565,0.10170188070053267,0.0005221328735200567,False,20266038,100,0.15395002992369275,1.6223198225453008,0.4158415841584158,0.0891089108910891,0.6251862721437647,124.44566101097755,0.6113405531818898,0.7133356938983638,0.768287570138291,118.12199089865408,125.38104467298659,126.03520328507669,0.06066130355884525,2.09967117631942,1.586611443857612,124.44566101097755,35.35893410479336,2078209.3784254282,5.988119498588e-05,1303,0.04873937393834462,-1.445965571882522,1.4440828042107998,-4095.9999999999995,4090.666666666666,C:\Users\kimeu\Downloads\starlink_pathB_wsl_package_v0_3_clean\starlink_pathB\paper_final_experiment_check\outputs\random1200_null_random1200_seed2\159_76_lst044_typical_frozen_polybeam_lines_S30_multi.npz,9.10175923472585,9444.443085672718,1.7798436919007438e-05,140609741.2109375,False,False,False,False,False,False,False,False,False,False,False,False
159_76,156.200250406372,mid,typical,44,2461041.8055555555,2461041.8123785085,frozen_polybeam,lines,1000.0,single,coherent_ab,3,2,1,55537,79.468,0.1653015793010752,1.9250990235090578e-07,0.2419547912000571,0,3,3,3,0.0,0.2419547912000571,0.0,0.7241364102878726,1.9250990235090578e-07,1256843.3532267006,3.3900626900177557,3.3900626900177557,0.010492574120170677,False,20266055,100,-0.27511297231134757,0.6845892573613893,0.594059405940594,0.10891089108910891,14.279749657524917,3460.3907490264355,14.517926736486288,16.74696939418386,16.84837469453207,3376.0463315231254,3467.748921979907,3474.8518529918556,0.5839355284808789,0.8684020465614377,0.8251470939456195,3460.3907490264355,952.6672783852312,2078209.3784254282,0.0016650828280104423,1303,0.04873937393834462,-1.445965571882522,1.4440828042107998,-4095.9999999999995,4090.666666666666,C:\Users\kimeu\Downloads\starlink_pathB_wsl_package_v0_3_clean\starlink_pathB\paper_final_experiment_check\outputs\random1200_null_random1200_seed2\159_76_lst044_typical_frozen_polybeam_lines_S1000_single.npz,9.10175923472585,9444.443085672718,1.7798436919007438e-05,140609741.2109375,False,False,False,False,False,False,False,False,False,False,False,False
159_76,156.200250406372,mid,typical,44,2461041.8055555555,2461041.8123785085,frozen_polybeam,lines,1000.0,multi,coherent_ab,3,2,2,55537;57422,79.468;75.727,0.1653015793010752,1.9250990235090578e-07,0.2419547912000571,0,3,3,3,0.0,0.2419547912000571,0.0,0.7241364102878726,1.9250990235090578e-07,1256843.3532267006,4.678254071958522,3.3900626900177557,0.01740442911733522,False,20266072,100,0.3229182907689364,1.31823200947129,0.46534653465346537,0.1188118811881188,20.816889375934807,4140.799402024187,20.00919993493244,23.877862281075476,24.57557820985669,3923.810507009725,4191.638096030079,4249.734248682136,1.6870492630989702,2.215380374576072,1.6806786021655193,4140.799402024187,1133.4994097437173,2078209.3784254282,0.001992484224646073,1303,0.04873937393834462,-1.445965571882522,1.4440828042107998,-4095.9999999999995,4090.666666666666,C:\Users\kimeu\Downloads\starlink_pathB_wsl_package_v0_3_clean\starlink_pathB\paper_final_experiment_check\outputs\random1200_null_random1200_seed2\159_76_lst044_typical_frozen_polybeam_lines_S1000_multi.npz,9.10175923472585,9444.443085672718,1.7798436919007438e-05,140609741.2109375,False,False,False,False,False,False,False,False,False,False,False,False
159_76,156.200250406372,mid,typical,44,2461041.8055555555,2461041.8123785085,frozen_polybeam,khz_comb,30.0,single,coherent_ab,3,2,1,55537,79.468,0.1653015793010752,1.9250990235090578e-07,0.2419547912000571,0,3,3,3,0.0,0.2419547912000571,0.0,0.7241364102878726,1.9250990235090578e-07,1256843.3532267006,0.0836984408446143,0.0836984408446143,0.00027480816988615986,False,20266089,100,-0.28416356276343996,0.7432196941301812,0.6732673267326733,0.0891089108910891,0.42357395323233504,97.00113657231917,0.437071083781575,0.4959227125106736,0.49731337057633934,93.55105268367282,97.15454530261944,97.22941006807635,0.03203679509920221,1.3264073906420664,1.15682556636917,97.00113657231917,30.12290263221618,2078209.3784254282,4.667534348527137e-05,1303,0.04873937393834462,-1.445965571882522,1.4440828042107998,-4095.9999999999995,4090.666666666666,C:\Users\kimeu\Downloads\starlink_pathB_wsl_package_v0_3_clean\starlink_pathB\paper_final_experiment_check\outputs\random1200_null_random1200_seed2\159_76_lst044_typical_frozen_polybeam_khz_comb_S30_single.npz,9.10175923472585,9444.443085672718,1.7798436919007438e-05,140609741.2109375,False,False,False,False,False,False,False,False,False,False,False,False
159_76,156.200250406372,mid,typical,44,2461041.8055555555,2461041.8123785085,frozen_polybeam,khz_comb,30.0,multi,coherent_ab,3,2,2,55537;57422,79.468;75.727,0.1653015793010752,1.9250990235090578e-07,0.2419547912000571,0,3,3,3,0.0,0.2419547912000571,0.0,0.7241364102878726,1.9250990235090578e-07,1256843.3532267006,0.11550304743651965,0.0836984408446143,0.00046014659981437545,False,20266106,100,-0.3638028247761933,1.3162214171064133,0.6633663366336634,0.1485148514851485,0.5358533091575737,116.05380395490124,0.5608219054502115,0.6849662203198136,0.7094430646155344,110.402001528598,118.34870852200063,119.54804397472475,0.0462917996495662,1.6073268050542064,1.2895790559533684,116.05380395490124,34.48694811582794,2078209.3784254282,5.5843172088286086e-05,1303,0.04873937393834462,-1.445965571882522,1.4440828042107998,-4095.9999999999995,4090.666666666666,C:\Users\kimeu\Downloads\starlink_pathB_wsl_package_v0_3_clean\starlink_pathB\paper_final_experiment_check\outputs\random1200_null_random1200_seed2\159_76_lst044_typical_frozen_polybeam_khz_comb_S30_multi.npz,9.10175923472585,9444.443085672718,1.7798436919007438e-05,140609741.2109375,False,False,False,False,False,False,False,False,False,False,False,False
159_76,156.200250406372,mid,typical,44,2461041.8055555555,2461041.8123785085,frozen_polybeam,khz_comb,1000.0,single,coherent_ab,3,2,1,55537,79.468,0.1653015793010752,1.9250990235090578e-07,0.2419547912000571,0,3,3,3,0.0,0.2419547912000571,0.0,0.7241364102878726,1.9250990235090578e-07,1256843.3532267006,2.78994802815381,2.78994802815381,0.009160272329538664,False,20266123,100,-0.46140757905580854,0.668079291830235,0.7227722772277227,0.2079207920792079,14.122120301006362,3228.1292791001288,14.808165681857645,16.55941876788838,16.60152097479071,3128.3230682521807,3241.86758966723,3248.4135095425004,1.0028688105052197,1.1521564073868868,1.0910641135943349,3228.1292791001288,969.5388358166905,2078209.3784254282,0.0015533224479748746,1303,0.04873937393834462,-1.445965571882522,1.4440828042107998,-4095.9999999999995,4090.666666666666,C:\Users\kimeu\Downloads\starlink_pathB_wsl_package_v0_3_clean\starlink_pathB\paper_final_experiment_check\outputs\random1200_null_random1200_seed2\159_76_lst044_typical_frozen_polybeam_khz_comb_S1000_single.npz,9.10175923472585,9444.443085672718,1.7798436919007438e-05,140609741.2109375,False,False,False,False,False,False,False,False,False,False,False,False
159_76,156.200250406372,mid,typical,44,2461041.8055555555,2461041.8123785085,frozen_polybeam,khz_comb,1000.0,multi,coherent_ab,3,2,2,55537;57422,79.468;75.727,0.1653015793010752,1.9250990235090578e-07,0.2419547912000571,0,3,3,3,0.0,0.2419547912000571,0.0,0.7241364102878726,1.9250990235090578e-07,1256843.3532267006,3.8501015812173223,2.78994802815381,0.015338219993812519,False,20266140,100,-0.5202437164375922,1.1400048002682783,0.6732673267326733,0.1188118811881188,17.94122049514226,3863.2819135410527,19.29891800897076,23.458417981435968,23.72005465683591,3700.3337033583557,3889.8883844803686,3925.698924884929,1.7602412067797104,1.9320725247265877,1.4773840408694596,3863.2819135410527,1121.3566851322723,2078209.3784254282,0.0018589473965650654,1303,0.04873937393834462,-1.445965571882522,1.4440828042107998,-4095.9999999999995,4090.666666666666,C:\Users\kimeu\Downloads\starlink_pathB_wsl_package_v0_3_clean\starlink_pathB\paper_final_experiment_check\outputs\random1200_null_random1200_seed2\159_76_lst044_typical_frozen_polybeam_khz_comb_S1000_multi.npz,9.10175923472585,9444.443085672718,1.7798436919007438e-05,140609741.2109375,False,False,False,False,False,False,False,False,False,False,False,False
159_76,156.200250406372,mid,typical,44,2461041.8055555555,2461041.8123785085,full_polybeam,smooth,30.0,single,coherent_ab,3,2,1,55537,79.468,0.1653015793010752,1.9250990235090578e-07,0.2419547912000571,0,3,3,3,0.0,0.2419547912000571,0.0,0.7241364102878726,1.9250990235090578e-07,1256843.3532267006,0.42120473449372425,0.42120473449372425,0.0009649454489602482,False,20266157,100,1.1556376898187126,0.40129471333644223,0.3564356435643564,0.31683168316831684,1.9984343077599078,309.67320556329497,1.659658132957702,2.5402095133859346,2.5548966546431893,307.8167335853965,311.69031422329414,311.9602776991922,0.1977275416404609,1.0655492215228073,0.9841109772639695,309.67320556329497,25.954210824141345,2078209.3784254282,0.00014900962760447232,1303,0.04873937393834462,-1.445965571882522,1.4440828042107998,-4095.9999999999995,4090.666666666666,C:\Users\kimeu\Downloads\starlink_pathB_wsl_package_v0_3_clean\starlink_pathB\paper_final_experiment_check\outputs\random1200_null_random1200_seed2\159_76_lst044_typical_full_polybeam_smooth_S30_single.npz,9.10175923472585,9444.443085672718,1.7798436919007438e-05,140609741.2109375,False,False,False,False,False,False,False,False,False,False,False,False
159_76,156.200250406372,mid,typical,44,2461041.8055555555,2461041.8123785085,full_polybeam,smooth,30.0,multi,coherent_ab,3,2,2,55537;57422,79.468;75.727,0.1653015793010752,1.9250990235090578e-07,0.2419547912000571,0,3,3,3,0.0,0.2419547912000571,0.0,0.7241364102878726,1.9250990235090578e-07,1256843.3532267006,0.7104351611425321,0.42120473449372425,0.0015126687174628448,False,20266174,100,0.6383556007794177,-0.9602972491563315,0.3069306930693069,0.7722772277227723,2.3920337705621932,355.09407751500703,2.1735883286317517,2.712766329186138,2.7856743083684568,371.86144499828436,389.2384296006718,390.8539233784364,0.23081090203010035,2.110097224298199,1.3642331085689945,355.09407751500703,25.382505683553376,2078209.3784254282,0.00017086540037849644,1303,0.04873937393834462,-1.445965571882522,1.4440828042107998,-4095.9999999999995,4090.666666666666,C:\Users\kimeu\Downloads\starlink_pathB_wsl_package_v0_3_clean\starlink_pathB\paper_final_experiment_check\outputs\random1200_null_random1200_seed2\159_76_lst044_typical_full_polybeam_smooth_S30_multi.npz,9.10175923472585,9444.443085672718,1.7798436919007438e-05,140609741.2109375,False,False,False,False,False,False,False,False,False,False,False,False
159_76,156.200250406372,mid,typical,44,2461041.8055555555,2461041.8123785085,full_polybeam,smooth,1000.0,single,coherent_ab,3,2,1,55537,79.468,0.1653015793010752,1.9250990235090578e-07,0.2419547912000571,0,3,3,3,0.0,0.2419547912000571,0.0,0.7241364102878726,1.9250990235090578e-07,1256843.3532267006,14.040157816457478,14.040157816457478,0.03216484829867494,False,20266191,100,0.16338452749958837,0.3023379261767891,0.45544554455445546,0.32673267326732675,63.475734578305946,10389.876868544488,60.91453026458976,81.28367744778897,81.75224668257074,10330.186980424181,10672.85900824986,10683.890017699165,10.57326950826183,1.37896947828512,1.247467149961845,10389.876868544488,-600.9243391891993,2078209.3784254282,0.004999437003992573,1303,0.04873937393834462,-1.445965571882522,1.4440828042107998,-4095.9999999999995,4090.666666666666,C:\Users\kimeu\Downloads\starlink_pathB_wsl_package_v0_3_clean\starlink_pathB\paper_final_experiment_check\outputs\random1200_null_random1200_seed2\159_76_lst044_typical_full_polybeam_smooth_S1000_single.npz,9.10175923472585,9444.443085672718,1.7798436919007438e-05,140609741.2109375,False,False,False,False,False,False,False,False,False,False,False,False
159_76,156.200250406372,mid,typical,44,2461041.8055555555,2461041.8123785085,full_polybeam,smooth,1000.0,multi,coherent_ab,3,2,2,55537;57422,79.468;75.727,0.1653015793010752,1.9250990235090578e-07,0.2419547912000571,0,3,3,3,0.0,0.2419547912000571,0.0,0.7241364102878726,1.9250990235090578e-07,1256843.3532267006,23.681172038084412,14.040157816457478,0.050422290582094825,False,20266208,100,0.24874321953353015,-1.4012371332611573,0.37623762376237624,0.8712871287128713,76.44478314765911,11845.437177415073,72.36908919826396,89.19287575905746,92.09674928814889,12550.04405684736,13094.716730669863,13302.25791376181,11.051629517688752,2.2250128485333693,1.2921513174867945,11845.437177415073,-534.3547901150172,2078209.3784254282,0.00569982856414105,1303,0.04873937393834462,-1.445965571882522,1.4440828042107998,-4095.9999999999995,4090.666666666666,C:\Users\kimeu\Downloads\starlink_pathB_wsl_package_v0_3_clean\starlink_pathB\paper_final_experiment_check\outputs\random1200_null_random1200_seed2\159_76_lst044_typical_full_polybeam_smooth_S1000_multi.npz,9.10175923472585,9444.443085672718,1.7798436919007438e-05,140609741.2109375,False,False,False,False,False,False,False,False,False,False,False,False
159_76,156.200250406372,mid,typical,44,2461041.8055555555,2461041.8123785085,full_polybeam,lines,30.0,single,coherent_ab,3,2,1,55537,79.468,0.1653015793010752,1.9250990235090578e-07,0.2419547912000571,0,3,3,3,0.0,0.2419547912000571,0.0,0.7241364102878726,1.9250990235090578e-07,1256843.3532267006,0.4211754787815725,0.4211754787815725,0.00096564479407436,False,20266225,100,0.5276264988426017,0.6039455672640694,0.33663366336633666,0.297029702970297,2.007002962505794,309.7233189628944,1.7998294705284934,2.5080120381002415,2.5504843254656953,307.0959473648459,311.79994496460785,311.96042448159466,0.2648400075692052,0.9797466537175964,0.9181739967652073,309.7233189628944,26.18903471509117,2078209.3784254282,0.00014903374134398272,1303,0.04873937393834462,-1.445965571882522,1.4440828042107998,-4095.9999999999995,4090.666666666666,C:\Users\kimeu\Downloads\starlink_pathB_wsl_package_v0_3_clean\starlink_pathB\paper_final_experiment_check\outputs\random1200_null_random1200_seed2\159_76_lst044_typical_full_polybeam_lines_S30_single.npz,9.10175923472585,9444.443085672718,1.7798436919007438e-05,140609741.2109375,False,False,False,False,False,False,False,False,False,False,False,False
159_76,156.200250406372,mid,typical,44,2461041.8055555555,2461041.8123785085,full_polybeam,lines,30.0,multi,coherent_ab,3,2,2,55537;57422,79.468;75.727,0.1653015793010752,1.9250990235090578e-07,0.2419547912000571,0,3,3,3,0.0,0.2419547912000571,0.0,0.7241364102878726,1.9250990235090578e-07,1256843.3532267006,0.710405913236509,0.4211754787815725,0.0015137994685986548,False,20266242,100,0.27364992097352653,-1.0599664275998473,0.36633663366336633,0.7326732673267327,2.3899594176464234,355.30581526488095,2.2398133599338053,2.7914716547586864,2.8419535339438884,374.26572046773526,388.7743372042473,389.566525988771,0.3700791439614477,1.8743465110163806,1.426241033553272,355.30581526488095,25.59743911325082,2078209.3784254282,0.00017096728508370087,1303,0.04873937393834462,-1.445965571882522,1.4440828042107998,-4095.9999999999995,4090.666666666666,C:\Users\kimeu\Downloads\starlink_pathB_wsl_package_v0_3_clean\starlink_pathB\paper_final_experiment_check\outputs\random1200_null_random1200_seed2\159_76_lst044_typical_full_polybeam_lines_S30_multi.npz,9.10175923472585,9444.443085672718,1.7798436919007438e-05,140609741.2109375,False,False,False,False,False,False,False,False,False,False,False,False
159_76,156.200250406372,mid,typical,44,2461041.8055555555,2461041.8123785085,full_polybeam,lines,1000.0,single,coherent_ab,3,2,1,55537,79.468,0.1653015793010752,1.9250990235090578e-07,0.2419547912000571,0,3,3,3,0.0,0.2419547912000571,0.0,0.7241364102878726,1.9250990235090578e-07,1256843.3532267006,14.039182626052416,14.039182626052416,0.032188159802478675,False,20266259,100,0.5043701488129394,0.1405260315283636,0.36633663366336633,0.38613861386138615,63.76709409408613,10390.459278704882,57.28158947528891,80.44497540861025,81.82801491614228,10364.2944885843,10651.023137958451,10681.984957084524,8.673021086233803,1.0528299946164754,0.9942991908739588,10390.459278704882,-592.051089588224,2078209.3784254282,0.004999717250134487,1303,0.04873937393834462,-1.445965571882522,1.4440828042107998,-4095.9999999999995,4090.666666666666,C:\Users\kimeu\Downloads\starlink_pathB_wsl_package_v0_3_clean\starlink_pathB\paper_final_experiment_check\outputs\random1200_null_random1200_seed2\159_76_lst044_typical_full_polybeam_lines_S1000_single.npz,9.10175923472585,9444.443085672718,1.7798436919007438e-05,140609741.2109375,False,False,False,False,False,False,False,False,False,False,False,False
159_76,156.200250406372,mid,typical,44,2461041.8055555555,2461041.8123785085,full_polybeam,lines,1000.0,multi,coherent_ab,3,2,2,55537;57422,79.468;75.727,0.1653015793010752,1.9250990235090578e-07,0.2419547912000571,0,3,3,3,0.0,0.2419547912000571,0.0,0.7241364102878726,1.9250990235090578e-07,1256843.3532267006,23.680197107883636,14.039182626052416,0.050459982286621824,False,20266276,100,0.3303785376297194,-0.9389236868078075,0.33663366336633666,0.8118811881188119,76.35488611892652,11848.571675328512,70.52689769730478,87.97396474501238,92.94836433078162,12418.180028486124,13076.652590557751,13161.903688489232,11.898243647794516,2.2261781556170956,1.3325934246831055,11848.571675328512,-526.1699127441419,2078209.3784254282,0.0057013368327236,1303,0.04873937393834462,-1.445965571882522,1.4440828042107998,-4095.9999999999995,4090.666666666666,C:\Users\kimeu\Downloads\starlink_pathB_wsl_package_v0_3_clean\starlink_pathB\paper_final_experiment_check\outputs\random1200_null_random1200_seed2\159_76_lst044_typical_full_polybeam_lines_S1000_multi.npz,9.10175923472585,9444.443085672718,1.7798436919007438e-05,140609741.2109375,False,False,False,False,False,False,False,False,False,False,False,False
159_76,156.200250406372,mid,typical,44,2461041.8055555555,2461041.8123785085,full_polybeam,khz_comb,30.0,single,coherent_ab,3,2,1,55537,79.468,0.1653015793010752,1.9250990235090578e-07,0.2419547912000571,0,3,3,3,0.0,0.2419547912000571,0.0,0.7241364102878726,1.9250990235090578e-07,1256843.3532267006,0.3466182793590849,0.3466182793590849,0.0008058389329971709,False,20266293,100,0.5422674972782401,0.4548903950564832,0.37623762376237624,0.297029702970297,1.6372897983037547,257.47447407826775,1.4789984764925066,2.072412760804536,2.1233269861808,255.47783401902402,259.1764754597733,259.3218971740442,0.19688813067887168,1.5237895623155464,1.3811621425025409,257.47447407826775,25.041679006957835,2078209.3784254282,0.00012389246086135235,1303,0.04873937393834462,-1.445965571882522,1.4440828042107998,-4095.9999999999995,4090.666666666666,C:\Users\kimeu\Downloads\starlink_pathB_wsl_package_v0_3_clean\starlink_pathB\paper_final_experiment_check\outputs\random1200_null_random1200_seed2\159_76_lst044_typical_full_polybeam_khz_comb_S30_single.npz,9.10175923472585,9444.443085672718,1.7798436919007438e-05,140609741.2109375,False,False,False,False,False,False,False,False,False,False,False,False
159_76,156.200250406372,mid,typical,44,2461041.8055555555,2461041.8123785085,full_polybeam,khz_comb,30.0,multi,coherent_ab,3,2,2,55537;57422,79.468;75.727,0.1653015793010752,1.9250990235090578e-07,0.2419547912000571,0,3,3,3,0.0,0.2419547912000571,0.0,0.7241364102878726,1.9250990235090578e-07,1256843.3532267006,0.5846486504981488,0.3466182793590849,0.00127169916253793,False,20266310,100,0.2918800562855314,-0.6060081142233382,0.3564356435643564,0.6633663366336634,1.9734684719260258,295.0175981550438,1.8515218724353417,2.3029311392964247,2.3913854491149844,305.5431173079235,323.1311034557576,324.39425357549237,0.2818001872166178,2.12332328072823,1.3981015073250234,295.0175981550438,23.967122883567907,2078209.3784254282,0.00014195759157749842,1303,0.04873937393834462,-1.445965571882522,1.4440828042107998,-4095.9999999999995,4090.666666666666,C:\Users\kimeu\Downloads\starlink_pathB_wsl_package_v0_3_clean\starlink_pathB\paper_final_experiment_check\outputs\random1200_null_random1200_seed2\159_76_lst044_typical_full_polybeam_khz_comb_S30_multi.npz,9.10175923472585,9444.443085672718,1.7798436919007438e-05,140609741.2109375,False,False,False,False,False,False,False,False,False,False,False,False
159_76,156.200250406372,mid,typical,44,2461041.8055555555,2461041.8123785085,full_polybeam,khz_comb,1000.0,single,coherent_ab,3,2,1,55537,79.468,0.1653015793010752,1.9250990235090578e-07,0.2419547912000571,0,3,3,3,0.0,0.2419547912000571,0.0,0.7241364102878726,1.9250990235090578e-07,1256843.3532267006,11.55394264530283,11.55394264530283,0.026861297766572353,False,20266327,100,0.7317446701379856,0.27056525286378375,0.3465346534653465,0.40594059405940597,52.48798159687158,8605.923024903443,45.85659064252695,67.81556099386725,68.29567037637264,8548.669092215347,8801.396295161861,8813.967731377148,6.112530919205312,1.6622295944283572,1.6018036115037064,8605.923024903443,-157.08007883274,2078209.3784254282,0.004141027903273051,1303,0.04873937393834462,-1.445965571882522,1.4440828042107998,-4095.9999999999995,4090.666666666666,C:\Users\kimeu\Downloads\starlink_pathB_wsl_package_v0_3_clean\starlink_pathB\paper_final_experiment_check\outputs\random1200_null_random1200_seed2\159_76_lst044_typical_full_polybeam_khz_comb_S1000_single.npz,9.10175923472585,9444.443085672718,1.7798436919007438e-05,140609741.2109375,False,False,False,False,False,False,False,False,False,False,False,False
159_76,156.200250406372,mid,typical,44,2461041.8055555555,2461041.8123785085,full_polybeam,khz_comb,1000.0,multi,coherent_ab,3,2,2,55537;57422,79.468;75.727,0.1653015793010752,1.9250990235090578e-07,0.2419547912000571,0,3,3,3,0.0,0.2419547912000571,0.0,0.7241364102878726,1.9250990235090578e-07,1256843.3532267006,19.488288349938294,11.55394264530283,0.04238997208459765,False,20266344,100,0.4747034675534999,-0.656529685764749,0.3069306930693069,0.8316831683168316,63.6338674906292,9816.883897261741,56.43795270140299,75.09136173352121,76.76741741468472,10136.805480119325,10881.671087230316,10940.174763851082,10.224441915977877,2.2719346954700743,1.435516811464575,9816.883897261741,-134.21442322026024,2078209.3784254282,0.004723722257811954,1303,0.04873937393834462,-1.445965571882522,1.4440828042107998,-4095.9999999999995,4090.666666666666,C:\Users\kimeu\Downloads\starlink_pathB_wsl_package_v0_3_clean\starlink_pathB\paper_final_experiment_check\outputs\random1200_null_random1200_seed2\159_76_lst044_typical_full_polybeam_khz_comb_S1000_multi.npz,9.10175923472585,9444.443085672718,1.7798436919007438e-05,140609741.2109375,False,False,False,False,False,False,False,False,False,False,False,False
159_76,156.200250406372,mid,stress,0,2461041.5,2461041.506822953,frozen_polybeam,smooth,30.0,single,coherent_ab,4,3,1,53976,86.545,0.2313613071236559,8.574847721632174e-05,0.5502745938468236,1,4,4,4,0.3308758856684498,0.5502745938468236,0.3308758856684498,0.7280464634021924,8.574847721632174e-05,6417.310390931139,1.277066620965096,1.277066620965096,0.0017746720531974108,False,20266317,100,-0.42797856057585043,2.0532827173713097,0.6534653465346535,0.0297029702970297,12.883785963917035,3408.9745415046273,13.905467497077552,17.370101317213084,17.433006462718915,3371.1319584508665,3408.542963394562,3409.1232596743175,1.6101618555785535,0.9821718813695582,0.9205183534853526,3408.9745415046273,357.68551993262906,11210403.618008923,0.0003040902591614355,1303,0.04873937393834462,-1.445965571882522,1.4440828042107998,-4095.9999999999995,4090.666666666666,C:\Users\kimeu\Downloads\starlink_pathB_wsl_package_v0_3_clean\starlink_pathB\paper_final_experiment_check\outputs\random1200_null_random1200_seed2\159_76_lst000_stress_frozen_polybeam_smooth_S30_single.npz,9.10175923472585,9444.443085672718,1.7798436919007438e-05,140609741.2109375,False,False,False,False,False,False,False,False,False,False,False,False
159_76,156.200250406372,mid,stress,0,2461041.5,2461041.506822953,frozen_polybeam,smooth,30.0,multi,coherent_ab,4,3,3,53976;54093;56109,86.545;85.567;70.536,0.2313613071236559,8.574847721632174e-05,0.5502745938468236,1,4,4,4,0.3308758856684498,0.5502745938468236,0.3308758856684498,0.7280464634021924,8.574847721632174e-05,6417.310390931139,1.6387203397126033,1.277066620965096,0.0023653662005502407,False,20266334,100,-0.15030499565846311,0.23829974701718692,0.5742574257425742,0.42574257425742573,13.823602489583209,3622.709416518239,14.078270855567098,18.169416732379975,19.012965437614987,3589.1187022425147,3759.4151004812975,3786.0919553303,1.1428193642841507,2.0106435575201074,1.3031488086920742,3622.709416518239,337.5144948654473,11210403.618008923,0.00032315602006501774,1303,0.04873937393834462,-1.445965571882522,1.4440828042107998,-4095.9999999999995,4090.666666666666,C:\Users\kimeu\Downloads\starlink_pathB_wsl_package_v0_3_clean\starlink_pathB\paper_final_experiment_check\outputs\random1200_null_random1200_seed2\159_76_lst000_stress_frozen_polybeam_smooth_S30_multi.npz,9.10175923472585,9444.443085672718,1.7798436919007438e-05,140609741.2109375,False,False,False,False,False,False,False,False,False,False,False,False
159_76,156.200250406372,mid,stress,0,2461041.5,2461041.506822953,frozen_polybeam,smooth,1000.0,single,coherent_ab,4,3,1,53976,86.545,0.2313613071236559,8.574847721632174e-05,0.5502745938468236,1,4,4,4,0.3308758856684498,0.5502745938468236,0.3308758856684498,0.7280464634021924,8.574847721632174e-05,6417.310390931139,42.5688873655032,42.5688873655032,0.059155735106580364,False,20266351,100,-0.7906477176869284,0.8991938937726928,0.7227722772277227,0.18811881188118812,416.41254761274286,113901.92486493563,459.28352234808335,569.8116176261528,571.2285229378615,112938.0324087054,114226.91282960249,114462.63102917955,36.57264248271895,1.2685328584199493,1.1556983090572535,113901.92486493563,-331.86405256045055,11210403.618008923,0.010160376802308722,1303,0.04873937393834462,-1.445965571882522,1.4440828042107998,-4095.9999999999995,4090.666666666666,C:\Users\kimeu\Downloads\starlink_pathB_wsl_package_v0_3_clean\starlink_pathB\paper_final_experiment_check\outputs\random1200_null_random1200_seed2\159_76_lst000_stress_frozen_polybeam_smooth_S1000_single.npz,9.10175923472585,9444.443085672718,1.7798436919007438e-05,140609741.2109375,False,False,False,False,False,False,False,False,False,False,False,False
159_76,156.200250406372,mid,stress,0,2461041.5,2461041.506822953,frozen_polybeam,smooth,1000.0,multi,coherent_ab,4,3,3,53976;54093;56109,86.545;85.567;70.536,0.2313613071236559,8.574847721632174e-05,0.5502745938468236,1,4,4,4,0.3308758856684498,0.5502745938468236,0.3308758856684498,0.7280464634021924,8.574847721632174e-05,6417.310390931139,54.62401132375345,42.5688873655032,0.07884554001834136,False,20266368,100,-0.21653908893095056,0.11834158388897027,0.6138613861386139,0.48514851485148514,446.20903956554866,120942.6589949445,456.6448077131399,582.0922636829391,618.3103234944203,120482.13341050423,124951.19447665039,126192.1205602227,32.506044143535746,1.9858846634548246,1.1861862817942126,120942.6589949445,-1012.2897109468042,11210403.618008923,0.010788430382707765,1303,0.04873937393834462,-1.445965571882522,1.4440828042107998,-4095.9999999999995,4090.666666666666,C:\Users\kimeu\Downloads\starlink_pathB_wsl_package_v0_3_clean\starlink_pathB\paper_final_experiment_check\outputs\random1200_null_random1200_seed2\159_76_lst000_stress_frozen_polybeam_smooth_S1000_multi.npz,9.10175923472585,9444.443085672718,1.7798436919007438e-05,140609741.2109375,False,False,False,False,False,False,False,False,False,False,False,False
159_76,156.200250406372,mid,stress,0,2461041.5,2461041.506822953,frozen_polybeam,lines,30.0,single,coherent_ab,4,3,1,53976,86.545,0.2313613071236559,8.574847721632174e-05,0.5502745938468236,1,4,4,4,0.3308758856684498,0.5502745938468236,0.3308758856684498,0.7280464634021924,8.574847721632174e-05,6417.310390931139,1.2770194202609872,1.2770194202609872,0.001776871704661794,False,20266385,100,-0.38203282481707057,3.974430759715012,0.6435643564356436,0.0297029702970297,13.108677823844118,3412.9533642270653,14.023502456110691,17.32866291417067,17.509346520094223,3370.773936921681,3401.7981968655426,3413.1711600047825,1.6151511622092585,1.1772455772807824,1.0163676747915253,3412.9533642270653,342.99138118291523,11210403.618008923,0.0003044451815048243,1303,0.04873937393834462,-1.445965571882522,1.4440828042107998,-4095.9999999999995,4090.666666666666,C:\Users\kimeu\Downloads\starlink_pathB_wsl_package_v0_3_clean\starlink_pathB\paper_final_experiment_check\outputs\random1200_null_random1200_seed2\159_76_lst000_stress_frozen_polybeam_lines_S30_single.npz,9.10175923472585,9444.443085672718,1.7798436919007438e-05,140609741.2109375,False,False,False,False,False,False,False,False,False,False,False,False
159_76,156.200250406372,mid,stress,0,2461041.5,2461041.506822953,frozen_polybeam,lines,30.0,multi,coherent_ab,4,3,3,53976;54093;56109,86.545;85.567;70.536,0.2313613071236559,8.574847721632174e-05,0.5502745938468236,1,4,4,4,0.3308758856684498,0.5502745938468236,0.3308758856684498,0.7280464634021924,8.574847721632174e-05,6417.310390931139,1.638671429796614,1.2770194202609872,0.00236830785177987,False,20266402,100,-0.23316347804248844,0.25128637059830994,0.6138613861386139,0.4158415841584158,13.314540840918198,3624.7326090771585,13.820387472430411,17.10786371854665,18.51674918129753,3593.2563013771205,3745.822458567728,3767.113994016046,1.463303264867136,2.4589515548320233,1.352726388740569,3624.7326090771585,325.8328792509717,11210403.618008923,0.00032333649461596697,1303,0.04873937393834462,-1.445965571882522,1.4440828042107998,-4095.9999999999995,4090.666666666666,C:\Users\kimeu\Downloads\starlink_pathB_wsl_package_v0_3_clean\starlink_pathB\paper_final_experiment_check\outputs\random1200_null_random1200_seed2\159_76_lst000_stress_frozen_polybeam_lines_S30_multi.npz,9.10175923472585,9444.443085672718,1.7798436919007438e-05,140609741.2109375,False,False,False,False,False,False,False,False,False,False,False,False
159_76,156.200250406372,mid,stress,0,2461041.5,2461041.506822953,frozen_polybeam,lines,1000.0,single,coherent_ab,4,3,1,53976,86.545,0.2313613071236559,8.574847721632174e-05,0.5502745938468236,1,4,4,4,0.3308758856684498,0.5502745938468236,0.3308758856684498,0.7280464634021924,8.574847721632174e-05,6417.310390931139,42.56731400869957,42.56731400869957,0.05922905682205981,False,20266419,100,-0.5302882822961571,0.8438264714634299,0.6138613861386139,0.10891089108910891,422.4885444975789,114113.34415567803,459.46184058630934,568.4137749900104,572.5996246679638,113314.90402870026,114490.63988945776,114631.37503614817,47.02752708632033,1.1459289201581058,1.0488631796122765,114113.34415567803,-820.6469838861167,11210403.618008923,0.010179236006486061,1303,0.04873937393834462,-1.445965571882522,1.4440828042107998,-4095.9999999999995,4090.666666666666,C:\Users\kimeu\Downloads\starlink_pathB_wsl_package_v0_3_clean\starlink_pathB\paper_final_experiment_check\outputs\random1200_null_random1200_seed2\159_76_lst000_stress_frozen_polybeam_lines_S1000_single.npz,9.10175923472585,9444.443085672718,1.7798436919007438e-05,140609741.2109375,False,False,False,False,False,False,False,False,False,False,False,False
159_76,156.200250406372,mid,stress,0,2461041.5,2461041.506822953,frozen_polybeam,lines,1000.0,multi,coherent_ab,4,3,3,53976;54093;56109,86.545;85.567;70.536,0.2313613071236559,8.574847721632174e-05,0.5502745938468236,1,4,4,4,0.3308758856684498,0.5502745938468236,0.3308758856684498,0.7280464634021924,8.574847721632174e-05,6417.310390931139,54.62238099322046,42.56731400869957,0.078943595059329,False,20266436,100,-0.44214188451386227,0.38334174828950474,0.6534653465346535,0.3564356435643564,430.123358443092,121031.53915390374,457.32188921320267,535.9835327896371,607.3746235183594,119477.69078386926,125708.44485074091,126696.03995387704,41.491562591836555,2.022188377457838,1.2667258534455632,121031.53915390374,-1400.706993842586,11210403.618008923,0.010796358746572955,1303,0.04873937393834462,-1.445965571882522,1.4440828042107998,-4095.9999999999995,4090.666666666666,C:\Users\kimeu\Downloads\starlink_pathB_wsl_package_v0_3_clean\starlink_pathB\paper_final_experiment_check\outputs\random1200_null_random1200_seed2\159_76_lst000_stress_frozen_polybeam_lines_S1000_multi.npz,9.10175923472585,9444.443085672718,1.7798436919007438e-05,140609741.2109375,False,False,False,False,False,False,False,False,False,False,False,False
159_76,156.200250406372,mid,stress,0,2461041.5,2461041.506822953,frozen_polybeam,khz_comb,30.0,single,coherent_ab,4,3,1,53976,86.545,0.2313613071236559,8.574847721632174e-05,0.5502745938468236,1,4,4,4,0.3308758856684498,0.5502745938468236,0.3308758856684498,0.7280464634021924,8.574847721632174e-05,6417.310390931139,1.2696368159873055,1.2696368159873055,0.0016852598296179801,False,20266453,100,-0.5940896567178522,3.215681697805415,0.7128712871287128,0.039603960396039604,12.211956666398692,3314.7842391712584,13.443572713465073,15.732679903820463,15.98652528976825,3262.485190789729,3312.9897201615554,3315.524318713423,1.3982967613992514,1.1491120447485932,1.0541780708653201,3314.7842391712584,277.4289377451879,11210403.618008923,0.0002956882153508043,1303,0.04873937393834462,-1.445965571882522,1.4440828042107998,-4095.9999999999995,4090.666666666666,C:\Users\kimeu\Downloads\starlink_pathB_wsl_package_v0_3_clean\starlink_pathB\paper_final_experiment_check\outputs\random1200_null_random1200_seed2\159_76_lst000_stress_frozen_polybeam_khz_comb_S30_single.npz,9.10175923472585,9444.443085672718,1.7798436919007438e-05,140609741.2109375,False,False,False,False,False,False,False,False,False,False,False,False
159_76,156.200250406372,mid,stress,0,2461041.5,2461041.506822953,frozen_polybeam,khz_comb,30.0,multi,coherent_ab,4,3,3,53976;54093;56109,86.545;85.567;70.536,0.2313613071236559,8.574847721632174e-05,0.5502745938468236,1,4,4,4,0.3308758856684498,0.5502745938468236,0.3308758856684498,0.7280464634021924,8.574847721632174e-05,6417.310390931139,1.5672685718403219,1.2696368159873055,0.0022046962162684683,False,20266470,100,1.2406900534538683,0.7745070333651357,0.13861386138613863,0.3465346534653465,15.899623005832836,3485.1304349845223,13.416992799279797,16.823038211735728,17.24498771688712,3400.071167923815,3597.8173784451756,3618.6730301266193,1.349661125158491,1.738506058812509,1.175909465272289,3485.1304349845223,257.87355447828907,11210403.618008923,0.00031088358222765896,1303,0.04873937393834462,-1.445965571882522,1.4440828042107998,-4095.9999999999995,4090.666666666666,C:\Users\kimeu\Downloads\starlink_pathB_wsl_package_v0_3_clean\starlink_pathB\paper_final_experiment_check\outputs\random1200_null_random1200_seed2\159_76_lst000_stress_frozen_polybeam_khz_comb_S30_multi.npz,9.10175923472585,9444.443085672718,1.7798436919007438e-05,140609741.2109375,False,False,False,False,False,False,False,False,False,False,False,False
159_76,156.200250406372,mid,stress,0,2461041.5,2461041.506822953,frozen_polybeam,khz_comb,1000.0,single,coherent_ab,4,3,1,53976,86.545,0.2313613071236559,8.574847721632174e-05,0.5502745938468236,1,4,4,4,0.3308758856684498,0.5502745938468236,0.3308758856684498,0.7280464634021924,8.574847721632174e-05,6417.310390931139,42.321227199576846,42.321227199576846,0.056175327653932704,False,20266487,100,-0.6756956064387316,0.4034278868292598,0.7524752475247525,0.21782178217821782,395.5593242289797,110420.72199418943,441.24634819440143,514.162510755441,517.0082563631981,109894.5140221435,111041.22102174547,111736.19482595875,45.60555847784235,0.8478415643740659,0.8278970757748808,110420.72199418943,-4435.261871317482,11210403.618008923,0.009849843570021364,1303,0.04873937393834462,-1.445965571882522,1.4440828042107998,-4095.9999999999995,4090.666666666666,C:\Users\kimeu\Downloads\starlink_pathB_wsl_package_v0_3_clean\starlink_pathB\paper_final_experiment_check\outputs\random1200_null_random1200_seed2\159_76_lst000_stress_frozen_polybeam_khz_comb_S1000_single.npz,9.10175923472585,9444.443085672718,1.7798436919007438e-05,140609741.2109375,False,False,False,False,False,False,False,False,False,False,False,False
159_76,156.200250406372,mid,stress,0,2461041.5,2461041.506822953,frozen_polybeam,khz_comb,1000.0,multi,coherent_ab,4,3,3,53976;54093;56109,86.545;85.567;70.536,0.2313613071236559,8.574847721632174e-05,0.5502745938468236,1,4,4,4,0.3308758856684498,0.5502745938468236,0.3308758856684498,0.7280464634021924,8.574847721632174e-05,6417.310390931139,52.24228572801073,42.321227199576846,0.07348987387561563,False,20266504,100,1.3761235315451257,0.06236263902710452,0.13861386138613863,0.48514851485148514,509.59607742169646,116151.08629777729,432.69274855306685,536.729318570129,555.3953533010856,115892.09915401413,120332.78117415568,121286.10763435761,37.693261909880675,2.880566920025302,1.0484921063226598,116151.08629777729,-5104.135001096117,11210403.618008923,0.01036100842178302,1303,0.04873937393834462,-1.445965571882522,1.4440828042107998,-4095.9999999999995,4090.666666666666,C:\Users\kimeu\Downloads\starlink_pathB_wsl_package_v0_3_clean\starlink_pathB\paper_final_experiment_check\outputs\random1200_null_random1200_seed2\159_76_lst000_stress_frozen_polybeam_khz_comb_S1000_multi.npz,9.10175923472585,9444.443085672718,1.7798436919007438e-05,140609741.2109375,False,False,False,False,False,False,False,False,False,False,False,False
159_76,156.200250406372,mid,stress,0,2461041.5,2461041.506822953,full_polybeam,smooth,30.0,single,coherent_ab,4,3,1,53976,86.545,0.2313613071236559,8.574847721632174e-05,0.5502745938468236,1,4,4,4,0.3308758856684498,0.5502745938468236,0.3308758856684498,0.7280464634021924,8.574847721632174e-05,6417.310390931139,1.1500191511673352,1.1500191511673352,0.0019392237430881486,False,20266521,100,-0.25076714024717495,0.4754868240085371,0.6237623762376238,0.25742574257425743,16.399424705236015,4094.299285154165,16.89831996299199,18.712217908302044,18.807902030545083,4068.03597372315,4119.864185750794,4120.954360072597,1.3418833144223754,1.0635361180959393,1.017134788193811,4094.299285154165,844.6175310526207,11210403.618008923,0.00036522318238184473,1303,0.04873937393834462,-1.445965571882522,1.4440828042107998,-4095.9999999999995,4090.666666666666,C:\Users\kimeu\Downloads\starlink_pathB_wsl_package_v0_3_clean\starlink_pathB\paper_final_experiment_check\outputs\random1200_null_random1200_seed2\159_76_lst000_stress_full_polybeam_smooth_S30_single.npz,9.10175923472585,9444.443085672718,1.7798436919007438e-05,140609741.2109375,False,False,False,False,False,False,False,False,False,False,False,False
159_76,156.200250406372,mid,stress,0,2461041.5,2461041.506822953,full_polybeam,smooth,30.0,multi,coherent_ab,4,3,3,53976;54093;56109,86.545;85.567;70.536,0.2313613071236559,8.574847721632174e-05,0.5502745938468236,1,4,4,4,0.3308758856684498,0.5502745938468236,0.3308758856684498,0.7280464634021924,8.574847721632174e-05,6417.310390931139,1.6984460445348033,1.1500191511673352,0.0028262649706655542,False,20266538,100,-0.18795372626878837,0.03796814775845647,0.5445544554455446,0.504950495049505,16.800158584277597,4435.934325839024,17.13222598320408,19.741095637176205,20.47583520198048,4429.041797182374,4683.140342525715,4738.965647463579,1.1916570985085855,2.213875062041949,1.4175428585572787,4435.934325839024,817.3030087933219,11210403.618008923,0.0003956980031221114,1303,0.04873937393834462,-1.445965571882522,1.4440828042107998,-4095.9999999999995,4090.666666666666,C:\Users\kimeu\Downloads\starlink_pathB_wsl_package_v0_3_clean\starlink_pathB\paper_final_experiment_check\outputs\random1200_null_random1200_seed2\159_76_lst000_stress_full_polybeam_smooth_S30_multi.npz,9.10175923472585,9444.443085672718,1.7798436919007438e-05,140609741.2109375,False,False,False,False,False,False,False,False,False,False,False,False
159_76,156.200250406372,mid,stress,0,2461041.5,2461041.506822953,full_polybeam,smooth,1000.0,single,coherent_ab,4,3,1,53976,86.545,0.2313613071236559,8.574847721632174e-05,0.5502745938468236,1,4,4,4,0.3308758856684498,0.5502745938468236,0.3308758856684498,0.7280464634021924,8.574847721632174e-05,6417.310390931139,38.33397170557784,38.33397170557784,0.0646407914362716,False,20266555,100,0.13322329716005699,0.7618870438672356,0.43564356435643564,0.1485148514851485,575.126401262276,137092.3293839743,566.3568784746176,625.6926204914195,629.7835525958925,135714.50029754528,137456.3007302587,137909.06012268664,44.39885674191555,1.2267148131449959,1.1241987482693323,137092.3293839743,27498.008665271285,11210403.618008923,0.012229027076575789,1303,0.04873937393834462,-1.445965571882522,1.4440828042107998,-4095.9999999999995,4090.666666666666,C:\Users\kimeu\Downloads\starlink_pathB_wsl_package_v0_3_clean\starlink_pathB\paper_final_experiment_check\outputs\random1200_null_random1200_seed2\159_76_lst000_stress_full_polybeam_smooth_S1000_single.npz,9.10175923472585,9444.443085672718,1.7798436919007438e-05,140609741.2109375,False,False,False,False,False,False,False,False,False,False,False,False
159_76,156.200250406372,mid,stress,0,2461041.5,2461041.506822953,full_polybeam,smooth,1000.0,multi,coherent_ab,4,3,3,53976;54093;56109,86.545;85.567;70.536,0.2313613071236559,8.574847721632174e-05,0.5502745938468236,1,4,4,4,0.3308758856684498,0.5502745938468236,0.3308758856684498,0.7280464634021924,8.574847721632174e-05,6417.310390931139,56.61486815116011,38.33397170557784,0.09420883235551845,False,20266572,100,0.016212782443513957,-0.052767168825866774,0.49504950495049505,0.5346534653465347,589.0667271551374,147890.70966195973,588.151421942583,675.5693669277504,693.0027374178608,148236.59991601913,156419.96905255408,158212.7416466782,38.07889917227976,2.397738576602614,1.3205726396130237,147890.70966195973,26598.951853453957,11210403.618008923,0.013192273418628844,1303,0.04873937393834462,-1.445965571882522,1.4440828042107998,-4095.9999999999995,4090.666666666666,C:\Users\kimeu\Downloads\starlink_pathB_wsl_package_v0_3_clean\starlink_pathB\paper_final_experiment_check\outputs\random1200_null_random1200_seed2\159_76_lst000_stress_full_polybeam_smooth_S1000_multi.npz,9.10175923472585,9444.443085672718,1.7798436919007438e-05,140609741.2109375,False,False,False,False,False,False,False,False,False,False,False,False
159_76,156.200250406372,mid,stress,0,2461041.5,2461041.506822953,full_polybeam,lines,30.0,single,coherent_ab,4,3,1,53976,86.545,0.2313613071236559,8.574847721632174e-05,0.5502745938468236,1,4,4,4,0.3308758856684498,0.5502745938468236,0.3308758856684498,0.7280464634021924,8.574847721632174e-05,6417.310390931139,1.1499618262884947,1.1499618262884947,0.0019416012735504666,False,20266589,100,-0.3020014932384685,0.8349651616119712,0.5643564356435643,0.1782178217821782,16.38197506985125,4093.1799683834574,16.960090697302803,18.69566810581673,18.953935955242123,4039.6878256943382,4110.350818638167,4113.688634148623,1.2911646377760917,0.954863524640502,0.8512522997356745,4093.1799683834574,828.1173952647157,11210403.618008923,0.00036512333613108983,1303,0.04873937393834462,-1.445965571882522,1.4440828042107998,-4095.9999999999995,4090.666666666666,C:\Users\kimeu\Downloads\starlink_pathB_wsl_package_v0_3_clean\starlink_pathB\paper_final_experiment_check\outputs\random1200_null_random1200_seed2\159_76_lst000_stress_full_polybeam_lines_S30_single.npz,9.10175923472585,9444.443085672718,1.7798436919007438e-05,140609741.2109375,False,False,False,False,False,False,False,False,False,False,False,False
159_76,156.200250406372,mid,stress,0,2461041.5,2461041.506822953,full_polybeam,lines,30.0,multi,coherent_ab,4,3,3,53976;54093;56109,86.545;85.567;70.536,0.2313613071236559,8.574847721632174e-05,0.5502745938468236,1,4,4,4,0.3308758856684498,0.5502745938468236,0.3308758856684498,0.7280464634021924,8.574847721632174e-05,6417.310390931139,1.6983864895826475,1.1499618262884947,0.0028295635140196153,False,20266606,100,-0.33944068056042215,0.02847010933712728,0.6435643564356436,0.48514851485148514,16.796123552021527,4432.253777635183,17.31879464438498,19.451256484655822,20.069013560140476,4426.892013187823,4702.195551215986,4745.349711549103,1.0385815320150869,1.9092566320770745,1.1494685460937109,4432.253777635183,804.2441970616271,11210403.618008923,0.000395369687717131,1303,0.04873937393834462,-1.445965571882522,1.4440828042107998,-4095.9999999999995,4090.666666666666,C:\Users\kimeu\Downloads\starlink_pathB_wsl_package_v0_3_clean\starlink_pathB\paper_final_experiment_check\outputs\random1200_null_random1200_seed2\159_76_lst000_stress_full_polybeam_lines_S30_multi.npz,9.10175923472585,9444.443085672718,1.7798436919007438e-05,140609741.2109375,False,False,False,False,False,False,False,False,False,False,False,False
159_76,156.200250406372,mid,stress,0,2461041.5,2461041.506822953,full_polybeam,lines,1000.0,single,coherent_ab,4,3,1,53976,86.545,0.2313613071236559,8.574847721632174e-05,0.5502745938468236,1,4,4,4,0.3308758856684498,0.5502745938468236,0.3308758856684498,0.7280464634021924,8.574847721632174e-05,6417.310390931139,38.33206087628316,38.33206087628316,0.06472004245168222,False,20266623,100,-0.01499193914311033,0.5557229630406219,0.504950495049505,0.22772277227722773,574.9785875933285,137122.89019814754,575.7256859813406,635.521217941878,637.5474394601748,136153.13802231176,137630.71819110162,137933.77165278638,33.61212677851563,0.9313663194487359,0.8688063521268319,137122.89019814754,26944.27170706686,11210403.618008923,0.012231753188428188,1303,0.04873937393834462,-1.445965571882522,1.4440828042107998,-4095.9999999999995,4090.666666666666,C:\Users\kimeu\Downloads\starlink_pathB_wsl_package_v0_3_clean\starlink_pathB\paper_final_experiment_check\outputs\random1200_null_random1200_seed2\159_76_lst000_stress_full_polybeam_lines_S1000_single.npz,9.10175923472585,9444.443085672718,1.7798436919007438e-05,140609741.2109375,False,False,False,False,False,False,False,False,False,False,False,False
159_76,156.200250406372,mid,stress,0,2461041.5,2461041.506822953,full_polybeam,lines,1000.0,multi,coherent_ab,4,3,3,53976;54093;56109,86.545;85.567;70.536,0.2313613071236559,8.574847721632174e-05,0.5502745938468236,1,4,4,4,0.3308758856684498,0.5502745938468236,0.3308758856684498,0.7280464634021924,8.574847721632174e-05,6417.310390931139,56.61288298608825,38.33206087628316,0.09431878380065385,False,20266640,100,-0.13870782166044066,0.20469780399739249,0.5445544554455446,0.44554455445544555,589.367278767575,147818.1580186524,595.8214024183089,661.4683476009632,673.5964666756665,146666.83355514175,156903.7508121153,158124.24126596126,31.384291893763475,2.009015308203434,1.1743059292797582,147818.1580186524,26159.815203346887,11210403.618008923,0.013185801604965438,1303,0.04873937393834462,-1.445965571882522,1.4440828042107998,-4095.9999999999995,4090.666666666666,C:\Users\kimeu\Downloads\starlink_pathB_wsl_package_v0_3_clean\starlink_pathB\paper_final_experiment_check\outputs\random1200_null_random1200_seed2\159_76_lst000_stress_full_polybeam_lines_S1000_multi.npz,9.10175923472585,9444.443085672718,1.7798436919007438e-05,140609741.2109375,False,False,False,False,False,False,False,False,False,False,False,False
159_76,156.200250406372,mid,stress,0,2461041.5,2461041.506822953,full_polybeam,khz_comb,30.0,single,coherent_ab,4,3,1,53976,86.545,0.2313613071236559,8.574847721632174e-05,0.5502745938468236,1,4,4,4,0.3308758856684498,0.5502745938468236,0.3308758856684498,0.7280464634021924,8.574847721632174e-05,6417.310390931139,1.1437557616939387,1.1437557616939387,0.0017814549274686284,False,20266657,100,-0.27209777161317994,0.6157137071941322,0.6633663366336634,0.297029702970297,14.364565143223444,3709.0234148438567,14.956508020382898,17.768473737089153,18.019384184824812,3682.667166411985,3713.614112913498,3714.158089681462,1.4673402079515654,0.9962600873951978,0.89106007851965,3709.0234148438567,678.7696741076082,11210403.618008923,0.0003308554750772315,1303,0.04873937393834462,-1.445965571882522,1.4440828042107998,-4095.9999999999995,4090.666666666666,C:\Users\kimeu\Downloads\starlink_pathB_wsl_package_v0_3_clean\starlink_pathB\paper_final_experiment_check\outputs\random1200_null_random1200_seed2\159_76_lst000_stress_full_polybeam_khz_comb_S30_single.npz,9.10175923472585,9444.443085672718,1.7798436919007438e-05,140609741.2109375,False,False,False,False,False,False,False,False,False,False,False,False
159_76,156.200250406372,mid,stress,0,2461041.5,2461041.506822953,full_polybeam,khz_comb,30.0,multi,coherent_ab,4,3,3,53976;54093;56109,86.545;85.567;70.536,0.2313613071236559,8.574847721632174e-05,0.5502745938468236,1,4,4,4,0.3308758856684498,0.5502745938468236,0.3308758856684498,0.7280464634021924,8.574847721632174e-05,6417.310390931139,1.595097358548133,1.1437557616939387,0.0025411564650579706,False,20266674,100,-0.664458251056572,0.012265121611557756,0.6732673267326733,0.504950495049505,14.736519809308447,3974.074219498113,15.99213780897935,18.192757093536784,18.8830286246393,3972.0884882576656,4175.621105159724,4229.524086070795,1.2745762986069167,2.235997628496478,1.4337404032252197,3974.074219498113,654.2601603434454,11210403.618008923,0.00035449876337315567,1303,0.04873937393834462,-1.445965571882522,1.4440828042107998,-4095.9999999999995,4090.666666666666,C:\Users\kimeu\Downloads\starlink_pathB_wsl_package_v0_3_clean\starlink_pathB\paper_final_experiment_check\outputs\random1200_null_random1200_seed2\159_76_lst000_stress_full_polybeam_khz_comb_S30_multi.npz,9.10175923472585,9444.443085672718,1.7798436919007438e-05,140609741.2109375,False,False,False,False,False,False,False,False,False,False,False,False
159_76,156.200250406372,mid,stress,0,2461041.5,2461041.506822953,full_polybeam,khz_comb,1000.0,single,coherent_ab,4,3,1,53976,86.545,0.2313613071236559,8.574847721632174e-05,0.5502745938468236,1,4,4,4,0.3308758856684498,0.5502745938468236,0.3308758856684498,0.7280464634021924,8.574847721632174e-05,6417.310390931139,38.12519205646462,38.12519205646462,0.05938183091562096,False,20266691,100,-0.005416621169980762,0.3553975201562507,0.5148514851485149,0.37623762376237624,498.0629612198518,123761.79166547078,498.3919196813058,577.0021519789817,589.300668312172,123214.68511106775,124422.86306835563,124470.96944259846,40.96270267746331,1.3004147603137315,1.140892298863222,123761.79166547078,18338.151534709694,11210403.618008923,0.01103990506342287,1303,0.04873937393834462,-1.445965571882522,1.4440828042107998,-4095.9999999999995,4090.666666666666,C:\Users\kimeu\Downloads\starlink_pathB_wsl_package_v0_3_clean\starlink_pathB\paper_final_experiment_check\outputs\random1200_null_random1200_seed2\159_76_lst000_stress_full_polybeam_khz_comb_S1000_single.npz,9.10175923472585,9444.443085672718,1.7798436919007438e-05,140609741.2109375,False,False,False,False,False,False,False,False,False,False,False,False
159_76,156.200250406372,mid,stress,0,2461041.5,2461041.506822953,full_polybeam,khz_comb,1000.0,multi,coherent_ab,4,3,3,53976;54093;56109,86.545;85.567;70.536,0.2313613071236559,8.574847721632174e-05,0.5502745938468236,1,4,4,4,0.3308758856684498,0.5502745938468236,0.3308758856684498,0.7280464634021924,8.574847721632174e-05,6417.310390931139,53.16991195160442,38.12519205646462,0.08470521550193237,False,20266708,100,-0.2601629379301474,-0.27758961123801146,0.6336633663366337,0.5544554455445545,510.19684549097656,132295.35018773074,523.8277791143992,614.4075168548837,627.5144953797262,133762.01459611152,140156.12557060499,141203.86131214714,35.33915647318645,1.8947176330182993,1.1039787949010065,132295.35018773074,17518.575942560667,11210403.618008923,0.011801122840501945,1303,0.04873937393834462,-1.445965571882522,1.4440828042107998,-4095.9999999999995,4090.666666666666,C:\Users\kimeu\Downloads\starlink_pathB_wsl_package_v0_3_clean\starlink_pathB\paper_final_experiment_check\outputs\random1200_null_random1200_seed2\159_76_lst000_stress_full_polybeam_khz_comb_S1000_multi.npz,9.10175923472585,9444.443085672718,1.7798436919007438e-05,140609741.2109375,False,False,False,False,False,False,False,False,False,False,False,False
23_80,207.2758462936688,long,quiet,48,2461041.833333333,2461041.8401562865,frozen_polybeam,smooth,30.0,single,coherent_ab,2,1,1,54575,80.727,0.1671706989247312,5.820419561578807e-09,0.0149220859960422,0,2,2,2,0.0,0.0149220859960422,0.0,0.0457676818690719,5.820419561578807e-09,2563747.4821479414,0.030824827727705718,0.030824827727705718,0.00013408863354260196,False,20266773,100,0.7452477241413037,0.5967914843519533,0.15841584158415842,0.2376237623762376,0.8824348414309497,150.46897652341164,0.8184407714134068,0.9043792064065201,0.9502210174953097,148.2982212596042,151.0566322248119,151.25849825306145,0.05791820288732197,1.876980191873459,1.55043889952733,150.46897652341164,-2.3844402516181873,5016469.09829277,2.9994997193268868e-05,1239,0.06467656072644712,-1.445965571882522,1.4440828042107998,-4095.9999999999995,4090.666666666666,C:\Users\kimeu\Downloads\starlink_pathB_wsl_package_v0_3_clean\starlink_pathB\paper_final_experiment_check\outputs\random1200_null_random1200_seed2\23_80_lst048_quiet_frozen_polybeam_smooth_S30_single.npz,9.10175923472585,9444.443085672718,1.7798436919007438e-05,140609741.2109375,False,False,False,False,False,False,False,False,False,False,False,False
23_80,207.2758462936688,long,quiet,48,2461041.833333333,2461041.8401562865,frozen_polybeam,smooth,30.0,multi,coherent_ab,2,1,1,54575,80.727,0.1671706989247312,5.820419561578807e-09,0.0149220859960422,0,2,2,2,0.0,0.0149220859960422,0.0,0.0457676818690719,5.820419561578807e-09,2563747.4821479414,0.030824827727705718,0.030824827727705718,0.00013408863354260196,False,20266790,100,0.5922621007063096,0.8038338477787482,0.25742574257425743,0.16831683168316833,0.8824348414309497,150.46897652341164,0.8359415409722715,0.9374577775084845,0.9490712885624407,146.6341615577084,151.18732719459544,151.2514422616023,0.05294835090671768,0.9124570680284881,0.8832886245150395,150.46897652341164,-2.3844402516181873,5016469.09829277,2.9994997193268868e-05,1239,0.06467656072644712,-1.445965571882522,1.4440828042107998,-4095.9999999999995,4090.666666666666,C:\Users\kimeu\Downloads\starlink_pathB_wsl_package_v0_3_clean\starlink_pathB\paper_final_experiment_check\outputs\random1200_null_random1200_seed2\23_80_lst048_quiet_frozen_polybeam_smooth_S30_multi.npz,9.10175923472585,9444.443085672718,1.7798436919007438e-05,140609741.2109375,False,False,False,False,False,False,False,False,False,False,False,False
23_80,207.2758462936688,long,quiet,48,2461041.833333333,2461041.8401562865,frozen_polybeam,smooth,1000.0,single,coherent_ab,2,1,1,54575,80.727,0.1671706989247312,5.820419561578807e-09,0.0149220859960422,0,2,2,2,0.0,0.0149220859960422,0.0,0.0457676818690719,5.820419561578807e-09,2563747.4821479414,1.0274942575901904,1.0274942575901904,0.004469621118086731,False,20266807,100,0.5736648372831926,0.7352627336596235,0.27722772277227725,0.0891089108910891,29.416340059720824,5015.7675105082035,28.154620950521803,30.847438075017497,31.429608713027573,4893.996129930781,5023.373776697629,5041.184509643767,1.4834757595394876,0.89776946066304,0.8473261275669769,5015.7675105082035,-78.56522762321097,5016469.09829277,0.000999860143106472,1239,0.06467656072644712,-1.445965571882522,1.4440828042107998,-4095.9999999999995,4090.666666666666,C:\Users\kimeu\Downloads\starlink_pathB_wsl_package_v0_3_clean\starlink_pathB\paper_final_experiment_check\outputs\random1200_null_random1200_seed2\23_80_lst048_quiet_frozen_polybeam_smooth_S1000_single.npz,9.10175923472585,9444.443085672718,1.7798436919007438e-05,140609741.2109375,False,False,False,False,False,False,False,False,False,False,False,False
23_80,207.2758462936688,long,quiet,48,2461041.833333333,2461041.8401562865,frozen_polybeam,smooth,1000.0,multi,coherent_ab,2,1,1,54575,80.727,0.1671706989247312,5.820419561578807e-09,0.0149220859960422,0,2,2,2,0.0,0.0149220859960422,0.0,0.0457676818690719,5.820419561578807e-09,2563747.4821479414,1.0274942575901904,1.0274942575901904,0.004469621118086731,False,20266824,100,0.5769328912674236,0.7709717816005179,0.2871287128712871,0.12871287128712872,29.416340059720824,5015.7675105082035,28.224729688349726,30.844512673176197,31.798658397966864,4934.59264569655,5035.358802714153,5040.794670195025,1.3931086206935106,0.8255493267600211,0.7952278369764882,5015.7675105082035,-78.56522762321097,5016469.09829277,0.000999860143106472,1239,0.06467656072644712,-1.445965571882522,1.4440828042107998,-4095.9999999999995,4090.666666666666,C:\Users\kimeu\Downloads\starlink_pathB_wsl_package_v0_3_clean\starlink_pathB\paper_final_experiment_check\outputs\random1200_null_random1200_seed2\23_80_lst048_quiet_frozen_polybeam_smooth_S1000_multi.npz,9.10175923472585,9444.443085672718,1.7798436919007438e-05,140609741.2109375,False,False,False,False,False,False,False,False,False,False,False,False
23_80,207.2758462936688,long,quiet,48,2461041.833333333,2461041.8401562865,frozen_polybeam,lines,30.0,single,coherent_ab,2,1,1,54575,80.727,0.1671706989247312,5.820419561578807e-09,0.0149220859960422,0,2,2,2,0.0,0.0149220859960422,0.0,0.0457676818690719,5.820419561578807e-09,2563747.4821479414,0.030816656890682376,0.030816656890682376,0.00013432459836672039,False,20266841,100,0.493713742788235,0.8558813857178313,0.3069306930693069,0.0891089108910891,0.8802985371185059,150.70011976089256,0.839975146154984,0.9479668794810096,0.9532009387848394,146.70749267096483,151.05913445690538,151.31074567240483,0.055088105188360714,1.3805175139289443,1.3020284786974703,150.70011976089256,-2.447399791149054,5016469.09829277,3.0041074071836622e-05,1239,0.06467656072644712,-1.445965571882522,1.4440828042107998,-4095.9999999999995,4090.666666666666,C:\Users\kimeu\Downloads\starlink_pathB_wsl_package_v0_3_clean\starlink_pathB\paper_final_experiment_check\outputs\random1200_null_random1200_seed2\23_80_lst048_quiet_frozen_polybeam_lines_S30_single.npz,9.10175923472585,9444.443085672718,1.7798436919007438e-05,140609741.2109375,False,False,False,False,False,False,False,False,False,False,False,False
23_80,207.2758462936688,long,quiet,48,2461041.833333333,2461041.8401562865,frozen_polybeam,lines,30.0,multi,coherent_ab,2,1,1,54575,80.727,0.1671706989247312,5.820419561578807e-09,0.0149220859960422,0,2,2,2,0.0,0.0149220859960422,0.0,0.0457676818690719,5.820419561578807e-09,2563747.4821479414,0.030816656890682376,0.030816656890682376,0.00013432459836672039,False,20266858,100,0.7727493991942819,0.9634439765569269,0.1485148514851485,0.13861386138613863,0.8802985371185059,150.70011976089256,0.8195347578121073,0.9129677633915889,0.9496363568386551,145.91802049168268,151.4568921706315,151.49183218900907,0.05303738533575597,1.4998995283563192,1.2379551328134786,150.70011976089256,-2.447399791149054,5016469.09829277,3.0041074071836622e-05,1239,0.06467656072644712,-1.445965571882522,1.4440828042107998,-4095.9999999999995,4090.666666666666,C:\Users\kimeu\Downloads\starlink_pathB_wsl_package_v0_3_clean\starlink_pathB\paper_final_experiment_check\outputs\random1200_null_random1200_seed2\23_80_lst048_quiet_frozen_polybeam_lines_S30_multi.npz,9.10175923472585,9444.443085672718,1.7798436919007438e-05,140609741.2109375,False,False,False,False,False,False,False,False,False,False,False,False
23_80,207.2758462936688,long,quiet,48,2461041.833333333,2461041.8401562865,frozen_polybeam,lines,1000.0,single,coherent_ab,2,1,1,54575,80.727,0.1671706989247312,5.820419561578807e-09,0.0149220859960422,0,2,2,2,0.0,0.0149220859960422,0.0,0.0457676818690719,5.820419561578807e-09,2563747.4821479414,1.027221896356079,1.027221896356079,0.004477486612224012,False,20266875,100,0.550056055606968,0.7080677468386226,0.33663366336633666,0.12871287128712872,29.34408060732312,5023.451474314739,28.07892893442522,31.41028026294837,31.803217611131405,4959.616121163453,5040.358386549333,5048.550584038754,1.551356637214667,0.8269135015173005,0.7620958272509882,5023.451474314739,-80.68849644562162,5016469.09829277,0.001001391890567879,1239,0.06467656072644712,-1.445965571882522,1.4440828042107998,-4095.9999999999995,4090.666666666666,C:\Users\kimeu\Downloads\starlink_pathB_wsl_package_v0_3_clean\starlink_pathB\paper_final_experiment_check\outputs\random1200_null_random1200_seed2\23_80_lst048_quiet_frozen_polybeam_lines_S1000_single.npz,9.10175923472585,9444.443085672718,1.7798436919007438e-05,140609741.2109375,False,False,False,False,False,False,False,False,False,False,False,False
23_80,207.2758462936688,long,quiet,48,2461041.833333333,2461041.8401562865,frozen_polybeam,lines,1000.0,multi,coherent_ab,2,1,1,54575,80.727,0.1671706989247312,5.820419561578807e-09,0.0149220859960422,0,2,2,2,0.0,0.0149220859960422,0.0,0.0457676818690719,5.820419561578807e-09,2563747.4821479414,1.027221896356079,1.027221896356079,0.004477486612224012,False,20266892,100,0.6669061330407755,0.6744417952383723,0.2079207920792079,0.15841584158415842,29.34408060732312,5023.451474314739,27.92559027207335,31.701780563640387,31.819077735024713,4926.011256295631,5038.41514565524,5050.028326262907,1.4346226194838891,1.1125468246372117,0.9918596404896795,5023.451474314739,-80.68849644562162,5016469.09829277,0.001001391890567879,1239,0.06467656072644712,-1.445965571882522,1.4440828042107998,-4095.9999999999995,4090.666666666666,C:\Users\kimeu\Downloads\starlink_pathB_wsl_package_v0_3_clean\starlink_pathB\paper_final_experiment_check\outputs\random1200_null_random1200_seed2\23_80_lst048_quiet_frozen_polybeam_lines_S1000_multi.npz,9.10175923472585,9444.443085672718,1.7798436919007438e-05,140609741.2109375,False,False,False,False,False,False,False,False,False,False,False,False
23_80,207.2758462936688,long,quiet,48,2461041.833333333,2461041.8401562865,frozen_polybeam,khz_comb,30.0,single,coherent_ab,2,1,1,54575,80.727,0.1671706989247312,5.820419561578807e-09,0.0149220859960422,0,2,2,2,0.0,0.0149220859960422,0.0,0.0457676818690719,5.820419561578807e-09,2563747.4821479414,0.025361439887119464,0.025361439887119464,0.00012029847539782787,False,20266909,100,-0.3642645240156868,0.7159890681783654,0.6435643564356436,0.18811881188118812,0.7723713922605384,144.16356304667258,0.7895537434042126,0.8888952627390608,0.9033405444214304,141.1293904582791,144.9298782692643,145.3915335637598,0.0318157171736857,1.0859339762703044,0.941138901227694,144.16356304667258,-1.6954356779560875,5016469.09829277,2.8738054640012643e-05,1239,0.06467656072644712,-1.445965571882522,1.4440828042107998,-4095.9999999999995,4090.666666666666,C:\Users\kimeu\Downloads\starlink_pathB_wsl_package_v0_3_clean\starlink_pathB\paper_final_experiment_check\outputs\random1200_null_random1200_seed2\23_80_lst048_quiet_frozen_polybeam_khz_comb_S30_single.npz,9.10175923472585,9444.443085672718,1.7798436919007438e-05,140609741.2109375,False,False,False,False,False,False,False,False,False,False,False,False
23_80,207.2758462936688,long,quiet,48,2461041.833333333,2461041.8401562865,frozen_polybeam,khz_comb,30.0,multi,coherent_ab,2,1,1,54575,80.727,0.1671706989247312,5.820419561578807e-09,0.0149220859960422,0,2,2,2,0.0,0.0149220859960422,0.0,0.0457676818690719,5.820419561578807e-09,2563747.4821479414,0.025361439887119464,0.025361439887119464,0.00012029847539782787,False,20266926,100,-0.07820013620166918,0.9271454576931835,0.5445544554455446,0.1782178217821782,0.7723713922605384,144.16356304667258,0.7770842131885729,0.8974416984990057,0.9074806453197288,140.4961169849526,145.21425216764004,145.37915319664918,0.04064895947021796,1.0601215698760733,1.0209362044944574,144.16356304667258,-1.6954356779560875,5016469.09829277,2.8738054640012643e-05,1239,0.06467656072644712,-1.445965571882522,1.4440828042107998,-4095.9999999999995,4090.666666666666,C:\Users\kimeu\Downloads\starlink_pathB_wsl_package_v0_3_clean\starlink_pathB\paper_final_experiment_check\outputs\random1200_null_random1200_seed2\23_80_lst048_quiet_frozen_polybeam_khz_comb_S30_multi.npz,9.10175923472585,9444.443085672718,1.7798436919007438e-05,140609741.2109375,False,False,False,False,False,False,False,False,False,False,False,False
23_80,207.2758462936688,long,quiet,48,2461041.833333333,2461041.8401562865,frozen_polybeam,khz_comb,1000.0,single,coherent_ab,2,1,1,54575,80.727,0.1671706989247312,5.820419561578807e-09,0.0149220859960422,0,2,2,2,0.0,0.0149220859960422,0.0,0.0457676818690719,5.820419561578807e-09,2563747.4821479414,0.8453813295706485,0.8453813295706485,0.004009949179927595,False,20266943,100,-0.49251813086990043,0.8703807702561982,0.6534653465346535,0.15841584158415842,25.748787112570426,4805.505141990998,26.25594538725818,30.238280065047253,30.337084350176237,4690.425979829108,4835.472348875983,4844.900725254056,0.6945400553372565,1.191088814138556,1.1023274461966779,4805.505141990998,-56.01743333844182,5016469.09829277,0.0009579457279277234,1239,0.06467656072644712,-1.445965571882522,1.4440828042107998,-4095.9999999999995,4090.666666666666,C:\Users\kimeu\Downloads\starlink_pathB_wsl_package_v0_3_clean\starlink_pathB\paper_final_experiment_check\outputs\random1200_null_random1200_seed2\23_80_lst048_quiet_frozen_polybeam_khz_comb_S1000_single.npz,9.10175923472585,9444.443085672718,1.7798436919007438e-05,140609741.2109375,False,False,False,False,False,False,False,False,False,False,False,False
23_80,207.2758462936688,long,quiet,48,2461041.833333333,2461041.8401562865,frozen_polybeam,khz_comb,1000.0,multi,coherent_ab,2,1,1,54575,80.727,0.1671706989247312,5.820419561578807e-09,0.0149220859960422,0,2,2,2,0.0,0.0149220859960422,0.0,0.0457676818690719,5.820419561578807e-09,2563747.4821479414,0.8453813295706485,0.8453813295706485,0.004009949179927595,False,20266960,100,-0.1456194118746143,0.8901733695705831,0.6138613861386139,0.16831683168316833,25.748787112570426,4805.505141990998,25.992672668850446,29.87584300544911,30.33019858281476,4687.891071084185,4842.985115394776,4846.304115188774,1.1296471532402848,0.9444727722477492,0.918953824018449,4805.505141990998,-56.01743333844182,5016469.09829277,0.0009579457279277234,1239,0.06467656072644712,-1.445965571882522,1.4440828042107998,-4095.9999999999995,4090.666666666666,C:\Users\kimeu\Downloads\starlink_pathB_wsl_package_v0_3_clean\starlink_pathB\paper_final_experiment_check\outputs\random1200_null_random1200_seed2\23_80_lst048_quiet_frozen_polybeam_khz_comb_S1000_multi.npz,9.10175923472585,9444.443085672718,1.7798436919007438e-05,140609741.2109375,False,False,False,False,False,False,False,False,False,False,False,False
23_80,207.2758462936688,long,quiet,48,2461041.833333333,2461041.8401562865,full_polybeam,smooth,30.0,single,coherent_ab,2,1,1,54575,80.727,0.1671706989247312,5.820419561578807e-09,0.0149220859960422,0,2,2,2,0.0,0.0149220859960422,0.0,0.0457676818690719,5.820419561578807e-09,2563747.4821479414,0.13079192780875012,0.13079192780875012,0.00031456733082453115,False,20266977,100,0.2560270374384457,0.36158666461164657,0.297029702970297,0.39603960396039606,4.156310750717239,957.6322277532056,4.0891924812585785,4.880794465213785,4.88939748126344,945.2960767176685,971.7783702586602,973.1705939019865,0.1768198116685653,1.288304533236757,1.1222591970805644,957.6322277532056,-20.717619976793074,5016469.09829277,0.00019089766307523191,1239,0.06467656072644712,-1.445965571882522,1.4440828042107998,-4095.9999999999995,4090.666666666666,C:\Users\kimeu\Downloads\starlink_pathB_wsl_package_v0_3_clean\starlink_pathB\paper_final_experiment_check\outputs\random1200_null_random1200_seed2\23_80_lst048_quiet_full_polybeam_smooth_S30_single.npz,9.10175923472585,9444.443085672718,1.7798436919007438e-05,140609741.2109375,False,False,False,False,False,False,False,False,False,False,False,False
23_80,207.2758462936688,long,quiet,48,2461041.833333333,2461041.8401562865,full_polybeam,smooth,30.0,multi,coherent_ab,2,1,1,54575,80.727,0.1671706989247312,5.820419561578807e-09,0.0149220859960422,0,2,2,2,0.0,0.0149220859960422,0.0,0.0457676818690719,5.820419561578807e-09,2563747.4821479414,0.13079192780875012,0.13079192780875012,0.00031456733082453115,False,20266994,100,0.4481749139156382,0.5149580276745851,0.297029702970297,0.3465346534653465,4.156310750717239,957.6322277532056,4.020490858867333,4.849671131125706,4.885375360252019,940.4749883000629,971.3858807957859,973.2948611898395,0.20440515334848897,1.6219534800096365,1.5475361951898334,957.6322277532056,-20.717619976793074,5016469.09829277,0.00019089766307523191,1239,0.06467656072644712,-1.445965571882522,1.4440828042107998,-4095.9999999999995,4090.666666666666,C:\Users\kimeu\Downloads\starlink_pathB_wsl_package_v0_3_clean\starlink_pathB\paper_final_experiment_check\outputs\random1200_null_random1200_seed2\23_80_lst048_quiet_full_polybeam_smooth_S30_multi.npz,9.10175923472585,9444.443085672718,1.7798436919007438e-05,140609741.2109375,False,False,False,False,False,False,False,False,False,False,False,False
23_80,207.2758462936688,long,quiet,48,2461041.833333333,2461041.8401562865,full_polybeam,smooth,1000.0,single,coherent_ab,2,1,1,54575,80.727,0.1671706989247312,5.820419561578807e-09,0.0149220859960422,0,2,2,2,0.0,0.0149220859960422,0.0,0.0457676818690719,5.820419561578807e-09,2563747.4821479414,4.359730926958337,4.359730926958337,0.010485577694151036,False,20267011,100,0.4528569718188931,0.6660996004230084,0.21782178217821782,0.27722772277227725,138.5166599606855,31921.379834118452,134.34234385656532,160.25957899736486,162.03551230441198,31214.295669797946,32414.088450116997,32440.284311895794,6.217277892520542,1.38077361657131,1.297440539761759,31921.379834118452,-737.1163860745996,5016469.09829277,0.006363316350335358,1239,0.06467656072644712,-1.445965571882522,1.4440828042107998,-4095.9999999999995,4090.666666666666,C:\Users\kimeu\Downloads\starlink_pathB_wsl_package_v0_3_clean\starlink_pathB\paper_final_experiment_check\outputs\random1200_null_random1200_seed2\23_80_lst048_quiet_full_polybeam_smooth_S1000_single.npz,9.10175923472585,9444.443085672718,1.7798436919007438e-05,140609741.2109375,False,False,False,False,False,False,False,False,False,False,False,False
23_80,207.2758462936688,long,quiet,48,2461041.833333333,2461041.8401562865,full_polybeam,smooth,1000.0,multi,coherent_ab,2,1,1,54575,80.727,0.1671706989247312,5.820419561578807e-09,0.0149220859960422,0,2,2,2,0.0,0.0149220859960422,0.0,0.0457676818690719,5.820419561578807e-09,2563747.4821479414,4.359730926958337,4.359730926958337,0.010485577694151036,False,20267028,100,0.22482355419617964,0.35334168310420183,0.3465346534653465,0.3564356435643564,138.5166599606855,31921.379834118452,136.04587965897008,161.8709349901854,162.96392269213175,31581.958286634836,32381.343735898205,32446.263154065327,7.412561767214356,1.1064816422251282,1.0460590101597995,31921.379834118452,-737.1163860745996,5016469.09829277,0.006363316350335358,1239,0.06467656072644712,-1.445965571882522,1.4440828042107998,-4095.9999999999995,4090.666666666666,C:\Users\kimeu\Downloads\starlink_pathB_wsl_package_v0_3_clean\starlink_pathB\paper_final_experiment_check\outputs\random1200_null_random1200_seed2\23_80_lst048_quiet_full_polybeam_smooth_S1000_multi.npz,9.10175923472585,9444.443085672718,1.7798436919007438e-05,140609741.2109375,False,False,False,False,False,False,False,False,False,False,False,False
23_80,207.2758462936688,long,quiet,48,2461041.833333333,2461041.8401562865,full_polybeam,lines,30.0,single,coherent_ab,2,1,1,54575,80.727,0.1671706989247312,5.820419561578807e-09,0.0149220859960422,0,2,2,2,0.0,0.0149220859960422,0.0,0.0457676818690719,5.820419561578807e-09,2563747.4821479414,0.1307708932476661,0.1307708932476661,0.0003149407840035271,False,20267045,100,0.7528741066309413,0.5147582680111922,0.18811881188118812,0.32673267326732675,4.154578123256215,957.236551569468,3.9617139090423734,4.69132445898058,4.862143272239373,940.7095095741989,972.6910477825455,972.9335629739683,0.17278470487326558,0.899739997388084,0.8784084126107221,957.236551569468,-20.809903984364645,5016469.09829277,0.00019081878763994373,1239,0.06467656072644712,-1.445965571882522,1.4440828042107998,-4095.9999999999995,4090.666666666666,C:\Users\kimeu\Downloads\starlink_pathB_wsl_package_v0_3_clean\starlink_pathB\paper_final_experiment_check\outputs\random1200_null_random1200_seed2\23_80_lst048_quiet_full_polybeam_lines_S30_single.npz,9.10175923472585,9444.443085672718,1.7798436919007438e-05,140609741.2109375,False,False,False,False,False,False,False,False,False,False,False,False
23_80,207.2758462936688,long,quiet,48,2461041.833333333,2461041.8401562865,full_polybeam,lines,30.0,multi,coherent_ab,2,1,1,54575,80.727,0.1671706989247312,5.820419561578807e-09,0.0149220859960422,0,2,2,2,0.0,0.0149220859960422,0.0,0.0457676818690719,5.820419561578807e-09,2563747.4821479414,0.1307708932476661,0.1307708932476661,0.0003149407840035271,False,20267062,100,0.6935492329282382,0.5934125713302366,0.16831683168316833,0.2871287128712871,4.154578123256215,957.236551569468,3.985123262848333,4.8159345574409596,4.874450119330977,938.0408234404838,971.8454503035689,972.7023572719085,0.1647983042399801,1.1206841148327917,1.0528504668264689,957.236551569468,-20.809903984364645,5016469.09829277,0.00019081878763994373,1239,0.06467656072644712,-1.445965571882522,1.4440828042107998,-4095.9999999999995,4090.666666666666,C:\Users\kimeu\Downloads\starlink_pathB_wsl_package_v0_3_clean\starlink_pathB\paper_final_experiment_check\outputs\random1200_null_random1200_seed2\23_80_lst048_quiet_full_polybeam_lines_S30_multi.npz,9.10175923472585,9444.443085672718,1.7798436919007438e-05,140609741.2109375,False,False,False,False,False,False,False,False,False,False,False,False
23_80,207.2758462936688,long,quiet,48,2461041.833333333,2461041.8401562865,full_polybeam,lines,1000.0,single,coherent_ab,2,1,1,54575,80.727,0.1671706989247312,5.820419561578807e-09,0.0149220859960422,0,2,2,2,0.0,0.0149220859960422,0.0,0.0457676818690719,5.820419561578807e-09,2563747.4821479414,4.359029774922203,4.359029774922203,0.010498026133450904,False,20267079,100,0.8341469152050188,0.47816707559819527,0.15841584158415842,0.31683168316831684,138.45970838252106,31908.343413448434,132.41528233405188,160.55886021909683,162.42348352066898,31416.87955943966,32417.031045807482,32437.199959659938,4.887519742286713,0.9093676401138461,0.8752935077276989,31908.343413448434,-740.2129687616061,5016469.09829277,0.006360717625930885,1239,0.06467656072644712,-1.445965571882522,1.4440828042107998,-4095.9999999999995,4090.666666666666,C:\Users\kimeu\Downloads\starlink_pathB_wsl_package_v0_3_clean\starlink_pathB\paper_final_experiment_check\outputs\random1200_null_random1200_seed2\23_80_lst048_quiet_full_polybeam_lines_S1000_single.npz,9.10175923472585,9444.443085672718,1.7798436919007438e-05,140609741.2109375,False,False,False,False,False,False,False,False,False,False,False,False
23_80,207.2758462936688,long,quiet,48,2461041.833333333,2461041.8401562865,full_polybeam,lines,1000.0,multi,coherent_ab,2,1,1,54575,80.727,0.1671706989247312,5.820419561578807e-09,0.0149220859960422,0,2,2,2,0.0,0.0149220859960422,0.0,0.0457676818690719,5.820419561578807e-09,2563747.4821479414,4.359029774922203,4.359029774922203,0.010498026133450904,False,20267096,100,0.6471915762414701,0.38721180012715056,0.2079207920792079,0.37623762376237624,138.45970838252106,31908.343413448434,134.1376289923519,161.6700174656882,162.45338028598653,31461.57733231694,32404.00925274157,32431.58926577943,4.504388989923541,1.5276470310037111,1.3440082917269227,31908.343413448434,-740.2129687616061,5016469.09829277,0.006360717625930885,1239,0.06467656072644712,-1.445965571882522,1.4440828042107998,-4095.9999999999995,4090.666666666666,C:\Users\kimeu\Downloads\starlink_pathB_wsl_package_v0_3_clean\starlink_pathB\paper_final_experiment_check\outputs\random1200_null_random1200_seed2\23_80_lst048_quiet_full_polybeam_lines_S1000_multi.npz,9.10175923472585,9444.443085672718,1.7798436919007438e-05,140609741.2109375,False,False,False,False,False,False,False,False,False,False,False,False
23_80,207.2758462936688,long,quiet,48,2461041.833333333,2461041.8401562865,full_polybeam,khz_comb,30.0,single,coherent_ab,2,1,1,54575,80.727,0.1671706989247312,5.820419561578807e-09,0.0149220859960422,0,2,2,2,0.0,0.0149220859960422,0.0,0.0457676818690719,5.820419561578807e-09,2563747.4821479414,0.10762160736158174,0.10762160736158174,0.000266774927529744,False,20267113,100,0.9931209805067259,0.859554118660282,0.13861386138613863,0.26732673267326734,3.4511338836091454,789.6423574431301,3.243706845322208,3.975929099498444,4.031062640812052,770.0479347673947,800.7233883488724,802.001641777406,0.14087671425363624,1.1630435025857133,1.0392154609084885,789.6423574431301,-16.907806278128326,5016469.09829277,0.00015740999136461644,1239,0.06467656072644712,-1.445965571882522,1.4440828042107998,-4095.9999999999995,4090.666666666666,C:\Users\kimeu\Downloads\starlink_pathB_wsl_package_v0_3_clean\starlink_pathB\paper_final_experiment_check\outputs\random1200_null_random1200_seed2\23_80_lst048_quiet_full_polybeam_khz_comb_S30_single.npz,9.10175923472585,9444.443085672718,1.7798436919007438e-05,140609741.2109375,False,False,False,False,False,False,False,False,False,False,False,False
23_80,207.2758462936688,long,quiet,48,2461041.833333333,2461041.8401562865,full_polybeam,khz_comb,30.0,multi,coherent_ab,2,1,1,54575,80.727,0.1671706989247312,5.820419561578807e-09,0.0149220859960422,0,2,2,2,0.0,0.0149220859960422,0.0,0.0457676818690719,5.820419561578807e-09,2563747.4821479414,0.10762160736158174,0.10762160736158174,0.000266774927529744,False,20267130,100,0.6874312872640859,0.5208259076740176,0.21782178217821782,0.27722772277227725,3.4511338836091454,789.6423574431301,3.280743852749083,4.002449669777252,4.028804024520905,776.6690952923544,800.8400267990052,802.0922434970159,0.16718252929604205,1.215564891017805,1.1047393477774483,789.6423574431301,-16.907806278128326,5016469.09829277,0.00015740999136461644,1239,0.06467656072644712,-1.445965571882522,1.4440828042107998,-4095.9999999999995,4090.666666666666,C:\Users\kimeu\Downloads\starlink_pathB_wsl_package_v0_3_clean\starlink_pathB\paper_final_experiment_check\outputs\random1200_null_random1200_seed2\23_80_lst048_quiet_full_polybeam_khz_comb_S30_multi.npz,9.10175923472585,9444.443085672718,1.7798436919007438e-05,140609741.2109375,False,False,False,False,False,False,False,False,False,False,False,False
23_80,207.2758462936688,long,quiet,48,2461041.833333333,2461041.8401562865,full_polybeam,khz_comb,1000.0,single,coherent_ab,2,1,1,54575,80.727,0.1671706989247312,5.820419561578807e-09,0.0149220859960422,0,2,2,2,0.0,0.0149220859960422,0.0,0.0457676818690719,5.820419561578807e-09,2563747.4821479414,3.5873869120527244,3.5873869120527244,0.008892497584324803,False,20267147,100,0.4842696741892036,0.41639502736977374,0.297029702970297,0.39603960396039606,115.02213238116383,26321.949558448294,111.67772606168455,134.0201864182399,134.33939299922156,25948.329466878356,26732.292823937918,26736.226739718757,4.658088826645326,1.4860575260923476,1.3107868277508308,26321.949558448294,-595.00074830435,5016469.09829277,0.005247106887871852,1239,0.06467656072644712,-1.445965571882522,1.4440828042107998,-4095.9999999999995,4090.666666666666,C:\Users\kimeu\Downloads\starlink_pathB_wsl_package_v0_3_clean\starlink_pathB\paper_final_experiment_check\outputs\random1200_null_random1200_seed2\23_80_lst048_quiet_full_polybeam_khz_comb_S1000_single.npz,9.10175923472585,9444.443085672718,1.7798436919007438e-05,140609741.2109375,False,False,False,False,False,False,False,False,False,False,False,False
23_80,207.2758462936688,long,quiet,48,2461041.833333333,2461041.8401562865,full_polybeam,khz_comb,1000.0,multi,coherent_ab,2,1,1,54575,80.727,0.1671706989247312,5.820419561578807e-09,0.0149220859960422,0,2,2,2,0.0,0.0149220859960422,0.0,0.0457676818690719,5.820419561578807e-09,2563747.4821479414,3.5873869120527244,3.5873869120527244,0.008892497584324803,False,20267164,100,0.6099089919194882,0.5068302508758105,0.18811881188118812,0.3069306930693069,115.02213238116383,26321.949558448294,109.82964894587815,133.65312001860883,134.13928487485816,25872.8150649767,26728.204486516417,26733.64233375689,5.742302773423944,1.1200352029183671,1.005322716491648,26321.949558448294,-595.00074830435,5016469.09829277,0.005247106887871852,1239,0.06467656072644712,-1.445965571882522,1.4440828042107998,-4095.9999999999995,4090.666666666666,C:\Users\kimeu\Downloads\starlink_pathB_wsl_package_v0_3_clean\starlink_pathB\paper_final_experiment_check\outputs\random1200_null_random1200_seed2\23_80_lst048_quiet_full_polybeam_khz_comb_S1000_multi.npz,9.10175923472585,9444.443085672718,1.7798436919007438e-05,140609741.2109375,False,False,False,False,False,False,False,False,False,False,False,False
23_80,207.2758462936688,long,typical,44,2461041.8055555555,2461041.8123785085,frozen_polybeam,smooth,30.0,single,coherent_ab,3,2,1,55537,79.468,0.167023689516129,8.145571291565058e-08,0.2419547912000571,0,3,3,3,0.0,0.2419547912000571,0.0,0.7241364102878726,8.145571291565058e-08,2970384.55056685,0.037340215504999295,0.037340215504999295,0.00014444224563748743,False,20267177,100,0.07121674682856062,-0.2814368179899389,0.44554455445544555,0.6138613861386139,0.31340360800550116,42.787198026936366,0.30814139386757233,0.38087723552430364,0.3897680491976007,43.22489069089745,44.620547438130025,44.62366174106492,0.049838204754905746,0.9964235847436783,0.8862336612547413,42.787198026936366,-0.7652630935209863,1566056.4445053064,2.7321619330554968e-05,1239,0.06467656072644712,-1.445965571882522,1.4440828042107998,-4095.9999999999995,4090.666666666666,C:\Users\kimeu\Downloads\starlink_pathB_wsl_package_v0_3_clean\starlink_pathB\paper_final_experiment_check\outputs\random1200_null_random1200_seed2\23_80_lst044_typical_frozen_polybeam_smooth_S30_single.npz,9.10175923472585,9444.443085672718,1.7798436919007438e-05,140609741.2109375,False,False,False,False,False,False,False,False,False,False,False,False
23_80,207.2758462936688,long,typical,44,2461041.8055555555,2461041.8123785085,frozen_polybeam,smooth,30.0,multi,coherent_ab,3,2,2,55537;57422,79.468;75.727,0.167023689516129,8.145571291565058e-08,0.2419547912000571,0,3,3,3,0.0,0.2419547912000571,0.0,0.7241364102878726,8.145571291565058e-08,2970384.55056685,0.057085476075535366,0.037340215504999295,0.0003005138707708932,False,20267194,100,0.10239085611825718,-1.3392200752194576,0.46534653465346537,0.801980198019802,0.38104343715895084,57.39269480234063,0.37317548879354945,0.49972913613337366,0.5103654827754144,63.07140990642296,67.01123489698523,67.68227614377723,0.051829417876660955,2.3324593844592467,1.3110044575941435,57.39269480234063,-7.0163842603604385,1566056.4445053064,3.664790946948921e-05,1239,0.06467656072644712,-1.445965571882522,1.4440828042107998,-4095.9999999999995,4090.666666666666,C:\Users\kimeu\Downloads\starlink_pathB_wsl_package_v0_3_clean\starlink_pathB\paper_final_experiment_check\outputs\random1200_null_random1200_seed2\23_80_lst044_typical_frozen_polybeam_smooth_S30_multi.npz,9.10175923472585,9444.443085672718,1.7798436919007438e-05,140609741.2109375,False,False,False,False,False,False,False,False,False,False,False,False
23_80,207.2758462936688,long,typical,44,2461041.8055555555,2461041.8123785085,frozen_polybeam,smooth,1000.0,single,coherent_ab,3,2,1,55537,79.468,0.167023689516129,8.145571291565058e-08,0.2419547912000571,0,3,3,3,0.0,0.2419547912000571,0.0,0.7241364102878726,8.145571291565058e-08,2970384.55056685,1.244673850166643,1.244673850166643,0.004814741521249582,False,20267211,100,-0.08244793307247078,-0.3172089302485626,0.5544554455445545,0.6138613861386139,10.447938507928484,1426.1748600578183,10.604808637928727,12.893094257164103,13.078243170988817,1441.9540147712682,1486.7734733777247,1487.2669611342142,1.2833245077235915,0.8260262084579765,0.7979227247030363,1426.1748600578183,-24.0754974066541,1566056.4445053064,0.0009106790914604137,1239,0.06467656072644712,-1.445965571882522,1.4440828042107998,-4095.9999999999995,4090.666666666666,C:\Users\kimeu\Downloads\starlink_pathB_wsl_package_v0_3_clean\starlink_pathB\paper_final_experiment_check\outputs\random1200_null_random1200_seed2\23_80_lst044_typical_frozen_polybeam_smooth_S1000_single.npz,9.10175923472585,9444.443085672718,1.7798436919007438e-05,140609741.2109375,False,False,False,False,False,False,False,False,False,False,False,False
23_80,207.2758462936688,long,typical,44,2461041.8055555555,2461041.8123785085,frozen_polybeam,smooth,1000.0,multi,coherent_ab,3,2,2,55537;57422,79.468;75.727,0.167023689516129,8.145571291565058e-08,0.2419547912000571,0,3,3,3,0.0,0.2419547912000571,0.0,0.7241364102878726,8.145571291565058e-08,2970384.55056685,1.9028492025178452,1.244673850166643,0.010017129025696441,False,20267228,100,0.41507318860235637,-0.6971988078005827,0.38613861386138615,0.7722772277227723,12.703877994261347,1912.7379123257515,11.86917973529944,16.43234212025518,17.22383409587501,2040.0274087209477,2215.5472301873756,2225.378829710036,1.3563782920230096,1.8491003163327635,1.2535750311264933,1912.7379123257515,-229.8974210774969,1566056.4445053064,0.00122137226856466,1239,0.06467656072644712,-1.445965571882522,1.4440828042107998,-4095.9999999999995,4090.666666666666,C:\Users\kimeu\Downloads\starlink_pathB_wsl_package_v0_3_clean\starlink_pathB\paper_final_experiment_check\outputs\random1200_null_random1200_seed2\23_80_lst044_typical_frozen_polybeam_smooth_S1000_multi.npz,9.10175923472585,9444.443085672718,1.7798436919007438e-05,140609741.2109375,False,False,False,False,False,False,False,False,False,False,False,False
23_80,207.2758462936688,long,typical,44,2461041.8055555555,2461041.8123785085,frozen_polybeam,lines,30.0,single,coherent_ab,3,2,1,55537,79.468,0.167023689516129,8.145571291565058e-08,0.2419547912000571,0,3,3,3,0.0,0.2419547912000571,0.0,0.7241364102878726,8.145571291565058e-08,2970384.55056685,0.037337212634694694,0.037337212634694694,0.00014462898965297464,False,20267245,100,-0.05698560299448909,-0.35449473368364515,0.5346534653465347,0.6732673267326733,0.3091469998098546,42.812003440200854,0.3127329674430257,0.38963918836075206,0.39339706066371943,43.34770240854518,44.641217162973,44.64976877422997,0.04244408947624834,1.060045407826654,0.9333033466107777,42.812003440200854,-0.8030446122607047,1566056.4445053064,2.733745874257075e-05,1239,0.06467656072644712,-1.445965571882522,1.4440828042107998,-4095.9999999999995,4090.666666666666,C:\Users\kimeu\Downloads\starlink_pathB_wsl_package_v0_3_clean\starlink_pathB\paper_final_experiment_check\outputs\random1200_null_random1200_seed2\23_80_lst044_typical_frozen_polybeam_lines_S30_single.npz,9.10175923472585,9444.443085672718,1.7798436919007438e-05,140609741.2109375,False,False,False,False,False,False,False,False,False,False,False,False
23_80,207.2758462936688,long,typical,44,2461041.8055555555,2461041.8123785085,frozen_polybeam,lines,30.0,multi,coherent_ab,3,2,2,55537;57422,79.468;75.727,0.167023689516129,8.145571291565058e-08,0.2419547912000571,0,3,3,3,0.0,0.2419547912000571,0.0,0.7241364102878726,8.145571291565058e-08,2970384.55056685,0.057080366782396086,0.037337212634694694,0.00030088164845200815,False,20267262,100,0.19110920927144923,-0.6514560605855712,0.43564356435643564,0.7821782178217822,0.3740148461110948,57.43862282364829,0.3572829647487197,0.4851690006701119,0.5078207574049156,61.132218101000895,66.91318727006428,67.11618527573641,0.05905261923589933,1.8632795086236489,1.1775219713904161,57.43862282364829,-7.069990583907211,1566056.4445053064,3.6677236650810684e-05,1239,0.06467656072644712,-1.445965571882522,1.4440828042107998,-4095.9999999999995,4090.666666666666,C:\Users\kimeu\Downloads\starlink_pathB_wsl_package_v0_3_clean\starlink_pathB\paper_final_experiment_check\outputs\random1200_null_random1200_seed2\23_80_lst044_typical_frozen_polybeam_lines_S30_multi.npz,9.10175923472585,9444.443085672718,1.7798436919007438e-05,140609741.2109375,False,False,False,False,False,False,False,False,False,False,False,False
23_80,207.2758462936688,long,typical,44,2461041.8055555555,2461041.8123785085,frozen_polybeam,lines,1000.0,single,coherent_ab,3,2,1,55537,79.468,0.167023689516129,8.145571291565058e-08,0.2419547912000571,0,3,3,3,0.0,0.2419547912000571,0.0,0.7241364102878726,8.145571291565058e-08,2970384.55056685,1.2445737544898232,1.2445737544898232,0.0048209663217658235,False,20267279,100,-0.4939759858919284,-1.0951608135568784,0.594059405940594,0.7128712871287128,10.305217402935341,1426.9930487774118,11.184948900187464,13.010250715565826,13.138586572738285,1462.240286189115,1487.4642958296322,1487.867150022895,1.201213789058329,1.0253019302755844,0.9719515503929094,1426.9930487774118,-25.350633711102667,1566056.4445053064,0.0009112015430760398,1239,0.06467656072644712,-1.445965571882522,1.4440828042107998,-4095.9999999999995,4090.666666666666,C:\Users\kimeu\Downloads\starlink_pathB_wsl_package_v0_3_clean\starlink_pathB\paper_final_experiment_check\outputs\random1200_null_random1200_seed2\23_80_lst044_typical_frozen_polybeam_lines_S1000_single.npz,9.10175923472585,9444.443085672718,1.7798436919007438e-05,140609741.2109375,False,False,False,False,False,False,False,False,False,False,False,False
23_80,207.2758462936688,long,typical,44,2461041.8055555555,2461041.8123785085,frozen_polybeam,lines,1000.0,multi,coherent_ab,3,2,2,55537;57422,79.468;75.727,0.167023689516129,8.145571291565058e-08,0.2419547912000571,0,3,3,3,0.0,0.2419547912000571,0.0,0.7241364102878726,8.145571291565058e-08,2970384.55056685,1.9026788927465366,1.2445737544898232,0.010029388281733607,False,20267296,100,0.41613221312848614,-0.7552539114655439,0.37623762376237624,0.7722772277227723,12.468842112903076,1914.3137403140513,11.5739028327107,15.916699044371125,17.164790249027273,2054.623800184779,2235.7616989191015,2261.2898434799304,1.4505684869823199,2.2724862524457983,1.5554980386774708,1914.3137403140513,-231.7006668649991,1566056.4445053064,0.001222378508150614,1239,0.06467656072644712,-1.445965571882522,1.4440828042107998,-4095.9999999999995,4090.666666666666,C:\Users\kimeu\Downloads\starlink_pathB_wsl_package_v0_3_clean\starlink_pathB\paper_final_experiment_check\outputs\random1200_null_random1200_seed2\23_80_lst044_typical_frozen_polybeam_lines_S1000_multi.npz,9.10175923472585,9444.443085672718,1.7798436919007438e-05,140609741.2109375,False,False,False,False,False,False,False,False,False,False,False,False
23_80,207.2758462936688,long,typical,44,2461041.8055555555,2461041.8123785085,frozen_polybeam,khz_comb,30.0,single,coherent_ab,3,2,1,55537,79.468,0.167023689516129,8.145571291565058e-08,0.2419547912000571,0,3,3,3,0.0,0.2419547912000571,0.0,0.7241364102878726,8.145571291565058e-08,2970384.55056685,0.03325280411989409,0.03325280411989409,0.0001302108604219333,False,20267313,100,-0.009640496929209352,-0.6643865229360879,0.504950495049505,0.7524752475247525,0.29228686611531884,41.30254282655028,0.2930054372163795,0.37029021514717897,0.37120205796939443,42.05444747686852,43.08300019433962,43.1067233126427,0.05027433453392405,1.1929844074204838,1.0620213002571888,41.30254282655028,-0.5024080223230669,1566056.4445053064,2.6373597817285014e-05,1239,0.06467656072644712,-1.445965571882522,1.4440828042107998,-4095.9999999999995,4090.666666666666,C:\Users\kimeu\Downloads\starlink_pathB_wsl_package_v0_3_clean\starlink_pathB\paper_final_experiment_check\outputs\random1200_null_random1200_seed2\23_80_lst044_typical_frozen_polybeam_khz_comb_S30_single.npz,9.10175923472585,9444.443085672718,1.7798436919007438e-05,140609741.2109375,False,False,False,False,False,False,False,False,False,False,False,False
23_80,207.2758462936688,long,typical,44,2461041.8055555555,2461041.8123785085,frozen_polybeam,khz_comb,30.0,multi,coherent_ab,3,2,2,55537;57422,79.468;75.727,0.167023689516129,8.145571291565058e-08,0.2419547912000571,0,3,3,3,0.0,0.2419547912000571,0.0,0.7241364102878726,8.145571291565058e-08,2970384.55056685,0.0510584232789718,0.03325280411989409,0.000270434440678536,False,20267330,100,0.3970390424879539,-0.6362701696710822,0.3564356435643564,0.7326732673267327,0.390099059424756,54.740558166906226,0.3567382224537141,0.4542126866233047,0.4884469256942521,58.16595823672156,63.32772370206858,63.54125299073004,0.05667345993072104,1.8587067981920262,1.3194819556745494,54.740558166906226,-6.59612177379069,1566056.4445053064,3.495439666875988e-05,1239,0.06467656072644712,-1.445965571882522,1.4440828042107998,-4095.9999999999995,4090.666666666666,C:\Users\kimeu\Downloads\starlink_pathB_wsl_package_v0_3_clean\starlink_pathB\paper_final_experiment_check\outputs\random1200_null_random1200_seed2\23_80_lst044_typical_frozen_polybeam_khz_comb_S30_multi.npz,9.10175923472585,9444.443085672718,1.7798436919007438e-05,140609741.2109375,False,False,False,False,False,False,False,False,False,False,False,False
23_80,207.2758462936688,long,typical,44,2461041.8055555555,2461041.8123785085,frozen_polybeam,khz_comb,1000.0,single,coherent_ab,3,2,1,55537,79.468,0.167023689516129,8.145571291565058e-08,0.2419547912000571,0,3,3,3,0.0,0.2419547912000571,0.0,0.7241364102878726,8.145571291565058e-08,2970384.55056685,1.1084268039964698,1.1084268039964698,0.004340362014064444,False,20267347,100,-0.052052751600919295,-0.7433859141075078,0.5247524752475248,0.6831683168316832,9.74450905590129,1376.644398597879,9.880744010245962,12.384819099454807,12.387773106330242,1402.7550551204138,1436.5458103933947,1437.8144124977227,1.7653095176927138,1.11260104816742,1.0055167927672146,1376.644398597879,-15.44820849186416,1566056.4445053064,0.0008790515842695186,1239,0.06467656072644712,-1.445965571882522,1.4440828042107998,-4095.9999999999995,4090.666666666666,C:\Users\kimeu\Downloads\starlink_pathB_wsl_package_v0_3_clean\starlink_pathB\paper_final_experiment_check\outputs\random1200_null_random1200_seed2\23_80_lst044_typical_frozen_polybeam_khz_comb_S1000_single.npz,9.10175923472585,9444.443085672718,1.7798436919007438e-05,140609741.2109375,False,False,False,False,False,False,False,False,False,False,False,False
23_80,207.2758462936688,long,typical,44,2461041.8055555555,2461041.8123785085,frozen_polybeam,khz_comb,1000.0,multi,coherent_ab,3,2,2,55537;57422,79.468;75.727,0.167023689516129,8.145571291565058e-08,0.2419547912000571,0,3,3,3,0.0,0.2419547912000571,0.0,0.7241364102878726,8.145571291565058e-08,2970384.55056685,1.7019474426323935,1.1084268039964698,0.009014481355951199,False,20267364,100,0.6041144515607826,-0.918592762673716,0.3069306930693069,0.7623762376237624,13.007583292314848,1824.4323000011527,11.59517019771556,15.139711170122109,15.45253072307059,1977.0567477334116,2109.9019057972496,2117.8759990881613,1.5769521460870237,2.3934006659076346,1.4899758331705724,1824.4323000011527,-216.2236094742771,1566056.4445053064,0.0011649850210714871,1239,0.06467656072644712,-1.445965571882522,1.4440828042107998,-4095.9999999999995,4090.666666666666,C:\Users\kimeu\Downloads\starlink_pathB_wsl_package_v0_3_clean\starlink_pathB\paper_final_experiment_check\outputs\random1200_null_random1200_seed2\23_80_lst044_typical_frozen_polybeam_khz_comb_S1000_multi.npz,9.10175923472585,9444.443085672718,1.7798436919007438e-05,140609741.2109375,False,False,False,False,False,False,False,False,False,False,False,False
23_80,207.2758462936688,long,typical,44,2461041.8055555555,2461041.8123785085,full_polybeam,smooth,30.0,single,coherent_ab,3,2,1,55537,79.468,0.167023689516129,8.145571291565058e-08,0.2419547912000571,0,3,3,3,0.0,0.2419547912000571,0.0,0.7241364102878726,8.145571291565058e-08,2970384.55056685,0.13081716907261864,0.13081716907261864,0.0003488010764908848,False,20267381,100,0.09375604658417759,-2.18080389136175,0.43564356435643564,0.9702970297029703,1.2437138471686922,183.42212820473475,1.232846844521987,1.5165714921875406,1.5246883925886323,185.24020863292372,186.87253426671936,186.9394258507606,0.07817834833542747,1.3580145890772375,1.1967844561326166,183.42212820473475,-12.445949331577587,1566056.4445053064,0.00011712357421617394,1239,0.06467656072644712,-1.445965571882522,1.4440828042107998,-4095.9999999999995,4090.666666666666,C:\Users\kimeu\Downloads\starlink_pathB_wsl_package_v0_3_clean\starlink_pathB\paper_final_experiment_check\outputs\random1200_null_random1200_seed2\23_80_lst044_typical_full_polybeam_smooth_S30_single.npz,9.10175923472585,9444.443085672718,1.7798436919007438e-05,140609741.2109375,False,False,False,False,False,False,False,False,False,False,False,False
23_80,207.2758462936688,long,typical,44,2461041.8055555555,2461041.8123785085,full_polybeam,smooth,30.0,multi,coherent_ab,3,2,2,55537;57422,79.468;75.727,0.167023689516129,8.145571291565058e-08,0.2419547912000571,0,3,3,3,0.0,0.2419547912000571,0.0,0.7241364102878726,8.145571291565058e-08,2970384.55056685,0.3397735514205937,0.20895638234797503,0.0007004923911495202,False,20267398,100,-1.5423049984655126,-1.1285104407163218,0.9603960396039604,0.9405940594059405,1.1954545487599262,261.78811090796677,1.4407475278185302,1.7361354268813103,2.0889114087540115,277.14290167791603,290.7011592549948,291.7334209474792,0.10727310610036511,2.2963111563238345,1.407558183631906,261.78811090796677,-21.62383395491063,1566056.4445053064,0.0001671639051239061,1239,0.06467656072644712,-1.445965571882522,1.4440828042107998,-4095.9999999999995,4090.666666666666,C:\Users\kimeu\Downloads\starlink_pathB_wsl_package_v0_3_clean\starlink_pathB\paper_final_experiment_check\outputs\random1200_null_random1200_seed2\23_80_lst044_typical_full_polybeam_smooth_S30_multi.npz,9.10175923472585,9444.443085672718,1.7798436919007438e-05,140609741.2109375,False,False,False,False,False,False,False,False,False,False,False,False
23_80,207.2758462936688,long,typical,44,2461041.8055555555,2461041.8123785085,full_polybeam,smooth,1000.0,single,coherent_ab,3,2,1,55537,79.468,0.167023689516129,8.145571291565058e-08,0.2419547912000571,0,3,3,3,0.0,0.2419547912000571,0.0,0.7241364102878726,8.145571291565058e-08,2970384.55056685,4.360572302420622,4.360572302420622,0.01162670254969616,False,20267415,100,0.05373644745278262,-1.7684740777199868,0.44554455445544555,0.9603960396039604,41.404320683570404,6114.432127470796,41.04088288342132,50.48564164183226,50.785581845787874,6168.356535932451,6223.389223834946,6231.406670959035,4.561809525284616,1.2200180571997934,1.1814731181450744,6114.432127470796,-416.16702677213067,1566056.4445053064,0.00390434977546563,1239,0.06467656072644712,-1.445965571882522,1.4440828042107998,-4095.9999999999995,4090.666666666666,C:\Users\kimeu\Downloads\starlink_pathB_wsl_package_v0_3_clean\starlink_pathB\paper_final_experiment_check\outputs\random1200_null_random1200_seed2\23_80_lst044_typical_full_polybeam_smooth_S1000_single.npz,9.10175923472585,9444.443085672718,1.7798436919007438e-05,140609741.2109375,False,False,False,False,False,False,False,False,False,False,False,False
23_80,207.2758462936688,long,typical,44,2461041.8055555555,2461041.8123785085,full_polybeam,smooth,1000.0,multi,coherent_ab,3,2,2,55537;57422,79.468;75.727,0.167023689516129,8.145571291565058e-08,0.2419547912000571,0,3,3,3,0.0,0.2419547912000571,0.0,0.7241364102878726,8.145571291565058e-08,2970384.55056685,11.325785047353122,6.965212744932499,0.023349746371650673,False,20267432,100,-1.1830939645871543,-1.0898653460627767,0.9504950495049505,0.8910891089108911,39.85867664659531,8725.448752462831,47.442962844475005,62.710023617361365,65.96781153879313,9224.694333862602,9691.517571726241,9730.652924380614,4.323858552926367,2.2844190362648202,1.3535779040735947,8725.448752462831,-708.3403693063233,1566056.4445053064,0.0055716055338088846,1239,0.06467656072644712,-1.445965571882522,1.4440828042107998,-4095.9999999999995,4090.666666666666,C:\Users\kimeu\Downloads\starlink_pathB_wsl_package_v0_3_clean\starlink_pathB\paper_final_experiment_check\outputs\random1200_null_random1200_seed2\23_80_lst044_typical_full_polybeam_smooth_S1000_multi.npz,9.10175923472585,9444.443085672718,1.7798436919007438e-05,140609741.2109375,False,False,False,False,False,False,False,False,False,False,False,False
23_80,207.2758462936688,long,typical,44,2461041.8055555555,2461041.8123785085,full_polybeam,lines,30.0,single,coherent_ab,3,2,1,55537,79.468,0.167023689516129,8.145571291565058e-08,0.2419547912000571,0,3,3,3,0.0,0.2419547912000571,0.0,0.7241364102878726,8.145571291565058e-08,2970384.55056685,0.13081282587943763,0.13081282587943763,0.00034915165782150215,False,20267449,100,0.06172592761258124,-2.3561506019582525,0.42574257425742573,1.0,1.2461596657012706,183.4632923194466,1.2396373280043917,1.5067037884545242,1.5319417082895779,185.2864424078024,186.64915592115466,186.91583260827818,0.07127080429381749,0.8693090053216784,0.8306622547933776,183.4632923194466,-12.519140159637177,1566056.4445053064,0.00011714985942119083,1239,0.06467656072644712,-1.445965571882522,1.4440828042107998,-4095.9999999999995,4090.666666666666,C:\Users\kimeu\Downloads\starlink_pathB_wsl_package_v0_3_clean\starlink_pathB\paper_final_experiment_check\outputs\random1200_null_random1200_seed2\23_80_lst044_typical_full_polybeam_lines_S30_single.npz,9.10175923472585,9444.443085672718,1.7798436919007438e-05,140609741.2109375,False,False,False,False,False,False,False,False,False,False,False,False
23_80,207.2758462936688,long,typical,44,2461041.8055555555,2461041.8123785085,full_polybeam,lines,30.0,multi,coherent_ab,3,2,2,55537;57422,79.468;75.727,0.167023689516129,8.145571291565058e-08,0.2419547912000571,0,3,3,3,0.0,0.2419547912000571,0.0,0.7241364102878726,8.145571291565058e-08,2970384.55056685,0.33973560289823035,0.20892277701879275,0.000701090603759542,False,20267466,100,-1.509655508603073,-1.165160102982457,0.9504950495049505,0.9108910891089109,1.1823649009425026,261.8448962355229,1.4310295533887256,1.9402027910662576,2.1879342176780665,276.9836679403214,290.7645083607184,291.15072198267904,0.11109952524111577,2.5341863822949544,1.232367917740853,261.8448962355229,-21.719528035708013,1566056.4445053064,0.00016720016520109258,1239,0.06467656072644712,-1.445965571882522,1.4440828042107998,-4095.9999999999995,4090.666666666666,C:\Users\kimeu\Downloads\starlink_pathB_wsl_package_v0_3_clean\starlink_pathB\paper_final_experiment_check\outputs\random1200_null_random1200_seed2\23_80_lst044_typical_full_polybeam_lines_S30_multi.npz,9.10175923472585,9444.443085672718,1.7798436919007438e-05,140609741.2109375,False,False,False,False,False,False,False,False,False,False,False,False
23_80,207.2758462936688,long,typical,44,2461041.8055555555,2461041.8123785085,full_polybeam,lines,1000.0,single,coherent_ab,3,2,1,55537,79.468,0.167023689516129,8.145571291565058e-08,0.2419547912000571,0,3,3,3,0.0,0.2419547912000571,0.0,0.7241364102878726,8.145571291565058e-08,2970384.55056685,4.360427529314588,4.360427529314588,0.011638388594050073,False,20267483,100,0.21824013394472508,-1.9684238365409938,0.43564356435643564,1.0,41.48432738599877,6115.644271078303,40.74023920106083,50.70794084674526,50.97347331096831,6169.504976499953,6221.257400466838,6230.582135042304,2.2996714486230303,1.1247184142411102,1.0221112761478008,6115.644271078303,-418.6670295923502,1566056.4445053064,0.003905123785630947,1239,0.06467656072644712,-1.445965571882522,1.4440828042107998,-4095.9999999999995,4090.666666666666,C:\Users\kimeu\Downloads\starlink_pathB_wsl_package_v0_3_clean\starlink_pathB\paper_final_experiment_check\outputs\random1200_null_random1200_seed2\23_80_lst044_typical_full_polybeam_lines_S1000_single.npz,9.10175923472585,9444.443085672718,1.7798436919007438e-05,140609741.2109375,False,False,False,False,False,False,False,False,False,False,False,False
23_80,207.2758462936688,long,typical,44,2461041.8055555555,2461041.8123785085,full_polybeam,lines,1000.0,multi,coherent_ab,3,2,2,55537;57422,79.468;75.727,0.167023689516129,8.145571291565058e-08,0.2419547912000571,0,3,3,3,0.0,0.2419547912000571,0.0,0.7241364102878726,8.145571291565058e-08,2970384.55056685,11.32452009660768,6.964092567293092,0.023369686791984735,False,20267500,100,-1.3400044127556399,-1.0915366491032679,0.9900990099009901,0.8613861386138614,39.420270033597035,8727.318458322377,46.94400613174571,63.97714303632474,69.40981784104194,9259.308485272604,9679.376454876669,9729.181271870157,3.7870699727816373,2.2142762819171495,1.3207349454395068,8727.318458322377,-711.6005857640309,1566056.4445053064,0.005572799428106952,1239,0.06467656072644712,-1.445965571882522,1.4440828042107998,-4095.9999999999995,4090.666666666666,C:\Users\kimeu\Downloads\starlink_pathB_wsl_package_v0_3_clean\starlink_pathB\paper_final_experiment_check\outputs\random1200_null_random1200_seed2\23_80_lst044_typical_full_polybeam_lines_S1000_multi.npz,9.10175923472585,9444.443085672718,1.7798436919007438e-05,140609741.2109375,False,False,False,False,False,False,False,False,False,False,False,False
23_80,207.2758462936688,long,typical,44,2461041.8055555555,2461041.8123785085,full_polybeam,khz_comb,30.0,single,coherent_ab,3,2,1,55537,79.468,0.167023689516129,8.145571291565058e-08,0.2419547912000571,0,3,3,3,0.0,0.2419547912000571,0.0,0.7241364102878726,8.145571291565058e-08,2970384.55056685,0.10765611700757462,0.10765611700757462,0.000295758587472182,False,20267517,100,0.17066327121422484,-2.0750094640286383,0.4158415841584158,0.9207920792079208,1.0439003890751337,151.39508587330974,1.029624956112798,1.234411895760968,1.256178849016851,153.0799936403291,154.53043951036562,154.6693858982911,0.05641897962061648,0.8297283847272613,0.7649171758440888,151.39508587330974,-10.601477063086069,1566056.4445053064,9.66728155964603e-05,1239,0.06467656072644712,-1.445965571882522,1.4440828042107998,-4095.9999999999995,4090.666666666666,C:\Users\kimeu\Downloads\starlink_pathB_wsl_package_v0_3_clean\starlink_pathB\paper_final_experiment_check\outputs\random1200_null_random1200_seed2\23_80_lst044_typical_full_polybeam_khz_comb_S30_single.npz,9.10175923472585,9444.443085672718,1.7798436919007438e-05,140609741.2109375,False,False,False,False,False,False,False,False,False,False,False,False
23_80,207.2758462936688,long,typical,44,2461041.8055555555,2461041.8123785085,full_polybeam,khz_comb,30.0,multi,coherent_ab,3,2,2,55537;57422,79.468;75.727,0.167023689516129,8.145571291565058e-08,0.2419547912000571,0,3,3,3,0.0,0.2419547912000571,0.0,0.7241364102878726,8.145571291565058e-08,2970384.55056685,0.27959502878532294,0.1719389117777483,0.0005978961719920965,False,20267534,100,-1.292465028748608,-1.2737223869295686,0.9504950495049505,0.8910891089108911,0.9810028900626548,216.3900752047728,1.184671030017853,1.6387316622734942,1.791199310323791,230.69818324905353,240.6840504186571,241.344056238272,0.10628703705242515,2.3113003267572547,1.4640990139812875,216.3900752047728,-19.197563035011836,1566056.4445053064,0.00013817514430211177,1239,0.06467656072644712,-1.445965571882522,1.4440828042107998,-4095.9999999999995,4090.666666666666,C:\Users\kimeu\Downloads\starlink_pathB_wsl_package_v0_3_clean\starlink_pathB\paper_final_experiment_check\outputs\random1200_null_random1200_seed2\23_80_lst044_typical_full_polybeam_khz_comb_S30_multi.npz,9.10175923472585,9444.443085672718,1.7798436919007438e-05,140609741.2109375,False,False,False,False,False,False,False,False,False,False,False,False
23_80,207.2758462936688,long,typical,44,2461041.8055555555,2461041.8123785085,full_polybeam,khz_comb,1000.0,single,coherent_ab,3,2,1,55537,79.468,0.167023689516129,8.145571291565058e-08,0.2419547912000571,0,3,3,3,0.0,0.2419547912000571,0.0,0.7241364102878726,8.145571291565058e-08,2970384.55056685,3.5885372335858214,3.5885372335858214,0.009858619582406065,False,20267551,100,0.10505905534549348,-2.0249200274887964,0.4752475247524752,0.9504950495049505,34.759993358657084,5046.727389629323,34.35242814575918,41.72861074047596,41.886172472339055,5102.353539843205,5154.286912332684,5156.348661378553,2.616613761467079,1.4108626798358097,1.2594033513535552,5046.727389629323,-354.1200577461183,1566056.4445053064,0.003222570557617103,1239,0.06467656072644712,-1.445965571882522,1.4440828042107998,-4095.9999999999995,4090.666666666666,C:\Users\kimeu\Downloads\starlink_pathB_wsl_package_v0_3_clean\starlink_pathB\paper_final_experiment_check\outputs\random1200_null_random1200_seed2\23_80_lst044_typical_full_polybeam_khz_comb_S1000_single.npz,9.10175923472585,9444.443085672718,1.7798436919007438e-05,140609741.2109375,False,False,False,False,False,False,False,False,False,False,False,False
23_80,207.2758462936688,long,typical,44,2461041.8055555555,2461041.8123785085,full_polybeam,khz_comb,1000.0,multi,coherent_ab,3,2,2,55537;57422,79.468;75.727,0.167023689516129,8.145571291565058e-08,0.2419547912000571,0,3,3,3,0.0,0.2419547912000571,0.0,0.7241364102878726,8.145571291565058e-08,2970384.55056685,9.319834292844098,5.731297059258276,0.01992987239973655,False,20267568,100,-1.1349759710426335,-1.185532144379825,0.9801980198019802,0.9207920792079208,32.70993535843127,7212.537612224477,40.07681060329833,54.822706458552965,60.30111456799276,7654.70800892544,7991.873694377087,8025.428673219126,4.377968702117187,2.3104595966062984,1.3312868881615616,7212.537612224477,-630.4740470531628,1566056.4445053064,0.004605541286542075,1239,0.06467656072644712,-1.445965571882522,1.4440828042107998,-4095.9999999999995,4090.666666666666,C:\Users\kimeu\Downloads\starlink_pathB_wsl_package_v0_3_clean\starlink_pathB\paper_final_experiment_check\outputs\random1200_null_random1200_seed2\23_80_lst044_typical_full_polybeam_khz_comb_S1000_multi.npz,9.10175923472585,9444.443085672718,1.7798436919007438e-05,140609741.2109375,False,False,False,False,False,False,False,False,False,False,False,False
23_80,207.2758462936688,long,stress,0,2461041.5,2461041.506822953,frozen_polybeam,smooth,30.0,single,coherent_ab,4,3,1,53976,86.545,0.2671055947580645,0.0001112423478926,0.5502745938468236,1,4,4,4,0.3308758856684498,0.5502745938468236,0.3308758856684498,0.7280464634021924,0.0001112423478926,4946.628727918531,0.39423830004968546,0.39423830004968546,0.00045771615044865304,False,20267541,100,1.057174117100908,0.4621236256931321,0.18811881188118812,0.33663366336633666,2.1082090924610384,483.157535073769,1.8791266901253039,2.5479416801815207,2.5564891055839873,473.95764728151124,495.7204649728481,495.9540769385402,0.14615753548514476,1.1583551122444053,1.0426798177143344,483.157535073769,134.4224023437581,8696461.184763726,5.555794763049884e-05,1239,0.06467656072644712,-1.445965571882522,1.4440828042107998,-4095.9999999999995,4090.666666666666,C:\Users\kimeu\Downloads\starlink_pathB_wsl_package_v0_3_clean\starlink_pathB\paper_final_experiment_check\outputs\random1200_null_random1200_seed2\23_80_lst000_stress_frozen_polybeam_smooth_S30_single.npz,9.10175923472585,9444.443085672718,1.7798436919007438e-05,140609741.2109375,False,False,False,False,False,False,False,False,False,False,False,False
23_80,207.2758462936688,long,stress,0,2461041.5,2461041.506822953,frozen_polybeam,smooth,30.0,multi,coherent_ab,4,3,3,53976;54093;56109,86.545;85.567;70.536,0.2671055947580645,0.0001112423478926,0.5502745938468236,1,4,4,4,0.3308758856684498,0.5502745938468236,0.3308758856684498,0.7280464634021924,0.0001112423478926,4946.628727918531,0.8725823047734793,0.47504148893360437,0.0013619919622262148,False,20267558,100,0.35559269852647946,-0.5524628470517566,0.33663366336633666,0.7029702970297029,8.584962221455498,1734.990714365942,8.379771873108439,9.56654465985739,9.890015163374738,1761.130581219512,1851.6185456851522,1870.4678414974808,0.3892065120217012,2.1639787965575104,1.2322819966474996,1734.990714365942,398.8480365381178,8696461.184763726,0.00019950537092095123,1239,0.06467656072644712,-1.445965571882522,1.4440828042107998,-4095.9999999999995,4090.666666666666,C:\Users\kimeu\Downloads\starlink_pathB_wsl_package_v0_3_clean\starlink_pathB\paper_final_experiment_check\outputs\random1200_null_random1200_seed2\23_80_lst000_stress_frozen_polybeam_smooth_S30_multi.npz,9.10175923472585,9444.443085672718,1.7798436919007438e-05,140609741.2109375,False,False,False,False,False,False,False,False,False,False,False,False
23_80,207.2758462936688,long,stress,0,2461041.5,2461041.506822953,frozen_polybeam,smooth,1000.0,single,coherent_ab,4,3,1,53976,86.545,0.2671055947580645,0.0001112423478926,0.5502745938468236,1,4,4,4,0.3308758856684498,0.5502745938468236,0.3308758856684498,0.7280464634021924,0.0001112423478926,4946.628727918531,13.141276668322849,13.141276668322849,0.0152572050149551,False,20267575,100,0.954182972423818,0.36329599375642224,0.27722772277227725,0.36633663366336633,70.83342196271224,16183.608645279797,63.36800297152058,85.65422972683874,86.0088213845247,15926.292224659803,16593.641775561635,16620.99509180098,5.277138945782099,1.009733903905013,0.924024549477165,16183.608645279797,4754.254739428832,8696461.184763726,0.0018609418591591736,1239,0.06467656072644712,-1.445965571882522,1.4440828042107998,-4095.9999999999995,4090.666666666666,C:\Users\kimeu\Downloads\starlink_pathB_wsl_package_v0_3_clean\starlink_pathB\paper_final_experiment_check\outputs\random1200_null_random1200_seed2\23_80_lst000_stress_frozen_polybeam_smooth_S1000_single.npz,9.10175923472585,9444.443085672718,1.7798436919007438e-05,140609741.2109375,False,False,False,False,False,False,False,False,False,False,False,False
23_80,207.2758462936688,long,stress,0,2461041.5,2461041.506822953,frozen_polybeam,smooth,1000.0,multi,coherent_ab,4,3,3,53976;54093;56109,86.545;85.567;70.536,0.2671055947580645,0.0001112423478926,0.5502745938468236,1,4,4,4,0.3308758856684498,0.5502745938468236,0.3308758856684498,0.7280464634021924,0.0001112423478926,4946.628727918531,29.08607682578264,15.834716297786809,0.04539973207420716,False,20267592,100,0.1667310697214694,-0.547351252306686,0.36633663366336633,0.7623762376237624,284.3450660655908,57814.31045948253,281.3308019994006,317.3708629060822,333.1332931663978,58509.97379897432,61824.20254634031,62129.45043766042,12.193847629383072,2.004842797209542,1.1674548911559948,57814.31045948253,12925.592835357242,8696461.184763726,0.006648027195334775,1239,0.06467656072644712,-1.445965571882522,1.4440828042107998,-4095.9999999999995,4090.666666666666,C:\Users\kimeu\Downloads\starlink_pathB_wsl_package_v0_3_clean\starlink_pathB\paper_final_experiment_check\outputs\random1200_null_random1200_seed2\23_80_lst000_stress_frozen_polybeam_smooth_S1000_multi.npz,9.10175923472585,9444.443085672718,1.7798436919007438e-05,140609741.2109375,False,False,False,False,False,False,False,False,False,False,False,False
23_80,207.2758462936688,long,stress,0,2461041.5,2461041.506822953,frozen_polybeam,lines,30.0,single,coherent_ab,4,3,1,53976,86.545,0.2671055947580645,0.0001112423478926,0.5502745938468236,1,4,4,4,0.3308758856684498,0.5502745938468236,0.3308758856684498,0.7280464634021924,0.0001112423478926,4946.628727918531,0.39419624273904325,0.39419624273904325,0.00045839303762980723,False,20267609,100,0.2784894358430115,0.16999354849650766,0.38613861386138615,0.46534653465346537,2.017562511966389,482.8644328089542,1.961630620087817,2.4270444743764528,2.4517647053838845,479.53554322507784,496.17390250441935,496.36363388685214,0.13546490235057718,1.1026854402389972,1.0552497605526785,482.8644328089542,134.45755486873998,8696461.184763726,5.5524244005703926e-05,1239,0.06467656072644712,-1.445965571882522,1.4440828042107998,-4095.9999999999995,4090.666666666666,C:\Users\kimeu\Downloads\starlink_pathB_wsl_package_v0_3_clean\starlink_pathB\paper_final_experiment_check\outputs\random1200_null_random1200_seed2\23_80_lst000_stress_frozen_polybeam_lines_S30_single.npz,9.10175923472585,9444.443085672718,1.7798436919007438e-05,140609741.2109375,False,False,False,False,False,False,False,False,False,False,False,False
23_80,207.2758462936688,long,stress,0,2461041.5,2461041.506822953,frozen_polybeam,lines,30.0,multi,coherent_ab,4,3,3,53976;54093;56109,86.545;85.567;70.536,0.2671055947580645,0.0001112423478926,0.5502745938468236,1,4,4,4,0.3308758856684498,0.5502745938468236,0.3308758856684498,0.7280464634021924,0.0001112423478926,4946.628727918531,0.8725266567250355,0.47502800784092175,0.0013632907584138002,False,20267626,100,0.11977043577014915,-0.42476902888410645,0.46534653465346537,0.6237623762376238,8.447478317288187,1733.4139074457094,8.393921887999568,9.077059632943746,9.796839068640075,1756.0155539901566,1852.952394897094,1872.500082039661,0.3016046191487476,1.6206153030036996,1.2420364340590373,1733.4139074457094,398.9427066329374,8696461.184763726,0.00019932405499407797,1239,0.06467656072644712,-1.445965571882522,1.4440828042107998,-4095.9999999999995,4090.666666666666,C:\Users\kimeu\Downloads\starlink_pathB_wsl_package_v0_3_clean\starlink_pathB\paper_final_experiment_check\outputs\random1200_null_random1200_seed2\23_80_lst000_stress_frozen_polybeam_lines_S30_multi.npz,9.10175923472585,9444.443085672718,1.7798436919007438e-05,140609741.2109375,False,False,False,False,False,False,False,False,False,False,False,False
23_80,207.2758462936688,long,stress,0,2461041.5,2461041.506822953,frozen_polybeam,lines,1000.0,single,coherent_ab,4,3,1,53976,86.545,0.2671055947580645,0.0001112423478926,0.5502745938468236,1,4,4,4,0.3308758856684498,0.5502745938468236,0.3308758856684498,0.7280464634021924,0.0001112423478926,4946.628727918531,13.139874757968109,13.139874757968109,0.015279767920993573,False,20267643,100,0.35692804982224463,0.16983547336602114,0.37623762376237624,0.45544554455445546,67.73654667653318,16175.600821212072,65.83005066839087,81.02101433594616,82.16741868796467,16078.474103472992,16586.3458856272,16628.699166649825,3.6027259306501946,1.0231700947274665,0.9376656513333809,16175.600821212072,4755.165792922593,8696461.184763726,0.001860021045060474,1239,0.06467656072644712,-1.445965571882522,1.4440828042107998,-4095.9999999999995,4090.666666666666,C:\Users\kimeu\Downloads\starlink_pathB_wsl_package_v0_3_clean\starlink_pathB\paper_final_experiment_check\outputs\random1200_null_random1200_seed2\23_80_lst000_stress_frozen_polybeam_lines_S1000_single.npz,9.10175923472585,9444.443085672718,1.7798436919007438e-05,140609741.2109375,False,False,False,False,False,False,False,False,False,False,False,False
23_80,207.2758462936688,long,stress,0,2461041.5,2461041.506822953,frozen_polybeam,lines,1000.0,multi,coherent_ab,4,3,3,53976;54093;56109,86.545;85.567;70.536,0.2671055947580645,0.0001112423478926,0.5502745938468236,1,4,4,4,0.3308758856684498,0.5502745938468236,0.3308758856684498,0.7280464634021924,0.0001112423478926,4946.628727918531,29.084221890834517,15.834266928030724,0.04544302528046001,False,20267660,100,-0.024917396691765393,-0.9896727627040001,0.5247524752475248,0.8217821782178217,279.8555474769296,57760.01580667335,280.41528741845786,315.60817585351106,331.24094755820755,59253.57514423901,62155.19209043316,62570.06891098747,15.151639753584732,2.4022961966895338,1.5789409156160663,57760.01580667335,12928.942071899297,8696461.184763726,0.006641783891115318,1239,0.06467656072644712,-1.445965571882522,1.4440828042107998,-4095.9999999999995,4090.666666666666,C:\Users\kimeu\Downloads\starlink_pathB_wsl_package_v0_3_clean\starlink_pathB\paper_final_experiment_check\outputs\random1200_null_random1200_seed2\23_80_lst000_stress_frozen_polybeam_lines_S1000_multi.npz,9.10175923472585,9444.443085672718,1.7798436919007438e-05,140609741.2109375,False,False,False,False,False,False,False,False,False,False,False,False
23_80,207.2758462936688,long,stress,0,2461041.5,2461041.506822953,frozen_polybeam,khz_comb,30.0,single,coherent_ab,4,3,1,53976,86.545,0.2671055947580645,0.0001112423478926,0.5502745938468236,1,4,4,4,0.3308758856684498,0.5502745938468236,0.3308758856684498,0.7280464634021924,0.0001112423478926,4946.628727918531,0.3244149535564117,0.3244149535564117,0.0004069144167830978,False,20267677,100,0.514609115418849,0.12342449086086334,0.3465346534653465,0.44554455445544555,2.0510190959557804,467.2794900094916,1.9245992287324043,2.6111281160844557,2.629783176978999,464.2953996736266,488.04339012731845,488.34243117582037,0.16569670008084358,1.20419039564731,1.0648310645532997,467.2794900094916,118.00860366410416,8696461.184763726,5.373214231418284e-05,1239,0.06467656072644712,-1.445965571882522,1.4440828042107998,-4095.9999999999995,4090.666666666666,C:\Users\kimeu\Downloads\starlink_pathB_wsl_package_v0_3_clean\starlink_pathB\paper_final_experiment_check\outputs\random1200_null_random1200_seed2\23_80_lst000_stress_frozen_polybeam_khz_comb_S30_single.npz,9.10175923472585,9444.443085672718,1.7798436919007438e-05,140609741.2109375,False,False,False,False,False,False,False,False,False,False,False,False
23_80,207.2758462936688,long,stress,0,2461041.5,2461041.506822953,frozen_polybeam,khz_comb,30.0,multi,coherent_ab,4,3,3,53976;54093;56109,86.545;85.567;70.536,0.2671055947580645,0.0001112423478926,0.5502745938468236,1,4,4,4,0.3308758856684498,0.5502745938468236,0.3308758856684498,0.7280464634021924,0.0001112423478926,4946.628727918531,0.7180705043035354,0.3909377421532789,0.0012159799110119406,False,20267694,100,0.2985172385246566,-0.6134802949951303,0.42574257425742573,0.7128712871287128,7.345541619044525,1528.2322474358368,7.213842679416302,8.22410718074841,8.392998979507574,1558.3803780246494,1654.118069145438,1661.2212562506866,0.29756980953970924,2.2147776442678015,1.4959116890739856,1528.2322474358368,351.790943892576,8696461.184763726,0.00017573035916187526,1239,0.06467656072644712,-1.445965571882522,1.4440828042107998,-4095.9999999999995,4090.666666666666,C:\Users\kimeu\Downloads\starlink_pathB_wsl_package_v0_3_clean\starlink_pathB\paper_final_experiment_check\outputs\random1200_null_random1200_seed2\23_80_lst000_stress_frozen_polybeam_khz_comb_S30_multi.npz,9.10175923472585,9444.443085672718,1.7798436919007438e-05,140609741.2109375,False,False,False,False,False,False,False,False,False,False,False,False
23_80,207.2758462936688,long,stress,0,2461041.5,2461041.506822953,frozen_polybeam,khz_comb,1000.0,single,coherent_ab,4,3,1,53976,86.545,0.2671055947580645,0.0001112423478926,0.5502745938468236,1,4,4,4,0.3308758856684498,0.5502745938468236,0.3308758856684498,0.7280464634021924,0.0001112423478926,4946.628727918531,10.813831785213724,10.813831785213724,0.013563813892769932,False,20267711,100,0.5014550260335241,-0.18727301949374697,0.42574257425742573,0.5544554455445545,69.02152953520635,15636.86354438449,64.79100311116417,87.88376137351216,88.30350012096831,15750.66282161012,16294.45055536468,16339.408809667351,5.69034276774255,1.0773721890151686,1.0039556906585456,15636.86354438449,4192.36023794961,8696461.184763726,0.0017980720217299893,1239,0.06467656072644712,-1.445965571882522,1.4440828042107998,-4095.9999999999995,4090.666666666666,C:\Users\kimeu\Downloads\starlink_pathB_wsl_package_v0_3_clean\starlink_pathB\paper_final_experiment_check\outputs\random1200_null_random1200_seed2\23_80_lst000_stress_frozen_polybeam_khz_comb_S1000_single.npz,9.10175923472585,9444.443085672718,1.7798436919007438e-05,140609741.2109375,False,False,False,False,False,False,False,False,False,False,False,False
23_80,207.2758462936688,long,stress,0,2461041.5,2461041.506822953,frozen_polybeam,khz_comb,1000.0,multi,coherent_ab,4,3,3,53976;54093;56109,86.545;85.567;70.536,0.2671055947580645,0.0001112423478926,0.5502745938468236,1,4,4,4,0.3308758856684498,0.5502745938468236,0.3308758856684498,0.7280464634021924,0.0001112423478926,4946.628727918531,23.935683476784508,13.03125807177596,0.04053266370039802,False,20267728,100,0.010478960929406136,-0.31074697843485855,0.49504950495049505,0.6039603960396039,243.66807988234586,50918.73820476592,243.5003099025471,268.3081788159744,280.4741536323382,51442.23005490693,54966.58380842186,55227.1806873045,10.798713904381657,1.9209579035884115,1.2090121905067595,50918.73820476592,11510.014564788245,8696461.184763726,0.005855110156068538,1239,0.06467656072644712,-1.445965571882522,1.4440828042107998,-4095.9999999999995,4090.666666666666,C:\Users\kimeu\Downloads\starlink_pathB_wsl_package_v0_3_clean\starlink_pathB\paper_final_experiment_check\outputs\random1200_null_random1200_seed2\23_80_lst000_stress_frozen_polybeam_khz_comb_S1000_multi.npz,9.10175923472585,9444.443085672718,1.7798436919007438e-05,140609741.2109375,False,False,False,False,False,False,False,False,False,False,False,False
23_80,207.2758462936688,long,stress,0,2461041.5,2461041.506822953,full_polybeam,smooth,30.0,single,coherent_ab,4,3,1,53976,86.545,0.2671055947580645,0.0001112423478926,0.5502745938468236,1,4,4,4,0.3308758856684498,0.5502745938468236,0.3308758856684498,0.7280464634021924,0.0001112423478926,4946.628727918531,0.5291392153116274,0.5291392153116274,0.0006071982711115882,False,20267745,100,0.17478095105997268,1.0715547996360577,0.4752475247524752,0.18811881188118812,3.000127446020997,694.0363918018393,2.9162360462642027,3.3985591272534292,3.4435218443040503,674.6067719162481,696.0827909371117,696.9919161423796,0.323742224723901,1.6531300455669666,1.4833511256522796,694.0363918018393,302.1599343083407,8696461.184763726,7.980676013569714e-05,1239,0.06467656072644712,-1.445965571882522,1.4440828042107998,-4095.9999999999995,4090.666666666666,C:\Users\kimeu\Downloads\starlink_pathB_wsl_package_v0_3_clean\starlink_pathB\paper_final_experiment_check\outputs\random1200_null_random1200_seed2\23_80_lst000_stress_full_polybeam_smooth_S30_single.npz,9.10175923472585,9444.443085672718,1.7798436919007438e-05,140609741.2109375,False,False,False,False,False,False,False,False,False,False,False,False
23_80,207.2758462936688,long,stress,0,2461041.5,2461041.506822953,full_polybeam,smooth,30.0,multi,coherent_ab,4,3,3,53976;54093;56109,86.545;85.567;70.536,0.2671055947580645,0.0001112423478926,0.5502745938468236,1,4,4,4,0.3308758856684498,0.5502745938468236,0.3308758856684498,0.7280464634021924,0.0001112423478926,4946.628727918531,1.279304304929544,0.7441999361600872,0.0018761817886156524,False,20267762,100,-0.2740005750710799,0.01574929465945852,0.6435643564356436,0.48514851485148514,12.064636265771696,2700.7466628826105,12.549914874836986,15.037951933003205,15.123620310341286,2699.7319524584764,2797.303960778016,2807.1395453683426,1.1945812066317103,2.765927140827958,1.6839768009113465,2700.7466628826105,734.584743199631,8696461.184763726,0.00031055697317597896,1239,0.06467656072644712,-1.445965571882522,1.4440828042107998,-4095.9999999999995,4090.666666666666,C:\Users\kimeu\Downloads\starlink_pathB_wsl_package_v0_3_clean\starlink_pathB\paper_final_experiment_check\outputs\random1200_null_random1200_seed2\23_80_lst000_stress_full_polybeam_smooth_S30_multi.npz,9.10175923472585,9444.443085672718,1.7798436919007438e-05,140609741.2109375,False,False,False,False,False,False,False,False,False,False,False,False
23_80,207.2758462936688,long,stress,0,2461041.5,2461041.506822953,full_polybeam,smooth,1000.0,single,coherent_ab,4,3,1,53976,86.545,0.2671055947580645,0.0001112423478926,0.5502745938468236,1,4,4,4,0.3308758856684498,0.5502745938468236,0.3308758856684498,0.7280464634021924,0.0001112423478926,4946.628727918531,17.637973843720918,17.637973843720918,0.020239942370386274,False,20267779,100,0.4396348373959354,1.1720307142550452,0.32673267326732675,0.07920792079207921,100.6962825686478,23234.987474845697,95.33787958315952,112.84619154667553,114.30847810766394,22573.63240332182,23269.655293492666,23319.865448504654,8.220898327055693,0.8571619961228745,0.836952767766619,23234.987474845697,10320.510436373315,8696461.184763726,0.0026717749876873586,1239,0.06467656072644712,-1.445965571882522,1.4440828042107998,-4095.9999999999995,4090.666666666666,C:\Users\kimeu\Downloads\starlink_pathB_wsl_package_v0_3_clean\starlink_pathB\paper_final_experiment_check\outputs\random1200_null_random1200_seed2\23_80_lst000_stress_full_polybeam_smooth_S1000_single.npz,9.10175923472585,9444.443085672718,1.7798436919007438e-05,140609741.2109375,False,False,False,False,False,False,False,False,False,False,False,False
23_80,207.2758462936688,long,stress,0,2461041.5,2461041.506822953,full_polybeam,smooth,1000.0,multi,coherent_ab,4,3,3,53976;54093;56109,86.545;85.567;70.536,0.2671055947580645,0.0001112423478926,0.5502745938468236,1,4,4,4,0.3308758856684498,0.5502745938468236,0.3308758856684498,0.7280464634021924,0.0001112423478926,4946.628727918531,42.6434768309848,24.806664538669573,0.06253939295385508,False,20267796,100,-0.20997519571675957,-0.22874807344633663,0.6237623762376238,0.6039603960396039,392.78382888620035,89682.1696156543,406.52131015878876,490.21008711300163,506.4097443710132,90180.00751568525,92512.6544598503,93547.82064368378,44.12808924984893,1.6629929861232549,1.1155252872925463,89682.1696156543,21245.374426601622,8696461.184763726,0.010312490070418324,1239,0.06467656072644712,-1.445965571882522,1.4440828042107998,-4095.9999999999995,4090.666666666666,C:\Users\kimeu\Downloads\starlink_pathB_wsl_package_v0_3_clean\starlink_pathB\paper_final_experiment_check\outputs\random1200_null_random1200_seed2\23_80_lst000_stress_full_polybeam_smooth_S1000_multi.npz,9.10175923472585,9444.443085672718,1.7798436919007438e-05,140609741.2109375,False,False,False,False,False,False,False,False,False,False,False,False
23_80,207.2758462936688,long,stress,0,2461041.5,2461041.506822953,full_polybeam,lines,30.0,single,coherent_ab,4,3,1,53976,86.545,0.2671055947580645,0.0001112423478926,0.5502745938468236,1,4,4,4,0.3308758856684498,0.5502745938468236,0.3308758856684498,0.7280464634021924,0.0001112423478926,4946.628727918531,0.5290966623585935,0.5290966623585935,0.0006080305744981853,False,20267813,100,0.14864430289701722,0.7836996254175997,0.4158415841584158,0.18811881188118812,2.911612381787563,694.5825005273495,2.8673960370069835,3.3492225286961004,3.4061435655441348,679.0615988886768,697.2548709627703,697.4850043350564,0.20063679125996714,1.2139539999549644,1.1234598354242469,694.5825005273495,302.2354286843563,8696461.184763726,7.98695567967651e-05,1239,0.06467656072644712,-1.445965571882522,1.4440828042107998,-4095.9999999999995,4090.666666666666,C:\Users\kimeu\Downloads\starlink_pathB_wsl_package_v0_3_clean\starlink_pathB\paper_final_experiment_check\outputs\random1200_null_random1200_seed2\23_80_lst000_stress_full_polybeam_lines_S30_single.npz,9.10175923472585,9444.443085672718,1.7798436919007438e-05,140609741.2109375,False,False,False,False,False,False,False,False,False,False,False,False
23_80,207.2758462936688,long,stress,0,2461041.5,2461041.506822953,full_polybeam,lines,30.0,multi,coherent_ab,4,3,3,53976;54093;56109,86.545;85.567;70.536,0.2671055947580645,0.0001112423478926,0.5502745938468236,1,4,4,4,0.3308758856684498,0.5502745938468236,0.3308758856684498,0.7280464634021924,0.0001112423478926,4946.628727918531,1.2792311980186257,0.744171350032597,0.0018777943581022736,False,20267830,100,-0.4598481230765043,-0.0645666393593202,0.7326732673267327,0.5346534653465347,11.791967884273618,2699.3968864950193,12.553725938557363,15.000440567321311,15.14561708547859,2704.634235460837,2796.7572296767516,2801.5955387349104,1.117322748071274,2.57999760599227,1.4837591353384822,2699.3968864950193,734.6525471340822,8696461.184763726,0.0003104017633315475,1239,0.06467656072644712,-1.445965571882522,1.4440828042107998,-4095.9999999999995,4090.666666666666,C:\Users\kimeu\Downloads\starlink_pathB_wsl_package_v0_3_clean\starlink_pathB\paper_final_experiment_check\outputs\random1200_null_random1200_seed2\23_80_lst000_stress_full_polybeam_lines_S30_multi.npz,9.10175923472585,9444.443085672718,1.7798436919007438e-05,140609741.2109375,False,False,False,False,False,False,False,False,False,False,False,False
23_80,207.2758462936688,long,stress,0,2461041.5,2461041.506822953,full_polybeam,lines,1000.0,single,coherent_ab,4,3,1,53976,86.545,0.2671055947580645,0.0001112423478926,0.5502745938468236,1,4,4,4,0.3308758856684498,0.5502745938468236,0.3308758856684498,0.7280464634021924,0.0001112423478926,4946.628727918531,17.63655541195312,17.63655541195312,0.020267685816606172,False,20267847,100,0.33595258934888556,1.240523400791985,0.33663366336633666,0.0891089108910891,97.54373401117482,23252.573951372447,94.06814047045918,112.27440018909401,113.67447249413661,22513.715593776862,23313.179565807604,23338.124952399117,6.977936176805997,1.184235572678567,1.081539294232836,23252.573951372447,10322.330744070307,8696461.184763726,0.0026737972443447635,1239,0.06467656072644712,-1.445965571882522,1.4440828042107998,-4095.9999999999995,4090.666666666666,C:\Users\kimeu\Downloads\starlink_pathB_wsl_package_v0_3_clean\starlink_pathB\paper_final_experiment_check\outputs\random1200_null_random1200_seed2\23_80_lst000_stress_full_polybeam_lines_S1000_single.npz,9.10175923472585,9444.443085672718,1.7798436919007438e-05,140609741.2109375,False,False,False,False,False,False,False,False,False,False,False,False
23_80,207.2758462936688,long,stress,0,2461041.5,2461041.506822953,full_polybeam,lines,1000.0,multi,coherent_ab,4,3,3,53976;54093;56109,86.545;85.567;70.536,0.2671055947580645,0.0001112423478926,0.5502745938468236,1,4,4,4,0.3308758856684498,0.5502745938468236,0.3308758856684498,0.7280464634021924,0.0001112423478926,4946.628727918531,42.64103993395419,24.805711667753236,0.06259314527007577,False,20267864,100,-0.4090972990264233,-0.2606642802856994,0.6831683168316832,0.5742574257425742,383.8010922056128,89633.94404342097,409.7944821900687,483.6669837123989,502.2969729112237,90202.82025428902,93290.34781143471,93803.37638871875,42.856067233175736,1.927653646813031,1.3313903269509277,89633.94404342097,21249.688061680863,8696461.184763726,0.010306944645537015,1239,0.06467656072644712,-1.445965571882522,1.4440828042107998,-4095.9999999999995,4090.666666666666,C:\Users\kimeu\Downloads\starlink_pathB_wsl_package_v0_3_clean\starlink_pathB\paper_final_experiment_check\outputs\random1200_null_random1200_seed2\23_80_lst000_stress_full_polybeam_lines_S1000_multi.npz,9.10175923472585,9444.443085672718,1.7798436919007438e-05,140609741.2109375,False,False,False,False,False,False,False,False,False,False,False,False
23_80,207.2758462936688,long,stress,0,2461041.5,2461041.506822953,full_polybeam,khz_comb,30.0,single,coherent_ab,4,3,1,53976,86.545,0.2671055947580645,0.0001112423478926,0.5502745938468236,1,4,4,4,0.3308758856684498,0.5502745938468236,0.3308758856684498,0.7280464634021924,0.0001112423478926,4946.628727918531,0.4354350715096626,0.4354350715096626,0.000525218238673119,False,20267881,100,0.9929112512704544,0.9632456875329058,0.09900990099009901,0.1782178217821782,2.69105193257019,608.9425322123298,2.4809005568386056,2.841104963840734,3.123982395129988,588.2778343115369,613.8760366940435,614.1135616378012,0.142757130449354,1.647959295132219,1.428006600455539,608.9425322123298,255.06238676568339,8696461.184763726,7.00218766317502e-05,1239,0.06467656072644712,-1.445965571882522,1.4440828042107998,-4095.9999999999995,4090.666666666666,C:\Users\kimeu\Downloads\starlink_pathB_wsl_package_v0_3_clean\starlink_pathB\paper_final_experiment_check\outputs\random1200_null_random1200_seed2\23_80_lst000_stress_full_polybeam_khz_comb_S30_single.npz,9.10175923472585,9444.443085672718,1.7798436919007438e-05,140609741.2109375,False,False,False,False,False,False,False,False,False,False,False,False
23_80,207.2758462936688,long,stress,0,2461041.5,2461041.506822953,full_polybeam,khz_comb,30.0,multi,coherent_ab,4,3,3,53976;54093;56109,86.545;85.567;70.536,0.2671055947580645,0.0001112423478926,0.5502745938468236,1,4,4,4,0.3308758856684498,0.5502745938468236,0.3308758856684498,0.7280464634021924,0.0001112423478926,4946.628727918531,1.052779516135204,0.6124368722577012,0.0016231588468114996,False,20267898,100,-0.3592717461427148,-0.0022207231366894228,0.6534653465346535,0.504950495049505,10.016364626757877,2275.078486031376,10.57401859482161,12.067658694103148,12.286603214815669,2275.219955796969,2355.406988501287,2365.544919422026,1.0469302205997337,1.5782195468570115,1.0767262643645232,2275.078486031376,625.0736716911756,8696461.184763726,0.0002616096867099612,1239,0.06467656072644712,-1.445965571882522,1.4440828042107998,-4095.9999999999995,4090.666666666666,C:\Users\kimeu\Downloads\starlink_pathB_wsl_package_v0_3_clean\starlink_pathB\paper_final_experiment_check\outputs\random1200_null_random1200_seed2\23_80_lst000_stress_full_polybeam_khz_comb_S30_multi.npz,9.10175923472585,9444.443085672718,1.7798436919007438e-05,140609741.2109375,False,False,False,False,False,False,False,False,False,False,False,False
23_80,207.2758462936688,long,stress,0,2461041.5,2461041.506822953,full_polybeam,khz_comb,1000.0,single,coherent_ab,4,3,1,53976,86.545,0.2671055947580645,0.0001112423478926,0.5502745938468236,1,4,4,4,0.3308758856684498,0.5502745938468236,0.3308758856684498,0.7280464634021924,0.0001112423478926,4946.628727918531,14.51450238365542,14.51450238365542,0.017507274622437296,False,20267915,100,0.9865398649303219,0.7324878655969915,0.18811881188118812,0.1188118811881188,90.36893941575181,20382.094187606686,83.33374184733657,104.58173543080038,106.38861382193019,19841.63789333718,20506.22796736331,20565.36096025495,4.809917895536273,1.4331354139030454,1.29560645708426,20382.094187606686,8722.62541158996,8696461.184763726,0.0023437227804013303,1239,0.06467656072644712,-1.445965571882522,1.4440828042107998,-4095.9999999999995,4090.666666666666,C:\Users\kimeu\Downloads\starlink_pathB_wsl_package_v0_3_clean\starlink_pathB\paper_final_experiment_check\outputs\random1200_null_random1200_seed2\23_80_lst000_stress_full_polybeam_khz_comb_S1000_single.npz,9.10175923472585,9444.443085672718,1.7798436919007438e-05,140609741.2109375,False,False,False,False,False,False,False,False,False,False,False,False
23_80,207.2758462936688,long,stress,0,2461041.5,2461041.506822953,full_polybeam,khz_comb,1000.0,multi,coherent_ab,4,3,3,53976;54093;56109,86.545;85.567;70.536,0.2671055947580645,0.0001112423478926,0.5502745938468236,1,4,4,4,0.3308758856684498,0.5502745938468236,0.3308758856684498,0.7280464634021924,0.0001112423478926,4946.628727918531,35.092650537840136,20.414562408590037,0.05410529489371665,False,20267932,100,-0.5134195835241474,-0.21423193873144036,0.7326732673267327,0.5841584158415841,326.96794274568947,75625.81369549313,350.7130300570391,408.44965725714496,421.79591624071276,76093.73026242957,78505.5201693186,78850.20212730614,31.19445087103304,2.2185731088658875,1.617275400257202,75625.81369549313,18674.17245414968,8696461.184763726,0.008696159516929737,1239,0.06467656072644712,-1.445965571882522,1.4440828042107998,-4095.9999999999995,4090.666666666666,C:\Users\kimeu\Downloads\starlink_pathB_wsl_package_v0_3_clean\starlink_pathB\paper_final_experiment_check\outputs\random1200_null_random1200_seed2\23_80_lst000_stress_full_polybeam_khz_comb_S1000_multi.npz,9.10175923472585,9444.443085672718,1.7798436919007438e-05,140609741.2109375,False,False,False,False,False,False,False,False,False,False,False,False
4_196,190.65540049004915,long,quiet,48,2461041.833333333,2461041.8401562865,frozen_polybeam,smooth,30.0,single,coherent_ab,2,1,1,54575,80.727,0.1663831485215053,5.3123270866481575e-09,0.0149220859960422,0,2,2,2,0.0,0.0149220859960422,0.0,0.0457676818690719,5.3123270866481575e-09,2808954.6732818866,0.03956954535754547,0.03956954535754547,0.00014742336130479578,False,20267997,100,0.6000989700686392,0.9565589572806361,0.40594059405940597,0.21782178217821782,1.5621064321821905,283.03080376403864,1.4701645884888421,1.6943015523726899,1.7598876102297072,278.8748808448197,283.7167985421367,283.7433090003107,0.10333949410596688,1.3540513265122975,1.230660873765969,283.03080376403864,23.557188662487466,18440185.57615971,1.534858760477733e-05,1261,0.059490460698200555,-1.445965571882522,1.4440828042107998,-4095.9999999999995,4090.666666666666,C:\Users\kimeu\Downloads\starlink_pathB_wsl_package_v0_3_clean\starlink_pathB\paper_final_experiment_check\outputs\random1200_null_random1200_seed2\4_196_lst048_quiet_frozen_polybeam_smooth_S30_single.npz,9.10175923472585,9444.443085672718,1.7798436919007438e-05,140609741.2109375,False,False,False,False,False,False,False,False,False,False,False,False
4_196,190.65540049004915,long,quiet,48,2461041.833333333,2461041.8401562865,frozen_polybeam,smooth,30.0,multi,coherent_ab,2,1,1,54575,80.727,0.1663831485215053,5.3123270866481575e-09,0.0149220859960422,0,2,2,2,0.0,0.0149220859960422,0.0,0.0457676818690719,5.3123270866481575e-09,2808954.6732818866,0.03956954535754547,0.03956954535754547,0.00014742336130479578,False,20268014,100,0.43502116262417195,1.5771870640224939,0.38613861386138615,0.15841584158415842,1.5621064321821905,283.03080376403864,1.4954898883261194,1.7571896662056132,1.7678502933849813,278.3441096502222,283.6802006634254,283.75203192828695,0.10328748833308055,1.4964523267254388,1.3730268519057243,283.03080376403864,23.557188662487466,18440185.57615971,1.534858760477733e-05,1261,0.059490460698200555,-1.445965571882522,1.4440828042107998,-4095.9999999999995,4090.666666666666,C:\Users\kimeu\Downloads\starlink_pathB_wsl_package_v0_3_clean\starlink_pathB\paper_final_experiment_check\outputs\random1200_null_random1200_seed2\4_196_lst048_quiet_frozen_polybeam_smooth_S30_multi.npz,9.10175923472585,9444.443085672718,1.7798436919007438e-05,140609741.2109375,False,False,False,False,False,False,False,False,False,False,False,False
4_196,190.65540049004915,long,quiet,48,2461041.833333333,2461041.8401562865,frozen_polybeam,smooth,1000.0,single,coherent_ab,2,1,1,54575,80.727,0.1663831485215053,5.3123270866481575e-09,0.0149220859960422,0,2,2,2,0.0,0.0149220859960422,0.0,0.0457676818690719,5.3123270866481575e-09,2808954.6732818866,1.3189848452515156,1.3189848452515156,0.0049141120434931925,False,20268031,100,0.5350677811456802,1.1730541744100607,0.3069306930693069,0.16831683168316833,52.05600216577295,9432.114399439495,49.514658280517324,58.61825129471208,58.977115978700006,9287.60356563947,9453.646854697958,9459.130938282,3.2035436026199022,0.9224591082442416,0.8135792432492431,9432.114399439495,764.0279631858315,18440185.57615971,0.0005114978024751416,1261,0.059490460698200555,-1.445965571882522,1.4440828042107998,-4095.9999999999995,4090.666666666666,C:\Users\kimeu\Downloads\starlink_pathB_wsl_package_v0_3_clean\starlink_pathB\paper_final_experiment_check\outputs\random1200_null_random1200_seed2\4_196_lst048_quiet_frozen_polybeam_smooth_S1000_single.npz,9.10175923472585,9444.443085672718,1.7798436919007438e-05,140609741.2109375,False,False,False,False,False,False,False,False,False,False,False,False
4_196,190.65540049004915,long,quiet,48,2461041.833333333,2461041.8401562865,frozen_polybeam,smooth,1000.0,multi,coherent_ab,2,1,1,54575,80.727,0.1663831485215053,5.3123270866481575e-09,0.0149220859960422,0,2,2,2,0.0,0.0149220859960422,0.0,0.0457676818690719,5.3123270866481575e-09,2808954.6732818866,1.3189848452515156,1.3189848452515156,0.0049141120434931925,False,20268048,100,0.8525065428131909,1.1788007165324308,0.31683168316831684,0.16831683168316833,52.05600216577295,9432.114399439495,48.331435138181405,55.6124998969055,58.78825615373511,9297.496318035535,9454.200262551622,9459.313848773048,2.946823181991931,0.8755300779024163,0.8315268305506492,9432.114399439495,764.0279631858315,18440185.57615971,0.0005114978024751416,1261,0.059490460698200555,-1.445965571882522,1.4440828042107998,-4095.9999999999995,4090.666666666666,C:\Users\kimeu\Downloads\starlink_pathB_wsl_package_v0_3_clean\starlink_pathB\paper_final_experiment_check\outputs\random1200_null_random1200_seed2\4_196_lst048_quiet_frozen_polybeam_smooth_S1000_multi.npz,9.10175923472585,9444.443085672718,1.7798436919007438e-05,140609741.2109375,False,False,False,False,False,False,False,False,False,False,False,False
4_196,190.65540049004915,long,quiet,48,2461041.833333333,2461041.8401562865,frozen_polybeam,lines,30.0,single,coherent_ab,2,1,1,54575,80.727,0.1663831485215053,5.3123270866481575e-09,0.0149220859960422,0,2,2,2,0.0,0.0149220859960422,0.0,0.0457676818690719,5.3123270866481575e-09,2808954.6732818866,0.03956318160075378,0.03956318160075378,0.00014753559335768725,False,20268065,100,0.24613414222208319,1.11212523263371,0.42574257425742573,0.24752475247524752,1.5716844629714615,283.0937382199902,1.5390779927911353,1.7266651253827148,1.7717803851281315,278.76064799104563,283.76430600920634,283.8203092708789,0.08935275145995547,1.0779528212674068,1.0181126317724911,283.0937382199902,23.550143661174317,18440185.57615971,1.5352000501881412e-05,1261,0.059490460698200555,-1.445965571882522,1.4440828042107998,-4095.9999999999995,4090.666666666666,C:\Users\kimeu\Downloads\starlink_pathB_wsl_package_v0_3_clean\starlink_pathB\paper_final_experiment_check\outputs\random1200_null_random1200_seed2\4_196_lst048_quiet_frozen_polybeam_lines_S30_single.npz,9.10175923472585,9444.443085672718,1.7798436919007438e-05,140609741.2109375,False,False,False,False,False,False,False,False,False,False,False,False
4_196,190.65540049004915,long,quiet,48,2461041.833333333,2461041.8401562865,frozen_polybeam,lines,30.0,multi,coherent_ab,2,1,1,54575,80.727,0.1663831485215053,5.3123270866481575e-09,0.0149220859960422,0,2,2,2,0.0,0.0149220859960422,0.0,0.0457676818690719,5.3123270866481575e-09,2808954.6732818866,0.03956318160075378,0.03956318160075378,0.00014753559335768725,False,20268082,100,0.4513342693945599,1.1636848143373737,0.38613861386138615,0.15841584158415842,1.5716844629714615,283.0937382199902,1.5085198092492647,1.7454613696361776,1.7766884022556042,278.4321111349354,283.7285037659328,283.7935154014399,0.09439561351791781,1.007945096928623,0.9265226427514298,283.0937382199902,23.550143661174317,18440185.57615971,1.5352000501881412e-05,1261,0.059490460698200555,-1.445965571882522,1.4440828042107998,-4095.9999999999995,4090.666666666666,C:\Users\kimeu\Downloads\starlink_pathB_wsl_package_v0_3_clean\starlink_pathB\paper_final_experiment_check\outputs\random1200_null_random1200_seed2\4_196_lst048_quiet_frozen_polybeam_lines_S30_multi.npz,9.10175923472585,9444.443085672718,1.7798436919007438e-05,140609741.2109375,False,False,False,False,False,False,False,False,False,False,False,False
4_196,190.65540049004915,long,quiet,48,2461041.833333333,2461041.8401562865,frozen_polybeam,lines,1000.0,single,coherent_ab,2,1,1,54575,80.727,0.1663831485215053,5.3123270866481575e-09,0.0149220859960422,0,2,2,2,0.0,0.0149220859960422,0.0,0.0457676818690719,5.3123270866481575e-09,2808954.6732818866,1.318772720025126,1.318772720025126,0.004917853111922907,False,20268099,100,0.2898579887651393,1.4409252047977812,0.40594059405940597,0.16831683168316833,52.37401591407979,9434.289448024365,50.88190566852063,58.6343437027489,59.161902003876804,9274.403603266477,9456.828972982688,9457.323196281604,3.472095342403918,1.9377910999628394,1.8245678224950677,9434.289448024365,763.7857422934688,18440185.57615971,0.000511615754031317,1261,0.059490460698200555,-1.445965571882522,1.4440828042107998,-4095.9999999999995,4090.666666666666,C:\Users\kimeu\Downloads\starlink_pathB_wsl_package_v0_3_clean\starlink_pathB\paper_final_experiment_check\outputs\random1200_null_random1200_seed2\4_196_lst048_quiet_frozen_polybeam_lines_S1000_single.npz,9.10175923472585,9444.443085672718,1.7798436919007438e-05,140609741.2109375,False,False,False,False,False,False,False,False,False,False,False,False
4_196,190.65540049004915,long,quiet,48,2461041.833333333,2461041.8401562865,frozen_polybeam,lines,1000.0,multi,coherent_ab,2,1,1,54575,80.727,0.1663831485215053,5.3123270866481575e-09,0.0149220859960422,0,2,2,2,0.0,0.0149220859960422,0.0,0.0457676818690719,5.3123270866481575e-09,2808954.6732818866,1.318772720025126,1.318772720025126,0.004917853111922907,False,20268116,100,0.5038896827871977,1.6693113464816165,0.37623762376237624,0.19801980198019803,52.37401591407979,9434.289448024365,49.626301936921664,58.341267389712264,58.84261756043501,9267.18411319433,9458.792514039229,9463.299599696375,3.6780028458342713,0.9686291048715877,0.919578946431025,9434.289448024365,763.7857422934688,18440185.57615971,0.000511615754031317,1261,0.059490460698200555,-1.445965571882522,1.4440828042107998,-4095.9999999999995,4090.666666666666,C:\Users\kimeu\Downloads\starlink_pathB_wsl_package_v0_3_clean\starlink_pathB\paper_final_experiment_check\outputs\random1200_null_random1200_seed2\4_196_lst048_quiet_frozen_polybeam_lines_S1000_multi.npz,9.10175923472585,9444.443085672718,1.7798436919007438e-05,140609741.2109375,False,False,False,False,False,False,False,False,False,False,False,False
4_196,190.65540049004915,long,quiet,48,2461041.833333333,2461041.8401562865,frozen_polybeam,khz_comb,30.0,single,coherent_ab,2,1,1,54575,80.727,0.1663831485215053,5.3123270866481575e-09,0.0149220859960422,0,2,2,2,0.0,0.0149220859960422,0.0,0.0457676818690719,5.3123270866481575e-09,2808954.6732818866,0.03643835934831093,0.03643835934831093,0.00013309746896584258,False,20268133,100,0.8133381993199724,0.6001693568263603,0.3069306930693069,0.25742574257425743,1.5988235497352434,268.9163712816735,1.4905438408313785,1.7574249707337912,1.781003461344917,267.28168056359164,270.6721687551382,270.794021291001,0.08979495018866146,1.3359312488497517,1.2502870682111171,268.9163712816735,22.30885561425793,18440185.57615971,1.4583170552759542e-05,1261,0.059490460698200555,-1.445965571882522,1.4440828042107998,-4095.9999999999995,4090.666666666666,C:\Users\kimeu\Downloads\starlink_pathB_wsl_package_v0_3_clean\starlink_pathB\paper_final_experiment_check\outputs\random1200_null_random1200_seed2\4_196_lst048_quiet_frozen_polybeam_khz_comb_S30_single.npz,9.10175923472585,9444.443085672718,1.7798436919007438e-05,140609741.2109375,False,False,False,False,False,False,False,False,False,False,False,False
4_196,190.65540049004915,long,quiet,48,2461041.833333333,2461041.8401562865,frozen_polybeam,khz_comb,30.0,multi,coherent_ab,2,1,1,54575,80.727,0.1663831485215053,5.3123270866481575e-09,0.0149220859960422,0,2,2,2,0.0,0.0149220859960422,0.0,0.0457676818690719,5.3123270866481575e-09,2808954.6732818866,0.03643835934831093,0.03643835934831093,0.00013309746896584258,False,20268150,100,0.7275125004867927,0.9588855372150058,0.25742574257425743,0.19801980198019803,1.5988235497352434,268.9163712816735,1.4785744297150814,1.7482410780000464,1.7729812686547666,266.5487920870472,270.3789903718679,270.808617610292,0.11148526002580184,0.9633553530077835,0.8815915159110791,268.9163712816735,22.30885561425793,18440185.57615971,1.4583170552759542e-05,1261,0.059490460698200555,-1.445965571882522,1.4440828042107998,-4095.9999999999995,4090.666666666666,C:\Users\kimeu\Downloads\starlink_pathB_wsl_package_v0_3_clean\starlink_pathB\paper_final_experiment_check\outputs\random1200_null_random1200_seed2\4_196_lst048_quiet_frozen_polybeam_khz_comb_S30_multi.npz,9.10175923472585,9444.443085672718,1.7798436919007438e-05,140609741.2109375,False,False,False,False,False,False,False,False,False,False,False,False
4_196,190.65540049004915,long,quiet,48,2461041.833333333,2461041.8401562865,frozen_polybeam,khz_comb,1000.0,single,coherent_ab,2,1,1,54575,80.727,0.1663831485215053,5.3123270866481575e-09,0.0149220859960422,0,2,2,2,0.0,0.0149220859960422,0.0,0.0457676818690719,5.3123270866481575e-09,2808954.6732818866,1.214611978277031,1.214611978277031,0.00443658229886142,False,20268167,100,0.6315710196513722,0.6390005530994054,0.3069306930693069,0.25742574257425743,53.20458748555393,8961.920924968632,50.183277884309064,58.19161496932693,59.071965883879294,8916.66180689027,9023.833592978095,9029.907319896225,3.226629063319706,1.1823385732743321,1.0492144032345032,8961.920924968632,725.0558166387547,18440185.57615971,0.00048599949756226974,1261,0.059490460698200555,-1.445965571882522,1.4440828042107998,-4095.9999999999995,4090.666666666666,C:\Users\kimeu\Downloads\starlink_pathB_wsl_package_v0_3_clean\starlink_pathB\paper_final_experiment_check\outputs\random1200_null_random1200_seed2\4_196_lst048_quiet_frozen_polybeam_khz_comb_S1000_single.npz,9.10175923472585,9444.443085672718,1.7798436919007438e-05,140609741.2109375,False,False,False,False,False,False,False,False,False,False,False,False
4_196,190.65540049004915,long,quiet,48,2461041.833333333,2461041.8401562865,frozen_polybeam,khz_comb,1000.0,multi,coherent_ab,2,1,1,54575,80.727,0.1663831485215053,5.3123270866481575e-09,0.0149220859960422,0,2,2,2,0.0,0.0149220859960422,0.0,0.0457676818690719,5.3123270866481575e-09,2808954.6732818866,1.214611978277031,1.214611978277031,0.00443658229886142,False,20268184,100,0.7579442967434418,0.6262483619117536,0.26732673267326734,0.21782178217821782,53.20458748555393,8961.920924968632,49.10671596346128,58.98913047767019,59.32302175626941,8904.583528507104,9026.339245392843,9029.062458864417,3.646674943065591,0.9080640111558296,0.8498681277348284,8961.920924968632,725.0558166387547,18440185.57615971,0.00048599949756226974,1261,0.059490460698200555,-1.445965571882522,1.4440828042107998,-4095.9999999999995,4090.666666666666,C:\Users\kimeu\Downloads\starlink_pathB_wsl_package_v0_3_clean\starlink_pathB\paper_final_experiment_check\outputs\random1200_null_random1200_seed2\4_196_lst048_quiet_frozen_polybeam_khz_comb_S1000_multi.npz,9.10175923472585,9444.443085672718,1.7798436919007438e-05,140609741.2109375,False,False,False,False,False,False,False,False,False,False,False,False
4_196,190.65540049004915,long,quiet,48,2461041.833333333,2461041.8401562865,full_polybeam,smooth,30.0,single,coherent_ab,2,1,1,54575,80.727,0.1663831485215053,5.3123270866481575e-09,0.0149220859960422,0,2,2,2,0.0,0.0149220859960422,0.0,0.0457676818690719,5.3123270866481575e-09,2808954.6732818866,0.12828781985851004,0.12828781985851004,0.0003174384832492007,False,20268201,100,0.711050969078807,0.14263362179364095,0.1188118811881188,0.4158415841584158,4.218712881080137,1270.317305227646,3.939708004696513,4.239354715164882,4.2920944867438084,1269.5837063310064,1273.503816864765,1273.6672572247091,0.26465924266085494,0.8629770274838514,0.7884832440842606,1270.317305227646,13.220545535901493,18440185.57615971,6.888853151618868e-05,1261,0.059490460698200555,-1.445965571882522,1.4440828042107998,-4095.9999999999995,4090.666666666666,C:\Users\kimeu\Downloads\starlink_pathB_wsl_package_v0_3_clean\starlink_pathB\paper_final_experiment_check\outputs\random1200_null_random1200_seed2\4_196_lst048_quiet_full_polybeam_smooth_S30_single.npz,9.10175923472585,9444.443085672718,1.7798436919007438e-05,140609741.2109375,False,False,False,False,False,False,False,False,False,False,False,False
4_196,190.65540049004915,long,quiet,48,2461041.833333333,2461041.8401562865,full_polybeam,smooth,30.0,multi,coherent_ab,2,1,1,54575,80.727,0.1663831485215053,5.3123270866481575e-09,0.0149220859960422,0,2,2,2,0.0,0.0149220859960422,0.0,0.0457676818690719,5.3123270866481575e-09,2808954.6732818866,0.12828781985851004,0.12828781985851004,0.0003174384832492007,False,20268218,100,0.8491072791992855,0.6234489004608339,0.1188118811881188,0.3465346534653465,4.218712881080137,1270.317305227646,3.874850054143735,4.290460513120888,4.331034420240976,1266.5752108420493,1273.2834748840692,1273.8065660237135,0.2731484053638269,0.837827018666676,0.7944819712604808,1270.317305227646,13.220545535901493,18440185.57615971,6.888853151618868e-05,1261,0.059490460698200555,-1.445965571882522,1.4440828042107998,-4095.9999999999995,4090.666666666666,C:\Users\kimeu\Downloads\starlink_pathB_wsl_package_v0_3_clean\starlink_pathB\paper_final_experiment_check\outputs\random1200_null_random1200_seed2\4_196_lst048_quiet_full_polybeam_smooth_S30_multi.npz,9.10175923472585,9444.443085672718,1.7798436919007438e-05,140609741.2109375,False,False,False,False,False,False,False,False,False,False,False,False
4_196,190.65540049004915,long,quiet,48,2461041.833333333,2461041.8401562865,full_polybeam,smooth,1000.0,single,coherent_ab,2,1,1,54575,80.727,0.1663831485215053,5.3123270866481575e-09,0.0149220859960422,0,2,2,2,0.0,0.0149220859960422,0.0,0.0457676818690719,5.3123270866481575e-09,2808954.6732818866,4.276260661950334,4.276260661950334,0.010581282774973359,False,20268235,100,0.707936298023598,0.43323920356655043,0.15841584158415842,0.33663366336633666,140.6174110111897,42346.34215849145,132.36947837159687,141.4586895158487,144.44115215723502,42264.93561518077,42445.71551316416,42466.529409433766,7.8582696857356495,1.1269618644242945,1.0599730300386567,42346.34215849145,305.31983156805836,18440185.57615971,0.00229641626889258,1261,0.059490460698200555,-1.445965571882522,1.4440828042107998,-4095.9999999999995,4090.666666666666,C:\Users\kimeu\Downloads\starlink_pathB_wsl_package_v0_3_clean\starlink_pathB\paper_final_experiment_check\outputs\random1200_null_random1200_seed2\4_196_lst048_quiet_full_polybeam_smooth_S1000_single.npz,9.10175923472585,9444.443085672718,1.7798436919007438e-05,140609741.2109375,False,False,False,False,False,False,False,False,False,False,False,False
4_196,190.65540049004915,long,quiet,48,2461041.833333333,2461041.8401562865,full_polybeam,smooth,1000.0,multi,coherent_ab,2,1,1,54575,80.727,0.1663831485215053,5.3123270866481575e-09,0.0149220859960422,0,2,2,2,0.0,0.0149220859960422,0.0,0.0457676818690719,5.3123270866481575e-09,2808954.6732818866,4.276260661950334,4.276260661950334,0.010581282774973359,False,20268252,100,1.0426874879299535,0.38441457947684476,0.1188118811881188,0.33663366336633666,140.6174110111897,42346.34215849145,126.54048578796937,141.28823387711964,144.5954686280138,42259.29154137001,42437.91702366682,42456.44926874203,9.106041929931507,1.2014284461874223,1.0980797956065662,42346.34215849145,305.31983156805836,18440185.57615971,0.00229641626889258,1261,0.059490460698200555,-1.445965571882522,1.4440828042107998,-4095.9999999999995,4090.666666666666,C:\Users\kimeu\Downloads\starlink_pathB_wsl_package_v0_3_clean\starlink_pathB\paper_final_experiment_check\outputs\random1200_null_random1200_seed2\4_196_lst048_quiet_full_polybeam_smooth_S1000_multi.npz,9.10175923472585,9444.443085672718,1.7798436919007438e-05,140609741.2109375,False,False,False,False,False,False,False,False,False,False,False,False
4_196,190.65540049004915,long,quiet,48,2461041.833333333,2461041.8401562865,full_polybeam,lines,30.0,single,coherent_ab,2,1,1,54575,80.727,0.1663831485215053,5.3123270866481575e-09,0.0149220859960422,0,2,2,2,0.0,0.0149220859960422,0.0,0.0457676818690719,5.3123270866481575e-09,2808954.6732818866,0.12826718801961634,0.12826718801961634,0.0003176189167933635,False,20268269,100,1.1980123090198402,0.4614401808461633,0.06930693069306931,0.297029702970297,4.266966719573247,1270.028197461353,3.8283475278749393,4.2685955042266865,4.280196345124205,1267.514958088237,1272.779424764341,1273.1606099138517,0.24694620372611098,1.0551933020642796,0.9987073274083799,1270.028197461353,13.216331271895866,18440185.57615971,6.887285337861795e-05,1261,0.059490460698200555,-1.445965571882522,1.4440828042107998,-4095.9999999999995,4090.666666666666,C:\Users\kimeu\Downloads\starlink_pathB_wsl_package_v0_3_clean\starlink_pathB\paper_final_experiment_check\outputs\random1200_null_random1200_seed2\4_196_lst048_quiet_full_polybeam_lines_S30_single.npz,9.10175923472585,9444.443085672718,1.7798436919007438e-05,140609741.2109375,False,False,False,False,False,False,False,False,False,False,False,False
4_196,190.65540049004915,long,quiet,48,2461041.833333333,2461041.8401562865,full_polybeam,lines,30.0,multi,coherent_ab,2,1,1,54575,80.727,0.1663831485215053,5.3123270866481575e-09,0.0149220859960422,0,2,2,2,0.0,0.0149220859960422,0.0,0.0457676818690719,5.3123270866481575e-09,2808954.6732818866,0.12826718801961634,0.12826718801961634,0.0003176189167933635,False,20268286,100,0.802061003407648,0.7309927199636148,0.09900990099009901,0.26732673267326734,4.266966719573247,1270.028197461353,3.9060739910491975,4.291710123312805,4.312159009256647,1266.3541091457257,1272.7582880250347,1272.9617577214535,0.30349164155541075,1.1384713805435915,1.038024192401785,1270.028197461353,13.216331271895866,18440185.57615971,6.887285337861795e-05,1261,0.059490460698200555,-1.445965571882522,1.4440828042107998,-4095.9999999999995,4090.666666666666,C:\Users\kimeu\Downloads\starlink_pathB_wsl_package_v0_3_clean\starlink_pathB\paper_final_experiment_check\outputs\random1200_null_random1200_seed2\4_196_lst048_quiet_full_polybeam_lines_S30_multi.npz,9.10175923472585,9444.443085672718,1.7798436919007438e-05,140609741.2109375,False,False,False,False,False,False,False,False,False,False,False,False
4_196,190.65540049004915,long,quiet,48,2461041.833333333,2461041.8401562865,full_polybeam,lines,1000.0,single,coherent_ab,2,1,1,54575,80.727,0.1663831485215053,5.3123270866481575e-09,0.0149220859960422,0,2,2,2,0.0,0.0149220859960422,0.0,0.0457676818690719,5.3123270866481575e-09,2808954.6732818866,4.2755729339872115,4.2755729339872115,0.01058729722644545,False,20268303,100,1.0984272227372944,0.7499448166717503,0.09900990099009901,0.27722772277227725,142.22983999187636,42337.06654236167,128.62971441470654,143.01229479419035,143.58994995250183,42199.27874364127,42432.85496164387,42441.13218044942,8.35117597200724,1.995798463287035,1.6938971500587572,42337.06654236167,305.2284878132455,18440185.57615971,0.002295913257895675,1261,0.059490460698200555,-1.445965571882522,1.4440828042107998,-4095.9999999999995,4090.666666666666,C:\Users\kimeu\Downloads\starlink_pathB_wsl_package_v0_3_clean\starlink_pathB\paper_final_experiment_check\outputs\random1200_null_random1200_seed2\4_196_lst048_quiet_full_polybeam_lines_S1000_single.npz,9.10175923472585,9444.443085672718,1.7798436919007438e-05,140609741.2109375,False,False,False,False,False,False,False,False,False,False,False,False
4_196,190.65540049004915,long,quiet,48,2461041.833333333,2461041.8401562865,full_polybeam,lines,1000.0,multi,coherent_ab,2,1,1,54575,80.727,0.1663831485215053,5.3123270866481575e-09,0.0149220859960422,0,2,2,2,0.0,0.0149220859960422,0.0,0.0457676818690719,5.3123270866481575e-09,2808954.6732818866,4.2755729339872115,4.2755729339872115,0.01058729722644545,False,20268320,100,0.8025191820473747,0.5125592945948848,0.0891089108910891,0.3465346534653465,142.22983999187636,42337.06654236167,130.52084785300576,143.06692050182028,143.86794006152965,42242.214866371185,42427.472828154285,42443.5027209242,9.841019600683012,1.0685350185553113,0.9640886690299988,42337.06654236167,305.2284878132455,18440185.57615971,0.002295913257895675,1261,0.059490460698200555,-1.445965571882522,1.4440828042107998,-4095.9999999999995,4090.666666666666,C:\Users\kimeu\Downloads\starlink_pathB_wsl_package_v0_3_clean\starlink_pathB\paper_final_experiment_check\outputs\random1200_null_random1200_seed2\4_196_lst048_quiet_full_polybeam_lines_S1000_multi.npz,9.10175923472585,9444.443085672718,1.7798436919007438e-05,140609741.2109375,False,False,False,False,False,False,False,False,False,False,False,False
4_196,190.65540049004915,long,quiet,48,2461041.833333333,2461041.8401562865,full_polybeam,khz_comb,30.0,single,coherent_ab,2,1,1,54575,80.727,0.1663831485215053,5.3123270866481575e-09,0.0149220859960422,0,2,2,2,0.0,0.0149220859960422,0.0,0.0457676818690719,5.3123270866481575e-09,2808954.6732818866,0.10556111229031233,0.10556111229031233,0.0002697085242095478,False,20268337,100,1.476654456839607,0.23798294810769755,0.0297029702970297,0.44554455445544555,3.7065912429861783,1054.6795313799935,3.2162460113231646,3.6825525391210703,3.7270830084534827,1053.6638779455066,1058.444917248826,1059.0654456060643,0.2239747600924602,1.061201041543062,0.9634954542742574,1054.6795313799935,12.995546280422257,18440185.57615971,5.719462675817808e-05,1261,0.059490460698200555,-1.445965571882522,1.4440828042107998,-4095.9999999999995,4090.666666666666,C:\Users\kimeu\Downloads\starlink_pathB_wsl_package_v0_3_clean\starlink_pathB\paper_final_experiment_check\outputs\random1200_null_random1200_seed2\4_196_lst048_quiet_full_polybeam_khz_comb_S30_single.npz,9.10175923472585,9444.443085672718,1.7798436919007438e-05,140609741.2109375,False,False,True,False,False,False,False,False,False,False,False,False
4_196,190.65540049004915,long,quiet,48,2461041.833333333,2461041.8401562865,full_polybeam,khz_comb,30.0,multi,coherent_ab,2,1,1,54575,80.727,0.1663831485215053,5.3123270866481575e-09,0.0149220859960422,0,2,2,2,0.0,0.0149220859960422,0.0,0.0457676818690719,5.3123270866481575e-09,2808954.6732818866,0.10556111229031233,0.10556111229031233,0.0002697085242095478,False,20268354,100,0.8911223999212892,0.27534559277361353,0.1188118811881188,0.4158415841584158,3.7065912429861783,1054.6795313799935,3.3809057370381197,3.752761807007846,3.764197185408193,1053.253252567305,1058.1394594771314,1058.5618530343709,0.2465114380211162,1.3455100864718612,1.2286920952115852,1054.6795313799935,12.995546280422257,18440185.57615971,5.719462675817808e-05,1261,0.059490460698200555,-1.445965571882522,1.4440828042107998,-4095.9999999999995,4090.666666666666,C:\Users\kimeu\Downloads\starlink_pathB_wsl_package_v0_3_clean\starlink_pathB\paper_final_experiment_check\outputs\random1200_null_random1200_seed2\4_196_lst048_quiet_full_polybeam_khz_comb_S30_multi.npz,9.10175923472585,9444.443085672718,1.7798436919007438e-05,140609741.2109375,False,False,False,False,False,False,False,False,False,False,False,False
4_196,190.65540049004915,long,quiet,48,2461041.833333333,2461041.8401562865,full_polybeam,khz_comb,1000.0,single,coherent_ab,2,1,1,54575,80.727,0.1663831485215053,5.3123270866481575e-09,0.0149220859960422,0,2,2,2,0.0,0.0149220859960422,0.0,0.0457676818690719,5.3123270866481575e-09,2808954.6732818866,3.5187037430104113,3.5187037430104113,0.00899028414031826,False,20268371,100,0.8707851967270293,0.19018666337158469,0.06930693069306931,0.45544554455445546,123.55143539737401,35157.60895918755,112.36939607985732,123.66969389492661,124.64811407384681,35130.19776513698,35264.12166145743,35288.576555216365,8.661357841310746,0.779236148516772,0.7594177539096431,35157.60895918755,340.0425932080867,18440185.57615971,0.0019065756585791018,1261,0.059490460698200555,-1.445965571882522,1.4440828042107998,-4095.9999999999995,4090.666666666666,C:\Users\kimeu\Downloads\starlink_pathB_wsl_package_v0_3_clean\starlink_pathB\paper_final_experiment_check\outputs\random1200_null_random1200_seed2\4_196_lst048_quiet_full_polybeam_khz_comb_S1000_single.npz,9.10175923472585,9444.443085672718,1.7798436919007438e-05,140609741.2109375,False,False,False,False,False,False,False,False,False,False,False,False
4_196,190.65540049004915,long,quiet,48,2461041.833333333,2461041.8401562865,full_polybeam,khz_comb,1000.0,multi,coherent_ab,2,1,1,54575,80.727,0.1663831485215053,5.3123270866481575e-09,0.0149220859960422,0,2,2,2,0.0,0.0149220859960422,0.0,0.0457676818690719,5.3123270866481575e-09,2808954.6732818866,3.5187037430104113,3.5187037430104113,0.00899028414031826,False,20268388,100,0.8262855457492745,0.3199467129294389,0.1485148514851485,0.4158415841584158,123.55143539737401,35157.60895918755,111.25205096835452,124.71596724763694,125.5982292956108,35112.59757467682,35267.7795535566,35282.42038318611,10.039896240834423,0.8009515529486512,0.7589293060189696,35157.60895918755,340.0425932080867,18440185.57615971,0.0019065756585791018,1261,0.059490460698200555,-1.445965571882522,1.4440828042107998,-4095.9999999999995,4090.666666666666,C:\Users\kimeu\Downloads\starlink_pathB_wsl_package_v0_3_clean\starlink_pathB\paper_final_experiment_check\outputs\random1200_null_random1200_seed2\4_196_lst048_quiet_full_polybeam_khz_comb_S1000_multi.npz,9.10175923472585,9444.443085672718,1.7798436919007438e-05,140609741.2109375,False,False,False,False,False,False,False,False,False,False,False,False
4_196,190.65540049004915,long,typical,53,2461041.8680555555,2461041.8748785085,frozen_polybeam,smooth,30.0,single,coherent_ab,3,5,1,58060,87.838,0.1665616599462365,1.04736401041449e-07,0.3041325609933296,1,3,3,3,0.0023396773596836,0.3041325609933296,0.0023396773596836,0.4996640359057469,1.04736401041449e-07,2903790.4488714524,0.5670465005682819,0.5670465005682819,0.0008359169538347735,False,20268410,100,2.145130421193612,0.9193195761718335,0.0891089108910891,0.07920792079207921,10.573120833903886,1357.5237978511839,8.588385581713737,10.871556614111432,11.441257000934147,1320.9191765460678,1357.6521801715162,1358.978413085089,0.6240579008081113,1.3738302633353452,1.3022377943611798,1357.5237978511839,233.30703797982005,4081507.6017729165,0.0003326035206357341,1261,0.059490460698200555,-1.445965571882522,1.4440828042107998,-4095.9999999999995,4090.666666666666,C:\Users\kimeu\Downloads\starlink_pathB_wsl_package_v0_3_clean\starlink_pathB\paper_final_experiment_check\outputs\random1200_null_random1200_seed2\4_196_lst053_typical_frozen_polybeam_smooth_S30_single.npz,9.10175923472585,9444.443085672718,1.7798436919007438e-05,140609741.2109375,True,False,False,False,False,False,False,False,False,False,False,False
4_196,190.65540049004915,long,typical,53,2461041.8680555555,2461041.8748785085,frozen_polybeam,smooth,30.0,multi,coherent_ab,3,5,5,58060;47694;48390;54490;59862,87.838;86.360;86.054;83.053;72.135,0.1665616599462365,1.04736401041449e-07,0.3041325609933296,1,3,3,3,0.0023396773596836,0.3041325609933296,0.0023396773596836,0.4996640359057469,1.04736401041449e-07,2903790.4488714524,2.0704695674402425,0.892927084883813,0.0036514590971520873,False,20268427,100,-1.2620833566770926,-1.5499761322539805,0.9306930693069307,0.8514851485148515,7.172381547475197,1432.5985846945669,11.062898702674374,17.5912744387364,18.61546693799588,1894.8733356392368,2182.153653368342,2234.2496723087343,2.0791953692155403,2.2467554199203534,1.4211732606586596,1432.5985846945669,441.5461461171134,4081507.6017729165,0.0003509974069562624,1261,0.059490460698200555,-1.445965571882522,1.4440828042107998,-4095.9999999999995,4090.666666666666,C:\Users\kimeu\Downloads\starlink_pathB_wsl_package_v0_3_clean\starlink_pathB\paper_final_experiment_check\outputs\random1200_null_random1200_seed2\4_196_lst053_typical_frozen_polybeam_smooth_S30_multi.npz,9.10175923472585,9444.443085672718,1.7798436919007438e-05,140609741.2109375,False,False,False,False,False,False,False,False,False,False,False,False
4_196,190.65540049004915,long,typical,53,2461041.8680555555,2461041.8748785085,frozen_polybeam,smooth,1000.0,single,coherent_ab,3,5,1,58060,87.838,0.1665616599462365,1.04736401041449e-07,0.3041325609933296,1,3,3,3,0.0023396773596836,0.3041325609933296,0.0023396773596836,0.4996640359057469,1.04736401041449e-07,2903790.4488714524,18.901550018942732,18.901550018942732,0.027863898461159116,False,20268444,100,2.1349333075982764,0.8673190674834513,0.1188118811881188,0.09900990099009901,351.0340874811227,45189.07495475633,285.95400719094687,370.1660055942045,380.88971523051754,44170.84529047202,45293.875861649365,45349.8996812162,20.560788772882006,1.450814654211753,1.295994312006479,45189.07495475633,7101.4160707028295,4081507.6017729165,0.011071662572704066,1261,0.059490460698200555,-1.445965571882522,1.4440828042107998,-4095.9999999999995,4090.666666666666,C:\Users\kimeu\Downloads\starlink_pathB_wsl_package_v0_3_clean\starlink_pathB\paper_final_experiment_check\outputs\random1200_null_random1200_seed2\4_196_lst053_typical_frozen_polybeam_smooth_S1000_single.npz,9.10175923472585,9444.443085672718,1.7798436919007438e-05,140609741.2109375,True,False,False,False,False,False,False,False,False,False,False,False
4_196,190.65540049004915,long,typical,53,2461041.8680555555,2461041.8748785085,frozen_polybeam,smooth,1000.0,multi,coherent_ab,3,5,5,58060;47694;48390;54490;59862,87.838;86.360;86.054;83.053;72.135,0.1665616599462365,1.04736401041449e-07,0.3041325609933296,1,3,3,3,0.0023396773596836,0.3041325609933296,0.0023396773596836,0.4996640359057469,1.04736401041449e-07,2903790.4488714524,69.01565224800808,29.76423616279376,0.12171530323840289,False,20268461,100,-1.0564572395560408,-0.8575111438507432,0.9108910891089109,0.801980198019802,238.83087241628255,47690.88264776318,341.5622676251767,570.649017307506,669.5823167194374,59213.28474694347,72453.15378846676,73591.75093152604,65.5884348008783,2.289613928902442,1.3935872271987497,47690.88264776318,14412.981360711346,4081507.6017729165,0.01168462423714397,1261,0.059490460698200555,-1.445965571882522,1.4440828042107998,-4095.9999999999995,4090.666666666666,C:\Users\kimeu\Downloads\starlink_pathB_wsl_package_v0_3_clean\starlink_pathB\paper_final_experiment_check\outputs\random1200_null_random1200_seed2\4_196_lst053_typical_frozen_polybeam_smooth_S1000_multi.npz,9.10175923472585,9444.443085672718,1.7798436919007438e-05,140609741.2109375,False,False,False,False,False,False,False,False,False,False,False,False
4_196,190.65540049004915,long,typical,53,2461041.8680555555,2461041.8748785085,frozen_polybeam,lines,30.0,single,coherent_ab,3,5,1,58060,87.838,0.1665616599462365,1.04736401041449e-07,0.3041325609933296,1,3,3,3,0.0023396773596836,0.3041325609933296,0.0023396773596836,0.4996640359057469,1.04736401041449e-07,2903790.4488714524,0.5670171413151995,0.5670171413151995,0.0008365850740040639,False,20268478,100,2.1505703820123743,0.8366393076349349,0.09900990099009901,0.04950495049504951,10.58034447978207,1357.829002999727,8.609243535051291,11.302156251025462,11.433570991609704,1319.4767562506042,1356.8796042856802,1359.0057267336622,0.6182031447733607,1.5176747596337483,1.4266808857666746,1357.829002999727,234.00675907600203,4081507.6017729165,0.00033267829818812934,1261,0.059490460698200555,-1.445965571882522,1.4440828042107998,-4095.9999999999995,4090.666666666666,C:\Users\kimeu\Downloads\starlink_pathB_wsl_package_v0_3_clean\starlink_pathB\paper_final_experiment_check\outputs\random1200_null_random1200_seed2\4_196_lst053_typical_frozen_polybeam_lines_S30_single.npz,9.10175923472585,9444.443085672718,1.7798436919007438e-05,140609741.2109375,True,False,False,False,False,False,False,False,False,False,False,False
4_196,190.65540049004915,long,typical,53,2461041.8680555555,2461041.8748785085,frozen_polybeam,lines,30.0,multi,coherent_ab,3,5,5,58060;47694;48390;54490;59862,87.838;86.360;86.054;83.053;72.135,0.1665616599462365,1.04736401041449e-07,0.3041325609933296,1,3,3,3,0.0023396773596836,0.3041325609933296,0.0023396773596836,0.4996640359057469,1.04736401041449e-07,2903790.4488714524,2.070355987022883,0.8928552764008917,0.0036567505821498386,False,20268495,100,-0.919162618532334,-1.2025434743213248,0.9207920792079208,0.7722772277227723,7.134858155307484,1434.7977900222027,10.753402815742447,17.807989937759704,19.519300862083703,1865.6917117026396,2170.443594567941,2232.882296399771,2.6553244083336267,2.5060505510336086,1.514377692926093,1434.7977900222027,443.0674776655093,4081507.6017729165,0.0003515362287697218,1261,0.059490460698200555,-1.445965571882522,1.4440828042107998,-4095.9999999999995,4090.666666666666,C:\Users\kimeu\Downloads\starlink_pathB_wsl_package_v0_3_clean\starlink_pathB\paper_final_experiment_check\outputs\random1200_null_random1200_seed2\4_196_lst053_typical_frozen_polybeam_lines_S30_multi.npz,9.10175923472585,9444.443085672718,1.7798436919007438e-05,140609741.2109375,False,False,False,False,False,False,False,False,False,False,False,False
4_196,190.65540049004915,long,typical,53,2461041.8680555555,2461041.8748785085,frozen_polybeam,lines,1000.0,single,coherent_ab,3,5,1,58060,87.838,0.1665616599462365,1.04736401041449e-07,0.3041325609933296,1,3,3,3,0.0023396773596836,0.3041325609933296,0.0023396773596836,0.4996640359057469,1.04736401041449e-07,2903790.4488714524,18.900571377173314,18.900571377173314,0.027886169133468804,False,20268512,100,1.8703240968939188,0.8072676171070697,0.15841584158415842,0.10891089108910891,351.2402919569686,45193.200061932745,292.505891006369,381.3547212992991,381.9403537665659,44248.53066336886,45340.834612282684,45387.98850557839,21.181254505763718,0.9303215743654306,0.8620308562685732,45193.200061932745,7124.872929468315,4081507.6017729165,0.01107267325492713,1261,0.059490460698200555,-1.445965571882522,1.4440828042107998,-4095.9999999999995,4090.666666666666,C:\Users\kimeu\Downloads\starlink_pathB_wsl_package_v0_3_clean\starlink_pathB\paper_final_experiment_check\outputs\random1200_null_random1200_seed2\4_196_lst053_typical_frozen_polybeam_lines_S1000_single.npz,9.10175923472585,9444.443085672718,1.7798436919007438e-05,140609741.2109375,False,False,False,False,False,False,False,False,False,False,False,False
4_196,190.65540049004915,long,typical,53,2461041.8680555555,2461041.8748785085,frozen_polybeam,lines,1000.0,multi,coherent_ab,3,5,5,58060;47694;48390;54490;59862,87.838;86.360;86.054;83.053;72.135,0.1665616599462365,1.04736401041449e-07,0.3041325609933296,1,3,3,3,0.0023396773596836,0.3041325609933296,0.0023396773596836,0.4996640359057469,1.04736401041449e-07,2903790.4488714524,69.01186623409609,29.761842546696386,0.12189168607166131,False,20268529,100,-0.9588739904192346,-0.9244356230290249,0.8811881188118812,0.7623762376237624,237.57815247929648,47773.23128924155,355.7730995521615,579.0817005467892,661.3949118034153,59881.7030894386,72014.02991401336,74840.42029284437,83.14064247651277,2.4358627401513586,1.511965232526887,47773.23128924155,14459.162600444655,4081507.6017729165,0.011704800272450777,1261,0.059490460698200555,-1.445965571882522,1.4440828042107998,-4095.9999999999995,4090.666666666666,C:\Users\kimeu\Downloads\starlink_pathB_wsl_package_v0_3_clean\starlink_pathB\paper_final_experiment_check\outputs\random1200_null_random1200_seed2\4_196_lst053_typical_frozen_polybeam_lines_S1000_multi.npz,9.10175923472585,9444.443085672718,1.7798436919007438e-05,140609741.2109375,False,False,False,False,False,False,False,False,False,False,False,False
4_196,190.65540049004915,long,typical,53,2461041.8680555555,2461041.8748785085,frozen_polybeam,khz_comb,30.0,single,coherent_ab,3,5,1,58060,87.838,0.1665616599462365,1.04736401041449e-07,0.3041325609933296,1,3,3,3,0.0023396773596836,0.3041325609933296,0.0023396773596836,0.4996640359057469,1.04736401041449e-07,2903790.4488714524,0.4666428028012265,0.4666428028012265,0.0007484526488507515,False,20268546,100,1.3341125136006529,0.6975876742403511,0.2079207920792079,0.2079207920792079,9.063420528136703,1291.9411407481261,7.7693813979512925,10.222149710850863,10.297785519077278,1268.243340947778,1293.4074274213021,1293.923245771124,0.6542307540130423,0.9110282631460157,0.8871494779525427,1291.9411407481261,210.43424731963947,4081507.6017729165,0.0003165352773536268,1261,0.059490460698200555,-1.445965571882522,1.4440828042107998,-4095.9999999999995,4090.666666666666,C:\Users\kimeu\Downloads\starlink_pathB_wsl_package_v0_3_clean\starlink_pathB\paper_final_experiment_check\outputs\random1200_null_random1200_seed2\4_196_lst053_typical_frozen_polybeam_khz_comb_S30_single.npz,9.10175923472585,9444.443085672718,1.7798436919007438e-05,140609741.2109375,False,False,False,False,False,False,False,False,False,False,False,False
4_196,190.65540049004915,long,typical,53,2461041.8680555555,2461041.8748785085,frozen_polybeam,khz_comb,30.0,multi,coherent_ab,3,5,5,58060;47694;48390;54490;59862,87.838;86.360;86.054;83.053;72.135,0.1665616599462365,1.04736401041449e-07,0.3041325609933296,1,3,3,3,0.0023396773596836,0.3041325609933296,0.0023396773596836,0.4996640359057469,1.04736401041449e-07,2903790.4488714524,1.7147132650487826,0.7348005171575003,0.0032260348069283865,False,20268563,100,-0.9457488583143122,-1.051236428215131,0.9108910891089109,0.8811881188118812,6.792080825485755,1320.9428000421249,10.053352837744342,15.360474494724622,17.049334460992544,1703.0491422483592,2108.124746486699,2145.197912992141,2.325879452108211,2.3701263265102486,1.281471407025132,1320.9428000421249,400.796736683114,4081507.6017729165,0.0003236409015796851,1261,0.059490460698200555,-1.445965571882522,1.4440828042107998,-4095.9999999999995,4090.666666666666,C:\Users\kimeu\Downloads\starlink_pathB_wsl_package_v0_3_clean\starlink_pathB\paper_final_experiment_check\outputs\random1200_null_random1200_seed2\4_196_lst053_typical_frozen_polybeam_khz_comb_S30_multi.npz,9.10175923472585,9444.443085672718,1.7798436919007438e-05,140609741.2109375,False,False,False,False,False,False,False,False,False,False,False,False
4_196,190.65540049004915,long,typical,53,2461041.8680555555,2461041.8748785085,frozen_polybeam,khz_comb,1000.0,single,coherent_ab,3,5,1,58060,87.838,0.1665616599462365,1.04736401041449e-07,0.3041325609933296,1,3,3,3,0.0023396773596836,0.3041325609933296,0.0023396773596836,0.4996640359057469,1.04736401041449e-07,2903790.4488714524,15.554760093374215,15.554760093374215,0.024948421628358385,False,20268580,100,1.2831080775158639,0.6426359185401441,0.2079207920792079,0.25742574257425743,300.77135172912676,43011.40953467525,260.37792388975686,339.6880520371145,341.44766112924066,42226.5794641282,43172.756928629424,43194.05008344689,21.2335923205992,1.1565615062147463,1.0618654688345044,43011.40953467525,6413.142920337935,4081507.6017729165,0.010538118198283411,1261,0.059490460698200555,-1.445965571882522,1.4440828042107998,-4095.9999999999995,4090.666666666666,C:\Users\kimeu\Downloads\starlink_pathB_wsl_package_v0_3_clean\starlink_pathB\paper_final_experiment_check\outputs\random1200_null_random1200_seed2\4_196_lst053_typical_frozen_polybeam_khz_comb_S1000_single.npz,9.10175923472585,9444.443085672718,1.7798436919007438e-05,140609741.2109375,False,False,False,False,False,False,False,False,False,False,False,False
4_196,190.65540049004915,long,typical,53,2461041.8680555555,2461041.8748785085,frozen_polybeam,khz_comb,1000.0,multi,coherent_ab,3,5,5,58060;47694;48390;54490;59862,87.838;86.360;86.054;83.053;72.135,0.1665616599462365,1.04736401041449e-07,0.3041325609933296,1,3,3,3,0.0023396773596836,0.3041325609933296,0.0023396773596836,0.4996640359057469,1.04736401041449e-07,2903790.4488714524,57.157108834959416,24.493350571916668,0.10753449356427955,False,20268597,100,-0.9692933674375538,-0.905104257769081,0.8712871287128713,0.9108910891089109,226.15882701090504,43971.68094341112,310.38093453199053,499.6289148107315,531.5639778915482,56544.6325997522,68669.13643022074,69976.95426833954,58.60664601140601,3.1267084866899544,1.4168908635409783,43971.68094341112,13046.272043429874,4081507.6017729165,0.010773391901637227,1261,0.059490460698200555,-1.445965571882522,1.4440828042107998,-4095.9999999999995,4090.666666666666,C:\Users\kimeu\Downloads\starlink_pathB_wsl_package_v0_3_clean\starlink_pathB\paper_final_experiment_check\outputs\random1200_null_random1200_seed2\4_196_lst053_typical_frozen_polybeam_khz_comb_S1000_multi.npz,9.10175923472585,9444.443085672718,1.7798436919007438e-05,140609741.2109375,False,False,False,False,False,False,False,False,False,False,False,False
4_196,190.65540049004915,long,typical,53,2461041.8680555555,2461041.8748785085,full_polybeam,smooth,30.0,single,coherent_ab,3,5,1,58060,87.838,0.1665616599462365,1.04736401041449e-07,0.3041325609933296,1,3,3,3,0.0023396773596836,0.3041325609933296,0.0023396773596836,0.4996640359057469,1.04736401041449e-07,2903790.4488714524,0.696298477778731,0.696298477778731,0.0010396742190294625,False,20268614,100,1.428416144045688,0.54506670942153,0.18811881188118812,0.2871287128712871,10.627837275616912,1459.0067171809815,8.28049113139241,11.745975886773703,11.867387339579546,1420.202313131077,1476.9953635838986,1479.8418953540681,1.1084047811782511,0.7845541597485539,0.7451968610178817,1459.0067171809815,286.2304152650516,4081507.6017729165,0.0003574675976463259,1261,0.059490460698200555,-1.445965571882522,1.4440828042107998,-4095.9999999999995,4090.666666666666,C:\Users\kimeu\Downloads\starlink_pathB_wsl_package_v0_3_clean\starlink_pathB\paper_final_experiment_check\outputs\random1200_null_random1200_seed2\4_196_lst053_typical_full_polybeam_smooth_S30_single.npz,9.10175923472585,9444.443085672718,1.7798436919007438e-05,140609741.2109375,False,False,False,False,False,False,False,False,False,False,False,False
4_196,190.65540049004915,long,typical,53,2461041.8680555555,2461041.8748785085,full_polybeam,smooth,30.0,multi,coherent_ab,3,5,5,58060;47694;48390;54490;59862,87.838;86.360;86.054;83.053;72.135,0.1665616599462365,1.04736401041449e-07,0.3041325609933296,1,3,3,3,0.0023396773596836,0.3041325609933296,0.0023396773596836,0.4996640359057469,1.04736401041449e-07,2903790.4488714524,3.1019169751323505,1.257142058239199,0.005338644964717677,False,20268631,100,-0.9362982721647995,-0.8569144399091712,0.8514851485148515,0.7623762376237624,8.21669885020492,1760.808598325196,11.116174400698583,17.193768196648122,18.756326976783168,1995.4035392883593,2359.4267051887937,2389.868983502723,2.088724847921185,2.797850361940552,1.543857308885169,1760.808598325196,680.9967685358529,4081507.6017729165,0.0004314113239824274,1261,0.059490460698200555,-1.445965571882522,1.4440828042107998,-4095.9999999999995,4090.666666666666,C:\Users\kimeu\Downloads\starlink_pathB_wsl_package_v0_3_clean\starlink_pathB\paper_final_experiment_check\outputs\random1200_null_random1200_seed2\4_196_lst053_typical_full_polybeam_smooth_S30_multi.npz,9.10175923472585,9444.443085672718,1.7798436919007438e-05,140609741.2109375,False,False,False,False,False,False,False,False,False,False,False,False
4_196,190.65540049004915,long,typical,53,2461041.8680555555,2461041.8748785085,full_polybeam,smooth,1000.0,single,coherent_ab,3,5,1,58060,87.838,0.1665616599462365,1.04736401041449e-07,0.3041325609933296,1,3,3,3,0.0023396773596836,0.3041325609933296,0.0023396773596836,0.4996640359057469,1.04736401041449e-07,2903790.4488714524,23.209949259291033,23.209949259291033,0.03465580730098208,False,20268648,100,1.7453891775833268,0.5276749388755685,0.1782178217821782,0.2871287128712871,350.93546513052206,48512.801412109846,272.2548219869436,390.8078110916984,392.4690785635015,47333.31780412399,49229.835039187084,49374.99619087354,30.405463395561583,0.825028839347257,0.7748477888134329,48512.801412109846,8482.877354831187,4081507.6017729165,0.0118860005040875,1261,0.059490460698200555,-1.445965571882522,1.4440828042107998,-4095.9999999999995,4090.666666666666,C:\Users\kimeu\Downloads\starlink_pathB_wsl_package_v0_3_clean\starlink_pathB\paper_final_experiment_check\outputs\random1200_null_random1200_seed2\4_196_lst053_typical_full_polybeam_smooth_S1000_single.npz,9.10175923472585,9444.443085672718,1.7798436919007438e-05,140609741.2109375,False,False,False,False,False,False,False,False,False,False,False,False
4_196,190.65540049004915,long,typical,53,2461041.8680555555,2461041.8748785085,full_polybeam,smooth,1000.0,multi,coherent_ab,3,5,5,58060;47694;48390;54490;59862,87.838;86.360;86.054;83.053;72.135,0.1665616599462365,1.04736401041449e-07,0.3041325609933296,1,3,3,3,0.0023396773596836,0.3041325609933296,0.0023396773596836,0.4996640359057469,1.04736401041449e-07,2903790.4488714524,103.39723250441168,41.90473527463996,0.17795483215725594,False,20268665,100,-0.746881201547907,-0.9599310442941071,0.8118811881188119,0.7920792079207921,273.46721319379594,58732.544133844225,353.2248303813003,569.8593169033353,647.8184515999343,68079.01500425706,79638.56152117401,81724.87700027446,72.02721889284658,2.7366532801618475,1.6594953009136415,58732.544133844225,22209.03019974359,4081507.6017729165,0.014389914184732159,1261,0.059490460698200555,-1.445965571882522,1.4440828042107998,-4095.9999999999995,4090.666666666666,C:\Users\kimeu\Downloads\starlink_pathB_wsl_package_v0_3_clean\starlink_pathB\paper_final_experiment_check\outputs\random1200_null_random1200_seed2\4_196_lst053_typical_full_polybeam_smooth_S1000_multi.npz,9.10175923472585,9444.443085672718,1.7798436919007438e-05,140609741.2109375,False,False,False,False,False,False,False,False,False,False,False,False
4_196,190.65540049004915,long,typical,53,2461041.8680555555,2461041.8748785085,full_polybeam,lines,30.0,single,coherent_ab,3,5,1,58060,87.838,0.1665616599462365,1.04736401041449e-07,0.3041325609933296,1,3,3,3,0.0023396773596836,0.3041325609933296,0.0023396773596836,0.4996640359057469,1.04736401041449e-07,2903790.4488714524,0.6962501148184663,0.6962501148184663,0.0010404110348657414,False,20268682,100,1.7069767688675037,0.5539252645700756,0.12871287128712872,0.26732673267326734,10.703140816753148,1459.0129478002568,8.29880884110753,11.788063922050423,11.981095591061093,1420.112060482185,1478.9312804545916,1479.9224558005649,0.9500420450144702,1.1398799800978425,1.0690048135737193,1459.0129478002568,286.99654136619745,4081507.6017729165,0.0003574691241948181,1261,0.059490460698200555,-1.445965571882522,1.4440828042107998,-4095.9999999999995,4090.666666666666,C:\Users\kimeu\Downloads\starlink_pathB_wsl_package_v0_3_clean\starlink_pathB\paper_final_experiment_check\outputs\random1200_null_random1200_seed2\4_196_lst053_typical_full_polybeam_lines_S30_single.npz,9.10175923472585,9444.443085672718,1.7798436919007438e-05,140609741.2109375,False,False,False,False,False,False,False,False,False,False,False,False
4_196,190.65540049004915,long,typical,53,2461041.8680555555,2461041.8748785085,full_polybeam,lines,30.0,multi,coherent_ab,3,5,5,58060;47694;48390;54490;59862,87.838;86.360;86.054;83.053;72.135,0.1665616599462365,1.04736401041449e-07,0.3041325609933296,1,3,3,3,0.0023396773596836,0.3041325609933296,0.0023396773596836,0.4996640359057469,1.04736401041449e-07,2903790.4488714524,3.101707233351594,1.257040959879045,0.005345179636968295,False,20268699,100,-0.7470171700552435,-0.7825915575756089,0.8514851485148515,0.7623762376237624,8.273579655593494,1763.8906455358,10.805854201596503,17.873219414432924,20.38366748283963,2026.5972681099674,2401.316831609095,2495.1549749629366,2.28642104921164,2.970920100791505,1.594463052136797,1763.8906455358,682.6867933026435,4081507.6017729165,0.00043216644868420806,1261,0.059490460698200555,-1.445965571882522,1.4440828042107998,-4095.9999999999995,4090.666666666666,C:\Users\kimeu\Downloads\starlink_pathB_wsl_package_v0_3_clean\starlink_pathB\paper_final_experiment_check\outputs\random1200_null_random1200_seed2\4_196_lst053_typical_full_polybeam_lines_S30_multi.npz,9.10175923472585,9444.443085672718,1.7798436919007438e-05,140609741.2109375,False,False,False,False,False,False,False,False,False,False,False,False
4_196,190.65540049004915,long,typical,53,2461041.8680555555,2461041.8748785085,full_polybeam,lines,1000.0,single,coherent_ab,3,5,1,58060,87.838,0.1665616599462365,1.04736401041449e-07,0.3041325609933296,1,3,3,3,0.0023396773596836,0.3041325609933296,0.0023396773596836,0.4996640359057469,1.04736401041449e-07,2903790.4488714524,23.208337160615542,23.208337160615542,0.034680367828858055,False,20268716,100,1.740107441350577,0.4753182882429534,0.09900990099009901,0.3069306930693069,353.45119212713325,48513.68871995354,274.2968492032778,388.6196020737787,395.27804473593517,47090.367184822695,49380.529954109414,49465.0848167782,30.681365762762653,1.359611710554286,1.190267491529751,48513.68871995354,8509.084956015424,4081507.6017729165,0.011886217901169721,1261,0.059490460698200555,-1.445965571882522,1.4440828042107998,-4095.9999999999995,4090.666666666666,C:\Users\kimeu\Downloads\starlink_pathB_wsl_package_v0_3_clean\starlink_pathB\paper_final_experiment_check\outputs\random1200_null_random1200_seed2\4_196_lst053_typical_full_polybeam_lines_S1000_single.npz,9.10175923472585,9444.443085672718,1.7798436919007438e-05,140609741.2109375,False,False,False,False,False,False,False,False,False,False,False,False
4_196,190.65540049004915,long,typical,53,2461041.8680555555,2461041.8748785085,full_polybeam,lines,1000.0,multi,coherent_ab,3,5,5,58060;47694;48390;54490;59862,87.838;86.360;86.054;83.053;72.135,0.1665616599462365,1.04736401041449e-07,0.3041325609933296,1,3,3,3,0.0023396773596836,0.3041325609933296,0.0023396773596836,0.4996640359057469,1.04736401041449e-07,2903790.4488714524,103.39024111171979,41.9013653293015,0.17817265456560985,False,20268733,100,-0.6748247402036136,-0.6483142909218932,0.7920792079207921,0.7326732673267327,272.4216733639332,58838.80068981297,345.0803823015849,572.6600007505842,652.2534941556515,65506.00785360149,79125.60304911324,81528.07992018797,72.6227490698675,2.8366264678197908,1.5872828857738213,58838.80068981297,22256.573711882673,4081507.6017729165,0.014415947838552278,1261,0.059490460698200555,-1.445965571882522,1.4440828042107998,-4095.9999999999995,4090.666666666666,C:\Users\kimeu\Downloads\starlink_pathB_wsl_package_v0_3_clean\starlink_pathB\paper_final_experiment_check\outputs\random1200_null_random1200_seed2\4_196_lst053_typical_full_polybeam_lines_S1000_multi.npz,9.10175923472585,9444.443085672718,1.7798436919007438e-05,140609741.2109375,False,False,False,False,False,False,False,False,False,False,False,False
4_196,190.65540049004915,long,typical,53,2461041.8680555555,2461041.8748785085,full_polybeam,khz_comb,30.0,single,coherent_ab,3,5,1,58060,87.838,0.1665616599462365,1.04736401041449e-07,0.3041325609933296,1,3,3,3,0.0023396773596836,0.3041325609933296,0.0023396773596836,0.4996640359057469,1.04736401041449e-07,2903790.4488714524,0.5729987355866478,0.5729987355866478,0.0009092996010267155,False,20268750,100,1.1815302779269934,0.4166272961284216,0.21782178217821782,0.33663366336633666,9.094275948515133,1346.8999622771348,7.6000192486894775,10.635287405809141,10.72300582806005,1322.4274055887154,1368.3785096844622,1368.9741085107553,0.8530143959465022,0.9589943621227489,0.8981291981163122,1346.8999622771348,254.61439106458184,4081507.6017729165,0.0003300006011729762,1261,0.059490460698200555,-1.445965571882522,1.4440828042107998,-4095.9999999999995,4090.666666666666,C:\Users\kimeu\Downloads\starlink_pathB_wsl_package_v0_3_clean\starlink_pathB\paper_final_experiment_check\outputs\random1200_null_random1200_seed2\4_196_lst053_typical_full_polybeam_khz_comb_S30_single.npz,9.10175923472585,9444.443085672718,1.7798436919007438e-05,140609741.2109375,False,False,False,False,False,False,False,False,False,False,False,False
4_196,190.65540049004915,long,typical,53,2461041.8680555555,2461041.8748785085,full_polybeam,khz_comb,30.0,multi,coherent_ab,3,5,5,58060;47694;48390;54490;59862,87.838;86.360;86.054;83.053;72.135,0.1665616599462365,1.04736401041449e-07,0.3041325609933296,1,3,3,3,0.0023396773596836,0.3041325609933296,0.0023396773596836,0.4996640359057469,1.04736401041449e-07,2903790.4488714524,2.552637744747536,1.0345174316834673,0.004590032207687798,False,20268767,100,-0.7806417681578234,-0.7776515121337434,0.8712871287128713,0.8118811881188119,7.523675041837123,1561.5699893240699,9.71386500744211,14.676362931299627,16.228738279411736,1781.1718515654738,2144.547410267195,2224.7309014086118,1.8923697828582817,2.8596956335518424,1.4024553364987042,1561.5699893240699,595.2693477519791,4081507.6017729165,0.0003825963692057705,1261,0.059490460698200555,-1.445965571882522,1.4440828042107998,-4095.9999999999995,4090.666666666666,C:\Users\kimeu\Downloads\starlink_pathB_wsl_package_v0_3_clean\starlink_pathB\paper_final_experiment_check\outputs\random1200_null_random1200_seed2\4_196_lst053_typical_full_polybeam_khz_comb_S30_multi.npz,9.10175923472585,9444.443085672718,1.7798436919007438e-05,140609741.2109375,False,False,False,False,False,False,False,False,False,False,False,False
4_196,190.65540049004915,long,typical,53,2461041.8680555555,2461041.8748785085,full_polybeam,khz_comb,1000.0,single,coherent_ab,3,5,1,58060,87.838,0.1665616599462365,1.04736401041449e-07,0.3041325609933296,1,3,3,3,0.0023396773596836,0.3041325609933296,0.0023396773596836,0.4996640359057469,1.04736401041449e-07,2903790.4488714524,19.09995785288826,19.09995785288826,0.030309986700890513,False,20268784,100,1.4973514034204447,0.48665719013039505,0.1782178217821782,0.26732673267326734,300.27883621927504,44819.31091586332,249.47257522280597,351.4852843977089,355.1538688995634,43686.2994007597,45567.54269189023,45716.62699214945,22.88597952851569,1.226013087991954,1.1613167878374513,44819.31091586332,7680.731146659126,4081507.6017729165,0.010981067607566088,1261,0.059490460698200555,-1.445965571882522,1.4440828042107998,-4095.9999999999995,4090.666666666666,C:\Users\kimeu\Downloads\starlink_pathB_wsl_package_v0_3_clean\starlink_pathB\paper_final_experiment_check\outputs\random1200_null_random1200_seed2\4_196_lst053_typical_full_polybeam_khz_comb_S1000_single.npz,9.10175923472585,9444.443085672718,1.7798436919007438e-05,140609741.2109375,False,False,False,False,False,False,False,False,False,False,False,False
4_196,190.65540049004915,long,typical,53,2461041.8680555555,2461041.8748785085,full_polybeam,khz_comb,1000.0,multi,coherent_ab,3,5,5,58060;47694;48390;54490;59862,87.838;86.360;86.054;83.053;72.135,0.1665616599462365,1.04736401041449e-07,0.3041325609933296,1,3,3,3,0.0023396773596836,0.3041325609933296,0.0023396773596836,0.4996640359057469,1.04736401041449e-07,2903790.4488714524,85.08792482491786,34.483914389448906,0.1530010735895933,False,20268801,100,-1.126944583586824,-0.5358621969927313,0.8910891089108911,0.7722772277227723,250.3521005915345,52095.26712284603,332.30235461132725,510.2508921940694,576.1768931492982,58373.06169252549,72908.02663954553,75385.0639830819,49.04827608930191,2.7087185231688067,1.5803422667215603,52095.26712284603,19430.28070402255,4081507.6017729165,0.012763731494758701,1261,0.059490460698200555,-1.445965571882522,1.4440828042107998,-4095.9999999999995,4090.666666666666,C:\Users\kimeu\Downloads\starlink_pathB_wsl_package_v0_3_clean\starlink_pathB\paper_final_experiment_check\outputs\random1200_null_random1200_seed2\4_196_lst053_typical_full_polybeam_khz_comb_S1000_multi.npz,9.10175923472585,9444.443085672718,1.7798436919007438e-05,140609741.2109375,False,False,False,False,False,False,False,False,False,False,False,False
4_196,190.65540049004915,long,stress,0,2461041.5,2461041.506822953,frozen_polybeam,smooth,30.0,single,coherent_ab,4,3,1,53976,86.545,0.2652994791666667,0.0001677236185346,0.5502745938468236,1,4,4,4,0.3308758856684498,0.5502745938468236,0.3308758856684498,0.7280464634021924,0.0001677236185346,3280.8414143128903,1.1743293134447497,1.1743293134447497,0.0013886968189508807,False,20268765,100,1.1752416944595234,-0.6779146378130131,0.19801980198019803,0.8811881188118812,12.899931174431913,2316.3186016048403,10.859603066862242,14.645102661367583,14.997993026239856,2333.6748736366853,2378.2699609122546,2378.4938113491626,1.170978243321258,0.9102391831885494,0.820963274571178,2316.3186016048403,408.652108744251,7539724.135843243,0.00030721529858012276,1261,0.059490460698200555,-1.445965571882522,1.4440828042107998,-4095.9999999999995,4090.666666666666,C:\Users\kimeu\Downloads\starlink_pathB_wsl_package_v0_3_clean\starlink_pathB\paper_final_experiment_check\outputs\random1200_null_random1200_seed2\4_196_lst000_stress_frozen_polybeam_smooth_S30_single.npz,9.10175923472585,9444.443085672718,1.7798436919007438e-05,140609741.2109375,False,False,False,False,False,False,False,False,False,False,False,False
4_196,190.65540049004915,long,stress,0,2461041.5,2461041.506822953,frozen_polybeam,smooth,30.0,multi,coherent_ab,4,3,3,53976;54093;56109,86.545;85.567;70.536,0.2652994791666667,0.0001677236185346,0.5502745938468236,1,4,4,4,0.3308758856684498,0.5502745938468236,0.3308758856684498,0.7280464634021924,0.0001677236185346,3280.8414143128903,1.5164806382163643,1.1743293134447497,0.002162108928505575,False,20268782,100,4.322327363630976,1.5980305217528117,0.039603960396039604,0.1485148514851485,16.68260189888497,2726.8680119872324,10.831972117054953,15.94445492848299,18.743293592229037,2648.100173578095,2758.0506164084627,2772.1448174094703,0.9129793726794233,2.2989901173362335,1.5041914763339228,2726.8680119872324,509.9247111808903,7539724.135843243,0.00036166681470797065,1261,0.059490460698200555,-1.445965571882522,1.4440828042107998,-4095.9999999999995,4090.666666666666,C:\Users\kimeu\Downloads\starlink_pathB_wsl_package_v0_3_clean\starlink_pathB\paper_final_experiment_check\outputs\random1200_null_random1200_seed2\4_196_lst000_stress_frozen_polybeam_smooth_S30_multi.npz,9.10175923472585,9444.443085672718,1.7798436919007438e-05,140609741.2109375,True,True,True,False,False,False,False,False,False,False,False,False
4_196,190.65540049004915,long,stress,0,2461041.5,2461041.506822953,frozen_polybeam,smooth,1000.0,single,coherent_ab,4,3,1,53976,86.545,0.2652994791666667,0.0001677236185346,0.5502745938468236,1,4,4,4,0.3308758856684498,0.5502745938468236,0.3308758856684498,0.7280464634021924,0.0001677236185346,3280.8414143128903,39.14431044815832,39.14431044815832,0.046289893965029354,False,20268799,100,1.8547389651809647,-0.20020481093286138,0.16831683168316833,0.6138613861386139,434.55455733392046,77745.32378357761,348.34060089813534,500.21971790416455,504.3217275857428,77937.61162223964,79216.62196721125,79400.06911857075,31.352399472656316,1.0818349965678937,0.9785125329522644,77745.32378357761,16107.804189920016,7539724.135843243,0.010311428161407468,1261,0.059490460698200555,-1.445965571882522,1.4440828042107998,-4095.9999999999995,4090.666666666666,C:\Users\kimeu\Downloads\starlink_pathB_wsl_package_v0_3_clean\starlink_pathB\paper_final_experiment_check\outputs\random1200_null_random1200_seed2\4_196_lst000_stress_frozen_polybeam_smooth_S1000_single.npz,9.10175923472585,9444.443085672718,1.7798436919007438e-05,140609741.2109375,False,False,False,False,False,False,False,False,False,False,False,False
4_196,190.65540049004915,long,stress,0,2461041.5,2461041.506822953,frozen_polybeam,smooth,1000.0,multi,coherent_ab,4,3,3,53976;54093;56109,86.545;85.567;70.536,0.2652994791666667,0.0001677236185346,0.5502745938468236,1,4,4,4,0.3308758856684498,0.5502745938468236,0.3308758856684498,0.7280464634021924,0.0001677236185346,3280.8414143128903,50.549354607212145,39.14431044815832,0.07207029761685252,False,20268816,100,4.638729711761854,1.769146985020826,0.06930693069306931,0.06930693069306931,560.0873070716716,91346.2765441441,367.787148163834,563.0549153618506,603.8846091828829,87710.71280295239,91391.21710176722,92353.34324688767,27.961249800854148,2.9899040106108026,1.5919891558246826,91346.2765441441,19351.10552714968,7539724.135843243,0.012115334049145278,1261,0.059490460698200555,-1.445965571882522,1.4440828042107998,-4095.9999999999995,4090.666666666666,C:\Users\kimeu\Downloads\starlink_pathB_wsl_package_v0_3_clean\starlink_pathB\paper_final_experiment_check\outputs\random1200_null_random1200_seed2\4_196_lst000_stress_frozen_polybeam_smooth_S1000_multi.npz,9.10175923472585,9444.443085672718,1.7798436919007438e-05,140609741.2109375,True,True,True,False,False,False,False,False,False,False,False,False
4_196,190.65540049004915,long,stress,0,2461041.5,2461041.506822953,frozen_polybeam,lines,30.0,single,coherent_ab,4,3,1,53976,86.545,0.2652994791666667,0.0001677236185346,0.5502745938468236,1,4,4,4,0.3308758856684498,0.5502745938468236,0.3308758856684498,0.7280464634021924,0.0001677236185346,3280.8414143128903,1.1742586205107854,1.1742586205107854,0.0013915831123812086,False,20268833,100,1.6844510020326036,-0.47185144176257854,0.16831683168316833,0.7227722772277227,13.349476538547606,2322.902345971733,10.629032527693198,14.876646344747314,15.111621014257855,2337.4859907069595,2382.9663339502026,2385.6555696166747,1.089324857048723,0.9976920739838443,0.9717802701724481,2322.902345971733,417.84244001105316,7539724.135843243,0.00030808850617343437,1261,0.059490460698200555,-1.445965571882522,1.4440828042107998,-4095.9999999999995,4090.666666666666,C:\Users\kimeu\Downloads\starlink_pathB_wsl_package_v0_3_clean\starlink_pathB\paper_final_experiment_check\outputs\random1200_null_random1200_seed2\4_196_lst000_stress_frozen_polybeam_lines_S30_single.npz,9.10175923472585,9444.443085672718,1.7798436919007438e-05,140609741.2109375,False,False,False,False,False,False,False,False,False,False,False,False
4_196,190.65540049004915,long,stress,0,2461041.5,2461041.506822953,frozen_polybeam,lines,30.0,multi,coherent_ab,4,3,3,53976;54093;56109,86.545;85.567;70.536,0.2652994791666667,0.0001677236185346,0.5502745938468236,1,4,4,4,0.3308758856684498,0.5502745938468236,0.3308758856684498,0.7280464634021924,0.0001677236185346,3280.8414143128903,1.516406471239733,1.1742586205107854,0.002165701780170645,False,20268850,100,3.668339443171678,1.8241365851651585,0.039603960396039604,0.09900990099009901,17.090304690456833,2733.5911293236377,11.49125472934611,15.490200598950102,18.633659213672804,2640.1817657370757,2741.797241061962,2763.51135607266,1.0294869161158573,2.334046835067239,1.3704965371947735,2733.5911293236377,519.6334160753089,7539724.135843243,0.0003625585074563093,1261,0.059490460698200555,-1.445965571882522,1.4440828042107998,-4095.9999999999995,4090.666666666666,C:\Users\kimeu\Downloads\starlink_pathB_wsl_package_v0_3_clean\starlink_pathB\paper_final_experiment_check\outputs\random1200_null_random1200_seed2\4_196_lst000_stress_frozen_polybeam_lines_S30_multi.npz,9.10175923472585,9444.443085672718,1.7798436919007438e-05,140609741.2109375,True,True,True,False,False,False,False,False,False,False,False,False
4_196,190.65540049004915,long,stress,0,2461041.5,2461041.506822953,frozen_polybeam,lines,1000.0,single,coherent_ab,4,3,1,53976,86.545,0.2652994791666667,0.0001677236185346,0.5502745938468236,1,4,4,4,0.3308758856684498,0.5502745938468236,0.3308758856684498,0.7280464634021924,0.0001677236185346,3280.8414143128903,39.14195401702618,39.14195401702618,0.04638610374604032,False,20268867,100,1.4934379306137333,-0.1580840011750277,0.18811881188118812,0.5742574257425742,449.5515234300292,77932.33269400874,362.52776536580996,512.100999193555,516.9812727462543,78079.12631104092,79592.99775355862,79684.85414148768,39.3030868347646,0.9667631073751347,0.8934067787470958,77932.33269400874,16382.52406331826,7539724.135843243,0.010336231311637079,1261,0.059490460698200555,-1.445965571882522,1.4440828042107998,-4095.9999999999995,4090.666666666666,C:\Users\kimeu\Downloads\starlink_pathB_wsl_package_v0_3_clean\starlink_pathB\paper_final_experiment_check\outputs\random1200_null_random1200_seed2\4_196_lst000_stress_frozen_polybeam_lines_S1000_single.npz,9.10175923472585,9444.443085672718,1.7798436919007438e-05,140609741.2109375,False,False,False,False,False,False,False,False,False,False,False,False
4_196,190.65540049004915,long,stress,0,2461041.5,2461041.506822953,frozen_polybeam,lines,1000.0,multi,coherent_ab,4,3,3,53976;54093;56109,86.545;85.567;70.536,0.2652994791666667,0.0001677236185346,0.5502745938468236,1,4,4,4,0.3308758856684498,0.5502745938468236,0.3308758856684498,0.7280464634021924,0.0001677236185346,3280.8414143128903,50.54688237465776,39.14195401702618,0.07219005933902153,False,20268884,100,4.510490691039331,1.5037338179093866,0.039603960396039604,0.06930693069306931,573.6770411247544,91600.25424676767,381.45901047311236,542.6319931721791,592.0009763099129,88505.97448400341,91662.09313960085,92452.67992243606,28.743942590744382,2.2968798264998185,1.577485903041938,91600.25424676767,19643.200119987083,7539724.135843243,0.012149019327021185,1261,0.059490460698200555,-1.445965571882522,1.4440828042107998,-4095.9999999999995,4090.666666666666,C:\Users\kimeu\Downloads\starlink_pathB_wsl_package_v0_3_clean\starlink_pathB\paper_final_experiment_check\outputs\random1200_null_random1200_seed2\4_196_lst000_stress_frozen_polybeam_lines_S1000_multi.npz,9.10175923472585,9444.443085672718,1.7798436919007438e-05,140609741.2109375,True,True,True,False,False,False,False,False,False,False,False,False
4_196,190.65540049004915,long,stress,0,2461041.5,2461041.506822953,frozen_polybeam,khz_comb,30.0,single,coherent_ab,4,3,1,53976,86.545,0.2652994791666667,0.0001677236185346,0.5502745938468236,1,4,4,4,0.3308758856684498,0.5502745938468236,0.3308758856684498,0.7280464634021924,0.0001677236185346,3280.8414143128903,0.9663893627936184,0.9663893627936184,0.00118533682768886,False,20268901,100,1.650601058664778,-0.425353977882688,0.10891089108910891,0.6435643564356436,10.968599764450119,1938.3429264074316,9.002299719187477,12.793518936878627,13.033217215150398,1952.3742669418202,1999.6247213743854,2000.1108981222096,0.8034959167910074,1.1046969270382228,1.0375474680554833,1938.3429264074316,361.7944642776994,7539724.135843243,0.0002570840645472299,1261,0.059490460698200555,-1.445965571882522,1.4440828042107998,-4095.9999999999995,4090.666666666666,C:\Users\kimeu\Downloads\starlink_pathB_wsl_package_v0_3_clean\starlink_pathB\paper_final_experiment_check\outputs\random1200_null_random1200_seed2\4_196_lst000_stress_frozen_polybeam_khz_comb_S30_single.npz,9.10175923472585,9444.443085672718,1.7798436919007438e-05,140609741.2109375,False,False,False,False,False,False,False,False,False,False,False,False
4_196,190.65540049004915,long,stress,0,2461041.5,2461041.506822953,frozen_polybeam,khz_comb,30.0,multi,coherent_ab,4,3,3,53976;54093;56109,86.545;85.567;70.536,0.2652994791666667,0.0001677236185346,0.5502745938468236,1,4,4,4,0.3308758856684498,0.5502745938468236,0.3308758856684498,0.7280464634021924,0.0001677236185346,3280.8414143128903,1.258012144570983,0.9663893627936184,0.001871866557544486,False,20268918,100,2.7258727529691438,1.545507754040426,0.07920792079207921,0.09900990099009901,14.162672409567676,2324.3581735029256,9.855652063739853,15.46334587367064,15.915475926165765,2239.915793259591,2342.2071113468305,2377.0111052104166,1.0657303870748365,2.2944262867777128,1.395735961000333,2324.3581735029256,459.0812294104499,7539724.135843243,0.0003082815938123138,1261,0.059490460698200555,-1.445965571882522,1.4440828042107998,-4095.9999999999995,4090.666666666666,C:\Users\kimeu\Downloads\starlink_pathB_wsl_package_v0_3_clean\starlink_pathB\paper_final_experiment_check\outputs\random1200_null_random1200_seed2\4_196_lst000_stress_frozen_polybeam_khz_comb_S30_multi.npz,9.10175923472585,9444.443085672718,1.7798436919007438e-05,140609741.2109375,True,False,False,False,False,False,False,False,False,False,False,False
4_196,190.65540049004915,long,stress,0,2461041.5,2461041.506822953,frozen_polybeam,khz_comb,1000.0,single,coherent_ab,4,3,1,53976,86.545,0.2652994791666667,0.0001677236185346,0.5502745938468236,1,4,4,4,0.3308758856684498,0.5502745938468236,0.3308758856684498,0.7280464634021924,0.0001677236185346,3280.8414143128903,32.21297875978728,32.21297875978728,0.03951122758962867,False,20268935,100,2.0913607289862424,-0.2366743857840226,0.10891089108910891,0.6435643564356436,368.5962697411851,64984.61348379274,295.0633288855511,406.56941040279895,436.45189166869824,65272.09823130322,66697.11787240396,66752.86571470105,23.715320096072446,1.4017171672162791,1.2447995366225313,64984.61348379274,13805.24262229032,7539724.135843243,0.00861896434311981,1261,0.059490460698200555,-1.445965571882522,1.4440828042107998,-4095.9999999999995,4090.666666666666,C:\Users\kimeu\Downloads\starlink_pathB_wsl_package_v0_3_clean\starlink_pathB\paper_final_experiment_check\outputs\random1200_null_random1200_seed2\4_196_lst000_stress_frozen_polybeam_khz_comb_S1000_single.npz,9.10175923472585,9444.443085672718,1.7798436919007438e-05,140609741.2109375,True,False,False,False,False,False,False,False,False,False,False,False
4_196,190.65540049004915,long,stress,0,2461041.5,2461041.506822953,frozen_polybeam,khz_comb,1000.0,multi,coherent_ab,4,3,3,53976;54093;56109,86.545;85.567;70.536,0.2652994791666667,0.0001677236185346,0.5502745938468236,1,4,4,4,0.3308758856684498,0.5502745938468236,0.3308758856684498,0.7280464634021924,0.0001677236185346,3280.8414143128903,41.933738152366104,32.21297875978728,0.06239555191814952,False,20268952,100,2.6316259538507176,1.6380058756763962,0.0594059405940594,0.04950495049504951,474.6336494862553,77840.34218218914,323.00914715469753,474.25816970485874,502.3783798991497,74707.93625757127,77509.293739804,78327.07121101841,38.861649613702866,2.087876781548657,1.3142222591089237,77840.34218218914,16943.9326069285,7539724.135843243,0.010324030532117534,1261,0.059490460698200555,-1.445965571882522,1.4440828042107998,-4095.9999999999995,4090.666666666666,C:\Users\kimeu\Downloads\starlink_pathB_wsl_package_v0_3_clean\starlink_pathB\paper_final_experiment_check\outputs\random1200_null_random1200_seed2\4_196_lst000_stress_frozen_polybeam_khz_comb_S1000_multi.npz,9.10175923472585,9444.443085672718,1.7798436919007438e-05,140609741.2109375,True,False,False,False,False,False,False,False,False,False,False,False
4_196,190.65540049004915,long,stress,0,2461041.5,2461041.506822953,full_polybeam,smooth,30.0,single,coherent_ab,4,3,1,53976,86.545,0.2652994791666667,0.0001677236185346,0.5502745938468236,1,4,4,4,0.3308758856684498,0.5502745938468236,0.3308758856684498,0.7280464634021924,0.0001677236185346,3280.8414143128903,1.5790147585459602,1.5790147585459602,0.00208144381876053,False,20268969,100,2.1537988050083356,0.37144339018239014,0.15841584158415842,0.39603960396039606,18.468887598324727,3543.67140067363,14.893243002466988,20.76375560057695,20.926191606511058,3537.4771874963953,3572.2044569848845,3573.390087961997,1.119760691421284,0.9040317777216571,0.8747543319813731,3543.67140067363,586.721505033677,7539724.135843243,0.0004700001401679009,1261,0.059490460698200555,-1.445965571882522,1.4440828042107998,-4095.9999999999995,4090.666666666666,C:\Users\kimeu\Downloads\starlink_pathB_wsl_package_v0_3_clean\starlink_pathB\paper_final_experiment_check\outputs\random1200_null_random1200_seed2\4_196_lst000_stress_full_polybeam_smooth_S30_single.npz,9.10175923472585,9444.443085672718,1.7798436919007438e-05,140609741.2109375,True,False,False,False,False,False,False,False,False,False,False,False
4_196,190.65540049004915,long,stress,0,2461041.5,2461041.506822953,full_polybeam,smooth,30.0,multi,coherent_ab,4,3,3,53976;54093;56109,86.545;85.567;70.536,0.2652994791666667,0.0001677236185346,0.5502745938468236,1,4,4,4,0.3308758856684498,0.5502745938468236,0.3308758856684498,0.7280464634021924,0.0001677236185346,3280.8414143128903,2.1221111866334468,1.5790147585459602,0.003107704118329528,False,20268986,100,2.009588096007259,0.9028561217402042,0.10891089108910891,0.1485148514851485,22.805045668095772,4024.2074148296983,16.6016384048321,23.85280595379272,24.89532183823865,3950.7714778939758,4052.2685332710657,4086.1668699399484,2.0820888044941057,1.5810686497431976,1.1529815783503157,4024.2074148296983,675.1700689460063,7539724.135843243,0.0005337340388488405,1261,0.059490460698200555,-1.445965571882522,1.4440828042107998,-4095.9999999999995,4090.666666666666,C:\Users\kimeu\Downloads\starlink_pathB_wsl_package_v0_3_clean\starlink_pathB\paper_final_experiment_check\outputs\random1200_null_random1200_seed2\4_196_lst000_stress_full_polybeam_smooth_S30_multi.npz,9.10175923472585,9444.443085672718,1.7798436919007438e-05,140609741.2109375,True,False,False,False,False,False,False,False,False,False,False,False
4_196,190.65540049004915,long,stress,0,2461041.5,2461041.506822953,full_polybeam,smooth,1000.0,single,coherent_ab,4,3,1,53976,86.545,0.2652994791666667,0.0001677236185346,0.5502745938468236,1,4,4,4,0.3308758856684498,0.5502745938468236,0.3308758856684498,0.7280464634021924,0.0001677236185346,3280.8414143128903,52.63382528486534,52.63382528486534,0.069381460625351,False,20269003,100,2.250675129949635,1.1823384907759287,0.09900990099009901,0.16831683168316833,627.2575948569101,119398.06690490428,501.7447104312953,682.1024319825304,708.5737036721227,117859.16747585172,120062.59084592242,120121.02758599124,37.61417168288767,1.6739840769661458,1.5352586065804061,119398.06690490428,26625.13860013467,7539724.135843243,0.015835866770946627,1261,0.059490460698200555,-1.445965571882522,1.4440828042107998,-4095.9999999999995,4090.666666666666,C:\Users\kimeu\Downloads\starlink_pathB_wsl_package_v0_3_clean\starlink_pathB\paper_final_experiment_check\outputs\random1200_null_random1200_seed2\4_196_lst000_stress_full_polybeam_smooth_S1000_single.npz,9.10175923472585,9444.443085672718,1.7798436919007438e-05,140609741.2109375,True,False,False,False,False,False,False,False,False,False,False,False
4_196,190.65540049004915,long,stress,0,2461041.5,2461041.506822953,full_polybeam,smooth,1000.0,multi,coherent_ab,4,3,3,53976;54093;56109,86.545;85.567;70.536,0.2652994791666667,0.0001677236185346,0.5502745938468236,1,4,4,4,0.3308758856684498,0.5502745938468236,0.3308758856684498,0.7280464634021924,0.0001677236185346,3280.8414143128903,70.73703955444823,52.63382528486534,0.10359013727765093,False,20269020,100,3.452448628852847,1.4288553411402574,0.04950495049504951,0.09900990099009901,769.5700094813874,135207.2095213662,539.0995436166149,735.6916745044214,835.4687970120186,131455.7793587143,136770.26048491927,137394.35611251983,45.026071715861235,2.3143094252952476,1.408588084261696,135207.2095213662,28727.534935375763,7539724.135843243,0.01793264675011145,1261,0.059490460698200555,-1.445965571882522,1.4440828042107998,-4095.9999999999995,4090.666666666666,C:\Users\kimeu\Downloads\starlink_pathB_wsl_package_v0_3_clean\starlink_pathB\paper_final_experiment_check\outputs\random1200_null_random1200_seed2\4_196_lst000_stress_full_polybeam_smooth_S1000_multi.npz,9.10175923472585,9444.443085672718,1.7798436919007438e-05,140609741.2109375,True,True,True,False,False,False,False,False,False,False,False,False
4_196,190.65540049004915,long,stress,0,2461041.5,2461041.506822953,full_polybeam,lines,30.0,single,coherent_ab,4,3,1,53976,86.545,0.2652994791666667,0.0001677236185346,0.5502745938468236,1,4,4,4,0.3308758856684498,0.5502745938468236,0.3308758856684498,0.7280464634021924,0.0001677236185346,3280.8414143128903,1.5789440016627212,1.5789440016627212,0.0020849934622444266,False,20269037,100,2.171784501511067,0.09474404743817547,0.15841584158415842,0.44554455445544555,18.914980620584174,3547.316527099405,14.83258983316955,21.093567321776664,21.29509053934391,3544.249600710035,3582.191766034454,3582.350176857389,1.267867443002615,0.9671035636005475,0.9324619204807022,3547.316527099405,597.6540223867909,7539724.135843243,0.0004704835963740035,1261,0.059490460698200555,-1.445965571882522,1.4440828042107998,-4095.9999999999995,4090.666666666666,C:\Users\kimeu\Downloads\starlink_pathB_wsl_package_v0_3_clean\starlink_pathB\paper_final_experiment_check\outputs\random1200_null_random1200_seed2\4_196_lst000_stress_full_polybeam_lines_S30_single.npz,9.10175923472585,9444.443085672718,1.7798436919007438e-05,140609741.2109375,True,False,False,False,False,False,False,False,False,False,False,False
4_196,190.65540049004915,long,stress,0,2461041.5,2461041.506822953,full_polybeam,lines,30.0,multi,coherent_ab,4,3,3,53976;54093;56109,86.545;85.567;70.536,0.2652994791666667,0.0001677236185346,0.5502745938468236,1,4,4,4,0.3308758856684498,0.5502745938468236,0.3308758856684498,0.7280464634021924,0.0001677236185346,3280.8414143128903,2.1220108469991894,1.5789440016627212,0.0031119723360950122,False,20269054,100,3.7449447642881064,1.2446633602195296,0.019801980198019802,0.07920792079207921,23.208151811833886,4031.8555949013007,16.02407337017371,22.08117511929804,23.19857457471237,3927.2569928421576,4064.840113541059,4084.8794947116294,1.2939028021087324,2.538155913304558,1.6064035195418656,4031.8555949013007,686.9406336641935,7539724.135843243,0.0005347484234514871,1261,0.059490460698200555,-1.445965571882522,1.4440828042107998,-4095.9999999999995,4090.666666666666,C:\Users\kimeu\Downloads\starlink_pathB_wsl_package_v0_3_clean\starlink_pathB\paper_final_experiment_check\outputs\random1200_null_random1200_seed2\4_196_lst000_stress_full_polybeam_lines_S30_multi.npz,9.10175923472585,9444.443085672718,1.7798436919007438e-05,140609741.2109375,True,True,True,False,False,False,False,False,False,False,False,False
4_196,190.65540049004915,long,stress,0,2461041.5,2461041.506822953,full_polybeam,lines,1000.0,single,coherent_ab,4,3,1,53976,86.545,0.2652994791666667,0.0001677236185346,0.5502745938468236,1,4,4,4,0.3308758856684498,0.5502745938468236,0.3308758856684498,0.7280464634021924,0.0001677236185346,3280.8414143128903,52.63146672209071,52.63146672209071,0.0694997820748142,False,20269071,100,2.216876518359592,0.9306002475266129,0.15841584158415842,0.13861386138613863,642.3354069072338,119535.76209580197,509.95663212625004,711.7962989766158,721.8510825741623,118296.18994103529,119968.40140457082,120468.49024591075,40.27660521510552,1.0131861244630835,0.8963077946286457,119535.76209580197,26934.543387703427,7539724.135843243,0.015854129400774564,1261,0.059490460698200555,-1.445965571882522,1.4440828042107998,-4095.9999999999995,4090.666666666666,C:\Users\kimeu\Downloads\starlink_pathB_wsl_package_v0_3_clean\starlink_pathB\paper_final_experiment_check\outputs\random1200_null_random1200_seed2\4_196_lst000_stress_full_polybeam_lines_S1000_single.npz,9.10175923472585,9444.443085672718,1.7798436919007438e-05,140609741.2109375,True,False,False,False,False,False,False,False,False,False,False,False
4_196,190.65540049004915,long,stress,0,2461041.5,2461041.506822953,full_polybeam,lines,1000.0,multi,coherent_ab,4,3,3,53976;54093;56109,86.545;85.567;70.536,0.2652994791666667,0.0001677236185346,0.5502745938468236,1,4,4,4,0.3308758856684498,0.5502745938468236,0.3308758856684498,0.7280464634021924,0.0001677236185346,3280.8414143128903,70.73369489997297,52.63146672209071,0.10373241120316705,False,20269088,100,2.8110840086433426,1.4773639610850577,0.039603960396039604,0.07920792079207921,783.2062116464749,135509.52370447246,537.7599195922458,703.5071100847164,795.7010573725744,131476.65389272338,135965.3564867693,137033.36316300812,58.89231891659756,2.937170100753134,1.6294778480939804,135509.52370447246,29065.343121436545,7539724.135843243,0.017972742936345782,1261,0.059490460698200555,-1.445965571882522,1.4440828042107998,-4095.9999999999995,4090.666666666666,C:\Users\kimeu\Downloads\starlink_pathB_wsl_package_v0_3_clean\starlink_pathB\paper_final_experiment_check\outputs\random1200_null_random1200_seed2\4_196_lst000_stress_full_polybeam_lines_S1000_multi.npz,9.10175923472585,9444.443085672718,1.7798436919007438e-05,140609741.2109375,True,False,True,False,False,False,False,False,False,False,False,False
4_196,190.65540049004915,long,stress,0,2461041.5,2461041.506822953,full_polybeam,khz_comb,30.0,single,coherent_ab,4,3,1,53976,86.545,0.2652994791666667,0.0001677236185346,0.5502745938468236,1,4,4,4,0.3308758856684498,0.5502745938468236,0.3308758856684498,0.7280464634021924,0.0001677236185346,3280.8414143128903,1.2994366496452967,1.2994366496452967,0.001749594723049052,False,20269105,100,1.902523069861959,0.25379731507280073,0.16831683168316833,0.3465346534653465,15.535885395795049,2930.180660575932,12.526657860596217,17.521452148463776,17.795180044760126,2924.267691825162,2959.224599619349,2961.375903614675,1.0668444434691722,0.8412845777855559,0.8025923840208485,2930.180660575932,507.4365500720596,7539724.135843243,0.00038863234354239676,1261,0.059490460698200555,-1.445965571882522,1.4440828042107998,-4095.9999999999995,4090.666666666666,C:\Users\kimeu\Downloads\starlink_pathB_wsl_package_v0_3_clean\starlink_pathB\paper_final_experiment_check\outputs\random1200_null_random1200_seed2\4_196_lst000_stress_full_polybeam_khz_comb_S30_single.npz,9.10175923472585,9444.443085672718,1.7798436919007438e-05,140609741.2109375,False,False,False,False,False,False,False,False,False,False,False,False
4_196,190.65540049004915,long,stress,0,2461041.5,2461041.506822953,full_polybeam,khz_comb,30.0,multi,coherent_ab,4,3,3,53976;54093;56109,86.545;85.567;70.536,0.2652994791666667,0.0001677236185346,0.5502745938468236,1,4,4,4,0.3308758856684498,0.5502745938468236,0.3308758856684498,0.7280464634021924,0.0001677236185346,3280.8414143128903,1.7463688785871319,1.2994366496452967,0.002645352775163515,False,20269122,100,2.7004716515346043,1.3512349996571862,0.06930693069306931,0.07920792079207921,19.135883305416428,3369.138791431105,13.176440761507365,19.504811145523217,20.511419881404528,3269.1924388188454,3384.546740671271,3423.723843145873,1.4884766241534635,2.334521976987519,1.263682767612523,3369.138791431105,593.2287081079928,7539724.135843243,0.00044685173233520437,1261,0.059490460698200555,-1.445965571882522,1.4440828042107998,-4095.9999999999995,4090.666666666666,C:\Users\kimeu\Downloads\starlink_pathB_wsl_package_v0_3_clean\starlink_pathB\paper_final_experiment_check\outputs\random1200_null_random1200_seed2\4_196_lst000_stress_full_polybeam_khz_comb_S30_multi.npz,9.10175923472585,9444.443085672718,1.7798436919007438e-05,140609741.2109375,True,False,False,False,False,False,False,False,False,False,False,False
4_196,190.65540049004915,long,stress,0,2461041.5,2461041.506822953,full_polybeam,khz_comb,1000.0,single,coherent_ab,4,3,1,53976,86.545,0.2652994791666667,0.0001677236185346,0.5502745938468236,1,4,4,4,0.3308758856684498,0.5502745938468236,0.3308758856684498,0.7280464634021924,0.0001677236185346,3280.8414143128903,43.31455498817656,43.31455498817656,0.05831982410163504,False,20269139,100,2.0053974853074785,0.7687782726037428,0.16831683168316833,0.2376237623762376,525.4410248223758,98563.01245919336,424.1034088468814,587.7673955794738,599.2751524773684,97691.05895055729,99295.8970596467,99410.94654433038,34.08365975505288,1.1435715553208445,1.07940238504064,98563.01245919336,21724.07641967751,7539724.135843243,0.013072495847776805,1261,0.059490460698200555,-1.445965571882522,1.4440828042107998,-4095.9999999999995,4090.666666666666,C:\Users\kimeu\Downloads\starlink_pathB_wsl_package_v0_3_clean\starlink_pathB\paper_final_experiment_check\outputs\random1200_null_random1200_seed2\4_196_lst000_stress_full_polybeam_khz_comb_S1000_single.npz,9.10175923472585,9444.443085672718,1.7798436919007438e-05,140609741.2109375,True,False,False,False,False,False,False,False,False,False,False,False
4_196,190.65540049004915,long,stress,0,2461041.5,2461041.506822953,full_polybeam,khz_comb,1000.0,multi,coherent_ab,4,3,3,53976;54093;56109,86.545;85.567;70.536,0.2652994791666667,0.0001677236185346,0.5502745938468236,1,4,4,4,0.3308758856684498,0.5502745938468236,0.3308758856684498,0.7280464634021924,0.0001677236185346,3280.8414143128903,58.2122959529044,43.31455498817656,0.08817842583878381,False,20269156,100,3.1809374301662787,1.7023012834461493,0.0594059405940594,0.039603960396039604,643.8800053250689,113049.98707137324,451.4244012745312,640.0341552143135,716.2317209265672,109394.93537818435,111990.24441887629,113587.6555593997,40.80857589669358,1.8858483908592811,1.2170082215309255,113049.98707137324,23995.15122983915,7539724.135843243,0.01499391556435635,1261,0.059490460698200555,-1.445965571882522,1.4440828042107998,-4095.9999999999995,4090.666666666666,C:\Users\kimeu\Downloads\starlink_pathB_wsl_package_v0_3_clean\starlink_pathB\paper_final_experiment_check\outputs\random1200_null_random1200_seed2\4_196_lst000_stress_full_polybeam_khz_comb_S1000_multi.npz,9.10175923472585,9444.443085672718,1.7798436919007438e-05,140609741.2109375,True,True,True,False,False,False,False,False,False,False,False,False
4_76,93.9206796714852,mid,quiet,17,2461041.6180555555,2461041.624878509,frozen_polybeam,smooth,30.0,single,coherent_ab,2,4,1,55364,86.598,0.1657111055107527,7.747507627984598e-08,0.0684687078802128,0,2,2,2,0.0,0.0684687078802128,0.0,0.2805166207424566,7.747507627984598e-08,883751.4097165731,2.305919474817432,2.305919474817432,0.004611314301020187,False,20269190,100,-1.2901402048422657,0.8833885925585001,0.9900990099009901,0.019801980198019802,23.67922223761707,3014.931152359376,27.313325094557513,35.32170331584784,35.48606288940587,2965.69468384727,3012.229998143783,3014.1230130488684,1.8999243545731588,1.197665020411841,1.1221244714947287,3014.931152359376,-230.84282939019502,5146801.042040682,0.0005857873906009722,1381,0.029306195829665968,-1.445965571882522,1.4440828042107998,-4095.9999999999995,4090.666666666666,C:\Users\kimeu\Downloads\starlink_pathB_wsl_package_v0_3_clean\starlink_pathB\paper_final_experiment_check\outputs\random1200_null_random1200_seed2\4_76_lst017_quiet_frozen_polybeam_smooth_S30_single.npz,9.10175923472585,9444.443085672718,1.7798436919007438e-05,140609741.2109375,False,False,False,False,False,False,False,False,False,False,False,False
4_76,93.9206796714852,mid,quiet,17,2461041.6180555555,2461041.624878509,frozen_polybeam,smooth,30.0,multi,coherent_ab,2,4,4,55364;58206;46128;55908,86.598;82.857;71.656;71.460,0.1657111055107527,7.747507627984598e-08,0.0684687078802128,0,2,2,2,0.0,0.0684687078802128,0.0,0.2805166207424566,7.747507627984598e-08,883751.4097165731,2.5921605052600274,2.305919474817432,0.005430675456213578,False,20269207,100,-0.7020739477135779,0.8276225855700557,0.7623762376237624,0.19801980198019803,26.426589441980468,3016.3533614979297,28.75197999651209,35.21810141891801,37.97051685857151,2957.5414498944006,3039.431216794891,3046.8817534305763,2.2340302560915006,1.4111393214593284,0.9877917401812029,3016.3533614979297,-295.9320320909034,5146801.042040682,0.000586063719358765,1381,0.029306195829665968,-1.445965571882522,1.4440828042107998,-4095.9999999999995,4090.666666666666,C:\Users\kimeu\Downloads\starlink_pathB_wsl_package_v0_3_clean\starlink_pathB\paper_final_experiment_check\outputs\random1200_null_random1200_seed2\4_76_lst017_quiet_frozen_polybeam_smooth_S30_multi.npz,9.10175923472585,9444.443085672718,1.7798436919007438e-05,140609741.2109375,False,False,False,False,False,False,False,False,False,False,False,False
4_76,93.9206796714852,mid,quiet,17,2461041.6180555555,2461041.624878509,frozen_polybeam,smooth,1000.0,single,coherent_ab,2,4,1,55364,86.598,0.1657111055107527,7.747507627984598e-08,0.0684687078802128,0,2,2,2,0.0,0.0684687078802128,0.0,0.2805166207424566,7.747507627984598e-08,883751.4097165731,76.8639824939144,76.8639824939144,0.15371047670067292,False,20269224,100,-0.8208610940382991,0.7291900729412027,0.801980198019802,0.04950495049504951,766.7783466077453,124099.02140786656,973.590608986,1445.4406053982777,1454.5291081603732,122758.84849600357,124069.82235549383,124138.65222211566,169.93491460818768,0.8780809183552634,0.8079742176186937,124099.02140786656,-20370.458812438577,5146801.042040682,0.02411187461768716,1381,0.029306195829665968,-1.445965571882522,1.4440828042107998,-4095.9999999999995,4090.666666666666,C:\Users\kimeu\Downloads\starlink_pathB_wsl_package_v0_3_clean\starlink_pathB\paper_final_experiment_check\outputs\random1200_null_random1200_seed2\4_76_lst017_quiet_frozen_polybeam_smooth_S1000_single.npz,9.10175923472585,9444.443085672718,1.7798436919007438e-05,140609741.2109375,False,False,False,False,False,False,False,False,False,False,False,False
4_76,93.9206796714852,mid,quiet,17,2461041.6180555555,2461041.624878509,frozen_polybeam,smooth,1000.0,multi,coherent_ab,2,4,4,55364;58206;46128;55908,86.598;82.857;71.656;71.460,0.1657111055107527,7.747507627984598e-08,0.0684687078802128,0,2,2,2,0.0,0.0684687078802128,0.0,0.2805166207424566,7.747507627984598e-08,883751.4097165731,86.40535017533426,76.8639824939144,0.1810225152071193,False,20269241,100,-0.7406885431382925,0.6437117316665768,0.7623762376237624,0.2079207920792079,816.480480998951,123973.32595989635,1014.1728181794097,1480.2084543664,1542.3533703958258,122496.64422604287,124579.26889127889,125241.79056703312,180.02391947711658,1.5210390928527502,1.0425316259211392,123973.32595989635,-22772.64656631143,5146801.042040682,0.02408745256465976,1381,0.029306195829665968,-1.445965571882522,1.4440828042107998,-4095.9999999999995,4090.666666666666,C:\Users\kimeu\Downloads\starlink_pathB_wsl_package_v0_3_clean\starlink_pathB\paper_final_experiment_check\outputs\random1200_null_random1200_seed2\4_76_lst017_quiet_frozen_polybeam_smooth_S1000_multi.npz,9.10175923472585,9444.443085672718,1.7798436919007438e-05,140609741.2109375,False,False,False,False,False,False,False,False,False,False,False,False
4_76,93.9206796714852,mid,quiet,17,2461041.6180555555,2461041.624878509,frozen_polybeam,lines,30.0,single,coherent_ab,2,4,1,55364,86.598,0.1657111055107527,7.747507627984598e-08,0.0684687078802128,0,2,2,2,0.0,0.0684687078802128,0.0,0.2805166207424566,7.747507627984598e-08,883751.4097165731,2.3059035194825426,2.3059035194825426,0.0046170288041376155,False,20269258,100,-1.3193295134217222,0.7809055317491684,1.0,0.0594059405940594,24.035357309192477,3016.2990122769793,29.19285417379797,34.89887913904094,35.12128595628033,2966.37383531079,3014.6869515735248,3018.978896223363,2.6367059493604756,1.0159891655874485,0.9045532126001256,3016.2990122769793,-231.22700540841902,5146801.042040682,0.0005860531595526823,1381,0.029306195829665968,-1.445965571882522,1.4440828042107998,-4095.9999999999995,4090.666666666666,C:\Users\kimeu\Downloads\starlink_pathB_wsl_package_v0_3_clean\starlink_pathB\paper_final_experiment_check\outputs\random1200_null_random1200_seed2\4_76_lst017_quiet_frozen_polybeam_lines_S30_single.npz,9.10175923472585,9444.443085672718,1.7798436919007438e-05,140609741.2109375,False,False,False,False,False,False,False,False,False,False,False,False
4_76,93.9206796714852,mid,quiet,17,2461041.6180555555,2461041.624878509,frozen_polybeam,lines,30.0,multi,coherent_ab,2,4,4,55364;58206;46128;55908,86.598;82.857;71.656;71.460,0.1657111055107527,7.747507627984598e-08,0.0684687078802128,0,2,2,2,0.0,0.0684687078802128,0.0,0.2805166207424566,7.747507627984598e-08,883751.4097165731,2.592142809583954,2.3059035194825426,0.005437360623961854,False,20269275,100,-0.7417791936270925,0.7032598050904741,0.7722772277227723,0.19801980198019803,26.75990020686004,3018.522624206068,29.709189674904337,36.93968356212281,37.93617884079213,2963.4396544124656,3051.2138176857193,3055.2803870549183,2.6817528859101003,1.643724205248396,1.145064367120374,3018.522624206068,-296.3330681124055,5146801.042040682,0.0005864851972224748,1381,0.029306195829665968,-1.445965571882522,1.4440828042107998,-4095.9999999999995,4090.666666666666,C:\Users\kimeu\Downloads\starlink_pathB_wsl_package_v0_3_clean\starlink_pathB\paper_final_experiment_check\outputs\random1200_null_random1200_seed2\4_76_lst017_quiet_frozen_polybeam_lines_S30_multi.npz,9.10175923472585,9444.443085672718,1.7798436919007438e-05,140609741.2109375,False,False,False,False,False,False,False,False,False,False,False,False
4_76,93.9206796714852,mid,quiet,17,2461041.6180555555,2461041.624878509,frozen_polybeam,lines,1000.0,single,coherent_ab,2,4,1,55364,86.598,0.1657111055107527,7.747507627984598e-08,0.0684687078802128,0,2,2,2,0.0,0.0684687078802128,0.0,0.2805166207424566,7.747507627984598e-08,883751.4097165731,76.86345064941811,76.86345064941811,0.15390096013792048,False,20269292,100,-1.0224945759649562,0.6956574868283895,0.9306930693069307,0.1485148514851485,755.1853802913392,124092.4069765652,1029.6887152446761,1438.6179376027715,1447.7844584257305,122910.17755331792,124159.36774244798,124205.78412047989,181.07671886357275,0.8339018323289504,0.7765534119718008,124092.4069765652,-20497.004249794616,5146801.042040682,0.024110589463812483,1381,0.029306195829665968,-1.445965571882522,1.4440828042107998,-4095.9999999999995,4090.666666666666,C:\Users\kimeu\Downloads\starlink_pathB_wsl_package_v0_3_clean\starlink_pathB\paper_final_experiment_check\outputs\random1200_null_random1200_seed2\4_76_lst017_quiet_frozen_polybeam_lines_S1000_single.npz,9.10175923472585,9444.443085672718,1.7798436919007438e-05,140609741.2109375,False,False,False,False,False,False,False,False,False,False,False,False
4_76,93.9206796714852,mid,quiet,17,2461041.6180555555,2461041.624878509,frozen_polybeam,lines,1000.0,multi,coherent_ab,2,4,4,55364;58206;46128;55908,86.598;82.857;71.656;71.460,0.1657111055107527,7.747507627984598e-08,0.0684687078802128,0,2,2,2,0.0,0.0684687078802128,0.0,0.2805166207424566,7.747507627984598e-08,883751.4097165731,86.40476031946517,76.86345064941811,0.18124535413206175,False,20269309,100,-0.9451169464996585,0.5604687549426076,0.8415841584158416,0.27722772277227725,821.6501347627345,123960.25362092322,1011.2359611863212,1445.8928835744948,1547.548606688594,122998.40043010624,125444.83342365896,125947.21600804539,135.29953993951494,1.8173751104452647,1.4683355247537935,123960.25362092322,-22899.728306788005,5146801.042040682,0.02408491266873871,1381,0.029306195829665968,-1.445965571882522,1.4440828042107998,-4095.9999999999995,4090.666666666666,C:\Users\kimeu\Downloads\starlink_pathB_wsl_package_v0_3_clean\starlink_pathB\paper_final_experiment_check\outputs\random1200_null_random1200_seed2\4_76_lst017_quiet_frozen_polybeam_lines_S1000_multi.npz,9.10175923472585,9444.443085672718,1.7798436919007438e-05,140609741.2109375,False,False,False,False,False,False,False,False,False,False,False,False
4_76,93.9206796714852,mid,quiet,17,2461041.6180555555,2461041.624878509,frozen_polybeam,khz_comb,30.0,single,coherent_ab,2,4,1,55364,86.598,0.1657111055107527,7.747507627984598e-08,0.0684687078802128,0,2,2,2,0.0,0.0684687078802128,0.0,0.2805166207424566,7.747507627984598e-08,883751.4097165731,1.8977085574956005,1.8977085574956005,0.004040048299730505,False,20269326,100,-0.8987066280180225,1.1077846213791702,0.9306930693069307,0.07920792079207921,27.169999868317973,2871.6636702866767,31.19181686115553,39.56514301062926,39.88754247320525,2822.700295569559,2873.6720830850104,2877.1293826088495,3.018424826750561,0.8699076454429701,0.8194231908559861,2871.6636702866767,-231.2898488884393,5146801.042040682,0.000557951171383939,1381,0.029306195829665968,-1.445965571882522,1.4440828042107998,-4095.9999999999995,4090.666666666666,C:\Users\kimeu\Downloads\starlink_pathB_wsl_package_v0_3_clean\starlink_pathB\paper_final_experiment_check\outputs\random1200_null_random1200_seed2\4_76_lst017_quiet_frozen_polybeam_khz_comb_S30_single.npz,9.10175923472585,9444.443085672718,1.7798436919007438e-05,140609741.2109375,False,False,False,False,False,False,False,False,False,False,False,False
4_76,93.9206796714852,mid,quiet,17,2461041.6180555555,2461041.624878509,frozen_polybeam,khz_comb,30.0,multi,coherent_ab,2,4,4,55364;58206;46128;55908,86.598;82.857;71.656;71.460,0.1657111055107527,7.747507627984598e-08,0.0684687078802128,0,2,2,2,0.0,0.0684687078802128,0.0,0.2805166207424566,7.747507627984598e-08,883751.4097165731,2.1332772817407553,1.8977085574956005,0.004762568769618563,False,20269343,100,-0.45789311246520364,0.639117651226673,0.7227722772277227,0.18811881188118812,29.472551099053817,2874.880637670325,31.57009610303794,42.15902447750996,43.27106627510861,2836.6800609666716,2899.5818998657937,2913.483807307701,3.0897488611626613,1.6197068188076382,1.1262598302026996,2874.880637670325,-286.89057592240533,5146801.042040682,0.0005585762134940519,1381,0.029306195829665968,-1.445965571882522,1.4440828042107998,-4095.9999999999995,4090.666666666666,C:\Users\kimeu\Downloads\starlink_pathB_wsl_package_v0_3_clean\starlink_pathB\paper_final_experiment_check\outputs\random1200_null_random1200_seed2\4_76_lst017_quiet_frozen_polybeam_khz_comb_S30_multi.npz,9.10175923472585,9444.443085672718,1.7798436919007438e-05,140609741.2109375,False,False,False,False,False,False,False,False,False,False,False,False
4_76,93.9206796714852,mid,quiet,17,2461041.6180555555,2461041.624878509,frozen_polybeam,khz_comb,1000.0,single,coherent_ab,2,4,1,55364,86.598,0.1657111055107527,7.747507627984598e-08,0.0684687078802128,0,2,2,2,0.0,0.0684687078802128,0.0,0.2805166207424566,7.747507627984598e-08,883751.4097165731,63.25695191652002,63.25695191652002,0.13466827665768352,False,20269360,100,-0.6194321002572577,0.5986697719566195,0.801980198019802,0.18811881188118812,943.6200686202938,112442.43307508787,1102.032343371673,1607.2808270917499,1627.3038765570502,111211.61253789991,112890.30179341372,112960.65718065109,172.49286154704896,1.5033352511056841,1.3770914001854253,112442.43307508787,-9041.903178774339,5146801.042040682,0.021847052597647135,1381,0.029306195829665968,-1.445965571882522,1.4440828042107998,-4095.9999999999995,4090.666666666666,C:\Users\kimeu\Downloads\starlink_pathB_wsl_package_v0_3_clean\starlink_pathB\paper_final_experiment_check\outputs\random1200_null_random1200_seed2\4_76_lst017_quiet_frozen_polybeam_khz_comb_S1000_single.npz,9.10175923472585,9444.443085672718,1.7798436919007438e-05,140609741.2109375,False,False,False,False,False,False,False,False,False,False,False,False
4_76,93.9206796714852,mid,quiet,17,2461041.6180555555,2461041.624878509,frozen_polybeam,khz_comb,1000.0,multi,coherent_ab,2,4,4,55364;58206;46128;55908,86.598;82.857;71.656;71.460,0.1657111055107527,7.747507627984598e-08,0.0684687078802128,0,2,2,2,0.0,0.0684687078802128,0.0,0.2805166207424566,7.747507627984598e-08,883751.4097165731,71.10924272469185,63.25695191652002,0.15875229232061877,False,20269377,100,-0.6481519735878116,0.4654505078343767,0.7920792079207921,0.31683168316831684,951.9821619117647,112463.38776500348,1130.5051132310255,1605.1656753309217,1731.0812548224808,111319.29535140483,113941.0912278566,114201.25095921084,185.77754280804947,1.7322602150423727,1.0354933256635241,112463.38776500348,-11052.260435320615,5146801.042040682,0.021851123998454052,1381,0.029306195829665968,-1.445965571882522,1.4440828042107998,-4095.9999999999995,4090.666666666666,C:\Users\kimeu\Downloads\starlink_pathB_wsl_package_v0_3_clean\starlink_pathB\paper_final_experiment_check\outputs\random1200_null_random1200_seed2\4_76_lst017_quiet_frozen_polybeam_khz_comb_S1000_multi.npz,9.10175923472585,9444.443085672718,1.7798436919007438e-05,140609741.2109375,False,False,False,False,False,False,False,False,False,False,False,False
4_76,93.9206796714852,mid,quiet,17,2461041.6180555555,2461041.624878509,full_polybeam,smooth,30.0,single,coherent_ab,2,4,1,55364,86.598,0.1657111055107527,7.747507627984598e-08,0.0684687078802128,0,2,2,2,0.0,0.0684687078802128,0.0,0.2805166207424566,7.747507627984598e-08,883751.4097165731,3.130876349209398,3.130876349209398,0.006377402357032896,False,20269394,100,-0.7553929813703559,0.6853956925117372,0.7128712871287128,0.15841584158415842,27.725000933438423,3179.993828999942,29.512350272700132,35.59643286926585,36.46675396460407,3127.5870043313453,3183.664998081801,3185.0444777298453,1.5959250919986516,0.9466314279724919,0.8704434298485376,3179.993828999942,-219.21027467999318,5146801.042040682,0.0006178583168505557,1381,0.029306195829665968,-1.445965571882522,1.4440828042107998,-4095.9999999999995,4090.666666666666,C:\Users\kimeu\Downloads\starlink_pathB_wsl_package_v0_3_clean\starlink_pathB\paper_final_experiment_check\outputs\random1200_null_random1200_seed2\4_76_lst017_quiet_full_polybeam_smooth_S30_single.npz,9.10175923472585,9444.443085672718,1.7798436919007438e-05,140609741.2109375,False,False,False,False,False,False,False,False,False,False,False,False
4_76,93.9206796714852,mid,quiet,17,2461041.6180555555,2461041.624878509,full_polybeam,smooth,30.0,multi,coherent_ab,2,4,4,55364;58206;46128;55908,86.598;82.857;71.656;71.460,0.1657111055107527,7.747507627984598e-08,0.0684687078802128,0,2,2,2,0.0,0.0684687078802128,0.0,0.2805166207424566,7.747507627984598e-08,883751.4097165731,3.705077514790605,3.130876349209398,0.007737004717715639,False,20269411,100,0.025499945331888256,-0.5564108596437972,0.4752475247524752,0.7326732673267327,29.564158368120843,3120.041005816596,29.47623373701572,36.22640950652349,38.662921298259974,3161.5407068512673,3269.5186165648074,3294.416739692531,2.325665817668778,2.569468377462848,1.0130343431622457,3120.041005816596,-318.51385651707335,5146801.042040682,0.0006062097563770436,1381,0.029306195829665968,-1.445965571882522,1.4440828042107998,-4095.9999999999995,4090.666666666666,C:\Users\kimeu\Downloads\starlink_pathB_wsl_package_v0_3_clean\starlink_pathB\paper_final_experiment_check\outputs\random1200_null_random1200_seed2\4_76_lst017_quiet_full_polybeam_smooth_S30_multi.npz,9.10175923472585,9444.443085672718,1.7798436919007438e-05,140609741.2109375,False,False,False,False,False,False,False,False,False,False,False,False
4_76,93.9206796714852,mid,quiet,17,2461041.6180555555,2461041.624878509,full_polybeam,smooth,1000.0,single,coherent_ab,2,4,1,55364,86.598,0.1657111055107527,7.747507627984598e-08,0.0684687078802128,0,2,2,2,0.0,0.0684687078802128,0.0,0.2805166207424566,7.747507627984598e-08,883751.4097165731,104.3625449736466,104.3625449736466,0.2125800785677632,False,20269428,100,-0.02268389603246661,0.9787858600288136,0.5148514851485149,0.1782178217821782,911.4098360126227,151566.58201489988,914.2693569515031,1309.661963333479,1337.5953275323418,149745.89344764783,151754.0061779088,151797.0182248483,85.02597821133531,1.168630227649499,1.052903459344816,151566.58201489988,-61555.96171861411,5146801.042040682,0.029448696535354014,1381,0.029306195829665968,-1.445965571882522,1.4440828042107998,-4095.9999999999995,4090.666666666666,C:\Users\kimeu\Downloads\starlink_pathB_wsl_package_v0_3_clean\starlink_pathB\paper_final_experiment_check\outputs\random1200_null_random1200_seed2\4_76_lst017_quiet_full_polybeam_smooth_S1000_single.npz,9.10175923472585,9444.443085672718,1.7798436919007438e-05,140609741.2109375,False,False,False,False,False,False,False,False,False,False,False,False
4_76,93.9206796714852,mid,quiet,17,2461041.6180555555,2461041.624878509,full_polybeam,smooth,1000.0,multi,coherent_ab,2,4,4,55364;58206;46128;55908,86.598;82.857;71.656;71.460,0.1657111055107527,7.747507627984598e-08,0.0684687078802128,0,2,2,2,0.0,0.0684687078802128,0.0,0.2805166207424566,7.747507627984598e-08,883751.4097165731,123.5025838263535,104.3625449736466,0.25790015725718796,False,20269445,100,-0.2358048676041768,0.3324250849421605,0.5841584158415841,0.36633663366336633,919.4084795738308,152038.17277841456,955.3428135910144,1285.6036674647569,1383.81752696513,151259.0479144737,154628.9866297556,155391.85809076534,102.7857333429638,2.382804245507564,1.416323260819774,152038.17277841456,-66543.29114073003,5146801.042040682,0.029540324472719884,1381,0.029306195829665968,-1.445965571882522,1.4440828042107998,-4095.9999999999995,4090.666666666666,C:\Users\kimeu\Downloads\starlink_pathB_wsl_package_v0_3_clean\starlink_pathB\paper_final_experiment_check\outputs\random1200_null_random1200_seed2\4_76_lst017_quiet_full_polybeam_smooth_S1000_multi.npz,9.10175923472585,9444.443085672718,1.7798436919007438e-05,140609741.2109375,False,False,False,False,False,False,False,False,False,False,False,False
4_76,93.9206796714852,mid,quiet,17,2461041.6180555555,2461041.624878509,full_polybeam,lines,30.0,single,coherent_ab,2,4,1,55364,86.598,0.1657111055107527,7.747507627984598e-08,0.0684687078802128,0,2,2,2,0.0,0.0684687078802128,0.0,0.2805166207424566,7.747507627984598e-08,883751.4097165731,3.130874960155184,3.130874960155184,0.006384673033674122,False,20269462,100,-0.3606108997955984,0.7276676574202426,0.6831683168316832,0.1188118811881188,28.132731750098174,3182.625075237221,29.235527480537712,36.72556686795069,36.95680866115101,3129.6258612072224,3185.0261669920583,3189.1595163842385,2.062681771941243,0.9646699696287605,0.8881592192713281,3182.625075237221,-219.58843897820293,5146801.042040682,0.0006183695560097512,1381,0.029306195829665968,-1.445965571882522,1.4440828042107998,-4095.9999999999995,4090.666666666666,C:\Users\kimeu\Downloads\starlink_pathB_wsl_package_v0_3_clean\starlink_pathB\paper_final_experiment_check\outputs\random1200_null_random1200_seed2\4_76_lst017_quiet_full_polybeam_lines_S30_single.npz,9.10175923472585,9444.443085672718,1.7798436919007438e-05,140609741.2109375,False,False,False,False,False,False,False,False,False,False,False,False
4_76,93.9206796714852,mid,quiet,17,2461041.6180555555,2461041.624878509,full_polybeam,lines,30.0,multi,coherent_ab,2,4,4,55364;58206;46128;55908,86.598;82.857;71.656;71.460,0.1657111055107527,7.747507627984598e-08,0.0684687078802128,0,2,2,2,0.0,0.0684687078802128,0.0,0.2805166207424566,7.747507627984598e-08,883751.4097165731,3.705054079372931,3.130874960155184,0.007745457424701109,False,20269479,100,-0.037453163842317436,-0.4207522595313699,0.5346534653465347,0.6831683168316832,29.956805793117383,3122.5453827190777,30.131042049197276,36.739497102464156,39.347166596233436,3152.346568862511,3271.5343682691214,3283.7536430434384,3.1378055319028135,1.8981437496644211,1.2010762794962797,3122.5453827190777,-318.87694515867366,5146801.042040682,0.0006066963454023479,1381,0.029306195829665968,-1.445965571882522,1.4440828042107998,-4095.9999999999995,4090.666666666666,C:\Users\kimeu\Downloads\starlink_pathB_wsl_package_v0_3_clean\starlink_pathB\paper_final_experiment_check\outputs\random1200_null_random1200_seed2\4_76_lst017_quiet_full_polybeam_lines_S30_multi.npz,9.10175923472585,9444.443085672718,1.7798436919007438e-05,140609741.2109375,False,False,False,False,False,False,False,False,False,False,False,False
4_76,93.9206796714852,mid,quiet,17,2461041.6180555555,2461041.624878509,full_polybeam,lines,1000.0,single,coherent_ab,2,4,1,55364,86.598,0.1657111055107527,7.747507627984598e-08,0.0684687078802128,0,2,2,2,0.0,0.0684687078802128,0.0,0.2805166207424566,7.747507627984598e-08,883751.4097165731,104.36249867183948,104.36249867183948,0.2128224344558041,False,20269496,100,0.09639159772920756,0.9309915794028415,0.46534653465346537,0.10891089108910891,909.7721260186663,151588.4278016621,898.6045448192244,1312.4613222258085,1324.9150638072535,149610.89493101544,151713.36899785427,151744.2591069956,78.14405510622328,1.0229483359102078,0.9463635646971711,151588.4278016621,-61718.66656659385,5146801.042040682,0.02945294107221949,1381,0.029306195829665968,-1.445965571882522,1.4440828042107998,-4095.9999999999995,4090.666666666666,C:\Users\kimeu\Downloads\starlink_pathB_wsl_package_v0_3_clean\starlink_pathB\paper_final_experiment_check\outputs\random1200_null_random1200_seed2\4_76_lst017_quiet_full_polybeam_lines_S1000_single.npz,9.10175923472585,9444.443085672718,1.7798436919007438e-05,140609741.2109375,False,False,False,False,False,False,False,False,False,False,False,False
4_76,93.9206796714852,mid,quiet,17,2461041.6180555555,2461041.624878509,full_polybeam,lines,1000.0,multi,coherent_ab,2,4,4,55364;58206;46128;55908,86.598;82.857;71.656;71.460,0.1657111055107527,7.747507627984598e-08,0.0684687078802128,0,2,2,2,0.0,0.0684687078802128,0.0,0.2805166207424566,7.747507627984598e-08,883751.4097165731,123.50180264576436,104.36249867183948,0.25818191415670366,False,20269513,100,-0.3136024603777967,0.10950399341248802,0.5841584158415841,0.44554455445544555,918.5435418207053,152109.026519907,971.460501228652,1309.6780335944698,1405.0305342599152,151882.88609230737,154996.6144873459,156179.05424446624,113.81288302795838,2.0143518696917964,0.8488879472941381,152109.026519907,-66704.61713358751,5146801.042040682,0.02955409103196973,1381,0.029306195829665968,-1.445965571882522,1.4440828042107998,-4095.9999999999995,4090.666666666666,C:\Users\kimeu\Downloads\starlink_pathB_wsl_package_v0_3_clean\starlink_pathB\paper_final_experiment_check\outputs\random1200_null_random1200_seed2\4_76_lst017_quiet_full_polybeam_lines_S1000_multi.npz,9.10175923472585,9444.443085672718,1.7798436919007438e-05,140609741.2109375,False,False,False,False,False,False,False,False,False,False,False,False
4_76,93.9206796714852,mid,quiet,17,2461041.6180555555,2461041.624878509,full_polybeam,khz_comb,30.0,single,coherent_ab,2,4,1,55364,86.598,0.1657111055107527,7.747507627984598e-08,0.0684687078802128,0,2,2,2,0.0,0.0684687078802128,0.0,0.2805166207424566,7.747507627984598e-08,883751.4097165731,2.5766421509554283,2.5766421509554283,0.005458503814822615,False,20269530,100,-0.1851835828795641,1.0368730701624158,0.594059405940594,0.009900990099009901,29.326733655565477,2908.162209258191,30.119807952334668,34.35933805087952,34.57253567736516,2864.5585201149743,2901.9148386400966,2906.2859071879157,2.8885999311132764,0.8807295249347241,0.8497622970646407,2908.162209258191,-212.46744374709067,5146801.042040682,0.0005650426712638417,1381,0.029306195829665968,-1.445965571882522,1.4440828042107998,-4095.9999999999995,4090.666666666666,C:\Users\kimeu\Downloads\starlink_pathB_wsl_package_v0_3_clean\starlink_pathB\paper_final_experiment_check\outputs\random1200_null_random1200_seed2\4_76_lst017_quiet_full_polybeam_khz_comb_S30_single.npz,9.10175923472585,9444.443085672718,1.7798436919007438e-05,140609741.2109375,False,False,False,False,False,False,False,False,False,False,False,False
4_76,93.9206796714852,mid,quiet,17,2461041.6180555555,2461041.624878509,full_polybeam,khz_comb,30.0,multi,coherent_ab,2,4,4,55364;58206;46128;55908,86.598;82.857;71.656;71.460,0.1657111055107527,7.747507627984598e-08,0.0684687078802128,0,2,2,2,0.0,0.0684687078802128,0.0,0.2805166207424566,7.747507627984598e-08,883751.4097165731,3.0491791061526357,2.5766421509554283,0.006620627067645703,False,20269547,100,0.4667458190277741,-0.5395982808477499,0.32673267326732675,0.7623762376237624,31.162368026307377,2847.2397056728687,29.77805961753984,36.18385107257854,37.893203145273155,2884.4106916895157,2995.559934145385,3008.939900633244,2.0004533343744697,1.8629296255215635,0.996938577156015,2847.2397056728687,-295.1086678500408,5146801.042040682,0.0005532057063048918,1381,0.029306195829665968,-1.445965571882522,1.4440828042107998,-4095.9999999999995,4090.666666666666,C:\Users\kimeu\Downloads\starlink_pathB_wsl_package_v0_3_clean\starlink_pathB\paper_final_experiment_check\outputs\random1200_null_random1200_seed2\4_76_lst017_quiet_full_polybeam_khz_comb_S30_multi.npz,9.10175923472585,9444.443085672718,1.7798436919007438e-05,140609741.2109375,False,False,False,False,False,False,False,False,False,False,False,False
4_76,93.9206796714852,mid,quiet,17,2461041.6180555555,2461041.624878509,full_polybeam,khz_comb,1000.0,single,coherent_ab,2,4,1,55364,86.598,0.1657111055107527,7.747507627984598e-08,0.0684687078802128,0,2,2,2,0.0,0.0684687078802128,0.0,0.2805166207424566,7.747507627984598e-08,883751.4097165731,85.88807169851428,85.88807169851428,0.18195012716075376,False,20269564,100,-0.7504249506907589,0.41497627071305293,0.7722772277227723,0.297029702970297,900.9412783512817,127545.19981594606,1026.9141428969415,1466.3767415275456,1472.859407919755,126399.34597334093,129632.10485541346,129814.6796411356,113.22589021411477,0.8665840879537263,0.8007673304564433,127545.19981594606,-38190.01356992287,5146801.042040682,0.02478145138584471,1381,0.029306195829665968,-1.445965571882522,1.4440828042107998,-4095.9999999999995,4090.666666666666,C:\Users\kimeu\Downloads\starlink_pathB_wsl_package_v0_3_clean\starlink_pathB\paper_final_experiment_check\outputs\random1200_null_random1200_seed2\4_76_lst017_quiet_full_polybeam_khz_comb_S1000_single.npz,9.10175923472585,9444.443085672718,1.7798436919007438e-05,140609741.2109375,False,False,False,False,False,False,False,False,False,False,False,False
4_76,93.9206796714852,mid,quiet,17,2461041.6180555555,2461041.624878509,full_polybeam,khz_comb,1000.0,multi,coherent_ab,2,4,4,55364;58206;46128;55908,86.598;82.857;71.656;71.460,0.1657111055107527,7.747507627984598e-08,0.0684687078802128,0,2,2,2,0.0,0.0684687078802128,0.0,0.2805166207424566,7.747507627984598e-08,883751.4097165731,101.6393035384212,85.88807169851428,0.22068756892152339,False,20269581,100,-0.5194244560874384,0.014982113244904524,0.7128712871287128,0.504950495049505,944.0412191100186,127372.08208112874,1048.1870622500755,1438.6409416228823,1597.558413374507,127321.37434980177,131089.80511508594,131835.4003769868,135.23700706160525,1.9867769195309517,0.8608078471147514,127372.08208112874,-42074.44514786186,5146801.042040682,0.02474781539848028,1381,0.029306195829665968,-1.445965571882522,1.4440828042107998,-4095.9999999999995,4090.666666666666,C:\Users\kimeu\Downloads\starlink_pathB_wsl_package_v0_3_clean\starlink_pathB\paper_final_experiment_check\outputs\random1200_null_random1200_seed2\4_76_lst017_quiet_full_polybeam_khz_comb_S1000_multi.npz,9.10175923472585,9444.443085672718,1.7798436919007438e-05,140609741.2109375,False,False,False,False,False,False,False,False,False,False,False,False
4_76,93.9206796714852,mid,typical,33,2461041.7291666665,2461041.73598962,frozen_polybeam,smooth,30.0,single,coherent_ab,5,6,1,51121,87.028,0.1653645833333333,4.328472795086945e-07,0.3314947967906838,0,5,5,5,0.0,0.3314947967906838,0.0,0.3484546838830035,4.328472795086945e-07,765847.0146028149,0.8084715018657558,0.8084715018657558,0.0012830551460333256,False,20269614,100,0.11818916875488794,0.24472119528250144,0.42574257425742573,0.4158415841584158,12.19371724420671,1053.0506063895427,11.925127413536075,17.606709329738486,18.19708297734198,1043.5885373633919,1076.2779884640834,1077.2211930596209,1.5328084695513553,1.4818332874961553,1.1760252418659773,1053.0506063895427,-117.85996098539628,4122961.348041135,0.0002554112244806415,1381,0.029306195829665968,-1.445965571882522,1.4440828042107998,-4095.9999999999995,4090.666666666666,C:\Users\kimeu\Downloads\starlink_pathB_wsl_package_v0_3_clean\starlink_pathB\paper_final_experiment_check\outputs\random1200_null_random1200_seed2\4_76_lst033_typical_frozen_polybeam_smooth_S30_single.npz,9.10175923472585,9444.443085672718,1.7798436919007438e-05,140609741.2109375,False,False,False,False,False,False,False,False,False,False,False,False
4_76,93.9206796714852,mid,typical,33,2461041.7291666665,2461041.73598962,frozen_polybeam,smooth,30.0,multi,coherent_ab,5,6,6,51121;47283;59925;57377;53567;52484,87.028;81.295;76.318;72.468;72.454;72.123,0.1653645833333333,4.328472795086945e-07,0.3314947967906838,0,5,5,5,0.0,0.3314947967906838,0.0,0.3484546838830035,4.328472795086945e-07,765847.0146028149,1.0831421811350785,0.8084715018657558,0.0031612404801982337,False,20269631,100,0.6668809847031139,1.5802439256279068,0.2871287128712871,0.0891089108910891,15.556957284373311,1377.1971416524457,12.538253213625921,20.703986825826224,21.56162387787917,1131.769080552782,1391.7247840331847,1426.609260102146,3.053150484145135,2.2219473894961945,1.2502397270383758,1377.1971416524457,-132.54327123704098,4122961.348041135,0.00033403105811476196,1381,0.029306195829665968,-1.445965571882522,1.4440828042107998,-4095.9999999999995,4090.666666666666,C:\Users\kimeu\Downloads\starlink_pathB_wsl_package_v0_3_clean\starlink_pathB\paper_final_experiment_check\outputs\random1200_null_random1200_seed2\4_76_lst033_typical_frozen_polybeam_smooth_S30_multi.npz,9.10175923472585,9444.443085672718,1.7798436919007438e-05,140609741.2109375,False,False,False,False,False,False,False,False,False,False,False,False
4_76,93.9206796714852,mid,typical,33,2461041.7291666665,2461041.73598962,frozen_polybeam,smooth,1000.0,single,coherent_ab,5,6,1,51121,87.028,0.1653645833333333,4.328472795086945e-07,0.3314947967906838,0,5,5,5,0.0,0.3314947967906838,0.0,0.3484546838830035,4.328472795086945e-07,765847.0146028149,26.94905006219186,26.94905006219186,0.04276850486777752,False,20269648,100,0.19632695124708777,0.5257400509132741,0.40594059405940597,0.37623762376237624,397.57650798688337,35225.52910574209,380.46890435860587,603.5506776972209,604.9456796970593,34286.92903204379,36109.02408356876,36112.49319365823,58.77400168833219,1.1172960972616668,0.9731946600626352,35225.52910574209,-5295.528381539611,4122961.348041135,0.008543744685474225,1381,0.029306195829665968,-1.445965571882522,1.4440828042107998,-4095.9999999999995,4090.666666666666,C:\Users\kimeu\Downloads\starlink_pathB_wsl_package_v0_3_clean\starlink_pathB\paper_final_experiment_check\outputs\random1200_null_random1200_seed2\4_76_lst033_typical_frozen_polybeam_smooth_S1000_single.npz,9.10175923472585,9444.443085672718,1.7798436919007438e-05,140609741.2109375,False,False,False,False,False,False,False,False,False,False,False,False
4_76,93.9206796714852,mid,typical,33,2461041.7291666665,2461041.73598962,frozen_polybeam,smooth,1000.0,multi,coherent_ab,5,6,6,51121;47283;59925;57377;53567;52484,87.028;81.295;76.318;72.468;72.454;72.123,0.1653645833333333,4.328472795086945e-07,0.3314947967906838,0,5,5,5,0.0,0.3314947967906838,0.0,0.3484546838830035,4.328472795086945e-07,765847.0146028149,36.10473937116929,26.94905006219186,0.10537468267327448,False,20269665,100,0.7597604584072806,1.6748499670067165,0.297029702970297,0.0594059405940594,509.13583471102584,46073.632351425564,394.01264060309495,665.7178759647259,720.6214340535628,38227.86908576338,45917.5611682446,47487.62935608641,102.20264791090858,2.211805638745731,1.2858806690234594,46073.632351425564,-6012.069800270727,4122961.348041135,0.011174888256790392,1381,0.029306195829665968,-1.445965571882522,1.4440828042107998,-4095.9999999999995,4090.666666666666,C:\Users\kimeu\Downloads\starlink_pathB_wsl_package_v0_3_clean\starlink_pathB\paper_final_experiment_check\outputs\random1200_null_random1200_seed2\4_76_lst033_typical_frozen_polybeam_smooth_S1000_multi.npz,9.10175923472585,9444.443085672718,1.7798436919007438e-05,140609741.2109375,False,False,False,False,False,False,False,False,False,False,False,False
4_76,93.9206796714852,mid,typical,33,2461041.7291666665,2461041.73598962,frozen_polybeam,lines,30.0,single,coherent_ab,5,6,1,51121,87.028,0.1653645833333333,4.328472795086945e-07,0.3314947967906838,0,5,5,5,0.0,0.3314947967906838,0.0,0.3484546838830035,4.328472795086945e-07,765847.0146028149,0.808396606868809,0.808396606868809,0.0012840093496758185,False,20269682,100,0.2780120569401632,0.37651501572151763,0.42574257425742573,0.37623762376237624,12.206321743437911,1052.2412276680825,11.644241037792199,17.426699395423384,18.320953068587915,1034.852309403384,1076.5169881730712,1076.9635640291579,1.363675540588929,0.9894014159034357,0.9374840219145499,1052.2412276680825,-117.01098072288089,4122961.348041135,0.00025521491443717125,1381,0.029306195829665968,-1.445965571882522,1.4440828042107998,-4095.9999999999995,4090.666666666666,C:\Users\kimeu\Downloads\starlink_pathB_wsl_package_v0_3_clean\starlink_pathB\paper_final_experiment_check\outputs\random1200_null_random1200_seed2\4_76_lst033_typical_frozen_polybeam_lines_S30_single.npz,9.10175923472585,9444.443085672718,1.7798436919007438e-05,140609741.2109375,False,False,False,False,False,False,False,False,False,False,False,False
4_76,93.9206796714852,mid,typical,33,2461041.7291666665,2461041.73598962,frozen_polybeam,lines,30.0,multi,coherent_ab,5,6,6,51121;47283;59925;57377;53567;52484,87.028;81.295;76.318;72.468;72.454;72.123,0.1653645833333333,4.328472795086945e-07,0.3314947967906838,0,5,5,5,0.0,0.3314947967906838,0.0,0.3484546838830035,4.328472795086945e-07,765847.0146028149,1.0830651245873264,0.808396606868809,0.003164407494652741,False,20269699,100,0.5658558552320659,2.110307291912158,0.3069306930693069,0.0891089108910891,15.530884634145877,1376.813486387211,13.068956990321567,20.08529886444644,21.765043287288552,1149.5752127804487,1385.0611629204755,1415.9304647773056,2.9345767670433816,2.1029946429090964,1.406129160600726,1376.813486387211,-131.93195419467713,4122961.348041135,0.0003339380047890458,1381,0.029306195829665968,-1.445965571882522,1.4440828042107998,-4095.9999999999995,4090.666666666666,C:\Users\kimeu\Downloads\starlink_pathB_wsl_package_v0_3_clean\starlink_pathB\paper_final_experiment_check\outputs\random1200_null_random1200_seed2\4_76_lst033_typical_frozen_polybeam_lines_S30_multi.npz,9.10175923472585,9444.443085672718,1.7798436919007438e-05,140609741.2109375,False,False,False,False,False,False,False,False,False,False,False,False
4_76,93.9206796714852,mid,typical,33,2461041.7291666665,2461041.73598962,frozen_polybeam,lines,1000.0,single,coherent_ab,5,6,1,51121,87.028,0.1653645833333333,4.328472795086945e-07,0.3314947967906838,0,5,5,5,0.0,0.3314947967906838,0.0,0.3484546838830035,4.328472795086945e-07,765847.0146028149,26.946553562293623,26.946553562293623,0.04280031165586062,False,20269716,100,0.39632685733518663,0.4131682333932862,0.37623762376237624,0.3564356435643564,397.9975999184171,35200.009520429674,371.23314227377705,595.0254127115535,602.7348401357359,34549.422701378106,36032.60443819742,36110.67623367289,45.54922037101551,0.8659908536821749,0.7935850237332883,35200.009520429674,-5266.312460495631,4122961.348041135,0.008537555060309647,1381,0.029306195829665968,-1.445965571882522,1.4440828042107998,-4095.9999999999995,4090.666666666666,C:\Users\kimeu\Downloads\starlink_pathB_wsl_package_v0_3_clean\starlink_pathB\paper_final_experiment_check\outputs\random1200_null_random1200_seed2\4_76_lst033_typical_frozen_polybeam_lines_S1000_single.npz,9.10175923472585,9444.443085672718,1.7798436919007438e-05,140609741.2109375,False,False,False,False,False,False,False,False,False,False,False,False
4_76,93.9206796714852,mid,typical,33,2461041.7291666665,2461041.73598962,frozen_polybeam,lines,1000.0,multi,coherent_ab,5,6,6,51121;47283;59925;57377;53567;52484,87.028;81.295;76.318;72.468;72.454;72.123,0.1653645833333333,4.328472795086945e-07,0.3314947967906838,0,5,5,5,0.0,0.3314947967906838,0.0,0.3484546838830035,4.328472795086945e-07,765847.0146028149,36.10217081957754,26.946553562293623,0.10548024982175802,False,20269733,100,1.0461010176784886,2.2753247965183907,0.26732673267326734,0.039603960396039604,508.27043345143466,46057.96871973779,377.6191650646849,643.3579040206218,719.8819261022302,36800.86959788938,45177.811100216415,46515.54284421771,84.23954451007262,2.7742217100293374,1.68149967094404,46057.96871973779,-5990.90727992195,4122961.348041135,0.011171089135148077,1381,0.029306195829665968,-1.445965571882522,1.4440828042107998,-4095.9999999999995,4090.666666666666,C:\Users\kimeu\Downloads\starlink_pathB_wsl_package_v0_3_clean\starlink_pathB\paper_final_experiment_check\outputs\random1200_null_random1200_seed2\4_76_lst033_typical_frozen_polybeam_lines_S1000_multi.npz,9.10175923472585,9444.443085672718,1.7798436919007438e-05,140609741.2109375,False,False,False,False,False,False,False,False,False,False,False,False
4_76,93.9206796714852,mid,typical,33,2461041.7291666665,2461041.73598962,frozen_polybeam,khz_comb,30.0,single,coherent_ab,5,6,1,51121,87.028,0.1653645833333333,4.328472795086945e-07,0.3314947967906838,0,5,5,5,0.0,0.3314947967906838,0.0,0.3484546838830035,4.328472795086945e-07,765847.0146028149,0.665292864919867,0.665292864919867,0.001145951072973036,False,20269750,100,0.27132053303553266,0.4209894639193091,0.39603960396039606,0.26732673267326734,12.293593905970738,938.9973410409872,11.7676691449999,18.348561400105655,18.495330599429497,928.3404888206633,950.004568162119,950.8011286322577,1.307425529081911,0.8699445529098605,0.8249209026555456,938.9973410409872,-108.45709560036455,4122961.348041135,0.00022774827648750948,1381,0.029306195829665968,-1.445965571882522,1.4440828042107998,-4095.9999999999995,4090.666666666666,C:\Users\kimeu\Downloads\starlink_pathB_wsl_package_v0_3_clean\starlink_pathB\paper_final_experiment_check\outputs\random1200_null_random1200_seed2\4_76_lst033_typical_frozen_polybeam_khz_comb_S30_single.npz,9.10175923472585,9444.443085672718,1.7798436919007438e-05,140609741.2109375,False,False,False,False,False,False,False,False,False,False,False,False
4_76,93.9206796714852,mid,typical,33,2461041.7291666665,2461041.73598962,frozen_polybeam,khz_comb,30.0,multi,coherent_ab,5,6,6,51121;47283;59925;57377;53567;52484,87.028;81.295;76.318;72.468;72.454;72.123,0.1653645833333333,4.328472795086945e-07,0.3314947967906838,0,5,5,5,0.0,0.3314947967906838,0.0,0.3484546838830035,4.328472795086945e-07,765847.0146028149,0.9105094188975162,0.665292864919867,0.0028196581533629296,False,20269767,100,0.39219681677719576,2.1290071478457424,0.3465346534653465,0.04950495049504951,15.785626567346299,1240.0182176596256,13.996415679686379,20.381653768587057,21.44323539558755,1027.549346237192,1230.063622380574,1302.9124353286766,3.0770423390945325,2.376634788259292,1.408367508202435,1240.0182176596256,-121.42065266006585,4122961.348041135,0.0003007591177755698,1381,0.029306195829665968,-1.445965571882522,1.4440828042107998,-4095.9999999999995,4090.666666666666,C:\Users\kimeu\Downloads\starlink_pathB_wsl_package_v0_3_clean\starlink_pathB\paper_final_experiment_check\outputs\random1200_null_random1200_seed2\4_76_lst033_typical_frozen_polybeam_khz_comb_S30_multi.npz,9.10175923472585,9444.443085672718,1.7798436919007438e-05,140609741.2109375,False,False,False,False,False,False,False,False,False,False,False,False
4_76,93.9206796714852,mid,typical,33,2461041.7291666665,2461041.73598962,frozen_polybeam,khz_comb,1000.0,single,coherent_ab,5,6,1,51121,87.028,0.1653645833333333,4.328472795086945e-07,0.3314947967906838,0,5,5,5,0.0,0.3314947967906838,0.0,0.3484546838830035,4.328472795086945e-07,765847.0146028149,22.176428830662232,22.176428830662232,0.038198369099101195,False,20269784,100,0.38906241173402706,0.5891635420670964,0.2871287128712871,0.2376237623762376,400.93470731258094,31390.2019418575,377.18962233061166,599.075543023136,607.5807145242566,30766.552324200307,31699.23469316361,31823.90583948626,41.165221620724424,1.4285533855246202,1.3044184642421577,31390.2019418575,-4574.470009177545,4122961.348041135,0.007613508663323108,1381,0.029306195829665968,-1.445965571882522,1.4440828042107998,-4095.9999999999995,4090.666666666666,C:\Users\kimeu\Downloads\starlink_pathB_wsl_package_v0_3_clean\starlink_pathB\paper_final_experiment_check\outputs\random1200_null_random1200_seed2\4_76_lst033_typical_frozen_polybeam_khz_comb_S1000_single.npz,9.10175923472585,9444.443085672718,1.7798436919007438e-05,140609741.2109375,False,False,False,False,False,False,False,False,False,False,False,False
4_76,93.9206796714852,mid,typical,33,2461041.7291666665,2461041.73598962,frozen_polybeam,khz_comb,1000.0,multi,coherent_ab,5,6,6,51121;47283;59925;57377;53567;52484,87.028;81.295;76.318;72.468;72.454;72.123,0.1653645833333333,4.328472795086945e-07,0.3314947967906838,0,5,5,5,0.0,0.3314947967906838,0.0,0.3484546838830035,4.328472795086945e-07,765847.0146028149,30.350313963250535,22.176428830662232,0.09398860511209764,False,20269801,100,1.3161446991270134,1.8315238302801844,0.15841584158415842,0.04950495049504951,516.8052045972186,41419.78036229742,370.3792123429455,616.8686754633342,726.869076800521,34350.049272074335,41150.44204092854,42587.159343131905,75.03960528671905,2.5536162541905467,1.5093790618488647,41419.78036229742,-5150.587843077947,4122961.348041135,0.010046123857546328,1381,0.029306195829665968,-1.445965571882522,1.4440828042107998,-4095.9999999999995,4090.666666666666,C:\Users\kimeu\Downloads\starlink_pathB_wsl_package_v0_3_clean\starlink_pathB\paper_final_experiment_check\outputs\random1200_null_random1200_seed2\4_76_lst033_typical_frozen_polybeam_khz_comb_S1000_multi.npz,9.10175923472585,9444.443085672718,1.7798436919007438e-05,140609741.2109375,False,False,False,False,False,False,False,False,False,False,False,False
4_76,93.9206796714852,mid,typical,33,2461041.7291666665,2461041.73598962,full_polybeam,smooth,30.0,single,coherent_ab,5,6,1,51121,87.028,0.1653645833333333,4.328472795086945e-07,0.3314947967906838,0,5,5,5,0.0,0.3314947967906838,0.0,0.3484546838830035,4.328472795086945e-07,765847.0146028149,1.0810757574800889,1.0810757574800889,0.0017377856152530353,False,20269818,100,-0.8483361846272561,-0.505003362828939,0.7821782178217822,0.6237623762376238,15.146722320267145,1834.006383560873,17.34650085960834,23.926049217800937,24.137893593117933,1843.5201092707503,1861.7250692443984,1862.975198821407,1.748988578546232,1.6631960756047401,1.5003176342015774,1834.006383560873,-132.88649362472574,4122961.348041135,0.0004448274501608486,1381,0.029306195829665968,-1.445965571882522,1.4440828042107998,-4095.9999999999995,4090.666666666666,C:\Users\kimeu\Downloads\starlink_pathB_wsl_package_v0_3_clean\starlink_pathB\paper_final_experiment_check\outputs\random1200_null_random1200_seed2\4_76_lst033_typical_full_polybeam_smooth_S30_single.npz,9.10175923472585,9444.443085672718,1.7798436919007438e-05,140609741.2109375,False,False,False,False,False,False,False,False,False,False,False,False
4_76,93.9206796714852,mid,typical,33,2461041.7291666665,2461041.73598962,full_polybeam,smooth,30.0,multi,coherent_ab,5,6,6,51121;47283;59925;57377;53567;52484,87.028;81.295;76.318;72.468;72.454;72.123,0.1653645833333333,4.328472795086945e-07,0.3314947967906838,0,5,5,5,0.0,0.3314947967906838,0.0,0.3484546838830035,4.328472795086945e-07,765847.0146028149,2.466796808190514,1.0810757574800889,0.005945034377464269,False,20269835,100,-0.35303343063539344,1.0527107729838903,0.6336633663366337,0.06930693069306931,17.104993745198954,2281.2295535897547,18.734346168910406,24.55850323658337,26.46787406470497,2008.1926705138826,2284.3068728376643,2324.817423897916,3.1129719124509165,2.2541088462863517,1.4378582336539953,2281.2295535897547,-95.69844807152478,4122961.348041135,0.00055329879691295,1381,0.029306195829665968,-1.445965571882522,1.4440828042107998,-4095.9999999999995,4090.666666666666,C:\Users\kimeu\Downloads\starlink_pathB_wsl_package_v0_3_clean\starlink_pathB\paper_final_experiment_check\outputs\random1200_null_random1200_seed2\4_76_lst033_typical_full_polybeam_smooth_S30_multi.npz,9.10175923472585,9444.443085672718,1.7798436919007438e-05,140609741.2109375,False,False,False,False,False,False,False,False,False,False,False,False
4_76,93.9206796714852,mid,typical,33,2461041.7291666665,2461041.73598962,full_polybeam,smooth,1000.0,single,coherent_ab,5,6,1,51121,87.028,0.1653645833333333,4.328472795086945e-07,0.3314947967906838,0,5,5,5,0.0,0.3314947967906838,0.0,0.3484546838830035,4.328472795086945e-07,765847.0146028149,36.03585858266963,36.03585858266963,0.057926187175101194,False,20269852,100,-0.4521942743001687,0.5354562926734537,0.6039603960396039,0.24752475247524752,474.9025933592302,61799.60434954445,516.9444197915464,763.6399478408024,775.0919602000102,61191.79453040932,62933.93210429911,63034.50959208433,62.70938190007405,1.4479039388653236,1.2722833980929291,61799.60434954445,-11045.472906791469,4122961.348041135,0.01498913017433601,1381,0.029306195829665968,-1.445965571882522,1.4440828042107998,-4095.9999999999995,4090.666666666666,C:\Users\kimeu\Downloads\starlink_pathB_wsl_package_v0_3_clean\starlink_pathB\paper_final_experiment_check\outputs\random1200_null_random1200_seed2\4_76_lst033_typical_full_polybeam_smooth_S1000_single.npz,9.10175923472585,9444.443085672718,1.7798436919007438e-05,140609741.2109375,False,False,False,False,False,False,False,False,False,False,False,False
4_76,93.9206796714852,mid,typical,33,2461041.7291666665,2461041.73598962,full_polybeam,smooth,1000.0,multi,coherent_ab,5,6,6,51121;47283;59925;57377;53567;52484,87.028;81.295;76.318;72.468;72.454;72.123,0.1653645833333333,4.328472795086945e-07,0.3314947967906838,0,5,5,5,0.0,0.3314947967906838,0.0,0.3484546838830035,4.328472795086945e-07,765847.0146028149,82.22656027301714,36.03585858266963,0.19816781258214233,False,20269869,100,-0.2977532646019118,1.1315751166394616,0.6336633663366337,0.04950495049504951,549.4674854448203,76527.7358354292,585.0111944486805,806.9251395400789,874.149388830669,68447.63440430423,75813.36957024431,77040.42135812297,80.51600479571971,2.325330020289067,1.3903060234480058,76527.7358354292,-10653.744279851004,4122961.348041135,0.018561351750675126,1381,0.029306195829665968,-1.445965571882522,1.4440828042107998,-4095.9999999999995,4090.666666666666,C:\Users\kimeu\Downloads\starlink_pathB_wsl_package_v0_3_clean\starlink_pathB\paper_final_experiment_check\outputs\random1200_null_random1200_seed2\4_76_lst033_typical_full_polybeam_smooth_S1000_multi.npz,9.10175923472585,9444.443085672718,1.7798436919007438e-05,140609741.2109375,False,False,False,False,False,False,False,False,False,False,False,False
4_76,93.9206796714852,mid,typical,33,2461041.7291666665,2461041.73598962,full_polybeam,lines,30.0,single,coherent_ab,5,6,1,51121,87.028,0.1653645833333333,4.328472795086945e-07,0.3314947967906838,0,5,5,5,0.0,0.3314947967906838,0.0,0.3484546838830035,4.328472795086945e-07,765847.0146028149,1.0809756090328413,1.0809756090328413,0.0017389325574437419,False,20269886,100,-0.4795062493615558,-0.08815715548848517,0.6534653465346535,0.5247524752475248,15.185357685509189,1833.590250460164,16.417047491074754,23.479312002508866,24.10373165311573,1836.3556465145684,1861.2598443811685,1862.0150421779558,1.7325392390644083,0.9762276335924626,0.9021101395562767,1833.590250460164,-131.9327764502126,4122961.348041135,0.00044472651952735944,1381,0.029306195829665968,-1.445965571882522,1.4440828042107998,-4095.9999999999995,4090.666666666666,C:\Users\kimeu\Downloads\starlink_pathB_wsl_package_v0_3_clean\starlink_pathB\paper_final_experiment_check\outputs\random1200_null_random1200_seed2\4_76_lst033_typical_full_polybeam_lines_S30_single.npz,9.10175923472585,9444.443085672718,1.7798436919007438e-05,140609741.2109375,False,False,False,False,False,False,False,False,False,False,False,False
4_76,93.9206796714852,mid,typical,33,2461041.7291666665,2461041.73598962,full_polybeam,lines,30.0,multi,coherent_ab,5,6,6,51121;47283;59925;57377;53567;52484,87.028;81.295;76.318;72.468;72.454;72.123,0.1653645833333333,4.328472795086945e-07,0.3314947967906838,0,5,5,5,0.0,0.3314947967906838,0.0,0.3484546838830035,4.328472795086945e-07,765847.0146028149,2.4665613110275975,1.0809756090328413,0.005949612012673608,False,20269903,100,-0.37144273317426657,1.1497659815913361,0.6435643564356436,0.0891089108910891,17.109879170416207,2280.0847616685755,18.665579011952104,25.41986271177766,27.267617965839847,2016.3351663909284,2290.32099195788,2321.21441954734,2.824944665542489,2.384436202368159,1.5152601749194672,2280.0847616685755,-95.34341553791515,4122961.348041135,0.0005530211343727172,1381,0.029306195829665968,-1.445965571882522,1.4440828042107998,-4095.9999999999995,4090.666666666666,C:\Users\kimeu\Downloads\starlink_pathB_wsl_package_v0_3_clean\starlink_pathB\paper_final_experiment_check\outputs\random1200_null_random1200_seed2\4_76_lst033_typical_full_polybeam_lines_S30_multi.npz,9.10175923472585,9444.443085672718,1.7798436919007438e-05,140609741.2109375,False,False,False,False,False,False,False,False,False,False,False,False
4_76,93.9206796714852,mid,typical,33,2461041.7291666665,2461041.73598962,full_polybeam,lines,1000.0,single,coherent_ab,5,6,1,51121,87.028,0.1653645833333333,4.328472795086945e-07,0.3314947967906838,0,5,5,5,0.0,0.3314947967906838,0.0,0.3484546838830035,4.328472795086945e-07,765847.0146028149,36.032520301094706,36.032520301094706,0.05796441858145807,False,20269920,100,-0.529373867859169,0.6068865791080681,0.6138613861386139,0.24752475247524752,476.2924171426548,61780.4253093062,526.5768747813188,761.7619032260217,773.5670455812609,61112.04404170329,62910.48531707939,63027.41680198233,64.06890117136277,1.3013115994181188,1.2064838082838325,61780.4253093062,-11009.891673115533,4122961.348041135,0.014984478411047625,1381,0.029306195829665968,-1.445965571882522,1.4440828042107998,-4095.9999999999995,4090.666666666666,C:\Users\kimeu\Downloads\starlink_pathB_wsl_package_v0_3_clean\starlink_pathB\paper_final_experiment_check\outputs\random1200_null_random1200_seed2\4_76_lst033_typical_full_polybeam_lines_S1000_single.npz,9.10175923472585,9444.443085672718,1.7798436919007438e-05,140609741.2109375,False,False,False,False,False,False,False,False,False,False,False,False
4_76,93.9206796714852,mid,typical,33,2461041.7291666665,2461041.73598962,full_polybeam,lines,1000.0,multi,coherent_ab,5,6,6,51121;47283;59925;57377;53567;52484,87.028;81.295;76.318;72.468;72.454;72.123,0.1653645833333333,4.328472795086945e-07,0.3314947967906838,0,5,5,5,0.0,0.3314947967906838,0.0,0.3484546838830035,4.328472795086945e-07,765847.0146028149,82.21871036758658,36.032520301094706,0.1983204004224536,False,20269937,100,-0.04313094875194161,1.5266196473982805,0.5247524752475248,0.0594059405940594,552.3905924405008,76490.53634541066,558.8580926895213,816.8154653170068,939.2580541576805,65313.04682321468,76308.0715275922,78734.62436598889,101.14011588211474,2.5897896463434917,1.4780330303933957,76490.53634541066,-10638.164345449037,4122961.348041135,0.01855232923339244,1381,0.029306195829665968,-1.445965571882522,1.4440828042107998,-4095.9999999999995,4090.666666666666,C:\Users\kimeu\Downloads\starlink_pathB_wsl_package_v0_3_clean\starlink_pathB\paper_final_experiment_check\outputs\random1200_null_random1200_seed2\4_76_lst033_typical_full_polybeam_lines_S1000_multi.npz,9.10175923472585,9444.443085672718,1.7798436919007438e-05,140609741.2109375,False,False,False,False,False,False,False,False,False,False,False,False
4_76,93.9206796714852,mid,typical,33,2461041.7291666665,2461041.73598962,full_polybeam,khz_comb,30.0,single,coherent_ab,5,6,1,51121,87.028,0.1653645833333333,4.328472795086945e-07,0.3314947967906838,0,5,5,5,0.0,0.3314947967906838,0.0,0.3484546838830035,4.328472795086945e-07,765847.0146028149,0.8896194686263289,0.8896194686263289,0.0015075667643286304,False,20269954,100,-0.31061562027276196,-0.3096111212818967,0.6039603960396039,0.5841584158415841,14.474042711872244,1541.3158501132934,15.622182619164278,22.601954325370663,22.846141756602957,1548.8447172323158,1568.1522845285208,1568.7060502385202,2.4931449274017723,0.8904277840227377,0.8455103694039348,1541.3158501132934,-119.9052298356828,4122961.348041135,0.00037383708456194714,1381,0.029306195829665968,-1.445965571882522,1.4440828042107998,-4095.9999999999995,4090.666666666666,C:\Users\kimeu\Downloads\starlink_pathB_wsl_package_v0_3_clean\starlink_pathB\paper_final_experiment_check\outputs\random1200_null_random1200_seed2\4_76_lst033_typical_full_polybeam_khz_comb_S30_single.npz,9.10175923472585,9444.443085672718,1.7798436919007438e-05,140609741.2109375,False,False,False,False,False,False,False,False,False,False,False,False
4_76,93.9206796714852,mid,typical,33,2461041.7291666665,2461041.73598962,full_polybeam,khz_comb,30.0,multi,coherent_ab,5,6,6,51121;47283;59925;57377;53567;52484,87.028;81.295;76.318;72.468;72.454;72.123,0.1653645833333333,4.328472795086945e-07,0.3314947967906838,0,5,5,5,0.0,0.3314947967906838,0.0,0.3484546838830035,4.328472795086945e-07,765847.0146028149,2.029926433598158,0.8896194686263289,0.0051074401229579776,False,20269971,100,0.18041927854861087,0.911019324601859,0.43564356435643564,0.0891089108910891,16.96934027029056,1930.8054934676154,16.26297178594632,23.644275675451627,24.59187459260892,1748.9247015000553,1935.4851044431791,2011.693169318708,2.640732294843474,2.6821153092397148,1.7363060349230326,1930.8054934676154,-89.23607833833042,4122961.348041135,0.00046830550433972967,1381,0.029306195829665968,-1.445965571882522,1.4440828042107998,-4095.9999999999995,4090.666666666666,C:\Users\kimeu\Downloads\starlink_pathB_wsl_package_v0_3_clean\starlink_pathB\paper_final_experiment_check\outputs\random1200_null_random1200_seed2\4_76_lst033_typical_full_polybeam_khz_comb_S30_multi.npz,9.10175923472585,9444.443085672718,1.7798436919007438e-05,140609741.2109375,False,False,False,False,False,False,False,False,False,False,False,False
4_76,93.9206796714852,mid,typical,33,2461041.7291666665,2461041.73598962,full_polybeam,khz_comb,1000.0,single,coherent_ab,5,6,1,51121,87.028,0.1653645833333333,4.328472795086945e-07,0.3314947967906838,0,5,5,5,0.0,0.3314947967906838,0.0,0.3484546838830035,4.328472795086945e-07,765847.0146028149,29.653982287544302,29.653982287544302,0.05025222547762099,False,20269988,100,-0.052838282644721714,0.4734672458699615,0.5148514851485149,0.32673267326732675,458.06217221667157,51799.49987256883,462.7011479138989,655.4965768326354,731.2453963436371,51476.84160070814,52732.484155518716,52971.14855633064,59.21740988924648,1.7139426157165092,1.5697374528005665,51799.49987256883,-8489.025376708596,4122961.348041135,0.012563663711564832,1381,0.029306195829665968,-1.445965571882522,1.4440828042107998,-4095.9999999999995,4090.666666666666,C:\Users\kimeu\Downloads\starlink_pathB_wsl_package_v0_3_clean\starlink_pathB\paper_final_experiment_check\outputs\random1200_null_random1200_seed2\4_76_lst033_typical_full_polybeam_khz_comb_S1000_single.npz,9.10175923472585,9444.443085672718,1.7798436919007438e-05,140609741.2109375,False,False,False,False,False,False,False,False,False,False,False,False
4_76,93.9206796714852,mid,typical,33,2461041.7291666665,2461041.73598962,full_polybeam,khz_comb,1000.0,multi,coherent_ab,5,6,6,51121;47283;59925;57377;53567;52484,87.028;81.295;76.318;72.468;72.454;72.123,0.1653645833333333,4.328472795086945e-07,0.3314947967906838,0,5,5,5,0.0,0.3314947967906838,0.0,0.3484546838830035,4.328472795086945e-07,765847.0146028149,67.66421445327194,29.653982287544302,0.17024800409859925,False,20270005,100,-0.015128291414918968,0.9354606688091288,0.5247524752475248,0.06930693069306931,532.1552995373227,64719.56879903826,534.3907342850484,736.3822635734459,843.996427884821,58310.81905894819,65090.5858335945,66176.65148535467,99.66625043109707,2.502318347464817,1.384989948370852,64719.56879903826,-8057.311558259561,4122961.348041135,0.015697350359538842,1381,0.029306195829665968,-1.445965571882522,1.4440828042107998,-4095.9999999999995,4090.666666666666,C:\Users\kimeu\Downloads\starlink_pathB_wsl_package_v0_3_clean\starlink_pathB\paper_final_experiment_check\outputs\random1200_null_random1200_seed2\4_76_lst033_typical_full_polybeam_khz_comb_S1000_multi.npz,9.10175923472585,9444.443085672718,1.7798436919007438e-05,140609741.2109375,False,False,False,False,False,False,False,False,False,False,False,False
4_76,93.9206796714852,mid,stress,0,2461041.5,2461041.506822953,frozen_polybeam,smooth,30.0,single,coherent_ab,4,3,1,53976,86.545,0.2350680443548387,7.117139047722464e-05,0.5502745938468236,1,4,4,4,0.3308758856684498,0.5502745938468236,0.3308758856684498,0.7280464634021924,7.117139047722464e-05,7731.682494287019,0.7006962827015094,0.7006962827015094,0.0011600867275669774,False,20269989,100,0.10147002831163772,-0.29412149138802923,0.40594059405940597,0.6534653465346535,8.075844341692573,1214.1145828860726,7.853648245349177,10.611169384392998,10.652124947814592,1226.091381209938,1289.7025383461394,1293.03050311684,1.4769801119509793,1.0807213469337087,0.932735843701478,1214.1145828860726,-166.37266771801052,7993977.983963837,0.00015187864981885407,1381,0.029306195829665968,-1.445965571882522,1.4440828042107998,-4095.9999999999995,4090.666666666666,C:\Users\kimeu\Downloads\starlink_pathB_wsl_package_v0_3_clean\starlink_pathB\paper_final_experiment_check\outputs\random1200_null_random1200_seed2\4_76_lst000_stress_frozen_polybeam_smooth_S30_single.npz,9.10175923472585,9444.443085672718,1.7798436919007438e-05,140609741.2109375,False,False,False,False,False,False,False,False,False,False,False,False
4_76,93.9206796714852,mid,stress,0,2461041.5,2461041.506822953,frozen_polybeam,smooth,30.0,multi,coherent_ab,4,3,3,53976;54093;56109,86.545;85.567;70.536,0.2350680443548387,7.117139047722464e-05,0.5502745938468236,1,4,4,4,0.3308758856684498,0.5502745938468236,0.3308758856684498,0.7280464634021924,7.117139047722464e-05,7731.682494287019,8.389860990215704,7.682230917201963,0.01743035955822722,False,20270006,100,1.5181093031890638,-0.08750901293812745,0.10891089108910891,0.5247524752475248,156.7654990717856,27124.050711599823,119.15768390898256,161.02956254720266,165.0511249576737,27213.52715390906,28203.532834153917,28261.067126098493,16.709023360918934,1.5831962800478854,1.1250745518007204,27124.050711599823,3799.906269701424,7993977.983963837,0.003393060472021751,1381,0.029306195829665968,-1.445965571882522,1.4440828042107998,-4095.9999999999995,4090.666666666666,C:\Users\kimeu\Downloads\starlink_pathB_wsl_package_v0_3_clean\starlink_pathB\paper_final_experiment_check\outputs\random1200_null_random1200_seed2\4_76_lst000_stress_frozen_polybeam_smooth_S30_multi.npz,9.10175923472585,9444.443085672718,1.7798436919007438e-05,140609741.2109375,False,False,False,False,False,False,False,False,False,False,False,False
4_76,93.9206796714852,mid,stress,0,2461041.5,2461041.506822953,frozen_polybeam,smooth,1000.0,single,coherent_ab,4,3,1,53976,86.545,0.2350680443548387,7.117139047722464e-05,0.5502745938468236,1,4,4,4,0.3308758856684498,0.5502745938468236,0.3308758856684498,0.7280464634021924,7.117139047722464e-05,7731.682494287019,23.356542756716983,23.356542756716983,0.038669557585565915,False,20270023,100,0.26147753519994327,-0.09296486965513368,0.33663366336633666,0.5346534653465347,257.84512692657154,41597.32289049823,240.99017947450557,343.839102891762,348.04118995226906,41724.00100430191,43582.99964292538,43852.070435343034,43.477946582252116,0.8686572836591144,0.8156871398241368,41597.32289049823,-11366.025089215278,7993977.983963837,0.005203582368370757,1381,0.029306195829665968,-1.445965571882522,1.4440828042107998,-4095.9999999999995,4090.666666666666,C:\Users\kimeu\Downloads\starlink_pathB_wsl_package_v0_3_clean\starlink_pathB\paper_final_experiment_check\outputs\random1200_null_random1200_seed2\4_76_lst000_stress_frozen_polybeam_smooth_S1000_single.npz,9.10175923472585,9444.443085672718,1.7798436919007438e-05,140609741.2109375,False,False,False,False,False,False,False,False,False,False,False,False
4_76,93.9206796714852,mid,stress,0,2461041.5,2461041.506822953,frozen_polybeam,smooth,1000.0,multi,coherent_ab,4,3,3,53976;54093;56109,86.545;85.567;70.536,0.2350680443548387,7.117139047722464e-05,0.5502745938468236,1,4,4,4,0.3308758856684498,0.5502745938468236,0.3308758856684498,0.7280464634021924,7.117139047722464e-05,7731.682494287019,279.66203300719013,256.0743639067321,0.5810119852742407,False,20270040,100,0.48884448198973546,-2.1453708290004436,0.40594059405940597,0.7722772277227723,5070.465645155447,974009.5029944881,4742.3020193832945,5415.5668477744275,5616.251889684052,1020836.8269230423,1059038.5201238017,1068399.9570630835,452.7888548086348,1.3795659276374068,0.7786997927320947,974009.5029944881,233717.4834662056,7993977.983963837,0.12184290536556153,1381,0.029306195829665968,-1.445965571882522,1.4440828042107998,-4095.9999999999995,4090.666666666666,C:\Users\kimeu\Downloads\starlink_pathB_wsl_package_v0_3_clean\starlink_pathB\paper_final_experiment_check\outputs\random1200_null_random1200_seed2\4_76_lst000_stress_frozen_polybeam_smooth_S1000_multi.npz,9.10175923472585,9444.443085672718,1.7798436919007438e-05,140609741.2109375,False,False,False,False,False,False,False,False,False,False,False,False
4_76,93.9206796714852,mid,stress,0,2461041.5,2461041.506822953,frozen_polybeam,lines,30.0,single,coherent_ab,4,3,1,53976,86.545,0.2350680443548387,7.117139047722464e-05,0.5502745938468236,1,4,4,4,0.3308758856684498,0.5502745938468236,0.3308758856684498,0.7280464634021924,7.117139047722464e-05,7731.682494287019,0.7006313717605145,0.7006313717605145,0.001160956728883418,False,20270057,100,-0.006719831405097223,-0.4117150023541659,0.5148514851485149,0.6732673267326733,7.9262305917727645,1213.4788268272005,7.940051241508627,10.453425356468506,10.546215802422667,1231.688764581505,1288.9123317413607,1292.2951116889412,1.3872223832477175,1.4090546238999313,1.2832583039578889,1213.4788268272005,-167.59061607807885,7993977.983963837,0.0001517991204455999,1381,0.029306195829665968,-1.445965571882522,1.4440828042107998,-4095.9999999999995,4090.666666666666,C:\Users\kimeu\Downloads\starlink_pathB_wsl_package_v0_3_clean\starlink_pathB\paper_final_experiment_check\outputs\random1200_null_random1200_seed2\4_76_lst000_stress_frozen_polybeam_lines_S30_single.npz,9.10175923472585,9444.443085672718,1.7798436919007438e-05,140609741.2109375,False,False,False,False,False,False,False,False,False,False,False,False
4_76,93.9206796714852,mid,stress,0,2461041.5,2461041.506822953,frozen_polybeam,lines,30.0,multi,coherent_ab,4,3,3,53976;54093;56109,86.545;85.567;70.536,0.2350680443548387,7.117139047722464e-05,0.5502745938468236,1,4,4,4,0.3308758856684498,0.5502745938468236,0.3308758856684498,0.7280464634021924,7.117139047722464e-05,7731.682494287019,8.389785754461197,7.6822208587284555,0.01745038019610703,False,20270074,100,1.007411149950726,-0.4880939639890351,0.1782178217821782,0.6039603960396039,156.53801189229125,27164.126532835573,122.73165337922228,164.26835904557157,165.37101191220358,27580.22901539015,28250.979495787786,28331.531606057455,22.634330014843727,1.5457887686221823,1.0965850198349854,27164.126532835573,3766.999241573269,7993977.983963837,0.0033980737234112525,1381,0.029306195829665968,-1.445965571882522,1.4440828042107998,-4095.9999999999995,4090.666666666666,C:\Users\kimeu\Downloads\starlink_pathB_wsl_package_v0_3_clean\starlink_pathB\paper_final_experiment_check\outputs\random1200_null_random1200_seed2\4_76_lst000_stress_frozen_polybeam_lines_S30_multi.npz,9.10175923472585,9444.443085672718,1.7798436919007438e-05,140609741.2109375,False,False,False,False,False,False,False,False,False,False,False,False
4_76,93.9206796714852,mid,stress,0,2461041.5,2461041.506822953,frozen_polybeam,lines,1000.0,single,coherent_ab,4,3,1,53976,86.545,0.2350680443548387,7.117139047722464e-05,0.5502745938468236,1,4,4,4,0.3308758856684498,0.5502745938468236,0.3308758856684498,0.7280464634021924,7.117139047722464e-05,7731.682494287019,23.354379058683822,23.354379058683822,0.03869855762944727,False,20270091,100,0.005044906945944946,0.10289662533110075,0.49504950495049505,0.44554455445544555,252.94012382603978,41609.0470452556,252.52268004768484,343.61672951787915,346.47026702258415,41460.045218072155,43581.603386535506,43851.145302953395,55.811132716276916,1.4323861476024942,1.2887807611086732,41609.0470452556,-11404.360658297956,7993977.983963837,0.005205048991719093,1381,0.029306195829665968,-1.445965571882522,1.4440828042107998,-4095.9999999999995,4090.666666666666,C:\Users\kimeu\Downloads\starlink_pathB_wsl_package_v0_3_clean\starlink_pathB\paper_final_experiment_check\outputs\random1200_null_random1200_seed2\4_76_lst000_stress_frozen_polybeam_lines_S1000_single.npz,9.10175923472585,9444.443085672718,1.7798436919007438e-05,140609741.2109375,False,False,False,False,False,False,False,False,False,False,False,False
4_76,93.9206796714852,mid,stress,0,2461041.5,2461041.506822953,frozen_polybeam,lines,1000.0,multi,coherent_ab,4,3,3,53976;54093;56109,86.545;85.567;70.536,0.2350680443548387,7.117139047722464e-05,0.5502745938468236,1,4,4,4,0.3308758856684498,0.5502745938468236,0.3308758856684498,0.7280464634021924,7.117139047722464e-05,7731.682494287019,279.6595251487067,256.0740286242819,0.5816793398702343,False,20270108,100,0.8129174075437359,-1.5830781494364292,0.18811881188118812,0.8316831683168316,5161.23013588805,975412.2261494754,4705.332258231437,5362.825098406085,5677.589808452808,1025830.4213081357,1066258.046342978,1070120.4768942096,378.2658642696533,1.671999012029976,1.0697806150613771,975412.2261494754,232567.9282364358,7993977.983963837,0.12201837784719723,1381,0.029306195829665968,-1.445965571882522,1.4440828042107998,-4095.9999999999995,4090.666666666666,C:\Users\kimeu\Downloads\starlink_pathB_wsl_package_v0_3_clean\starlink_pathB\paper_final_experiment_check\outputs\random1200_null_random1200_seed2\4_76_lst000_stress_frozen_polybeam_lines_S1000_multi.npz,9.10175923472585,9444.443085672718,1.7798436919007438e-05,140609741.2109375,False,False,False,False,False,False,False,False,False,False,False,False
4_76,93.9206796714852,mid,stress,0,2461041.5,2461041.506822953,frozen_polybeam,khz_comb,30.0,single,coherent_ab,4,3,1,53976,86.545,0.2350680443548387,7.117139047722464e-05,0.5502745938468236,1,4,4,4,0.3308758856684498,0.5502745938468236,0.3308758856684498,0.7280464634021924,7.117139047722464e-05,7731.682494287019,0.5766044149749067,0.5766044149749067,0.0010357182282611566,False,20270125,100,-0.2679059309713371,-0.486611093715568,0.6336633663366337,0.7128712871287128,6.778848838977865,1086.433393690663,7.108606512447295,9.486538898150684,9.573837311431271,1105.1160846921985,1154.634315477007,1156.9402888664797,0.8302111969496764,0.9948324967481015,0.9340183363012212,1086.433393690663,-142.2303721559096,7993977.983963837,0.00013590647808513876,1381,0.029306195829665968,-1.445965571882522,1.4440828042107998,-4095.9999999999995,4090.666666666666,C:\Users\kimeu\Downloads\starlink_pathB_wsl_package_v0_3_clean\starlink_pathB\paper_final_experiment_check\outputs\random1200_null_random1200_seed2\4_76_lst000_stress_frozen_polybeam_khz_comb_S30_single.npz,9.10175923472585,9444.443085672718,1.7798436919007438e-05,140609741.2109375,False,False,False,False,False,False,False,False,False,False,False,False
4_76,93.9206796714852,mid,stress,0,2461041.5,2461041.506822953,frozen_polybeam,khz_comb,30.0,multi,coherent_ab,4,3,3,53976;54093;56109,86.545;85.567;70.536,0.2350680443548387,7.117139047722464e-05,0.5502745938468236,1,4,4,4,0.3308758856684498,0.5502745938468236,0.3308758856684498,0.7280464634021924,7.117139047722464e-05,7731.682494287019,7.79337192075695,7.2110613660131735,0.01572138222749445,False,20270142,100,0.6351809187212649,-0.3022994911436634,0.2079207920792079,0.6039603960396039,136.80317259742878,23689.489835153763,122.92134303488274,147.88635610263304,151.9386385907834,23925.833077463885,24662.62453316987,24754.917399054764,14.7409430740081,1.6383980038073067,1.1925128718793316,23689.489835153763,2900.473846125945,7993977.983963837,0.002963416947441637,1381,0.029306195829665968,-1.445965571882522,1.4440828042107998,-4095.9999999999995,4090.666666666666,C:\Users\kimeu\Downloads\starlink_pathB_wsl_package_v0_3_clean\starlink_pathB\paper_final_experiment_check\outputs\random1200_null_random1200_seed2\4_76_lst000_stress_frozen_polybeam_khz_comb_S30_multi.npz,9.10175923472585,9444.443085672718,1.7798436919007438e-05,140609741.2109375,False,False,False,False,False,False,False,False,False,False,False,False
4_76,93.9206796714852,mid,stress,0,2461041.5,2461041.506822953,frozen_polybeam,khz_comb,1000.0,single,coherent_ab,4,3,1,53976,86.545,0.2350680443548387,7.117139047722464e-05,0.5502745938468236,1,4,4,4,0.3308758856684498,0.5502745938468236,0.3308758856684498,0.7280464634021924,7.117139047722464e-05,7731.682494287019,19.220147165830223,19.220147165830223,0.03452394094203857,False,20270159,100,-0.6218290864125121,-0.5489163550318377,0.7722772277227723,0.6831683168316832,213.66160767807742,36996.87345178171,249.13901613229973,311.4038125809555,312.1401478638391,37611.19062217837,38789.19110850003,39068.37799095668,38.48193128212006,1.4469822981404599,1.3078905037082373,36996.87345178171,-8943.425309671376,7993977.983963837,0.004628092987746346,1381,0.029306195829665968,-1.445965571882522,1.4440828042107998,-4095.9999999999995,4090.666666666666,C:\Users\kimeu\Downloads\starlink_pathB_wsl_package_v0_3_clean\starlink_pathB\paper_final_experiment_check\outputs\random1200_null_random1200_seed2\4_76_lst000_stress_frozen_polybeam_khz_comb_S1000_single.npz,9.10175923472585,9444.443085672718,1.7798436919007438e-05,140609741.2109375,False,False,False,False,False,False,False,False,False,False,False,False
4_76,93.9206796714852,mid,stress,0,2461041.5,2461041.506822953,frozen_polybeam,khz_comb,1000.0,multi,coherent_ab,4,3,3,53976;54093;56109,86.545;85.567;70.536,0.2350680443548387,7.117139047722464e-05,0.5502745938468236,1,4,4,4,0.3308758856684498,0.5502745938468236,0.3308758856684498,0.7280464634021924,7.117139047722464e-05,7731.682494287019,259.7790640252316,240.36871220043906,0.5240460742498151,False,20270176,100,0.19002897122640416,-1.8678836916887152,0.42574257425742573,0.7623762376237624,4404.582565518032,823248.3874251763,4275.419723204832,4927.640116150968,5115.861012810638,868182.3903418287,900691.1276974337,902976.2592279505,458.45190365310646,1.4336243801869133,0.9717322202514576,823248.3874251763,163775.7540541354,7993977.983963837,0.10298356951653327,1381,0.029306195829665968,-1.445965571882522,1.4440828042107998,-4095.9999999999995,4090.666666666666,C:\Users\kimeu\Downloads\starlink_pathB_wsl_package_v0_3_clean\starlink_pathB\paper_final_experiment_check\outputs\random1200_null_random1200_seed2\4_76_lst000_stress_frozen_polybeam_khz_comb_S1000_multi.npz,9.10175923472585,9444.443085672718,1.7798436919007438e-05,140609741.2109375,False,False,False,False,False,False,False,False,False,False,False,False
4_76,93.9206796714852,mid,stress,0,2461041.5,2461041.506822953,full_polybeam,smooth,30.0,single,coherent_ab,4,3,1,53976,86.545,0.2350680443548387,7.117139047722464e-05,0.5502745938468236,1,4,4,4,0.3308758856684498,0.5502745938468236,0.3308758856684498,0.7280464634021924,7.117139047722464e-05,7731.682494287019,0.9872218600763736,0.9872218600763736,0.0015915064657851061,False,20270193,100,0.05458120129416117,-0.42479850084495024,0.44554455445544555,0.6435643564356436,8.574805856966123,1555.8790652569594,8.473597028372751,10.808517617591496,11.229274078817108,1585.4614990047676,1650.3315318151208,1651.2974669749428,1.2506947088938887,0.918312657209708,0.8618656042411533,1555.8790652569594,-197.12370788532854,7993977.983963837,0.0001946313923278373,1381,0.029306195829665968,-1.445965571882522,1.4440828042107998,-4095.9999999999995,4090.666666666666,C:\Users\kimeu\Downloads\starlink_pathB_wsl_package_v0_3_clean\starlink_pathB\paper_final_experiment_check\outputs\random1200_null_random1200_seed2\4_76_lst000_stress_full_polybeam_smooth_S30_single.npz,9.10175923472585,9444.443085672718,1.7798436919007438e-05,140609741.2109375,False,False,False,False,False,False,False,False,False,False,False,False
4_76,93.9206796714852,mid,stress,0,2461041.5,2461041.506822953,full_polybeam,smooth,30.0,multi,coherent_ab,4,3,3,53976;54093;56109,86.545;85.567;70.536,0.2350680443548387,7.117139047722464e-05,0.5502745938468236,1,4,4,4,0.3308758856684498,0.5502745938468236,0.3308758856684498,0.7280464634021924,7.117139047722464e-05,7731.682494287019,12.960435350439232,11.963856417228657,0.024181320173449972,False,20270210,100,0.15528095373270473,-0.2392305148886166,0.43564356435643564,0.5742574257425742,207.20227755898668,41670.10863443217,204.58419930336095,226.34736388364544,231.8388844267455,42038.54329388901,43280.73450190833,43350.2185686061,11.372093927539026,1.6293906476643103,0.9901912735432082,41670.10863443217,6314.723842628096,7993977.983963837,0.005212687440223587,1381,0.029306195829665968,-1.445965571882522,1.4440828042107998,-4095.9999999999995,4090.666666666666,C:\Users\kimeu\Downloads\starlink_pathB_wsl_package_v0_3_clean\starlink_pathB\paper_final_experiment_check\outputs\random1200_null_random1200_seed2\4_76_lst000_stress_full_polybeam_smooth_S30_multi.npz,9.10175923472585,9444.443085672718,1.7798436919007438e-05,140609741.2109375,False,False,False,False,False,False,False,False,False,False,False,False
4_76,93.9206796714852,mid,stress,0,2461041.5,2461041.506822953,full_polybeam,smooth,1000.0,single,coherent_ab,4,3,1,53976,86.545,0.2350680443548387,7.117139047722464e-05,0.5502745938468236,1,4,4,4,0.3308758856684498,0.5502745938468236,0.3308758856684498,0.7280464634021924,7.117139047722464e-05,7731.682494287019,32.907395335879116,32.907395335879116,0.05305021552617021,False,20270227,100,0.025805161477538877,0.14087419448240596,0.48514851485148514,0.46534653465346537,267.6551813700062,55419.774539469654,266.16951067929404,349.74617717353686,357.651886725537,55197.385841444775,57847.81333531181,57957.09573438,38.8321984879949,0.9471648436780371,0.9129777075864269,55419.774539469654,-22470.32394216282,7993977.983963837,0.006932690414039594,1381,0.029306195829665968,-1.445965571882522,1.4440828042107998,-4095.9999999999995,4090.666666666666,C:\Users\kimeu\Downloads\starlink_pathB_wsl_package_v0_3_clean\starlink_pathB\paper_final_experiment_check\outputs\random1200_null_random1200_seed2\4_76_lst000_stress_full_polybeam_smooth_S1000_single.npz,9.10175923472585,9444.443085672718,1.7798436919007438e-05,140609741.2109375,False,False,False,False,False,False,False,False,False,False,False,False
4_76,93.9206796714852,mid,stress,0,2461041.5,2461041.506822953,full_polybeam,smooth,1000.0,multi,coherent_ab,4,3,3,53976;54093;56109,86.545;85.567;70.536,0.2350680443548387,7.117139047722464e-05,0.5502745938468236,1,4,4,4,0.3308758856684498,0.5502745938468236,0.3308758856684498,0.7280464634021924,7.117139047722464e-05,7731.682494287019,432.01451168130774,398.79521390762187,0.8060440057816659,False,20270244,100,1.0952530637274613,-0.7044161283597756,0.12871287128712872,0.6534653465346535,11825.853191899387,2559149.617993079,10698.276980597146,12265.205919625429,12655.290104297566,2632489.9897538405,2710811.843239384,2713239.485906019,694.3963548850115,1.2822315675289218,1.0318167991066538,2559149.617993079,868967.0412790596,7993977.983963837,0.320134684274439,1381,0.029306195829665968,-1.445965571882522,1.4440828042107998,-4095.9999999999995,4090.666666666666,C:\Users\kimeu\Downloads\starlink_pathB_wsl_package_v0_3_clean\starlink_pathB\paper_final_experiment_check\outputs\random1200_null_random1200_seed2\4_76_lst000_stress_full_polybeam_smooth_S1000_multi.npz,9.10175923472585,9444.443085672718,1.7798436919007438e-05,140609741.2109375,False,False,False,False,False,False,False,False,False,False,False,False
4_76,93.9206796714852,mid,stress,0,2461041.5,2461041.506822953,full_polybeam,lines,30.0,single,coherent_ab,4,3,1,53976,86.545,0.2350680443548387,7.117139047722464e-05,0.5502745938468236,1,4,4,4,0.3308758856684498,0.5502745938468236,0.3308758856684498,0.7280464634021924,7.117139047722464e-05,7731.682494287019,0.9871304060448763,0.9871304060448763,0.0015925549164157574,False,20270261,100,0.09567415726568801,-0.6651211612858238,0.43564356435643564,0.7524752475247525,8.397058390866732,1555.0043009607575,8.244957625047391,10.870537551413872,11.297092072673113,1589.0556781235935,1649.1482951103933,1651.7110757918092,1.0722912433873262,0.9068794823079597,0.8570599539203702,1555.0043009607575,-198.7041341518574,7993977.983963837,0.00019452196441873413,1381,0.029306195829665968,-1.445965571882522,1.4440828042107998,-4095.9999999999995,4090.666666666666,C:\Users\kimeu\Downloads\starlink_pathB_wsl_package_v0_3_clean\starlink_pathB\paper_final_experiment_check\outputs\random1200_null_random1200_seed2\4_76_lst000_stress_full_polybeam_lines_S30_single.npz,9.10175923472585,9444.443085672718,1.7798436919007438e-05,140609741.2109375,False,False,False,False,False,False,False,False,False,False,False,False
4_76,93.9206796714852,mid,stress,0,2461041.5,2461041.506822953,full_polybeam,lines,30.0,multi,coherent_ab,4,3,3,53976;54093;56109,86.545;85.567;70.536,0.2350680443548387,7.117139047722464e-05,0.5502745938468236,1,4,4,4,0.3308758856684498,0.5502745938468236,0.3308758856684498,0.7280464634021924,7.117139047722464e-05,7731.682494287019,12.960093858689133,11.963606574914673,0.02420617872693224,False,20270278,100,0.6299873470798829,-0.44636447171991267,0.25742574257425743,0.6435643564356436,210.2146353036369,41705.294026051415,201.0497576587445,232.8791042904828,237.45493437713841,42321.453529011706,43358.63826980178,43436.82299062174,9.812300694397436,1.424143511164965,1.0018235775424142,41705.294026051415,6271.619779789367,7993977.983963837,0.005217088927404291,1381,0.029306195829665968,-1.445965571882522,1.4440828042107998,-4095.9999999999995,4090.666666666666,C:\Users\kimeu\Downloads\starlink_pathB_wsl_package_v0_3_clean\starlink_pathB\paper_final_experiment_check\outputs\random1200_null_random1200_seed2\4_76_lst000_stress_full_polybeam_lines_S30_multi.npz,9.10175923472585,9444.443085672718,1.7798436919007438e-05,140609741.2109375,False,False,False,False,False,False,False,False,False,False,False,False
4_76,93.9206796714852,mid,stress,0,2461041.5,2461041.506822953,full_polybeam,lines,1000.0,single,coherent_ab,4,3,1,53976,86.545,0.2350680443548387,7.117139047722464e-05,0.5502745938468236,1,4,4,4,0.3308758856684498,0.5502745938468236,0.3308758856684498,0.7280464634021924,7.117139047722464e-05,7731.682494287019,32.904346868162534,32.904346868162534,0.05308516388052526,False,20270295,100,-0.08358589950291043,0.18520913514730367,0.5643564356435643,0.44554455445544555,261.77309767252154,55389.63897873328,268.1748910595488,359.6580498617055,362.83434506959185,55017.494280431274,57536.36320294505,58077.34886521271,51.65883850395039,1.0632248055593867,0.9868064278671598,55389.63897873328,-22516.126115246432,7993977.983963837,0.006928920631235986,1381,0.029306195829665968,-1.445965571882522,1.4440828042107998,-4095.9999999999995,4090.666666666666,C:\Users\kimeu\Downloads\starlink_pathB_wsl_package_v0_3_clean\starlink_pathB\paper_final_experiment_check\outputs\random1200_null_random1200_seed2\4_76_lst000_stress_full_polybeam_lines_S1000_single.npz,9.10175923472585,9444.443085672718,1.7798436919007438e-05,140609741.2109375,False,False,False,False,False,False,False,False,False,False,False,False
4_76,93.9206796714852,mid,stress,0,2461041.5,2461041.506822953,full_polybeam,lines,1000.0,multi,coherent_ab,4,3,3,53976;54093;56109,86.545;85.567;70.536,0.2350680443548387,7.117139047722464e-05,0.5502745938468236,1,4,4,4,0.3308758856684498,0.5502745938468236,0.3308758856684498,0.7280464634021924,7.117139047722464e-05,7731.682494287019,432.00312862297096,398.78688583048904,0.8068726242310745,False,20270312,100,1.0322568837384887,-0.35930597759734706,0.16831683168316833,0.594059405940594,11952.898885029681,2561330.1825999278,10828.960764824455,12657.480955207917,12725.043419266221,2601847.660676659,2705824.6719315895,2710284.985588537,734.396532727771,1.449347613169273,0.834735588940612,2561330.1825999278,867190.0702856238,7993977.983963837,0.32040746018290694,1381,0.029306195829665968,-1.445965571882522,1.4440828042107998,-4095.9999999999995,4090.666666666666,C:\Users\kimeu\Downloads\starlink_pathB_wsl_package_v0_3_clean\starlink_pathB\paper_final_experiment_check\outputs\random1200_null_random1200_seed2\4_76_lst000_stress_full_polybeam_lines_S1000_multi.npz,9.10175923472585,9444.443085672718,1.7798436919007438e-05,140609741.2109375,False,False,False,False,False,False,False,False,False,False,False,False
4_76,93.9206796714852,mid,stress,0,2461041.5,2461041.506822953,full_polybeam,khz_comb,30.0,single,coherent_ab,4,3,1,53976,86.545,0.2350680443548387,7.117139047722464e-05,0.5502745938468236,1,4,4,4,0.3308758856684498,0.5502745938468236,0.3308758856684498,0.7280464634021924,7.117139047722464e-05,7731.682494287019,0.8123869030460755,0.8123869030460755,0.0013781742789689322,False,20270329,100,-0.2350630255418808,-0.49030395982914526,0.6336633663366337,0.6732673267326733,7.236334660228749,1334.537886444251,7.6578023029942415,11.653981940866288,11.72547272106036,1355.6954620561685,1424.1031458736768,1426.6750233630048,1.209360892928089,1.0543353700151548,0.9638763981576394,1334.537886444251,-166.42899595013685,7993977.983963837,0.0001669429024099609,1381,0.029306195829665968,-1.445965571882522,1.4440828042107998,-4095.9999999999995,4090.666666666666,C:\Users\kimeu\Downloads\starlink_pathB_wsl_package_v0_3_clean\starlink_pathB\paper_final_experiment_check\outputs\random1200_null_random1200_seed2\4_76_lst000_stress_full_polybeam_khz_comb_S30_single.npz,9.10175923472585,9444.443085672718,1.7798436919007438e-05,140609741.2109375,False,False,False,False,False,False,False,False,False,False,False,False
4_76,93.9206796714852,mid,stress,0,2461041.5,2461041.506822953,full_polybeam,khz_comb,30.0,multi,coherent_ab,4,3,3,53976;54093;56109,86.545;85.567;70.536,0.2350680443548387,7.117139047722464e-05,0.5502745938468236,1,4,4,4,0.3308758856684498,0.5502745938468236,0.3308758856684498,0.7280464634021924,7.117139047722464e-05,7731.682494287019,10.665876006425314,9.845788596055822,0.020989775267858227,False,20270346,100,-0.3921210339039967,-0.8056347444568277,0.693069306930693,0.7326732673267327,174.58512635921943,34846.40145023223,180.11310254014097,212.43493943340107,217.75857578941316,35585.94719845198,36378.06688088032,36483.74851142858,9.50871932453174,1.4183017473546489,1.0540911956388022,34846.40145023223,4916.8811252047235,7993977.983963837,0.004359081488607446,1381,0.029306195829665968,-1.445965571882522,1.4440828042107998,-4095.9999999999995,4090.666666666666,C:\Users\kimeu\Downloads\starlink_pathB_wsl_package_v0_3_clean\starlink_pathB\paper_final_experiment_check\outputs\random1200_null_random1200_seed2\4_76_lst000_stress_full_polybeam_khz_comb_S30_multi.npz,9.10175923472585,9444.443085672718,1.7798436919007438e-05,140609741.2109375,False,False,False,False,False,False,False,False,False,False,False,False
4_76,93.9206796714852,mid,stress,0,2461041.5,2461041.506822953,full_polybeam,khz_comb,1000.0,single,coherent_ab,4,3,1,53976,86.545,0.2350680443548387,7.117139047722464e-05,0.5502745938468236,1,4,4,4,0.3308758856684498,0.5502745938468236,0.3308758856684498,0.7280464634021924,7.117139047722464e-05,7731.682494287019,27.07956343486918,27.07956343486918,0.04593914263229776,False,20270363,100,-0.31268590303840404,-0.07202944827246731,0.693069306930693,0.5346534653465347,224.48188943947753,46723.46746820246,242.70516906863486,366.26608133557306,378.2580284119668,46833.147732718804,49338.865892654074,49491.61097032473,39.30920325408806,0.9537376083058257,0.8361553112931298,46723.46746820246,-16479.500046661815,7993977.983963837,0.005844833143390082,1381,0.029306195829665968,-1.445965571882522,1.4440828042107998,-4095.9999999999995,4090.666666666666,C:\Users\kimeu\Downloads\starlink_pathB_wsl_package_v0_3_clean\starlink_pathB\paper_final_experiment_check\outputs\random1200_null_random1200_seed2\4_76_lst000_stress_full_polybeam_khz_comb_S1000_single.npz,9.10175923472585,9444.443085672718,1.7798436919007438e-05,140609741.2109375,False,False,False,False,False,False,False,False,False,False,False,False
4_76,93.9206796714852,mid,stress,0,2461041.5,2461041.506822953,full_polybeam,khz_comb,1000.0,multi,coherent_ab,4,3,3,53976;54093;56109,86.545;85.567;70.536,0.2350680443548387,7.117139047722464e-05,0.5502745938468236,1,4,4,4,0.3308758856684498,0.5502745938468236,0.3308758856684498,0.7280464634021924,7.117139047722464e-05,7731.682494287019,355.5292002141771,328.1929532018607,0.6996591755952741,False,20270380,100,0.9575154704817385,-0.9086467948400818,0.2079207920792079,0.7227722772277227,9161.602223939048,1877922.0513858886,8141.882575316091,9505.49559621163,9613.701433073315,1948968.9338756045,2011970.1118198603,2015368.2848602436,718.308477989257,1.4468133755999568,1.0008297915779363,1877922.0513858886,607722.1466327324,7993977.983963837,0.23491709073418232,1381,0.029306195829665968,-1.445965571882522,1.4440828042107998,-4095.9999999999995,4090.666666666666,C:\Users\kimeu\Downloads\starlink_pathB_wsl_package_v0_3_clean\starlink_pathB\paper_final_experiment_check\outputs\random1200_null_random1200_seed2\4_76_lst000_stress_full_polybeam_khz_comb_S1000_multi.npz,9.10175923472585,9444.443085672718,1.7798436919007438e-05,140609741.2109375,False,False,False,False,False,False,False,False,False,False,False,False
82_0,81.33403506806889,mid,quiet,17,2461041.6180555555,2461041.624878509,frozen_polybeam,smooth,30.0,single,coherent_ab,2,4,1,55364,86.598,0.1657111055107527,1.2752918363449973e-07,0.0684687078802128,0,2,2,2,0.0,0.0684687078802128,0.0,0.2805166207424566,1.2752918363449973e-07,536886.5849282395,0.8239281618459408,0.8239281618459408,0.0019144254863201354,False,20270414,100,0.9023383496656624,1.1347279776337742,0.1188118811881188,0.019801980198019802,16.810579066070204,1351.51485869528,14.281988901659133,18.29047129853534,19.065411694585055,1270.0985941593917,1350.8794480305658,1351.4610991941563,1.8901010923791546,1.07908737204516,0.9957166523119386,1351.51485869528,6.9324936951617,5860319.622375866,0.00023062135613472813,1397,0.0253787682080139,-1.445965571882522,1.4440828042107998,-4095.9999999999995,4090.666666666666,C:\Users\kimeu\Downloads\starlink_pathB_wsl_package_v0_3_clean\starlink_pathB\paper_final_experiment_check\outputs\random1200_null_random1200_seed2\82_0_lst017_quiet_frozen_polybeam_smooth_S30_single.npz,9.10175923472585,9444.443085672718,1.7798436919007438e-05,140609741.2109375,False,False,False,False,False,False,False,False,False,False,False,False
82_0,81.33403506806889,mid,quiet,17,2461041.6180555555,2461041.624878509,frozen_polybeam,smooth,30.0,multi,coherent_ab,2,4,4,55364;58206;46128;55908,86.598;82.857;71.656;71.460,0.1657111055107527,1.2752918363449973e-07,0.0684687078802128,0,2,2,2,0.0,0.0684687078802128,0.0,0.2805166207424566,1.2752918363449973e-07,536886.5849282395,1.3587345274953344,0.8239281618459408,0.0034174993846390225,False,20270431,100,0.5279310899994049,0.6199052497568984,0.26732673267326734,0.26732673267326734,20.16573651717772,1992.3871274574803,17.181424618932397,24.618091679153803,25.895538246512935,1763.3252873310914,2203.457009226149,2243.9085850844476,3.812790792004307,2.051498774506401,1.5060789959957157,1992.3871274574803,131.38039691414264,5860319.622375866,0.0003399792598086544,1397,0.0253787682080139,-1.445965571882522,1.4440828042107998,-4095.9999999999995,4090.666666666666,C:\Users\kimeu\Downloads\starlink_pathB_wsl_package_v0_3_clean\starlink_pathB\paper_final_experiment_check\outputs\random1200_null_random1200_seed2\82_0_lst017_quiet_frozen_polybeam_smooth_S30_multi.npz,9.10175923472585,9444.443085672718,1.7798436919007438e-05,140609741.2109375,False,False,False,False,False,False,False,False,False,False,False,False
82_0,81.33403506806889,mid,quiet,17,2461041.6180555555,2461041.624878509,frozen_polybeam,smooth,1000.0,single,coherent_ab,2,4,1,55364,86.598,0.1657111055107527,1.2752918363449973e-07,0.0684687078802128,0,2,2,2,0.0,0.0684687078802128,0.0,0.2805166207424566,1.2752918363449973e-07,536886.5849282395,27.46427206153136,27.46427206153136,0.06381418287733784,False,20270448,100,0.7152523545796129,1.36224974163904,0.22772277227722773,0.019801980198019802,515.7147795246274,46008.80708339905,420.80577247262136,590.6154050246878,597.4822627630638,42988.91916731387,45801.141106768984,45996.559155919516,89.50022721043933,1.1806274159527188,1.025106777698795,46008.80708339905,-7958.965444638713,5860319.622375866,0.007850904054401447,1397,0.0253787682080139,-1.445965571882522,1.4440828042107998,-4095.9999999999995,4090.666666666666,C:\Users\kimeu\Downloads\starlink_pathB_wsl_package_v0_3_clean\starlink_pathB\paper_final_experiment_check\outputs\random1200_null_random1200_seed2\82_0_lst017_quiet_frozen_polybeam_smooth_S1000_single.npz,9.10175923472585,9444.443085672718,1.7798436919007438e-05,140609741.2109375,False,False,False,False,False,False,False,False,False,False,False,False
82_0,81.33403506806889,mid,quiet,17,2461041.6180555555,2461041.624878509,frozen_polybeam,smooth,1000.0,multi,coherent_ab,2,4,4,55364;58206;46128;55908,86.598;82.857;71.656;71.460,0.1657111055107527,1.2752918363449973e-07,0.0684687078802128,0,2,2,2,0.0,0.0684687078802128,0.0,0.2805166207424566,1.2752918363449973e-07,536886.5849282395,45.29115091651116,27.46427206153136,0.11391664615463411,False,20270465,100,0.058640500673355786,0.5877876660485293,0.46534653465346537,0.297029702970297,608.7894196607594,67361.12107189313,598.768937672693,825.6373219877175,866.1868160862477,60245.91896274055,74674.28750274694,76106.6556488922,115.25690314447456,1.9812557098093182,1.4879470052247368,67361.12107189313,-2106.539855039619,5860319.622375866,0.01149444491298648,1397,0.0253787682080139,-1.445965571882522,1.4440828042107998,-4095.9999999999995,4090.666666666666,C:\Users\kimeu\Downloads\starlink_pathB_wsl_package_v0_3_clean\starlink_pathB\paper_final_experiment_check\outputs\random1200_null_random1200_seed2\82_0_lst017_quiet_frozen_polybeam_smooth_S1000_multi.npz,9.10175923472585,9444.443085672718,1.7798436919007438e-05,140609741.2109375,False,False,False,False,False,False,False,False,False,False,False,False
82_0,81.33403506806889,mid,quiet,17,2461041.6180555555,2461041.624878509,frozen_polybeam,lines,30.0,single,coherent_ab,2,4,1,55364,86.598,0.1657111055107527,1.2752918363449973e-07,0.0684687078802128,0,2,2,2,0.0,0.0684687078802128,0.0,0.2805166207424566,1.2752918363449973e-07,536886.5849282395,0.8238619022012958,0.8238619022012958,0.0019165435976313972,False,20270482,100,0.5667701781961936,0.9576444258552437,0.21782178217821782,0.019801980198019802,16.71722684962151,1351.4991688173022,14.678192041931652,18.53817769897578,18.99921589739628,1278.6901954126042,1349.7656917187244,1350.5538775776545,2.426574631034782,1.0927852263182771,1.0156687962161148,1351.4991688173022,3.5834885863699704,5860319.622375866,0.00023061867882717685,1397,0.0253787682080139,-1.445965571882522,1.4440828042107998,-4095.9999999999995,4090.666666666666,C:\Users\kimeu\Downloads\starlink_pathB_wsl_package_v0_3_clean\starlink_pathB\paper_final_experiment_check\outputs\random1200_null_random1200_seed2\82_0_lst017_quiet_frozen_polybeam_lines_S30_single.npz,9.10175923472585,9444.443085672718,1.7798436919007438e-05,140609741.2109375,False,False,False,False,False,False,False,False,False,False,False,False
82_0,81.33403506806889,mid,quiet,17,2461041.6180555555,2461041.624878509,frozen_polybeam,lines,30.0,multi,coherent_ab,2,4,4,55364;58206;46128;55908,86.598;82.857;71.656;71.460,0.1657111055107527,1.2752918363449973e-07,0.0684687078802128,0,2,2,2,0.0,0.0684687078802128,0.0,0.2805166207424566,1.2752918363449973e-07,536886.5849282395,1.3586508160698616,0.8238619022012958,0.0034209757297485504,False,20270499,100,0.2760509462610182,0.23634972497354415,0.3465346534653465,0.38613861386138615,20.04788306143746,1991.6504274961,18.73502583448135,23.42916705202624,25.50292924715232,1920.5235641711029,2233.567568892555,2272.6329913067902,3.207777694979086,2.7238819794933606,1.4946197860406356,1991.6504274961,127.29939328439195,5860319.622375866,0.00033985354994829674,1397,0.0253787682080139,-1.445965571882522,1.4440828042107998,-4095.9999999999995,4090.666666666666,C:\Users\kimeu\Downloads\starlink_pathB_wsl_package_v0_3_clean\starlink_pathB\paper_final_experiment_check\outputs\random1200_null_random1200_seed2\82_0_lst017_quiet_frozen_polybeam_lines_S30_multi.npz,9.10175923472585,9444.443085672718,1.7798436919007438e-05,140609741.2109375,False,False,False,False,False,False,False,False,False,False,False,False
82_0,81.33403506806889,mid,quiet,17,2461041.6180555555,2461041.624878509,frozen_polybeam,lines,1000.0,single,coherent_ab,2,4,1,55364,86.598,0.1657111055107527,1.2752918363449973e-07,0.0684687078802128,0,2,2,2,0.0,0.0684687078802128,0.0,0.2805166207424566,1.2752918363449973e-07,536886.5849282395,27.46206340670986,27.46206340670986,0.06388478658771325,False,20270516,100,0.7576827364161621,1.1388301809118528,0.2376237623762376,0.0297029702970297,510.7385179808625,45952.514998656,403.0096723057768,574.7643503701147,588.1508705461346,43216.943280469335,45688.33523750751,45970.68824135061,95.90044413657506,1.2175829975300778,1.094762795304166,45952.514998656,-8065.29214863317,5860319.622375866,0.007841298420516203,1397,0.0253787682080139,-1.445965571882522,1.4440828042107998,-4095.9999999999995,4090.666666666666,C:\Users\kimeu\Downloads\starlink_pathB_wsl_package_v0_3_clean\starlink_pathB\paper_final_experiment_check\outputs\random1200_null_random1200_seed2\82_0_lst017_quiet_frozen_polybeam_lines_S1000_single.npz,9.10175923472585,9444.443085672718,1.7798436919007438e-05,140609741.2109375,False,False,False,False,False,False,False,False,False,False,False,False
82_0,81.33403506806889,mid,quiet,17,2461041.6180555555,2461041.624878509,frozen_polybeam,lines,1000.0,multi,coherent_ab,2,4,4,55364;58206;46128;55908,86.598;82.857;71.656;71.460,0.1657111055107527,1.2752918363449973e-07,0.0684687078802128,0,2,2,2,0.0,0.0684687078802128,0.0,0.2805166207424566,1.2752918363449973e-07,536886.5849282395,45.28836053566206,27.46206340670986,0.11403252432495167,False,20270533,100,-0.019431676596219548,0.6926988193124447,0.5247524752475248,0.31683168316831684,606.0593377047044,67331.9019635566,609.1429764636823,817.5850629364597,910.0437683633032,58869.09961955803,72617.70060802322,76043.08709866437,107.03584110179872,1.9059544791660874,1.4751723496584856,67331.9019635566,-2238.6951306125866,5860319.622375866,0.011489458988972204,1397,0.0253787682080139,-1.445965571882522,1.4440828042107998,-4095.9999999999995,4090.666666666666,C:\Users\kimeu\Downloads\starlink_pathB_wsl_package_v0_3_clean\starlink_pathB\paper_final_experiment_check\outputs\random1200_null_random1200_seed2\82_0_lst017_quiet_frozen_polybeam_lines_S1000_multi.npz,9.10175923472585,9444.443085672718,1.7798436919007438e-05,140609741.2109375,False,False,False,False,False,False,False,False,False,False,False,False
82_0,81.33403506806889,mid,quiet,17,2461041.6180555555,2461041.624878509,frozen_polybeam,khz_comb,30.0,single,coherent_ab,2,4,1,55364,86.598,0.1657111055107527,1.2752918363449973e-07,0.0684687078802128,0,2,2,2,0.0,0.0684687078802128,0.0,0.2805166207424566,1.2752918363449973e-07,536886.5849282395,0.7281871770569313,0.7281871770569313,0.00173074936298337,False,20270550,100,0.8525142733085379,0.8744011154919435,0.19801980198019803,0.04950495049504951,17.19274527302332,1298.7308395677856,14.68018467564707,20.546770444002323,20.714633738517296,1233.696947394957,1298.3994383698132,1298.9241786109826,1.9878833218572254,0.8649533173011799,0.8225217235466186,1298.7308395677856,-8.325642395166671,5860319.622375866,0.00022161433560875636,1397,0.0253787682080139,-1.445965571882522,1.4440828042107998,-4095.9999999999995,4090.666666666666,C:\Users\kimeu\Downloads\starlink_pathB_wsl_package_v0_3_clean\starlink_pathB\paper_final_experiment_check\outputs\random1200_null_random1200_seed2\82_0_lst017_quiet_frozen_polybeam_khz_comb_S30_single.npz,9.10175923472585,9444.443085672718,1.7798436919007438e-05,140609741.2109375,False,False,False,False,False,False,False,False,False,False,False,False
82_0,81.33403506806889,mid,quiet,17,2461041.6180555555,2461041.624878509,frozen_polybeam,khz_comb,30.0,multi,coherent_ab,2,4,4,55364;58206;46128;55908,86.598;82.857;71.656;71.460,0.1657111055107527,1.2752918363449973e-07,0.0684687078802128,0,2,2,2,0.0,0.0684687078802128,0.0,0.2805166207424566,1.2752918363449973e-07,536886.5849282395,1.2550720996673197,0.7281871770569313,0.003090535287930874,False,20270567,100,0.23742799730366315,0.42086847388378246,0.4158415841584158,0.3069306930693069,20.130264556224574,1942.8172405950645,19.042248102021404,24.53026012100954,26.167165940568594,1819.0911995577117,2112.3704057298214,2204.528827854944,3.0908614521140407,2.4658758681227475,1.5557826508243573,1942.8172405950645,107.86729240076066,5860319.622375866,0.0003315206961028203,1397,0.0253787682080139,-1.445965571882522,1.4440828042107998,-4095.9999999999995,4090.666666666666,C:\Users\kimeu\Downloads\starlink_pathB_wsl_package_v0_3_clean\starlink_pathB\paper_final_experiment_check\outputs\random1200_null_random1200_seed2\82_0_lst017_quiet_frozen_polybeam_khz_comb_S30_multi.npz,9.10175923472585,9444.443085672718,1.7798436919007438e-05,140609741.2109375,False,False,False,False,False,False,False,False,False,False,False,False
82_0,81.33403506806889,mid,quiet,17,2461041.6180555555,2461041.624878509,frozen_polybeam,khz_comb,1000.0,single,coherent_ab,2,4,1,55364,86.598,0.1657111055107527,1.2752918363449973e-07,0.0684687078802128,0,2,2,2,0.0,0.0684687078802128,0.0,0.2805166207424566,1.2752918363449973e-07,536886.5849282395,24.272905901897705,24.272905901897705,0.05769164543277902,False,20270584,100,0.4935536306527281,0.9851502174219697,0.32673267326732675,0.039603960396039604,513.4046791513101,44511.21008084838,447.0413394134457,621.8487840547274,630.71922095338,42512.73644923877,44421.941853335615,44541.861300391836,90.6921895438154,0.8538647392209356,0.8012402200523049,44511.21008084838,-9058.74143891965,5860319.622375866,0.007595355364389295,1397,0.0253787682080139,-1.445965571882522,1.4440828042107998,-4095.9999999999995,4090.666666666666,C:\Users\kimeu\Downloads\starlink_pathB_wsl_package_v0_3_clean\starlink_pathB\paper_final_experiment_check\outputs\random1200_null_random1200_seed2\82_0_lst017_quiet_frozen_polybeam_khz_comb_S1000_single.npz,9.10175923472585,9444.443085672718,1.7798436919007438e-05,140609741.2109375,False,False,False,False,False,False,False,False,False,False,False,False
82_0,81.33403506806889,mid,quiet,17,2461041.6180555555,2461041.624878509,frozen_polybeam,khz_comb,1000.0,multi,coherent_ab,2,4,4,55364;58206;46128;55908,86.598;82.857;71.656;71.460,0.1657111055107527,1.2752918363449973e-07,0.0684687078802128,0,2,2,2,0.0,0.0684687078802128,0.0,0.2805166207424566,1.2752918363449973e-07,536886.5849282395,41.835736655577314,24.272905901897705,0.10301784293102917,False,20270601,100,0.04095956533074313,0.5356503760889555,0.48514851485148514,0.27722772277227725,615.2664547232853,65803.96928449368,607.484188692084,803.2275193195175,819.5460357463726,60134.836337346525,71648.95550003771,73263.44328897208,128.15239818704958,2.8176660603329036,1.6094546687499038,65803.96928449368,-3700.499956213781,5860319.622375866,0.011228733844693561,1397,0.0253787682080139,-1.445965571882522,1.4440828042107998,-4095.9999999999995,4090.666666666666,C:\Users\kimeu\Downloads\starlink_pathB_wsl_package_v0_3_clean\starlink_pathB\paper_final_experiment_check\outputs\random1200_null_random1200_seed2\82_0_lst017_quiet_frozen_polybeam_khz_comb_S1000_multi.npz,9.10175923472585,9444.443085672718,1.7798436919007438e-05,140609741.2109375,False,False,False,False,False,False,False,False,False,False,False,False
82_0,81.33403506806889,mid,quiet,17,2461041.6180555555,2461041.624878509,full_polybeam,smooth,30.0,single,coherent_ab,2,4,1,55364,86.598,0.1657111055107527,1.2752918363449973e-07,0.0684687078802128,0,2,2,2,0.0,0.0684687078802128,0.0,0.2805166207424566,1.2752918363449973e-07,536886.5849282395,1.101286988567145,1.101286988567145,0.002279038155233282,False,20270618,100,1.0694633804540392,1.1711893875450246,0.12871287128712872,0.039603960396039604,19.281429022696102,1524.7853972958892,13.89865874951829,20.438512570479723,20.625941253840864,1416.5409808022678,1522.7603849500092,1525.3891542877843,3.3948135822120094,1.1372708185883822,1.0339988613888589,1524.7853972958892,84.25204776155812,5860319.622375866,0.0002601880947711376,1397,0.0253787682080139,-1.445965571882522,1.4440828042107998,-4095.9999999999995,4090.666666666666,C:\Users\kimeu\Downloads\starlink_pathB_wsl_package_v0_3_clean\starlink_pathB\paper_final_experiment_check\outputs\random1200_null_random1200_seed2\82_0_lst017_quiet_full_polybeam_smooth_S30_single.npz,9.10175923472585,9444.443085672718,1.7798436919007438e-05,140609741.2109375,False,False,False,False,False,False,False,False,False,False,False,False
82_0,81.33403506806889,mid,quiet,17,2461041.6180555555,2461041.624878509,full_polybeam,smooth,30.0,multi,coherent_ab,2,4,4,55364;58206;46128;55908,86.598;82.857;71.656;71.460,0.1657111055107527,1.2752918363449973e-07,0.0684687078802128,0,2,2,2,0.0,0.0684687078802128,0.0,0.2805166207424566,1.2752918363449973e-07,536886.5849282395,2.112185453437298,1.101286988567145,0.004823461037032817,False,20270635,100,0.3191223223845118,0.32628680293272866,0.38613861386138615,0.42574257425742573,24.625760409682698,2558.4321439717596,22.150258117125304,37.60115151910541,39.87932528901316,2422.265299682394,2893.638346022519,2928.392866532303,5.232173697273538,2.28732286351762,1.3342223013291812,2558.4321439717596,256.1902343182917,5860319.622375866,0.0004365687042398091,1397,0.0253787682080139,-1.445965571882522,1.4440828042107998,-4095.9999999999995,4090.666666666666,C:\Users\kimeu\Downloads\starlink_pathB_wsl_package_v0_3_clean\starlink_pathB\paper_final_experiment_check\outputs\random1200_null_random1200_seed2\82_0_lst017_quiet_full_polybeam_smooth_S30_multi.npz,9.10175923472585,9444.443085672718,1.7798436919007438e-05,140609741.2109375,False,False,False,False,False,False,False,False,False,False,False,False
82_0,81.33403506806889,mid,quiet,17,2461041.6180555555,2461041.624878509,full_polybeam,smooth,1000.0,single,coherent_ab,2,4,1,55364,86.598,0.1657111055107527,1.2752918363449973e-07,0.0684687078802128,0,2,2,2,0.0,0.0684687078802128,0.0,0.2805166207424566,1.2752918363449973e-07,536886.5849282395,36.70956628557149,36.70956628557149,0.07596793850777608,False,20270652,100,1.228258593136826,1.1099347887771394,0.13861386138613863,0.04950495049504951,600.9292315092243,51681.3365468336,421.235850953165,612.4841752387059,641.4528200476177,48208.80801947076,51434.04837960208,51746.13510731838,98.67753044954407,1.1579308286300134,1.0380775311311012,51681.3365468336,-2593.14943714104,5860319.622375866,0.008818859699990418,1397,0.0253787682080139,-1.445965571882522,1.4440828042107998,-4095.9999999999995,4090.666666666666,C:\Users\kimeu\Downloads\starlink_pathB_wsl_package_v0_3_clean\starlink_pathB\paper_final_experiment_check\outputs\random1200_null_random1200_seed2\82_0_lst017_quiet_full_polybeam_smooth_S1000_single.npz,9.10175923472585,9444.443085672718,1.7798436919007438e-05,140609741.2109375,False,False,False,False,False,False,False,False,False,False,False,False
82_0,81.33403506806889,mid,quiet,17,2461041.6180555555,2461041.624878509,full_polybeam,smooth,1000.0,multi,coherent_ab,2,4,4,55364;58206;46128;55908,86.598;82.857;71.656;71.460,0.1657111055107527,1.2752918363449973e-07,0.0684687078802128,0,2,2,2,0.0,0.0684687078802128,0.0,0.2805166207424566,1.2752918363449973e-07,536886.5849282395,70.40618178124328,36.70956628557149,0.1607820345677606,False,20270669,100,-0.3276175707658661,0.2766302928953891,0.5544554455445545,0.38613861386138615,782.7016099649263,87696.2407691705,908.2018069429378,1324.7333543217499,1356.0022581186047,83922.74559857906,99499.43736550403,100075.89367738656,258.37662789660317,1.9198473509764746,1.325888572246356,87696.2407691705,11132.498396205101,5860319.622375866,0.014964412595232656,1397,0.0253787682080139,-1.445965571882522,1.4440828042107998,-4095.9999999999995,4090.666666666666,C:\Users\kimeu\Downloads\starlink_pathB_wsl_package_v0_3_clean\starlink_pathB\paper_final_experiment_check\outputs\random1200_null_random1200_seed2\82_0_lst017_quiet_full_polybeam_smooth_S1000_multi.npz,9.10175923472585,9444.443085672718,1.7798436919007438e-05,140609741.2109375,False,False,False,False,False,False,False,False,False,False,False,False
82_0,81.33403506806889,mid,quiet,17,2461041.6180555555,2461041.624878509,full_polybeam,lines,30.0,single,coherent_ab,2,4,1,55364,86.598,0.1657111055107527,1.2752918363449973e-07,0.0684687078802128,0,2,2,2,0.0,0.0684687078802128,0.0,0.2805166207424566,1.2752918363449973e-07,536886.5849282395,1.1012206926759776,1.1012206926759776,0.0022816070068488467,False,20270686,100,0.6727721856008109,1.0688748289066563,0.16831683168316833,0.06930693069306931,19.166772381213377,1523.703090990125,15.033878920497955,20.272126119476162,20.454952085455954,1416.0394971443407,1523.7852615013976,1524.6814168596698,4.143450797782862,0.9694358982389818,0.8878529392427327,1523.703090990125,80.93935131836423,5860319.622375866,0.00026000341093552706,1397,0.0253787682080139,-1.445965571882522,1.4440828042107998,-4095.9999999999995,4090.666666666666,C:\Users\kimeu\Downloads\starlink_pathB_wsl_package_v0_3_clean\starlink_pathB\paper_final_experiment_check\outputs\random1200_null_random1200_seed2\82_0_lst017_quiet_full_polybeam_lines_S30_single.npz,9.10175923472585,9444.443085672718,1.7798436919007438e-05,140609741.2109375,False,False,False,False,False,False,False,False,False,False,False,False
82_0,81.33403506806889,mid,quiet,17,2461041.6180555555,2461041.624878509,full_polybeam,lines,30.0,multi,coherent_ab,2,4,4,55364;58206;46128;55908,86.598;82.857;71.656;71.460,0.1657111055107527,1.2752918363449973e-07,0.0684687078802128,0,2,2,2,0.0,0.0684687078802128,0.0,0.2805166207424566,1.2752918363449973e-07,536886.5849282395,2.1119906677094367,1.1012206926759776,0.004827700997414341,False,20270703,100,0.02375425624536447,0.2238023762908506,0.49504950495049505,0.42574257425742573,24.515142053445743,2558.448100789142,24.25691802968231,39.73146594555801,41.63625479309734,2455.4969310284678,2916.4084247267433,2939.6220796159478,7.332147809817798,2.0040243009112624,1.4282083323480022,2558.448100789142,251.8593171556582,5860319.622375866,0.00043657142709767533,1397,0.0253787682080139,-1.445965571882522,1.4440828042107998,-4095.9999999999995,4090.666666666666,C:\Users\kimeu\Downloads\starlink_pathB_wsl_package_v0_3_clean\starlink_pathB\paper_final_experiment_check\outputs\random1200_null_random1200_seed2\82_0_lst017_quiet_full_polybeam_lines_S30_multi.npz,9.10175923472585,9444.443085672718,1.7798436919007438e-05,140609741.2109375,False,False,False,False,False,False,False,False,False,False,False,False
82_0,81.33403506806889,mid,quiet,17,2461041.6180555555,2461041.624878509,full_polybeam,lines,1000.0,single,coherent_ab,2,4,1,55364,86.598,0.1657111055107527,1.2752918363449973e-07,0.0684687078802128,0,2,2,2,0.0,0.0684687078802128,0.0,0.2805166207424566,1.2752918363449973e-07,536886.5849282395,36.707356422532584,36.707356422532584,0.07605356689496157,False,20270720,100,1.3308581742491894,1.3227731055410878,0.16831683168316833,0.06930693069306931,594.6950942817202,51617.59867152013,416.24977943350314,621.1508322584352,635.0772336078844,47685.2575018639,51663.09890278741,51712.59139183596,90.43767267305975,0.934242646671504,0.8376076757853583,51617.59867152013,-2696.4242939179376,5860319.622375866,0.008807983522679185,1397,0.0253787682080139,-1.445965571882522,1.4440828042107998,-4095.9999999999995,4090.666666666666,C:\Users\kimeu\Downloads\starlink_pathB_wsl_package_v0_3_clean\starlink_pathB\paper_final_experiment_check\outputs\random1200_null_random1200_seed2\82_0_lst017_quiet_full_polybeam_lines_S1000_single.npz,9.10175923472585,9444.443085672718,1.7798436919007438e-05,140609741.2109375,False,False,False,False,False,False,False,False,False,False,False,False
82_0,81.33403506806889,mid,quiet,17,2461041.6180555555,2461041.624878509,full_polybeam,lines,1000.0,multi,coherent_ab,2,4,4,55364;58206;46128;55908,86.598;82.857;71.656;71.460,0.1657111055107527,1.2752918363449973e-07,0.0684687078802128,0,2,2,2,0.0,0.0684687078802128,0.0,0.2805166207424566,1.2752918363449973e-07,536886.5849282395,70.3996889236479,36.707356422532584,0.160923366580478,False,20270737,100,0.047594572456942055,0.1971690197292797,0.48514851485148514,0.39603960396039606,787.1182542997994,87687.19571122565,771.5587352467419,1345.7695937592734,1401.1453180967264,84850.0263460828,97106.64409982429,99358.19635749538,220.50312212977133,2.2394050236223055,1.5427573725564854,87687.19571122565,10992.101843736804,5860319.622375866,0.014962869154170106,1397,0.0253787682080139,-1.445965571882522,1.4440828042107998,-4095.9999999999995,4090.666666666666,C:\Users\kimeu\Downloads\starlink_pathB_wsl_package_v0_3_clean\starlink_pathB\paper_final_experiment_check\outputs\random1200_null_random1200_seed2\82_0_lst017_quiet_full_polybeam_lines_S1000_multi.npz,9.10175923472585,9444.443085672718,1.7798436919007438e-05,140609741.2109375,False,False,False,False,False,False,False,False,False,False,False,False
82_0,81.33403506806889,mid,quiet,17,2461041.6180555555,2461041.624878509,full_polybeam,khz_comb,30.0,single,coherent_ab,2,4,1,55364,86.598,0.1657111055107527,1.2752918363449973e-07,0.0684687078802128,0,2,2,2,0.0,0.0684687078802128,0.0,0.2805166207424566,1.2752918363449973e-07,536886.5849282395,0.9062807331381312,0.9062807331381312,0.0020090333019545338,False,20270754,100,0.6141320886286243,0.9485906140849925,0.25742574257425743,0.06930693069306931,18.871643085076357,1403.0035597608353,15.665604965364764,21.1543551276176,21.202644552021738,1325.4348761211063,1403.0289171288769,1404.1477438525674,3.521136781997484,1.085067998140982,0.9997389452274145,1403.0035597608353,56.37616685275293,5860319.622375866,0.00023940734467858862,1397,0.0253787682080139,-1.445965571882522,1.4440828042107998,-4095.9999999999995,4090.666666666666,C:\Users\kimeu\Downloads\starlink_pathB_wsl_package_v0_3_clean\starlink_pathB\paper_final_experiment_check\outputs\random1200_null_random1200_seed2\82_0_lst017_quiet_full_polybeam_khz_comb_S30_single.npz,9.10175923472585,9444.443085672718,1.7798436919007438e-05,140609741.2109375,False,False,False,False,False,False,False,False,False,False,False,False
82_0,81.33403506806889,mid,quiet,17,2461041.6180555555,2461041.624878509,full_polybeam,khz_comb,30.0,multi,coherent_ab,2,4,4,55364;58206;46128;55908,86.598;82.857;71.656;71.460,0.1657111055107527,1.2752918363449973e-07,0.0684687078802128,0,2,2,2,0.0,0.0684687078802128,0.0,0.2805166207424566,1.2752918363449973e-07,536886.5849282395,1.738122488473607,0.9062807331381312,0.00419640494006868,False,20270771,100,0.14782051933316184,0.290654220317085,0.43564356435643564,0.42574257425742573,23.287738154518593,2277.345085678954,21.88746949772667,34.327209997361024,35.60064585964076,2154.2756835782266,2577.263121091211,2617.2947104216714,6.389290702342805,1.979751833110036,1.4591786937407218,2277.345085678954,206.700425712845,5860319.622375866,0.00038860424557452417,1397,0.0253787682080139,-1.445965571882522,1.4440828042107998,-4095.9999999999995,4090.666666666666,C:\Users\kimeu\Downloads\starlink_pathB_wsl_package_v0_3_clean\starlink_pathB\paper_final_experiment_check\outputs\random1200_null_random1200_seed2\82_0_lst017_quiet_full_polybeam_khz_comb_S30_multi.npz,9.10175923472585,9444.443085672718,1.7798436919007438e-05,140609741.2109375,False,False,False,False,False,False,False,False,False,False,False,False
82_0,81.33403506806889,mid,quiet,17,2461041.6180555555,2461041.624878509,full_polybeam,khz_comb,1000.0,single,coherent_ab,2,4,1,55364,86.598,0.1657111055107527,1.2752918363449973e-07,0.0684687078802128,0,2,2,2,0.0,0.0684687078802128,0.0,0.2805166207424566,1.2752918363449973e-07,536886.5849282395,30.209357771271037,30.209357771271037,0.0669677767318178,False,20270788,100,0.34520413119078613,0.9123464494627799,0.297029702970297,0.0594059405940594,576.4456414736705,47634.65660626203,524.3823163939442,650.8152025389503,653.7210125317475,45203.3813228919,47533.43313652791,47737.61746523729,101.7259890626674,1.158900581910878,1.0466098787579752,47634.65660626203,-4250.294631290481,5860319.622375866,0.008128337646360352,1397,0.0253787682080139,-1.445965571882522,1.4440828042107998,-4095.9999999999995,4090.666666666666,C:\Users\kimeu\Downloads\starlink_pathB_wsl_package_v0_3_clean\starlink_pathB\paper_final_experiment_check\outputs\random1200_null_random1200_seed2\82_0_lst017_quiet_full_polybeam_khz_comb_S1000_single.npz,9.10175923472585,9444.443085672718,1.7798436919007438e-05,140609741.2109375,False,False,False,False,False,False,False,False,False,False,False,False
82_0,81.33403506806889,mid,quiet,17,2461041.6180555555,2461041.624878509,full_polybeam,khz_comb,1000.0,multi,coherent_ab,2,4,4,55364;58206;46128;55908,86.598;82.857;71.656;71.460,0.1657111055107527,1.2752918363449973e-07,0.0684687078802128,0,2,2,2,0.0,0.0684687078802128,0.0,0.2805166207424566,1.2752918363449973e-07,536886.5849282395,57.93741628245356,30.209357771271037,0.139880164668956,False,20270805,100,0.16249191364985044,0.45025151514474715,0.43564356435643564,0.32673267326732675,740.2757733418221,77381.58200832453,699.2955511362707,1144.9853445049312,1262.9990639713192,70979.86876615007,85030.10077529392,87377.66527445323,170.10557989060544,1.905974856746323,1.3947030288580664,77381.58200832453,6339.328132712286,5860319.622375866,0.013204327919737732,1397,0.0253787682080139,-1.445965571882522,1.4440828042107998,-4095.9999999999995,4090.666666666666,C:\Users\kimeu\Downloads\starlink_pathB_wsl_package_v0_3_clean\starlink_pathB\paper_final_experiment_check\outputs\random1200_null_random1200_seed2\82_0_lst017_quiet_full_polybeam_khz_comb_S1000_multi.npz,9.10175923472585,9444.443085672718,1.7798436919007438e-05,140609741.2109375,False,False,False,False,False,False,False,False,False,False,False,False
82_0,81.33403506806889,mid,typical,18,2461041.625,2461041.631822953,frozen_polybeam,smooth,30.0,single,coherent_ab,4,3,1,59324,87.381,0.1651755712365591,3.430781997250637e-07,0.2363981628786352,0,4,4,4,0.0,0.2363981628786352,0.0,0.3843854174911955,3.430781997250637e-07,689050.3770512966,3.6498242173300857,3.6498242173300857,0.004006416705091038,False,20270823,100,-0.03974334309034639,-1.315730088378137,0.5148514851485149,0.9801980198019802,39.7902730181886,7091.1803516416385,39.96991943266403,45.18086982111999,45.961382100892294,7324.76639192804,7500.686343023719,7514.671568555719,3.0488086083078088,1.2040389457003027,1.119666231486667,7091.1803516416385,514.2296031454157,7002555.369146705,0.0010126560916441183,1397,0.0253787682080139,-1.445965571882522,1.4440828042107998,-4095.9999999999995,4090.666666666666,C:\Users\kimeu\Downloads\starlink_pathB_wsl_package_v0_3_clean\starlink_pathB\paper_final_experiment_check\outputs\random1200_null_random1200_seed2\82_0_lst018_typical_frozen_polybeam_smooth_S30_single.npz,9.10175923472585,9444.443085672718,1.7798436919007438e-05,140609741.2109375,False,False,False,False,False,False,False,False,False,False,False,False
82_0,81.33403506806889,mid,typical,18,2461041.625,2461041.631822953,frozen_polybeam,smooth,30.0,multi,coherent_ab,4,3,3,59324;44780;50177,87.381;81.138;77.270,0.1651755712365591,3.430781997250637e-07,0.2363981628786352,0,4,4,4,0.0,0.2363981628786352,0.0,0.3843854174911955,3.430781997250637e-07,689050.3770512966,4.015019969764914,3.6498242173300857,0.005438745324184399,False,20270840,100,-0.05015347267756834,-1.579616633736204,0.5148514851485149,0.9900990099009901,40.73069964163005,7032.979189157528,40.97525639902051,48.78690912930869,52.38871895291399,7354.4238971733475,7586.930549909186,7643.043193406365,3.2889302419371234,1.954831703755429,1.442613819717848,7032.979189157528,500.023950890033,7002555.369146705,0.001004344673966431,1397,0.0253787682080139,-1.445965571882522,1.4440828042107998,-4095.9999999999995,4090.666666666666,C:\Users\kimeu\Downloads\starlink_pathB_wsl_package_v0_3_clean\starlink_pathB\paper_final_experiment_check\outputs\random1200_null_random1200_seed2\82_0_lst018_typical_frozen_polybeam_smooth_S30_multi.npz,9.10175923472585,9444.443085672718,1.7798436919007438e-05,140609741.2109375,False,False,False,False,False,False,False,False,False,False,False,False
82_0,81.33403506806889,mid,typical,18,2461041.625,2461041.631822953,frozen_polybeam,smooth,1000.0,single,coherent_ab,4,3,1,59324,87.381,0.1651755712365591,3.430781997250637e-07,0.2363981628786352,0,4,4,4,0.0,0.2363981628786352,0.0,0.3843854174911955,3.430781997250637e-07,689050.3770512966,121.6608072443362,121.6608072443362,0.1335472235030346,False,20270857,100,0.7586824499359586,-0.3932493224921344,0.2871287128712871,0.6633663366336634,1400.777669191346,243182.6940063689,1290.8416078362952,1524.643933825272,1546.436607781242,245413.78501590574,252816.7360276227,253864.5732110566,97.73635534009372,0.8770608689967596,0.8218929568829992,243182.6940063689,19209.558951402912,7002555.369146705,0.034727707413472676,1397,0.0253787682080139,-1.445965571882522,1.4440828042107998,-4095.9999999999995,4090.666666666666,C:\Users\kimeu\Downloads\starlink_pathB_wsl_package_v0_3_clean\starlink_pathB\paper_final_experiment_check\outputs\random1200_null_random1200_seed2\82_0_lst018_typical_frozen_polybeam_smooth_S1000_single.npz,9.10175923472585,9444.443085672718,1.7798436919007438e-05,140609741.2109375,False,False,False,False,False,False,False,False,False,False,False,False
82_0,81.33403506806889,mid,typical,18,2461041.625,2461041.631822953,frozen_polybeam,smooth,1000.0,multi,coherent_ab,4,3,3,59324;44780;50177,87.381;81.138;77.270,0.1651755712365591,3.430781997250637e-07,0.2363981628786352,0,4,4,4,0.0,0.2363981628786352,0.0,0.3843854174911955,3.430781997250637e-07,689050.3770512966,133.8339989921638,121.6608072443362,0.1812915108061466,False,20270874,100,0.3415208702897409,-0.7842469231442378,0.38613861386138615,0.7227722772277227,1419.5874478681799,240691.99017673486,1362.1965951387301,1645.3424669371034,1717.624688114853,246414.3607499106,257378.07016539393,258389.8762967702,113.34475638825643,1.4549503694345252,0.8961205922944091,240691.99017673486,17087.85873871774,7002555.369146705,0.03437202242444594,1397,0.0253787682080139,-1.445965571882522,1.4440828042107998,-4095.9999999999995,4090.666666666666,C:\Users\kimeu\Downloads\starlink_pathB_wsl_package_v0_3_clean\starlink_pathB\paper_final_experiment_check\outputs\random1200_null_random1200_seed2\82_0_lst018_typical_frozen_polybeam_smooth_S1000_multi.npz,9.10175923472585,9444.443085672718,1.7798436919007438e-05,140609741.2109375,False,False,False,False,False,False,False,False,False,False,False,False
82_0,81.33403506806889,mid,typical,18,2461041.625,2461041.631822953,frozen_polybeam,lines,30.0,single,coherent_ab,4,3,1,59324,87.381,0.1651755712365591,3.430781997250637e-07,0.2363981628786352,0,4,4,4,0.0,0.2363981628786352,0.0,0.3843854174911955,3.430781997250637e-07,689050.3770512966,3.6497741974582874,3.6497741974582874,0.0040108151209771355,False,20270891,100,-0.010673251015247102,-1.185555863241558,0.504950495049505,0.9108910891089109,40.016769968526205,7089.970295527057,40.06805509317928,44.68987778649461,45.56926771373059,7322.178555058758,7505.292336745193,7511.5716008801,3.240937801208929,1.1760591025657408,1.1168145957465265,7089.970295527057,503.56017569598396,7002555.369146705,0.0010124832895667634,1397,0.0253787682080139,-1.445965571882522,1.4440828042107998,-4095.9999999999995,4090.666666666666,C:\Users\kimeu\Downloads\starlink_pathB_wsl_package_v0_3_clean\starlink_pathB\paper_final_experiment_check\outputs\random1200_null_random1200_seed2\82_0_lst018_typical_frozen_polybeam_lines_S30_single.npz,9.10175923472585,9444.443085672718,1.7798436919007438e-05,140609741.2109375,False,False,False,False,False,False,False,False,False,False,False,False
82_0,81.33403506806889,mid,typical,18,2461041.625,2461041.631822953,frozen_polybeam,lines,30.0,multi,coherent_ab,4,3,3,59324;44780;50177,87.381;81.138;77.270,0.1651755712365591,3.430781997250637e-07,0.2363981628786352,0,4,4,4,0.0,0.2363981628786352,0.0,0.3843854174911955,3.430781997250637e-07,689050.3770512966,4.014962127111003,3.6497741974582874,0.005444746257873468,False,20270908,100,0.14998873555750125,-1.9592411869691053,0.43564356435643564,0.9900990099009901,40.97421023300558,7031.392672469903,40.42042014654726,49.239990069584735,54.27214983618389,7351.153331215136,7563.295307576993,7617.9036653159355,2.49036232366052,1.9980731273753882,1.445151622640014,7031.392672469903,488.682692560721,7002555.369146705,0.0010041181114326145,1397,0.0253787682080139,-1.445965571882522,1.4440828042107998,-4095.9999999999995,4090.666666666666,C:\Users\kimeu\Downloads\starlink_pathB_wsl_package_v0_3_clean\starlink_pathB\paper_final_experiment_check\outputs\random1200_null_random1200_seed2\82_0_lst018_typical_frozen_polybeam_lines_S30_multi.npz,9.10175923472585,9444.443085672718,1.7798436919007438e-05,140609741.2109375,False,False,False,False,False,False,False,False,False,False,False,False
82_0,81.33403506806889,mid,typical,18,2461041.625,2461041.631822953,frozen_polybeam,lines,1000.0,single,coherent_ab,4,3,1,59324,87.381,0.1651755712365591,3.430781997250637e-07,0.2363981628786352,0,4,4,4,0.0,0.2363981628786352,0.0,0.3843854174911955,3.430781997250637e-07,689050.3770512966,121.65913991527624,121.65913991527624,0.13369383736590457,False,20270925,100,0.4706387090020666,-0.06397699183268422,0.3069306930693069,0.5445544554455446,1409.617698334594,243149.64811869236,1357.816428393924,1530.570133462746,1534.9245690816624,243688.49436556135,253176.4146375917,253681.155518994,74.23842798272926,1.4564104505610362,1.3523722175778021,243149.64811869236,18843.442115256574,7002555.369146705,0.0347229882951031,1397,0.0253787682080139,-1.445965571882522,1.4440828042107998,-4095.9999999999995,4090.666666666666,C:\Users\kimeu\Downloads\starlink_pathB_wsl_package_v0_3_clean\starlink_pathB\paper_final_experiment_check\outputs\random1200_null_random1200_seed2\82_0_lst018_typical_frozen_polybeam_lines_S1000_single.npz,9.10175923472585,9444.443085672718,1.7798436919007438e-05,140609741.2109375,False,False,False,False,False,False,False,False,False,False,False,False
82_0,81.33403506806889,mid,typical,18,2461041.625,2461041.631822953,frozen_polybeam,lines,1000.0,multi,coherent_ab,4,3,3,59324;44780;50177,87.381;81.138;77.270,0.1651755712365591,3.430781997250637e-07,0.2363981628786352,0,4,4,4,0.0,0.2363981628786352,0.0,0.3843854174911955,3.430781997250637e-07,689050.3770512966,133.83207090370007,121.65913991527624,0.18149154192911562,False,20270942,100,0.3537325051855092,-0.6965209003210282,0.4158415841584158,0.7326732673267327,1429.194690385033,240689.0856267913,1369.6146930953073,1649.4414983479228,1775.45228272173,245768.33384182956,255815.40135992772,257540.83005131054,113.60606399597236,1.598507585832985,1.2684784978438015,240689.0856267913,16699.24739251267,7002555.369146705,0.034371607640157856,1397,0.0253787682080139,-1.445965571882522,1.4440828042107998,-4095.9999999999995,4090.666666666666,C:\Users\kimeu\Downloads\starlink_pathB_wsl_package_v0_3_clean\starlink_pathB\paper_final_experiment_check\outputs\random1200_null_random1200_seed2\82_0_lst018_typical_frozen_polybeam_lines_S1000_multi.npz,9.10175923472585,9444.443085672718,1.7798436919007438e-05,140609741.2109375,False,False,False,False,False,False,False,False,False,False,False,False
82_0,81.33403506806889,mid,typical,18,2461041.625,2461041.631822953,frozen_polybeam,khz_comb,30.0,single,coherent_ab,4,3,1,59324,87.381,0.1651755712365591,3.430781997250637e-07,0.2363981628786352,0,4,4,4,0.0,0.2363981628786352,0.0,0.3843854174911955,3.430781997250637e-07,689050.3770512966,3.636059130159889,3.636059130159889,0.003823336933587204,False,20270959,100,0.42997961411036834,-0.8258051489251075,0.40594059405940597,0.8613861386138614,50.08810775580787,7298.51481977659,46.55989787610088,55.16031635078252,57.864675819678745,7470.195738934736,7682.708385016685,7696.37926376381,5.534552995681224,1.0805055769706524,0.9903493764190933,7298.51481977659,388.18526254137305,7002555.369146705,0.001042264492749873,1397,0.0253787682080139,-1.445965571882522,1.4440828042107998,-4095.9999999999995,4090.666666666666,C:\Users\kimeu\Downloads\starlink_pathB_wsl_package_v0_3_clean\starlink_pathB\paper_final_experiment_check\outputs\random1200_null_random1200_seed2\82_0_lst018_typical_frozen_polybeam_khz_comb_S30_single.npz,9.10175923472585,9444.443085672718,1.7798436919007438e-05,140609741.2109375,False,False,False,False,False,False,False,False,False,False,False,False
82_0,81.33403506806889,mid,typical,18,2461041.625,2461041.631822953,frozen_polybeam,khz_comb,30.0,multi,coherent_ab,4,3,3,59324;44780;50177,87.381;81.138;77.270,0.1651755712365591,3.430781997250637e-07,0.2363981628786352,0,4,4,4,0.0,0.2363981628786352,0.0,0.3843854174911955,3.430781997250637e-07,689050.3770512966,3.9419324300401355,3.636059130159889,0.005088081949897238,False,20270976,100,0.0005338407819098672,-1.1126697357609079,0.504950495049505,0.9207920792079208,50.49138010969182,7230.876101069236,50.48766205365246,60.02549727675432,61.14272521752828,7478.883748449625,7802.4206099106905,7811.844812334713,4.697644928499358,1.7387449239354344,1.2269243332007482,7230.876101069236,377.9479684327641,7002555.369146705,0.001032605344747221,1397,0.0253787682080139,-1.445965571882522,1.4440828042107998,-4095.9999999999995,4090.666666666666,C:\Users\kimeu\Downloads\starlink_pathB_wsl_package_v0_3_clean\starlink_pathB\paper_final_experiment_check\outputs\random1200_null_random1200_seed2\82_0_lst018_typical_frozen_polybeam_khz_comb_S30_multi.npz,9.10175923472585,9444.443085672718,1.7798436919007438e-05,140609741.2109375,False,False,False,False,False,False,False,False,False,False,False,False
82_0,81.33403506806889,mid,typical,18,2461041.625,2461041.631822953,frozen_polybeam,khz_comb,1000.0,single,coherent_ab,4,3,1,59324,87.381,0.1651755712365591,3.430781997250637e-07,0.2363981628786352,0,4,4,4,0.0,0.2363981628786352,0.0,0.3843854174911955,3.430781997250637e-07,689050.3770512966,121.20197100532961,121.20197100532961,0.12744456445290678,False,20270993,100,0.3411077338634069,-0.07215315606982062,0.33663366336633666,0.5346534653465347,1737.1514451010444,248576.948219724,1668.0550151147581,1897.7394069780119,1924.0555850415872,248985.95371697115,258857.0421638937,259119.7480151181,136.6281057621345,0.8861428862090208,0.8428419966926868,248576.948219724,13018.706201559355,7002555.369146705,0.03549803394842907,1397,0.0253787682080139,-1.445965571882522,1.4440828042107998,-4095.9999999999995,4090.666666666666,C:\Users\kimeu\Downloads\starlink_pathB_wsl_package_v0_3_clean\starlink_pathB\paper_final_experiment_check\outputs\random1200_null_random1200_seed2\82_0_lst018_typical_frozen_polybeam_khz_comb_S1000_single.npz,9.10175923472585,9444.443085672718,1.7798436919007438e-05,140609741.2109375,False,False,False,False,False,False,False,False,False,False,False,False
82_0,81.33403506806889,mid,typical,18,2461041.625,2461041.631822953,frozen_polybeam,khz_comb,1000.0,multi,coherent_ab,4,3,3,59324;44780;50177,87.381;81.138;77.270,0.1651755712365591,3.430781997250637e-07,0.2363981628786352,0,4,4,4,0.0,0.2363981628786352,0.0,0.3843854174911955,3.430781997250637e-07,689050.3770512966,131.3977476680045,121.20197100532961,0.16960273166324125,False,20271010,100,0.27798374406251936,-0.48664361742188084,0.40594059405940597,0.7128712871287128,1741.6858749111198,246147.7808828322,1689.5814336075327,1987.1244180689366,2019.93850183797,250061.72317741014,261311.33667336093,263549.5176503352,126.42452998638691,1.885664187958837,1.5279139131932356,246147.7808828322,11662.140207258333,7002555.369146705,0.035151136678955884,1397,0.0253787682080139,-1.445965571882522,1.4440828042107998,-4095.9999999999995,4090.666666666666,C:\Users\kimeu\Downloads\starlink_pathB_wsl_package_v0_3_clean\starlink_pathB\paper_final_experiment_check\outputs\random1200_null_random1200_seed2\82_0_lst018_typical_frozen_polybeam_khz_comb_S1000_multi.npz,9.10175923472585,9444.443085672718,1.7798436919007438e-05,140609741.2109375,False,False,False,False,False,False,False,False,False,False,False,False
82_0,81.33403506806889,mid,typical,18,2461041.625,2461041.631822953,full_polybeam,smooth,30.0,single,coherent_ab,4,3,1,59324,87.381,0.1651755712365591,3.430781997250637e-07,0.2363981628786352,0,4,4,4,0.0,0.2363981628786352,0.0,0.3843854174911955,3.430781997250637e-07,689050.3770512966,3.2654736002374114,3.2654736002374114,0.004310380701631075,False,20271027,100,1.2121994832076648,-1.1397487979130412,0.1188118811881188,0.9405940594059405,52.841019112980575,6802.249931372704,45.70142525539268,53.89187608783177,55.489909805877254,7016.071899274808,7201.366134901444,7210.050100987783,3.972605293161905,1.0448243859587043,0.9933327747924119,6802.249931372704,1263.276763352952,7002555.369146705,0.0009713953796557543,1397,0.0253787682080139,-1.445965571882522,1.4440828042107998,-4095.9999999999995,4090.666666666666,C:\Users\kimeu\Downloads\starlink_pathB_wsl_package_v0_3_clean\starlink_pathB\paper_final_experiment_check\outputs\random1200_null_random1200_seed2\82_0_lst018_typical_full_polybeam_smooth_S30_single.npz,9.10175923472585,9444.443085672718,1.7798436919007438e-05,140609741.2109375,False,False,False,False,False,False,False,False,False,False,False,False
82_0,81.33403506806889,mid,typical,18,2461041.625,2461041.631822953,full_polybeam,smooth,30.0,multi,coherent_ab,4,3,3,59324;44780;50177,87.381;81.138;77.270,0.1651755712365591,3.430781997250637e-07,0.2363981628786352,0,4,4,4,0.0,0.2363981628786352,0.0,0.3843854174911955,3.430781997250637e-07,689050.3770512966,4.421632009039759,3.2654736002374114,0.007783924066795673,False,20271044,100,0.2848648006821104,-1.3724049875547002,0.42574257425742573,0.9504950495049505,52.14591741243203,6979.82979507766,48.91950999358414,67.05467293617947,73.02237439746082,7340.913319809394,7714.48549433743,7808.764141503562,7.639350264085806,2.6498452528752616,1.6277658833644435,6979.82979507766,1199.485046328261,7002555.369146705,0.000996754674133792,1397,0.0253787682080139,-1.445965571882522,1.4440828042107998,-4095.9999999999995,4090.666666666666,C:\Users\kimeu\Downloads\starlink_pathB_wsl_package_v0_3_clean\starlink_pathB\paper_final_experiment_check\outputs\random1200_null_random1200_seed2\82_0_lst018_typical_full_polybeam_smooth_S30_multi.npz,9.10175923472585,9444.443085672718,1.7798436919007438e-05,140609741.2109375,False,False,False,False,False,False,False,False,False,False,False,False
82_0,81.33403506806889,mid,typical,18,2461041.625,2461041.631822953,full_polybeam,smooth,1000.0,single,coherent_ab,4,3,1,59324,87.381,0.1651755712365591,3.430781997250637e-07,0.2363981628786352,0,4,4,4,0.0,0.2363981628786352,0.0,0.3843854174911955,3.430781997250637e-07,689050.3770512966,108.8491200079137,108.8491200079137,0.14367935672103582,False,20271061,100,1.032096471619599,0.6150689320133764,0.16831683168316833,0.297029702970297,1907.3827963639633,248705.45804024028,1682.0858882918292,1978.1316107699233,1986.2131340606124,240528.3352403891,254502.73503726165,254847.0059635675,147.23495992079188,1.511257913135328,1.3872374152921756,248705.45804024028,61464.758421031045,7002555.369146705,0.03551638579482539,1397,0.0253787682080139,-1.445965571882522,1.4440828042107998,-4095.9999999999995,4090.666666666666,C:\Users\kimeu\Downloads\starlink_pathB_wsl_package_v0_3_clean\starlink_pathB\paper_final_experiment_check\outputs\random1200_null_random1200_seed2\82_0_lst018_typical_full_polybeam_smooth_S1000_single.npz,9.10175923472585,9444.443085672718,1.7798436919007438e-05,140609741.2109375,False,False,False,False,False,False,False,False,False,False,False,False
82_0,81.33403506806889,mid,typical,18,2461041.625,2461041.631822953,full_polybeam,smooth,1000.0,multi,coherent_ab,4,3,3,59324;44780;50177,87.381;81.138;77.270,0.1651755712365591,3.430781997250637e-07,0.2363981628786352,0,4,4,4,0.0,0.2363981628786352,0.0,0.3843854174911955,3.430781997250637e-07,689050.3770512966,147.38773363465862,108.8491200079137,0.25946413555985576,False,20271078,100,0.14144208085947133,0.006369741578033325,0.44554455445544555,0.49504950495049505,1772.525529210885,249912.86953979495,1731.4977496082556,2221.237867286728,2432.229326459172,249819.98335292595,265779.8450125885,270885.91365901096,195.64798577383772,2.2926152165186706,1.4210642640368365,249912.86953979495,35552.09938970591,7002555.369146705,0.03568881020790101,1397,0.0253787682080139,-1.445965571882522,1.4440828042107998,-4095.9999999999995,4090.666666666666,C:\Users\kimeu\Downloads\starlink_pathB_wsl_package_v0_3_clean\starlink_pathB\paper_final_experiment_check\outputs\random1200_null_random1200_seed2\82_0_lst018_typical_full_polybeam_smooth_S1000_multi.npz,9.10175923472585,9444.443085672718,1.7798436919007438e-05,140609741.2109375,False,False,False,False,False,False,False,False,False,False,False,False
82_0,81.33403506806889,mid,typical,18,2461041.625,2461041.631822953,full_polybeam,lines,30.0,single,coherent_ab,4,3,1,59324,87.381,0.1651755712365591,3.430781997250637e-07,0.2363981628786352,0,4,4,4,0.0,0.2363981628786352,0.0,0.3843854174911955,3.430781997250637e-07,689050.3770512966,3.265465278328215,3.265465278328215,0.004314812381631545,False,20271095,100,1.1424594116680316,-1.2492439759497043,0.09900990099009901,0.9603960396039604,52.665031178927165,6797.127520154482,46.13669456142088,53.908502062819025,55.29204246226829,7033.484884154534,7204.299568774416,7208.266813026839,3.854231212320883,1.3080059064314016,1.1434386003191048,6797.127520154482,1250.0129715899805,7002555.369146705,0.0009706638736628433,1397,0.0253787682080139,-1.445965571882522,1.4440828042107998,-4095.9999999999995,4090.666666666666,C:\Users\kimeu\Downloads\starlink_pathB_wsl_package_v0_3_clean\starlink_pathB\paper_final_experiment_check\outputs\random1200_null_random1200_seed2\82_0_lst018_typical_full_polybeam_lines_S30_single.npz,9.10175923472585,9444.443085672718,1.7798436919007438e-05,140609741.2109375,False,False,False,False,False,False,False,False,False,False,False,False
82_0,81.33403506806889,mid,typical,18,2461041.625,2461041.631822953,full_polybeam,lines,30.0,multi,coherent_ab,4,3,3,59324;44780;50177,87.381;81.138;77.270,0.1651755712365591,3.430781997250637e-07,0.2363981628786352,0,4,4,4,0.0,0.2363981628786352,0.0,0.3843854174911955,3.430781997250637e-07,689050.3770512966,4.421528004905107,3.265465278328215,0.007791223155802085,False,20271112,100,0.29577115920898006,-1.5872729489408017,0.46534653465346537,0.9207920792079208,51.449574627622496,6976.283369015529,48.48249434250101,65.2831697181231,70.5015162951003,7314.5622938758925,7649.6069544912525,7759.3609918705115,6.766272412401122,2.1028838748784877,1.158688706702894,6976.283369015529,1185.4642405908746,7002555.369146705,0.000996248226719216,1397,0.0253787682080139,-1.445965571882522,1.4440828042107998,-4095.9999999999995,4090.666666666666,C:\Users\kimeu\Downloads\starlink_pathB_wsl_package_v0_3_clean\starlink_pathB\paper_final_experiment_check\outputs\random1200_null_random1200_seed2\82_0_lst018_typical_full_polybeam_lines_S30_multi.npz,9.10175923472585,9444.443085672718,1.7798436919007438e-05,140609741.2109375,False,False,False,False,False,False,False,False,False,False,False,False
82_0,81.33403506806889,mid,typical,18,2461041.625,2461041.631822953,full_polybeam,lines,1000.0,single,coherent_ab,4,3,1,59324,87.381,0.1651755712365591,3.430781997250637e-07,0.2363981628786352,0,4,4,4,0.0,0.2363981628786352,0.0,0.3843854174911955,3.430781997250637e-07,689050.3770512966,108.84884261094047,108.84884261094047,0.14382707938771813,False,20271129,100,1.123752059919197,0.1612936639553926,0.19801980198019803,0.46534653465346537,1899.9233749039267,248672.03083269883,1660.466711587942,1984.6836426663133,1991.4062197072337,246881.72716131527,254801.67531884296,254978.01350266696,143.72503727676667,0.8833252266073823,0.8560190429919224,248672.03083269883,61014.543317603806,7002555.369146705,0.03551161222206812,1397,0.0253787682080139,-1.445965571882522,1.4440828042107998,-4095.9999999999995,4090.666666666666,C:\Users\kimeu\Downloads\starlink_pathB_wsl_package_v0_3_clean\starlink_pathB\paper_final_experiment_check\outputs\random1200_null_random1200_seed2\82_0_lst018_typical_full_polybeam_lines_S1000_single.npz,9.10175923472585,9444.443085672718,1.7798436919007438e-05,140609741.2109375,False,False,False,False,False,False,False,False,False,False,False,False
82_0,81.33403506806889,mid,typical,18,2461041.625,2461041.631822953,full_polybeam,lines,1000.0,multi,coherent_ab,4,3,3,59324;44780;50177,87.381;81.138;77.270,0.1651755712365591,3.430781997250637e-07,0.2363981628786352,0,4,4,4,0.0,0.2363981628786352,0.0,0.3843854174911955,3.430781997250637e-07,689050.3770512966,147.3842668301702,108.84884261094047,0.25970743852673617,False,20271146,100,-0.025997821152282607,-0.236729757078306,0.504950495049505,0.594059405940594,1745.526042433179,249797.11947508238,1753.544535003608,2186.273531442207,2291.726548433361,252274.5446889948,264844.3466457518,267233.9518569646,208.03278520943059,1.9307363025329587,1.1919840612137689,249797.11947508238,35084.19532043002,7002555.369146705,0.035672280518578944,1397,0.0253787682080139,-1.445965571882522,1.4440828042107998,-4095.9999999999995,4090.666666666666,C:\Users\kimeu\Downloads\starlink_pathB_wsl_package_v0_3_clean\starlink_pathB\paper_final_experiment_check\outputs\random1200_null_random1200_seed2\82_0_lst018_typical_full_polybeam_lines_S1000_multi.npz,9.10175923472585,9444.443085672718,1.7798436919007438e-05,140609741.2109375,False,False,False,False,False,False,False,False,False,False,False,False
82_0,81.33403506806889,mid,typical,18,2461041.625,2461041.631822953,full_polybeam,khz_comb,30.0,single,coherent_ab,4,3,1,59324,87.381,0.1651755712365591,3.430781997250637e-07,0.2363981628786352,0,4,4,4,0.0,0.2363981628786352,0.0,0.3843854174911955,3.430781997250637e-07,689050.3770512966,3.2537758154593224,3.2537758154593224,0.003996782061044766,False,20271163,100,0.4636528132060647,-0.88120360633428,0.33663366336633666,0.9108910891089109,52.69578116829507,6686.423087578403,48.923151225702895,57.058693640355344,57.7418694432472,6897.600916353369,7186.678210254051,7209.54995755248,5.488166927334532,1.0078007218950258,0.9566569654988374,6686.423087578403,1004.7003938988585,7002555.369146705,0.0009548547258960376,1397,0.0253787682080139,-1.445965571882522,1.4440828042107998,-4095.9999999999995,4090.666666666666,C:\Users\kimeu\Downloads\starlink_pathB_wsl_package_v0_3_clean\starlink_pathB\paper_final_experiment_check\outputs\random1200_null_random1200_seed2\82_0_lst018_typical_full_polybeam_khz_comb_S30_single.npz,9.10175923472585,9444.443085672718,1.7798436919007438e-05,140609741.2109375,False,False,False,False,False,False,False,False,False,False,False,False
82_0,81.33403506806889,mid,typical,18,2461041.625,2461041.631822953,full_polybeam,khz_comb,30.0,multi,coherent_ab,4,3,3,59324;44780;50177,87.381;81.138;77.270,0.1651755712365591,3.430781997250637e-07,0.2363981628786352,0,4,4,4,0.0,0.2363981628786352,0.0,0.3843854174911955,3.430781997250637e-07,689050.3770512966,4.2051903524036005,3.2537758154593224,0.006915758893385957,False,20271180,100,-0.3548005509870081,-1.4578058162347292,0.6435643564356436,0.9603960396039604,49.705994854622986,6795.468534081943,53.13583737319277,64.16645083445982,68.43451510505227,7136.16839515819,7526.108170941904,7575.838936712309,6.5202747819857905,2.144907920013852,1.3125988061378537,6795.468534081943,956.4555043152495,7002555.369146705,0.0009704269621376809,1397,0.0253787682080139,-1.445965571882522,1.4440828042107998,-4095.9999999999995,4090.666666666666,C:\Users\kimeu\Downloads\starlink_pathB_wsl_package_v0_3_clean\starlink_pathB\paper_final_experiment_check\outputs\random1200_null_random1200_seed2\82_0_lst018_typical_full_polybeam_khz_comb_S30_multi.npz,9.10175923472585,9444.443085672718,1.7798436919007438e-05,140609741.2109375,False,False,False,False,False,False,False,False,False,False,False,False
82_0,81.33403506806889,mid,typical,18,2461041.625,2461041.631822953,full_polybeam,khz_comb,1000.0,single,coherent_ab,4,3,1,59324,87.381,0.1651755712365591,3.430781997250637e-07,0.2363981628786352,0,4,4,4,0.0,0.2363981628786352,0.0,0.3843854174911955,3.430781997250637e-07,689050.3770512966,108.45919384864406,108.45919384864406,0.13322606870149223,False,20271197,100,0.29392648152215683,-0.04436413188761744,0.40594059405940597,0.6237623762376238,1893.0878523839347,239881.30667682004,1831.4055105208827,2033.496207788332,2060.2183025606646,240318.44325765764,250056.35644393598,250933.80871106967,141.5461764249667,0.9402026624890598,0.8827649030165526,239881.30667682004,45834.26672956574,7002555.369146705,0.0342562527579201,1397,0.0253787682080139,-1.445965571882522,1.4440828042107998,-4095.9999999999995,4090.666666666666,C:\Users\kimeu\Downloads\starlink_pathB_wsl_package_v0_3_clean\starlink_pathB\paper_final_experiment_check\outputs\random1200_null_random1200_seed2\82_0_lst018_typical_full_polybeam_khz_comb_S1000_single.npz,9.10175923472585,9444.443085672718,1.7798436919007438e-05,140609741.2109375,False,False,False,False,False,False,False,False,False,False,False,False
82_0,81.33403506806889,mid,typical,18,2461041.625,2461041.631822953,full_polybeam,khz_comb,1000.0,multi,coherent_ab,4,3,3,59324;44780;50177,87.381;81.138;77.270,0.1651755712365591,3.430781997250637e-07,0.2363981628786352,0,4,4,4,0.0,0.2363981628786352,0.0,0.3843854174911955,3.430781997250637e-07,689050.3770512966,140.17301174678667,108.45919384864406,0.23052529644619857,False,20271214,100,-0.6158320948196543,-0.5300056153038849,0.693069306930693,0.6831683168316832,1713.0335199249967,240588.00714760838,1887.6610904778354,2193.027899302838,2302.5320868740346,245455.08641748264,258936.86749981507,264340.1214115546,191.2610331266187,1.7906298905822693,1.0950714354191946,240588.00714760838,28179.95529992322,7002555.369146705,0.03435717312677603,1397,0.0253787682080139,-1.445965571882522,1.4440828042107998,-4095.9999999999995,4090.666666666666,C:\Users\kimeu\Downloads\starlink_pathB_wsl_package_v0_3_clean\starlink_pathB\paper_final_experiment_check\outputs\random1200_null_random1200_seed2\82_0_lst018_typical_full_polybeam_khz_comb_S1000_multi.npz,9.10175923472585,9444.443085672718,1.7798436919007438e-05,140609741.2109375,False,False,False,False,False,False,False,False,False,False,False,False
82_0,81.33403506806889,mid,stress,64,2461041.9444444445,2461041.951267397,frozen_polybeam,smooth,30.0,single,coherent_ab,2,3,1,56246,87.493,0.6134387600806451,0.0002588706478842,0.2812107439459313,0,2,2,2,0.0,0.2812107439459313,0.0,0.9963509766045548,0.0002588706478842,1086.298297023242,0.9487580803727602,0.9487580803727602,0.0016865677235708997,False,20271277,100,-0.2626745850682645,0.2851604889022351,0.6138613861386139,0.40594059405940597,0.18094724642787696,25.67706339637735,0.19209583945030317,0.4190748056889788,0.4260802186746696,25.397122821660744,26.463603590517767,26.469847182892444,0.028627143249650544,1.167437440622599,1.0166547390126992,25.67706339637735,-5.765452164821966,2440330.6300431527,1.0521960868852962e-05,1397,0.0253787682080139,-1.445965571882522,1.4440828042107998,-4095.9999999999995,4090.666666666666,C:\Users\kimeu\Downloads\starlink_pathB_wsl_package_v0_3_clean\starlink_pathB\paper_final_experiment_check\outputs\random1200_null_random1200_seed2\82_0_lst064_stress_frozen_polybeam_smooth_S30_single.npz,9.10175923472585,9444.443085672718,1.7798436919007438e-05,140609741.2109375,False,False,False,False,False,False,False,False,False,False,False,False
82_0,81.33403506806889,mid,stress,64,2461041.9444444445,2461041.951267397,frozen_polybeam,smooth,30.0,multi,coherent_ab,2,3,3,56246;52554;57902,87.493;76.305;71.603,0.6134387600806451,0.0002588706478842,0.2812107439459313,0,2,2,2,0.0,0.2812107439459313,0.0,0.9963509766045548,0.0002588706478842,1086.298297023242,1.012269278999475,0.9487580803727602,0.0021455739357928117,False,20271294,100,-0.9983222756614145,-0.43113876956834873,0.8316831683168316,0.693069306930693,1.4250202261937375,263.6458543430176,1.7940640614961012,2.4869216425375726,2.6163140459218543,267.8377751915077,282.8186983228165,283.591374264717,0.24933497210440692,1.9541954717952987,1.110952987607594,263.6458543430176,18.026658463404537,2440330.6300431527,0.00010803694019869575,1397,0.0253787682080139,-1.445965571882522,1.4440828042107998,-4095.9999999999995,4090.666666666666,C:\Users\kimeu\Downloads\starlink_pathB_wsl_package_v0_3_clean\starlink_pathB\paper_final_experiment_check\outputs\random1200_null_random1200_seed2\82_0_lst064_stress_frozen_polybeam_smooth_S30_multi.npz,9.10175923472585,9444.443085672718,1.7798436919007438e-05,140609741.2109375,False,False,False,False,False,False,False,False,False,False,False,False
82_0,81.33403506806889,mid,stress,64,2461041.9444444445,2461041.951267397,frozen_polybeam,smooth,1000.0,single,coherent_ab,2,3,1,56246,87.493,0.6134387600806451,0.0002588706478842,0.2812107439459313,0,2,2,2,0.0,0.2812107439459313,0.0,0.9963509766045548,0.0002588706478842,1086.298297023242,31.62526934575867,31.62526934575867,0.056218924119029984,False,20271311,100,-0.42465859353633734,-0.05290360249503063,0.6633663366336634,0.5148514851485149,6.040479415178879,855.7063312538961,6.88082748776705,13.464238865289916,14.0956916140863,857.3277558330735,882.3199204287556,882.3600769973187,1.3347357579287689,0.8219100760978919,0.7210229034075584,855.7063312538961,-191.14098777170193,2440330.6300431527,0.00035065180132528374,1397,0.0253787682080139,-1.445965571882522,1.4440828042107998,-4095.9999999999995,4090.666666666666,C:\Users\kimeu\Downloads\starlink_pathB_wsl_package_v0_3_clean\starlink_pathB\paper_final_experiment_check\outputs\random1200_null_random1200_seed2\82_0_lst064_stress_frozen_polybeam_smooth_S1000_single.npz,9.10175923472585,9444.443085672718,1.7798436919007438e-05,140609741.2109375,False,False,False,False,False,False,False,False,False,False,False,False
82_0,81.33403506806889,mid,stress,64,2461041.9444444445,2461041.951267397,frozen_polybeam,smooth,1000.0,multi,coherent_ab,2,3,3,56246;52554;57902,87.493;76.305;71.603,0.6134387600806451,0.0002588706478842,0.2812107439459313,0,2,2,2,0.0,0.2812107439459313,0.0,0.9963509766045548,0.0002588706478842,1086.298297023242,33.742309299982495,31.62526934575867,0.07151913119309371,False,20271328,100,-0.7966717801080017,-0.558598770586673,0.7920792079207921,0.6831683168316832,46.84428548550386,8805.212537355106,57.175568762843795,78.37715357599545,85.52437748757217,8984.795473476024,9379.38401236069,9489.338633206738,8.746833110062198,1.894152800090102,0.9814134648960594,8805.212537355106,379.73843317250555,2440330.6300431527,0.003608204736257153,1397,0.0253787682080139,-1.445965571882522,1.4440828042107998,-4095.9999999999995,4090.666666666666,C:\Users\kimeu\Downloads\starlink_pathB_wsl_package_v0_3_clean\starlink_pathB\paper_final_experiment_check\outputs\random1200_null_random1200_seed2\82_0_lst064_stress_frozen_polybeam_smooth_S1000_multi.npz,9.10175923472585,9444.443085672718,1.7798436919007438e-05,140609741.2109375,False,False,False,False,False,False,False,False,False,False,False,False
82_0,81.33403506806889,mid,stress,64,2461041.9444444445,2461041.951267397,frozen_polybeam,lines,30.0,single,coherent_ab,2,3,1,56246,87.493,0.6134387600806451,0.0002588706478842,0.2812107439459313,0,2,2,2,0.0,0.2812107439459313,0.0,0.9963509766045548,0.0002588706478842,1086.298297023242,0.9486817820057778,0.9486817820057778,0.0016884573357227874,False,20271345,100,-0.3749797096438006,-0.014625809791929336,0.693069306930693,0.504950495049505,0.1815178251645193,25.66966955035726,0.20750332084770662,0.41007380908440605,0.4261096034170987,25.684556793661546,26.47798448855577,26.48119049946011,0.04674113363461174,0.943729984130463,0.8358037490482039,25.66966955035726,-5.759971714040006,2440330.6300431527,1.0518931014648347e-05,1397,0.0253787682080139,-1.445965571882522,1.4440828042107998,-4095.9999999999995,4090.666666666666,C:\Users\kimeu\Downloads\starlink_pathB_wsl_package_v0_3_clean\starlink_pathB\paper_final_experiment_check\outputs\random1200_null_random1200_seed2\82_0_lst064_stress_frozen_polybeam_lines_S30_single.npz,9.10175923472585,9444.443085672718,1.7798436919007438e-05,140609741.2109375,False,False,False,False,False,False,False,False,False,False,False,False
82_0,81.33403506806889,mid,stress,64,2461041.9444444445,2461041.951267397,frozen_polybeam,lines,30.0,multi,coherent_ab,2,3,3,56246;52554;57902,87.493;76.305;71.603,0.6134387600806451,0.0002588706478842,0.2812107439459313,0,2,2,2,0.0,0.2812107439459313,0.0,0.9963509766045548,0.0002588706478842,1086.298297023242,1.012191657948389,0.9486817820057778,0.002148003211838672,False,20271362,100,-1.1230315250214675,-0.6475701737109454,0.9108910891089109,0.7425742574257426,1.4256000012883305,263.70368578724845,1.793598999744745,2.3709639320600218,2.639286057514396,269.34315877481515,281.13576561349686,284.51940050594817,0.22101955147763874,1.6204120742973902,0.9869806897611423,263.70368578724845,18.09086165740711,2440330.6300431527,0.00010806063839906207,1397,0.0253787682080139,-1.445965571882522,1.4440828042107998,-4095.9999999999995,4090.666666666666,C:\Users\kimeu\Downloads\starlink_pathB_wsl_package_v0_3_clean\starlink_pathB\paper_final_experiment_check\outputs\random1200_null_random1200_seed2\82_0_lst064_stress_frozen_polybeam_lines_S30_multi.npz,9.10175923472585,9444.443085672718,1.7798436919007438e-05,140609741.2109375,False,False,False,False,False,False,False,False,False,False,False,False
82_0,81.33403506806889,mid,stress,64,2461041.9444444445,2461041.951267397,frozen_polybeam,lines,1000.0,single,coherent_ab,2,3,1,56246,87.493,0.6134387600806451,0.0002588706478842,0.2812107439459313,0,2,2,2,0.0,0.2812107439459313,0.0,0.9963509766045548,0.0002588706478842,1086.298297023242,31.62272606685926,31.62272606685926,0.05628191119075958,False,20271379,100,-0.2397008478353646,0.04496970098379409,0.6633663366336634,0.48514851485148514,6.059557388933399,855.4595792364986,6.4546459478300555,13.831796928580752,14.215941182417009,853.9502082194945,882.2305066450091,882.8042646587634,1.1117339990960318,0.9420147872692088,0.8906704606471664,855.4595792364986,-190.95860824676836,2440330.6300431527,0.000350550687150688,1397,0.0253787682080139,-1.445965571882522,1.4440828042107998,-4095.9999999999995,4090.666666666666,C:\Users\kimeu\Downloads\starlink_pathB_wsl_package_v0_3_clean\starlink_pathB\paper_final_experiment_check\outputs\random1200_null_random1200_seed2\82_0_lst064_stress_frozen_polybeam_lines_S1000_single.npz,9.10175923472585,9444.443085672718,1.7798436919007438e-05,140609741.2109375,False,False,False,False,False,False,False,False,False,False,False,False
82_0,81.33403506806889,mid,stress,64,2461041.9444444445,2461041.951267397,frozen_polybeam,lines,1000.0,multi,coherent_ab,2,3,3,56246;52554;57902,87.493;76.305;71.603,0.6134387600806451,0.0002588706478842,0.2812107439459313,0,2,2,2,0.0,0.2812107439459313,0.0,0.9963509766045548,0.0002588706478842,1086.298297023242,33.73972193161296,31.62272606685926,0.07160010706128907,False,20271396,100,-0.8883158216938306,-0.5869700020235913,0.8415841584158416,0.693069306930693,46.87453263304633,8807.846114261803,57.82233361602505,80.9530858408705,83.17942959032213,9002.090028295923,9390.01201200007,9443.732839053559,8.312573545665146,2.199249171269125,1.2615562984312565,8807.846114261803,381.96391506907645,2440330.6300431527,0.0036092839248204876,1397,0.0253787682080139,-1.445965571882522,1.4440828042107998,-4095.9999999999995,4090.666666666666,C:\Users\kimeu\Downloads\starlink_pathB_wsl_package_v0_3_clean\starlink_pathB\paper_final_experiment_check\outputs\random1200_null_random1200_seed2\82_0_lst064_stress_frozen_polybeam_lines_S1000_multi.npz,9.10175923472585,9444.443085672718,1.7798436919007438e-05,140609741.2109375,False,False,False,False,False,False,False,False,False,False,False,False
82_0,81.33403506806889,mid,stress,64,2461041.9444444445,2461041.951267397,frozen_polybeam,khz_comb,30.0,single,coherent_ab,2,3,1,56246,87.493,0.6134387600806451,0.0002588706478842,0.2812107439459313,0,2,2,2,0.0,0.2812107439459313,0.0,0.9963509766045548,0.0002588706478842,1086.298297023242,0.8351864179198306,0.8351864179198306,0.0015256558379120194,False,20271413,100,-0.38410825832133083,0.42670757322080083,0.6435643564356436,0.36633663366336633,0.1768036954283616,24.560018625731303,0.19701138406101748,0.36919316571693345,0.3834677784045198,24.19063206522578,24.939787686530593,24.95003196780761,0.03548452541133429,0.8658345290336469,0.8314567130217454,24.560018625731303,-4.701784903016187,2440330.6300431527,1.006421766107038e-05,1397,0.0253787682080139,-1.445965571882522,1.4440828042107998,-4095.9999999999995,4090.666666666666,C:\Users\kimeu\Downloads\starlink_pathB_wsl_package_v0_3_clean\starlink_pathB\paper_final_experiment_check\outputs\random1200_null_random1200_seed2\82_0_lst064_stress_frozen_polybeam_khz_comb_S30_single.npz,9.10175923472585,9444.443085672718,1.7798436919007438e-05,140609741.2109375,False,False,False,False,False,False,False,False,False,False,False,False
82_0,81.33403506806889,mid,stress,64,2461041.9444444445,2461041.951267397,frozen_polybeam,khz_comb,30.0,multi,coherent_ab,2,3,3,56246;52554;57902,87.493;76.305;71.603,0.6134387600806451,0.0002588706478842,0.2812107439459313,0,2,2,2,0.0,0.2812107439459313,0.0,0.9963509766045548,0.0002588706478842,1086.298297023242,0.8888513760595025,0.8351864179198306,0.0019384432078008772,False,20271430,100,-1.5785048675456745,-0.31338891154230514,0.9306930693069307,0.5841584158415841,1.232873650467809,253.93786393792826,1.734996371518264,2.145723995078424,2.2881842966057597,256.47706471178776,266.35876996500224,267.78796960808444,0.21455564847155983,1.8027013226546635,0.9776423839161071,253.93786393792826,16.81810882381129,2440330.6300431527,0.00010405879466154054,1397,0.0253787682080139,-1.445965571882522,1.4440828042107998,-4095.9999999999995,4090.666666666666,C:\Users\kimeu\Downloads\starlink_pathB_wsl_package_v0_3_clean\starlink_pathB\paper_final_experiment_check\outputs\random1200_null_random1200_seed2\82_0_lst064_stress_frozen_polybeam_khz_comb_S30_multi.npz,9.10175923472585,9444.443085672718,1.7798436919007438e-05,140609741.2109375,False,False,False,False,False,False,False,False,False,False,False,False
82_0,81.33403506806889,mid,stress,64,2461041.9444444445,2461041.951267397,frozen_polybeam,khz_comb,1000.0,single,coherent_ab,2,3,1,56246,87.493,0.6134387600806451,0.0002588706478842,0.2812107439459313,0,2,2,2,0.0,0.2812107439459313,0.0,0.9963509766045548,0.0002588706478842,1086.298297023242,27.83954726399435,27.83954726399435,0.05085519459706731,False,20271447,100,-0.37665126664605936,0.22457773588184224,0.6732673267326733,0.38613861386138615,5.901461293739885,818.5153378737039,6.6084460068666075,12.693129459419561,12.815653645347174,813.3414252713693,831.4473750920508,831.6470238212071,1.2660375746015688,0.9957755345073063,0.916751908303878,818.5153378737039,-155.78715978328165,2440330.6300431527,0.0003354116560259828,1397,0.0253787682080139,-1.445965571882522,1.4440828042107998,-4095.9999999999995,4090.666666666666,C:\Users\kimeu\Downloads\starlink_pathB_wsl_package_v0_3_clean\starlink_pathB\paper_final_experiment_check\outputs\random1200_null_random1200_seed2\82_0_lst064_stress_frozen_polybeam_khz_comb_S1000_single.npz,9.10175923472585,9444.443085672718,1.7798436919007438e-05,140609741.2109375,False,False,False,False,False,False,False,False,False,False,False,False
82_0,81.33403506806889,mid,stress,64,2461041.9444444445,2461041.951267397,frozen_polybeam,khz_comb,1000.0,multi,coherent_ab,2,3,3,56246;52554;57902,87.493;76.305;71.603,0.6134387600806451,0.0002588706478842,0.2812107439459313,0,2,2,2,0.0,0.2812107439459313,0.0,0.9963509766045548,0.0002588706478842,1086.298297023242,29.628379201983414,27.83954726399435,0.06461477359336257,False,20271464,100,-1.6652713708005726,-0.0360274654833997,0.8910891089108911,0.5148514851485149,40.455824167464016,8486.8497940236,54.83768938197363,72.07010645672503,75.53266357196476,8494.54431084672,8809.214630592647,8906.29337992345,5.82513778914074,2.0953711192987026,1.1301033389950512,8486.8497940236,359.38201760193965,2440330.6300431527,0.0034777458798169185,1397,0.0253787682080139,-1.445965571882522,1.4440828042107998,-4095.9999999999995,4090.666666666666,C:\Users\kimeu\Downloads\starlink_pathB_wsl_package_v0_3_clean\starlink_pathB\paper_final_experiment_check\outputs\random1200_null_random1200_seed2\82_0_lst064_stress_frozen_polybeam_khz_comb_S1000_multi.npz,9.10175923472585,9444.443085672718,1.7798436919007438e-05,140609741.2109375,False,False,False,False,False,False,False,False,False,False,False,False
82_0,81.33403506806889,mid,stress,64,2461041.9444444445,2461041.951267397,full_polybeam,smooth,30.0,single,coherent_ab,2,3,1,56246,87.493,0.6134387600806451,0.0002588706478842,0.2812107439459313,0,2,2,2,0.0,0.2812107439459313,0.0,0.9963509766045548,0.0002588706478842,1086.298297023242,1.1680491193396858,1.1680491193396858,0.001964976765426703,False,20271481,100,-0.9665402069886819,0.3284694458858823,0.900990099009901,0.36633663366336633,0.10219918182519905,18.664231967872936,0.11903727240314765,0.15482083885112843,0.1590391093479593,18.641519807951955,18.73084914097914,18.73521992050391,0.011750299076993542,0.8139119721223289,0.763431763647551,18.664231967872936,-0.40225362144495824,2440330.6300431527,7.648239028800329e-06,1397,0.0253787682080139,-1.445965571882522,1.4440828042107998,-4095.9999999999995,4090.666666666666,C:\Users\kimeu\Downloads\starlink_pathB_wsl_package_v0_3_clean\starlink_pathB\paper_final_experiment_check\outputs\random1200_null_random1200_seed2\82_0_lst064_stress_full_polybeam_smooth_S30_single.npz,9.10175923472585,9444.443085672718,1.7798436919007438e-05,140609741.2109375,False,False,False,False,False,False,False,False,False,False,False,False
82_0,81.33403506806889,mid,stress,64,2461041.9444444445,2461041.951267397,full_polybeam,smooth,30.0,multi,coherent_ab,2,3,3,56246;52554;57902,87.493;76.305;71.603,0.6134387600806451,0.0002588706478842,0.2812107439459313,0,2,2,2,0.0,0.2812107439459313,0.0,0.9963509766045548,0.0002588706478842,1086.298297023242,1.3380709683107426,1.1680491193396858,0.0026921117706879584,False,20271498,100,-2.4262513225091937,0.5034597728125514,0.900990099009901,0.3465346534653465,2.603973651832348,471.27258123788874,4.533241727473069,6.58464091940341,6.672120759664541,456.4336423090421,500.9667779148274,506.76563033925095,0.5363308728574339,1.9310081327211244,0.9211122219331725,471.27258123788874,-224.52285684743396,2440330.6300431527,0.0001931183321784373,1397,0.0253787682080139,-1.445965571882522,1.4440828042107998,-4095.9999999999995,4090.666666666666,C:\Users\kimeu\Downloads\starlink_pathB_wsl_package_v0_3_clean\starlink_pathB\paper_final_experiment_check\outputs\random1200_null_random1200_seed2\82_0_lst064_stress_full_polybeam_smooth_S30_multi.npz,9.10175923472585,9444.443085672718,1.7798436919007438e-05,140609741.2109375,False,False,False,False,False,False,False,False,False,False,False,False
82_0,81.33403506806889,mid,stress,64,2461041.9444444445,2461041.951267397,full_polybeam,smooth,1000.0,single,coherent_ab,2,3,1,56246,87.493,0.6134387600806451,0.0002588706478842,0.2812107439459313,0,2,2,2,0.0,0.2812107439459313,0.0,0.9963509766045548,0.0002588706478842,1086.298297023242,38.93497064465619,38.93497064465619,0.06549922551422344,False,20271515,100,-1.3279375732680607,0.3453518544086517,0.9603960396039604,0.3465346534653465,3.4085713839594973,622.1043413352003,4.152876870083219,5.272739933435105,5.315354281498858,621.3958299229548,623.9006833176373,624.522238986985,0.37805028091997883,1.2573716252443037,1.1417927364009886,622.1043413352003,-12.74841853652149,2440330.6300431527,0.0002549262520727364,1397,0.0253787682080139,-1.445965571882522,1.4440828042107998,-4095.9999999999995,4090.666666666666,C:\Users\kimeu\Downloads\starlink_pathB_wsl_package_v0_3_clean\starlink_pathB\paper_final_experiment_check\outputs\random1200_null_random1200_seed2\82_0_lst064_stress_full_polybeam_smooth_S1000_single.npz,9.10175923472585,9444.443085672718,1.7798436919007438e-05,140609741.2109375,False,False,False,False,False,False,False,False,False,False,False,False
82_0,81.33403506806889,mid,stress,64,2461041.9444444445,2461041.951267397,full_polybeam,smooth,1000.0,multi,coherent_ab,2,3,3,56246;52554;57902,87.493;76.305;71.603,0.6134387600806451,0.0002588706478842,0.2812107439459313,0,2,2,2,0.0,0.2812107439459313,0.0,0.9963509766045548,0.0002588706478842,1086.298297023242,44.602365610358085,38.93497064465619,0.08973705902293194,False,20271532,100,-2.4907352673783354,0.09936530350207512,0.9504950495049505,0.48514851485148514,87.8603208793611,15649.127637406873,152.15376671718695,214.88988023111241,218.26573328501502,15515.450021963741,16775.351430545295,16951.456678820672,17.410656074327562,1.7302741775033292,1.0851655306016696,15649.127637406873,-7384.364075298052,2440330.6300431527,0.006412707952254054,1397,0.0253787682080139,-1.445965571882522,1.4440828042107998,-4095.9999999999995,4090.666666666666,C:\Users\kimeu\Downloads\starlink_pathB_wsl_package_v0_3_clean\starlink_pathB\paper_final_experiment_check\outputs\random1200_null_random1200_seed2\82_0_lst064_stress_full_polybeam_smooth_S1000_multi.npz,9.10175923472585,9444.443085672718,1.7798436919007438e-05,140609741.2109375,False,False,False,False,False,False,False,False,False,False,False,False
82_0,81.33403506806889,mid,stress,64,2461041.9444444445,2461041.951267397,full_polybeam,lines,30.0,single,coherent_ab,2,3,1,56246,87.493,0.6134387600806451,0.0002588706478842,0.2812107439459313,0,2,2,2,0.0,0.2812107439459313,0.0,0.9963509766045548,0.0002588706478842,1086.298297023242,1.167978804464365,1.167978804464365,0.0019672388577621864,False,20271549,100,-1.3837753922834937,0.6493113885865751,0.900990099009901,0.2376237623762376,0.10274826099703205,18.671147079822298,0.12491291117567016,0.15414844153347076,0.15738802893885806,18.6195115475128,18.69953575480581,18.736520728073778,0.010803669306369557,1.0802335781558634,1.038737721504285,18.671147079822298,-0.3972659282428578,2440330.6300431527,7.651072707099584e-06,1397,0.0253787682080139,-1.445965571882522,1.4440828042107998,-4095.9999999999995,4090.666666666666,C:\Users\kimeu\Downloads\starlink_pathB_wsl_package_v0_3_clean\starlink_pathB\paper_final_experiment_check\outputs\random1200_null_random1200_seed2\82_0_lst064_stress_full_polybeam_lines_S30_single.npz,9.10175923472585,9444.443085672718,1.7798436919007438e-05,140609741.2109375,False,False,False,False,False,False,False,False,False,False,False,False
82_0,81.33403506806889,mid,stress,64,2461041.9444444445,2461041.951267397,full_polybeam,lines,30.0,multi,coherent_ab,2,3,3,56246;52554;57902,87.493;76.305;71.603,0.6134387600806451,0.0002588706478842,0.2812107439459313,0,2,2,2,0.0,0.2812107439459313,0.0,0.9963509766045548,0.0002588706478842,1086.298297023242,1.3379829255726776,1.167978804464365,0.0026949980473064115,False,20271566,100,-2.5595869442143044,0.5354295950277708,0.9306930693069307,0.33663366336633666,2.5892669802051387,471.07166153009706,4.524277450216687,6.497449767845137,6.585964169109375,455.83182920783827,505.8760908650874,507.73551124490604,0.5099051956267431,2.4145122212219126,1.0773327241174564,471.07166153009706,-224.45339049037534,2440330.6300431527,0.00019303599919235823,1397,0.0253787682080139,-1.445965571882522,1.4440828042107998,-4095.9999999999995,4090.666666666666,C:\Users\kimeu\Downloads\starlink_pathB_wsl_package_v0_3_clean\starlink_pathB\paper_final_experiment_check\outputs\random1200_null_random1200_seed2\82_0_lst064_stress_full_polybeam_lines_S30_multi.npz,9.10175923472585,9444.443085672718,1.7798436919007438e-05,140609741.2109375,False,False,False,False,False,False,False,False,False,False,False,False
82_0,81.33403506806889,mid,stress,64,2461041.9444444445,2461041.951267397,full_polybeam,lines,1000.0,single,coherent_ab,2,3,1,56246,87.493,0.6134387600806451,0.0002588706478842,0.2812107439459313,0,2,2,2,0.0,0.2812107439459313,0.0,0.9963509766045548,0.0002588706478842,1086.298297023242,38.93262681547883,38.93262681547883,0.06557462859207287,False,20271583,100,-1.1535895817494428,0.47986774062667187,0.9207920792079208,0.27722772277227725,3.4268699845033552,622.3335869215599,4.2623786865588045,5.230821420762004,5.292735393533494,621.4180755229413,624.03498909477,624.8067612901899,0.48851247264565245,1.117025020121188,1.0662778298407507,622.3335869215599,-12.582450845943676,2440330.6300431527,0.000255020192452592,1397,0.0253787682080139,-1.445965571882522,1.4440828042107998,-4095.9999999999995,4090.666666666666,C:\Users\kimeu\Downloads\starlink_pathB_wsl_package_v0_3_clean\starlink_pathB\paper_final_experiment_check\outputs\random1200_null_random1200_seed2\82_0_lst064_stress_full_polybeam_lines_S1000_single.npz,9.10175923472585,9444.443085672718,1.7798436919007438e-05,140609741.2109375,False,False,False,False,False,False,False,False,False,False,False,False
82_0,81.33403506806889,mid,stress,64,2461041.9444444445,2461041.951267397,full_polybeam,lines,1000.0,multi,coherent_ab,2,3,3,56246;52554;57902,87.493;76.305;71.603,0.6134387600806451,0.0002588706478842,0.2812107439459313,0,2,2,2,0.0,0.2812107439459313,0.0,0.9963509766045548,0.0002588706478842,1086.298297023242,44.59943085242257,38.93262681547883,0.08983326824354704,False,20271600,100,-1.9598351265914502,0.18914847552683553,0.9207920792079208,0.42574257425742573,87.37988829304231,15643.839422465371,158.8147303185924,212.49280094732512,216.86515272422642,15424.062511330656,16763.25906035154,16852.18380718876,24.58479297424492,2.1670946674723512,1.191412667611831,15643.839422465371,-7382.061077160573,2440330.6300431527,0.006410540944686966,1397,0.0253787682080139,-1.445965571882522,1.4440828042107998,-4095.9999999999995,4090.666666666666,C:\Users\kimeu\Downloads\starlink_pathB_wsl_package_v0_3_clean\starlink_pathB\paper_final_experiment_check\outputs\random1200_null_random1200_seed2\82_0_lst064_stress_full_polybeam_lines_S1000_multi.npz,9.10175923472585,9444.443085672718,1.7798436919007438e-05,140609741.2109375,False,False,False,False,False,False,False,False,False,False,False,False
82_0,81.33403506806889,mid,stress,64,2461041.9444444445,2461041.951267397,full_polybeam,khz_comb,30.0,single,coherent_ab,2,3,1,56246,87.493,0.6134387600806451,0.0002588706478842,0.2812107439459313,0,2,2,2,0.0,0.2812107439459313,0.0,0.9963509766045548,0.0002588706478842,1086.298297023242,0.9612212104619612,0.9612212104619612,0.0017371889714392931,False,20271617,100,-1.3812171348695759,1.205203064738548,0.8712871287128713,0.22772277227722773,0.1149211831343564,18.90745518856167,0.13774345169713342,0.16418221375579378,0.16448473397605085,18.838506672657942,18.97387413465806,19.007137637347153,0.011144814864564978,1.2602380840679286,1.1576868122611699,18.90745518856167,-0.301978824836483,2440330.6300431527,7.74790717118005e-06,1397,0.0253787682080139,-1.445965571882522,1.4440828042107998,-4095.9999999999995,4090.666666666666,C:\Users\kimeu\Downloads\starlink_pathB_wsl_package_v0_3_clean\starlink_pathB\paper_final_experiment_check\outputs\random1200_null_random1200_seed2\82_0_lst064_stress_full_polybeam_khz_comb_S30_single.npz,9.10175923472585,9444.443085672718,1.7798436919007438e-05,140609741.2109375,False,False,False,False,False,False,False,False,False,False,False,False
82_0,81.33403506806889,mid,stress,64,2461041.9444444445,2461041.951267397,full_polybeam,khz_comb,30.0,multi,coherent_ab,2,3,3,56246;52554;57902,87.493;76.305;71.603,0.6134387600806451,0.0002588706478842,0.2812107439459313,0,2,2,2,0.0,0.2812107439459313,0.0,0.9963509766045548,0.0002588706478842,1086.298297023242,1.1011309129759503,0.9612212104619612,0.002369057187698439,False,20271634,100,-2.222189515329688,0.628302795608023,0.9504950495049505,0.33663366336633666,2.1514116448233835,404.3908718831317,3.7388323339041563,5.637320357744921,5.715984201679403,389.49794802482245,428.2678828707219,431.5255898129632,0.48182235529452555,1.9182609330557958,1.292329969280915,404.3908718831317,-183.56534359703628,2440330.6300431527,0.0001657115092949437,1397,0.0253787682080139,-1.445965571882522,1.4440828042107998,-4095.9999999999995,4090.666666666666,C:\Users\kimeu\Downloads\starlink_pathB_wsl_package_v0_3_clean\starlink_pathB\paper_final_experiment_check\outputs\random1200_null_random1200_seed2\82_0_lst064_stress_full_polybeam_khz_comb_S30_multi.npz,9.10175923472585,9444.443085672718,1.7798436919007438e-05,140609741.2109375,False,False,False,False,False,False,False,False,False,False,False,False
82_0,81.33403506806889,mid,stress,64,2461041.9444444445,2461041.951267397,full_polybeam,khz_comb,1000.0,single,coherent_ab,2,3,1,56246,87.493,0.6134387600806451,0.0002588706478842,0.2812107439459313,0,2,2,2,0.0,0.2812107439459313,0.0,0.9963509766045548,0.0002588706478842,1086.298297023242,32.0407070153987,32.0407070153987,0.05790629904797642,False,20271651,100,-1.0009514382174352,0.8614508969941213,0.8415841584158416,0.2871287128712871,3.8329180449218256,630.2023403347514,4.464997371119807,5.4435243550111405,5.485500017440191,628.2484665550955,632.875048819569,633.6648500662934,0.4259264221009289,1.116881903977096,1.0263769833960523,630.2023403347514,-9.391439972457173,2440330.6300431527,0.0002582446544645499,1397,0.0253787682080139,-1.445965571882522,1.4440828042107998,-4095.9999999999995,4090.666666666666,C:\Users\kimeu\Downloads\starlink_pathB_wsl_package_v0_3_clean\starlink_pathB\paper_final_experiment_check\outputs\random1200_null_random1200_seed2\82_0_lst064_stress_full_polybeam_khz_comb_S1000_single.npz,9.10175923472585,9444.443085672718,1.7798436919007438e-05,140609741.2109375,False,False,False,False,False,False,False,False,False,False,False,False
82_0,81.33403506806889,mid,stress,64,2461041.9444444445,2461041.951267397,full_polybeam,khz_comb,1000.0,multi,coherent_ab,2,3,3,56246;52554;57902,87.493;76.305;71.603,0.6134387600806451,0.0002588706478842,0.2812107439459313,0,2,2,2,0.0,0.2812107439459313,0.0,0.9963509766045548,0.0002588706478842,1086.298297023242,36.704363765865004,32.0407070153987,0.0789685729232813,False,20271668,100,-2.252055726114594,0.05785201129561239,0.9405940594059405,0.48514851485148514,72.31266147951828,13453.05808001251,128.00093469002059,181.17581051385758,188.75381115786217,13400.736835269061,14286.85658829825,14406.44039164598,16.678639545254555,2.1693476685551234,1.3918233265319129,13453.05808001251,-6097.833890153708,2440330.6300431527,0.005512801386168979,1397,0.0253787682080139,-1.445965571882522,1.4440828042107998,-4095.9999999999995,4090.666666666666,C:\Users\kimeu\Downloads\starlink_pathB_wsl_package_v0_3_clean\starlink_pathB\paper_final_experiment_check\outputs\random1200_null_random1200_seed2\82_0_lst064_stress_full_polybeam_khz_comb_S1000_multi.npz,9.10175923472585,9444.443085672718,1.7798436919007438e-05,140609741.2109375,False,False,False,False,False,False,False,False,False,False,False,False
