baseline_id,baseline_length_m,baseline_class,lst_stratum,lst_bin_id,lst_start,lst_end,beam_model,morphology,flux_jy,multiplicity,injection_mode,n_sat_visible,n_sat_ranked_visible,n_injected,selected_norad_ids,selected_peak_alts_deg,flag_fraction,pre_risk_score,metadata_beam_weighted_sat_exposure,metadata_n_sat_visible_center,metadata_n_sat_visible_any_bin,metadata_n_sat_visible_peak_bin,metadata_n_sat_peak_visible,metadata_beam_weighted_sat_exposure_center,metadata_beam_weighted_sat_exposure_bin_mean,metadata_max_sat_beam_response_center,metadata_max_sat_beam_response_bin,metadata_pre_risk_score_bin,metadata_null_mad_win_proxy,sat_peak_abs_jy_sum,sat_peak_abs_jy_max,sat_mean_abs_jy_sum,zero_coupling,seed,n_null,Z_PS_max,Z_PS_abs_integrated,PTE_global_max,PTE_global_absint,obs_max_bias,obs_abs_integrated,null_max_bias_p50,null_max_bias_p95,null_max_bias_p99,null_abs_integrated_p50,null_abs_integrated_p95,null_abs_integrated_p99,null_mad_win,Z_PS_bin_max,Z_PS_bin_p95,window_abs_bias_sum,window_signed_bias_sum,window_bg_abs_sum,relative_abs_bias,n_window_bins,kperp,kpar_min_window,kpar_max_window,tau_ns_min_window,tau_ns_max_window,null_global_stats_path,z_eff,X_mpc,Y_mpc_per_hz,nu_eff_hz,PS_gt_2,PS_gt_3,flag_exploratory,candidate_statistical,candidate_floor_1em08,candidate_floor_1em07,candidate_floor_1em06,candidate_floor_1em05,candidate_floor_1em04,candidate_floor_1em03,candidate_floor_1em02,candidate_floor_1em01
0_1,14.60794900739243,short,typical,44,2461041.8055555555,2461041.8123785085,full_polybeam,smooth,1000.0,multi,coherent_ab,3,33,12,57722;57722;55172;55172;55550;55550;44436;44436;58038;45454;45454;55537,86.861;86.861;84.716;84.716;84.082;84.082;81.894;81.894;81.335;80.006;80.006;79.784,0.1653330813172043,2.560265055874456e-08,0.2419547912000571,0,3,3,3,0.0,0.2419547912000571,0.0,0.7241364102878726,2.560265055874456e-08,9450380.56293815,936.5557632529308,183.49808124290905,2.8917739114513146,False,20261992,100,3.339902220957026,2.311001184456618,0.0198019801980198,0.0198019801980198,648971.3106372315,11829535.537760807,232443.7434895303,492582.2222597354,611940.4468689618,6009884.543424262,9593250.087170277,11310781.770712944,84117.43114679834,6.857477481850278,3.2126481704711227,11829535.537760807,10166160.141130902,63167455.77674818,0.1872726294307271,1481,0.0045581379497873,-1.445965571882522,1.4440828042107998,-4096.0,4090.666666666666,C:\Users\kimeu\Downloads\starlink_pathB_wsl_package_v0_3_clean\starlink_pathB\paper_final_experiment_check\coverage_null_global_stats_fourflux\0_1_lst044_typical_full_polybeam_smooth_S1000_multi.npz,9.10175923472585,9444.443085672718,1.7798436919007438e-05,140609741.2109375,True,True,True,False,False,False,False,False,False,False,False,False
0_1,14.60794900739243,short,typical,44,2461041.8055555555,2461041.8123785085,full_polybeam,lines,1000.0,multi,coherent_ab,3,33,12,57722;57722;55172;55172;55550;55550;44436;44436;58038;45454;45454;55537,86.861;86.861;84.716;84.716;84.082;84.082;81.894;81.894;81.335;80.006;80.006;79.784,0.1653330813172043,2.560265055874456e-08,0.2419547912000571,0,3,3,3,0.0,0.2419547912000571,0.0,0.7241364102878726,2.560265055874456e-08,9450380.56293815,936.526618370758,183.4928737932485,2.894706362453149,False,20262128,100,3.7790244647379736,2.45081815382265,0.0396039603960396,0.0198019801980198,649960.9362312495,11825236.355559971,222771.79013472848,635101.1711784988,690596.0530767556,6178400.758119181,10778123.611122856,11301184.974020598,76245.90268715794,6.611109186035151,2.8997806712095278,11825236.355559971,10160010.635668883,63167455.77674818,0.1872045693490289,1481,0.0045581379497873,-1.445965571882522,1.4440828042107998,-4096.0,4090.666666666666,C:\Users\kimeu\Downloads\starlink_pathB_wsl_package_v0_3_clean\starlink_pathB\paper_final_experiment_check\coverage_null_global_stats_fourflux\0_1_lst044_typical_full_polybeam_lines_S1000_multi.npz,9.10175923472585,9444.443085672718,1.7798436919007438e-05,140609741.2109375,True,True,True,False,False,False,False,False,False,False,False,False
0_1,14.60794900739243,short,stress,0,2461041.5,2461041.506822953,frozen_polybeam,smooth,30.0,multi,coherent_ab,4,10,10,58881;58881;46696;46696;48029;48029;54100;54100;58069;58069,88.065;88.065;86.822;86.617;85.104;85.104;83.508;83.508;77.989;77.989,0.2350680443548387,1.9557868561271567e-06,0.5502745938468236,1,4,4,4,0.3308758856684498,0.5502745938468236,0.3308758856684498,0.7280464634021924,1.9557868561271567e-06,281357.1387510374,59.09811994363079,12.785545576725942,0.0894794958434224,False,20262288,100,0.7192937484115736,2.176477712393099,0.2574257425742574,0.0198019801980198,20380.52799975127,1336827.8562389016,14675.16859276872,31454.65985648437,35705.12664616232,802320.5461333783,1232565.858642595,1280969.459386882,5349.986994883046,3.4324163255202778,2.0869302315355798,1336827.8562389016,-578626.7284096198,1106626167.551434,0.0012080211867724,1481,0.0045581379497873,-1.445965571882522,1.4440828042107998,-4096.0,4090.666666666666,C:\Users\kimeu\Downloads\starlink_pathB_wsl_package_v0_3_clean\starlink_pathB\paper_final_experiment_check\coverage_null_global_stats_fourflux\0_1_lst000_stress_frozen_polybeam_smooth_S30_multi.npz,9.10175923472585,9444.443085672718,1.7798436919007438e-05,140609741.2109375,False,False,False,False,False,False,False,False,False,False,False,False
0_1,14.60794900739243,short,stress,0,2461041.5,2461041.506822953,frozen_polybeam,smooth,300.0,multi,coherent_ab,4,10,10,58881;58881;46696;46696;48029;48029;54100;54100;58069;58069,88.065;88.065;86.822;86.617;85.104;85.104;83.508;83.508;77.989;77.989,0.2350680443548387,1.9557868561271567e-06,0.5502745938468236,1,4,4,4,0.3308758856684498,0.5502745938468236,0.3308758856684498,0.7280464634021924,1.9557868561271567e-06,281357.1387510374,590.9811994363079,127.8554557672594,0.8947949584342244,False,20262322,100,0.9411995543385462,2.2848954722002763,0.2376237623762376,0.0099009900990099,195465.3681292348,13711331.206792738,126930.39979365189,281420.9393480219,404184.7153403954,7626956.170631086,11611340.844805831,13090798.608118117,49114.13592397887,3.589143061121304,2.4003012975332587,13711331.206792738,-6400729.149319129,1106626167.551434,0.0123902105415878,1481,0.0045581379497873,-1.445965571882522,1.4440828042107998,-4096.0,4090.666666666666,C:\Users\kimeu\Downloads\starlink_pathB_wsl_package_v0_3_clean\starlink_pathB\paper_final_experiment_check\coverage_null_global_stats_fourflux\0_1_lst000_stress_frozen_polybeam_smooth_S300_multi.npz,9.10175923472585,9444.443085672718,1.7798436919007438e-05,140609741.2109375,False,False,False,False,False,False,False,False,False,False,False,False
0_1,14.60794900739243,short,stress,0,2461041.5,2461041.506822953,frozen_polybeam,smooth,1000.0,multi,coherent_ab,4,10,10,58881;58881;46696;46696;48029;48029;54100;54100;58069;58069,88.065;88.065;86.822;86.617;85.104;85.104;83.508;83.508;77.989;77.989,0.2350680443548387,1.9557868561271567e-06,0.5502745938468236,1,4,4,4,0.3308758856684498,0.5502745938468236,0.3308758856684498,0.7280464634021924,1.9557868561271567e-06,281357.1387510374,1969.9373314543595,426.18485255753137,2.982649861447416,False,20262356,100,0.8850688752790741,1.935177787971941,0.2178217821782178,0.0297029702970297,579477.9146550484,49409355.98710118,379531.9137131861,807425.042587695,928946.8717508446,27531940.64093357,42354508.83795187,50283118.194276966,152374.2770720087,3.4015470177479807,2.122248889167809,49409355.98710118,-26645928.0984225,1106626167.551434,0.0446486423653132,1481,0.0045581379497873,-1.445965571882522,1.4440828042107998,-4096.0,4090.666666666666,C:\Users\kimeu\Downloads\starlink_pathB_wsl_package_v0_3_clean\starlink_pathB\paper_final_experiment_check\coverage_null_global_stats_fourflux\0_1_lst000_stress_frozen_polybeam_smooth_S1000_multi.npz,9.10175923472585,9444.443085672718,1.7798436919007438e-05,140609741.2109375,False,False,False,False,False,False,False,False,False,False,False,False
0_1,14.60794900739243,short,stress,0,2461041.5,2461041.506822953,frozen_polybeam,lines,30.0,multi,coherent_ab,4,10,10,58881;58881;46696;46696;48029;48029;54100;54100;58069;58069,88.065;88.065;86.822;86.617;85.104;85.104;83.508;83.508;77.989;77.989,0.2350680443548387,1.9557868561271567e-06,0.5502745938468236,1,4,4,4,0.3308758856684498,0.5502745938468236,0.3308758856684498,0.7280464634021924,1.9557868561271567e-06,281357.1387510374,59.09716816107211,12.785349916509402,0.089580450078984,False,20262424,100,0.8051351288055082,1.8240292686814363,0.2673267326732673,0.0099009900990099,20395.288302551955,1336306.2236106603,13124.420265692286,33249.063176306336,38111.806100958485,807928.3322116493,1204228.3533028185,1249581.6070221616,6091.068602995016,4.062220328686204,2.271917839416639,1336306.2236106603,-578332.4554081021,1106626167.551434,0.0012075498147377,1481,0.0045581379497873,-1.445965571882522,1.4440828042107998,-4096.0,4090.666666666666,C:\Users\kimeu\Downloads\starlink_pathB_wsl_package_v0_3_clean\starlink_pathB\paper_final_experiment_check\coverage_null_global_stats_fourflux\0_1_lst000_stress_frozen_polybeam_lines_S30_multi.npz,9.10175923472585,9444.443085672718,1.7798436919007438e-05,140609741.2109375,False,False,False,False,False,False,False,False,False,False,False,False
0_1,14.60794900739243,short,stress,0,2461041.5,2461041.506822953,frozen_polybeam,lines,300.0,multi,coherent_ab,4,10,10,58881;58881;46696;46696;48029;48029;54100;54100;58069;58069,88.065;88.065;86.822;86.617;85.104;85.104;83.508;83.508;77.989;77.989,0.2350680443548387,1.9557868561271567e-06,0.5502745938468236,1,4,4,4,0.3308758856684498,0.5502745938468236,0.3308758856684498,0.7280464634021924,1.9557868561271567e-06,281357.1387510374,590.9716816107211,127.85349916509402,0.8958045007898401,False,20262458,100,0.8832691023106372,2.201197024528108,0.2574257425742574,0.0099009900990099,195660.21402017027,13709137.381070193,130426.9138674112,304341.5072514061,330890.36974023096,8071562.1161194,12209489.366549654,13111536.360663831,49814.1031403644,3.5777751510750484,2.0134865843787204,13709137.381070193,-6397628.483292514,1106626167.551434,0.0123882280963982,1481,0.0045581379497873,-1.445965571882522,1.4440828042107998,-4096.0,4090.666666666666,C:\Users\kimeu\Downloads\starlink_pathB_wsl_package_v0_3_clean\starlink_pathB\paper_final_experiment_check\coverage_null_global_stats_fourflux\0_1_lst000_stress_frozen_polybeam_lines_S300_multi.npz,9.10175923472585,9444.443085672718,1.7798436919007438e-05,140609741.2109375,False,False,False,False,False,False,False,False,False,False,False,False
0_1,14.60794900739243,short,stress,0,2461041.5,2461041.506822953,frozen_polybeam,lines,1000.0,multi,coherent_ab,4,10,10,58881;58881;46696;46696;48029;48029;54100;54100;58069;58069,88.065;88.065;86.822;86.617;85.104;85.104;83.508;83.508;77.989;77.989,0.2350680443548387,1.9557868561271567e-06,0.5502745938468236,1,4,4,4,0.3308758856684498,0.5502745938468236,0.3308758856684498,0.7280464634021924,1.9557868561271567e-06,281357.1387510374,1969.9056053690704,426.1783305503134,2.9860150026328003,False,20262492,100,0.6851401819830465,2.4182785373131988,0.2574257425742574,0.0099009900990099,580535.6726134978,49402369.88731744,422993.1453824062,828155.2831705995,933103.799862782,28564297.144023933,42622059.35103966,45168396.88635978,155093.7773557566,4.066476302803979,2.064387611476202,49402369.88731744,-26634227.66589006,1106626167.551434,0.0446423293935178,1481,0.0045581379497873,-1.445965571882522,1.4440828042107998,-4096.0,4090.666666666666,C:\Users\kimeu\Downloads\starlink_pathB_wsl_package_v0_3_clean\starlink_pathB\paper_final_experiment_check\coverage_null_global_stats_fourflux\0_1_lst000_stress_frozen_polybeam_lines_S1000_multi.npz,9.10175923472585,9444.443085672718,1.7798436919007438e-05,140609741.2109375,False,False,False,False,False,False,False,False,False,False,False,False
0_1,14.60794900739243,short,stress,0,2461041.5,2461041.506822953,frozen_polybeam,khz_comb,30.0,multi,coherent_ab,4,10,10,58881;58881;46696;46696;48029;48029;54100;54100;58069;58069,88.065;88.065;86.822;86.617;85.104;85.104;83.508;83.508;77.989;77.989,0.2350680443548387,1.9557868561271567e-06,0.5502745938468236,1,4,4,4,0.3308758856684498,0.5502745938468236,0.3308758856684498,0.7280464634021924,1.9557868561271567e-06,281357.1387510374,48.635686964123295,10.522065534025586,0.07881341066079,False,20262560,100,0.8672795960617581,2.4056331592704496,0.2376237623762376,0.0099009900990099,19192.92191952467,1184196.3406726315,12276.001126342451,27570.107645293043,30746.92442154577,627036.9629777486,1021365.8983305236,1091729.124999185,5379.348459502682,3.59677747569151,2.4503663234745807,1184196.3406726315,-471499.26726499794,1106626167.551434,0.0010700960951364,1481,0.0045581379497873,-1.445965571882522,1.4440828042107998,-4096.0,4090.666666666666,C:\Users\kimeu\Downloads\starlink_pathB_wsl_package_v0_3_clean\starlink_pathB\paper_final_experiment_check\coverage_null_global_stats_fourflux\0_1_lst000_stress_frozen_polybeam_khz_comb_S30_multi.npz,9.10175923472585,9444.443085672718,1.7798436919007438e-05,140609741.2109375,False,False,False,False,False,False,False,False,False,False,False,False
0_1,14.60794900739243,short,stress,0,2461041.5,2461041.506822953,frozen_polybeam,khz_comb,300.0,multi,coherent_ab,4,10,10,58881;58881;46696;46696;48029;48029;54100;54100;58069;58069,88.065;88.065;86.822;86.617;85.104;85.104;83.508;83.508;77.989;77.989,0.2350680443548387,1.9557868561271567e-06,0.5502745938468236,1,4,4,4,0.3308758856684498,0.5502745938468236,0.3308758856684498,0.7280464634021924,1.9557868561271567e-06,281357.1387510374,486.3568696412328,105.22065534025585,0.7881341066079002,False,20262594,100,1.0108296130891004,2.3868963292504155,0.198019801980198,0.0297029702970297,185014.0459672138,12071239.86420348,114261.77513066214,249921.6824398848,288233.7606247112,6513483.746813871,10925163.05387952,12271321.22864072,47210.48164131399,4.051362370402241,2.1435124766327456,12071239.86420348,-5122024.292712321,1106626167.551434,0.0109081460552417,1481,0.0045581379497873,-1.445965571882522,1.4440828042107998,-4096.0,4090.666666666666,C:\Users\kimeu\Downloads\starlink_pathB_wsl_package_v0_3_clean\starlink_pathB\paper_final_experiment_check\coverage_null_global_stats_fourflux\0_1_lst000_stress_frozen_polybeam_khz_comb_S300_multi.npz,9.10175923472585,9444.443085672718,1.7798436919007438e-05,140609741.2109375,False,False,False,False,False,False,False,False,False,False,False,False
0_1,14.60794900739243,short,stress,0,2461041.5,2461041.506822953,frozen_polybeam,khz_comb,1000.0,multi,coherent_ab,4,10,10,58881;58881;46696;46696;48029;48029;54100;54100;58069;58069,88.065;88.065;86.822;86.617;85.104;85.104;83.508;83.508;77.989;77.989,0.2350680443548387,1.9557868561271567e-06,0.5502745938468236,1,4,4,4,0.3308758856684498,0.5502745938468236,0.3308758856684498,0.7280464634021924,1.9557868561271567e-06,281357.1387510374,1621.189565470776,350.7355178008528,2.627113688693001,False,20262628,100,0.7857444329861093,2.5892379898776987,0.2475247524752475,0.0198019801980198,556952.7302658409,42702943.69658673,375655.0895360466,810622.5641472952,948618.3425614538,22717588.81559025,34939523.41557067,38497261.73754667,155627.6802654937,3.974415595217821,2.4520773950904897,42702943.69658673,-20590971.519455828,1106626167.551434,0.0385884094816526,1481,0.0045581379497873,-1.445965571882522,1.4440828042107998,-4096.0,4090.666666666666,C:\Users\kimeu\Downloads\starlink_pathB_wsl_package_v0_3_clean\starlink_pathB\paper_final_experiment_check\coverage_null_global_stats_fourflux\0_1_lst000_stress_frozen_polybeam_khz_comb_S1000_multi.npz,9.10175923472585,9444.443085672718,1.7798436919007438e-05,140609741.2109375,False,False,False,False,False,False,False,False,False,False,False,False
0_1,14.60794900739243,short,stress,0,2461041.5,2461041.506822953,full_polybeam,smooth,30.0,multi,coherent_ab,4,10,10,58881;58881;46696;46696;48029;48029;54100;54100;58069;58069,88.065;88.065;86.822;86.617;85.104;85.104;83.508;83.508;77.989;77.989,0.2350680443548387,1.9557868561271567e-06,0.5502745938468236,1,4,4,4,0.3308758856684498,0.5502745938468236,0.3308758856684498,0.7280464634021924,1.9557868561271567e-06,281357.1387510374,84.56209118765969,15.311914361011825,0.1312406013849369,False,20262696,100,0.0276938086480899,1.9970335613612016,0.504950495049505,0.0198019801980198,14631.457162797453,1449250.1066315938,14436.735949064603,27439.722359183612,33234.46879407421,944271.69147932,1341284.6532820235,1416769.4876635442,4742.491760732606,3.570025453571254,1.9673290180534144,1449250.1066315938,-588554.4819477807,1106626167.551434,0.001309611275358,1481,0.0045581379497873,-1.445965571882522,1.4440828042107998,-4096.0,4090.666666666666,C:\Users\kimeu\Downloads\starlink_pathB_wsl_package_v0_3_clean\starlink_pathB\paper_final_experiment_check\coverage_null_global_stats_fourflux\0_1_lst000_stress_full_polybeam_smooth_S30_multi.npz,9.10175923472585,9444.443085672718,1.7798436919007438e-05,140609741.2109375,False,False,False,False,False,False,False,False,False,False,False,False
0_1,14.60794900739243,short,stress,0,2461041.5,2461041.506822953,full_polybeam,smooth,300.0,multi,coherent_ab,4,10,10,58881;58881;46696;46696;48029;48029;54100;54100;58069;58069,88.065;88.065;86.822;86.617;85.104;85.104;83.508;83.508;77.989;77.989,0.2350680443548387,1.9557868561271567e-06,0.5502745938468236,1,4,4,4,0.3308758856684498,0.5502745938468236,0.3308758856684498,0.7280464634021924,1.9557868561271567e-06,281357.1387510374,845.6209118765967,153.1191436101182,1.3124060138493694,False,20262730,100,0.6111156942567225,1.941514037142248,0.3168316831683168,0.0198019801980198,131537.3591042608,15614882.582023207,106216.18862060273,199873.9075887066,224014.39759730903,9217143.79156568,13628222.58216302,15269746.190936532,27947.07396793552,3.7716042723475898,2.1213387357394136,15614882.582023207,-8101483.228371439,1106626167.551434,0.0141103500349836,1481,0.0045581379497873,-1.445965571882522,1.4440828042107998,-4096.0,4090.666666666666,C:\Users\kimeu\Downloads\starlink_pathB_wsl_package_v0_3_clean\starlink_pathB\paper_final_experiment_check\coverage_null_global_stats_fourflux\0_1_lst000_stress_full_polybeam_smooth_S300_multi.npz,9.10175923472585,9444.443085672718,1.7798436919007438e-05,140609741.2109375,False,False,False,False,False,False,False,False,False,False,False,False
0_1,14.60794900739243,short,stress,0,2461041.5,2461041.506822953,full_polybeam,lines,30.0,multi,coherent_ab,4,10,10,58881;58881;46696;46696;48029;48029;54100;54100;58069;58069,88.065;88.065;86.822;86.617;85.104;85.104;83.508;83.508;77.989;77.989,0.2350680443548387,1.9557868561271567e-06,0.5502745938468236,1,4,4,4,0.3308758856684498,0.5502745938468236,0.3308758856684498,0.7280464634021924,1.9557868561271567e-06,281357.1387510374,84.55901454713748,15.31147982773114,0.1313705980610212,False,20262832,100,0.2611397725828074,2.612711734097587,0.4257425742574257,0.0198019801980198,14647.55789463222,1448429.6919185277,13154.529555779882,25804.18286607628,29839.84610637756,881642.4082099422,1254099.6467780615,1362060.9533049993,3856.301965160296,3.4028671167573776,2.147046323010362,1448429.6919185277,-588230.4305873592,1106626167.551434,0.0013088699096311,1481,0.0045581379497873,-1.445965571882522,1.4440828042107998,-4096.0,4090.666666666666,C:\Users\kimeu\Downloads\starlink_pathB_wsl_package_v0_3_clean\starlink_pathB\paper_final_experiment_check\coverage_null_global_stats_fourflux\0_1_lst000_stress_full_polybeam_lines_S30_multi.npz,9.10175923472585,9444.443085672718,1.7798436919007438e-05,140609741.2109375,False,False,False,False,False,False,False,False,False,False,False,False
0_1,14.60794900739243,short,stress,0,2461041.5,2461041.506822953,full_polybeam,khz_comb,30.0,multi,coherent_ab,4,10,10,58881;58881;46696;46696;48029;48029;54100;54100;58069;58069,88.065;88.065;86.822;86.617;85.104;85.104;83.508;83.508;77.989;77.989,0.2350680443548387,1.9557868561271567e-06,0.5502745938468236,1,4,4,4,0.3308758856684498,0.5502745938468236,0.3308758856684498,0.7280464634021924,1.9557868561271567e-06,281357.1387510374,69.59023400749555,12.601015632920817,0.1122748509670625,False,20262968,100,0.4593469926097389,2.005226201164738,0.3465346534653465,0.0099009900990099,14143.44314302504,1254915.7533241815,11483.530212573707,21702.13818655489,24382.40431263268,791806.073831256,1099597.4141832413,1144007.075267443,3905.73296759557,3.6833723559059655,2.1787174350808325,1254915.7533241815,-477451.35088879697,1106626167.551434,0.0011340015175141,1481,0.0045581379497873,-1.445965571882522,1.4440828042107998,-4096.0,4090.666666666666,C:\Users\kimeu\Downloads\starlink_pathB_wsl_package_v0_3_clean\starlink_pathB\paper_final_experiment_check\coverage_null_global_stats_fourflux\0_1_lst000_stress_full_polybeam_khz_comb_S30_multi.npz,9.10175923472585,9444.443085672718,1.7798436919007438e-05,140609741.2109375,False,False,False,False,False,False,False,False,False,False,False,False
0_197,160.250312485456,mid,quiet,22,2461041.652777778,2461041.6596007315,frozen_polybeam,lines,1000.0,multi,coherent_ab,3,22,12,56298;56298;56504;56504;54806;54807;54807;49809;49809;45217;45217;56175,87.774;87.774;86.007;86.007;85.495;82.191;82.191;81.972;81.972;81.305;81.305;79.118,0.1653960853494623,3.763898124503042e-08,0.0434769020580605,0,3,3,3,0.0,0.0434769020580605,0.0,0.1229563272443203,3.763898124503042e-08,1155103.0506119488,182.6001399171407,53.81779598109947,0.3417561531058149,False,20263330,100,-0.084866550824881,1.3489413136756343,0.5346534653465347,0.0099009900990099,337.8539039366824,119696.26907527096,347.7765072008972,499.2188318809867,645.6589728313465,81232.45986854503,110505.82692538344,115222.93128310057,78.86150841072026,2.8712884022518224,1.4318527647673822,119696.26907527096,-82098.64995214519,2259634.4707073094,0.0529715184588256,1299,0.0500031202488174,-1.445965571882522,1.4440828042107998,-4096.0,4090.666666666666,C:\Users\kimeu\Downloads\starlink_pathB_wsl_package_v0_3_clean\starlink_pathB\paper_final_experiment_check\coverage_null_global_stats_fourflux\0_197_lst022_quiet_frozen_polybeam_lines_S1000_multi.npz,9.10175923472585,9444.443085672718,1.7798436919007438e-05,140609741.2109375,False,False,False,False,False,False,False,False,False,False,False,False
0_197,160.250312485456,mid,quiet,22,2461041.652777778,2461041.6596007315,frozen_polybeam,khz_comb,1000.0,multi,coherent_ab,3,22,12,56298;56298;56504;56504;54806;54807;54807;49809;49809;45217;45217;56175,87.774;87.774;86.007;86.007;85.495;82.191;82.191;81.972;81.972;81.305;81.305;79.118,0.1653960853494623,3.763898124503042e-08,0.0434769020580605,0,3,3,3,0.0,0.0434769020580605,0.0,0.1229563272443203,3.763898124503042e-08,1155103.0506119488,152.2589345622948,44.29087822451629,0.3073256752767142,False,20263466,100,0.1135484862460017,1.2917859971257335,0.4653465346534653,0.0297029702970297,306.15545616440613,111097.95656519632,289.4037225097941,528.1741909655955,602.362465007963,71418.36080661544,102896.4696699216,111526.48270875524,99.50717908092564,3.267390109024969,1.4536682117006776,111097.95656519632,-75789.71863298045,2259634.4707073094,0.0491663399569314,1299,0.0500031202488174,-1.445965571882522,1.4440828042107998,-4096.0,4090.666666666666,C:\Users\kimeu\Downloads\starlink_pathB_wsl_package_v0_3_clean\starlink_pathB\paper_final_experiment_check\coverage_null_global_stats_fourflux\0_197_lst022_quiet_frozen_polybeam_khz_comb_S1000_multi.npz,9.10175923472585,9444.443085672718,1.7798436919007438e-05,140609741.2109375,False,False,False,False,False,False,False,False,False,False,False,False
0_197,160.250312485456,mid,quiet,22,2461041.652777778,2461041.6596007315,full_polybeam,smooth,1000.0,multi,coherent_ab,3,22,12,56298;56298;56504;56504;54806;54807;54807;49809;49809;45217;45217;56175,87.774;87.774;86.007;86.007;85.495;82.191;82.191;81.972;81.972;81.305;81.305;79.118,0.1653960853494623,3.763898124503042e-08,0.0434769020580605,0,3,3,3,0.0,0.0434769020580605,0.0,0.1229563272443203,3.763898124503042e-08,1155103.0506119488,255.2860971391409,66.53550665353143,0.4675792825690258,False,20263602,100,0.3316995174406228,1.3385139838668052,0.4059405940594059,0.0198019801980198,433.9778908754015,154678.1580831634,379.15771531503424,572.4243677842395,629.0909074449418,93460.72609668427,136478.13585873178,154536.52946245766,111.4734870091313,2.9951141517369555,1.3062722775710056,154678.1580831634,-113831.37929013847,2259634.4707073094,0.0684527343197885,1299,0.0500031202488174,-1.445965571882522,1.4440828042107998,-4096.0,4090.666666666666,C:\Users\kimeu\Downloads\starlink_pathB_wsl_package_v0_3_clean\starlink_pathB\paper_final_experiment_check\coverage_null_global_stats_fourflux\0_197_lst022_quiet_full_polybeam_smooth_S1000_multi.npz,9.10175923472585,9444.443085672718,1.7798436919007438e-05,140609741.2109375,False,False,False,False,False,False,False,False,False,False,False,False
0_197,160.250312485456,mid,quiet,22,2461041.652777778,2461041.6596007315,full_polybeam,lines,1000.0,multi,coherent_ab,3,22,12,56298;56298;56504;56504;54806;54807;54807;49809;49809;45217;45217;56175,87.774;87.774;86.007;86.007;85.495;82.191;82.191;81.972;81.972;81.305;81.305;79.118,0.1653960853494623,3.763898124503042e-08,0.0434769020580605,0,3,3,3,0.0,0.0434769020580605,0.0,0.1229563272443203,3.763898124503042e-08,1155103.0506119488,255.26092311176052,66.53088528185367,0.4678999942468587,False,20263738,100,0.5102688161871674,1.262422046927971,0.3465346534653465,0.0198019801980198,436.5050594427739,154650.1380221885,335.3641703872738,580.4171833797861,652.3580876627585,93984.991734727,145393.67401568283,150143.04789617538,133.69148360451572,3.32205133969544,1.4765606787687626,154650.1380221885,-113727.83959509086,2259634.4707073094,0.0684403340571185,1299,0.0500031202488174,-1.445965571882522,1.4440828042107998,-4096.0,4090.666666666666,C:\Users\kimeu\Downloads\starlink_pathB_wsl_package_v0_3_clean\starlink_pathB\paper_final_experiment_check\coverage_null_global_stats_fourflux\0_197_lst022_quiet_full_polybeam_lines_S1000_multi.npz,9.10175923472585,9444.443085672718,1.7798436919007438e-05,140609741.2109375,False,False,False,False,False,False,False,False,False,False,False,False
0_197,160.250312485456,mid,quiet,22,2461041.652777778,2461041.6596007315,full_polybeam,khz_comb,1000.0,multi,coherent_ab,3,22,12,56298;56298;56504;56504;54806;54807;54807;49809;49809;45217;45217;56175,87.774;87.774;86.007;86.007;85.495;82.191;82.191;81.972;81.972;81.305;81.305;79.118,0.1653960853494623,3.763898124503042e-08,0.0434769020580605,0,3,3,3,0.0,0.0434769020580605,0.0,0.1229563272443203,3.763898124503042e-08,1155103.0506119488,210.07420045575844,54.75347483985992,0.4067246817232443,False,20263874,100,0.0467550362985947,1.575590205287999,0.4752475247524752,0.0198019801980198,351.2435838686333,130459.2347776983,344.13224249337145,512.8693140095444,547.7219244703031,81426.85736665501,122572.5235009483,127697.01227287024,102.58860702118363,3.0060426123100177,1.4528168438741111,130459.2347776983,-91358.15524347572,2259634.4707073094,0.0577346630478964,1299,0.0500031202488174,-1.445965571882522,1.4440828042107998,-4096.0,4090.666666666666,C:\Users\kimeu\Downloads\starlink_pathB_wsl_package_v0_3_clean\starlink_pathB\paper_final_experiment_check\coverage_null_global_stats_fourflux\0_197_lst022_quiet_full_polybeam_khz_comb_S1000_multi.npz,9.10175923472585,9444.443085672718,1.7798436919007438e-05,140609741.2109375,False,False,False,False,False,False,False,False,False,False,False,False
0_197,160.250312485456,mid,typical,36,2461041.75,2461041.756822953,full_polybeam,smooth,30.0,multi,coherent_ab,4,38,12,53543;59506;59506;59938;59938;54550;54550;44436;44436;49397;49397;56746,88.557;87.418;87.418;86.813;86.813;86.794;86.794;85.894;85.894;85.351;85.351;84.166,0.1655535954301075,3.3613473915769145e-07,0.3212071455869001,0,4,4,4,0.0,0.3212071455869001,0.0,0.5491919590577511,3.3613473915769145e-07,955590.4468303458,7.1444066274336215,1.1390739584851046,0.0100376341220501,False,20264364,100,0.4732514183574313,1.3737201403445725,0.3069306930693069,0.0297029702970297,22.499137068367418,4970.645790269976,19.50786739562534,30.837543235394534,34.40662143172635,3785.606215477929,4839.348194797113,5090.55806996034,4.263238682664223,3.01715383564773,1.9073986512098844,4970.645790269976,-171.47975062045035,3926871.542116501,0.0012658030029652,1299,0.0500031202488174,-1.445965571882522,1.4440828042107998,-4096.0,4090.666666666666,C:\Users\kimeu\Downloads\starlink_pathB_wsl_package_v0_3_clean\starlink_pathB\paper_final_experiment_check\coverage_null_global_stats_fourflux\0_197_lst036_typical_full_polybeam_smooth_S30_multi.npz,9.10175923472585,9444.443085672718,1.7798436919007438e-05,140609741.2109375,False,False,False,False,False,False,False,False,False,False,False,False
0_197,160.250312485456,mid,typical,36,2461041.75,2461041.756822953,full_polybeam,smooth,300.0,multi,coherent_ab,4,38,12,53543;59506;59506;59938;59938;54550;54550;44436;44436;49397;49397;56746,88.557;87.418;87.418;86.813;86.813;86.794;86.794;85.894;85.894;85.351;85.351;84.166,0.1655535954301075,3.3613473915769145e-07,0.3212071455869001,0,4,4,4,0.0,0.3212071455869001,0.0,0.5491919590577511,3.3613473915769145e-07,955590.4468303458,71.44406627433621,11.390739584851044,0.1003763412205018,False,20264398,100,0.1984987848409453,1.4318276000006531,0.4257425742574257,0.0198019801980198,223.0991969080208,49722.21352128221,208.9535834177268,345.6249454846014,378.6387544896263,36608.33795330398,48368.16281724221,49153.04082477147,48.06621659661994,3.563128822460272,2.019286991702121,49722.21352128221,-2216.050166491095,3926871.542116501,0.0126620422868436,1299,0.0500031202488174,-1.445965571882522,1.4440828042107998,-4096.0,4090.666666666666,C:\Users\kimeu\Downloads\starlink_pathB_wsl_package_v0_3_clean\starlink_pathB\paper_final_experiment_check\coverage_null_global_stats_fourflux\0_197_lst036_typical_full_polybeam_smooth_S300_multi.npz,9.10175923472585,9444.443085672718,1.7798436919007438e-05,140609741.2109375,False,False,False,False,False,False,False,False,False,False,False,False
0_197,160.250312485456,mid,typical,36,2461041.75,2461041.756822953,full_polybeam,lines,30.0,multi,coherent_ab,4,38,12,53543;59506;59506;59938;59938;54550;54550;44436;44436;49397;49397;56746,88.557;87.418;87.418;86.813;86.813;86.794;86.794;85.894;85.894;85.351;85.351;84.166,0.1655535954301075,3.3613473915769145e-07,0.3212071455869001,0,4,4,4,0.0,0.3212071455869001,0.0,0.5491919590577511,3.3613473915769145e-07,955590.4468303458,7.143943529958978,1.1390416329683564,0.0100489849226086,False,20264500,100,0.4846709976359929,1.475485972033897,0.3366336633663366,0.0198019801980198,22.93819881213517,4973.888237110699,19.62185595066592,32.21563427729231,34.16219895535118,3777.5197835229214,4681.28098862206,4928.3200353404,4.615177359956533,3.9341418914637902,2.385720075423637,4973.888237110699,-171.09913211070193,3926871.542116501,0.0012666287103524,1299,0.0500031202488174,-1.445965571882522,1.4440828042107998,-4096.0,4090.666666666666,C:\Users\kimeu\Downloads\starlink_pathB_wsl_package_v0_3_clean\starlink_pathB\paper_final_experiment_check\coverage_null_global_stats_fourflux\0_197_lst036_typical_full_polybeam_lines_S30_multi.npz,9.10175923472585,9444.443085672718,1.7798436919007438e-05,140609741.2109375,False,False,False,False,False,False,False,False,False,False,False,False
0_197,160.250312485456,mid,typical,36,2461041.75,2461041.756822953,full_polybeam,lines,300.0,multi,coherent_ab,4,38,12,53543;59506;59506;59938;59938;54550;54550;44436;44436;49397;49397;56746,88.557;87.418;87.418;86.813;86.813;86.794;86.794;85.894;85.894;85.351;85.351;84.166,0.1655535954301075,3.3613473915769145e-07,0.3212071455869001,0,4,4,4,0.0,0.3212071455869001,0.0,0.5491919590577511,3.3613473915769145e-07,955590.4468303458,71.43943529958977,11.39041632968356,0.1004898492260863,False,20264534,100,0.4415352707617107,2.0392205665400582,0.297029702970297,0.0198019801980198,227.44805925581136,49754.20640240042,202.45712092514407,298.42739848336635,360.48821133128695,34409.97729391422,46298.22217541525,49306.74835278243,38.17624115420108,3.86940414836267,2.2556095061543453,49754.20640240042,-2212.178886985783,3926871.542116501,0.0126701894545763,1299,0.0500031202488174,-1.445965571882522,1.4440828042107998,-4096.0,4090.666666666666,C:\Users\kimeu\Downloads\starlink_pathB_wsl_package_v0_3_clean\starlink_pathB\paper_final_experiment_check\coverage_null_global_stats_fourflux\0_197_lst036_typical_full_polybeam_lines_S300_multi.npz,9.10175923472585,9444.443085672718,1.7798436919007438e-05,140609741.2109375,False,False,False,False,False,False,False,False,False,False,False,False
0_197,160.250312485456,mid,stress,0,2461041.5,2461041.506822953,full_polybeam,smooth,1000.0,multi,coherent_ab,4,10,10,58881;58881;46696;46696;48029;48029;54100;54100;58069;58069,88.065;88.065;86.822;86.617;85.104;85.104;83.508;83.508;77.989;77.989,0.2313613071236559,0.0001386146167366,0.5502745938468236,1,4,4,4,0.3308758856684498,0.5502745938468236,0.3308758856684498,0.7280464634021924,0.0001386146167366,3969.816508545893,169.70164831759004,33.11072354634129,0.2149704909953436,False,20265212,100,1.0303341458343225,1.084103551783089,0.1485148514851485,0.0297029702970297,1692.334013747386,211822.95417081256,1085.512908789853,2001.0833523215545,2143.6910906209773,155080.49919856538,204882.1220222121,215893.8755801925,397.2451360600135,4.053477051671498,2.1194256156714126,211822.95417081256,-13653.209951410972,6804380.162039771,0.0311303820666177,1299,0.0500031202488174,-1.445965571882522,1.4440828042107998,-4096.0,4090.666666666666,C:\Users\kimeu\Downloads\starlink_pathB_wsl_package_v0_3_clean\starlink_pathB\paper_final_experiment_check\coverage_null_global_stats_fourflux\0_197_lst000_stress_full_polybeam_smooth_S1000_multi.npz,9.10175923472585,9444.443085672718,1.7798436919007438e-05,140609741.2109375,False,False,False,False,False,False,False,False,False,False,False,False
11_10,153.90399534464717,mid,quiet,16,2461041.611111111,2461041.6179340645,frozen_polybeam,khz_comb,300.0,multi,coherent_ab,2,12,12,54789;52869;52869;58387;46128;44537;54377;54377;54377;54377;58045;58045,86.016;83.672;83.672;79.961;79.673;70.729;70.455;70.455;70.455;70.455;70.439;70.439,0.1708459341397849,1.402136280872614e-07,0.0212303841364464,0,2,2,2,0.0,0.0212303841364464,0.0,0.0519940798441188,1.402136280872614e-07,151414.55524732452,9.844828808826785,4.49105603547475,0.0259897497494171,False,20265874,100,-0.2947338367649503,1.1017487059134965,0.5841584158415841,0.0297029702970297,44.7726696758059,13494.647791160012,48.00671580516666,63.95619989733295,71.52291158501316,11016.686344543928,13339.972744593428,13555.118735374208,7.401030889149297,2.7746007368199623,1.772532955702424,13494.647791160012,1014.2008572066072,3640729.683564343,0.0037065777918311,1305,0.0480228703871655,-1.445965571882522,1.4440828042107998,-4096.0,4090.666666666666,C:\Users\kimeu\Downloads\starlink_pathB_wsl_package_v0_3_clean\starlink_pathB\paper_final_experiment_check\coverage_null_global_stats_fourflux\11_10_lst016_quiet_frozen_polybeam_khz_comb_S300_multi.npz,9.10175923472585,9444.443085672718,1.7798436919007438e-05,140609741.2109375,False,False,False,False,False,False,False,False,False,False,False,False
11_10,153.90399534464717,mid,quiet,16,2461041.611111111,2461041.6179340645,full_polybeam,khz_comb,300.0,multi,coherent_ab,2,12,12,54789;52869;52869;58387;46128;44537;54377;54377;54377;54377;58045;58045,86.016;83.672;83.672;79.961;79.673;70.729;70.455;70.455;70.455;70.455;70.439;70.439,0.1708459341397849,1.402136280872614e-07,0.0212303841364464,0,2,2,2,0.0,0.0212303841364464,0.0,0.0519940798441188,1.402136280872614e-07,151414.55524732452,18.818595275821476,6.685359158419762,0.037367308951999,False,20266282,100,0.4727025913479847,1.163887761024481,0.3069306930693069,0.0297029702970297,58.85126904123945,18315.317059664245,52.93967346570638,77.42232435877622,86.06116083802158,13876.726053874334,18136.01132527795,18362.03305056923,8.435148574263849,3.009229931603669,1.6795807523126625,18315.317059664245,-2446.046270363602,3640729.683564343,0.005030672049712,1305,0.0480228703871655,-1.445965571882522,1.4440828042107998,-4096.0,4090.666666666666,C:\Users\kimeu\Downloads\starlink_pathB_wsl_package_v0_3_clean\starlink_pathB\paper_final_experiment_check\coverage_null_global_stats_fourflux\11_10_lst016_quiet_full_polybeam_khz_comb_S300_multi.npz,9.10175923472585,9444.443085672718,1.7798436919007438e-05,140609741.2109375,False,False,False,False,False,False,False,False,False,False,False,False
11_10,153.90399534464717,mid,quiet,16,2461041.611111111,2461041.6179340645,full_polybeam,khz_comb,1000.0,multi,coherent_ab,2,12,12,54789;52869;52869;58387;46128;44537;54377;54377;54377;54377;58045;58045,86.016;83.672;83.672;79.961;79.673;70.729;70.455;70.455;70.455;70.455;70.439;70.439,0.1708459341397849,1.402136280872614e-07,0.0212303841364464,0,2,2,2,0.0,0.0212303841364464,0.0,0.0519940798441188,1.402136280872614e-07,151414.55524732452,62.72865091940491,22.28453052806588,0.1245576965066634,False,20266316,100,0.3006399733537355,1.3504027776887453,0.3267326732673267,0.0297029702970297,189.13234647265995,62052.64126253067,177.64880113186018,247.93414469606404,260.81104300513675,47769.75928974284,61568.45076727399,62080.4652113699,25.763524164787214,2.5905104817885407,1.732072885830756,62052.64126253067,-14473.071560029975,3640729.683564343,0.0170440122326741,1305,0.0480228703871655,-1.445965571882522,1.4440828042107998,-4096.0,4090.666666666666,C:\Users\kimeu\Downloads\starlink_pathB_wsl_package_v0_3_clean\starlink_pathB\paper_final_experiment_check\coverage_null_global_stats_fourflux\11_10_lst016_quiet_full_polybeam_khz_comb_S1000_multi.npz,9.10175923472585,9444.443085672718,1.7798436919007438e-05,140609741.2109375,False,False,False,False,False,False,False,False,False,False,False,False
157_146,140.36979839670377,mid,typical,46,2461041.8194444445,2461041.826267397,frozen_polybeam,smooth,30.0,multi,coherent_ab,6,45,12,54917;54917;53220;53220;52302;55196;55196;57175;48310;54358;54358;44436,88.061;88.061;87.099;87.098;85.837;85.026;85.026;83.071;82.739;80.284;80.284;79.866,0.1653855846774193,1.874030786702616e-07,0.2357282416768072,0,6,6,6,0.0,0.2357282416768072,0.0,0.4552977482091947,1.874030786702616e-07,1257867.4979591686,40.08383220037329,8.405274699927453,0.0773076796352129,False,20268862,100,2.667443733349361,2.525547149248288,0.0198019801980198,0.0297029702970297,158.81752630810493,24147.73307486734,90.29872690981551,142.7441076147319,149.20267049418,16463.472662220673,22383.907427591843,24354.60953230073,17.325687686220363,3.328188669770788,1.9759054682660255,24147.73307486734,-2799.369285887929,3916710.068483179,0.0061653103376679,1323,0.0437997767347234,-1.445965571882522,1.4440828042107998,-4096.0,4090.666666666666,C:\Users\kimeu\Downloads\starlink_pathB_wsl_package_v0_3_clean\starlink_pathB\paper_final_experiment_check\coverage_null_global_stats_fourflux\157_146_lst046_typical_frozen_polybeam_smooth_S30_multi.npz,9.10175923472585,9444.443085672718,1.7798436919007438e-05,140609741.2109375,True,False,True,False,False,False,False,False,False,False,False,False
157_146,140.36979839670377,mid,typical,46,2461041.8194444445,2461041.826267397,frozen_polybeam,smooth,300.0,multi,coherent_ab,6,45,12,54917;54917;53220;53220;52302;55196;55196;57175;48310;54358;54358;44436,88.061;88.061;87.099;87.098;85.837;85.026;85.026;83.071;82.739;80.284;80.284;79.866,0.1653855846774193,1.874030786702616e-07,0.2357282416768072,0,6,6,6,0.0,0.2357282416768072,0.0,0.4552977482091947,1.874030786702616e-07,1257867.4979591686,400.83832200373286,84.05274699927452,0.773076796352129,False,20268896,100,2.639482867362547,1.529486670392895,0.0198019801980198,0.0297029702970297,1169.9086984875476,382445.2168979867,678.0688799087603,961.8674473728844,1095.1283105646305,236491.8562190872,359380.4580632462,383567.1012645174,125.68424553008116,2.747899196637636,1.5085664023066343,382445.2168979867,-300037.9434350652,3916710.068483179,0.0976445052635963,1323,0.0437997767347234,-1.445965571882522,1.4440828042107998,-4096.0,4090.666666666666,C:\Users\kimeu\Downloads\starlink_pathB_wsl_package_v0_3_clean\starlink_pathB\paper_final_experiment_check\coverage_null_global_stats_fourflux\157_146_lst046_typical_frozen_polybeam_smooth_S300_multi.npz,9.10175923472585,9444.443085672718,1.7798436919007438e-05,140609741.2109375,True,False,True,False,False,False,False,False,False,False,False,False
157_146,140.36979839670377,mid,typical,46,2461041.8194444445,2461041.826267397,frozen_polybeam,smooth,1000.0,multi,coherent_ab,6,45,12,54917;54917;53220;53220;52302;55196;55196;57175;48310;54358;54358;44436,88.061;88.061;87.099;87.098;85.837;85.026;85.026;83.071;82.739;80.284;80.284;79.866,0.1653855846774193,1.874030786702616e-07,0.2357282416768072,0,6,6,6,0.0,0.2357282416768072,0.0,0.4552977482091947,1.874030786702616e-07,1257867.4979591686,1336.127740012443,280.175823330915,2.5769226545070967,False,20268930,100,0.5157319088090166,1.23562908379544,0.297029702970297,0.0099009900990099,1620.5831908399696,3436608.785793764,1392.163940371699,2062.288116533296,2505.9702432911427,2139900.597448992,3081456.282307612,3238061.0838943324,298.7340342838311,3.091693303911741,0.9295318914063824,3436608.785793764,-3351126.174454296,3916710.068483179,0.8774223074225804,1323,0.0437997767347234,-1.445965571882522,1.4440828042107998,-4096.0,4090.666666666666,C:\Users\kimeu\Downloads\starlink_pathB_wsl_package_v0_3_clean\starlink_pathB\paper_final_experiment_check\coverage_null_global_stats_fourflux\157_146_lst046_typical_frozen_polybeam_smooth_S1000_multi.npz,9.10175923472585,9444.443085672718,1.7798436919007438e-05,140609741.2109375,False,False,False,False,False,False,False,False,False,False,False,False
157_146,140.36979839670377,mid,typical,46,2461041.8194444445,2461041.826267397,frozen_polybeam,lines,10.0,multi,coherent_ab,6,45,12,54917;54917;53220;53220;52302;55196;55196;57175;48310;54358;54358;44436,88.061;88.061;87.099;87.098;85.837;85.026;85.026;83.071;82.739;80.284;80.284;79.866,0.1653855846774193,1.874030786702616e-07,0.2357282416768072,0,6,6,6,0.0,0.2357282416768072,0.0,0.4552977482091947,1.874030786702616e-07,1257867.4979591686,13.361113675316776,2.801726964288134,0.0257986806594983,False,20268964,100,2.153773662374686,1.86271648084012,0.0396039603960396,0.0099009900990099,54.33163810645677,7985.309196254993,31.01394139012814,49.13709301575832,63.49760820169332,5456.392661235846,7236.332459113341,7547.840335534197,7.302332293403879,3.717282186783681,2.27478477930738,7985.309196254993,-262.22960965851104,3916710.068483179,0.0020387797556196,1323,0.0437997767347234,-1.445965571882522,1.4440828042107998,-4096.0,4090.666666666666,C:\Users\kimeu\Downloads\starlink_pathB_wsl_package_v0_3_clean\starlink_pathB\paper_final_experiment_check\coverage_null_global_stats_fourflux\157_146_lst046_typical_frozen_polybeam_lines_S10_multi.npz,9.10175923472585,9444.443085672718,1.7798436919007438e-05,140609741.2109375,True,False,True,False,False,False,False,False,False,False,False,False
157_146,140.36979839670377,mid,typical,46,2461041.8194444445,2461041.826267397,frozen_polybeam,lines,30.0,multi,coherent_ab,6,45,12,54917;54917;53220;53220;52302;55196;55196;57175;48310;54358;54358;44436,88.061;88.061;87.099;87.098;85.837;85.026;85.026;83.071;82.739;80.284;80.284;79.866,0.1653855846774193,1.874030786702616e-07,0.2357282416768072,0,6,6,6,0.0,0.2357282416768072,0.0,0.4552977482091947,1.874030786702616e-07,1257867.4979591686,40.083341025950325,8.4051808928644,0.0773960419784949,False,20268998,100,2.434066079069621,1.5716095280174838,0.0297029702970297,0.0198019801980198,159.79555194699614,24145.40698466185,91.58936814073832,137.49731018273712,175.19941955694213,16588.774990057274,22648.55088565676,23356.911037290745,18.90024314133143,3.2172366671550856,2.1191140988519463,24145.40698466185,-2802.211431823834,3916710.068483179,0.0061647164488773,1323,0.0437997767347234,-1.445965571882522,1.4440828042107998,-4096.0,4090.666666666666,C:\Users\kimeu\Downloads\starlink_pathB_wsl_package_v0_3_clean\starlink_pathB\paper_final_experiment_check\coverage_null_global_stats_fourflux\157_146_lst046_typical_frozen_polybeam_lines_S30_multi.npz,9.10175923472585,9444.443085672718,1.7798436919007438e-05,140609741.2109375,True,False,True,False,False,False,False,False,False,False,False,False
157_146,140.36979839670377,mid,typical,46,2461041.8194444445,2461041.826267397,frozen_polybeam,lines,300.0,multi,coherent_ab,6,45,12,54917;54917;53220;53220;52302;55196;55196;57175;48310;54358;54358;44436,88.061;88.061;87.099;87.098;85.837;85.026;85.026;83.071;82.739;80.284;80.284;79.866,0.1653855846774193,1.874030786702616e-07,0.2357282416768072,0,6,6,6,0.0,0.2357282416768072,0.0,0.4552977482091947,1.874030786702616e-07,1257867.4979591686,400.8334102595032,84.051808928644,0.7739604197849498,False,20269032,100,2.278423084123549,1.6788905564036447,0.0396039603960396,0.0297029702970297,1166.0415992009837,382302.74080532166,697.8802367117346,1102.0568764358256,1241.9924060010087,203678.2390610284,362865.4515758105,390007.7561601603,138.59169315098467,2.806230407907911,1.5428855563770667,382302.74080532166,-300117.66570276604,3916710.068483179,0.0976081287919725,1323,0.0437997767347234,-1.445965571882522,1.4440828042107998,-4096.0,4090.666666666666,C:\Users\kimeu\Downloads\starlink_pathB_wsl_package_v0_3_clean\starlink_pathB\paper_final_experiment_check\coverage_null_global_stats_fourflux\157_146_lst046_typical_frozen_polybeam_lines_S300_multi.npz,9.10175923472585,9444.443085672718,1.7798436919007438e-05,140609741.2109375,True,False,True,False,False,False,False,False,False,False,False,False
157_146,140.36979839670377,mid,typical,46,2461041.8194444445,2461041.826267397,frozen_polybeam,lines,1000.0,multi,coherent_ab,6,45,12,54917;54917;53220;53220;52302;55196;55196;57175;48310;54358;54358;44436,88.061;88.061;87.099;87.098;85.837;85.026;85.026;83.071;82.739;80.284;80.284;79.866,0.1653855846774193,1.874030786702616e-07,0.2357282416768072,0,6,6,6,0.0,0.2357282416768072,0.0,0.4552977482091947,1.874030786702616e-07,1257867.4979591686,1336.1113675316776,280.17269642881337,2.5798680659498325,False,20269066,100,0.3248093494964253,1.9293468816917676,0.3861386138613861,0.0099009900990099,1638.675732379671,3436848.605583921,1505.5365235668842,2179.69405790277,2531.5059865130056,1379603.9942041682,3098131.863311482,3297958.6357627683,276.47346422593625,3.400588681743862,0.9063208357884204,3436848.605583921,-3351835.255665639,3916710.068483179,0.8774835373287936,1323,0.0437997767347234,-1.445965571882522,1.4440828042107998,-4096.0,4090.666666666666,C:\Users\kimeu\Downloads\starlink_pathB_wsl_package_v0_3_clean\starlink_pathB\paper_final_experiment_check\coverage_null_global_stats_fourflux\157_146_lst046_typical_frozen_polybeam_lines_S1000_multi.npz,9.10175923472585,9444.443085672718,1.7798436919007438e-05,140609741.2109375,False,False,False,False,False,False,False,False,False,False,False,False
157_146,140.36979839670377,mid,typical,46,2461041.8194444445,2461041.826267397,frozen_polybeam,khz_comb,10.0,multi,coherent_ab,6,45,12,54917;54917;53220;53220;52302;55196;55196;57175;48310;54358;54358;44436,88.061;88.061;87.099;87.098;85.837;85.026;85.026;83.071;82.739;80.284;80.284;79.866,0.1653855846774193,1.874030786702616e-07,0.2357282416768072,0,6,6,6,0.0,0.2357282416768072,0.0,0.4552977482091947,1.874030786702616e-07,1257867.4979591686,10.995921235968105,2.3057604930014137,0.0229085889994878,False,20269100,100,2.4803115981341515,1.539414365736523,0.0495049504950495,0.0198019801980198,55.06010308416635,7700.791326490838,29.346359361492432,53.75818659050169,64.94618872862421,5432.072280479837,7346.841107767313,7700.240450177907,6.9925418022235135,3.781270625776706,2.2275090748912967,7700.791326490838,-246.08904043565525,3916710.068483179,0.0019661377002237,1323,0.0437997767347234,-1.445965571882522,1.4440828042107998,-4096.0,4090.666666666666,C:\Users\kimeu\Downloads\starlink_pathB_wsl_package_v0_3_clean\starlink_pathB\paper_final_experiment_check\coverage_null_global_stats_fourflux\157_146_lst046_typical_frozen_polybeam_khz_comb_S10_multi.npz,9.10175923472585,9444.443085672718,1.7798436919007438e-05,140609741.2109375,True,False,True,False,False,False,False,False,False,False,False,False
157_146,140.36979839670377,mid,typical,46,2461041.8194444445,2461041.826267397,frozen_polybeam,khz_comb,30.0,multi,coherent_ab,6,45,12,54917;54917;53220;53220;52302;55196;55196;57175;48310;54358;54358;44436,88.061;88.061;87.099;87.098;85.837;85.026;85.026;83.071;82.739;80.284;80.284;79.866,0.1653855846774193,1.874030786702616e-07,0.2357282416768072,0,6,6,6,0.0,0.2357282416768072,0.0,0.4552977482091947,1.874030786702616e-07,1257867.4979591686,32.98776370790431,6.91728147900424,0.0687257669984635,False,20269134,100,2.4116156477834725,1.5582788085322752,0.0198019801980198,0.0198019801980198,162.43810293071027,23254.630484585912,90.0009613513289,139.2120134319809,161.7130585645755,16522.68795967927,21501.95517934269,22741.31649107345,20.25952298124139,3.440857200556501,2.022350234473958,23254.630484585912,-2457.3858944373947,3916710.068483179,0.0059372866712066,1323,0.0437997767347234,-1.445965571882522,1.4440828042107998,-4096.0,4090.666666666666,C:\Users\kimeu\Downloads\starlink_pathB_wsl_package_v0_3_clean\starlink_pathB\paper_final_experiment_check\coverage_null_global_stats_fourflux\157_146_lst046_typical_frozen_polybeam_khz_comb_S30_multi.npz,9.10175923472585,9444.443085672718,1.7798436919007438e-05,140609741.2109375,True,False,True,False,False,False,False,False,False,False,False,False
157_146,140.36979839670377,mid,typical,46,2461041.8194444445,2461041.826267397,frozen_polybeam,khz_comb,300.0,multi,coherent_ab,6,45,12,54917;54917;53220;53220;52302;55196;55196;57175;48310;54358;54358;44436,88.061;88.061;87.099;87.098;85.837;85.026;85.026;83.071;82.739;80.284;80.284;79.866,0.1653855846774193,1.874030786702616e-07,0.2357282416768072,0,6,6,6,0.0,0.2357282416768072,0.0,0.4552977482091947,1.874030786702616e-07,1257867.4979591686,329.87763707904315,69.1728147900424,0.6872576699846353,False,20269168,100,2.5891375204163136,1.7801309010716817,0.0297029702970297,0.0099009900990099,1254.1831758652047,344972.13949308114,681.1939701969089,1134.375878475821,1263.584390219492,187061.2526300886,318885.77373609995,341496.3820072867,149.2682105355908,3.2860330887854494,1.534700165844412,344972.13949308114,-256654.8933169873,3916710.068483179,0.0880770170529058,1323,0.0437997767347234,-1.445965571882522,1.4440828042107998,-4096.0,4090.666666666666,C:\Users\kimeu\Downloads\starlink_pathB_wsl_package_v0_3_clean\starlink_pathB\paper_final_experiment_check\coverage_null_global_stats_fourflux\157_146_lst046_typical_frozen_polybeam_khz_comb_S300_multi.npz,9.10175923472585,9444.443085672718,1.7798436919007438e-05,140609741.2109375,True,False,True,False,False,False,False,False,False,False,False,False
157_146,140.36979839670377,mid,typical,46,2461041.8194444445,2461041.826267397,full_polybeam,smooth,10.0,multi,coherent_ab,6,45,12,54917;54917;53220;53220;52302;55196;55196;57175;48310;54358;54358;44436,88.061;88.061;87.099;87.098;85.837;85.026;85.026;83.071;82.739;80.284;80.284;79.866,0.1653855846774193,1.874030786702616e-07,0.2357282416768072,0,6,6,6,0.0,0.2357282416768072,0.0,0.4552977482091947,1.874030786702616e-07,1257867.4979591686,19.19010112247422,3.697609431901238,0.0368037825140523,False,20269236,100,2.3923325032245057,1.824043000049588,0.0495049504950495,0.0198019801980198,79.19386691671423,9967.742034053876,43.41389250685916,73.50323680546062,104.67430995018378,6624.648380863168,9370.004596265186,9715.960366628737,10.087754140040428,3.4767073807850366,1.9063492660149608,9967.742034053876,-1584.7026758413856,3916710.068483179,0.0025449272118102,1323,0.0437997767347234,-1.445965571882522,1.4440828042107998,-4096.0,4090.666666666666,C:\Users\kimeu\Downloads\starlink_pathB_wsl_package_v0_3_clean\starlink_pathB\paper_final_experiment_check\coverage_null_global_stats_fourflux\157_146_lst046_typical_full_polybeam_smooth_S10_multi.npz,9.10175923472585,9444.443085672718,1.7798436919007438e-05,140609741.2109375,True,False,True,False,False,False,False,False,False,False,False,False
157_146,140.36979839670377,mid,typical,46,2461041.8194444445,2461041.826267397,full_polybeam,smooth,30.0,multi,coherent_ab,6,45,12,54917;54917;53220;53220;52302;55196;55196;57175;48310;54358;54358;44436,88.061;88.061;87.099;87.098;85.837;85.026;85.026;83.071;82.739;80.284;80.284;79.866,0.1653855846774193,1.874030786702616e-07,0.2357282416768072,0,6,6,6,0.0,0.2357282416768072,0.0,0.4552977482091947,1.874030786702616e-07,1257867.4979591686,57.57030336742266,11.092828295703711,0.1104113475421571,False,20269270,100,2.98910191092545,2.1993769441428217,0.0198019801980198,0.0198019801980198,230.10605571784455,30535.91778124219,115.68841145058992,200.41789885762464,210.927069802654,19423.74939851694,27989.327345947346,28640.78948090431,25.818338109271732,3.494017595766178,2.0941641357867065,30535.91778124219,-8137.864566223063,3916710.068483179,0.0077963181464355,1323,0.0437997767347234,-1.445965571882522,1.4440828042107998,-4096.0,4090.666666666666,C:\Users\kimeu\Downloads\starlink_pathB_wsl_package_v0_3_clean\starlink_pathB\paper_final_experiment_check\coverage_null_global_stats_fourflux\157_146_lst046_typical_full_polybeam_smooth_S30_multi.npz,9.10175923472585,9444.443085672718,1.7798436919007438e-05,140609741.2109375,True,False,True,False,False,False,False,False,False,False,False,False
157_146,140.36979839670377,mid,typical,46,2461041.8194444445,2461041.826267397,full_polybeam,smooth,300.0,multi,coherent_ab,6,45,12,54917;54917;53220;53220;52302;55196;55196;57175;48310;54358;54358;44436,88.061;88.061;87.099;87.098;85.837;85.026;85.026;83.071;82.739;80.284;80.284;79.866,0.1653855846774193,1.874030786702616e-07,0.2357282416768072,0,6,6,6,0.0,0.2357282416768072,0.0,0.4552977482091947,1.874030786702616e-07,1257867.4979591686,575.7030336742265,110.92828295703713,1.1041134754215718,False,20269304,100,1.9493790234214945,1.733334029728011,0.0594059405940594,0.0297029702970297,1291.8619778175969,603169.2519982264,802.5405053468776,1269.2715252577566,1474.005347333797,328266.6731652819,538215.9190427072,612483.0224347081,169.30663951420777,2.988823967143672,1.4111078555177423,603169.2519982264,-538185.7783866085,3916710.068483179,0.1539989535737617,1323,0.0437997767347234,-1.445965571882522,1.4440828042107998,-4096.0,4090.666666666666,C:\Users\kimeu\Downloads\starlink_pathB_wsl_package_v0_3_clean\starlink_pathB\paper_final_experiment_check\coverage_null_global_stats_fourflux\157_146_lst046_typical_full_polybeam_smooth_S300_multi.npz,9.10175923472585,9444.443085672718,1.7798436919007438e-05,140609741.2109375,False,False,False,False,False,False,False,False,False,False,False,False
157_146,140.36979839670377,mid,typical,46,2461041.8194444445,2461041.826267397,full_polybeam,smooth,1000.0,multi,coherent_ab,6,45,12,54917;54917;53220;53220;52302;55196;55196;57175;48310;54358;54358;44436,88.061;88.061;87.099;87.098;85.837;85.026;85.026;83.071;82.739;80.284;80.284;79.866,0.1653855846774193,1.874030786702616e-07,0.2357282416768072,0,6,6,6,0.0,0.2357282416768072,0.0,0.4552977482091947,1.874030786702616e-07,1257867.4979591686,1919.0101122474225,369.7609431901238,3.680378251405239,False,20269338,100,0.1078048854857078,1.775188844508902,0.4752475247524752,0.0099009900990099,1578.7707206715086,5798618.921330004,1516.6045151804758,2681.545263646492,2798.7569039177174,2674183.154664495,5302451.315954234,5587926.43850294,388.94833908973146,2.661381025570189,0.6147408539967599,5798618.921330004,-5741668.556437641,3916710.068483179,1.480482042311503,1323,0.0437997767347234,-1.445965571882522,1.4440828042107998,-4096.0,4090.666666666666,C:\Users\kimeu\Downloads\starlink_pathB_wsl_package_v0_3_clean\starlink_pathB\paper_final_experiment_check\coverage_null_global_stats_fourflux\157_146_lst046_typical_full_polybeam_smooth_S1000_multi.npz,9.10175923472585,9444.443085672718,1.7798436919007438e-05,140609741.2109375,False,False,False,False,False,False,False,False,False,False,False,False
157_146,140.36979839670377,mid,typical,46,2461041.8194444445,2461041.826267397,full_polybeam,lines,10.0,multi,coherent_ab,6,45,12,54917;54917;53220;53220;52302;55196;55196;57175;48310;54358;54358;44436,88.061;88.061;87.099;87.098;85.837;85.026;85.026;83.071;82.739;80.284;80.284;79.866,0.1653855846774193,1.874030786702616e-07,0.2357282416768072,0,6,6,6,0.0,0.2357282416768072,0.0,0.4552977482091947,1.874030786702616e-07,1257867.4979591686,19.18954448053276,3.6975322143833687,0.0368410081431618,False,20269372,100,1.8858559029041773,2.3626068399760736,0.0594059405940594,0.0099009900990099,79.62743193897674,9964.839254092876,44.5516011834809,79.22928538888412,96.38294918695136,6963.984289759159,8765.881842742021,9405.305702232834,12.545138623324082,3.316145994967111,1.95800061115486,9964.839254092876,-1584.5895250236022,3916710.068483179,0.0025441860847136,1323,0.0437997767347234,-1.445965571882522,1.4440828042107998,-4096.0,4090.666666666666,C:\Users\kimeu\Downloads\starlink_pathB_wsl_package_v0_3_clean\starlink_pathB\paper_final_experiment_check\coverage_null_global_stats_fourflux\157_146_lst046_typical_full_polybeam_lines_S10_multi.npz,9.10175923472585,9444.443085672718,1.7798436919007438e-05,140609741.2109375,False,False,False,False,False,False,False,False,False,False,False,False
157_146,140.36979839670377,mid,typical,46,2461041.8194444445,2461041.826267397,full_polybeam,lines,30.0,multi,coherent_ab,6,45,12,54917;54917;53220;53220;52302;55196;55196;57175;48310;54358;54358;44436,88.061;88.061;87.099;87.098;85.837;85.026;85.026;83.071;82.739;80.284;80.284;79.866,0.1653855846774193,1.874030786702616e-07,0.2357282416768072,0,6,6,6,0.0,0.2357282416768072,0.0,0.4552977482091947,1.874030786702616e-07,1257867.4979591686,57.56863344159827,11.092596643150104,0.1105230244294853,False,20269406,100,2.7692925113310003,2.1849201883574025,0.0396039603960396,0.0099009900990099,231.24283874004448,30533.60806846009,122.27649787948702,208.5890325761859,250.4208122189844,21040.049543851248,26880.880850712296,30385.163288888463,26.53991577404668,3.2671970121434666,1.935850235178027,30533.60806846009,-8137.423172338295,3916710.068483179,0.0077957284390684,1323,0.0437997767347234,-1.445965571882522,1.4440828042107998,-4096.0,4090.666666666666,C:\Users\kimeu\Downloads\starlink_pathB_wsl_package_v0_3_clean\starlink_pathB\paper_final_experiment_check\coverage_null_global_stats_fourflux\157_146_lst046_typical_full_polybeam_lines_S30_multi.npz,9.10175923472585,9444.443085672718,1.7798436919007438e-05,140609741.2109375,True,False,True,False,False,False,False,False,False,False,False,False
157_146,140.36979839670377,mid,typical,46,2461041.8194444445,2461041.826267397,full_polybeam,lines,300.0,multi,coherent_ab,6,45,12,54917;54917;53220;53220;52302;55196;55196;57175;48310;54358;54358;44436,88.061;88.061;87.099;87.098;85.837;85.026;85.026;83.071;82.739;80.284;80.284;79.866,0.1653855846774193,1.874030786702616e-07,0.2357282416768072,0,6,6,6,0.0,0.2357282416768072,0.0,0.4552977482091947,1.874030786702616e-07,1257867.4979591686,575.6863344159827,110.92596643150104,1.105230244294854,False,20269440,100,2.152721070472249,1.858313132246162,0.0693069306930693,0.0099009900990099,1281.1016820205632,603003.7545540851,742.3238207841355,1324.201176790597,1555.3763277562043,322663.4651034948,524951.2352740397,552641.397155301,168.80992795541945,3.398234798339829,1.2955426952019176,603003.7545540851,-538167.6023544992,3916710.068483179,0.1539566993754045,1323,0.0437997767347234,-1.445965571882522,1.4440828042107998,-4096.0,4090.666666666666,C:\Users\kimeu\Downloads\starlink_pathB_wsl_package_v0_3_clean\starlink_pathB\paper_final_experiment_check\coverage_null_global_stats_fourflux\157_146_lst046_typical_full_polybeam_lines_S300_multi.npz,9.10175923472585,9444.443085672718,1.7798436919007438e-05,140609741.2109375,True,False,False,False,False,False,False,False,False,False,False,False
157_146,140.36979839670377,mid,typical,46,2461041.8194444445,2461041.826267397,full_polybeam,lines,1000.0,multi,coherent_ab,6,45,12,54917;54917;53220;53220;52302;55196;55196;57175;48310;54358;54358;44436,88.061;88.061;87.099;87.098;85.837;85.026;85.026;83.071;82.739;80.284;80.284;79.866,0.1653855846774193,1.874030786702616e-07,0.2357282416768072,0,6,6,6,0.0,0.2357282416768072,0.0,0.4552977482091947,1.874030786702616e-07,1257867.4979591686,1918.954448053276,369.7532214383368,3.68410081431618,False,20269474,100,0.1167285777052332,1.5634522864497864,0.4653465346534653,0.0198019801980198,1531.7005624739545,5799268.0504817255,1482.0029668633856,2456.81687085438,3102.413181864706,2779226.487538377,5232885.862042282,5552355.103262142,287.16677326593094,2.382195463913626,0.5192212166936709,5799268.0504817255,-5741489.037993788,3916710.068483179,1.4806477755775278,1323,0.0437997767347234,-1.445965571882522,1.4440828042107998,-4096.0,4090.666666666666,C:\Users\kimeu\Downloads\starlink_pathB_wsl_package_v0_3_clean\starlink_pathB\paper_final_experiment_check\coverage_null_global_stats_fourflux\157_146_lst046_typical_full_polybeam_lines_S1000_multi.npz,9.10175923472585,9444.443085672718,1.7798436919007438e-05,140609741.2109375,False,False,False,False,False,False,False,False,False,False,False,False
157_146,140.36979839670377,mid,typical,46,2461041.8194444445,2461041.826267397,full_polybeam,khz_comb,10.0,multi,coherent_ab,6,45,12,54917;54917;53220;53220;52302;55196;55196;57175;48310;54358;54358;44436,88.061;88.061;87.099;87.098;85.837;85.026;85.026;83.071;82.739;80.284;80.284;79.866,0.1653855846774193,1.874030786702616e-07,0.2357282416768072,0,6,6,6,0.0,0.2357282416768072,0.0,0.4552977482091947,1.874030786702616e-07,1257867.4979591686,15.792578686605877,3.042988774493736,0.0316959325516131,False,20269508,100,2.4919948519934465,2.307708832543748,0.0297029702970297,0.0099009900990099,74.14503907851773,8914.198584577196,40.29233665805907,64.5448978356012,79.8460176434599,6145.035268498568,8155.572885066931,8314.673441321804,9.162673409074271,4.053393215608311,2.0678802476203395,8914.198584577196,-1310.5359275606304,3916710.068483179,0.0022759403756503,1323,0.0437997767347234,-1.445965571882522,1.4440828042107998,-4096.0,4090.666666666666,C:\Users\kimeu\Downloads\starlink_pathB_wsl_package_v0_3_clean\starlink_pathB\paper_final_experiment_check\coverage_null_global_stats_fourflux\157_146_lst046_typical_full_polybeam_khz_comb_S10_multi.npz,9.10175923472585,9444.443085672718,1.7798436919007438e-05,140609741.2109375,True,False,True,False,False,False,False,False,False,False,False,False
157_146,140.36979839670377,mid,typical,46,2461041.8194444445,2461041.826267397,full_polybeam,khz_comb,30.0,multi,coherent_ab,6,45,12,54917;54917;53220;53220;52302;55196;55196;57175;48310;54358;54358;44436,88.061;88.061;87.099;87.098;85.837;85.026;85.026;83.071;82.739;80.284;80.284;79.866,0.1653855846774193,1.874030786702616e-07,0.2357282416768072,0,6,6,6,0.0,0.2357282416768072,0.0,0.4552977482091947,1.874030786702616e-07,1257867.4979591686,47.37773605981763,9.128966323481206,0.0950877976548393,False,20269542,100,3.394778297442202,2.0840219468287278,0.0396039603960396,0.0198019801980198,216.8375576983911,27158.13393631113,105.54101809141424,184.92474731550664,239.0314036417342,18270.242273472835,23622.215435417755,25191.123751381016,22.11292784073328,3.721158200621381,2.006697453860512,27158.13393631113,-6478.393415732411,3916710.068483179,0.0069339148064203,1323,0.0437997767347234,-1.445965571882522,1.4440828042107998,-4096.0,4090.666666666666,C:\Users\kimeu\Downloads\starlink_pathB_wsl_package_v0_3_clean\starlink_pathB\paper_final_experiment_check\coverage_null_global_stats_fourflux\157_146_lst046_typical_full_polybeam_khz_comb_S30_multi.npz,9.10175923472585,9444.443085672718,1.7798436919007438e-05,140609741.2109375,True,True,True,False,False,False,False,False,False,False,False,False
157_146,140.36979839670377,mid,typical,46,2461041.8194444445,2461041.826267397,full_polybeam,khz_comb,300.0,multi,coherent_ab,6,45,12,54917;54917;53220;53220;52302;55196;55196;57175;48310;54358;54358;44436,88.061;88.061;87.099;87.098;85.837;85.026;85.026;83.071;82.739;80.284;80.284;79.866,0.1653855846774193,1.874030786702616e-07,0.2357282416768072,0,6,6,6,0.0,0.2357282416768072,0.0,0.4552977482091947,1.874030786702616e-07,1257867.4979591686,473.7773605981762,91.28966323481208,0.950877976548394,False,20269576,100,2.7388523192657592,1.892310079091552,0.0495049504950495,0.0099009900990099,1412.7050394654595,478243.6241043667,747.7241287125345,1250.466054641476,1512.6177599544412,260504.5655579056,421841.3284941447,460719.9873398175,163.76329471149438,4.0188390259383,1.4554815503103289,478243.6241043667,-408599.99461916985,3916710.068483179,0.122103402024234,1323,0.0437997767347234,-1.445965571882522,1.4440828042107998,-4096.0,4090.666666666666,C:\Users\kimeu\Downloads\starlink_pathB_wsl_package_v0_3_clean\starlink_pathB\paper_final_experiment_check\coverage_null_global_stats_fourflux\157_146_lst046_typical_full_polybeam_khz_comb_S300_multi.npz,9.10175923472585,9444.443085672718,1.7798436919007438e-05,140609741.2109375,True,False,True,False,False,False,False,False,False,False,False,False
157_146,140.36979839670377,mid,typical,46,2461041.8194444445,2461041.826267397,full_polybeam,khz_comb,1000.0,multi,coherent_ab,6,45,12,54917;54917;53220;53220;52302;55196;55196;57175;48310;54358;54358;44436,88.061;88.061;87.099;87.098;85.837;85.026;85.026;83.071;82.739;80.284;80.284;79.866,0.1653855846774193,1.874030786702616e-07,0.2357282416768072,0,6,6,6,0.0,0.2357282416768072,0.0,0.4552977482091947,1.874030786702616e-07,1257867.4979591686,1579.2578686605875,304.29887744937355,3.1695932551613124,False,20269610,100,0.2412082817069492,2.056519208450208,0.4158415841584158,0.0099009900990099,1680.3612867420509,4395526.588491934,1537.6154331496,2501.1568566093856,3166.543053622573,1950690.9921504185,3881178.66269436,4089340.904135321,399.1602548650512,3.405567681165338,0.7941270928004108,4395526.588491934,-4333249.887289729,3916710.068483179,1.1222496716981112,1323,0.0437997767347234,-1.445965571882522,1.4440828042107998,-4096.0,4090.666666666666,C:\Users\kimeu\Downloads\starlink_pathB_wsl_package_v0_3_clean\starlink_pathB\paper_final_experiment_check\coverage_null_global_stats_fourflux\157_146_lst046_typical_full_polybeam_khz_comb_S1000_multi.npz,9.10175923472585,9444.443085672718,1.7798436919007438e-05,140609741.2109375,False,False,False,False,False,False,False,False,False,False,False,False
157_146,140.36979839670377,mid,stress,0,2461041.5,2461041.506822953,full_polybeam,khz_comb,300.0,multi,coherent_ab,4,10,10,58881;58881;46696;46696;48029;48029;54100;54100;58069;58069,88.065;88.065;86.822;86.617;85.104;85.104;83.508;83.508;77.989;77.989,0.2350680443548387,9.752069536292108e-05,0.5502745938468236,1,4,4,4,0.3308758856684498,0.5502745938468236,0.3308758856684498,0.7280464634021924,9.752069536292108e-05,5642.644279749944,54.22769796462855,9.979055607676727,0.0823111420493264,False,20270346,100,0.479693964754747,2.24620233446602,0.3366336633663366,0.0297029702970297,415.987252491017,110321.69150347164,350.48369150669623,646.7957453901624,729.15462773661,80427.86500996148,106130.1146190107,111781.16591196826,92.1036115585166,3.497995105388217,2.190308355482892,110321.69150347164,19226.489729564502,20329787.10384278,0.00542660338448,1323,0.0437997767347234,-1.445965571882522,1.4440828042107998,-4096.0,4090.666666666666,C:\Users\kimeu\Downloads\starlink_pathB_wsl_package_v0_3_clean\starlink_pathB\paper_final_experiment_check\coverage_null_global_stats_fourflux\157_146_lst000_stress_full_polybeam_khz_comb_S300_multi.npz,9.10175923472585,9444.443085672718,1.7798436919007438e-05,140609741.2109375,False,False,False,False,False,False,False,False,False,False,False,False
159_76,156.200250406372,mid,typical,44,2461041.8055555555,2461041.8123785085,frozen_polybeam,khz_comb,300.0,multi,coherent_ab,3,33,12,57722;57722;55172;55172;55550;55550;44436;44436;58038;45454;45454;55537,86.861;86.861;84.716;84.716;84.082;84.082;81.894;81.894;81.335;80.006;80.006;79.784,0.1653015793010752,1.9250990235090578e-07,0.2419547912000571,0,3,3,3,0.0,0.2419547912000571,0.0,0.7241364102878726,1.9250990235090578e-07,1256843.3532267006,22.995116969418493,5.1133435484489,0.0603668014798007,False,20271614,100,1.96135157748035,2.0495860118298235,0.0495049504950495,0.0198019801980198,116.07004983636308,13823.75929472392,72.47160361835165,107.69724558961896,133.63468965930474,9134.882902247457,12869.52738397217,13401.818106467148,14.993104468992442,3.748777635378009,2.309478866128336,13823.75929472392,-900.2815685086304,2078209.378425428,0.0066517644652328,1303,0.0487393739383446,-1.445965571882522,1.4440828042107998,-4096.0,4090.666666666666,C:\Users\kimeu\Downloads\starlink_pathB_wsl_package_v0_3_clean\starlink_pathB\paper_final_experiment_check\coverage_null_global_stats_fourflux\159_76_lst044_typical_frozen_polybeam_khz_comb_S300_multi.npz,9.10175923472585,9444.443085672718,1.7798436919007438e-05,140609741.2109375,False,False,True,False,False,False,False,False,False,False,False,False
159_76,156.200250406372,mid,typical,44,2461041.8055555555,2461041.8123785085,frozen_polybeam,khz_comb,1000.0,multi,coherent_ab,3,33,12,57722;57722;55172;55172;55550;55550;44436;44436;58038;45454;45454;55537,86.861;86.861;84.716;84.716;84.082;84.082;81.894;81.894;81.335;80.006;80.006;79.784,0.1653015793010752,1.9250990235090578e-07,0.2419547912000571,0,3,3,3,0.0,0.2419547912000571,0.0,0.7241364102878726,1.9250990235090578e-07,1256843.3532267006,76.65038989806162,17.04447849482966,0.2012226715993359,False,20271648,100,1.58020764680276,1.756055836958712,0.0693069306930693,0.0198019801980198,360.5185464597557,46867.663538385656,228.715052674405,366.4772809382208,398.4260119973658,32747.754435255207,43088.37241768761,46517.859232145536,56.258580196610296,4.243907758694023,2.152649499959005,46867.663538385656,-10365.150726507683,2078209.378425428,0.0225519449699987,1303,0.0487393739383446,-1.445965571882522,1.4440828042107998,-4096.0,4090.666666666666,C:\Users\kimeu\Downloads\starlink_pathB_wsl_package_v0_3_clean\starlink_pathB\paper_final_experiment_check\coverage_null_global_stats_fourflux\159_76_lst044_typical_frozen_polybeam_khz_comb_S1000_multi.npz,9.10175923472585,9444.443085672718,1.7798436919007438e-05,140609741.2109375,False,False,False,False,False,False,False,False,False,False,False,False
159_76,156.200250406372,mid,typical,44,2461041.8055555555,2461041.8123785085,full_polybeam,smooth,1000.0,multi,coherent_ab,3,33,12,57722;57722;55172;55172;55550;55550;44436;44436;58038;45454;45454;55537,86.861;86.861;84.716;84.716;84.082;84.082;81.894;81.894;81.335;80.006;80.006;79.784,0.1653015793010752,1.9250990235090578e-07,0.2419547912000571,0,3,3,3,0.0,0.2419547912000571,0.0,0.7241364102878726,1.9250990235090578e-07,1256843.3532267006,174.9940961039883,38.974627867402695,0.4701866682055297,False,20271784,100,1.3136440340627569,1.855302739880915,0.1287128712871287,0.0198019801980198,537.4870769080603,122954.36323873,401.1469571615836,653.0661662404622,779.4034631912741,76788.27708790987,118874.60241226744,121757.04815787412,70.00385837442002,3.5125940617935085,1.638198455496833,122954.36323873,-85075.23945799161,2078209.378425428,0.0591636071490964,1303,0.0487393739383446,-1.445965571882522,1.4440828042107998,-4096.0,4090.666666666666,C:\Users\kimeu\Downloads\starlink_pathB_wsl_package_v0_3_clean\starlink_pathB\paper_final_experiment_check\coverage_null_global_stats_fourflux\159_76_lst044_typical_full_polybeam_smooth_S1000_multi.npz,9.10175923472585,9444.443085672718,1.7798436919007438e-05,140609741.2109375,False,False,False,False,False,False,False,False,False,False,False,False
159_76,156.200250406372,mid,stress,0,2461041.5,2461041.506822953,frozen_polybeam,smooth,300.0,multi,coherent_ab,4,10,10,58881;58881;46696;46696;48029;48029;54100;54100;58069;58069,88.065;88.065;86.822;86.617;85.104;85.104;83.508;83.508;77.989;77.989,0.2313613071236559,8.574847721632174e-05,0.5502745938468236,1,4,4,4,0.3308758856684498,0.5502745938468236,0.3308758856684498,0.7280464634021924,8.574847721632174e-05,6417.310390931139,74.51740680608602,23.893881039346308,0.1172851134889634,False,20272114,100,1.521149816554079,1.1774478638637311,0.0594059405940594,0.0198019801980198,899.5598730838683,161006.2811184043,538.9984937738445,884.3790896567264,1033.660385089285,109139.54045857833,151567.58263947626,159208.43410601534,159.87598060503117,2.560647598937169,1.728439323751996,161006.2811184043,-27449.141574603964,11210403.618008925,0.014362219827639,1303,0.0487393739383446,-1.445965571882522,1.4440828042107998,-4096.0,4090.666666666666,C:\Users\kimeu\Downloads\starlink_pathB_wsl_package_v0_3_clean\starlink_pathB\paper_final_experiment_check\coverage_null_global_stats_fourflux\159_76_lst000_stress_frozen_polybeam_smooth_S300_multi.npz,9.10175923472585,9444.443085672718,1.7798436919007438e-05,140609741.2109375,False,False,False,False,False,False,False,False,False,False,False,False
159_76,156.200250406372,mid,stress,0,2461041.5,2461041.506822953,frozen_polybeam,smooth,1000.0,multi,coherent_ab,4,10,10,58881;58881;46696;46696;48029;48029;54100;54100;58069;58069,88.065;88.065;86.822;86.617;85.104;85.104;83.508;83.508;77.989;77.989,0.2313613071236559,8.574847721632174e-05,0.5502745938468236,1,4,4,4,0.3308758856684498,0.5502745938468236,0.3308758856684498,0.7280464634021924,8.574847721632174e-05,6417.310390931139,248.39135602028665,79.64627013115438,0.3909503782965447,False,20272148,100,0.3617999366254926,1.0529948318671882,0.3465346534653465,0.0099009900990099,1989.1036233427803,617560.943246094,1773.4444806190018,2610.9664441826126,3102.575060124082,442186.32682381023,590500.960159187,605397.4635197175,402.0456728669965,2.879465856618312,1.7943640225334982,617560.943246094,-228879.4870994857,11210403.618008925,0.0550881988097212,1303,0.0487393739383446,-1.445965571882522,1.4440828042107998,-4096.0,4090.666666666666,C:\Users\kimeu\Downloads\starlink_pathB_wsl_package_v0_3_clean\starlink_pathB\paper_final_experiment_check\coverage_null_global_stats_fourflux\159_76_lst000_stress_frozen_polybeam_smooth_S1000_multi.npz,9.10175923472585,9444.443085672718,1.7798436919007438e-05,140609741.2109375,False,False,False,False,False,False,False,False,False,False,False,False
159_76,156.200250406372,mid,stress,0,2461041.5,2461041.506822953,frozen_polybeam,lines,300.0,multi,coherent_ab,4,10,10,58881;58881;46696;46696;48029;48029;54100;54100;58069;58069,88.065;88.065;86.822;86.617;85.104;85.104;83.508;83.508;77.989;77.989,0.2313613071236559,8.574847721632174e-05,0.5502745938468236,1,4,4,4,0.3308758856684498,0.5502745938468236,0.3308758856684498,0.7280464634021924,8.574847721632174e-05,6417.310390931139,74.51532552681039,23.892963230171063,0.1173879405029795,False,20272250,100,1.2593624913244976,1.103813097421351,0.0594059405940594,0.0297029702970297,895.7568602976025,161006.13180940677,620.7067093505502,885.2115026247445,1037.1782865011423,121073.80264775884,158451.22131580362,161384.00023033837,147.3116648180585,2.9202437235851124,1.861740987672614,161006.13180940677,-27577.836026593148,11210403.618008925,0.0143622065088503,1303,0.0487393739383446,-1.445965571882522,1.4440828042107998,-4096.0,4090.666666666666,C:\Users\kimeu\Downloads\starlink_pathB_wsl_package_v0_3_clean\starlink_pathB\paper_final_experiment_check\coverage_null_global_stats_fourflux\159_76_lst000_stress_frozen_polybeam_lines_S300_multi.npz,9.10175923472585,9444.443085672718,1.7798436919007438e-05,140609741.2109375,False,False,False,False,False,False,False,False,False,False,False,False
159_76,156.200250406372,mid,stress,0,2461041.5,2461041.506822953,frozen_polybeam,lines,1000.0,multi,coherent_ab,4,10,10,58881;58881;46696;46696;48029;48029;54100;54100;58069;58069,88.065;88.065;86.822;86.617;85.104;85.104;83.508;83.508;77.989;77.989,0.2313613071236559,8.574847721632174e-05,0.5502745938468236,1,4,4,4,0.3308758856684498,0.5502745938468236,0.3308758856684498,0.7280464634021924,8.574847721632174e-05,6417.310390931139,248.38441842270132,79.6432107672369,0.391293135009932,False,20272284,100,0.5481498390741619,0.9938272909534586,0.3762376237623762,0.0198019801980198,1979.4081138007896,617550.157851076,1638.269657439516,2826.0785540939537,3078.598743374116,417989.0795047965,589265.274299778,614153.5403767531,419.7661298349085,3.818761190276174,2.1939110947793976,617550.157851076,-229261.8673982065,11210403.618008925,0.0550872367217014,1303,0.0487393739383446,-1.445965571882522,1.4440828042107998,-4096.0,4090.666666666666,C:\Users\kimeu\Downloads\starlink_pathB_wsl_package_v0_3_clean\starlink_pathB\paper_final_experiment_check\coverage_null_global_stats_fourflux\159_76_lst000_stress_frozen_polybeam_lines_S1000_multi.npz,9.10175923472585,9444.443085672718,1.7798436919007438e-05,140609741.2109375,False,False,False,False,False,False,False,False,False,False,False,False
159_76,156.200250406372,mid,stress,0,2461041.5,2461041.506822953,frozen_polybeam,khz_comb,30.0,multi,coherent_ab,4,10,10,58881;58881;46696;46696;48029;48029;54100;54100;58069;58069,88.065;88.065;86.822;86.617;85.104;85.104;83.508;83.508;77.989;77.989,0.2313613071236559,8.574847721632174e-05,0.5502745938468236,1,4,4,4,0.3308758856684498,0.5502745938468236,0.3308758856684498,0.7280464634021924,8.574847721632174e-05,6417.310390931139,6.132449589587827,1.966339025146998,0.0104733586376473,False,20272352,100,1.9353858031977296,1.0947702758275226,0.0792079207920792,0.0198019801980198,90.89932506725744,14098.963885017069,54.91412473019773,99.95763081267395,108.71011055567112,10202.083856001109,13799.360971304048,14023.467998048423,12.541006069775904,3.446915923840479,2.079052016527476,14098.963885017069,-1104.8964350884494,11210403.618008925,0.0012576678204848,1303,0.0487393739383446,-1.445965571882522,1.4440828042107998,-4096.0,4090.666666666666,C:\Users\kimeu\Downloads\starlink_pathB_wsl_package_v0_3_clean\starlink_pathB\paper_final_experiment_check\coverage_null_global_stats_fourflux\159_76_lst000_stress_frozen_polybeam_khz_comb_S30_multi.npz,9.10175923472585,9444.443085672718,1.7798436919007438e-05,140609741.2109375,False,False,False,False,False,False,False,False,False,False,False,False
159_76,156.200250406372,mid,stress,0,2461041.5,2461041.506822953,frozen_polybeam,khz_comb,300.0,multi,coherent_ab,4,10,10,58881;58881;46696;46696;48029;48029;54100;54100;58069;58069,88.065;88.065;86.822;86.617;85.104;85.104;83.508;83.508;77.989;77.989,0.2313613071236559,8.574847721632174e-05,0.5502745938468236,1,4,4,4,0.3308758856684498,0.5502745938468236,0.3308758856684498,0.7280464634021924,8.574847721632174e-05,6417.310390931139,61.324495895878265,19.66339025146998,0.1047335863764735,False,20272386,100,1.2968341047496328,0.9829303928828144,0.0693069306930693,0.0297029702970297,821.9100322393206,143918.38637308782,566.7928366167362,837.7334673948509,1078.101175658489,109527.96408761032,141005.77960009128,143966.66696114803,132.68789770472358,4.186901863925322,2.1604084893376694,143918.38637308782,-25088.08648426324,11210403.618008925,0.0128379308432651,1303,0.0487393739383446,-1.445965571882522,1.4440828042107998,-4096.0,4090.666666666666,C:\Users\kimeu\Downloads\starlink_pathB_wsl_package_v0_3_clean\starlink_pathB\paper_final_experiment_check\coverage_null_global_stats_fourflux\159_76_lst000_stress_frozen_polybeam_khz_comb_S300_multi.npz,9.10175923472585,9444.443085672718,1.7798436919007438e-05,140609741.2109375,False,False,False,False,False,False,False,False,False,False,False,False
159_76,156.200250406372,mid,stress,0,2461041.5,2461041.506822953,frozen_polybeam,khz_comb,1000.0,multi,coherent_ab,4,10,10,58881;58881;46696;46696;48029;48029;54100;54100;58069;58069,88.065;88.065;86.822;86.617;85.104;85.104;83.508;83.508;77.989;77.989,0.2313613071236559,8.574847721632174e-05,0.5502745938468236,1,4,4,4,0.3308758856684498,0.5502745938468236,0.3308758856684498,0.7280464634021924,8.574847721632174e-05,6417.310390931139,204.41498631959425,65.5446341715666,0.349111954588245,False,20272420,100,0.7935084545778234,1.1315202450513315,0.1782178217821782,0.0099009900990099,1987.129083967382,539988.8790918702,1471.045209780914,2259.561647882707,2701.6287581005354,311930.3526147106,505530.6539044545,533297.3774521018,438.6768688417487,3.534968583031278,2.166016566467111,539988.8790918702,-204952.70177920305,11210403.618008925,0.0481685492772451,1303,0.0487393739383446,-1.445965571882522,1.4440828042107998,-4096.0,4090.666666666666,C:\Users\kimeu\Downloads\starlink_pathB_wsl_package_v0_3_clean\starlink_pathB\paper_final_experiment_check\coverage_null_global_stats_fourflux\159_76_lst000_stress_frozen_polybeam_khz_comb_S1000_multi.npz,9.10175923472585,9444.443085672718,1.7798436919007438e-05,140609741.2109375,False,False,False,False,False,False,False,False,False,False,False,False
159_76,156.200250406372,mid,stress,0,2461041.5,2461041.506822953,full_polybeam,lines,300.0,multi,coherent_ab,4,10,10,58881;58881;46696;46696;48029;48029;54100;54100;58069;58069,88.065;88.065;86.822;86.617;85.104;85.104;83.508;83.508;77.989;77.989,0.2313613071236559,8.574847721632174e-05,0.5502745938468236,1,4,4,4,0.3308758856684498,0.5502745938468236,0.3308758856684498,0.7280464634021924,8.574847721632174e-05,6417.310390931139,103.2091378384677,32.564199233468415,0.1549941130057305,False,20272658,100,0.2246896391090575,0.9090861103246224,0.396039603960396,0.0297029702970297,718.447572683197,212666.508328162,649.9847188417771,1035.5265305456226,1256.064727793273,143524.59597402648,209325.96526792133,214665.7994022836,205.5170966785045,2.885058164727407,1.994914112893185,212666.508328162,-36706.01877939,11210403.618008925,0.0189704595458565,1303,0.0487393739383446,-1.445965571882522,1.4440828042107998,-4096.0,4090.666666666666,C:\Users\kimeu\Downloads\starlink_pathB_wsl_package_v0_3_clean\starlink_pathB\paper_final_experiment_check\coverage_null_global_stats_fourflux\159_76_lst000_stress_full_polybeam_lines_S300_multi.npz,9.10175923472585,9444.443085672718,1.7798436919007438e-05,140609741.2109375,False,False,False,False,False,False,False,False,False,False,False,False
23_80,207.2758462936688,long,quiet,48,2461041.833333333,2461041.8401562865,frozen_polybeam,lines,1000.0,multi,coherent_ab,2,35,12,53005;45654;45654;57260;57260;57500;57500;54553;54553;57120;55418;55418,89.168;88.462;88.462;87.660;87.659;87.369;87.369;86.970;86.970;82.359;81.503;81.502,0.1671706989247312,5.820419561578807e-09,0.0149220859960422,0,2,2,2,0.0,0.0149220859960422,0.0,0.0457676818690719,5.820419561578807e-09,2563747.4821479414,238.32350007184485,45.98712234588965,0.4590832293607723,False,20273148,100,0.5358980960395583,2.291256151488889,0.3267326732673267,0.0099009900990099,561.5639552028479,138270.96942605142,501.6024883150605,808.791809734594,954.6862898290829,96631.89961415538,125016.88279566368,131313.50001085032,75.46855575596038,3.5725498373017515,1.7489382746333153,138270.96942605142,-72288.46049657508,5016469.09829277,0.0275634049999647,1239,0.0646765607264471,-1.445965571882522,1.4440828042107998,-4096.0,4090.666666666666,C:\Users\kimeu\Downloads\starlink_pathB_wsl_package_v0_3_clean\starlink_pathB\paper_final_experiment_check\coverage_null_global_stats_fourflux\23_80_lst048_quiet_frozen_polybeam_lines_S1000_multi.npz,9.10175923472585,9444.443085672718,1.7798436919007438e-05,140609741.2109375,False,False,False,False,False,False,False,False,False,False,False,False
23_80,207.2758462936688,long,quiet,48,2461041.833333333,2461041.8401562865,frozen_polybeam,khz_comb,1000.0,multi,coherent_ab,2,35,12,53005;45654;45654;57260;57260;57500;57500;54553;54553;57120;55418;55418,89.168;88.462;88.462;87.660;87.659;87.369;87.369;86.970;86.970;82.359;81.503;81.502,0.1671706989247312,5.820419561578807e-09,0.0149220859960422,0,2,2,2,0.0,0.0149220859960422,0.0,0.0457676818690719,5.820419561578807e-09,2563747.4821479414,206.2565778621494,37.846403751522026,0.4096710304485545,False,20273284,100,0.9092505932458254,2.527588213788144,0.2277227722772277,0.0099009900990099,596.7807481369273,130557.65321185962,483.36619617035626,781.8569942725305,897.9294448680994,94736.2034899989,123793.41951873964,127426.89305731384,84.13199601943893,3.933630162994128,1.784539495692215,130557.65321185962,-69062.850587886,5016469.09829277,0.0260258063298529,1239,0.0646765607264471,-1.445965571882522,1.4440828042107998,-4096.0,4090.666666666666,C:\Users\kimeu\Downloads\starlink_pathB_wsl_package_v0_3_clean\starlink_pathB\paper_final_experiment_check\coverage_null_global_stats_fourflux\23_80_lst048_quiet_frozen_polybeam_khz_comb_S1000_multi.npz,9.10175923472585,9444.443085672718,1.7798436919007438e-05,140609741.2109375,False,False,False,False,False,False,False,False,False,False,False,False
23_80,207.2758462936688,long,typical,44,2461041.8055555555,2461041.8123785085,frozen_polybeam,smooth,300.0,multi,coherent_ab,3,33,12,57722;57722;55172;55172;55550;55550;44436;44436;58038;45454;45454;55537,86.861;86.861;84.716;84.716;84.082;84.082;81.894;81.894;81.335;80.006;80.006;79.784,0.167023689516129,8.145571291565058e-08,0.2419547912000571,0,3,3,3,0.0,0.2419547912000571,0.0,0.7241364102878726,8.145571291565058e-08,2970384.55056685,43.34288498216578,15.8929694200703,0.1847464461858508,False,20273790,100,0.3647052549144592,1.3783526755979654,0.3564356435643564,0.0297029702970297,212.24855736138028,56337.430450807085,180.30752407204253,320.4154176977915,335.842167279056,31925.681022247176,53354.11128163677,56443.16945617119,59.07217269695138,3.421084529502545,1.906264619173624,56337.430450807085,-33324.33834336546,1566056.4445053064,0.0359740740178769,1239,0.0646765607264471,-1.445965571882522,1.4440828042107998,-4096.0,4090.666666666666,C:\Users\kimeu\Downloads\starlink_pathB_wsl_package_v0_3_clean\starlink_pathB\paper_final_experiment_check\coverage_null_global_stats_fourflux\23_80_lst044_typical_frozen_polybeam_smooth_S300_multi.npz,9.10175923472585,9444.443085672718,1.7798436919007438e-05,140609741.2109375,False,False,False,False,False,False,False,False,False,False,False,False
23_80,207.2758462936688,long,typical,44,2461041.8055555555,2461041.8123785085,frozen_polybeam,smooth,1000.0,multi,coherent_ab,3,33,12,57722;57722;55172;55172;55550;55550;44436;44436;58038;45454;45454;55537,86.861;86.861;84.716;84.716;84.082;84.082;81.894;81.894;81.335;80.006;80.006;79.784,0.167023689516129,8.145571291565058e-08,0.2419547912000571,0,3,3,3,0.0,0.2419547912000571,0.0,0.7241364102878726,8.145571291565058e-08,2970384.55056685,144.4762832738859,52.976564733567656,0.6158214872861694,False,20273824,100,0.5264929981940389,1.2098521984661923,0.2772277227722772,0.0099009900990099,544.7281757693718,323000.78268701525,456.15350054356895,668.218870700857,699.7547454779238,161696.5843261567,288033.96345480834,310315.9576954307,113.47311392245012,2.714988928639756,1.1065564529675889,323000.78268701525,-293572.614880555,1566056.4445053064,0.2062510478599296,1239,0.0646765607264471,-1.445965571882522,1.4440828042107998,-4096.0,4090.666666666666,C:\Users\kimeu\Downloads\starlink_pathB_wsl_package_v0_3_clean\starlink_pathB\paper_final_experiment_check\coverage_null_global_stats_fourflux\23_80_lst044_typical_frozen_polybeam_smooth_S1000_multi.npz,9.10175923472585,9444.443085672718,1.7798436919007438e-05,140609741.2109375,False,False,False,False,False,False,False,False,False,False,False,False
23_80,207.2758462936688,long,typical,44,2461041.8055555555,2461041.8123785085,frozen_polybeam,lines,10.0,multi,coherent_ab,3,33,12,57722;57722;55172;55172;55550;55550;44436;44436;58038;45454;45454;55537,86.861;86.861;84.716;84.716;84.082;84.082;81.894;81.894;81.335;80.006;80.006;79.784,0.167023689516129,8.145571291565058e-08,0.2419547912000571,0,3,3,3,0.0,0.2419547912000571,0.0,0.7241364102878726,8.145571291565058e-08,2970384.55056685,1.4447384046211602,0.52976345397086,0.0061652641967065,False,20273858,100,0.1516314538082355,1.0587335723700655,0.4554455445544554,0.0099009900990099,7.736984355643472,1598.3387510718462,7.176315756346185,12.287343971323418,13.002308830334906,1084.2272576901914,1522.0057524578892,1580.6224240198203,2.493979842948434,3.967065879109368,2.3054240139251734,1598.3387510718462,-355.383491454086,1566056.4445053064,0.0010206137567262,1239,0.0646765607264471,-1.445965571882522,1.4440828042107998,-4096.0,4090.666666666666,C:\Users\kimeu\Downloads\starlink_pathB_wsl_package_v0_3_clean\starlink_pathB\paper_final_experiment_check\coverage_null_global_stats_fourflux\23_80_lst044_typical_frozen_polybeam_lines_S10_multi.npz,9.10175923472585,9444.443085672718,1.7798436919007438e-05,140609741.2109375,False,False,False,False,False,False,False,False,False,False,False,False
23_80,207.2758462936688,long,typical,44,2461041.8055555555,2461041.8123785085,frozen_polybeam,lines,300.0,multi,coherent_ab,3,33,12,57722;57722;55172;55172;55550;55550;44436;44436;58038;45454;45454;55537,86.861;86.861;84.716;84.716;84.082;84.082;81.894;81.894;81.335;80.006;80.006;79.784,0.167023689516129,8.145571291565058e-08,0.2419547912000571,0,3,3,3,0.0,0.2419547912000571,0.0,0.7241364102878726,8.145571291565058e-08,2970384.55056685,43.34215213863481,15.892903619125802,0.1849579259011977,False,20273926,100,0.1500634295624379,1.0335975739781895,0.4158415841584158,0.0099009900990099,212.49409350390624,56349.19105107393,199.0548944054619,319.6865800378947,333.9491417279721,40037.14702828801,52874.02505040368,53693.3448655728,60.40522753010464,2.9068180965433195,1.5839444007326533,56349.19105107393,-33350.38577917221,1566056.4445053064,0.0359815837090557,1239,0.0646765607264471,-1.445965571882522,1.4440828042107998,-4096.0,4090.666666666666,C:\Users\kimeu\Downloads\starlink_pathB_wsl_package_v0_3_clean\starlink_pathB\paper_final_experiment_check\coverage_null_global_stats_fourflux\23_80_lst044_typical_frozen_polybeam_lines_S300_multi.npz,9.10175923472585,9444.443085672718,1.7798436919007438e-05,140609741.2109375,False,False,False,False,False,False,False,False,False,False,False,False
23_80,207.2758462936688,long,typical,44,2461041.8055555555,2461041.8123785085,frozen_polybeam,lines,1000.0,single,coherent_ab,3,33,1,57722,86.861,0.167023689516129,8.145571291565058e-08,0.2419547912000571,0,3,3,3,0.0,0.2419547912000571,0.0,0.7241364102878726,8.145571291565058e-08,2970384.55056685,52.97634539708601,52.97634539708601,0.2453031605135528,False,20273943,100,-1.2647025445263371,0.7681169055340861,0.9603960396039604,0.0297029702970297,238.5427523817316,103625.4638655243,362.9787043740093,479.08948765906,483.0172098861623,98363.68753252868,103453.31216312147,103662.16852598524,66.36414240543715,1.0822296588861873,0.9435198430080732,103625.4638655243,-79629.22348305065,1566056.4445053064,0.0661696864305922,1239,0.0646765607264471,-1.445965571882522,1.4440828042107998,-4096.0,4090.666666666666,C:\Users\kimeu\Downloads\starlink_pathB_wsl_package_v0_3_clean\starlink_pathB\paper_final_experiment_check\coverage_null_global_stats_fourflux\23_80_lst044_typical_frozen_polybeam_lines_S1000_single.npz,9.10175923472585,9444.443085672718,1.7798436919007438e-05,140609741.2109375,False,False,False,False,False,False,False,False,False,False,False,False
23_80,207.2758462936688,long,typical,44,2461041.8055555555,2461041.8123785085,frozen_polybeam,lines,1000.0,multi,coherent_ab,3,33,12,57722;57722;55172;55172;55550;55550;44436;44436;58038;45454;45454;55537,86.861;86.861;84.716;84.716;84.082;84.082;81.894;81.894;81.335;80.006;80.006;79.784,0.167023689516129,8.145571291565058e-08,0.2419547912000571,0,3,3,3,0.0,0.2419547912000571,0.0,0.7241364102878726,8.145571291565058e-08,2970384.55056685,144.47384046211607,52.97634539708601,0.6165264196706595,False,20273960,100,0.9370534492153954,1.5091942985073823,0.1782178217821782,0.0099009900990099,550.4882885093502,323121.374116292,422.2343592847194,651.931314241179,742.3801622579869,146600.53658954054,294004.0855682749,306899.8768778276,92.31713537900234,2.3412620156940225,1.1169728975298585,323121.374116292,-293722.1678258063,1566056.4445053064,0.2063280511056938,1239,0.0646765607264471,-1.445965571882522,1.4440828042107998,-4096.0,4090.666666666666,C:\Users\kimeu\Downloads\starlink_pathB_wsl_package_v0_3_clean\starlink_pathB\paper_final_experiment_check\coverage_null_global_stats_fourflux\23_80_lst044_typical_frozen_polybeam_lines_S1000_multi.npz,9.10175923472585,9444.443085672718,1.7798436919007438e-05,140609741.2109375,False,False,False,False,False,False,False,False,False,False,False,False
23_80,207.2758462936688,long,typical,44,2461041.8055555555,2461041.8123785085,frozen_polybeam,khz_comb,1000.0,multi,coherent_ab,3,33,12,57722;57722;55172;55172;55550;55550;44436;44436;58038;45454;45454;55537,86.861;86.861;84.716;84.716;84.082;84.082;81.894;81.894;81.335;80.006;80.006;79.784,0.167023689516129,8.145571291565058e-08,0.2419547912000571,0,3,3,3,0.0,0.2419547912000571,0.0,0.7241364102878726,8.145571291565058e-08,2970384.55056685,127.63669773150168,45.83883790942508,0.5562741917665279,False,20274096,100,1.60997205480279,1.213585312255843,0.0792079207920792,0.0099009900990099,636.91830707498,306097.1099655928,435.2911983179944,656.240810101648,714.5269151853154,177401.85859387284,281243.5539219114,300398.86044149206,84.47079644076666,2.590795853720282,1.1007328694261675,306097.1099655928,-280011.7501171098,1566056.4445053064,0.1954572653109474,1239,0.0646765607264471,-1.445965571882522,1.4440828042107998,-4096.0,4090.666666666666,C:\Users\kimeu\Downloads\starlink_pathB_wsl_package_v0_3_clean\starlink_pathB\paper_final_experiment_check\coverage_null_global_stats_fourflux\23_80_lst044_typical_frozen_polybeam_khz_comb_S1000_multi.npz,9.10175923472585,9444.443085672718,1.7798436919007438e-05,140609741.2109375,False,False,False,False,False,False,False,False,False,False,False,False
23_80,207.2758462936688,long,typical,44,2461041.8055555555,2461041.8123785085,full_polybeam,smooth,1000.0,multi,coherent_ab,3,33,12,57722;57722;55172;55172;55550;55550;44436;44436;58038;45454;45454;55537,86.861;86.861;84.716;84.716;84.082;84.082;81.894;81.894;81.335;80.006;80.006;79.784,0.167023689516129,8.145571291565058e-08,0.2419547912000571,0,3,3,3,0.0,0.2419547912000571,0.0,0.7241364102878726,8.145571291565058e-08,2970384.55056685,202.99927674770703,71.56959965360737,0.8401405683214896,False,20274232,100,0.9016105098493852,1.3059449934179015,0.2376237623762376,0.0099009900990099,631.678800248405,321002.1230728065,504.62898964463375,760.211940497738,867.081944102292,155463.77843165878,292361.2010757868,301449.96341757727,95.04539078610615,2.63853394129696,1.1209414487195282,321002.1230728065,-283063.1865562117,1566056.4445053064,0.2049748105817515,1239,0.0646765607264471,-1.445965571882522,1.4440828042107998,-4096.0,4090.666666666666,C:\Users\kimeu\Downloads\starlink_pathB_wsl_package_v0_3_clean\starlink_pathB\paper_final_experiment_check\coverage_null_global_stats_fourflux\23_80_lst044_typical_full_polybeam_smooth_S1000_multi.npz,9.10175923472585,9444.443085672718,1.7798436919007438e-05,140609741.2109375,False,False,False,False,False,False,False,False,False,False,False,False
23_80,207.2758462936688,long,typical,44,2461041.8055555555,2461041.8123785085,full_polybeam,lines,300.0,multi,coherent_ab,3,33,12,57722;57722;55172;55172;55550;55550;44436;44436;58038;45454;45454;55537,86.861;86.861;84.716;84.716;84.082;84.082;81.894;81.894;81.335;80.006;80.006;79.784,0.167023689516129,8.145571291565058e-08,0.2419547912000571,0,3,3,3,0.0,0.2419547912000571,0.0,0.7241364102878726,8.145571291565058e-08,2970384.55056685,60.89776143539224,21.470551322148104,0.2523012733659068,False,20274334,100,0.1671487046179041,1.125508943265616,0.4554455445544554,0.0297029702970297,201.9080295774452,58903.98088476839,185.68678440971232,336.3703602992184,363.8856546233779,35104.18762137531,56847.9212261523,59295.14888726004,65.45716281709213,2.8772523578618823,1.6943614436980168,58903.98088476839,-32477.292481564204,1566056.4445053064,0.0376129360416349,1239,0.0646765607264471,-1.445965571882522,1.4440828042107998,-4096.0,4090.666666666666,C:\Users\kimeu\Downloads\starlink_pathB_wsl_package_v0_3_clean\starlink_pathB\paper_final_experiment_check\coverage_null_global_stats_fourflux\23_80_lst044_typical_full_polybeam_lines_S300_multi.npz,9.10175923472585,9444.443085672718,1.7798436919007438e-05,140609741.2109375,False,False,False,False,False,False,False,False,False,False,False,False
23_80,207.2758462936688,long,typical,44,2461041.8055555555,2461041.8123785085,full_polybeam,lines,1000.0,multi,coherent_ab,3,33,12,57722;57722;55172;55172;55550;55550;44436;44436;58038;45454;45454;55537,86.861;86.861;84.716;84.716;84.082;84.082;81.894;81.894;81.335;80.006;80.006;79.784,0.167023689516129,8.145571291565058e-08,0.2419547912000571,0,3,3,3,0.0,0.2419547912000571,0.0,0.7241364102878726,8.145571291565058e-08,2970384.55056685,202.9925381179741,71.56850440716036,0.841004244553023,False,20274368,100,0.5665186440587157,1.1955488688423046,0.3366336633663366,0.0099009900990099,635.4090041669438,321137.22904868016,533.5606614497519,750.2860082576161,828.0108283534983,189521.91081339016,295362.136788864,311311.2649287126,121.2594973725727,2.5561601832094025,1.097176455452355,321137.22904868016,-283155.7526832987,1566056.4445053064,0.2050610820417284,1239,0.0646765607264471,-1.445965571882522,1.4440828042107998,-4096.0,4090.666666666666,C:\Users\kimeu\Downloads\starlink_pathB_wsl_package_v0_3_clean\starlink_pathB\paper_final_experiment_check\coverage_null_global_stats_fourflux\23_80_lst044_typical_full_polybeam_lines_S1000_multi.npz,9.10175923472585,9444.443085672718,1.7798436919007438e-05,140609741.2109375,False,False,False,False,False,False,False,False,False,False,False,False
23_80,207.2758462936688,long,typical,44,2461041.8055555555,2461041.8123785085,full_polybeam,khz_comb,1000.0,multi,coherent_ab,3,33,12,57722;57722;55172;55172;55550;55550;44436;44436;58038;45454;45454;55537,86.861;86.861;84.716;84.716;84.082;84.082;81.894;81.894;81.335;80.006;80.006;79.784,0.167023689516129,8.145571291565058e-08,0.2419547912000571,0,3,3,3,0.0,0.2419547912000571,0.0,0.7241364102878726,8.145571291565058e-08,2970384.55056685,167.5253720442323,58.89932606161583,0.7308997465365232,False,20274504,100,0.9070549575078348,1.4516293792318675,0.2178217821782178,0.0099009900990099,595.8649197596051,286621.6547265708,461.4449910316994,709.7772172923475,763.7804340891445,153626.81767724233,261271.84235625196,274672.24749385,99.9553544865464,2.7177309807176404,1.045038006326671,286621.6547265708,-253230.21397944004,1566056.4445053064,0.1830212798090494,1239,0.0646765607264471,-1.445965571882522,1.4440828042107998,-4096.0,4090.666666666666,C:\Users\kimeu\Downloads\starlink_pathB_wsl_package_v0_3_clean\starlink_pathB\paper_final_experiment_check\coverage_null_global_stats_fourflux\23_80_lst044_typical_full_polybeam_khz_comb_S1000_multi.npz,9.10175923472585,9444.443085672718,1.7798436919007438e-05,140609741.2109375,False,False,False,False,False,False,False,False,False,False,False,False
23_80,207.2758462936688,long,stress,0,2461041.5,2461041.506822953,frozen_polybeam,smooth,300.0,multi,coherent_ab,4,10,10,58881;58881;46696;46696;48029;48029;54100;54100;58069;58069,88.065;88.065;86.822;86.617;85.104;85.104;83.508;83.508;77.989;77.989,0.2671055947580645,0.0001112423478926,0.5502745938468236,1,4,4,4,0.3308758856684498,0.5502745938468236,0.3308758856684498,0.7280464634021924,0.0001112423478926,4946.628727918531,47.40737695690594,11.104044748835577,0.0712174720083035,False,20274562,100,1.552690018708715,1.015630856300276,0.0198019801980198,0.0099009900990099,479.9412237943338,75655.81412456799,259.77376609100145,424.5127372976591,452.26603920589326,55018.40548641699,71910.68176334977,73634.5918630041,95.64105775720236,3.413670236143708,2.047490489528558,75655.81412456799,18338.610812398056,8696461.184763726,0.0086996092453235,1239,0.0646765607264471,-1.445965571882522,1.4440828042107998,-4096.0,4090.666666666666,C:\Users\kimeu\Downloads\starlink_pathB_wsl_package_v0_3_clean\starlink_pathB\paper_final_experiment_check\coverage_null_global_stats_fourflux\23_80_lst000_stress_frozen_polybeam_smooth_S300_multi.npz,9.10175923472585,9444.443085672718,1.7798436919007438e-05,140609741.2109375,False,False,True,False,False,False,False,False,False,False,False,False
23_80,207.2758462936688,long,stress,0,2461041.5,2461041.506822953,frozen_polybeam,khz_comb,300.0,multi,coherent_ab,4,10,10,58881;58881;46696;46696;48029;48029;54100;54100;58069;58069,88.065;88.065;86.822;86.617;85.104;85.104;83.508;83.508;77.989;77.989,0.2671055947580645,0.0001112423478926,0.5502745938468236,1,4,4,4,0.3308758856684498,0.5502745938468236,0.3308758856684498,0.7280464634021924,0.0001112423478926,4946.628727918531,39.01502498879369,9.13835586988563,0.0634512548955074,False,20274834,100,2.168157512250204,1.1597252038596066,0.0198019801980198,0.0099009900990099,411.3081081140091,67597.61471769519,213.3570437018552,353.80353736610914,377.1574123179252,45712.77269311251,64740.24907954094,66522.03251327934,61.58047236890343,3.895928715675725,2.401704916715854,67597.61471769519,15733.940849708872,8696461.184763726,0.0077730025215459,1239,0.0646765607264471,-1.445965571882522,1.4440828042107998,-4096.0,4090.666666666666,C:\Users\kimeu\Downloads\starlink_pathB_wsl_package_v0_3_clean\starlink_pathB\paper_final_experiment_check\coverage_null_global_stats_fourflux\23_80_lst000_stress_frozen_polybeam_khz_comb_S300_multi.npz,9.10175923472585,9444.443085672718,1.7798436919007438e-05,140609741.2109375,True,False,True,False,False,False,False,False,False,False,False,False
23_80,207.2758462936688,long,stress,0,2461041.5,2461041.506822953,full_polybeam,smooth,30.0,multi,coherent_ab,4,10,10,58881;58881;46696;46696;48029;48029;54100;54100;58069;58069,88.065;88.065;86.822;86.617;85.104;85.104;83.508;83.508;77.989;77.989,0.2671055947580645,0.0001112423478926,0.5502745938468236,1,4,4,4,0.3308758856684498,0.5502745938468236,0.3308758856684498,0.7280464634021924,0.0001112423478926,4946.628727918531,6.702080293456056,1.308793204008626,0.0096016736527354,False,20274936,100,1.288982830638742,0.9748376312396178,0.0495049504950495,0.0099009900990099,50.1336093158919,9234.519901223848,30.74608380695281,47.07807408198812,52.13843928701584,7279.162239656047,8801.019472231501,9091.26487202828,10.144981371409088,4.115501027438503,2.30042944922886,9234.519901223848,2801.5714384297817,8696461.184763726,0.0010618709961475,1239,0.0646765607264471,-1.445965571882522,1.4440828042107998,-4096.0,4090.666666666666,C:\Users\kimeu\Downloads\starlink_pathB_wsl_package_v0_3_clean\starlink_pathB\paper_final_experiment_check\coverage_null_global_stats_fourflux\23_80_lst000_stress_full_polybeam_smooth_S30_multi.npz,9.10175923472585,9444.443085672718,1.7798436919007438e-05,140609741.2109375,False,False,True,False,False,False,False,False,False,False,False,False
23_80,207.2758462936688,long,stress,0,2461041.5,2461041.506822953,full_polybeam,smooth,300.0,multi,coherent_ab,4,10,10,58881;58881;46696;46696;48029;48029;54100;54100;58069;58069,88.065;88.065;86.822;86.617;85.104;85.104;83.508;83.508;77.989;77.989,0.2671055947580645,0.0001112423478926,0.5502745938468236,1,4,4,4,0.3308758856684498,0.5502745938468236,0.3308758856684498,0.7280464634021924,0.0001112423478926,4946.628727918531,67.02080293456056,13.087932040086258,0.0960167365273543,False,20274970,100,1.6807738768404057,1.1855903786826798,0.0594059405940594,0.0297029702970297,485.02003049009886,91378.75351584418,291.0848290693266,484.4813355521666,551.0437287965633,69571.19083729993,86693.16259017197,93509.59284513976,77.82575818077385,4.43896037070286,2.292786370056036,91378.75351584418,23384.071931632425,8696461.184763726,0.0105075790685917,1239,0.0646765607264471,-1.445965571882522,1.4440828042107998,-4096.0,4090.666666666666,C:\Users\kimeu\Downloads\starlink_pathB_wsl_package_v0_3_clean\starlink_pathB\paper_final_experiment_check\coverage_null_global_stats_fourflux\23_80_lst000_stress_full_polybeam_smooth_S300_multi.npz,9.10175923472585,9444.443085672718,1.7798436919007438e-05,140609741.2109375,False,False,False,False,False,False,False,False,False,False,False,False
23_80,207.2758462936688,long,stress,0,2461041.5,2461041.506822953,full_polybeam,lines,30.0,multi,coherent_ab,4,10,10,58881;58881;46696;46696;48029;48029;54100;54100;58069;58069,88.065;88.065;86.822;86.617;85.104;85.104;83.508;83.508;77.989;77.989,0.2671055947580645,0.0001112423478926,0.5502745938468236,1,4,4,4,0.3308758856684498,0.5502745938468236,0.3308758856684498,0.7280464634021924,0.0001112423478926,4946.628727918531,6.702013270322169,1.308790025440975,0.0096085753757504,False,20275072,100,1.6028794744817696,1.3661487581625582,0.0297029702970297,0.0099009900990099,50.229266314036806,9227.85833426004,27.77097689864786,45.76423438998126,53.01112001385796,6285.075488247826,8591.979469453609,9019.38650207631,9.450435248244958,3.454241864567695,2.3603381314435774,9227.85833426004,2803.2827917067134,8696461.184763726,0.0010611049872133,1239,0.0646765607264471,-1.445965571882522,1.4440828042107998,-4096.0,4090.666666666666,C:\Users\kimeu\Downloads\starlink_pathB_wsl_package_v0_3_clean\starlink_pathB\paper_final_experiment_check\coverage_null_global_stats_fourflux\23_80_lst000_stress_full_polybeam_lines_S30_multi.npz,9.10175923472585,9444.443085672718,1.7798436919007438e-05,140609741.2109375,False,False,True,False,False,False,False,False,False,False,False,False
23_80,207.2758462936688,long,stress,0,2461041.5,2461041.506822953,full_polybeam,lines,300.0,multi,coherent_ab,4,10,10,58881;58881;46696;46696;48029;48029;54100;54100;58069;58069,88.065;88.065;86.822;86.617;85.104;85.104;83.508;83.508;77.989;77.989,0.2671055947580645,0.0001112423478926,0.5502745938468236,1,4,4,4,0.3308758856684498,0.5502745938468236,0.3308758856684498,0.7280464634021924,0.0001112423478926,4946.628727918531,67.02013270322169,13.087900254409748,0.0960857537575047,False,20275106,100,1.5129608044129796,1.138256340128332,0.0495049504950495,0.0099009900990099,486.10758227480005,91307.85213905698,301.41056313128684,467.0936383052736,494.2395351470357,65445.596717435415,88087.05372052189,89972.614849323,82.33949772645065,3.7374622848675343,2.404934966622017,91307.85213905698,23403.969967473156,8696461.184763726,0.0104994261687764,1239,0.0646765607264471,-1.445965571882522,1.4440828042107998,-4096.0,4090.666666666666,C:\Users\kimeu\Downloads\starlink_pathB_wsl_package_v0_3_clean\starlink_pathB\paper_final_experiment_check\coverage_null_global_stats_fourflux\23_80_lst000_stress_full_polybeam_lines_S300_multi.npz,9.10175923472585,9444.443085672718,1.7798436919007438e-05,140609741.2109375,False,False,True,False,False,False,False,False,False,False,False,False
23_80,207.2758462936688,long,stress,0,2461041.5,2461041.506822953,full_polybeam,lines,1000.0,multi,coherent_ab,4,10,10,58881;58881;46696;46696;48029;48029;54100;54100;58069;58069,88.065;88.065;86.822;86.617;85.104;85.104;83.508;83.508;77.989;77.989,0.2671055947580645,0.0001112423478926,0.5502745938468236,1,4,4,4,0.3308758856684498,0.5502745938468236,0.3308758856684498,0.7280464634021924,0.0001112423478926,4946.628727918531,223.40044234407227,43.62633418136584,0.320285845858349,False,20275140,100,1.2883210374720502,0.965104559730132,0.0693069306930693,0.0198019801980198,1494.2454904521874,301294.3463975702,888.336724660483,1528.2296645778522,1703.1803775135702,215606.7173073999,300287.8239598028,301362.9588412734,317.2189630732777,3.778594780375713,2.20318816668228,301294.3463975702,38010.75711730341,8696461.184763726,0.0346456265366239,1239,0.0646765607264471,-1.445965571882522,1.4440828042107998,-4096.0,4090.666666666666,C:\Users\kimeu\Downloads\starlink_pathB_wsl_package_v0_3_clean\starlink_pathB\paper_final_experiment_check\coverage_null_global_stats_fourflux\23_80_lst000_stress_full_polybeam_lines_S1000_multi.npz,9.10175923472585,9444.443085672718,1.7798436919007438e-05,140609741.2109375,False,False,False,False,False,False,False,False,False,False,False,False
4_196,190.65540049004915,long,quiet,48,2461041.833333333,2461041.8401562865,full_polybeam,smooth,1000.0,multi,coherent_ab,2,35,12,53005;45654;45654;57260;57260;57500;57500;54553;54553;57120;55418;55418,89.168;88.462;88.462;87.660;87.659;87.369;87.369;86.970;86.970;82.359;81.503;81.502,0.1663831485215053,5.3123270866481575e-09,0.0149220859960422,0,2,2,2,0.0,0.0149220859960422,0.0,0.0457676818690719,5.3123270866481575e-09,2808954.6732818866,400.1930151357784,193.87270086426116,0.7776289624677127,False,20275868,100,-0.42105492743911,2.123109947009737,0.693069306930693,0.0099009900990099,1637.0693938908298,371632.2028616028,1763.4537552710808,2217.712408422155,2548.1729758458177,316853.5651782529,361432.22264941584,369404.5955489144,202.4559703214909,2.9935047771683445,1.4244150968391402,371632.2028616028,88355.48215377798,18440185.57615971,0.0201533873575581,1261,0.0594904606982005,-1.445965571882522,1.4440828042107998,-4096.0,4090.666666666666,C:\Users\kimeu\Downloads\starlink_pathB_wsl_package_v0_3_clean\starlink_pathB\paper_final_experiment_check\coverage_null_global_stats_fourflux\4_196_lst048_quiet_full_polybeam_smooth_S1000_multi.npz,9.10175923472585,9444.443085672718,1.7798436919007438e-05,140609741.2109375,False,False,False,False,False,False,False,False,False,False,False,False
4_196,190.65540049004915,long,quiet,48,2461041.833333333,2461041.8401562865,full_polybeam,lines,300.0,multi,coherent_ab,2,35,12,53005;45654;45654;57260;57260;57500;57500;54553;54553;57120;55418;55418,89.168;88.462;88.462;87.660;87.659;87.369;87.369;86.970;86.970;82.359;81.503;81.502,0.1663831485215053,5.3123270866481575e-09,0.0149220859960422,0,2,2,2,0.0,0.0149220859960422,0.0,0.0457676818690719,5.3123270866481575e-09,2808954.6732818866,120.05268500012986,58.15957615411072,0.2334926933027372,False,20275970,100,-0.2508431805351692,2.158511555169601,0.5841584158415841,0.0297029702970297,507.7174882610743,102454.04603192728,528.0341537386157,667.6002702760277,694.9756170387695,91287.7350016582,100080.93104784693,102955.99816703064,54.629362850299,3.6869450462905946,1.4614400136580357,102454.04603192728,23725.415792554075,18440185.57615971,0.0055560203344365,1261,0.0594904606982005,-1.445965571882522,1.4440828042107998,-4096.0,4090.666666666666,C:\Users\kimeu\Downloads\starlink_pathB_wsl_package_v0_3_clean\starlink_pathB\paper_final_experiment_check\coverage_null_global_stats_fourflux\4_196_lst048_quiet_full_polybeam_lines_S300_multi.npz,9.10175923472585,9444.443085672718,1.7798436919007438e-05,140609741.2109375,False,False,False,False,False,False,False,False,False,False,False,False
4_196,190.65540049004915,long,quiet,48,2461041.833333333,2461041.8401562865,full_polybeam,lines,1000.0,multi,coherent_ab,2,35,12,53005;45654;45654;57260;57260;57500;57500;54553;54553;57120;55418;55418,89.168;88.462;88.462;87.660;87.659;87.369;87.369;86.970;86.970;82.359;81.503;81.502,0.1663831485215053,5.3123270866481575e-09,0.0149220859960422,0,2,2,2,0.0,0.0149220859960422,0.0,0.0457676818690719,5.3123270866481575e-09,2808954.6732818866,400.1756166670996,193.8652538470357,0.7783089776757911,False,20276004,100,-0.805074699342023,2.0544886125887776,0.7524752475247525,0.0198019801980198,1638.174399943342,371396.14819947537,1896.105056213028,2280.581689909375,2374.80139381704,315592.49361435266,361422.92037111486,370071.8508635199,216.0940399466308,3.262654479269329,1.477615852472795,371396.14819947537,88121.58097207893,18440185.57615971,0.0201405862574199,1261,0.0594904606982005,-1.445965571882522,1.4440828042107998,-4096.0,4090.666666666666,C:\Users\kimeu\Downloads\starlink_pathB_wsl_package_v0_3_clean\starlink_pathB\paper_final_experiment_check\coverage_null_global_stats_fourflux\4_196_lst048_quiet_full_polybeam_lines_S1000_multi.npz,9.10175923472585,9444.443085672718,1.7798436919007438e-05,140609741.2109375,False,False,False,False,False,False,False,False,False,False,False,False
4_196,190.65540049004915,long,typical,53,2461041.8680555555,2461041.8748785085,frozen_polybeam,smooth,1000.0,multi,coherent_ab,3,37,12,59849;59849;51771;57225;57225;58067;58067;57221;57221;58240;58240;58912,87.319;87.318;86.889;86.065;86.065;84.828;84.828;84.099;84.099;82.316;82.316;81.953,0.1665616599462365,1.04736401041449e-07,0.3041325609933296,1,3,3,3,0.0023396773596836,0.3041325609933296,0.0023396773596836,0.4996640359057469,1.04736401041449e-07,2903790.4488714524,1276.3103172127614,510.37077596584834,2.556364660017184,False,20276281,100,1.3035614768633743,0.9507061180444312,0.1287128712871287,0.0198019801980198,4988.7225946740255,14858739.63384424,3208.402204589496,5753.17214246626,6342.237456934314,9350003.904832644,14236804.914282495,14710210.304162914,921.1760805552244,2.815133437603351,0.0944795036918045,14858739.63384424,-14758175.337380622,4081507.601772917,3.640502746433679,1261,0.0594904606982005,-1.445965571882522,1.4440828042107998,-4096.0,4090.666666666666,C:\Users\kimeu\Downloads\starlink_pathB_wsl_package_v0_3_clean\starlink_pathB\paper_final_experiment_check\coverage_null_global_stats_fourflux\4_196_lst053_typical_frozen_polybeam_smooth_S1000_multi.npz,9.10175923472585,9444.443085672718,1.7798436919007438e-05,140609741.2109375,False,False,False,False,False,False,False,False,False,False,False,False
4_196,190.65540049004915,long,typical,53,2461041.8680555555,2461041.8748785085,frozen_polybeam,khz_comb,300.0,multi,coherent_ab,3,37,12,59849;59849;51771;57225;57225;58067;58067;57221;57221;58240;58240;58912,87.319;87.318;86.889;86.065;86.065;84.828;84.828;84.099;84.099;82.316;82.316;81.953,0.1665616599462365,1.04736401041449e-07,0.3041325609933296,1,3,3,3,0.0023396773596836,0.3041325609933296,0.0023396773596836,0.4996640359057469,1.04736401041449e-07,2903790.4488714524,339.267565142721,134.7028297880184,0.6898726849174717,False,20276519,100,0.8078329823833891,1.1884181448641284,0.2277227722772277,0.0297029702970297,1398.56926193759,1312720.083854434,1046.6546034771272,1712.645629738391,1780.4411617181831,613499.5946010693,1270469.7372001824,1366820.1876381412,293.82705389874025,2.6003202066174684,0.8253204307759361,1312720.083854434,-1255629.889742287,4081507.601772917,0.321626274390428,1261,0.0594904606982005,-1.445965571882522,1.4440828042107998,-4096.0,4090.666666666666,C:\Users\kimeu\Downloads\starlink_pathB_wsl_package_v0_3_clean\starlink_pathB\paper_final_experiment_check\coverage_null_global_stats_fourflux\4_196_lst053_typical_frozen_polybeam_khz_comb_S300_multi.npz,9.10175923472585,9444.443085672718,1.7798436919007438e-05,140609741.2109375,False,False,False,False,False,False,False,False,False,False,False,False
4_196,190.65540049004915,long,typical,53,2461041.8680555555,2461041.8748785085,frozen_polybeam,khz_comb,1000.0,multi,coherent_ab,3,37,12,59849;59849;51771;57225;57225;58067;58067;57221;57221;58240;58240;58912,87.319;87.318;86.889;86.065;86.065;84.828;84.828;84.099;84.099;82.316;82.316;81.953,0.1665616599462365,1.04736401041449e-07,0.3041325609933296,1,3,3,3,0.0023396773596836,0.3041325609933296,0.0023396773596836,0.4996640359057469,1.04736401041449e-07,2903790.4488714524,1130.89188380907,449.009432626728,2.299575616391573,False,20276553,100,0.4731740564923247,0.9177972833829492,0.3564356435643564,0.0297029702970297,2775.204958790946,14248952.295571564,2320.1496199096173,4337.5801695129085,4844.789400656587,7394972.672039918,13524520.621926753,14448894.720399683,648.6632496321688,2.682025684880962,-0.0795836736191882,14248952.295571564,-14188035.887642711,4081507.601772917,3.4911002712287327,1261,0.0594904606982005,-1.445965571882522,1.4440828042107998,-4096.0,4090.666666666666,C:\Users\kimeu\Downloads\starlink_pathB_wsl_package_v0_3_clean\starlink_pathB\paper_final_experiment_check\coverage_null_global_stats_fourflux\4_196_lst053_typical_frozen_polybeam_khz_comb_S1000_multi.npz,9.10175923472585,9444.443085672718,1.7798436919007438e-05,140609741.2109375,False,False,False,False,False,False,False,False,False,False,False,False
4_196,190.65540049004915,long,typical,53,2461041.8680555555,2461041.8748785085,full_polybeam,smooth,1000.0,multi,coherent_ab,3,37,12,59849;59849;51771;57225;57225;58067;58067;57221;57221;58240;58240;58912,87.319;87.318;86.889;86.065;86.065;84.828;84.828;84.099;84.099;82.316;82.316;81.953,0.1665616599462365,1.04736401041449e-07,0.3041325609933296,1,3,3,3,0.0023396773596836,0.3041325609933296,0.0023396773596836,0.4996640359057469,1.04736401041449e-07,2903790.4488714524,1845.893464299048,657.3278219913257,3.412424605389046,False,20276689,100,1.2289672787982835,1.6050193555364385,0.1188118811881188,0.0099009900990099,14080.416108967216,14245156.792848976,7240.750363040508,16094.83298720455,17624.938617200147,4888260.67548326,12848694.944200655,13120041.508978449,3753.795095380535,4.10748944700843,0.9618459833636496,14245156.792848976,-13681293.591419058,4081507.601772917,3.49017034457101,1261,0.0594904606982005,-1.445965571882522,1.4440828042107998,-4096.0,4090.666666666666,C:\Users\kimeu\Downloads\starlink_pathB_wsl_package_v0_3_clean\starlink_pathB\paper_final_experiment_check\coverage_null_global_stats_fourflux\4_196_lst053_typical_full_polybeam_smooth_S1000_multi.npz,9.10175923472585,9444.443085672718,1.7798436919007438e-05,140609741.2109375,False,False,False,False,False,False,False,False,False,False,False,False
4_196,190.65540049004915,long,typical,53,2461041.8680555555,2461041.8748785085,full_polybeam,khz_comb,1000.0,multi,coherent_ab,3,37,12,59849;59849;51771;57225;57225;58067;58067;57221;57221;58240;58240;58912,87.319;87.318;86.889;86.065;86.065;84.828;84.828;84.099;84.099;82.316;82.316;81.953,0.1665616599462365,1.04736401041449e-07,0.3041325609933296,1,3,3,3,0.0023396773596836,0.3041325609933296,0.0023396773596836,0.4996640359057469,1.04736401041449e-07,2903790.4488714524,1519.0951338316145,540.9582546810772,2.970035331556951,False,20276961,100,1.6920654630008634,1.2994349837830712,0.0297029702970297,0.0198019801980198,10521.935460183762,12731677.71979092,5352.6079770915685,9825.823852868096,11161.871876843214,5571933.460407058,11867089.019767966,12424131.362110928,2060.5961744946453,5.207289042667071,0.7836606109467981,12731677.71979092,-12414571.375792056,4081507.601772917,3.11935661084168,1261,0.0594904606982005,-1.445965571882522,1.4440828042107998,-4096.0,4090.666666666666,C:\Users\kimeu\Downloads\starlink_pathB_wsl_package_v0_3_clean\starlink_pathB\paper_final_experiment_check\coverage_null_global_stats_fourflux\4_196_lst053_typical_full_polybeam_khz_comb_S1000_multi.npz,9.10175923472585,9444.443085672718,1.7798436919007438e-05,140609741.2109375,False,False,True,False,False,False,False,False,False,False,False,False
4_196,190.65540049004915,long,stress,0,2461041.5,2461041.506822953,frozen_polybeam,smooth,30.0,multi,coherent_ab,4,10,10,58881;58881;46696;46696;48029;48029;54100;54100;58069;58069,88.065;88.065;86.822;86.617;85.104;85.104;83.508;83.508;77.989;77.989,0.2652994791666667,0.0001677236185346,0.5502745938468236,1,4,4,4,0.3308758856684498,0.5502745938468236,0.3308758856684498,0.7280464634021924,0.0001677236185346,3280.8414143128903,5.870099410817268,2.0487313659108346,0.0093293335485089,False,20276976,100,0.7302923955530711,1.1824743435410836,0.2178217821782178,0.0099009900990099,55.34740883187436,14326.166487295384,40.51831527777085,67.97950312176366,80.11436098288335,9316.216049446395,13271.13966240345,13729.189771141246,13.696002634782872,3.347317321665839,2.195436948004713,14326.166487295384,-1491.2698338469957,7539724.135843243,0.001900091598735,1261,0.0594904606982005,-1.445965571882522,1.4440828042107998,-4096.0,4090.666666666666,C:\Users\kimeu\Downloads\starlink_pathB_wsl_package_v0_3_clean\starlink_pathB\paper_final_experiment_check\coverage_null_global_stats_fourflux\4_196_lst000_stress_frozen_polybeam_smooth_S30_multi.npz,9.10175923472585,9444.443085672718,1.7798436919007438e-05,140609741.2109375,False,False,False,False,False,False,False,False,False,False,False,False
4_196,190.65540049004915,long,stress,0,2461041.5,2461041.506822953,frozen_polybeam,smooth,300.0,multi,coherent_ab,4,10,10,58881;58881;46696;46696;48029;48029;54100;54100;58069;58069,88.065;88.065;86.822;86.617;85.104;85.104;83.508;83.508;77.989;77.989,0.2652994791666667,0.0001677236185346,0.5502745938468236,1,4,4,4,0.3308758856684498,0.5502745938468236,0.3308758856684498,0.7280464634021924,0.0001677236185346,3280.8414143128903,58.70099410817268,20.487313659108345,0.0932933354850898,False,20277010,100,0.5578470548887324,1.024273134546306,0.2673267326732673,0.0099009900990099,544.7503986677978,144384.1008018176,446.7600255226405,656.9742857783962,852.491643728749,107385.32786082652,136950.32141736825,140950.07331853468,118.47978872498491,3.808627242368746,2.3196228656638174,144384.1008018176,-19220.294539014238,7539724.135843243,0.0191497856155541,1261,0.0594904606982005,-1.445965571882522,1.4440828042107998,-4096.0,4090.666666666666,C:\Users\kimeu\Downloads\starlink_pathB_wsl_package_v0_3_clean\starlink_pathB\paper_final_experiment_check\coverage_null_global_stats_fourflux\4_196_lst000_stress_frozen_polybeam_smooth_S300_multi.npz,9.10175923472585,9444.443085672718,1.7798436919007438e-05,140609741.2109375,False,False,False,False,False,False,False,False,False,False,False,False
4_196,190.65540049004915,long,stress,0,2461041.5,2461041.506822953,frozen_polybeam,smooth,1000.0,multi,coherent_ab,4,10,10,58881;58881;46696;46696;48029;48029;54100;54100;58069;58069,88.065;88.065;86.822;86.617;85.104;85.104;83.508;83.508;77.989;77.989,0.2652994791666667,0.0001677236185346,0.5502745938468236,1,4,4,4,0.3308758856684498,0.5502745938468236,0.3308758856684498,0.7280464634021924,0.0001677236185346,3280.8414143128903,195.66998036057564,68.29104553036115,0.3109777849502996,False,20277044,100,0.7521196791767785,1.3197760177834374,0.2178217821782178,0.0198019801980198,1834.4293172278683,504678.7989944314,1333.3074778040716,2426.347313337661,2697.93220772118,294545.56454624527,470336.4864942776,499349.89841593336,449.3992903273325,3.883543855884697,2.3196990140063813,504678.7989944314,-101293.78846808845,7539724.135843243,0.0669359766884876,1261,0.0594904606982005,-1.445965571882522,1.4440828042107998,-4096.0,4090.666666666666,C:\Users\kimeu\Downloads\starlink_pathB_wsl_package_v0_3_clean\starlink_pathB\paper_final_experiment_check\coverage_null_global_stats_fourflux\4_196_lst000_stress_frozen_polybeam_smooth_S1000_multi.npz,9.10175923472585,9444.443085672718,1.7798436919007438e-05,140609741.2109375,False,False,False,False,False,False,False,False,False,False,False,False
4_196,190.65540049004915,long,stress,0,2461041.5,2461041.506822953,frozen_polybeam,lines,30.0,multi,coherent_ab,4,10,10,58881;58881;46696;46696;48029;48029;54100;54100;58069;58069,88.065;88.065;86.822;86.617;85.104;85.104;83.508;83.508;77.989;77.989,0.2652994791666667,0.0001677236185346,0.5502745938468236,1,4,4,4,0.3308758856684498,0.5502745938468236,0.3308758856684498,0.7280464634021924,0.0001677236185346,3280.8414143128903,5.869541770551916,2.048589066714721,0.0093369640607823,False,20277112,100,0.8876948112800298,1.2082197811413815,0.2475247524752475,0.0099009900990099,55.48494065575447,14322.151439122088,40.70963376160216,72.5113712066388,91.0751696410878,9775.550739090046,13605.194630232463,13758.009045503306,11.226615095526084,3.308391065846583,1.9814314673667115,14322.151439122088,-1500.777246863176,7539724.135843243,0.0018995590794941,1261,0.0594904606982005,-1.445965571882522,1.4440828042107998,-4096.0,4090.666666666666,C:\Users\kimeu\Downloads\starlink_pathB_wsl_package_v0_3_clean\starlink_pathB\paper_final_experiment_check\coverage_null_global_stats_fourflux\4_196_lst000_stress_frozen_polybeam_lines_S30_multi.npz,9.10175923472585,9444.443085672718,1.7798436919007438e-05,140609741.2109375,False,False,False,False,False,False,False,False,False,False,False,False
4_196,190.65540049004915,long,stress,0,2461041.5,2461041.506822953,frozen_polybeam,lines,300.0,multi,coherent_ab,4,10,10,58881;58881;46696;46696;48029;48029;54100;54100;58069;58069,88.065;88.065;86.822;86.617;85.104;85.104;83.508;83.508;77.989;77.989,0.2652994791666667,0.0001677236185346,0.5502745938468236,1,4,4,4,0.3308758856684498,0.5502745938468236,0.3308758856684498,0.7280464634021924,0.0001677236185346,3280.8414143128903,58.69541770551915,20.485890667147213,0.0933696406078234,False,20277146,100,0.3562353122164714,1.0642841021777198,0.3267326732673267,0.0099009900990099,545.7128457293927,144333.67282887883,479.6993085000846,745.9326115056824,885.0328634751825,115728.90617510644,137222.7698073207,139397.89216484188,124.989071365491,3.253281403736861,1.7569157070912087,144333.67282887883,-19315.08508582161,7539724.135843243,0.0191430973107793,1261,0.0594904606982005,-1.445965571882522,1.4440828042107998,-4096.0,4090.666666666666,C:\Users\kimeu\Downloads\starlink_pathB_wsl_package_v0_3_clean\starlink_pathB\paper_final_experiment_check\coverage_null_global_stats_fourflux\4_196_lst000_stress_frozen_polybeam_lines_S300_multi.npz,9.10175923472585,9444.443085672718,1.7798436919007438e-05,140609741.2109375,False,False,False,False,False,False,False,False,False,False,False,False
4_196,190.65540049004915,long,stress,0,2461041.5,2461041.506822953,frozen_polybeam,lines,1000.0,multi,coherent_ab,4,10,10,58881;58881;46696;46696;48029;48029;54100;54100;58069;58069,88.065;88.065;86.822;86.617;85.104;85.104;83.508;83.508;77.989;77.989,0.2652994791666667,0.0001677236185346,0.5502745938468236,1,4,4,4,0.3308758856684498,0.5502745938468236,0.3308758856684498,0.7280464634021924,0.0001677236185346,3280.8414143128903,195.6513923517305,68.28630222382405,0.3112321353594116,False,20277180,100,0.9501517853204025,1.140920279060293,0.1881188118811881,0.0099009900990099,1814.336066689837,504664.86432913656,1241.7993302011614,2398.3408586944856,2947.9204252145228,312544.362497648,471930.6875492626,491562.01186519454,406.4305768707016,3.4824428141737065,2.1714148597883494,504664.86432913656,-101607.30623709432,7539724.135843243,0.0669341285220238,1261,0.0594904606982005,-1.445965571882522,1.4440828042107998,-4096.0,4090.666666666666,C:\Users\kimeu\Downloads\starlink_pathB_wsl_package_v0_3_clean\starlink_pathB\paper_final_experiment_check\coverage_null_global_stats_fourflux\4_196_lst000_stress_frozen_polybeam_lines_S1000_multi.npz,9.10175923472585,9444.443085672718,1.7798436919007438e-05,140609741.2109375,False,False,False,False,False,False,False,False,False,False,False,False
4_196,190.65540049004915,long,stress,0,2461041.5,2461041.506822953,frozen_polybeam,khz_comb,30.0,multi,coherent_ab,4,10,10,58881;58881;46696;46696;48029;48029;54100;54100;58069;58069,88.065;88.065;86.822;86.617;85.104;85.104;83.508;83.508;77.989;77.989,0.2652994791666667,0.0001677236185346,0.5502745938468236,1,4,4,4,0.3308758856684498,0.5502745938468236,0.3308758856684498,0.7280464634021924,0.0001677236185346,3280.8414143128903,4.981392967012123,1.685944346695328,0.0083733766182126,False,20277248,100,0.7103589886022599,1.1920911269822274,0.3069306930693069,0.0099009900990099,45.8303377313883,13035.03149442375,33.16504581550589,65.06429692955957,71.90841367902867,7793.87149704279,12460.808990061723,12702.725130700188,12.025782034721942,3.2595961875626136,2.072801568816079,13035.03149442375,-1462.6874239090453,7539724.135843243,0.0017288472707451,1261,0.0594904606982005,-1.445965571882522,1.4440828042107998,-4096.0,4090.666666666666,C:\Users\kimeu\Downloads\starlink_pathB_wsl_package_v0_3_clean\starlink_pathB\paper_final_experiment_check\coverage_null_global_stats_fourflux\4_196_lst000_stress_frozen_polybeam_khz_comb_S30_multi.npz,9.10175923472585,9444.443085672718,1.7798436919007438e-05,140609741.2109375,False,False,False,False,False,False,False,False,False,False,False,False
4_196,190.65540049004915,long,stress,0,2461041.5,2461041.506822953,frozen_polybeam,khz_comb,300.0,multi,coherent_ab,4,10,10,58881;58881;46696;46696;48029;48029;54100;54100;58069;58069,88.065;88.065;86.822;86.617;85.104;85.104;83.508;83.508;77.989;77.989,0.2652994791666667,0.0001677236185346,0.5502745938468236,1,4,4,4,0.3308758856684498,0.5502745938468236,0.3308758856684498,0.7280464634021924,0.0001677236185346,3280.8414143128903,49.813929670121226,16.85944346695328,0.0837337661821264,False,20277282,100,0.4193236860608538,1.0305412816917368,0.3465346534653465,0.0297029702970297,455.5974241855874,131473.89898899087,378.69123893257176,700.1256584466603,777.7278570482173,91004.73057006933,125658.66472227855,132731.81798392572,123.70517818119708,3.703295800695326,2.14773706383826,131473.89898899087,-18832.381902839017,7539724.135843243,0.0174374946112384,1261,0.0594904606982005,-1.445965571882522,1.4440828042107998,-4096.0,4090.666666666666,C:\Users\kimeu\Downloads\starlink_pathB_wsl_package_v0_3_clean\starlink_pathB\paper_final_experiment_check\coverage_null_global_stats_fourflux\4_196_lst000_stress_frozen_polybeam_khz_comb_S300_multi.npz,9.10175923472585,9444.443085672718,1.7798436919007438e-05,140609741.2109375,False,False,False,False,False,False,False,False,False,False,False,False
4_196,190.65540049004915,long,stress,0,2461041.5,2461041.506822953,frozen_polybeam,khz_comb,1000.0,multi,coherent_ab,4,10,10,58881;58881;46696;46696;48029;48029;54100;54100;58069;58069,88.065;88.065;86.822;86.617;85.104;85.104;83.508;83.508;77.989;77.989,0.2652994791666667,0.0001677236185346,0.5502745938468236,1,4,4,4,0.3308758856684498,0.5502745938468236,0.3308758856684498,0.7280464634021924,0.0001677236185346,3280.8414143128903,166.04643223373745,56.198144889844265,0.2791125539404214,False,20277316,100,0.2899648427216015,1.0791443502974376,0.3663366336633663,0.0099009900990099,1570.8035315458292,457987.3318125623,1369.8562247125406,2294.291798918044,2407.4343686827538,317032.3564011331,435194.6549109783,452553.4400030565,467.42598284886526,3.31859462259401,2.1360644591596905,457987.3318125623,-99118.4997332166,7539724.135843243,0.0607432478378522,1261,0.0594904606982005,-1.445965571882522,1.4440828042107998,-4096.0,4090.666666666666,C:\Users\kimeu\Downloads\starlink_pathB_wsl_package_v0_3_clean\starlink_pathB\paper_final_experiment_check\coverage_null_global_stats_fourflux\4_196_lst000_stress_frozen_polybeam_khz_comb_S1000_multi.npz,9.10175923472585,9444.443085672718,1.7798436919007438e-05,140609741.2109375,False,False,False,False,False,False,False,False,False,False,False,False
4_196,190.65540049004915,long,stress,0,2461041.5,2461041.506822953,full_polybeam,smooth,30.0,multi,coherent_ab,4,10,10,58881;58881;46696;46696;48029;48029;54100;54100;58069;58069,88.065;88.065;86.822;86.617;85.104;85.104;83.508;83.508;77.989;77.989,0.2652994791666667,0.0001677236185346,0.5502745938468236,1,4,4,4,0.3308758856684498,0.5502745938468236,0.3308758856684498,0.7280464634021924,0.0001677236185346,3280.8414143128903,8.267110729768282,2.7985978692345355,0.0123717993782229,False,20277384,100,0.6405330091300847,0.9264513064571732,0.2475247524752475,0.0297029702970297,73.44014202852932,17900.308596229246,54.503242869303904,87.65254687416372,98.14586065894142,12596.677732131644,17329.211196744905,18013.65547632832,19.940835700855587,3.6382217128100702,2.145181745779673,17900.308596229246,-1228.927646970154,7539724.135843243,0.0023741330947551,1261,0.0594904606982005,-1.445965571882522,1.4440828042107998,-4096.0,4090.666666666666,C:\Users\kimeu\Downloads\starlink_pathB_wsl_package_v0_3_clean\starlink_pathB\paper_final_experiment_check\coverage_null_global_stats_fourflux\4_196_lst000_stress_full_polybeam_smooth_S30_multi.npz,9.10175923472585,9444.443085672718,1.7798436919007438e-05,140609741.2109375,False,False,False,False,False,False,False,False,False,False,False,False
4_196,190.65540049004915,long,stress,0,2461041.5,2461041.506822953,full_polybeam,smooth,300.0,multi,coherent_ab,4,10,10,58881;58881;46696;46696;48029;48029;54100;54100;58069;58069,88.065;88.065;86.822;86.617;85.104;85.104;83.508;83.508;77.989;77.989,0.2652994791666667,0.0001677236185346,0.5502745938468236,1,4,4,4,0.3308758856684498,0.5502745938468236,0.3308758856684498,0.7280464634021924,0.0001677236185346,3280.8414143128903,82.67110729768284,27.98597869234536,0.1237179937822295,False,20277418,100,0.727007499735385,1.0127492504074709,0.2277227722772277,0.0099009900990099,726.6439118662446,181304.0443951763,549.0216575665982,918.34815935393,1014.2190503183268,129185.31886907676,171710.46529168825,174017.23896507188,164.79138006983385,3.262294848194804,2.05135807236248,181304.0443951763,-16374.80250959559,7539724.135843243,0.0240465090139401,1261,0.0594904606982005,-1.445965571882522,1.4440828042107998,-4096.0,4090.666666666666,C:\Users\kimeu\Downloads\starlink_pathB_wsl_package_v0_3_clean\starlink_pathB\paper_final_experiment_check\coverage_null_global_stats_fourflux\4_196_lst000_stress_full_polybeam_smooth_S300_multi.npz,9.10175923472585,9444.443085672718,1.7798436919007438e-05,140609741.2109375,False,False,False,False,False,False,False,False,False,False,False,False
4_196,190.65540049004915,long,stress,0,2461041.5,2461041.506822953,full_polybeam,smooth,1000.0,multi,coherent_ab,4,10,10,58881;58881;46696;46696;48029;48029;54100;54100;58069;58069,88.065;88.065;86.822;86.617;85.104;85.104;83.508;83.508;77.989;77.989,0.2652994791666667,0.0001677236185346,0.5502745938468236,1,4,4,4,0.3308758856684498,0.5502745938468236,0.3308758856684498,0.7280464634021924,0.0001677236185346,3280.8414143128903,275.57035765894284,93.28659564115118,0.4123933126074318,False,20277452,100,0.5277959362630698,1.0861277678818757,0.3069306930693069,0.0198019801980198,2355.106176673232,660535.4465107054,1860.9765780640355,3017.1819283549435,3271.363566997441,462576.9856883092,632100.9434704272,638959.2268792227,631.4672496448743,3.0330245646009355,1.993853853271572,660535.4465107054,-89889.6901915725,7539724.135843243,0.0876073758946395,1261,0.0594904606982005,-1.445965571882522,1.4440828042107998,-4096.0,4090.666666666666,C:\Users\kimeu\Downloads\starlink_pathB_wsl_package_v0_3_clean\starlink_pathB\paper_final_experiment_check\coverage_null_global_stats_fourflux\4_196_lst000_stress_full_polybeam_smooth_S1000_multi.npz,9.10175923472585,9444.443085672718,1.7798436919007438e-05,140609741.2109375,False,False,False,False,False,False,False,False,False,False,False,False
4_196,190.65540049004915,long,stress,0,2461041.5,2461041.506822953,full_polybeam,lines,30.0,multi,coherent_ab,4,10,10,58881;58881;46696;46696;48029;48029;54100;54100;58069;58069,88.065;88.065;86.822;86.617;85.104;85.104;83.508;83.508;77.989;77.989,0.2652994791666667,0.0001677236185346,0.5502745938468236,1,4,4,4,0.3308758856684498,0.5502745938468236,0.3308758856684498,0.7280464634021924,0.0001677236185346,3280.8414143128903,8.266217567215275,2.79833861336913,0.0123809023280698,False,20277520,100,1.122854352635325,1.182031789038902,0.0693069306930693,0.0198019801980198,73.55848861889066,17898.673098059182,46.80439674668196,73.78112543876072,85.74848910835959,11725.960110736807,17113.109082168216,17690.07771613936,16.070995943187427,4.457115336119556,2.3353166596486106,17898.673098059182,-1239.1697512209926,7539724.135843243,0.0023739161772471,1261,0.0594904606982005,-1.445965571882522,1.4440828042107998,-4096.0,4090.666666666666,C:\Users\kimeu\Downloads\starlink_pathB_wsl_package_v0_3_clean\starlink_pathB\paper_final_experiment_check\coverage_null_global_stats_fourflux\4_196_lst000_stress_full_polybeam_lines_S30_multi.npz,9.10175923472585,9444.443085672718,1.7798436919007438e-05,140609741.2109375,False,False,False,False,False,False,False,False,False,False,False,False
4_196,190.65540049004915,long,stress,0,2461041.5,2461041.506822953,full_polybeam,lines,300.0,multi,coherent_ab,4,10,10,58881;58881;46696;46696;48029;48029;54100;54100;58069;58069,88.065;88.065;86.822;86.617;85.104;85.104;83.508;83.508;77.989;77.989,0.2652994791666667,0.0001677236185346,0.5502745938468236,1,4,4,4,0.3308758856684498,0.5502745938468236,0.3308758856684498,0.7280464634021924,0.0001677236185346,3280.8414143128903,82.66217567215273,27.983386133691297,0.1238090232806987,False,20277554,100,0.9067722812996905,1.042341333717259,0.2376237623762376,0.0198019801980198,727.0260488865327,181298.4078993362,515.4901325436042,816.8701335659383,1041.970767308036,122658.81044948207,174386.42329522566,178340.8515756298,157.34823815546656,3.3358603333809014,2.190516547166324,181298.4078993362,-16475.552457557482,7539724.135843243,0.0240457614407214,1261,0.0594904606982005,-1.445965571882522,1.4440828042107998,-4096.0,4090.666666666666,C:\Users\kimeu\Downloads\starlink_pathB_wsl_package_v0_3_clean\starlink_pathB\paper_final_experiment_check\coverage_null_global_stats_fourflux\4_196_lst000_stress_full_polybeam_lines_S300_multi.npz,9.10175923472585,9444.443085672718,1.7798436919007438e-05,140609741.2109375,False,False,False,False,False,False,False,False,False,False,False,False
4_196,190.65540049004915,long,stress,0,2461041.5,2461041.506822953,full_polybeam,lines,1000.0,multi,coherent_ab,4,10,10,58881;58881;46696;46696;48029;48029;54100;54100;58069;58069,88.065;88.065;86.822;86.617;85.104;85.104;83.508;83.508;77.989;77.989,0.2652994791666667,0.0001677236185346,0.5502745938468236,1,4,4,4,0.3308758856684498,0.5502745938468236,0.3308758856684498,0.7280464634021924,0.0001677236185346,3280.8414143128903,275.5405855738425,93.277953778971,0.4126967442689958,False,20277588,100,0.6955258023745172,1.2727701039990926,0.2574257425742574,0.0099009900990099,2349.454902317304,660447.5804742302,1736.7374550478926,3254.0335770732217,3531.336824804902,423671.4544883471,625370.4514869007,641581.1809229277,594.1868079406963,3.225737454242225,2.216014684295171,660447.5804742302,-90211.08179362514,7539724.135843243,0.0875957221477793,1261,0.0594904606982005,-1.445965571882522,1.4440828042107998,-4096.0,4090.666666666666,C:\Users\kimeu\Downloads\starlink_pathB_wsl_package_v0_3_clean\starlink_pathB\paper_final_experiment_check\coverage_null_global_stats_fourflux\4_196_lst000_stress_full_polybeam_lines_S1000_multi.npz,9.10175923472585,9444.443085672718,1.7798436919007438e-05,140609741.2109375,False,False,False,False,False,False,False,False,False,False,False,False
4_196,190.65540049004915,long,stress,0,2461041.5,2461041.506822953,full_polybeam,khz_comb,30.0,multi,coherent_ab,4,10,10,58881;58881;46696;46696;48029;48029;54100;54100;58069;58069,88.065;88.065;86.822;86.617;85.104;85.104;83.508;83.508;77.989;77.989,0.2652994791666667,0.0001677236185346,0.5502745938468236,1,4,4,4,0.3308758856684498,0.5502745938468236,0.3308758856684498,0.7280464634021924,0.0001677236185346,3280.8414143128903,6.802917677555351,2.3029719537236577,0.0107789955849592,False,20277656,100,0.7502727741353967,0.933578239096457,0.2871287128712871,0.0099009900990099,60.519628155578815,15541.787372056486,39.92163871707726,77.7357045823035,84.65570931714763,9695.471799379022,15294.861672736512,15422.94412471251,18.517469937618444,4.100505540637353,2.4672046006802684,15541.787372056486,-1223.774460609598,7539724.135843243,0.0020613204265885,1261,0.0594904606982005,-1.445965571882522,1.4440828042107998,-4096.0,4090.666666666666,C:\Users\kimeu\Downloads\starlink_pathB_wsl_package_v0_3_clean\starlink_pathB\paper_final_experiment_check\coverage_null_global_stats_fourflux\4_196_lst000_stress_full_polybeam_khz_comb_S30_multi.npz,9.10175923472585,9444.443085672718,1.7798436919007438e-05,140609741.2109375,False,False,False,False,False,False,False,False,False,False,False,False
4_196,190.65540049004915,long,stress,0,2461041.5,2461041.506822953,full_polybeam,khz_comb,300.0,multi,coherent_ab,4,10,10,58881;58881;46696;46696;48029;48029;54100;54100;58069;58069,88.065;88.065;86.822;86.617;85.104;85.104;83.508;83.508;77.989;77.989,0.2652994791666667,0.0001677236185346,0.5502745938468236,1,4,4,4,0.3308758856684498,0.5502745938468236,0.3308758856684498,0.7280464634021924,0.0001677236185346,3280.8414143128903,68.02917677555354,23.02971953723658,0.1077899558495925,False,20277690,100,0.7964861778585058,1.1818976147527551,0.2574257425742574,0.0198019801980198,598.9744788185919,157074.26989806734,455.8035978048142,746.9383174578228,879.415725250639,113004.32134628991,150665.73651142383,156815.3867322782,121.24182309045818,3.8252176695392417,2.2267989466736573,157074.26989806734,-15923.89060260316,7539724.135843243,0.0208328934942525,1261,0.0594904606982005,-1.445965571882522,1.4440828042107998,-4096.0,4090.666666666666,C:\Users\kimeu\Downloads\starlink_pathB_wsl_package_v0_3_clean\starlink_pathB\paper_final_experiment_check\coverage_null_global_stats_fourflux\4_196_lst000_stress_full_polybeam_khz_comb_S300_multi.npz,9.10175923472585,9444.443085672718,1.7798436919007438e-05,140609741.2109375,False,False,False,False,False,False,False,False,False,False,False,False
4_196,190.65540049004915,long,stress,0,2461041.5,2461041.506822953,full_polybeam,khz_comb,1000.0,multi,coherent_ab,4,10,10,58881;58881;46696;46696;48029;48029;54100;54100;58069;58069,88.065;88.065;86.822;86.617;85.104;85.104;83.508;83.508;77.989;77.989,0.2652994791666667,0.0001677236185346,0.5502745938468236,1,4,4,4,0.3308758856684498,0.5502745938468236,0.3308758856684498,0.7280464634021924,0.0001677236185346,3280.8414143128903,226.7639225851784,76.76573179078859,0.3592998528319749,False,20277724,100,0.6894886212351773,1.2158715559448212,0.2574257425742574,0.0198019801980198,1942.8129304318068,560902.0604327391,1416.9074050976224,2716.285941644183,2973.899053088681,330417.5217976528,537902.6348514145,557202.3102518055,514.4659480531168,3.5917836628987434,2.23386927632765,560902.0604327391,-84935.21802787685,7539724.135843243,0.0743929154869547,1261,0.0594904606982005,-1.445965571882522,1.4440828042107998,-4096.0,4090.666666666666,C:\Users\kimeu\Downloads\starlink_pathB_wsl_package_v0_3_clean\starlink_pathB\paper_final_experiment_check\coverage_null_global_stats_fourflux\4_196_lst000_stress_full_polybeam_khz_comb_S1000_multi.npz,9.10175923472585,9444.443085672718,1.7798436919007438e-05,140609741.2109375,False,False,False,False,False,False,False,False,False,False,False,False
4_76,93.9206796714852,mid,quiet,17,2461041.6180555555,2461041.624878509,full_polybeam,smooth,300.0,multi,coherent_ab,2,19,12,45651;46168;58428;58428;57787;57787;55657;54377;54377;54377;54377;51856,84.983;83.229;81.222;81.222;77.601;77.601;77.599;74.834;74.834;74.834;74.834;72.547,0.1657111055107527,7.747507627984598e-08,0.0684687078802128,0,2,2,2,0.0,0.0684687078802128,0.0,0.2805166207424566,7.747507627984598e-08,883751.4097165731,37.70115265000273,11.395757039308636,0.1400620243758343,False,20278251,100,1.7131355816230196,2.1211165005559702,0.1287128712871287,0.0198019801980198,457.3726638374792,29038.61244357685,298.0423686209324,498.1628441970673,526.2116754507205,23106.821565718303,28320.47970727805,28964.75482693725,62.73106050743809,2.980989778199079,1.939641343677208,29038.61244357685,8545.061940314685,5146801.042040682,0.0056420701337355,1381,0.0293061958296659,-1.445965571882522,1.4440828042107998,-4096.0,4090.666666666666,C:\Users\kimeu\Downloads\starlink_pathB_wsl_package_v0_3_clean\starlink_pathB\paper_final_experiment_check\coverage_null_global_stats_fourflux\4_76_lst017_quiet_full_polybeam_smooth_S300_multi.npz,9.10175923472585,9444.443085672718,1.7798436919007438e-05,140609741.2109375,False,False,False,False,False,False,False,False,False,False,False,False
4_76,93.9206796714852,mid,quiet,17,2461041.6180555555,2461041.624878509,full_polybeam,lines,300.0,multi,coherent_ab,2,19,12,45651;46168;58428;58428;57787;57787;55657;54377;54377;54377;54377;51856,84.983;83.229;81.222;81.222;77.601;77.601;77.599;74.834;74.834;74.834;74.834;72.547,0.1657111055107527,7.747507627984598e-08,0.0684687078802128,0,2,2,2,0.0,0.0684687078802128,0.0,0.2805166207424566,7.747507627984598e-08,883751.4097165731,37.69823613910145,11.395519060666212,0.1401873942149375,False,20278387,100,1.5389673767776109,2.2357943109392964,0.0792079207920792,0.0198019801980198,463.6666002516431,29030.6771638997,324.1417087823429,496.12027404775,537.9539460885113,23435.33661181562,27399.499028107428,28302.793110937677,61.15025661561958,2.715231513236786,1.7124096718120838,29030.6771638997,8523.957526003103,5146801.042040682,0.0056405283450376,1381,0.0293061958296659,-1.445965571882522,1.4440828042107998,-4096.0,4090.666666666666,C:\Users\kimeu\Downloads\starlink_pathB_wsl_package_v0_3_clean\starlink_pathB\paper_final_experiment_check\coverage_null_global_stats_fourflux\4_76_lst017_quiet_full_polybeam_lines_S300_multi.npz,9.10175923472585,9444.443085672718,1.7798436919007438e-05,140609741.2109375,False,False,False,False,False,False,False,False,False,False,False,False
4_76,93.9206796714852,mid,quiet,17,2461041.6180555555,2461041.624878509,full_polybeam,khz_comb,300.0,multi,coherent_ab,2,19,12,45651;46168;58428;58428;57787;57787;55657;54377;54377;54377;54377;51856,84.983;83.229;81.222;81.222;77.601;77.601;77.599;74.834;74.834;74.834;74.834;72.547,0.1657111055107527,7.747507627984598e-08,0.0684687078802128,0,2,2,2,0.0,0.0684687078802128,0.0,0.2805166207424566,7.747507627984598e-08,883751.4097165731,31.0248302755168,9.378264899558047,0.1198784663177285,False,20278523,100,1.5291332957283583,1.9575805480778152,0.0693069306930693,0.0198019801980198,423.2719460228837,24742.652701229767,290.35492384685494,428.6762340573419,489.08393144005953,20494.435130856764,23896.63209975333,24464.347807948845,58.628834703500615,3.1216191928877164,1.821684864686368,24742.652701229767,6767.8069258298765,5146801.042040682,0.0048073847228839,1381,0.0293061958296659,-1.445965571882522,1.4440828042107998,-4096.0,4090.666666666666,C:\Users\kimeu\Downloads\starlink_pathB_wsl_package_v0_3_clean\starlink_pathB\paper_final_experiment_check\coverage_null_global_stats_fourflux\4_76_lst017_quiet_full_polybeam_khz_comb_S300_multi.npz,9.10175923472585,9444.443085672718,1.7798436919007438e-05,140609741.2109375,False,False,False,False,False,False,False,False,False,False,False,False
4_76,93.9206796714852,mid,typical,33,2461041.7291666665,2461041.73598962,frozen_polybeam,khz_comb,300.0,multi,coherent_ab,5,49,12,49094;49094;47263;47263;58143;53859;53859;44436;44436;58145;47293;47293,88.901;88.901;87.689;87.689;87.577;86.276;86.276;86.141;86.141;85.854;84.425;84.425,0.1653645833333333,4.328472795086945e-07,0.3314947967906838,0,5,5,5,0.0,0.3314947967906838,0.0,0.3484546838830035,4.328472795086945e-07,765847.0146028149,69.13093163523921,16.605628835201273,0.1628836759368866,False,20278947,100,0.5317968781501131,1.593780533576702,0.3069306930693069,0.0198019801980198,290.3087782445491,35642.25816575649,251.9321857242221,381.0773064675632,446.062233822872,28469.1698338284,34968.31812687938,35320.66234889455,48.673954471490106,3.272216808928206,1.890604262357624,35642.25816575649,4949.365922792189,4122961.348041135,0.008644819865384,1381,0.0293061958296659,-1.445965571882522,1.4440828042107998,-4096.0,4090.666666666666,C:\Users\kimeu\Downloads\starlink_pathB_wsl_package_v0_3_clean\starlink_pathB\paper_final_experiment_check\coverage_null_global_stats_fourflux\4_76_lst033_typical_frozen_polybeam_khz_comb_S300_multi.npz,9.10175923472585,9444.443085672718,1.7798436919007438e-05,140609741.2109375,False,False,False,False,False,False,False,False,False,False,False,False
4_76,93.9206796714852,mid,typical,33,2461041.7291666665,2461041.73598962,full_polybeam,lines,1000.0,multi,coherent_ab,5,49,12,49094;49094;47263;47263;58143;53859;53859;44436;44436;58145;47293;47293,88.901;88.901;87.689;87.689;87.577;86.276;86.276;86.141;86.141;85.854;84.425;84.425,0.1653645833333333,4.328472795086945e-07,0.3314947967906838,0,5,5,5,0.0,0.3314947967906838,0.0,0.3484546838830035,4.328472795086945e-07,765847.0146028149,367.6722831509435,84.77140826223476,0.8531377335588863,False,20279253,100,0.5219660369571972,1.8440263020671883,0.3366336633663366,0.0198019801980198,992.3998526245832,223318.50693761063,838.332598574769,1601.2790408190372,1836.3114233281024,168472.75718780296,214074.2479726172,221825.2298324696,199.0875494511422,3.4261473923194066,1.935787210640039,223318.50693761063,-126081.49070054624,4122961.348041135,0.0541645890140861,1381,0.0293061958296659,-1.445965571882522,1.4440828042107998,-4096.0,4090.666666666666,C:\Users\kimeu\Downloads\starlink_pathB_wsl_package_v0_3_clean\starlink_pathB\paper_final_experiment_check\coverage_null_global_stats_fourflux\4_76_lst033_typical_full_polybeam_lines_S1000_multi.npz,9.10175923472585,9444.443085672718,1.7798436919007438e-05,140609741.2109375,False,False,False,False,False,False,False,False,False,False,False,False
4_76,93.9206796714852,mid,typical,33,2461041.7291666665,2461041.73598962,full_polybeam,khz_comb,300.0,single,coherent_ab,5,49,1,49094,88.901,0.1653645833333333,4.328472795086945e-07,0.3314947967906838,0,5,5,5,0.0,0.3314947967906838,0.0,0.3484546838830035,4.328472795086945e-07,765847.0146028149,8.755333636570047,8.755333636570047,0.0217868042211571,False,20279338,100,0.8257452865224822,0.9648030493631816,0.3564356435643564,0.0099009900990099,54.94262842273406,6382.678474345199,47.93885923849763,80.29966881320469,83.5226075648937,6231.540733753167,6372.468177042487,6382.163325631867,5.720865348404004,0.9071762700111108,0.8880403877741806,6382.678474345199,952.778529751842,4122961.348041135,0.0015480810843346,1381,0.0293061958296659,-1.445965571882522,1.4440828042107998,-4096.0,4090.666666666666,C:\Users\kimeu\Downloads\starlink_pathB_wsl_package_v0_3_clean\starlink_pathB\paper_final_experiment_check\coverage_null_global_stats_fourflux\4_76_lst033_typical_full_polybeam_khz_comb_S300_single.npz,9.10175923472585,9444.443085672718,1.7798436919007438e-05,140609741.2109375,False,False,False,False,False,False,False,False,False,False,False,False
4_76,93.9206796714852,mid,stress,0,2461041.5,2461041.506822953,frozen_polybeam,smooth,10.0,multi,coherent_ab,4,10,10,58881;58881;46696;46696;48029;48029;54100;54100;58069;58069,88.065;88.065;86.822;86.617;85.104;85.104;83.508;83.508;77.989;77.989,0.2350680443548387,7.117139047722464e-05,0.5502745938468236,1,4,4,4,0.3308758856684498,0.5502745938468236,0.3308758856684498,0.7280464634021924,7.117139047722464e-05,7731.682494287019,20.78003466470399,6.784751621136505,0.0388637118199681,False,20279390,100,0.2919809119954588,0.9316938618991334,0.396039603960396,0.0099009900990099,224.9252707236592,45533.463622041,184.0806639961338,347.599717412065,351.25976866154394,31913.867065465653,43650.53184219764,44446.74383954689,94.3531192634946,3.415940652693666,2.17512669814156,45533.463622041,4706.690180652436,7993977.983963837,0.0056959706060465,1381,0.0293061958296659,-1.445965571882522,1.4440828042107998,-4096.0,4090.666666666666,C:\Users\kimeu\Downloads\starlink_pathB_wsl_package_v0_3_clean\starlink_pathB\paper_final_experiment_check\coverage_null_global_stats_fourflux\4_76_lst000_stress_frozen_polybeam_smooth_S10_multi.npz,9.10175923472585,9444.443085672718,1.7798436919007438e-05,140609741.2109375,False,False,False,False,False,False,False,False,False,False,False,False
4_76,93.9206796714852,mid,stress,0,2461041.5,2461041.506822953,frozen_polybeam,smooth,30.0,multi,coherent_ab,4,10,10,58881;58881;46696;46696;48029;48029;54100;54100;58069;58069,88.065;88.065;86.822;86.617;85.104;85.104;83.508;83.508;77.989;77.989,0.2350680443548387,7.117139047722464e-05,0.5502745938468236,1,4,4,4,0.3308758856684498,0.5502745938468236,0.3308758856684498,0.7280464634021924,7.117139047722464e-05,7731.682494287019,62.34010399411198,20.35425486340952,0.1165911354599042,False,20279424,100,0.3483784340260334,1.2323341126429854,0.3861386138613861,0.0297029702970297,677.0736596476127,136822.66277812366,562.3148526793507,1076.8495817365751,1144.1437955922086,90780.10371840728,131146.32764084716,137678.18195814913,222.1829691756029,3.6019193093194133,2.2266404786771328,136822.66277812366,13029.648672381463,7993977.983963837,0.0171157167373483,1381,0.0293061958296659,-1.445965571882522,1.4440828042107998,-4096.0,4090.666666666666,C:\Users\kimeu\Downloads\starlink_pathB_wsl_package_v0_3_clean\starlink_pathB\paper_final_experiment_check\coverage_null_global_stats_fourflux\4_76_lst000_stress_frozen_polybeam_smooth_S30_multi.npz,9.10175923472585,9444.443085672718,1.7798436919007438e-05,140609741.2109375,False,False,False,False,False,False,False,False,False,False,False,False
4_76,93.9206796714852,mid,stress,0,2461041.5,2461041.506822953,frozen_polybeam,lines,10.0,multi,coherent_ab,4,10,10,58881;58881;46696;46696;48029;48029;54100;54100;58069;58069,88.065;88.065;86.822;86.617;85.104;85.104;83.508;83.508;77.989;77.989,0.2350680443548387,7.117139047722464e-05,0.5502745938468236,1,4,4,4,0.3308758856684498,0.5502745938468236,0.3308758856684498,0.7280464634021924,7.117139047722464e-05,7731.682494287019,20.77990532298963,6.7847381550476165,0.0389100304820398,False,20279526,100,0.4962364181983682,1.069152402783892,0.3168316831683168,0.0099009900990099,224.87879597081337,45588.06711336289,173.9146042418015,308.8893249311568,344.08311236019034,28743.97840334489,42711.38549111285,43069.04980554058,69.27116818675495,4.145031434590706,2.680613483471385,45588.06711336289,4650.659863184573,7993977.983963837,0.0057028011841931,1381,0.0293061958296659,-1.445965571882522,1.4440828042107998,-4096.0,4090.666666666666,C:\Users\kimeu\Downloads\starlink_pathB_wsl_package_v0_3_clean\starlink_pathB\paper_final_experiment_check\coverage_null_global_stats_fourflux\4_76_lst000_stress_frozen_polybeam_lines_S10_multi.npz,9.10175923472585,9444.443085672718,1.7798436919007438e-05,140609741.2109375,False,False,False,False,False,False,False,False,False,False,False,False
4_76,93.9206796714852,mid,stress,0,2461041.5,2461041.506822953,frozen_polybeam,lines,30.0,multi,coherent_ab,4,10,10,58881;58881;46696;46696;48029;48029;54100;54100;58069;58069,88.065;88.065;86.822;86.617;85.104;85.104;83.508;83.508;77.989;77.989,0.2350680443548387,7.117139047722464e-05,0.5502745938468236,1,4,4,4,0.3308758856684498,0.5502745938468236,0.3308758856684498,0.7280464634021924,7.117139047722464e-05,7731.682494287019,62.33971596896889,20.35421446514285,0.1167300914461194,False,20279560,100,0.3310814162320891,0.940562333342624,0.3663366336633663,0.0099009900990099,670.3491943202525,136990.93329320318,557.1457008185184,1078.3111993164162,1149.3657893773518,86262.3224401282,131858.66416645222,135735.23833631477,230.62215685903536,3.0690193111549835,2.163853690897624,136990.93329320318,12865.320555397302,7993977.983963837,0.0171367663969066,1381,0.0293061958296659,-1.445965571882522,1.4440828042107998,-4096.0,4090.666666666666,C:\Users\kimeu\Downloads\starlink_pathB_wsl_package_v0_3_clean\starlink_pathB\paper_final_experiment_check\coverage_null_global_stats_fourflux\4_76_lst000_stress_frozen_polybeam_lines_S30_multi.npz,9.10175923472585,9444.443085672718,1.7798436919007438e-05,140609741.2109375,False,False,False,False,False,False,False,False,False,False,False,False
4_76,93.9206796714852,mid,stress,0,2461041.5,2461041.506822953,frozen_polybeam,khz_comb,10.0,multi,coherent_ab,4,10,10,58881;58881;46696;46696;48029;48029;54100;54100;58069;58069,88.065;88.065;86.822;86.617;85.104;85.104;83.508;83.508;77.989;77.989,0.2350680443548387,7.117139047722464e-05,0.5502745938468236,1,4,4,4,0.3308758856684498,0.5502745938468236,0.3308758856684498,0.7280464634021924,7.117139047722464e-05,7731.682494287019,19.140753548093517,6.2081690327647925,0.0350558012354702,False,20279662,100,1.1347611004672364,1.0930369212050173,0.1881188118811881,0.0198019801980198,289.2897364850505,41314.88458435063,180.06885992873868,332.85185384583747,346.00944351857254,29463.93922747565,38495.8459164712,39839.62138154508,64.91980730466821,3.135692992546548,2.0098642027847053,41314.88458435063,4194.609119022276,7993977.983963837,0.0051682509843321,1381,0.0293061958296659,-1.445965571882522,1.4440828042107998,-4096.0,4090.666666666666,C:\Users\kimeu\Downloads\starlink_pathB_wsl_package_v0_3_clean\starlink_pathB\paper_final_experiment_check\coverage_null_global_stats_fourflux\4_76_lst000_stress_frozen_polybeam_khz_comb_S10_multi.npz,9.10175923472585,9444.443085672718,1.7798436919007438e-05,140609741.2109375,False,False,False,False,False,False,False,False,False,False,False,False
4_76,93.9206796714852,mid,stress,0,2461041.5,2461041.506822953,frozen_polybeam,khz_comb,30.0,multi,coherent_ab,4,10,10,58881;58881;46696;46696;48029;48029;54100;54100;58069;58069,88.065;88.065;86.822;86.617;85.104;85.104;83.508;83.508;77.989;77.989,0.2350680443548387,7.117139047722464e-05,0.5502745938468236,1,4,4,4,0.3308758856684498,0.5502745938468236,0.3308758856684498,0.7280464634021924,7.117139047722464e-05,7731.682494287019,57.42226064428053,18.624507098294377,0.1051674037064108,False,20279696,100,0.971413585830774,1.0589593108283808,0.1485148514851485,0.0099009900990099,857.0033368477452,124100.83260248556,587.5210160226779,941.9848337691764,1056.6372019338926,87600.41304803922,116517.62651316592,119241.52190521736,187.1122021454612,3.2813102854128795,2.175862597678724,124100.83260248556,11465.955428073086,7993977.983963837,0.0155242900157387,1381,0.0293061958296659,-1.445965571882522,1.4440828042107998,-4096.0,4090.666666666666,C:\Users\kimeu\Downloads\starlink_pathB_wsl_package_v0_3_clean\starlink_pathB\paper_final_experiment_check\coverage_null_global_stats_fourflux\4_76_lst000_stress_frozen_polybeam_khz_comb_S30_multi.npz,9.10175923472585,9444.443085672718,1.7798436919007438e-05,140609741.2109375,False,False,False,False,False,False,False,False,False,False,False,False
82_0,81.33403506806889,mid,typical,18,2461041.625,2461041.631822953,frozen_polybeam,smooth,300.0,multi,coherent_ab,4,15,12,51852;51852;59338;59338;44933;54377;54377;54377;54377;56383;56383;55671,88.470;88.470;80.846;80.846;78.896;78.206;78.206;78.206;78.206;76.693;76.693;73.341,0.1651755712365591,3.430781997250637e-07,0.2363981628786352,0,4,4,4,0.0,0.2363981628786352,0.0,0.3843854174911955,3.430781997250637e-07,689050.3770512966,27.63986487336297,9.512525930608684,0.0582768365088277,False,20281108,100,3.407243152420257,1.459665465605046,0.0297029702970297,0.0099009900990099,630.81255775717,55307.14365010987,317.2086689789958,507.9052473017737,646.2430527095676,38702.40922852551,51700.7271595936,52839.56554819934,62.080372798329336,2.9970354726836432,2.020471886960989,55307.14365010987,11666.579952313945,7002555.369146705,0.0078981372848251,1397,0.0253787682080139,-1.445965571882522,1.4440828042107998,-4096.0,4090.666666666666,C:\Users\kimeu\Downloads\starlink_pathB_wsl_package_v0_3_clean\starlink_pathB\paper_final_experiment_check\coverage_null_global_stats_fourflux\82_0_lst018_typical_frozen_polybeam_smooth_S300_multi.npz,9.10175923472585,9444.443085672718,1.7798436919007438e-05,140609741.2109375,True,True,True,False,False,False,False,False,False,False,False,False
82_0,81.33403506806889,mid,typical,18,2461041.625,2461041.631822953,frozen_polybeam,smooth,1000.0,multi,coherent_ab,4,15,12,51852;51852;59338;59338;44933;54377;54377;54377;54377;56383;56383;55671,88.470;88.470;80.846;80.846;78.896;78.206;78.206;78.206;78.206;76.693;76.693;73.341,0.1651755712365591,3.430781997250637e-07,0.2363981628786352,0,4,4,4,0.0,0.2363981628786352,0.0,0.3843854174911955,3.430781997250637e-07,689050.3770512966,92.13288291120992,31.70841976869562,0.1942561216960925,False,20281142,100,2.796645766033516,1.3444264914402375,0.0198019801980198,0.0099009900990099,2141.5259630831424,184430.07956554505,973.0533866518126,1666.7299404678613,1773.3786379084083,124179.3467778172,169367.62550645022,178806.45601321684,281.81043344024874,3.067869218827943,2.2587090430237544,184430.07956554505,40058.14232523616,7002555.369146705,0.0263375396327667,1397,0.0253787682080139,-1.445965571882522,1.4440828042107998,-4096.0,4090.666666666666,C:\Users\kimeu\Downloads\starlink_pathB_wsl_package_v0_3_clean\starlink_pathB\paper_final_experiment_check\coverage_null_global_stats_fourflux\82_0_lst018_typical_frozen_polybeam_smooth_S1000_multi.npz,9.10175923472585,9444.443085672718,1.7798436919007438e-05,140609741.2109375,True,False,True,False,False,False,False,False,False,False,False,False
82_0,81.33403506806889,mid,typical,18,2461041.625,2461041.631822953,frozen_polybeam,lines,300.0,multi,coherent_ab,4,15,12,51852;51852;59338;59338;44933;54377;54377;54377;54377;56383;56383;55671,88.470;88.470;80.846;80.846;78.896;78.206;78.206;78.206;78.206;76.693;76.693;73.341,0.1651755712365591,3.430781997250637e-07,0.2363981628786352,0,4,4,4,0.0,0.2363981628786352,0.0,0.3843854174911955,3.430781997250637e-07,689050.3770512966,27.635624236632797,9.510545185274893,0.0583473831414649,False,20281244,100,2.9085919618823333,1.596125451300568,0.0198019801980198,0.0099009900990099,635.291154049155,55357.17145912216,290.53903937404,486.2398525406901,575.2118945151055,37769.38875902818,51073.11792723677,52856.25769643477,79.94662665157557,3.1205692308347746,2.4145969874282414,55357.17145912216,11737.647545068445,7002555.369146705,0.0079052815066662,1397,0.0253787682080139,-1.445965571882522,1.4440828042107998,-4096.0,4090.666666666666,C:\Users\kimeu\Downloads\starlink_pathB_wsl_package_v0_3_clean\starlink_pathB\paper_final_experiment_check\coverage_null_global_stats_fourflux\82_0_lst018_typical_frozen_polybeam_lines_S300_multi.npz,9.10175923472585,9444.443085672718,1.7798436919007438e-05,140609741.2109375,True,False,True,False,False,False,False,False,False,False,False,False
82_0,81.33403506806889,mid,typical,18,2461041.625,2461041.631822953,frozen_polybeam,lines,1000.0,multi,coherent_ab,4,15,12,51852;51852;59338;59338;44933;54377;54377;54377;54377;56383;56383;55671,88.470;88.470;80.846;80.846;78.896;78.206;78.206;78.206;78.206;76.693;76.693;73.341,0.1651755712365591,3.430781997250637e-07,0.2363981628786352,0,4,4,4,0.0,0.2363981628786352,0.0,0.3843854174911955,3.430781997250637e-07,689050.3770512966,92.11874745544269,31.701817284249643,0.1944912771382164,False,20281278,100,3.03750061120294,1.764778650203031,0.0297029702970297,0.0198019801980198,2157.29317854729,184623.30974686972,986.8854676595474,1844.1241999092688,2354.539564143717,118010.20222974473,171506.2742451857,181117.19690196877,259.89432986527027,3.4966449290800794,2.4561569240691314,184623.30974686972,40285.11923201678,7002555.369146705,0.0263651338710324,1397,0.0253787682080139,-1.445965571882522,1.4440828042107998,-4096.0,4090.666666666666,C:\Users\kimeu\Downloads\starlink_pathB_wsl_package_v0_3_clean\starlink_pathB\paper_final_experiment_check\coverage_null_global_stats_fourflux\82_0_lst018_typical_frozen_polybeam_lines_S1000_multi.npz,9.10175923472585,9444.443085672718,1.7798436919007438e-05,140609741.2109375,True,True,True,False,False,False,False,False,False,False,False,False
82_0,81.33403506806889,mid,typical,18,2461041.625,2461041.631822953,frozen_polybeam,khz_comb,300.0,multi,coherent_ab,4,15,12,51852;51852;59338;59338;44933;54377;54377;54377;54377;56383;56383;55671,88.470;88.470;80.846;80.846;78.896;78.206;78.206;78.206;78.206;76.693;76.693;73.341,0.1651755712365591,3.430781997250637e-07,0.2363981628786352,0,4,4,4,0.0,0.2363981628786352,0.0,0.3843854174911955,3.430781997250637e-07,689050.3770512966,26.89573251695807,9.259483118102503,0.0529176618974351,False,20281380,100,2.9424279446981787,1.3807642388828678,0.0198019801980198,0.0099009900990099,762.2422164268864,56308.84816854288,329.4801283114648,657.531954217131,733.6805520825983,41278.47102907032,51538.01001904791,54193.51761823906,99.20175955764626,3.2853901716598344,2.212254017989395,56308.84816854288,10396.097000288775,7002555.369146705,0.0080411857100966,1397,0.0253787682080139,-1.445965571882522,1.4440828042107998,-4096.0,4090.666666666666,C:\Users\kimeu\Downloads\starlink_pathB_wsl_package_v0_3_clean\starlink_pathB\paper_final_experiment_check\coverage_null_global_stats_fourflux\82_0_lst018_typical_frozen_polybeam_khz_comb_S300_multi.npz,9.10175923472585,9444.443085672718,1.7798436919007438e-05,140609741.2109375,True,False,True,False,False,False,False,False,False,False,False,False
82_0,81.33403506806889,mid,typical,18,2461041.625,2461041.631822953,frozen_polybeam,khz_comb,1000.0,multi,coherent_ab,4,15,12,51852;51852;59338;59338;44933;54377;54377;54377;54377;56383;56383;55671,88.470;88.470;80.846;80.846;78.896;78.206;78.206;78.206;78.206;76.693;76.693;73.341,0.1651755712365591,3.430781997250637e-07,0.2363981628786352,0,4,4,4,0.0,0.2363981628786352,0.0,0.3843854174911955,3.430781997250637e-07,689050.3770512966,89.65244172319356,30.864943727008335,0.1763922063247837,False,20281414,100,3.4902527711455886,1.6073681150369885,0.0396039603960396,0.0099009900990099,2578.538914477518,187799.50097880996,1015.9042256019712,2053.423879877009,2687.4041067122803,114255.17934524416,172995.0481373711,176548.3560690017,301.97889012439555,2.644667692378018,2.113883514658503,187799.50097880996,35287.73900549485,7002555.369146705,0.0268187098964265,1397,0.0253787682080139,-1.445965571882522,1.4440828042107998,-4096.0,4090.666666666666,C:\Users\kimeu\Downloads\starlink_pathB_wsl_package_v0_3_clean\starlink_pathB\paper_final_experiment_check\coverage_null_global_stats_fourflux\82_0_lst018_typical_frozen_polybeam_khz_comb_S1000_multi.npz,9.10175923472585,9444.443085672718,1.7798436919007438e-05,140609741.2109375,True,True,True,False,False,False,False,False,False,False,False,False
