baseline_id,lst_stratum,lst_bin_id,morphology,flux_jy,multiplicity,PTE_global_absint__frozen_polybeam,PTE_global_absint__full_polybeam,PTE_global_max__frozen_polybeam,PTE_global_max__full_polybeam,Z_PS_max__frozen_polybeam,Z_PS_max__full_polybeam,relative_abs_bias__frozen_polybeam,relative_abs_bias__full_polybeam,candidate_statistical__frozen_polybeam,candidate_statistical__full_polybeam,absint_strict__frozen_polybeam,absint_strict__full_polybeam,local_physical_1e3__frozen_polybeam,local_physical_1e3__full_polybeam,absint_physical_1e3__frozen_polybeam,absint_physical_1e3__full_polybeam,beam_robust_local_physical_1e3,frozen_only_local_physical_1e3,full_only_local_physical_1e3,beam_robust_absint_physical_1e3,frozen_only_absint_physical_1e3,full_only_absint_physical_1e3,delta_PTE_global_max,delta_PTE_global_absint,delta_relative_abs_bias
0_1,quiet,17,khz_comb,10.0,multi,0.6732673267326733,0.8910891089108911,0.4653465346534653,0.801980198019802,0.0957825480747532,-0.710009942707005,1.0055340997230794e-05,9.557628671860011e-06,False,False,False,False,False,False,False,False,False,False,False,False,False,False,0.3366336633663367,0.2178217821782178,-4.977123253707828e-07
0_1,quiet,17,khz_comb,10.0,single,0.3267326732673267,0.4851485148514851,0.1188118811881188,0.1485148514851485,0.9708167441937804,0.7322275208744335,2.759779008288195e-06,3.018966731373663e-06,False,False,False,False,False,False,False,False,False,False,False,False,False,False,0.0297029702970297,0.1584158415841584,2.591877230854682e-07
0_1,quiet,17,khz_comb,30.0,multi,0.693069306930693,0.8712871287128713,0.495049504950495,0.7920792079207921,0.0087289518286918,-0.7290742358716613,3.0165735627560843e-05,2.8672765491509105e-05,False,False,False,False,False,False,False,False,False,False,False,False,False,False,0.2970297029702971,0.17821782178217827,-1.4929701360517385e-06
0_1,quiet,17,khz_comb,30.0,single,0.4851485148514851,0.504950495049505,0.198019801980198,0.1188118811881188,0.8423947010746654,0.9888301343148286,8.279295728182622e-06,9.05763434888764e-06,False,False,False,False,False,False,False,False,False,False,False,False,False,False,-0.0792079207920792,0.019801980198019875,7.783386207050183e-07
0_1,quiet,17,khz_comb,300.0,multi,0.6435643564356436,0.8910891089108911,0.5346534653465347,0.7821782178217822,-0.0824907408857393,-0.5406569310153158,0.0003016309237514,0.0002867113841675,False,False,False,False,False,False,False,False,False,False,False,False,False,False,0.24752475247524752,0.24752475247524752,-1.4919539583900033e-05
0_1,quiet,17,khz_comb,300.0,single,0.3861386138613861,0.5247524752475248,0.099009900990099,0.1485148514851485,1.131299332167122,0.7793224535127438,8.278983647240657e-05,9.068524708034192e-05,False,False,False,False,False,False,False,False,False,False,False,False,False,False,0.04950495049504951,0.13861386138613868,7.895410607935353e-06
0_1,quiet,17,khz_comb,1000.0,multi,0.693069306930693,0.8910891089108911,0.5643564356435643,0.8118811881188119,-0.2437524530753544,-0.7850845734551537,0.0010052982972439,0.0009562028802989,False,False,False,False,False,False,False,False,False,False,False,False,False,False,0.24752475247524763,0.19801980198019808,-4.9095416944999986e-05
0_1,quiet,17,khz_comb,1000.0,single,0.4653465346534653,0.4356435643564356,0.0396039603960396,0.0693069306930693,1.004671845343533,1.221357666744324,0.0002759892000641,0.0003039504892596,False,False,False,False,False,False,False,False,False,False,False,False,False,False,0.0297029702970297,-0.02970297029702973,2.7961289195500025e-05
0_1,quiet,17,lines,10.0,multi,0.6039603960396039,0.8415841584158416,0.495049504950495,0.7326732673267327,0.0830604632509141,-0.5971437257567798,1.1651432273758591e-05,1.1390140822973407e-05,False,False,False,False,False,False,False,False,False,False,False,False,False,False,0.23762376237623767,0.2376237623762376,-2.612914507851839e-07
0_1,quiet,17,lines,10.0,single,0.3861386138613861,0.4752475247524752,0.2673267326732673,0.1881188118811881,0.5682133940067818,0.5460571278012422,3.118014500185076e-06,3.5167481324821157e-06,False,False,False,False,False,False,False,False,False,False,False,False,False,False,-0.0792079207920792,0.08910891089108913,3.9873363229703975e-07
0_1,quiet,17,lines,30.0,multi,0.6435643564356436,0.8613861386138614,0.4851485148514851,0.7128712871287128,0.0237436194742205,-0.5757171143146537,3.495346687406e-05,3.416933576295632e-05,False,False,False,False,False,False,False,False,False,False,False,False,False,False,0.22772277227722776,0.2178217821782178,-7.841311111036748e-07
0_1,quiet,17,lines,30.0,single,0.495049504950495,0.4257425742574257,0.3069306930693069,0.1287128712871287,0.3767510546075896,0.6858049335846317,9.35386087137352e-06,1.0551009979056584e-05,False,False,False,False,False,False,False,False,False,False,False,False,False,False,-0.17821782178217824,-0.06930693069306931,1.197149107683063e-06
0_1,quiet,17,lines,300.0,multi,0.6534653465346535,0.8514851485148515,0.5247524752475248,0.6732673267326733,-0.0893991214597934,-0.4742853240544113,0.0003494258449148,0.0003415528111618,False,False,False,False,False,False,False,False,False,False,False,False,False,False,0.14851485148514854,0.19801980198019797,-7.873033752999999e-06
0_1,quiet,17,lines,300.0,single,0.504950495049505,0.3762376237623762,0.2178217821782178,0.1188118811881188,0.6519536824594965,0.7743972070323409,9.351495872164096e-05,0.0001056480596587,False,False,False,False,False,False,False,False,False,False,False,False,False,False,-0.09900990099009899,-0.12871287128712877,1.2133100937059045e-05
0_1,quiet,17,lines,1000.0,multi,0.6534653465346535,0.801980198019802,0.504950495049505,0.6435643564356436,0.0043432227395178,-0.4538923234292276,0.0011639023340669,0.0011379982286345,False,False,False,False,False,False,False,False,False,False,False,False,False,False,0.13861386138613863,0.14851485148514854,-2.5904105432399994e-05
0_1,quiet,17,lines,1000.0,single,0.5148514851485149,0.4851485148514851,0.1089108910891089,0.1287128712871287,0.7991734758989649,0.791085669043558,0.0003116079425256,0.0003547397413126,False,False,False,False,False,False,False,False,False,False,False,False,False,False,0.019801980198019792,-0.029702970297029785,4.3131798786999996e-05
0_1,quiet,17,smooth,10.0,multi,0.5841584158415841,0.8415841584158416,0.5643564356435643,0.7326732673267327,-0.1386859612961366,-0.5067677538038524,1.165206025787748e-05,1.1392600792156222e-05,False,False,False,False,False,False,False,False,False,False,False,False,False,False,0.16831683168316836,0.25742574257425743,-2.5945946572125834e-07
0_1,quiet,17,smooth,10.0,single,0.4158415841584158,0.504950495049505,0.2376237623762376,0.1881188118811881,0.5804031272919676,0.5236537542034047,3.1186006417309303e-06,3.518705381330936e-06,False,False,False,False,False,False,False,False,False,False,False,False,False,False,-0.04950495049504952,0.08910891089108913,4.0010473960000566e-07
0_1,quiet,17,smooth,30.0,multi,0.5841584158415841,0.8811881188118812,0.4554455445544554,0.7920792079207921,0.1129804800495317,-0.670422394983195,3.495533894613182e-05,3.417677356735349e-05,False,False,False,False,False,False,False,False,False,False,False,False,False,False,0.3366336633663367,0.29702970297029707,-7.785653787783318e-07
0_1,quiet,17,smooth,30.0,single,0.5148514851485149,0.4158415841584158,0.3267326732673267,0.1485148514851485,0.5294217530734601,0.746225385943274,9.35558146820412e-06,1.0556849385238116e-05,False,False,False,False,False,False,False,False,False,False,False,False,False,False,-0.17821782178217818,-0.09900990099009904,1.201267917033996e-06
0_1,quiet,17,smooth,300.0,multi,0.6633663366336634,0.8811881188118812,0.4752475247524752,0.7524752475247525,0.0889057943108833,-0.6464677253646659,0.0003494421022332,0.0003416391940065,False,False,False,False,False,False,False,False,False,False,False,False,False,False,0.27722772277227725,0.2178217821782178,-7.80290822669996e-06
0_1,quiet,17,smooth,300.0,single,0.3762376237623762,0.4455445544554455,0.1287128712871287,0.1584158415841584,0.9671914775052424,0.8756543166218944,9.352970801124882e-05,0.000105686675926,False,False,False,False,False,False,False,False,False,False,False,False,False,False,0.0297029702970297,0.06930693069306931,1.215696791475118e-05
0_1,quiet,17,smooth,1000.0,multi,0.6138613861386139,0.8217821782178217,0.4752475247524752,0.7128712871287128,0.081336997870923,-0.4966264215547805,0.0011639260820762,0.0011383312223176,False,False,False,False,False,False,False,False,False,False,False,False,False,False,0.2376237623762376,0.20792079207920788,-2.5594859758600128e-05
0_1,quiet,17,smooth,1000.0,single,0.4257425742574257,0.504950495049505,0.1386138613861386,0.1386138613861386,0.8108066414141502,0.7218322521116005,0.0003116366834159,0.0003548048768079,False,False,False,False,False,False,False,False,False,False,False,False,False,False,0.0,0.07920792079207928,4.316819339200001e-05
0_1,stress,0,khz_comb,10.0,multi,0.0099009900990099,0.0396039603960396,0.2178217821782178,0.4257425742574257,0.9859319974517872,0.2451938340534911,0.0003562151177799,0.0003766823009792,False,False,True,False,False,False,False,False,False,False,False,False,False,False,0.20792079207920788,0.029702970297029698,2.04671831993e-05
0_1,stress,0,khz_comb,10.0,single,0.4653465346534653,0.4752475247524752,0.9405940594059404,0.9702970297029704,-1.5129472093927536,-1.6732914859833692,0.0001235154742854,0.0001309600213324,False,False,False,False,False,False,False,False,False,False,False,False,False,False,0.02970297029702995,0.00990099009900991,7.4445470469999895e-06
0_1,stress,0,khz_comb,30.0,multi,0.0099009900990099,0.0099009900990099,0.2376237623762376,0.3465346534653465,0.8672795960617581,0.4593469926097389,0.0010700960951364,0.0011340015175141,False,False,True,True,False,False,True,True,False,False,False,True,False,False,0.1089108910891089,0.0,6.390542237770004e-05
0_1,stress,0,khz_comb,30.0,single,0.4059405940594059,0.4059405940594059,0.99009900990099,0.9702970297029704,-1.4206191079269277,-1.5279256930877405,0.0003708280618939,0.0003935175802101,False,False,False,False,False,False,False,False,False,False,False,False,False,False,-0.019801980198019598,0.0,2.2689518316199963e-05
0_1,stress,0,khz_comb,300.0,multi,0.0297029702970297,0.0495049504950495,0.198019801980198,0.3366336633663366,1.0108296130891004,0.6296232047219469,0.0109081460552417,0.0119898370728373,False,False,False,False,False,False,False,False,False,False,False,False,False,False,0.1386138613861386,0.0198019801980198,0.0010816910175955995
0_1,stress,0,khz_comb,300.0,single,0.3069306930693069,0.3168316831683168,0.9405940594059404,0.9801980198019802,-1.6085304871100763,-1.5705824910223465,0.0037483736532393,0.0040362500668096,False,False,False,False,False,False,False,False,False,False,False,False,False,False,0.03960396039603975,0.009900990099009854,0.00028787641357030025
0_1,stress,0,khz_comb,1000.0,multi,0.0198019801980198,0.0495049504950495,0.2475247524752475,0.2574257425742574,0.7857444329861093,0.6559931141526265,0.0385884094816526,0.047879261788065,False,False,False,False,False,False,False,False,False,False,False,False,False,False,0.009900990099009882,0.0297029702970297,0.009290852306412405
0_1,stress,0,khz_comb,1000.0,single,0.1386138613861386,0.1287128712871287,0.9504950495049505,0.9801980198019802,-1.013625036359698,-1.3193071732434911,0.0129117556220935,0.0146942365719888,False,False,False,False,False,False,False,False,False,False,False,False,False,False,0.02970297029702973,-0.00990099009900991,0.001782480949895299
0_1,stress,0,lines,10.0,multi,0.0099009900990099,0.0198019801980198,0.1386138613861386,0.396039603960396,1.0745112393129566,0.2184216684200014,0.0004018005863282,0.0004339245044522,False,False,True,False,False,False,False,False,False,False,False,False,False,False,0.25742574257425743,0.0099009900990099,3.212391812400001e-05
0_1,stress,0,lines,10.0,single,0.3069306930693069,0.4851485148514851,0.9306930693069309,0.9801980198019802,-1.3987920694335758,-1.7635482118104484,0.000138870784368,0.0001489408138597,False,False,False,False,False,False,False,False,False,False,False,False,False,False,0.04950495049504933,0.17821782178217815,1.0070029491700006e-05
0_1,stress,0,lines,30.0,multi,0.0099009900990099,0.0198019801980198,0.2673267326732673,0.4257425742574257,0.8051351288055082,0.2611397725828074,0.0012075498147377,0.0013088699096311,False,False,True,False,False,False,True,False,False,False,False,False,True,False,0.1584158415841584,0.0099009900990099,0.00010132009489340001
0_1,stress,0,lines,30.0,single,0.396039603960396,0.4752475247524752,0.9405940594059404,0.9603960396039604,-1.5508032384705197,-1.2106967615907398,0.0004170192866878,0.0004478064947655,False,False,False,False,False,False,False,False,False,False,False,False,False,False,0.01980198019801993,0.07920792079207922,3.078720807769998e-05
0_1,stress,0,lines,300.0,multi,0.0099009900990099,0.0396039603960396,0.2574257425742574,0.2772277227722772,0.8832691023106372,0.7384901481868402,0.0123882280963982,0.0141109885497324,False,False,True,False,False,False,True,False,False,False,False,False,True,False,0.01980198019801982,0.029702970297029698,0.0017227604533342003
0_1,stress,0,lines,300.0,single,0.3366336633663366,0.198019801980198,0.9702970297029704,0.9801980198019802,-1.416389980660232,-1.6035353998825244,0.0042277811248255,0.0046371684564334,False,False,False,False,False,False,False,False,False,False,False,False,False,False,0.009900990099009799,-0.1386138613861386,0.00040938733160790063
0_1,stress,0,lines,1000.0,multi,0.0099009900990099,0.0594059405940594,0.2574257425742574,0.1683168316831683,0.6851401819830465,0.8608962554388362,0.0446423293935178,0.0597055882302349,False,False,True,False,False,False,True,False,False,False,False,False,True,False,-0.08910891089108908,0.04950495049504951,0.015063258836717094
0_1,stress,0,lines,1000.0,single,0.1782178217821782,0.1881188118811881,0.9504950495049505,0.9603960396039604,-1.4812932893806348,-0.9814098328899156,0.0147144349123665,0.0175066118304936,False,False,False,False,False,False,False,False,False,False,False,False,False,False,0.00990099009900991,0.009900990099009882,0.002792176918127099
0_1,stress,0,smooth,10.0,multi,0.0198019801980198,0.0297029702970297,0.2574257425742574,0.3465346534653465,0.7452871637985583,0.4582600356215526,0.0004019432820707,0.0004341702537679,False,False,False,False,False,False,False,False,False,False,False,False,False,False,0.08910891089108913,0.009900990099009903,3.222697169719997e-05
0_1,stress,0,smooth,10.0,single,0.4059405940594059,0.4851485148514851,0.9504950495049505,0.9405940594059404,-1.5154879498925846,-1.2505994838091254,0.0001388969637558,0.0001489765763345,False,False,False,False,False,False,False,False,False,False,False,False,False,False,-0.00990099009901002,0.07920792079207917,1.0079612578700001e-05
0_1,stress,0,smooth,30.0,multi,0.0198019801980198,0.0198019801980198,0.2574257425742574,0.504950495049505,0.7192937484115736,0.0276938086480899,0.0012080211867724,0.001309611275358,False,False,False,False,False,False,False,False,False,False,False,False,False,False,0.24752475247524758,0.0,0.00010159008858560015
0_1,stress,0,smooth,30.0,single,0.4257425742574257,0.4554455445544554,0.9504950495049505,0.9702970297029704,-1.5047369790562153,-1.613462257368216,0.0004170989451021,0.0004479126831272,False,False,False,False,False,False,False,False,False,False,False,False,False,False,0.01980198019801993,0.02970297029702973,3.0813738025099995e-05
0_1,stress,0,smooth,300.0,multi,0.0099009900990099,0.0198019801980198,0.2376237623762376,0.3168316831683168,0.9411995543385462,0.6111156942567225,0.0123902105415878,0.0141103500349836,False,False,True,False,False,False,True,False,False,False,False,False,True,False,0.07920792079207917,0.0099009900990099,0.0017201394933958006
0_1,stress,0,smooth,300.0,single,0.2772277227722772,0.2871287128712871,0.9603960396039604,0.9306930693069309,-1.379535834086109,-1.114709921299776,0.0042287267133819,0.0046370877748309,False,False,False,False,False,False,False,False,False,False,False,False,False,False,-0.029702970297029507,0.00990099009900991,0.00040836106144899985
0_1,stress,0,smooth,1000.0,multi,0.0297029702970297,0.0891089108910891,0.2178217821782178,0.2574257425742574,0.8850688752790741,0.639746968262241,0.0446486423653132,0.0597280066515306,False,False,False,False,False,False,False,False,False,False,False,False,False,False,0.039603960396039584,0.0594059405940594,0.015079364286217402
0_1,stress,0,smooth,1000.0,single,0.1683168316831683,0.1485148514851485,0.9108910891089108,0.9603960396039604,-1.414246845914357,-1.0880759515733684,0.0147160379910509,0.0175065579705557,False,False,False,False,False,False,False,False,False,False,False,False,False,False,0.04950495049504955,-0.019801980198019792,0.0027905199795048
0_1,typical,44,khz_comb,10.0,multi,0.2079207920792079,0.1386138613861386,0.0396039603960396,0.0594059405940594,2.9432340411260176,2.916055851805041,0.0007316384558148,0.0009893753189694,False,False,False,False,False,False,False,False,False,False,False,False,False,False,0.019801980198019806,-0.06930693069306931,0.00025773686315459993
0_1,typical,44,khz_comb,10.0,single,0.1683168316831683,0.5148514851485149,0.0099009900990099,0.0099009900990099,1.443782895548996,1.384607337336512,0.0002949744944406,0.0003379967036726,True,True,False,False,False,False,False,False,False,False,False,False,False,False,0.0,0.34653465346534656,4.302220923199998e-05
0_1,typical,44,khz_comb,30.0,multi,0.1386138613861386,0.0792079207920792,0.0594059405940594,0.0495049504950495,2.7119692448251618,3.9058194963596735,0.0021962730915921,0.0029722683149374,False,False,False,False,False,False,False,False,False,False,False,False,False,False,-0.009900990099009903,-0.0594059405940594,0.0007759952233453
0_1,typical,44,khz_comb,30.0,single,0.1188118811881188,0.4257425742574257,0.0099009900990099,0.0099009900990099,1.2659825657023984,1.2287136086855606,0.0008851398069942,0.0010142341070963,True,True,False,False,False,True,False,False,False,False,True,False,False,False,0.0,0.30693069306930687,0.00012909430010210002
0_1,typical,44,khz_comb,300.0,multi,0.1089108910891089,0.1188118811881188,0.0396039603960396,0.0396039603960396,2.6088621323118955,3.301035731393436,0.0224749261624819,0.0312818320922353,False,False,False,False,False,False,False,False,False,False,False,False,False,False,0.0,0.00990099009900991,0.0088069059297534
0_1,typical,44,khz_comb,300.0,single,0.3168316831683168,0.4059405940594059,0.0099009900990099,0.0099009900990099,2.4568128572535195,1.2870372613634264,0.0088896542105945,0.0101830939579738,True,True,False,False,True,True,False,False,True,False,False,False,False,False,0.0,0.08910891089108913,0.0012934397473792995
0_1,typical,44,khz_comb,1000.0,multi,0.0891089108910891,0.0495049504950495,0.0198019801980198,0.0495049504950495,3.193440476049021,3.6240493467289903,0.0858786494189606,0.1438655950470415,False,False,False,False,False,False,False,False,False,False,False,False,False,False,0.0297029702970297,-0.039603960396039604,0.05798694562808089
0_1,typical,44,khz_comb,1000.0,single,0.504950495049505,0.504950495049505,0.0099009900990099,0.0099009900990099,1.4521371467888935,1.378444025761462,0.0303492794364274,0.0348776573478272,True,True,False,False,True,True,False,False,True,False,False,False,False,False,0.0,0.0,0.004528377911399796
0_1,typical,44,lines,10.0,multi,0.198019801980198,0.1188118811881188,0.0495049504950495,0.0198019801980198,3.576606865845553,2.4135884473507403,0.0007941776319837,0.0011563938009613,False,False,False,False,False,False,False,False,False,False,False,False,False,False,-0.0297029702970297,-0.0792079207920792,0.0003622161689776
0_1,typical,44,lines,10.0,single,0.3564356435643564,0.3762376237623762,0.0099009900990099,0.0099009900990099,1.3414200489734325,1.1426682625093865,0.0003027611819538,0.0003847922020828,True,True,False,False,False,False,False,False,False,False,False,False,False,False,0.0,0.019801980198019764,8.203102012900002e-05
0_1,typical,44,lines,30.0,multi,0.0792079207920792,0.0693069306930693,0.0198019801980198,0.0495049504950495,3.723294419951065,2.924303831294972,0.0023859866132835,0.003474846230676,False,False,False,False,False,False,False,False,False,False,False,False,False,False,0.0297029702970297,-0.009900990099009896,0.0010888596173925002
0_1,typical,44,lines,30.0,single,0.297029702970297,0.2772277227722772,0.0099009900990099,0.0198019801980198,1.4331030220393377,1.288180536843479,0.0009084892879405,0.0011541144326991,True,False,False,False,False,False,False,False,False,False,False,False,False,False,0.0099009900990099,-0.01980198019801982,0.00024562514475860004
0_1,typical,44,lines,300.0,multi,0.099009900990099,0.0792079207920792,0.0198019801980198,0.0396039603960396,3.0622184149565768,2.8983720371233828,0.0246360034206962,0.037240585241658,False,False,False,False,False,False,False,False,False,False,False,False,False,False,0.0198019801980198,-0.019801980198019806,0.012604581820961799
0_1,typical,44,lines,300.0,single,0.3663366336633663,0.396039603960396,0.0099009900990099,0.0099009900990099,1.3625812953900784,1.4164491346498451,0.009120961213744,0.0115852973908156,True,True,False,False,True,True,False,False,True,False,False,False,False,False,0.0,0.02970297029702973,0.0024643361770715997
0_1,typical,44,lines,1000.0,multi,0.0495049504950495,0.0198019801980198,0.0198019801980198,0.0396039603960396,3.3666035989684757,3.7790244647379736,0.097848148261251,0.1872045693490289,False,False,False,False,False,False,False,False,False,False,False,False,False,False,0.0198019801980198,-0.0297029702970297,0.0893564210877779
0_1,typical,44,lines,1000.0,single,0.4257425742574257,0.5148514851485149,0.0198019801980198,0.0198019801980198,1.1461344017059114,1.50940689004864,0.031259788533032,0.0398158683743174,False,False,False,False,False,False,False,False,False,False,False,False,False,False,0.0,0.08910891089108919,0.008556079841285404
0_1,typical,44,smooth,10.0,multi,0.1584158415841584,0.099009900990099,0.0693069306930693,0.0495049504950495,3.721338497964253,3.4040571380869733,0.0007939512617513,0.0011563761474058,False,False,False,False,False,False,False,False,False,False,False,False,False,False,-0.0198019801980198,-0.05940594059405939,0.0003624248856545
0_1,typical,44,smooth,10.0,single,0.3465346534653465,0.3168316831683168,0.0099009900990099,0.0198019801980198,1.2003551150217813,1.4189606263979773,0.0003026994118776,0.0003847016915127,True,False,False,False,False,False,False,False,False,False,False,False,False,False,0.0099009900990099,-0.02970297029702973,8.200227963510003e-05
0_1,typical,44,smooth,30.0,multi,0.1188118811881188,0.0594059405940594,0.0495049504950495,0.0396039603960396,3.1351623008512464,4.543446845967243,0.0023852338712495,0.0034748303657372,False,False,False,False,False,False,False,False,False,False,False,False,False,False,-0.009900990099009903,-0.0594059405940594,0.0010895964944876999
0_1,typical,44,smooth,30.0,single,0.2277227722772277,0.3465346534653465,0.0099009900990099,0.0099009900990099,1.0424194897971015,1.0998189803378018,0.000908306287335,0.0011538373497435,True,True,False,False,False,True,False,False,False,False,True,False,False,False,0.0,0.1188118811881188,0.00024553106240850003
0_1,typical,44,smooth,300.0,multi,0.099009900990099,0.0891089108910891,0.0693069306930693,0.0297029702970297,3.9816651767634608,3.277478006416088,0.0246349762266485,0.0372326627461153,False,False,False,False,False,False,False,False,False,False,False,False,False,False,-0.0396039603960396,-0.009900990099009896,0.0125976865194668
0_1,typical,44,smooth,300.0,single,0.4554455445544554,0.3663366336633663,0.0297029702970297,0.0198019801980198,1.204517417307051,1.3046720892429151,0.0091202015155786,0.0115833330077243,False,False,False,False,False,False,False,False,False,False,False,False,False,False,-0.009900990099009903,-0.08910891089108913,0.0024631314921456995
0_1,typical,44,smooth,1000.0,multi,0.0891089108910891,0.0198019801980198,0.0495049504950495,0.0198019801980198,2.7963784418575246,3.339902220957026,0.0978333512194563,0.1872726294307271,False,False,False,False,False,False,False,False,False,False,False,False,False,False,-0.0297029702970297,-0.06930693069306931,0.08943927821127079
0_1,typical,44,smooth,1000.0,single,0.5148514851485149,0.6435643564356436,0.0099009900990099,0.0099009900990099,1.1148212532713233,1.52801252587412,0.0312617424200368,0.0398159441486889,True,True,False,False,True,True,False,False,True,False,False,False,False,False,0.0,0.12871287128712872,0.008554201728652101
0_197,quiet,22,khz_comb,10.0,multi,0.1782178217821782,0.0891089108910891,0.2574257425742574,0.2673267326732673,0.6532670150610743,0.5546201182451057,0.0003929903247676,0.0004383872251033,False,False,False,False,False,False,False,False,False,False,False,False,False,False,0.00990099009900991,-0.0891089108910891,4.539690033569999e-05
0_197,quiet,22,khz_comb,10.0,single,0.6732673267326733,0.5445544554455446,0.2178217821782178,0.396039603960396,0.607530991002106,0.2439400190232853,0.0001878521576373,0.0001980715865755,False,False,False,False,False,False,False,False,False,False,False,False,False,False,0.1782178217821782,-0.12871287128712872,1.0219428938199987e-05
0_197,quiet,22,khz_comb,30.0,multi,0.1584158415841584,0.1089108910891089,0.3366336633663366,0.2673267326732673,0.3370731134901788,0.6574051010535915,0.0011801044878525,0.0013160922371009,False,False,False,False,False,False,False,False,False,False,False,False,False,False,-0.06930693069306931,-0.04950495049504949,0.00013598774924840004
0_197,quiet,22,khz_comb,30.0,single,0.6732673267326733,0.5742574257425742,0.198019801980198,0.4059405940594059,0.7904877389159031,0.3053456691172285,0.0005635148705364,0.0005941043199393,False,False,False,False,False,False,False,False,False,False,False,False,False,False,0.2079207920792079,-0.0990099009900991,3.058944940290001e-05
0_197,quiet,22,khz_comb,300.0,multi,0.0792079207920792,0.1287128712871287,0.3762376237623762,0.3366336633663366,0.396566602868327,0.3321577150391911,0.0121611451683697,0.0136240637147915,False,False,False,False,False,False,False,False,False,False,False,False,False,False,-0.039603960396039584,0.04950495049504949,0.0014629185464218007
0_197,quiet,22,khz_comb,300.0,single,0.5841584158415841,0.6336633663366337,0.1782178217821782,0.4851485148514851,0.9154290474072404,0.0798030863728949,0.0056347460040487,0.0059428367317441,False,False,False,False,False,False,False,False,False,False,False,False,False,False,0.30693069306930687,0.04950495049504955,0.00030809072769540004
0_197,quiet,22,khz_comb,1000.0,multi,0.0297029702970297,0.0198019801980198,0.4653465346534653,0.4752475247524752,0.1135484862460017,0.0467550362985947,0.0491663399569314,0.0577346630478964,False,False,False,False,False,False,False,False,False,False,False,False,False,False,0.00990099009900991,-0.009900990099009903,0.008568323090965002
0_197,quiet,22,khz_comb,1000.0,single,0.6435643564356436,0.7623762376237624,0.2178217821782178,0.3861386138613861,0.9361380141934512,0.3476520125012603,0.0189582406303779,0.0202423631804166,False,False,False,False,False,False,False,False,False,False,False,False,False,False,0.1683168316831683,0.1188118811881188,0.0012841225500387007
0_197,quiet,22,lines,10.0,multi,0.1386138613861386,0.0693069306930693,0.2079207920792079,0.1881188118811881,0.5940129402932365,0.8307769565982194,0.0004202867099669,0.0004897296070059,False,False,False,False,False,False,False,False,False,False,False,False,False,False,-0.01980198019801982,-0.0693069306930693,6.944289703900001e-05
0_197,quiet,22,lines,10.0,single,0.6237623762376238,0.594059405940594,0.6435643564356436,0.7821782178217822,-0.3927851031350745,-2.708480108560507,0.000198804875144,0.0002170154412399,False,False,False,False,False,False,False,False,False,False,False,False,False,False,0.13861386138613863,-0.02970297029702973,1.8210566095900005e-05
0_197,quiet,22,lines,30.0,multi,0.2277227722772277,0.0594059405940594,0.3069306930693069,0.2079207920792079,0.5056412276604632,0.6976005206214728,0.0012619761702975,0.0014703448651921,False,False,False,False,False,False,False,False,False,False,False,False,False,False,-0.09900990099009901,-0.1683168316831683,0.00020836869489459999
0_197,quiet,22,lines,30.0,single,0.6237623762376238,0.594059405940594,0.6633663366336634,0.801980198019802,-0.5184584639590482,-1.4329318285539892,0.0005963397756871,0.0006508815017522,False,False,False,False,False,False,False,False,False,False,False,False,False,False,0.13861386138613863,-0.02970297029702973,5.4541726065099935e-05
0_197,quiet,22,lines,300.0,multi,0.1584158415841584,0.0396039603960396,0.2871287128712871,0.198019801980198,0.5729998377947458,0.6281200845972895,0.0129908588587753,0.0153796351218806,False,False,False,False,False,False,False,False,False,False,False,False,False,False,-0.0891089108910891,-0.11881188118811879,0.0023887762631053
0_197,quiet,22,lines,300.0,single,0.6534653465346535,0.594059405940594,0.594059405940594,0.7821782178217822,-0.1186737855694213,-0.826492146538503,0.0059641037476121,0.0065169082620927,False,False,False,False,False,False,False,False,False,False,False,False,False,False,0.18811881188118817,-0.05940594059405946,0.0005528045144806001
0_197,quiet,22,lines,1000.0,multi,0.0099009900990099,0.0198019801980198,0.5346534653465347,0.3465346534653465,-0.084866550824881,0.5102688161871674,0.0529715184588256,0.0684403340571185,False,False,True,False,False,False,True,False,False,False,False,False,True,False,-0.18811881188118817,0.0099009900990099,0.015468815598292898
0_197,quiet,22,lines,1000.0,single,0.7128712871287128,0.8217821782178217,0.5445544554455446,0.7326732673267327,-0.0656797500656587,-1.1880893522220877,0.0200641765237415,0.0224122645411697,False,False,False,False,False,False,False,False,False,False,False,False,False,False,0.18811881188118806,0.1089108910891089,0.0023480880174281994
0_197,quiet,22,smooth,10.0,multi,0.1485148514851485,0.0594059405940594,0.2376237623762376,0.2376237623762376,0.6432881953254769,0.6173485775513563,0.0004204980587916,0.000489974607088,False,False,False,False,False,False,False,False,False,False,False,False,False,False,0.0,-0.0891089108910891,6.947654829639999e-05
0_197,quiet,22,smooth,10.0,single,0.6534653465346535,0.5346534653465347,0.6435643564356436,0.7623762376237624,-0.2851704731343411,-1.438891216118568,0.0001987832292084,0.0002170362063293,False,False,False,False,False,False,False,False,False,False,False,False,False,False,0.1188118811881188,-0.1188118811881188,1.825297712090002e-05
0_197,quiet,22,smooth,30.0,multi,0.2079207920792079,0.0396039603960396,0.3069306930693069,0.198019801980198,0.543145499959413,0.881702395868058,0.0012625901402516,0.001471017086659,False,False,False,False,False,False,False,False,False,False,False,False,False,False,-0.10891089108910892,-0.1683168316831683,0.0002084269464074002
0_197,quiet,22,smooth,30.0,single,0.693069306930693,0.6039603960396039,0.6732673267326733,0.8118811881188119,-0.2078871627309129,-1.6452813379938658,0.0005962775906016,0.0006509419160737,False,False,False,False,False,False,False,False,False,False,False,False,False,False,0.13861386138613863,-0.08910891089108908,5.466432547209996e-05
0_197,quiet,22,smooth,300.0,multi,0.198019801980198,0.099009900990099,0.3069306930693069,0.3069306930693069,0.546906638854587,0.4929736570767782,0.012994808282348,0.0153858107982655,False,False,False,False,False,False,False,False,False,False,False,False,False,False,0.0,-0.099009900990099,0.002391002515917501
0_197,quiet,22,smooth,300.0,single,0.6138613861386139,0.5742574257425742,0.5742574257425742,0.7920792079207921,-0.1238173352392148,-1.6990304493884103,0.0059632143084254,0.0065164054252144,False,False,False,False,False,False,False,False,False,False,False,False,False,False,0.2178217821782179,-0.03960396039603964,0.0005531911167889992
0_197,quiet,22,smooth,1000.0,multi,0.0396039603960396,0.0198019801980198,0.4257425742574257,0.4059405940594059,0.214379959935895,0.3316995174406228,0.0529749315546511,0.0684527343197885,False,False,False,False,False,False,False,False,False,False,False,False,False,False,-0.019801980198019764,-0.0198019801980198,0.015477802765137404
0_197,quiet,22,smooth,1000.0,single,0.693069306930693,0.8613861386138614,0.6336633663366337,0.8811881188118812,-0.1782532736064697,-1.7802577906135877,0.0200580603255449,0.0224121550485909,False,False,False,False,False,False,False,False,False,False,False,False,False,False,0.24752475247524752,0.16831683168316836,0.0023540947230460026
0_197,stress,0,khz_comb,10.0,multi,0.0891089108910891,0.0594059405940594,0.0693069306930693,0.2079207920792079,1.6889928351291432,1.1004094648497464,0.0002008163901609,0.0002618513478798,False,False,False,False,False,False,False,False,False,False,False,False,False,False,0.13861386138613863,-0.0297029702970297,6.103495771890002e-05
0_197,stress,0,khz_comb,10.0,single,0.8118811881188119,0.5742574257425742,0.6039603960396039,0.594059405940594,-0.1403757677783453,-0.289183745666879,5.241644591560202e-05,6.076706111006386e-05,False,False,False,False,False,False,False,False,False,False,False,False,False,False,-0.00990099009900991,-0.23762376237623772,8.35061519446184e-06
0_197,stress,0,khz_comb,30.0,multi,0.0891089108910891,0.0495049504950495,0.1287128712871287,0.1584158415841584,1.1134571894947916,1.2277940509340657,0.0006023069365487,0.0007853358001364,False,False,False,False,False,False,False,False,False,False,False,False,False,False,0.0297029702970297,-0.039603960396039604,0.00018302886358770006
0_197,stress,0,khz_comb,30.0,single,0.9207920792079208,0.6039603960396039,0.6633663366336634,0.7029702970297029,-0.1825535692113876,-0.5390868238006815,0.0001572354163794,0.0001822812339485,False,False,False,False,False,False,False,False,False,False,False,False,False,False,0.03960396039603953,-0.3168316831683169,2.50458175691e-05
0_197,stress,0,khz_comb,300.0,multi,0.0594059405940594,0.0792079207920792,0.1188118811881188,0.198019801980198,1.862909310991996,1.3790733348445503,0.0060115075028097,0.0078401784248978,False,False,False,False,False,False,False,False,False,False,False,False,False,False,0.0792079207920792,0.019801980198019792,0.0018286709220881004
0_197,stress,0,khz_comb,300.0,single,0.9405940594059404,0.6237623762376238,0.5445544554455446,0.693069306930693,-0.1191878286955575,-0.427242243221749,0.0015705611404772,0.0018202569133609,False,False,False,False,False,False,False,False,False,False,False,False,False,False,0.14851485148514842,-0.31683168316831667,0.00024969577288370005
0_197,stress,0,khz_comb,1000.0,multi,0.1287128712871287,0.0495049504950495,0.1386138613861386,0.1683168316831683,1.254742303360317,0.898545445227984,0.0200665858803738,0.026422753269718,False,False,False,False,False,False,False,False,False,False,False,False,False,False,0.0297029702970297,-0.0792079207920792,0.006356167389344202
0_197,stress,0,khz_comb,1000.0,single,0.8811881188118812,0.8118811881188119,0.5643564356435643,0.7029702970297029,-0.1671670713922029,-0.3722802774531744,0.0052216743991726,0.0060500278372807,False,False,False,False,False,False,False,False,False,False,False,False,False,False,0.13861386138613863,-0.06930693069306926,0.0008283534381080997
0_197,stress,0,lines,10.0,multi,0.1089108910891089,0.0594059405940594,0.1584158415841584,0.2079207920792079,1.0096728681134632,0.9713656892402082,0.0002239543129867,0.0003059397800783,False,False,False,False,False,False,False,False,False,False,False,False,False,False,0.04950495049504952,-0.04950495049504949,8.198546709159999e-05
0_197,stress,0,lines,10.0,single,0.7326732673267327,0.5346534653465347,0.6138613861386139,0.7920792079207921,-0.3919537696196473,-0.7091281246744865,5.507545742164153e-05,6.758925616450865e-05,False,False,False,False,False,False,False,False,False,False,False,False,False,False,0.17821782178217827,-0.19801980198019797,1.2513798742867122e-05
0_197,stress,0,lines,30.0,multi,0.099009900990099,0.0396039603960396,0.1287128712871287,0.198019801980198,1.261143548165791,1.0695848711981009,0.0006716984096585,0.0009177175704466,False,False,False,False,False,False,False,False,False,False,False,False,False,False,0.06930693069306931,-0.0594059405940594,0.00024601916078809995
0_197,stress,0,lines,30.0,single,0.8613861386138614,0.5742574257425742,0.6831683168316832,0.8613861386138614,-0.6667173448009438,-1.0147069622314404,0.0001652148475136,0.0002027446224625,False,False,False,False,False,False,False,False,False,False,False,False,False,False,0.17821782178217815,-0.28712871287128716,3.752977494890001e-05
0_197,stress,0,lines,300.0,multi,0.1089108910891089,0.0891089108910891,0.1386138613861386,0.2277227722772277,1.0236020580494611,0.8769889844830409,0.0067045088113035,0.0091796016865173,False,False,False,False,False,False,False,False,False,False,False,False,False,False,0.0891089108910891,-0.019801980198019792,0.0024750928752138007
0_197,stress,0,lines,300.0,single,0.8415841584158416,0.6732673267326733,0.693069306930693,0.900990099009901,-0.7821392653120267,-1.3485858803018185,0.0016506216177821,0.0020244819445215,False,False,False,False,False,False,False,False,False,False,False,False,False,False,0.207920792079208,-0.16831683168316824,0.0003738603267394
0_197,stress,0,lines,1000.0,multi,0.0792079207920792,0.0693069306930693,0.099009900990099,0.1485148514851485,1.7210897789165915,0.9801698478857792,0.0224654031494874,0.0311227141276577,False,False,False,False,False,False,False,False,False,False,False,False,False,False,0.04950495049504951,-0.009900990099009896,0.0086573109781703
0_197,stress,0,lines,1000.0,single,0.8613861386138614,0.6435643564356436,0.693069306930693,0.7227722772277227,-0.5570423081592284,-0.6228205647084244,0.005490355260515,0.0067282269518413,False,False,False,False,False,False,False,False,False,False,False,False,False,False,0.02970297029702973,-0.2178217821782178,0.0012378716913262998
0_197,stress,0,smooth,10.0,multi,0.0198019801980198,0.0792079207920792,0.1782178217821782,0.198019801980198,1.0065965355805366,0.8192237969871469,0.0002238972012526,0.0003060380060901,False,False,False,False,False,False,False,False,False,False,False,False,False,False,0.019801980198019792,0.059405940594059396,8.21408048375e-05
0_197,stress,0,smooth,10.0,single,0.8217821782178217,0.693069306930693,0.693069306930693,0.8613861386138614,-0.3105716919073309,-1.0685081105524783,5.50542442929408e-05,6.763279177084266e-05,False,False,False,False,False,False,False,False,False,False,False,False,False,False,0.16831683168316836,-0.12871287128712872,1.257854747790186e-05
0_197,stress,0,smooth,30.0,multi,0.0891089108910891,0.0792079207920792,0.1386138613861386,0.198019801980198,1.1708999773988735,1.0643612877290745,0.000671517421615,0.0009180143436899,False,False,False,False,False,False,False,False,False,False,False,False,False,False,0.0594059405940594,-0.00990099009900991,0.00024649692207489996
0_197,stress,0,smooth,30.0,single,0.7425742574257426,0.6336633663366337,0.7821782178217822,0.9207920792079208,-0.3614533629745408,-0.7775994468347542,0.000165150397406,0.0002028756444044,False,False,False,False,False,False,False,False,False,False,False,False,False,False,0.13861386138613863,-0.1089108910891089,3.7725246998399986e-05
0_197,stress,0,smooth,300.0,multi,0.0594059405940594,0.0693069306930693,0.1188118811881188,0.3267326732673267,1.250350151510102,0.574193869121466,0.0067022958714713,0.0091818052953798,False,False,False,False,False,False,False,False,False,False,False,False,False,False,0.20792079207920788,0.009900990099009896,0.0024795094239085
0_197,stress,0,smooth,300.0,single,0.8514851485148515,0.6435643564356436,0.7821782178217822,0.8613861386138614,-0.7491467242971406,-0.7029201916131677,0.0016499189004021,0.0020257637615396,False,False,False,False,False,False,False,False,False,False,False,False,False,False,0.07920792079207917,-0.20792079207920788,0.0003758448611374998
0_197,stress,0,smooth,1000.0,multi,0.0396039603960396,0.0297029702970297,0.0891089108910891,0.1485148514851485,1.466522809793874,1.0303341458343225,0.0224629325426592,0.0311303820666177,False,False,False,False,False,False,False,False,False,False,False,False,False,False,0.0594059405940594,-0.009900990099009896,0.008667449523958499
0_197,stress,0,smooth,1000.0,single,0.801980198019802,0.6831683168316832,0.7227722772277227,0.7920792079207921,-0.7661585939321977,-0.6818666035364855,0.0054880672798826,0.006731881133547,False,False,False,False,False,False,False,False,False,False,False,False,False,False,0.06930693069306937,-0.1188118811881188,0.0012438138536644003
0_197,typical,36,khz_comb,10.0,multi,0.1485148514851485,0.0792079207920792,0.6534653465346535,0.504950495049505,-0.5279919329527539,0.0018679913002203,0.0003099743308812,0.000365798041228,False,False,False,False,False,False,False,False,False,False,False,False,False,False,-0.14851485148514854,-0.06930693069306931,5.5823710346799974e-05
0_197,typical,36,khz_comb,10.0,single,0.2772277227722772,0.4554455445544554,0.9108910891089108,0.9405940594059404,-1.100876443969724,-0.9255383651917676,6.190056538067194e-05,6.257986645955024e-05,False,False,False,False,False,False,False,False,False,False,False,False,False,False,0.02970297029702962,0.1782178217821782,6.793010788782981e-07
0_197,typical,36,khz_comb,30.0,multi,0.1485148514851485,0.0891089108910891,0.7227722772277227,0.4554455445544554,-0.4822984441418349,0.1500681955906974,0.0009299092883014,0.0010974099883841,False,False,False,False,False,False,False,False,False,False,False,False,False,False,-0.26732673267326734,-0.0594059405940594,0.00016750070008269993
0_197,typical,36,khz_comb,30.0,single,0.1584158415841584,0.396039603960396,0.9405940594059404,0.8910891089108911,-0.9589655318252148,-0.8175283841792338,0.0001858089332141,0.0001878182270472,False,False,False,False,False,False,False,False,False,False,False,False,False,False,-0.04950495049504933,0.2376237623762376,2.009293833099996e-06
0_197,typical,36,khz_comb,300.0,multi,0.1089108910891089,0.1188118811881188,0.6435643564356436,0.504950495049505,-0.4510689297827559,-0.0228975678907454,0.0092981640289614,0.010977199203715,False,False,False,False,False,False,False,False,False,False,False,False,False,False,-0.13861386138613863,0.00990099009900991,0.0016790351747535993
0_197,typical,36,khz_comb,300.0,single,0.198019801980198,0.2772277227722772,0.9801980198019802,0.8910891089108911,-1.2450114958225158,-0.8298490565705217,0.0018733430982064,0.0018899942031639,False,False,False,False,False,False,False,False,False,False,False,False,False,False,-0.08910891089108908,0.0792079207920792,1.6651104957500062e-05
0_197,typical,36,khz_comb,1000.0,multi,0.198019801980198,0.0495049504950495,0.7227722772277227,0.4257425742574257,-0.4241074043262235,0.2427322973090965,0.0310013026720754,0.0366574923884648,False,False,False,False,False,False,False,False,False,False,False,False,False,False,-0.29702970297029707,-0.1485148514851485,0.005656189716389402
0_197,typical,36,khz_comb,1000.0,single,0.2178217821782178,0.2673267326732673,0.9405940594059404,0.900990099009901,-1.192480081635763,-0.7645714822251258,0.0064192084062195,0.0064360847876886,False,False,False,False,False,False,False,False,False,False,False,False,False,False,-0.03960396039603942,0.04950495049504949,1.6876381469100102e-05
0_197,typical,36,lines,10.0,multi,0.1089108910891089,0.0594059405940594,0.4851485148514851,0.4257425742574257,0.0632319997632134,0.137889850962818,0.0003469452567259,0.0004222068155427,False,False,False,False,False,False,False,False,False,False,False,False,False,False,-0.0594059405940594,-0.04950495049504949,7.526155881679999e-05
0_197,typical,36,lines,10.0,single,0.4059405940594059,0.4554455445544554,0.7920792079207921,0.7821782178217822,-0.7512194747473931,-0.5999598050380077,6.317459751988362e-05,6.456046031891687e-05,False,False,False,False,False,False,False,False,False,False,False,False,False,False,-0.00990099009900991,0.04950495049504949,1.3858627990332562e-06
0_197,typical,36,lines,30.0,multi,0.099009900990099,0.0198019801980198,0.4851485148514851,0.3366336633663366,0.0218958260127245,0.4846709976359929,0.0010408160213462,0.0012666287103524,False,False,False,False,False,False,False,False,False,False,False,False,False,False,-0.14851485148514848,-0.0792079207920792,0.00022581268900620012
0_197,typical,36,lines,30.0,single,0.396039603960396,0.3663366336633663,0.7920792079207921,0.7722772277227723,-0.6350923796076017,-0.575322096699478,0.0001896390349361,0.0001937630013658,False,False,False,False,False,False,False,False,False,False,False,False,False,False,-0.01980198019801982,-0.02970297029702973,4.123966429699994e-06
0_197,typical,36,lines,300.0,multi,0.0891089108910891,0.0198019801980198,0.495049504950495,0.297029702970297,0.0611990918682539,0.4415352707617107,0.0104061939961637,0.0126701894545763,False,False,False,False,False,False,False,False,False,False,False,False,False,False,-0.19801980198019797,-0.06930693069306931,0.002263995458412601
0_197,typical,36,lines,300.0,single,0.2277227722772277,0.3168316831683168,0.8514851485148515,0.7623762376237624,-0.7586106115301713,-0.5584614001082143,0.0019134998773556,0.0019497380925091,False,False,False,False,False,False,False,False,False,False,False,False,False,False,-0.08910891089108908,0.08910891089108908,3.62382151534999e-05
0_197,typical,36,lines,1000.0,multi,0.0891089108910891,0.0693069306930693,0.594059405940594,0.4455445544554455,-0.2959394850552469,0.1439675667220764,0.0346935312797207,0.0423362943944135,False,False,False,False,False,False,False,False,False,False,False,False,False,False,-0.14851485148514854,-0.019801980198019806,0.007642763114692801
0_197,typical,36,lines,1000.0,single,0.2079207920792079,0.1287128712871287,0.7821782178217822,0.7425742574257426,-0.6421003530575541,-0.4570008675296412,0.0065683491191535,0.0066381815487562,False,False,False,False,False,False,False,False,False,False,False,False,False,False,-0.03960396039603964,-0.07920792079207922,6.983242960270034e-05
0_197,typical,36,smooth,10.0,multi,0.1287128712871287,0.0594059405940594,0.5544554455445545,0.3366336633663366,-0.0688359361515518,0.3279475392478723,0.00034647045221,0.0004219275166958,False,False,False,False,False,False,False,False,False,False,False,False,False,False,-0.2178217821782179,-0.06930693069306929,7.545706448580002e-05
0_197,typical,36,smooth,10.0,single,0.4455445544554455,0.4356435643564356,0.7920792079207921,0.7128712871287128,-0.5950296158747436,-0.4706783565114732,6.320473459670843e-05,6.459247003133417e-05,False,False,False,False,False,False,False,False,False,False,False,False,False,False,-0.07920792079207928,-0.00990099009900991,1.3877354346257471e-06
0_197,typical,36,smooth,30.0,multi,0.0891089108910891,0.0297029702970297,0.5148514851485149,0.3069306930693069,-0.0205711569300088,0.4732514183574313,0.0010393880049801,0.0012658030029652,False,False,False,False,False,False,False,False,False,False,False,False,False,False,-0.20792079207920794,-0.0594059405940594,0.00022641499798510003
0_197,typical,36,smooth,30.0,single,0.2871287128712871,0.4257425742574257,0.7722772277227723,0.7524752475247525,-0.6365630396215557,-0.6388246316726293,0.0001897295120841,0.0001938566430152,False,False,False,False,False,False,False,False,False,False,False,False,False,False,-0.01980198019801982,0.13861386138613857,4.127130931099983e-06
0_197,typical,36,smooth,300.0,multi,0.1089108910891089,0.0198019801980198,0.5841584158415841,0.4257425742574257,-0.1349240248545992,0.1984987848409453,0.0103914719652546,0.0126620422868436,False,False,False,False,False,False,False,False,False,False,False,False,False,False,-0.15841584158415845,-0.0891089108910891,0.0022705703215889998
0_197,typical,36,smooth,300.0,single,0.1782178217821782,0.3069306930693069,0.7821782178217822,0.7920792079207921,-0.5609193034194565,-0.5799667076481705,0.001914111521668,0.0019503062357383,False,False,False,False,False,False,False,False,False,False,False,False,False,False,0.00990099009900991,0.12871287128712872,3.619471407029988e-05
0_197,typical,36,smooth,1000.0,multi,0.1188118811881188,0.0693069306930693,0.5544554455445545,0.4158415841584158,-0.1992921363090384,0.2734937046550379,0.0346390017014976,0.0423074912280345,False,False,False,False,False,False,False,False,False,False,False,False,False,False,-0.13861386138613868,-0.04950495049504951,0.007668489526536898
0_197,typical,36,smooth,1000.0,single,0.1287128712871287,0.3168316831683168,0.7227722772277227,0.7524752475247525,-0.4903081230170532,-0.4647068357500687,0.0065695851263298,0.0066397699951497,False,False,False,False,False,False,False,False,False,False,False,False,False,False,0.02970297029702973,0.1881188118811881,7.018486881989975e-05
11_10,quiet,16,khz_comb,10.0,multi,0.0198019801980198,0.0693069306930693,0.594059405940594,0.4455445544554455,-0.2648715005583375,0.1498250038701278,0.0001236162029341,0.0001670037160409,False,False,False,False,False,False,False,False,False,False,False,False,False,False,-0.14851485148514854,0.0495049504950495,4.3387513106800006e-05
11_10,quiet,16,khz_comb,10.0,single,0.4158415841584158,0.7425742574257426,0.5148514851485149,0.3168316831683168,-0.0467622660917144,0.4014375478748373,7.382041249118019e-05,8.995880053080538e-05,False,False,False,False,False,False,False,False,False,False,False,False,False,False,-0.19801980198019808,0.32673267326732675,1.6138388039625186e-05
11_10,quiet,16,khz_comb,30.0,multi,0.0297029702970297,0.099009900990099,0.4851485148514851,0.4158415841584158,0.1359088646217112,0.3569981001467227,0.0003708319308801,0.0005011280808319,False,False,False,False,False,False,False,False,False,False,False,False,False,False,-0.06930693069306926,0.0693069306930693,0.00013029614995179996
11_10,quiet,16,khz_comb,30.0,single,0.3267326732673267,0.7524752475247525,0.5445544554455446,0.2871287128712871,-0.0626101378201806,0.390506976571743,0.0002214123229472,0.0002697935957621,False,False,False,False,False,False,False,False,False,False,False,False,False,False,-0.2574257425742575,0.4257425742574258,4.838127281490002e-05
11_10,quiet,16,khz_comb,300.0,multi,0.0297029702970297,0.0297029702970297,0.5841584158415841,0.3069306930693069,-0.2947338367649503,0.4727025913479847,0.0037065777918311,0.005030672049712,False,False,False,False,False,False,False,False,False,False,False,False,False,False,-0.2772277227722772,0.0,0.0013240942578808998
11_10,quiet,16,khz_comb,300.0,single,0.4455445544554455,0.8712871287128713,0.4554455445544554,0.4554455445544554,0.0827610545781859,0.174634214248797,0.0022077629321325,0.0026874931884141,False,False,False,False,False,False,False,False,False,False,False,False,False,False,0.0,0.4257425742574258,0.00047973025628159994
11_10,quiet,16,khz_comb,1000.0,multi,0.0495049504950495,0.0297029702970297,0.5346534653465347,0.3267326732673267,-0.0682215895041257,0.3006399733537355,0.0123467035413182,0.0170440122326741,False,False,False,False,False,False,False,False,False,False,False,False,False,False,-0.207920792079208,-0.0198019801980198,0.0046973086913559
11_10,quiet,16,khz_comb,1000.0,single,0.7128712871287128,0.9504950495049505,0.4059405940594059,0.3465346534653465,0.2890723197094763,0.183297871502938,0.007308349433328,0.0088890959263376,False,False,False,False,False,False,False,False,False,False,False,False,False,False,-0.0594059405940594,0.2376237623762376,0.0015807464930096002
11_10,quiet,16,lines,10.0,multi,0.0495049504950495,0.0792079207920792,0.4554455445544554,0.297029702970297,0.1554150410407261,0.5184694933855899,0.0001324626736189,0.0001928194755639,False,False,False,False,False,False,False,False,False,False,False,False,False,False,-0.1584158415841584,0.029702970297029695,6.0356801945000006e-05
11_10,quiet,16,lines,10.0,single,0.3762376237623762,0.8316831683168316,0.396039603960396,0.0495049504950495,0.2293299077739909,0.8889585358012521,8.029333799065738e-05,0.0001033752594889,False,False,False,False,False,False,False,False,False,False,False,False,False,False,-0.3465346534653465,0.45544554455445546,2.3081921498242626e-05
11_10,quiet,16,lines,30.0,multi,0.0891089108910891,0.0495049504950495,0.4257425742574257,0.2673267326732673,0.2470393560440472,0.6001211528684987,0.0003973627461082,0.0005786334939199,False,False,False,False,False,False,False,False,False,False,False,False,False,False,-0.1584158415841584,-0.039603960396039604,0.00018127074781170002
11_10,quiet,16,lines,30.0,single,0.3762376237623762,0.8613861386138614,0.3762376237623762,0.1089108910891089,0.2658214565036503,0.6965546984860427,0.000240818925171,0.0003100091338267,False,False,False,False,False,False,False,False,False,False,False,False,False,False,-0.2673267326732673,0.4851485148514852,6.919020865570004e-05
11_10,quiet,16,lines,300.0,multi,0.0693069306930693,0.0693069306930693,0.396039603960396,0.3564356435643564,0.2715435802927503,0.5012630233807244,0.0039708171655608,0.0058173349740187,False,False,False,False,False,False,False,False,False,False,False,False,False,False,-0.039603960396039584,0.0,0.0018465178084579002
11_10,quiet,16,lines,300.0,single,0.4752475247524752,0.9207920792079208,0.3366336633663366,0.0792079207920792,0.2223935653861602,0.7473090034116103,0.002400131277917,0.0030853236226615,False,False,False,False,False,False,False,False,False,False,False,False,False,False,-0.25742574257425743,0.4455445544554456,0.0006851923447445001
11_10,quiet,16,lines,1000.0,multi,0.0594059405940594,0.0792079207920792,0.3663366336633663,0.2673267326732673,0.2629350300612638,1.0026135029433336,0.0132230633909156,0.0198443671997315,False,False,False,False,False,False,False,False,False,False,False,False,False,False,-0.09900990099009899,0.019801980198019792,0.0066213038088159
11_10,quiet,16,lines,1000.0,single,0.7920792079207921,0.9504950495049505,0.3465346534653465,0.1584158415841584,0.2450893660942989,0.5662995717167534,0.0079337589376759,0.0101967818373136,False,False,False,False,False,False,False,False,False,False,False,False,False,False,-0.18811881188118812,0.15841584158415833,0.002263022899637701
11_10,quiet,16,smooth,10.0,multi,0.0594059405940594,0.099009900990099,0.396039603960396,0.3168316831683168,0.212760824880136,0.5926844788690568,0.0001322735808308,0.0001926784368389,False,False,False,False,False,False,False,False,False,False,False,False,False,False,-0.07920792079207922,0.0396039603960396,6.04048560081e-05
11_10,quiet,16,smooth,10.0,single,0.3168316831683168,0.8811881188118812,0.4752475247524752,0.0594059405940594,0.0407535662505886,0.7574972241385707,8.024866976901752e-05,0.0001033838846069,False,False,False,False,False,False,False,False,False,False,False,False,False,False,-0.4158415841584158,0.5643564356435644,2.3135214837882484e-05
11_10,quiet,16,smooth,30.0,multi,0.0693069306930693,0.099009900990099,0.4653465346534653,0.3465346534653465,0.0948193461012198,0.4185736440185982,0.0003967978946554,0.0005782143514808,False,False,False,False,False,False,False,False,False,False,False,False,False,False,-0.1188118811881188,0.0297029702970297,0.00018141645682540004
11_10,quiet,16,smooth,30.0,single,0.3267326732673267,0.8217821782178217,0.4356435643564356,0.099009900990099,0.12663865479718,0.735971316972768,0.0002406843314332,0.0003100350512398,False,False,False,False,False,False,False,False,False,False,False,False,False,False,-0.3366336633663366,0.49504950495049505,6.935071980660002e-05
11_10,quiet,16,smooth,300.0,multi,0.0693069306930693,0.0792079207920792,0.3663366336633663,0.3663366336633663,0.4098285017910759,0.4347144542627675,0.0039653150660243,0.0058131719443749,False,False,False,False,False,False,False,False,False,False,False,False,False,False,0.0,0.009900990099009896,0.0018478568783505999
11_10,quiet,16,smooth,300.0,single,0.5247524752475248,0.9207920792079208,0.4356435643564356,0.1287128712871287,0.1150326037036235,0.7180080701420819,0.0023986783371759,0.0030858126354979,False,False,False,False,False,False,False,False,False,False,False,False,False,False,-0.30693069306930687,0.39603960396039606,0.0006871342983219998
11_10,quiet,16,smooth,1000.0,multi,0.099009900990099,0.1188118811881188,0.4752475247524752,0.3465346534653465,0.0505041556719323,0.4391810262690352,0.0132056981311118,0.0198365797191082,False,False,False,False,False,False,False,False,False,False,False,False,False,False,-0.12871287128712872,0.019801980198019806,0.0066308815879964
11_10,quiet,16,smooth,1000.0,single,0.8514851485148515,0.9702970297029704,0.3069306930693069,0.2178217821782178,0.3575895279175747,0.5552978482610186,0.0079293330954909,0.0102008819178301,False,False,False,False,False,False,False,False,False,False,False,False,False,False,-0.08910891089108913,0.11881188118811892,0.0022715488223392
11_10,stress,64,khz_comb,10.0,multi,1.0,1.0,1.0,1.0,,,0.0,0.0,False,False,False,False,False,False,False,False,False,False,False,False,False,False,0.0,0.0,0.0
11_10,stress,64,khz_comb,10.0,single,1.0,1.0,1.0,1.0,,,0.0,0.0,False,False,False,False,False,False,False,False,False,False,False,False,False,False,0.0,0.0,0.0
11_10,stress,64,khz_comb,30.0,multi,1.0,1.0,1.0,1.0,,,0.0,0.0,False,False,False,False,False,False,False,False,False,False,False,False,False,False,0.0,0.0,0.0
11_10,stress,64,khz_comb,30.0,single,1.0,1.0,1.0,1.0,,,0.0,0.0,False,False,False,False,False,False,False,False,False,False,False,False,False,False,0.0,0.0,0.0
11_10,stress,64,khz_comb,300.0,multi,1.0,1.0,1.0,1.0,,,0.0,0.0,False,False,False,False,False,False,False,False,False,False,False,False,False,False,0.0,0.0,0.0
11_10,stress,64,khz_comb,300.0,single,1.0,1.0,1.0,1.0,,,0.0,0.0,False,False,False,False,False,False,False,False,False,False,False,False,False,False,0.0,0.0,0.0
11_10,stress,64,khz_comb,1000.0,multi,1.0,1.0,1.0,1.0,,,0.0,0.0,False,False,False,False,False,False,False,False,False,False,False,False,False,False,0.0,0.0,0.0
11_10,stress,64,khz_comb,1000.0,single,1.0,1.0,1.0,1.0,,,0.0,0.0,False,False,False,False,False,False,False,False,False,False,False,False,False,False,0.0,0.0,0.0
11_10,stress,64,lines,10.0,multi,1.0,1.0,1.0,1.0,,,0.0,0.0,False,False,False,False,False,False,False,False,False,False,False,False,False,False,0.0,0.0,0.0
11_10,stress,64,lines,10.0,single,1.0,1.0,1.0,1.0,,,0.0,0.0,False,False,False,False,False,False,False,False,False,False,False,False,False,False,0.0,0.0,0.0
11_10,stress,64,lines,30.0,multi,1.0,1.0,1.0,1.0,,,0.0,0.0,False,False,False,False,False,False,False,False,False,False,False,False,False,False,0.0,0.0,0.0
11_10,stress,64,lines,30.0,single,1.0,1.0,1.0,1.0,,,0.0,0.0,False,False,False,False,False,False,False,False,False,False,False,False,False,False,0.0,0.0,0.0
11_10,stress,64,lines,300.0,multi,1.0,1.0,1.0,1.0,,,0.0,0.0,False,False,False,False,False,False,False,False,False,False,False,False,False,False,0.0,0.0,0.0
11_10,stress,64,lines,300.0,single,1.0,1.0,1.0,1.0,,,0.0,0.0,False,False,False,False,False,False,False,False,False,False,False,False,False,False,0.0,0.0,0.0
11_10,stress,64,lines,1000.0,multi,1.0,1.0,1.0,1.0,,,0.0,0.0,False,False,False,False,False,False,False,False,False,False,False,False,False,False,0.0,0.0,0.0
11_10,stress,64,lines,1000.0,single,1.0,1.0,1.0,1.0,,,0.0,0.0,False,False,False,False,False,False,False,False,False,False,False,False,False,False,0.0,0.0,0.0
11_10,stress,64,smooth,10.0,multi,1.0,1.0,1.0,1.0,,,0.0,0.0,False,False,False,False,False,False,False,False,False,False,False,False,False,False,0.0,0.0,0.0
11_10,stress,64,smooth,10.0,single,1.0,1.0,1.0,1.0,,,0.0,0.0,False,False,False,False,False,False,False,False,False,False,False,False,False,False,0.0,0.0,0.0
11_10,stress,64,smooth,30.0,multi,1.0,1.0,1.0,1.0,,,0.0,0.0,False,False,False,False,False,False,False,False,False,False,False,False,False,False,0.0,0.0,0.0
11_10,stress,64,smooth,30.0,single,1.0,1.0,1.0,1.0,,,0.0,0.0,False,False,False,False,False,False,False,False,False,False,False,False,False,False,0.0,0.0,0.0
11_10,stress,64,smooth,300.0,multi,1.0,1.0,1.0,1.0,,,0.0,0.0,False,False,False,False,False,False,False,False,False,False,False,False,False,False,0.0,0.0,0.0
11_10,stress,64,smooth,300.0,single,1.0,1.0,1.0,1.0,,,0.0,0.0,False,False,False,False,False,False,False,False,False,False,False,False,False,False,0.0,0.0,0.0
11_10,stress,64,smooth,1000.0,multi,1.0,1.0,1.0,1.0,,,0.0,0.0,False,False,False,False,False,False,False,False,False,False,False,False,False,False,0.0,0.0,0.0
11_10,stress,64,smooth,1000.0,single,1.0,1.0,1.0,1.0,,,0.0,0.0,False,False,False,False,False,False,False,False,False,False,False,False,False,False,0.0,0.0,0.0
11_10,typical,44,khz_comb,10.0,multi,0.1089108910891089,0.1485148514851485,0.1188118811881188,0.1584158415841584,0.8918459733456232,0.7648575945802935,0.0020796559248796,0.0024991613166876,False,False,False,False,False,False,False,False,False,False,False,False,False,False,0.039603960396039584,0.03960396039603961,0.0004195053918079998
11_10,typical,44,khz_comb,10.0,single,0.9801980198019802,0.9306930693069309,0.2475247524752475,0.2475247524752475,1.022042214168004,0.676977794132401,0.0009968532423969,0.0011753742138711,False,False,False,False,False,False,False,False,False,False,False,False,False,False,0.0,-0.04950495049504933,0.00017852097147419985
11_10,typical,44,khz_comb,30.0,multi,0.1782178217821782,0.1287128712871287,0.1386138613861386,0.1287128712871287,1.214419321633449,0.8769779973363447,0.0062383390495818,0.0074982793106994,False,False,False,False,False,False,False,False,False,False,False,False,False,False,-0.00990099009900991,-0.04950495049504952,0.0012599402611176
11_10,typical,44,khz_comb,30.0,single,0.9702970297029704,0.9801980198019802,0.3564356435643564,0.3564356435643564,0.3436972931990269,0.6187205683248906,0.0029901236487046,0.003524857673153,False,False,False,False,False,False,False,False,False,False,False,False,False,False,0.0,0.009900990099009799,0.0005347340244484002
11_10,typical,44,khz_comb,300.0,multi,0.1287128712871287,0.1089108910891089,0.0891089108910891,0.1287128712871287,1.3706392791910846,0.8522686049821196,0.0628292799493158,0.0757112539027723,False,False,False,False,False,False,False,False,False,False,False,False,False,False,0.039603960396039584,-0.019801980198019792,0.0128819739534565
11_10,typical,44,khz_comb,300.0,single,0.99009900990099,0.9801980198019802,0.3069306930693069,0.3366336633663366,0.4929042007136324,0.4294218890482561,0.029879643580704,0.035129578635491,False,False,False,False,False,False,False,False,False,False,False,False,False,False,0.029702970297029674,-0.009900990099009799,0.005249935054787002
11_10,typical,44,khz_comb,1000.0,multi,0.1287128712871287,0.0792079207920792,0.0495049504950495,0.0792079207920792,1.7976527623161616,1.212627934870537,0.2275189866862329,0.2712618255354508,False,False,False,False,False,False,False,False,False,False,False,False,False,False,0.029702970297029695,-0.04950495049504949,0.0437428388492179
11_10,typical,44,khz_comb,1000.0,single,0.9504950495049505,1.0,0.3168316831683168,0.3168316831683168,0.6650742236885855,0.7966555929670457,0.1003451527710276,0.1183949332757028,False,False,False,False,False,False,False,False,False,False,False,False,False,False,0.0,0.04950495049504955,0.018049780504675206
11_10,typical,44,lines,10.0,multi,0.1683168316831683,0.1089108910891089,0.1683168316831683,0.1782178217821782,0.9872795672648672,0.7278808933586185,0.0022345694060957,0.0028513364625597,False,False,False,False,False,False,False,False,False,False,False,False,False,False,0.00990099009900991,-0.0594059405940594,0.000616767056464
11_10,typical,44,lines,10.0,single,0.9108910891089108,0.8910891089108911,0.1485148514851485,0.0891089108910891,1.662034107819273,1.3677700096290186,0.0010790699888059,0.0013364512195293,False,False,False,False,False,False,False,False,False,False,False,False,False,False,-0.0594059405940594,-0.01980198019801971,0.0002573812307233999
11_10,typical,44,lines,30.0,multi,0.1188118811881188,0.1782178217821782,0.1386138613861386,0.2376237623762376,1.3637417970607826,0.63257689859617,0.0067010265853219,0.0085558813624371,False,False,False,False,False,False,False,False,False,False,False,False,False,False,0.09900990099009901,0.0594059405940594,0.0018548547771152007
11_10,typical,44,lines,30.0,single,0.8613861386138614,0.8811881188118812,0.1584158415841584,0.1089108910891089,1.658930924150433,1.3005552669280265,0.0032367433224293,0.0040073315622339,False,False,False,False,False,False,False,False,False,False,False,False,False,False,-0.04950495049504949,0.01980198019801982,0.0007705882398046002
11_10,typical,44,lines,300.0,multi,0.1386138613861386,0.1287128712871287,0.1485148514851485,0.2178217821782178,1.4457253446551344,0.8290762027477976,0.0672883786280467,0.0864466657921775,False,False,False,False,False,False,False,False,False,False,False,False,False,False,0.06930693069306929,-0.00990099009900991,0.019158287164130802
11_10,typical,44,lines,300.0,single,0.9603960396039604,0.9504950495049505,0.0891089108910891,0.0396039603960396,1.859542499909496,2.006207900261104,0.0323343669045668,0.0399056080771509,False,False,False,False,False,False,False,False,False,False,False,False,False,False,-0.04950495049504951,-0.00990099009900991,0.007571241172584099
11_10,typical,44,lines,1000.0,multi,0.0693069306930693,0.0891089108910891,0.0792079207920792,0.0594059405940594,1.4469038106432424,1.3450029060824875,0.2419430062391905,0.3120495613213603,False,False,False,False,False,False,False,False,False,False,False,False,False,False,-0.019801980198019792,0.019801980198019806,0.07010655508216981
11_10,typical,44,lines,1000.0,single,1.0,0.9603960396039604,0.0891089108910891,0.2475247524752475,2.035584206173351,1.092313374262522,0.1086054719033663,0.1356070180171933,False,False,False,False,False,False,False,False,False,False,False,False,False,False,0.1584158415841584,-0.03960396039603964,0.027001546113827005
11_10,typical,44,smooth,10.0,multi,0.1188118811881188,0.0693069306930693,0.1386138613861386,0.1683168316831683,0.8669498245805389,0.7377427891578304,0.0022344670424368,0.002850797341615,False,False,False,False,False,False,False,False,False,False,False,False,False,False,0.0297029702970297,-0.04950495049504951,0.0006163302991782
11_10,typical,44,smooth,10.0,single,0.9306930693069309,0.8415841584158416,0.1485148514851485,0.0891089108910891,1.2905546922940851,1.2859790322337064,0.0010786801041159,0.0013368587157451,False,False,False,False,False,False,False,False,False,False,False,False,False,False,-0.0594059405940594,-0.0891089108910893,0.00025817861162919994
11_10,typical,44,smooth,30.0,multi,0.1881188118811881,0.1188118811881188,0.1584158415841584,0.2178217821782178,0.7578927336503426,0.6026310982530451,0.0067008826824069,0.0085542000465129,False,False,False,False,False,False,False,False,False,False,False,False,False,False,0.0594059405940594,-0.06930693069306929,0.0018533173641060007
11_10,typical,44,smooth,30.0,single,0.8712871287128713,0.8910891089108911,0.1683168316831683,0.0891089108910891,1.1094118283478926,1.2319537214196212,0.0032355820433076,0.0040086131151123,False,False,False,False,False,False,False,False,False,False,False,False,False,False,-0.0792079207920792,0.01980198019801982,0.0007730310718047002
11_10,typical,44,smooth,300.0,multi,0.1782178217821782,0.1188118811881188,0.1188118811881188,0.1881188118811881,1.1727364831654197,0.8388145197021522,0.0672811830072272,0.0864442623686275,False,False,False,False,False,False,False,False,False,False,False,False,False,False,0.06930693069306929,-0.0594059405940594,0.019163079361400298
11_10,typical,44,smooth,300.0,single,0.9603960396039604,0.9504950495049505,0.099009900990099,0.1188118811881188,1.840340164379524,1.7184375147866977,0.0323247133010089,0.0399242826486528,False,False,False,False,False,False,False,False,False,False,False,False,False,False,0.019801980198019806,-0.00990099009900991,0.007599569347643893
11_10,typical,44,smooth,1000.0,multi,0.099009900990099,0.1188118811881188,0.1089108910891089,0.0891089108910891,1.4985328513797616,1.6615328988942462,0.2419718556825749,0.3120226338864844,False,False,False,False,False,False,False,False,False,False,False,False,False,False,-0.019801980198019792,0.019801980198019806,0.07005077820390948
11_10,typical,44,smooth,1000.0,single,0.99009900990099,0.9702970297029704,0.1089108910891089,0.3267326732673267,2.071907862734993,0.685567941636409,0.1085709950518685,0.1357193795817749,False,False,False,False,False,False,False,False,False,False,False,False,False,False,0.2178217821782178,-0.019801980198019598,0.027148384529906408
157_146,quiet,16,khz_comb,10.0,multi,0.1287128712871287,0.2772277227722772,0.396039603960396,0.3663366336633663,0.3034563215037781,0.3845546348146571,4.795791230435631e-05,6.271254106499567e-05,False,False,False,False,False,False,False,False,False,False,False,False,False,False,-0.02970297029702973,0.1485148514851485,1.475462876063936e-05
157_146,quiet,16,khz_comb,10.0,single,0.8910891089108911,0.9108910891089108,0.3069306930693069,0.0792079207920792,0.385757297084449,0.9151473484714246,3.2015282283126044e-05,3.402672787650224e-05,False,False,False,False,False,False,False,False,False,False,False,False,False,False,-0.22772277227722773,0.01980198019801971,2.011445593376194e-06
157_146,quiet,16,khz_comb,30.0,multi,0.2079207920792079,0.2871287128712871,0.2475247524752475,0.3663366336633663,0.7324886710852329,0.2390265316310376,0.0001438747292524,0.000188134196311,False,False,False,False,False,False,False,False,False,False,False,False,False,False,0.11881188118811878,0.0792079207920792,4.425946705859999e-05
157_146,quiet,16,khz_comb,30.0,single,0.8118811881188119,0.900990099009901,0.297029702970297,0.0891089108910891,0.4951163695857241,0.9912617947355344,9.60477000123908e-05,0.0001020846589847,False,False,False,False,False,False,False,False,False,False,False,False,False,False,-0.2079207920792079,0.08910891089108908,6.036958972309203e-06
157_146,quiet,16,khz_comb,300.0,multi,0.1485148514851485,0.1386138613861386,0.2871287128712871,0.3267326732673267,0.340080992605502,0.6201198455957784,0.0014388823885872,0.0018809373596877,False,False,False,False,False,False,False,False,False,False,False,False,False,False,0.039603960396039584,-0.00990099009900991,0.00044205497110050003
157_146,quiet,16,khz_comb,300.0,single,0.8613861386138614,0.900990099009901,0.297029702970297,0.1485148514851485,0.4756382467258115,0.7862121660900188,0.0009607417706966,0.0010214804977191,False,False,False,False,False,False,False,False,False,False,False,False,False,False,-0.1485148514851485,0.03960396039603964,6.0738727022499996e-05
157_146,quiet,16,khz_comb,1000.0,multi,0.2376237623762376,0.2475247524752475,0.3069306930693069,0.3366336633663366,0.5623668628336044,0.5095505195747039,0.0047978208498021,0.0062693596245262,False,False,False,False,False,False,False,False,False,False,False,False,False,False,0.029702970297029674,0.009900990099009882,0.0014715387747241005
157_146,quiet,16,khz_comb,1000.0,single,0.7524752475247525,0.8811881188118812,0.3663366336633663,0.0396039603960396,0.2287530980604674,0.867480375514055,0.0032049259221129,0.003411840420241,False,False,False,False,False,False,False,False,False,False,False,False,False,False,-0.3267326732673267,0.12871287128712872,0.00020691449812810028
157_146,quiet,16,lines,10.0,multi,0.1584158415841584,0.1782178217821782,0.0495049504950495,0.3465346534653465,1.7006198075303645,0.5671724649988602,5.0591236716032495e-05,7.275697349990499e-05,False,False,False,False,False,False,False,False,False,False,False,False,False,False,0.297029702970297,0.01980198019801982,2.2165736783872494e-05
157_146,quiet,16,lines,10.0,single,0.8811881188118812,0.9306930693069309,0.0396039603960396,0.0198019801980198,0.9640838946111816,1.205746448060293,3.3984956127019455e-05,3.791200041107931e-05,False,False,False,False,False,False,False,False,False,False,False,False,False,False,-0.0198019801980198,0.04950495049504966,3.927044284059856e-06
157_146,quiet,16,lines,30.0,multi,0.1584158415841584,0.1881188118811881,0.0594059405940594,0.2673267326732673,1.443691282644128,0.7339316016372739,0.0001517752266062,0.0002182654669441,False,False,False,False,False,False,False,False,False,False,False,False,False,False,0.20792079207920788,0.0297029702970297,6.64902403379e-05
157_146,quiet,16,lines,30.0,single,0.8811881188118812,0.9108910891089108,0.0495049504950495,0.0297029702970297,0.9148993206677112,0.9538528097050304,0.0001019582435104,0.000113747785172,False,False,False,False,False,False,False,False,False,False,False,False,False,False,-0.0198019801980198,0.02970297029702962,1.1789541661600005e-05
157_146,quiet,16,lines,300.0,multi,0.2079207920792079,0.2574257425742574,0.0792079207920792,0.2871287128712871,1.6747239678815982,0.7126309852838474,0.0015179607071285,0.0021819184394437,False,False,False,False,False,False,False,False,False,False,False,False,False,False,0.2079207920792079,0.049504950495049466,0.0006639577323152
157_146,quiet,16,lines,300.0,single,0.8415841584158416,0.9108910891089108,0.0594059405940594,0.0297029702970297,1.1180316347342394,1.3875573406960549,0.0010200441790454,0.0011390975173923,False,False,False,False,False,False,False,False,False,False,False,False,False,False,-0.0297029702970297,0.06930693069306926,0.00011905333834690002
157_146,quiet,16,lines,1000.0,multi,0.2574257425742574,0.2574257425742574,0.0792079207920792,0.3267326732673267,1.1854154407481905,0.486411065467822,0.0050618698860443,0.0072695454937275,False,False,False,False,False,False,False,False,False,False,False,False,False,False,0.2475247524752475,0.0,0.0022076756076832007
157_146,quiet,16,lines,1000.0,single,0.8217821782178217,0.8316831683168316,0.0891089108910891,0.0396039603960396,0.9819994989616244,1.0499090321131488,0.0034045966871201,0.0038121080859217,False,False,False,False,False,False,False,False,False,False,False,False,False,False,-0.04950495049504951,0.00990099009900991,0.0004075113988016
157_146,quiet,16,smooth,10.0,multi,0.1683168316831683,0.2079207920792079,0.0594059405940594,0.3267326732673267,1.569542081603565,0.4918054299731072,5.0613822470112095e-05,7.274418529960614e-05,False,False,False,False,False,False,False,False,False,False,False,False,False,False,0.2673267326732673,0.03960396039603961,2.2130362829494043e-05
157_146,quiet,16,smooth,10.0,single,0.8217821782178217,0.8811881188118812,0.0495049504950495,0.0495049504950495,0.8811529997362166,0.9974862566822768,3.4002909022596465e-05,3.790766984553642e-05,False,False,False,False,False,False,False,False,False,False,False,False,False,False,0.0,0.05940594059405946,3.9047608229399565e-06
157_146,quiet,16,smooth,30.0,multi,0.2376237623762376,0.1881188118811881,0.0693069306930693,0.2574257425742574,1.3997987366471742,0.7285302193153143,0.0001518428560763,0.0002182272557645,False,False,False,False,False,False,False,False,False,False,False,False,False,False,0.18811881188118806,-0.04950495049504952,6.63843996882e-05
157_146,quiet,16,smooth,30.0,single,0.8415841584158416,0.9108910891089108,0.0693069306930693,0.0594059405940594,0.7826053464522008,1.2615896698914224,0.0001020121478038,0.0001137353585129,False,False,False,False,False,False,False,False,False,False,False,False,False,False,-0.009900990099009896,0.06930693069306926,1.1723210709099999e-05
157_146,quiet,16,smooth,300.0,multi,0.2673267326732673,0.2376237623762376,0.0495049504950495,0.2574257425742574,1.4531614467559002,0.6354523162207718,0.0015186342242692,0.0021816089404518,False,False,False,False,False,False,False,False,False,False,False,False,False,False,0.20792079207920788,-0.029702970297029674,0.0006629747161826
157_146,quiet,16,smooth,300.0,single,0.900990099009901,0.8910891089108911,0.0297029702970297,0.0396039603960396,1.1411932966739369,1.3650087713267332,0.0010205927655992,0.0011390403977917,False,False,False,False,False,False,False,False,False,False,False,False,False,False,0.009900990099009896,-0.00990099009900991,0.0001184476321925
157_146,quiet,16,smooth,1000.0,multi,0.2277227722772277,0.2079207920792079,0.0495049504950495,0.3069306930693069,1.717323791106452,0.6651100188944997,0.0050640466287813,0.0072686639310966,False,False,False,False,False,False,False,False,False,False,False,False,False,False,0.25742574257425743,-0.019801980198019792,0.0022046173023153003
157_146,quiet,16,smooth,1000.0,single,0.8316831683168316,0.8316831683168316,0.0495049504950495,0.0495049504950495,0.9733945175794588,1.167401002192699,0.0034063761810833,0.003812145776152,False,False,False,False,False,False,False,False,False,False,False,False,False,False,0.0,0.0,0.0004057695950687003
157_146,stress,0,khz_comb,10.0,multi,0.1386138613861386,0.0693069306930693,0.3663366336633663,0.3267326732673267,0.3579114777694526,0.5188888872489941,0.0001596034241883,0.0001806027299796,False,False,False,False,False,False,False,False,False,False,False,False,False,False,-0.039603960396039584,-0.0693069306930693,2.0999305791300003e-05
157_146,stress,0,khz_comb,10.0,single,0.7326732673267327,0.4653465346534653,0.3663366336633663,0.3762376237623762,0.1857002146917324,0.11505751118623,5.630560836578984e-05,5.911415087384824e-05,False,False,False,False,False,False,False,False,False,False,False,False,False,False,0.00990099009900991,-0.26732673267326734,2.8085425080584054e-06
157_146,stress,0,khz_comb,30.0,multi,0.0594059405940594,0.099009900990099,0.3465346534653465,0.3465346534653465,0.4299459943561656,0.541525029061968,0.0004788334982016,0.0005418514765032,False,False,False,False,False,False,False,False,False,False,False,False,False,False,0.0,0.0396039603960396,6.301797830159995e-05
157_146,stress,0,khz_comb,30.0,single,0.7029702970297029,0.4554455445544554,0.4257425742574257,0.3168316831683168,0.1214072718878941,0.2310945638349489,0.0001689252474538,0.0001773621654775,False,False,False,False,False,False,False,False,False,False,False,False,False,False,-0.1089108910891089,-0.24752475247524752,8.436918023700012e-06
157_146,stress,0,khz_comb,300.0,multi,0.0396039603960396,0.0297029702970297,0.2772277227722772,0.3366336633663366,0.8220377816472834,0.479693964754747,0.0047924989786599,0.00542660338448,False,False,False,False,False,False,False,False,False,False,False,False,False,False,0.0594059405940594,-0.009900990099009896,0.0006341044058201005
157_146,stress,0,khz_comb,300.0,single,0.7128712871287128,0.5148514851485149,0.4554455445544554,0.2772277227722772,0.096714850885328,0.2026886558652825,0.0016904475383408,0.0017763095044532,False,False,False,False,False,False,False,False,False,False,False,False,False,False,-0.1782178217821782,-0.19801980198019797,8.586196611239994e-05
157_146,stress,0,khz_comb,1000.0,multi,0.0891089108910891,0.0891089108910891,0.2475247524752475,0.2574257425742574,0.6830281516481377,0.7279101409323963,0.0160462111861532,0.018231995711031,False,False,False,False,False,False,False,False,False,False,False,False,False,False,0.009900990099009882,0.0,0.002185784524877797
157_146,stress,0,khz_comb,1000.0,single,0.6336633663366337,0.504950495049505,0.5643564356435643,0.3267326732673267,-0.1282772213460721,0.1524302882581083,0.0056468780194133,0.0059449102922719,False,False,False,False,False,False,False,False,False,False,False,False,False,False,-0.2376237623762376,-0.12871287128712872,0.0002980322728585996
157_146,stress,0,lines,10.0,multi,0.1188118811881188,0.099009900990099,0.4356435643564356,0.2772277227722772,0.1838359197373676,0.5948215596667887,0.0001681146209028,0.0002006989550845,False,False,False,False,False,False,False,False,False,False,False,False,False,False,-0.1584158415841584,-0.019801980198019806,3.25843341817e-05
157_146,stress,0,lines,10.0,single,0.7326732673267327,0.5445544554455446,0.4653465346534653,0.4158415841584158,0.0184936159057003,0.1957969369656753,5.942749690417772e-05,6.43367081841502e-05,False,False,False,False,False,False,False,False,False,False,False,False,False,False,-0.04950495049504949,-0.18811881188118806,4.909211279972477e-06
157_146,stress,0,lines,30.0,multi,0.0792079207920792,0.0792079207920792,0.3564356435643564,0.3564356435643564,0.4758789177642836,0.424083440823353,0.0005043883543306,0.0006021761833308,False,False,False,False,False,False,False,False,False,False,False,False,False,False,0.0,0.0,9.778782900019998e-05
157_146,stress,0,lines,30.0,single,0.7326732673267327,0.4059405940594059,0.6039603960396039,0.4059405940594059,-0.4567640053405374,0.4007269832069849,0.0001782932922707,0.0001930355164328,False,False,False,False,False,False,False,False,False,False,False,False,False,False,-0.19801980198019803,-0.32673267326732675,1.4742224162100004e-05
157_146,stress,0,lines,300.0,multi,0.1287128712871287,0.0495049504950495,0.3465346534653465,0.2871287128712871,0.3526693956863606,0.8185403152906426,0.0050504414652844,0.0060362050429831,False,False,False,False,False,False,False,False,False,False,False,False,False,False,-0.0594059405940594,-0.0792079207920792,0.0009857635776987003
157_146,stress,0,lines,300.0,single,0.7425742574257426,0.4851485148514851,0.495049504950495,0.4257425742574257,0.0067674990721827,0.1493021993162722,0.0017843949453749,0.0019338100783031,False,False,False,False,False,False,False,False,False,False,False,False,False,False,-0.06930693069306931,-0.2574257425742575,0.00014941513292819988
157_146,stress,0,lines,1000.0,multi,0.0495049504950495,0.0693069306930693,0.3564356435643564,0.1881188118811881,0.3057804381840364,1.354585745911524,0.016920016798008,0.0203284801347669,False,False,False,False,False,False,False,False,False,False,False,False,False,False,-0.16831683168316833,0.0198019801980198,0.003408463336758899
157_146,stress,0,lines,1000.0,single,0.6336633663366337,0.4158415841584158,0.5148514851485149,0.4356435643564356,-0.0192135352502702,0.1731953019708615,0.00596223471523,0.0064787307793504,False,False,False,False,False,False,False,False,False,False,False,False,False,False,-0.07920792079207928,-0.21782178217821785,0.0005164960641203999
157_146,stress,0,smooth,10.0,multi,0.0891089108910891,0.0594059405940594,0.4851485148514851,0.3465346534653465,0.0417071475633748,0.6374540361975861,0.0001679642566226,0.0002007768355913,False,False,False,False,False,False,False,False,False,False,False,False,False,False,-0.13861386138613857,-0.0297029702970297,3.2812578968700006e-05
157_146,stress,0,smooth,10.0,single,0.7029702970297029,0.4851485148514851,0.5643564356435643,0.4059405940594059,-0.105446095182076,0.2591967033102447,5.945461947269141e-05,6.438429492948765e-05,False,False,False,False,False,False,False,False,False,False,False,False,False,False,-0.1584158415841584,-0.21782178217821785,4.929675456796242e-06
157_146,stress,0,smooth,30.0,multi,0.0891089108910891,0.0297029702970297,0.3861386138613861,0.2574257425742574,0.3277220671198504,0.7081999241495465,0.0005039273820823,0.0006024022222599,False,False,False,False,False,False,False,False,False,False,False,False,False,False,-0.12871287128712872,-0.0594059405940594,9.84748401776e-05
157_146,stress,0,smooth,30.0,single,0.6831683168316832,0.594059405940594,0.5742574257425742,0.5148514851485149,-0.0455925015830186,-0.057999810952972,0.0001783749173976,0.0001931786109654,False,False,False,False,False,False,False,False,False,False,False,False,False,False,-0.05940594059405935,-0.08910891089108919,1.4803693567800008e-05
157_146,stress,0,smooth,300.0,multi,0.1188118811881188,0.0792079207920792,0.3465346534653465,0.3168316831683168,0.3675243338719268,0.6551711866845707,0.0050450166090142,0.0060376262629654,False,False,False,False,False,False,False,False,False,False,False,False,False,False,-0.02970297029702973,-0.03960396039603961,0.0009926096539512007
157_146,stress,0,smooth,300.0,single,0.594059405940594,0.4554455445544554,0.5544554455445545,0.3267326732673267,-0.1224177408502906,0.6318252533623812,0.0017852456038296,0.0019353170254261,False,False,False,False,False,False,False,False,False,False,False,False,False,False,-0.22772277227722781,-0.13861386138613863,0.0001500714215965
157_146,stress,0,smooth,1000.0,multi,0.1188118811881188,0.0396039603960396,0.3069306930693069,0.2178217821782178,0.6274513726333216,1.3740039651755578,0.0168996645149588,0.0203322421917372,False,False,False,False,False,False,False,False,False,False,False,False,False,False,-0.08910891089108913,-0.07920792079207921,0.0034325776767784
157_146,stress,0,smooth,1000.0,single,0.6237623762376238,0.4851485148514851,0.495049504950495,0.396039603960396,0.019962773479457,0.5616008936511503,0.0059652330513297,0.0064838000668699,False,False,False,False,False,False,False,False,False,False,False,False,False,False,-0.09900990099009899,-0.13861386138613868,0.0005185670155401995
157_146,typical,46,khz_comb,10.0,multi,0.0198019801980198,0.0099009900990099,0.0495049504950495,0.0297029702970297,2.4803115981341515,2.4919948519934465,0.0019661377002237,0.0022759403756503,False,False,False,True,False,False,False,True,False,False,False,False,False,True,-0.0198019801980198,-0.0099009900990099,0.00030980267542660015
157_146,typical,46,khz_comb,10.0,single,0.1188118811881188,0.0594059405940594,0.9801980198019802,0.9504950495049505,-1.1748937664094596,-0.9859287808843368,0.0005005969108721,0.0005566479787947,False,False,False,False,False,False,False,False,False,False,False,False,False,False,-0.02970297029702973,-0.0594059405940594,5.605106792259994e-05
157_146,typical,46,khz_comb,30.0,multi,0.0198019801980198,0.0198019801980198,0.0198019801980198,0.0396039603960396,2.4116156477834725,3.394778297442202,0.0059372866712066,0.0069339148064203,False,False,False,False,False,False,False,False,False,False,False,False,False,False,0.0198019801980198,0.0,0.0009966281352136999
157_146,typical,46,khz_comb,30.0,single,0.1089108910891089,0.1287128712871287,0.9504950495049505,0.9306930693069309,-0.8322998304661945,-1.216198291231679,0.0015091985589426,0.0016800459463348,False,False,False,False,False,False,False,False,False,False,False,False,False,False,-0.019801980198019598,0.019801980198019792,0.00017084738739220015
157_146,typical,46,khz_comb,300.0,multi,0.0099009900990099,0.0099009900990099,0.0297029702970297,0.0495049504950495,2.5891375204163136,2.7388523192657592,0.0880770170529058,0.122103402024234,False,False,True,True,False,False,True,True,False,False,False,True,False,False,0.0198019801980198,0.0,0.034026384971328205
157_146,typical,46,khz_comb,300.0,single,0.1089108910891089,0.1386138613861386,0.9504950495049505,0.900990099009901,-1.1263149908859986,-0.7008057331526992,0.0163517010457395,0.0187720096569008,False,False,False,False,False,False,False,False,False,False,False,False,False,False,-0.04950495049504944,0.0297029702970297,0.0024203086111613016
157_146,typical,46,khz_comb,1000.0,multi,0.0396039603960396,0.0099009900990099,0.0099009900990099,0.4158415841584158,2.630448369452353,0.2412082817069492,0.7552749153021572,1.1222496716981112,True,False,False,True,True,False,False,True,False,True,False,False,False,True,0.4059405940594059,-0.029702970297029698,0.366974756395954
157_146,typical,46,khz_comb,1000.0,single,0.1287128712871287,0.0594059405940594,0.8811881188118812,0.7425742574257426,-0.9239205013783516,-0.4795429942309328,0.0707802069111932,0.0901906904825614,False,False,False,False,False,False,False,False,False,False,False,False,False,False,-0.13861386138613863,-0.06930693069306929,0.019410483571368195
157_146,typical,46,lines,10.0,multi,0.0099009900990099,0.0099009900990099,0.0396039603960396,0.0594059405940594,2.153773662374686,1.8858559029041773,0.0020387797556196,0.0025441860847136,False,False,True,True,False,False,True,True,False,False,False,True,False,False,0.019801980198019806,0.0,0.0005054063290940002
157_146,typical,46,lines,10.0,single,0.2871287128712871,0.1287128712871287,0.8811881188118812,0.8712871287128713,-1.2743585514118618,-1.2647856681585858,0.0005300512740025,0.0006123578211413,False,False,False,False,False,False,False,False,False,False,False,False,False,False,-0.00990099009900991,-0.15841584158415842,8.230654713880007e-05
157_146,typical,46,lines,30.0,multi,0.0198019801980198,0.0099009900990099,0.0297029702970297,0.0396039603960396,2.434066079069621,2.7692925113310003,0.0061647164488773,0.0077957284390684,False,False,False,True,False,False,False,True,False,False,False,False,False,True,0.009900990099009896,-0.0099009900990099,0.0016310119901911
157_146,typical,46,lines,30.0,single,0.2079207920792079,0.198019801980198,0.8217821782178217,0.9207920792079208,-1.0752793943067105,-0.9568751333642656,0.001598156038557,0.001850551022289,False,False,False,False,False,False,False,False,False,False,False,False,False,False,0.0990099009900991,-0.00990099009900991,0.0002523949837320001
157_146,typical,46,lines,300.0,multi,0.0297029702970297,0.0099009900990099,0.0396039603960396,0.0693069306930693,2.278423084123549,2.152721070472249,0.0976081287919725,0.1539566993754045,False,False,False,True,False,False,False,True,False,False,False,False,False,True,0.0297029702970297,-0.019801980198019802,0.056348570583431984
157_146,typical,46,lines,300.0,single,0.2376237623762376,0.099009900990099,0.7821782178217822,0.8811881188118812,-0.7535322693802609,-0.9394902753634669,0.0174604002563626,0.0211719216203939,False,False,False,False,False,False,False,False,False,False,False,False,False,False,0.09900990099009899,-0.13861386138613863,0.0037115213640313005
157_146,typical,46,lines,1000.0,multi,0.0099009900990099,0.0198019801980198,0.3861386138613861,0.4653465346534653,0.3248093494964253,0.1167285777052332,0.8774835373287936,1.4806477755775278,False,False,True,False,False,False,True,False,False,False,False,False,True,False,0.07920792079207922,0.0099009900990099,0.6031642382487342
157_146,typical,46,lines,1000.0,single,0.1584158415841584,0.1089108910891089,0.7623762376237624,0.6435643564356436,-0.7139146615219303,-1.32736898294562,0.0781265616676742,0.1099647285178404,False,False,False,False,False,False,False,False,False,False,False,False,False,False,-0.1188118811881188,-0.04950495049504949,0.03183816685016619
157_146,typical,46,smooth,10.0,multi,0.0396039603960396,0.0198019801980198,0.0396039603960396,0.0495049504950495,2.218305750341196,2.3923325032245057,0.0020387911226158,0.0025449272118102,False,False,False,False,False,False,False,False,False,False,False,False,False,False,0.009900990099009903,-0.0198019801980198,0.0005061360891943996
157_146,typical,46,smooth,10.0,single,0.2772277227722772,0.1287128712871287,0.9108910891089108,0.8613861386138614,-1.0545535663163332,-0.9385662413136984,0.0005300493907466,0.0006125431517912,False,False,False,False,False,False,False,False,False,False,False,False,False,False,-0.04950495049504944,-0.1485148514851485,8.249376104459995e-05
157_146,typical,46,smooth,30.0,multi,0.0297029702970297,0.0198019801980198,0.0198019801980198,0.0198019801980198,2.667443733349361,2.98910191092545,0.0061653103376679,0.0077963181464355,False,False,False,False,False,False,False,False,False,False,False,False,False,False,0.0,-0.009900990099009903,0.0016310078087676
157_146,typical,46,smooth,30.0,single,0.1485148514851485,0.1188118811881188,0.8415841584158416,0.9306930693069309,-1.0666107455661005,-0.9815596902330512,0.0015980982266653,0.0018509566969046,False,False,False,False,False,False,False,False,False,False,False,False,False,False,0.0891089108910893,-0.0297029702970297,0.0002528584702392999
157_146,typical,46,smooth,300.0,multi,0.0297029702970297,0.0297029702970297,0.0198019801980198,0.0594059405940594,2.639482867362547,1.9493790234214945,0.0976445052635963,0.1539989535737617,False,False,False,False,False,False,False,False,False,False,False,False,False,False,0.039603960396039604,0.0,0.056354448310165395
157_146,typical,46,smooth,300.0,single,0.2277227722772277,0.1584158415841584,0.8217821782178217,0.8118811881188119,-0.8815583233548642,-0.6740404725814838,0.0174656434254973,0.0211765681792282,False,False,False,False,False,False,False,False,False,False,False,False,False,False,-0.009900990099009799,-0.06930693069306931,0.0037109247537309015
157_146,typical,46,smooth,1000.0,multi,0.0099009900990099,0.0099009900990099,0.297029702970297,0.4752475247524752,0.5157319088090166,0.1078048854857078,0.8774223074225804,1.480482042311503,False,False,True,True,False,False,True,True,False,False,False,True,False,False,0.1782178217821782,0.0,0.6030597348889226
157_146,typical,46,smooth,1000.0,single,0.1683168316831683,0.0792079207920792,0.7128712871287128,0.7920792079207921,-0.6788718153818661,-1.6179627567760897,0.0781434758589171,0.1100156269521654,False,False,False,False,False,False,False,False,False,False,False,False,False,False,0.07920792079207928,-0.0891089108910891,0.0318721510932483
159_76,quiet,22,khz_comb,10.0,multi,0.2079207920792079,0.2871287128712871,0.5346534653465347,0.3564356435643564,-0.0924539805460617,0.3074768155864614,0.0001981057973511,0.0002634897910068,False,False,False,False,False,False,False,False,False,False,False,False,False,False,-0.17821782178217827,0.0792079207920792,6.538399365569998e-05
159_76,quiet,22,khz_comb,10.0,single,0.5742574257425742,0.693069306930693,0.4158415841584158,0.5445544554455446,0.1763542835579745,-0.0496891535494369,7.20148109499618e-05,8.16180741608051e-05,False,False,False,False,False,False,False,False,False,False,False,False,False,False,0.12871287128712877,0.1188118811881188,9.603263210843308e-06
159_76,quiet,22,khz_comb,30.0,multi,0.1782178217821782,0.1881188118811881,0.504950495049505,0.2376237623762376,-0.0117519307725458,0.884843262523798,0.0005946849375241,0.0007920732290931,False,False,False,False,False,False,False,False,False,False,False,False,False,False,-0.26732673267326734,0.009900990099009882,0.000197388291569
159_76,quiet,22,khz_comb,30.0,single,0.5841584158415841,0.7029702970297029,0.4158415841584158,0.5445544554455446,0.1289883536390887,-0.045286995003844,0.0002160737099849,0.0002448918145659,False,False,False,False,False,False,False,False,False,False,False,False,False,False,0.12871287128712877,0.1188118811881188,2.8818104580999982e-05
159_76,quiet,22,khz_comb,300.0,multi,0.1782178217821782,0.1683168316831683,0.504950495049505,0.3465346534653465,-0.0249551046065975,0.3299665588602158,0.0060045158016964,0.0081916271690924,False,False,False,False,False,False,False,False,False,False,False,False,False,False,-0.15841584158415845,-0.00990099009900991,0.002187111367396
159_76,quiet,22,khz_comb,300.0,single,0.594059405940594,0.6435643564356436,0.495049504950495,0.5346534653465347,0.0113781676300447,-0.0759288646236314,0.0021649031657492,0.0024574626445906,False,False,False,False,False,False,False,False,False,False,False,False,False,False,0.039603960396039695,0.04950495049504955,0.0002925594788414001
159_76,quiet,22,khz_comb,1000.0,multi,0.198019801980198,0.1089108910891089,0.4653465346534653,0.4752475247524752,0.1103530691915916,0.0578484822174524,0.0207612520717886,0.0310711946156397,False,False,False,False,False,False,False,False,False,False,False,False,False,False,0.00990099009900991,-0.0891089108910891,0.010309942543851099
159_76,quiet,22,khz_comb,1000.0,single,0.4851485148514851,0.5346534653465347,0.3762376237623762,0.4752475247524752,0.21110734756124,0.0334889018235626,0.0072650298172733,0.0083872718167364,False,False,False,False,False,False,False,False,False,False,False,False,False,False,0.09900990099009904,0.049504950495049604,0.0011222419994631003
159_76,quiet,22,lines,10.0,multi,0.198019801980198,0.3267326732673267,0.495049504950495,0.3267326732673267,0.0516168741018073,0.465589992532657,0.000225806416748,0.0003140072454562,False,False,False,False,False,False,False,False,False,False,False,False,False,False,-0.1683168316831683,0.1287128712871287,8.820082870820002e-05
159_76,quiet,22,lines,10.0,single,0.6633663366336634,0.7128712871287128,0.6732673267326733,0.5643564356435643,-0.2236680954754689,-0.1454216542761885,8.352053221627698e-05,9.655353799291208e-05,False,False,False,False,False,False,False,False,False,False,False,False,False,False,-0.10891089108910901,0.04950495049504944,1.3033005776635106e-05
159_76,quiet,22,lines,30.0,multi,0.2079207920792079,0.1881188118811881,0.4851485148514851,0.2574257425742574,0.0461077089496022,0.7357341829531545,0.0006779834006341,0.0009443984206543,False,False,False,False,False,False,False,False,False,False,False,False,False,False,-0.2277227722772277,-0.01980198019801982,0.0002664150200202
159_76,quiet,22,lines,30.0,single,0.7128712871287128,0.801980198019802,0.5841584158415841,0.6237623762376238,-0.1839199095457403,-0.3582687024827592,0.0002505970049974,0.0002897084120544,False,False,False,False,False,False,False,False,False,False,False,False,False,False,0.03960396039603964,0.08910891089108919,3.911140705700002e-05
159_76,quiet,22,lines,300.0,multi,0.2079207920792079,0.1584158415841584,0.4158415841584158,0.3465346534653465,0.2107397631460226,0.5337752877491344,0.0068676304817616,0.0098638538274477,False,False,False,False,False,False,False,False,False,False,False,False,False,False,-0.06930693069306931,-0.04950495049504952,0.0029962233456860997
159_76,quiet,22,lines,300.0,single,0.6732673267326733,0.7326732673267327,0.6237623762376238,0.6732673267326733,-0.1700380991462662,-0.371371877120552,0.002511480748028,0.002910704211002,False,False,False,False,False,False,False,False,False,False,False,False,False,False,0.04950495049504955,0.05940594059405935,0.0003992234629739996
159_76,quiet,22,lines,1000.0,multi,0.1683168316831683,0.0891089108910891,0.4356435643564356,0.3465346534653465,0.2052497130749781,0.2647994623855366,0.0240660018228531,0.0391779468729231,False,False,False,False,False,False,False,False,False,False,False,False,False,False,-0.08910891089108908,-0.0792079207920792,0.015111945050069998
159_76,quiet,22,lines,1000.0,single,0.6435643564356436,0.6633663366336634,0.4455445544554455,0.6336633663366337,0.1345174775725238,-0.2119758754947525,0.0084416090980347,0.0100434845084285,False,False,False,False,False,False,False,False,False,False,False,False,False,False,0.18811881188118817,0.01980198019801982,0.0016018754103938014
159_76,quiet,22,smooth,10.0,multi,0.2079207920792079,0.2673267326732673,0.4554455445544554,0.2376237623762376,0.1260494021467461,0.7927093331268978,0.0002257757264694,0.0003141851860018,False,False,False,False,False,False,False,False,False,False,False,False,False,False,-0.2178217821782178,0.059405940594059375,8.840945953239999e-05
159_76,quiet,22,smooth,10.0,single,0.6138613861386139,0.6831683168316832,0.5445544554455446,0.5247524752475248,-0.0691173536252772,-0.0538256428700451,8.347137703441068e-05,9.65630360728254e-05,False,False,False,False,False,False,False,False,False,False,False,False,False,False,-0.01980198019801982,0.06930693069306937,1.3091659038414716e-05
159_76,quiet,22,smooth,30.0,multi,0.1683168316831683,0.1485148514851485,0.4554455445544554,0.1881188118811881,0.0784146629949734,0.8991383779511457,0.0006778918147376,0.0009449096569695,False,False,False,False,False,False,False,False,False,False,False,False,False,False,-0.26732673267326734,-0.019801980198019792,0.00026701784223190003
159_76,quiet,22,smooth,30.0,single,0.7425742574257426,0.7128712871287128,0.4851485148514851,0.5247524752475248,0.049884191329943,-0.0519565319842953,0.0002504489685097,0.0002897389739776,False,False,False,False,False,False,False,False,False,False,False,False,False,False,0.039603960396039695,-0.02970297029702973,3.929000546789999e-05
159_76,quiet,22,smooth,300.0,multi,0.2673267326732673,0.0891089108910891,0.5445544554455446,0.2376237623762376,-0.117361375070026,0.9110106512141068,0.0068667165095655,0.0098713036113431,False,False,False,False,False,False,False,False,False,False,False,False,False,False,-0.306930693069307,-0.17821782178217818,0.0030045871017776006
159_76,quiet,22,smooth,300.0,single,0.7029702970297029,0.7227722772277227,0.5346534653465347,0.5445544554455446,-0.0219584114299801,-0.0589329479087771,0.0025099555986726,0.0029110090876525,False,False,False,False,False,False,False,False,False,False,False,False,False,False,0.00990099009900991,0.01980198019801982,0.0004010534889798997
159_76,quiet,22,smooth,1000.0,multi,0.1386138613861386,0.0594059405940594,0.4158415841584158,0.3069306930693069,0.3365872171222441,0.4703299087971048,0.024058508040174,0.0392137279745278,False,False,False,False,False,False,False,False,False,False,False,False,False,False,-0.1089108910891089,-0.0792079207920792,0.015155219934353804
159_76,quiet,22,smooth,1000.0,single,0.7029702970297029,0.6732673267326733,0.4158415841584158,0.6039603960396039,0.1381474543983575,-0.0790060385667722,0.0084374977489903,0.010044679410599,False,False,False,False,False,False,False,False,False,False,False,False,False,False,0.18811881188118812,-0.02970297029702962,0.0016071816616086993
159_76,stress,0,khz_comb,10.0,multi,0.0396039603960396,0.0396039603960396,0.0693069306930693,0.1584158415841584,1.395065025795433,1.0442747702778026,0.0004188718375745,0.0005208659494707,False,False,False,False,False,False,False,False,False,False,False,False,False,False,0.08910891089108909,0.0,0.00010199411189619999
159_76,stress,0,khz_comb,10.0,single,0.2376237623762376,0.2673267326732673,0.8217821782178217,0.8514851485148515,-1.7674174692312383,-1.831327518707586,6.804845500053002e-05,7.727617230976239e-05,False,False,False,False,False,False,False,False,False,False,False,False,False,False,0.02970297029702973,0.029702970297029674,9.227717309232369e-06
159_76,stress,0,khz_comb,30.0,multi,0.0198019801980198,0.0792079207920792,0.0792079207920792,0.1188118811881188,1.9353858031977296,1.054858074147598,0.0012576678204848,0.0015641381887187,False,False,False,False,False,False,False,False,False,False,False,False,False,False,0.03960396039603961,0.059405940594059396,0.00030647036823390006
159_76,stress,0,khz_comb,30.0,single,0.2871287128712871,0.2871287128712871,0.8217821782178217,0.8415841584158416,-1.5859322185891818,-2.280720538628084,0.0002041391530346,0.0002318314401147,False,False,False,False,False,False,False,False,False,False,False,False,False,False,0.01980198019801982,0.0,2.7692287080099986e-05
159_76,stress,0,khz_comb,300.0,multi,0.0297029702970297,0.0495049504950495,0.0693069306930693,0.297029702970297,1.2968341047496328,0.5175833510234673,0.0128379308432651,0.0161503750439816,False,False,False,False,False,False,False,False,False,False,False,False,False,False,0.2277227722772277,0.0198019801980198,0.003312444200716502
159_76,stress,0,khz_comb,300.0,single,0.3663366336633663,0.2376237623762376,0.7425742574257426,0.8316831683168316,-1.016523119282742,-2.608190157606894,0.0020405614827028,0.00231873310286,False,False,False,False,False,False,False,False,False,False,False,False,False,False,0.08910891089108908,-0.12871287128712866,0.00027817162015720013
159_76,stress,0,khz_comb,1000.0,multi,0.0099009900990099,0.0495049504950495,0.1782178217821782,0.1584158415841584,0.7935084545778234,1.152560367651709,0.0481685492772451,0.0660655449200537,False,False,True,False,False,False,True,False,False,False,False,False,True,False,-0.01980198019801982,0.0396039603960396,0.017896995642808604
159_76,stress,0,khz_comb,1000.0,single,0.4059405940594059,0.3069306930693069,0.7326732673267327,0.8118811881188119,-0.8178827398249722,-1.6016022927909723,0.0067951122950715,0.0077343718758728,False,False,False,False,False,False,False,False,False,False,False,False,False,False,0.07920792079207928,-0.09900990099009899,0.0009392595808012999
159_76,stress,0,lines,10.0,multi,0.0099009900990099,0.0891089108910891,0.0396039603960396,0.1485148514851485,1.5673511980543573,0.6953554147801813,0.0004666825652341,0.0006053216657074,False,False,True,False,False,False,False,False,False,False,False,False,False,False,0.10891089108910891,0.07920792079207921,0.00013863910047330006
159_76,stress,0,lines,10.0,single,0.6138613861386139,0.5148514851485149,0.7920792079207921,0.8415841584158416,-1.7013436175589072,-2.4785385786770164,7.761935375252299e-05,9.012699037960815e-05,False,False,False,False,False,False,False,False,False,False,False,False,False,False,0.04950495049504944,-0.09900990099009899,1.2507636627085163e-05
159_76,stress,0,lines,30.0,multi,0.0495049504950495,0.0495049504950495,0.0297029702970297,0.1287128712871287,1.5828282920258203,1.090326212238778,0.0014017776177569,0.001817905437242,False,False,False,False,False,False,False,False,False,False,False,False,False,False,0.09900990099009899,0.0,0.0004161278194851001
159_76,stress,0,lines,30.0,single,0.4851485148514851,0.504950495049505,0.8118811881188119,0.8415841584158416,-3.013600109957586,-2.879424760941728,0.0002328541421604,0.0002703864360395,False,False,False,False,False,False,False,False,False,False,False,False,False,False,0.02970297029702962,0.019801980198019875,3.753229387909999e-05
159_76,stress,0,lines,300.0,multi,0.0297029702970297,0.0297029702970297,0.0594059405940594,0.396039603960396,1.2593624913244976,0.2246896391090575,0.0143622065088503,0.0189704595458565,False,False,False,False,False,False,False,False,False,False,False,False,False,False,0.3366336633663366,0.0,0.004608253037006202
159_76,stress,0,lines,300.0,single,0.504950495049505,0.5445544554455446,0.8811881188118812,0.8514851485148515,-2.8635989474068726,-1.75089182579484,0.0023280403407965,0.0027046585281354,False,False,False,False,False,False,False,False,False,False,False,False,False,False,-0.02970297029702973,0.03960396039603964,0.00037661818733890004
159_76,stress,0,lines,1000.0,multi,0.0198019801980198,0.0495049504950495,0.3762376237623762,0.1089108910891089,0.5481498390741619,1.0185715738366037,0.0550872367217014,0.0817305180512721,False,False,False,False,False,False,False,False,False,False,False,False,False,False,-0.2673267326732673,0.0297029702970297,0.026643281329570702
159_76,stress,0,lines,1000.0,single,0.5445544554455446,0.4653465346534653,0.9108910891089108,0.900990099009901,-3.175298066997011,-2.1608951935683374,0.0077566794347755,0.0090255424215091,False,False,False,False,False,False,False,False,False,False,False,False,False,False,-0.009900990099009799,-0.07920792079207928,0.0012688629867335993
159_76,stress,0,smooth,10.0,multi,0.0297029702970297,0.0792079207920792,0.0198019801980198,0.1188118811881188,2.055730572697556,1.092856041109862,0.0004667255183938,0.0006053884319901,False,False,False,False,False,False,False,False,False,False,False,False,False,False,0.09900990099009901,0.04950495049504949,0.00013866291359630007
159_76,stress,0,smooth,10.0,single,0.5544554455445545,0.4653465346534653,0.8613861386138614,0.8910891089108911,-2.747354652092709,-2.4601559811290183,7.752298648023278e-05,8.994817094714884e-05,False,False,False,False,False,False,False,False,False,False,False,False,False,False,0.02970297029702973,-0.08910891089108919,1.2425184466916057e-05
159_76,stress,0,smooth,30.0,multi,0.0495049504950495,0.0396039603960396,0.0297029702970297,0.1188118811881188,1.897089052641672,1.2526261522460032,0.0014019182148289,0.0018182812030847,False,False,False,False,False,False,False,False,False,False,False,False,False,False,0.0891089108910891,-0.009900990099009903,0.0004163629882558001
159_76,stress,0,smooth,30.0,single,0.5148514851485149,0.5445544554455446,0.8316831683168316,0.8316831683168316,-2.015473019692129,-2.466964657872719,0.0002325653854201,0.000269849763459,False,False,False,False,False,False,False,False,False,False,False,False,False,False,0.0,0.02970297029702973,3.728437803890002e-05
159_76,stress,0,smooth,300.0,multi,0.0198019801980198,0.0495049504950495,0.0594059405940594,0.4554455445544554,1.521149816554079,0.1259673000423246,0.014362219827639,0.0189700204398714,False,False,False,False,False,False,False,False,False,False,False,False,False,False,0.396039603960396,0.0297029702970297,0.004607800612232401
159_76,stress,0,smooth,300.0,single,0.5643564356435643,0.4257425742574257,0.7821782178217822,0.8514851485148515,-2.881913684982552,-2.2201504838893165,0.0023251808063706,0.0026994157809744,False,False,False,False,False,False,False,False,False,False,False,False,False,False,0.06930693069306926,-0.13861386138613863,0.00037423497460379977
159_76,stress,0,smooth,1000.0,multi,0.0099009900990099,0.0396039603960396,0.3465346534653465,0.1881188118811881,0.3617999366254926,0.7105225438696522,0.0550881988097212,0.081716591967566,False,False,True,False,False,False,True,False,False,False,False,False,True,False,-0.15841584158415842,0.029702970297029698,0.026628393157844807
159_76,stress,0,smooth,1000.0,single,0.594059405940594,0.4851485148514851,0.8613861386138614,0.8613861386138614,-1.890486750634304,-2.1164038720113383,0.0077473134619531,0.0090094556269997,False,False,False,False,False,False,False,False,False,False,False,False,False,False,0.0,-0.10891089108910895,0.0012621421650465996
159_76,typical,44,khz_comb,10.0,multi,0.0198019801980198,0.0297029702970297,0.0396039603960396,0.0297029702970297,1.70905535221705,1.8554542387076096,0.000222490595455,0.0003660579556913,False,False,False,False,False,False,False,False,False,False,False,False,False,False,-0.009900990099009896,0.009900990099009903,0.0001435673602363
159_76,typical,44,khz_comb,10.0,single,0.8316831683168316,0.8118811881188119,0.1782178217821782,0.1881188118811881,0.6301433867882069,0.6683390553266488,7.903473714810272e-05,0.0001028696853715,False,False,False,False,False,False,False,False,False,False,False,False,False,False,0.009900990099009882,-0.01980198019801971,2.383494822339728e-05
159_76,typical,44,khz_comb,30.0,multi,0.0297029702970297,0.0594059405940594,0.1089108910891089,0.0495049504950495,1.9514728180846963,1.9480299935275,0.000667211664689,0.0010969075744911,False,False,False,False,False,False,False,False,False,False,False,False,False,False,-0.059405940594059396,0.0297029702970297,0.0004296959098020999
159_76,typical,44,khz_comb,30.0,single,0.7722772277227723,0.7920792079207921,0.2574257425742574,0.198019801980198,0.4363547347184351,0.6916014011064042,0.0002370865588624,0.0003085755191768,False,False,False,False,False,False,False,False,False,False,False,False,False,False,-0.059405940594059375,0.01980198019801982,7.148896031439997e-05
159_76,typical,44,khz_comb,300.0,multi,0.0198019801980198,0.0396039603960396,0.0495049504950495,0.1287128712871287,1.96135157748035,1.9350930219963445,0.0066517644652328,0.011066664866677,False,False,False,False,False,False,False,False,False,False,False,False,False,False,0.0792079207920792,0.0198019801980198,0.004414900401444199
159_76,typical,44,khz_comb,300.0,single,0.7920792079207921,0.7722772277227723,0.2772277227722772,0.2376237623762376,0.5089927673319087,0.660755113694005,0.0023686808284643,0.0030824645170848,False,False,False,False,False,False,False,False,False,False,False,False,False,False,-0.039603960396039584,-0.01980198019801982,0.0007137836886205
159_76,typical,44,khz_comb,1000.0,multi,0.0198019801980198,0.0396039603960396,0.0693069306930693,0.1287128712871287,1.58020764680276,1.3054105544039494,0.0225519449699987,0.0450023473607429,False,False,False,False,False,False,False,False,False,False,False,False,False,False,0.05940594059405939,0.0198019801980198,0.0224504023907442
159_76,typical,44,khz_comb,1000.0,single,0.8415841584158416,0.9207920792079208,0.2871287128712871,0.1881188118811881,0.4076392569991034,0.6907372380729407,0.007886999328403,0.0102862952342468,False,False,False,False,False,False,False,False,False,False,False,False,False,False,-0.09900990099009901,0.07920792079207928,0.0023992959058438
159_76,typical,44,lines,10.0,multi,0.0396039603960396,0.0495049504950495,0.0495049504950495,0.0594059405940594,1.5152203255676893,1.8802790759325572,0.000256327187876,0.0004380253642183,False,False,False,False,False,False,False,False,False,False,False,False,False,False,0.009900990099009903,0.009900990099009903,0.00018169817634229997
159_76,typical,44,lines,10.0,single,0.8316831683168316,0.6633663366336634,0.2178217821782178,0.099009900990099,0.5656054669735148,0.9967372582868308,8.93723679077497e-05,0.0001207987897582,False,False,False,False,False,False,False,False,False,False,False,False,False,False,-0.11881188118811879,-0.16831683168316824,3.1426421850450304e-05
159_76,typical,44,lines,30.0,multi,0.0297029702970297,0.0693069306930693,0.0396039603960396,0.0693069306930693,2.163372885821313,2.175776343692281,0.0007685883343708,0.0013122770003458,False,False,False,False,False,False,False,False,False,False,False,False,False,False,0.0297029702970297,0.0396039603960396,0.0005436886659749999
159_76,typical,44,lines,30.0,single,0.801980198019802,0.693069306930693,0.1881188118811881,0.2277227722772277,0.4947282415596128,0.6136643404837255,0.0002680964492153,0.0003623346019831,False,False,False,False,False,False,False,False,False,False,False,False,False,False,0.03960396039603961,-0.10891089108910901,9.42381527678e-05
159_76,typical,44,lines,300.0,multi,0.0396039603960396,0.0792079207920792,0.0693069306930693,0.1188118811881188,1.978902209516669,2.132900742701098,0.0076647259686397,0.0133509186516303,False,False,False,False,False,False,False,False,False,False,False,False,False,False,0.04950495049504951,0.0396039603960396,0.0056861926829905995
159_76,typical,44,lines,300.0,single,0.7326732673267327,0.7227722772277227,0.1881188118811881,0.1584158415841584,0.8653410573515046,0.7765948489732718,0.0026785083283958,0.0036188449544071,False,False,False,False,False,False,False,False,False,False,False,False,False,False,-0.0297029702970297,-0.00990099009900991,0.0009403366260113
159_76,typical,44,lines,1000.0,multi,0.0495049504950495,0.0792079207920792,0.0495049504950495,0.1485148514851485,2.003742033620104,1.0243610061100274,0.0264049865380243,0.0591449995245915,False,False,False,False,False,False,False,False,False,False,False,False,False,False,0.09900990099009901,0.029702970297029695,0.0327400129865672
159_76,typical,44,lines,1000.0,single,0.8415841584158416,0.8217821782178217,0.2673267326732673,0.2277227722772277,0.753499571781921,0.6998613013578597,0.0089222216316276,0.0121112049126522,False,False,False,False,False,False,False,False,False,False,False,False,False,False,-0.039603960396039584,-0.01980198019801982,0.0031889832810246006
159_76,typical,44,smooth,10.0,multi,0.0396039603960396,0.0891089108910891,0.0495049504950495,0.0693069306930693,2.3470846152980096,1.8193753030358448,0.0002565148124879,0.0004381047934375,False,False,False,False,False,False,False,False,False,False,False,False,False,False,0.0198019801980198,0.04950495049504951,0.0001815899809496
159_76,typical,44,smooth,10.0,single,0.801980198019802,0.6435643564356436,0.2772277227722772,0.1584158415841584,0.5006512690193374,0.6260214531344988,8.933466857599819e-05,0.0001207386604808,False,False,False,False,False,False,False,False,False,False,False,False,False,False,-0.1188118811881188,-0.15841584158415845,3.140399190480181e-05
159_76,typical,44,smooth,30.0,multi,0.0297029702970297,0.0693069306930693,0.0198019801980198,0.0693069306930693,2.6929191303235958,2.1025532911017764,0.0007691331036754,0.0013125544582945,False,False,False,False,False,False,False,False,False,False,False,False,False,False,0.0495049504950495,0.0396039603960396,0.0005434213546191
159_76,typical,44,smooth,30.0,single,0.8415841584158416,0.6138613861386139,0.2376237623762376,0.1782178217821782,1.070298834563541,0.7233817937659679,0.0002679821661035,0.0003621539827861,False,False,False,False,False,False,False,False,False,False,False,False,False,False,-0.0594059405940594,-0.2277227722772277,9.417181668260001e-05
159_76,typical,44,smooth,300.0,multi,0.0396039603960396,0.0792079207920792,0.0396039603960396,0.0792079207920792,1.5578130496869922,2.08214572295298,0.0076691844714603,0.0133571979283005,False,False,False,False,False,False,False,False,False,False,False,False,False,False,0.0396039603960396,0.0396039603960396,0.0056880134568402
159_76,typical,44,smooth,300.0,single,0.8415841584158416,0.7326732673267327,0.2871287128712871,0.1584158415841584,0.455931043304013,0.8140799141064713,0.0026773181276632,0.0036170705434245,False,False,False,False,False,False,False,False,False,False,False,False,False,False,-0.12871287128712872,-0.1089108910891089,0.0009397524157612998
159_76,typical,44,smooth,1000.0,multi,0.0396039603960396,0.0198019801980198,0.0792079207920792,0.1287128712871287,1.7771207647458285,1.3136440340627569,0.0264220317639282,0.0591636071490964,False,False,False,False,False,False,False,False,False,False,False,False,False,False,0.04950495049504949,-0.0198019801980198,0.0327415753851682
159_76,typical,44,smooth,1000.0,single,0.9207920792079208,0.8613861386138614,0.2574257425742574,0.2376237623762376,0.5666755707365702,0.6971775996056008,0.0089180211011333,0.0121058585732475,False,False,False,False,False,False,False,False,False,False,False,False,False,False,-0.019801980198019764,-0.05940594059405946,0.003187837472114201
23_80,quiet,48,khz_comb,10.0,multi,0.0297029702970297,0.0792079207920792,0.2178217821782178,0.3168316831683168,0.9895391416526832,0.4865403336430125,0.0002285973721721,0.0002480873704214,False,False,False,False,False,False,False,False,False,False,False,False,False,False,0.09900990099009899,0.04950495049504949,1.948999824930001e-05
23_80,quiet,48,khz_comb,10.0,single,0.7326732673267327,0.4158415841584158,0.7920792079207921,0.8415841584158416,-0.7174389392595291,-0.7504977480519812,0.0001167714948192,0.0001216648481778,False,False,False,False,False,False,False,False,False,False,False,False,False,False,0.04950495049504944,-0.31683168316831684,4.893353358599998e-06
23_80,quiet,48,khz_comb,30.0,multi,0.0396039603960396,0.099009900990099,0.198019801980198,0.3267326732673267,1.2440247723242166,0.6099132234508527,0.0006865028765407,0.0007449148334094,False,False,False,False,False,False,False,False,False,False,False,False,False,False,0.1287128712871287,0.0594059405940594,5.841195686870002e-05
23_80,quiet,48,khz_comb,30.0,single,0.8217821782178217,0.4653465346534653,0.8415841584158416,0.7722772277227723,-0.7942810349395689,-0.7707692409574296,0.000350384470093,0.0003651142318646,False,False,False,False,False,False,False,False,False,False,False,False,False,False,-0.06930693069306926,-0.3564356435643564,1.472976177160001e-05
23_80,quiet,48,khz_comb,300.0,multi,0.0396039603960396,0.0792079207920792,0.2871287128712871,0.3564356435643564,0.6061660043120148,0.5472784566761635,0.0070038451690309,0.0075797709411506,False,False,False,False,False,False,False,False,False,False,False,False,False,False,0.06930693069306931,0.0396039603960396,0.0005759257721196995
23_80,quiet,48,khz_comb,300.0,single,0.6039603960396039,0.2376237623762376,0.9207920792079208,0.8217821782178217,-1.0172780006928963,-0.9035020325526606,0.0035136879948087,0.003668420730182,False,False,False,False,False,False,False,False,False,False,False,False,False,False,-0.0990099009900991,-0.36633663366336633,0.0001547327353732999
23_80,quiet,48,khz_comb,1000.0,multi,0.0099009900990099,0.0792079207920792,0.2277227722772277,0.3465346534653465,0.9092505932458254,0.4132617169744942,0.0260258063298529,0.027875308724735,False,False,True,False,False,False,True,False,False,False,False,False,True,False,0.1188118811881188,0.0693069306930693,0.0018495023948820986
23_80,quiet,48,khz_comb,1000.0,single,0.504950495049505,0.2079207920792079,0.7920792079207921,0.8217821782178217,-0.8122569344224143,-0.7095443990285701,0.0118103853008127,0.0124063576635868,False,False,False,False,False,False,False,False,False,False,False,False,False,False,0.02970297029702962,-0.29702970297029707,0.0005959723627740991
23_80,quiet,48,lines,10.0,multi,0.0396039603960396,0.0693069306930693,0.4554455445544554,0.4653465346534653,0.1046725663512612,0.0880680834356011,0.0002414498953623,0.000271220600969,False,False,False,False,False,False,False,False,False,False,False,False,False,False,0.00990099009900991,0.0297029702970297,2.9770705606700003e-05
23_80,quiet,48,lines,10.0,single,0.7326732673267327,0.2871287128712871,0.6237623762376238,0.6336633663366337,-0.0440744410095219,-0.4064733965828567,0.0001225519782828,0.0001309226230802,False,False,False,False,False,False,False,False,False,False,False,False,False,False,0.00990099009900991,-0.44554455445544555,8.370644797399992e-06
23_80,quiet,48,lines,30.0,multi,0.0495049504950495,0.1089108910891089,0.4653465346534653,0.5742574257425742,0.084580518847822,-0.1545239306877152,0.0007250848879998,0.0008142312309924,False,False,False,False,False,False,False,False,False,False,False,False,False,False,0.1089108910891089,0.059405940594059396,8.914634299260005e-05
23_80,quiet,48,lines,30.0,single,0.7227722772277227,0.3069306930693069,0.6435643564356436,0.6633663366336634,-0.3925176039546235,-0.4335701561706249,0.0003677548495476,0.0003929244480924,False,False,False,False,False,False,False,False,False,False,False,False,False,False,0.01980198019801982,-0.4158415841584158,2.5169598544800002e-05
23_80,quiet,48,lines,300.0,multi,0.0396039603960396,0.099009900990099,0.4653465346534653,0.504950495049505,0.150990475699919,0.0166600680545352,0.0074026742529196,0.0082933898616691,False,False,False,False,False,False,False,False,False,False,False,False,False,False,0.03960396039603964,0.0594059405940594,0.0008907156087495007
23_80,quiet,48,lines,300.0,single,0.4851485148514851,0.1386138613861386,0.7128712871287128,0.7227722772277227,-0.3849050323610422,-0.5320661035231449,0.0036912514648999,0.0039536777757987,False,False,False,False,False,False,False,False,False,False,False,False,False,False,0.00990099009900991,-0.3465346534653465,0.0002624263108987998
23_80,quiet,48,lines,1000.0,multi,0.0099009900990099,0.099009900990099,0.3267326732673267,0.4851485148514851,0.5358980960395583,0.0665804136627776,0.0275634049999647,0.0307126968902105,False,False,True,False,False,False,True,False,False,False,False,False,True,False,0.1584158415841584,0.0891089108910891,0.003149291890245799
23_80,quiet,48,lines,1000.0,single,0.4356435643564356,0.1782178217821782,0.7029702970297029,0.7326732673267327,-0.3433814433707058,-0.6130503890676678,0.0124418972905181,0.0134481728421871,False,False,False,False,False,False,False,False,False,False,False,False,False,False,0.02970297029702973,-0.2574257425742574,0.0010062755516690013
23_80,quiet,48,smooth,10.0,multi,0.0495049504950495,0.1683168316831683,0.504950495049505,0.4851485148514851,0.0052727103865518,0.1442118506958752,0.0002416198644982,0.0002715934253244,False,False,False,False,False,False,False,False,False,False,False,False,False,False,-0.019801980198019875,0.1188118811881188,2.9973560826199993e-05
23_80,quiet,48,smooth,10.0,single,0.8316831683168316,0.3564356435643564,0.6732673267326733,0.7029702970297029,-0.4086735534904566,-0.4950806819297486,0.0001225347469234,0.0001308824157278,False,False,False,False,False,False,False,False,False,False,False,False,False,False,0.02970297029702962,-0.4752475247524752,8.347668804400011e-06
23_80,quiet,48,smooth,30.0,multi,0.0297029702970297,0.1386138613861386,0.4752475247524752,0.5247524752475248,0.0821531137920622,-0.0648073554216318,0.0007255346288858,0.0008152730005984,False,False,False,False,False,False,False,False,False,False,False,False,False,False,0.04950495049504955,0.1089108910891089,8.973837171259995e-05
23_80,quiet,48,smooth,30.0,single,0.7722772277227723,0.2475247524752475,0.5247524752475248,0.6633663366336634,-0.0451702312942397,-0.413727363492873,0.0003677065156314,0.0003928084041325,False,False,False,False,False,False,False,False,False,False,False,False,False,False,0.13861386138613863,-0.5247524752475248,2.510188850109998e-05
23_80,quiet,48,smooth,300.0,multi,0.0396039603960396,0.099009900990099,0.504950495049505,0.5346534653465347,-0.0128022597189256,-0.1312166714194869,0.0074059594866356,0.00829883921573,False,False,False,False,False,False,False,False,False,False,False,False,False,False,0.02970297029702973,0.0594059405940594,0.0008928797290944004
23_80,quiet,48,smooth,300.0,single,0.3861386138613861,0.1881188118811881,0.6831683168316832,0.7326732673267327,-0.2978150484134264,-0.4991802465628601,0.0036910287932855,0.0039527436114216,False,False,False,False,False,False,False,False,False,False,False,False,False,False,0.04950495049504944,-0.198019801980198,0.0002617148181360998
23_80,quiet,48,smooth,1000.0,multi,0.0396039603960396,0.0693069306930693,0.2871287128712871,0.4554455445544554,0.6795832089995972,0.0587280109430985,0.0275654718046582,0.030703254363457,False,False,False,False,False,False,False,False,False,False,False,False,False,False,0.1683168316831683,0.0297029702970297,0.003137782558798801
23_80,quiet,48,smooth,1000.0,single,0.3861386138613861,0.1485148514851485,0.6633663366336634,0.6732673267326733,-0.4025565426096776,-0.5662457941012292,0.0124427210167119,0.0134469170669011,False,False,False,False,False,False,False,False,False,False,False,False,False,False,0.00990099009900991,-0.23762376237623759,0.0010041960501892006
23_80,stress,0,khz_comb,10.0,multi,0.0198019801980198,0.0396039603960396,0.0297029702970297,0.0792079207920792,1.4858790377628612,1.2676369221239807,0.0002601657783873,0.0003062514881166,False,False,False,False,False,False,False,False,False,False,False,False,False,False,0.04950495049504949,0.0198019801980198,4.608570972929998e-05
23_80,stress,0,khz_comb,10.0,single,0.7623762376237624,0.7029702970297029,0.3564356435643564,0.2178217821782178,0.420066768052289,0.6250086700121841,0.0001164873419558,0.0001266498858841,False,False,False,False,False,False,False,False,False,False,False,False,False,False,-0.13861386138613863,-0.05940594059405946,1.0162543928299986e-05
23_80,stress,0,khz_comb,30.0,multi,0.0297029702970297,0.0099009900990099,0.0297029702970297,0.0693069306930693,1.3822812514482332,1.3058045082463952,0.0007802610453699,0.0009181201213903,False,False,False,True,False,False,False,False,False,False,False,False,False,False,0.0396039603960396,-0.019801980198019802,0.00013785907602039999
23_80,stress,0,khz_comb,30.0,single,0.7623762376237624,0.7524752475247525,0.3465346534653465,0.2178217821782178,0.4853667672725599,0.6138293441002299,0.0003494623190968,0.000379948094702,False,False,False,False,False,False,False,False,False,False,False,False,False,False,-0.12871287128712872,-0.00990099009900991,3.0485775605199983e-05
23_80,stress,0,khz_comb,300.0,multi,0.0099009900990099,0.0495049504950495,0.0198019801980198,0.0693069306930693,2.168157512250204,1.4025674177066496,0.0077730025215459,0.0091062673595011,False,False,True,False,False,False,True,False,False,False,False,False,True,False,0.0495049504950495,0.0396039603960396,0.0013332648379551998
23_80,stress,0,khz_comb,300.0,single,0.7722772277227723,0.7128712871287128,0.3861386138613861,0.1584158415841584,0.5421006077627916,0.8180405935371221,0.0034947884437378,0.0037997171661716,False,False,False,False,False,False,False,False,False,False,False,False,False,False,-0.2277227722772277,-0.05940594059405946,0.00030492872243380017
23_80,stress,0,khz_comb,1000.0,multi,0.0396039603960396,0.0396039603960396,0.0495049504950495,0.0495049504950495,1.5399434601714792,0.9751105746251838,0.0257236972180319,0.0300167211144231,False,False,False,False,False,False,False,False,False,False,False,False,False,False,0.0,0.0,0.004293023896391201
23_80,stress,0,khz_comb,1000.0,single,0.7524752475247525,0.6732673267326733,0.3564356435643564,0.2376237623762376,0.356927342066975,0.6071380088173931,0.0116562458266573,0.0126756225780448,False,False,False,False,False,False,False,False,False,False,False,False,False,False,-0.1188118811881188,-0.07920792079207917,0.0010193767513874998
23_80,stress,0,lines,10.0,multi,0.0099009900990099,0.0099009900990099,0.0198019801980198,0.0396039603960396,2.202245823726521,1.3247531349612145,0.0002909205168837,0.0003540255277418,False,False,True,True,False,False,False,False,False,False,False,False,False,False,0.0198019801980198,0.0,6.31050108581e-05
23_80,stress,0,lines,10.0,single,0.7524752475247525,0.7227722772277227,0.1881188118811881,0.2277227722772277,0.7712592319826812,0.7099126664546495,0.0001299163780486,0.0001448156311921,False,False,False,False,False,False,False,False,False,False,False,False,False,False,0.03960396039603961,-0.02970297029702973,1.4899253143500025e-05
23_80,stress,0,lines,30.0,multi,0.0099009900990099,0.0099009900990099,0.0099009900990099,0.0297029702970297,1.541187437245903,1.6028794744817696,0.0008724660528909,0.0010611049872133,True,False,True,True,False,False,False,True,False,False,False,False,False,True,0.019801980198019802,0.0,0.00018863893432240003
23_80,stress,0,lines,30.0,single,0.7227722772277227,0.7425742574257426,0.1485148514851485,0.1782178217821782,0.948877275978473,0.7309663993178825,0.000389750573895,0.0004344434108329,False,False,False,False,False,False,False,False,False,False,False,False,False,False,0.0297029702970297,0.01980198019801982,4.469283693789999e-05
23_80,stress,0,lines,300.0,multi,0.0396039603960396,0.0099009900990099,0.0198019801980198,0.0495049504950495,1.6915316873476798,1.5129608044129796,0.0086876616316795,0.0104994261687764,False,False,False,True,False,False,False,True,False,False,False,False,False,True,0.0297029702970297,-0.029702970297029698,0.0018117645370969004
23_80,stress,0,lines,300.0,single,0.6633663366336634,0.6039603960396039,0.2277227722772277,0.1881188118811881,0.649674840196654,0.680781230934684,0.0038978258050621,0.0043441541821523,False,False,False,False,False,False,False,False,False,False,False,False,False,False,-0.03960396039603961,-0.05940594059405946,0.0004463283770902004
23_80,stress,0,lines,1000.0,multi,0.0495049504950495,0.0198019801980198,0.0297029702970297,0.0693069306930693,1.464951474822573,1.2883210374720502,0.0287140291004184,0.0346456265366239,False,False,False,False,False,False,False,False,False,False,False,False,False,False,0.0396039603960396,-0.0297029702970297,0.005931597436205496
23_80,stress,0,lines,1000.0,single,0.6435643564356436,0.6633663366336634,0.1683168316831683,0.1881188118811881,0.7722393823223034,0.7045111624605265,0.0130037265824871,0.0144915427144763,False,False,False,False,False,False,False,False,False,False,False,False,False,False,0.019801980198019792,0.01980198019801982,0.0014878161319892003
23_80,stress,0,smooth,10.0,multi,0.0297029702970297,0.0099009900990099,0.0198019801980198,0.0198019801980198,1.6874470308205338,1.5404644560055911,0.0002912704334541,0.0003542775525181,False,False,False,True,False,False,False,False,False,False,False,False,False,False,0.0,-0.019801980198019802,6.300711906400005e-05
23_80,stress,0,smooth,10.0,single,0.6831683168316832,0.6831683168316832,0.2277227722772277,0.2376237623762376,0.7429036084061743,0.7144560702777737,0.000129971827853,0.0001448655827475,False,False,False,False,False,False,False,False,False,False,False,False,False,False,0.00990099009900991,0.0,1.48937548945e-05
23_80,stress,0,smooth,30.0,multi,0.0297029702970297,0.0099009900990099,0.0198019801980198,0.0495049504950495,1.6492483571521408,1.288982830638742,0.0008735177075651,0.0010618709961475,False,False,False,True,False,False,False,True,False,False,False,False,False,True,0.0297029702970297,-0.019801980198019802,0.00018835328858239988
23_80,stress,0,smooth,30.0,single,0.7623762376237624,0.693069306930693,0.2277227722772277,0.2574257425742574,0.8120616679345326,0.7392512888566195,0.0003899161440604,0.0004345947759571,False,False,False,False,False,False,False,False,False,False,False,False,False,False,0.029702970297029674,-0.06930693069306937,4.467863189670004e-05
23_80,stress,0,smooth,300.0,multi,0.0099009900990099,0.0297029702970297,0.0198019801980198,0.0594059405940594,1.552690018708715,1.6807738768404057,0.0086996092453235,0.0105075790685917,False,False,True,False,False,False,True,False,False,False,False,False,True,False,0.039603960396039604,0.019801980198019802,0.0018079698232681997
23_80,stress,0,smooth,300.0,single,0.7326732673267327,0.6633663366336634,0.2178217821782178,0.2178217821782178,0.6842207186282416,0.7224814190272253,0.0038993989379513,0.0043458685479423,False,False,False,False,False,False,False,False,False,False,False,False,False,False,0.0,-0.06930693069306926,0.0004464696099910001
23_80,stress,0,smooth,1000.0,multi,0.0594059405940594,0.0594059405940594,0.0297029702970297,0.0693069306930693,1.6131174256792156,1.207564959330675,0.0287539218085883,0.0346865550374558,False,False,False,False,False,False,False,False,False,False,False,False,False,False,0.0396039603960396,0.0,0.0059326332288675045
23_80,stress,0,smooth,1000.0,single,0.6435643564356436,0.6237623762376238,0.198019801980198,0.2277227722772277,0.6872827394113381,0.6810079137939449,0.0130080088161789,0.0144972814785022,False,False,False,False,False,False,False,False,False,False,False,False,False,False,0.0297029702970297,-0.01980198019801982,0.0014892726623233002
23_80,typical,44,khz_comb,10.0,multi,0.0594059405940594,0.0891089108910891,0.2772277227722772,0.4059405940594059,0.6704029672648694,0.2515051155541891,0.0009655625263852,0.000977689129863,False,False,False,False,False,False,False,False,False,False,False,False,False,False,0.12871287128712872,0.0297029702970297,1.2126603477800066e-05
23_80,typical,44,khz_comb,10.0,single,0.5544554455445545,0.7920792079207921,0.9207920792079208,0.8613861386138614,-1.2298684043357138,-1.330483057973594,0.0004410721277705,0.0004487256840045,False,False,False,False,False,False,False,False,False,False,False,False,False,False,-0.05940594059405946,0.2376237623762376,7.653556233999984e-06
23_80,typical,44,khz_comb,30.0,multi,0.0693069306930693,0.0792079207920792,0.2772277227722772,0.3564356435643564,0.709239350818881,0.5667193634327765,0.0029163018265491,0.0029496958704724,False,False,False,False,False,False,False,False,False,False,False,False,False,False,0.07920792079207922,0.009900990099009896,3.339404392329985e-05
23_80,typical,44,khz_comb,30.0,single,0.6138613861386139,0.7920792079207921,0.9405940594059404,0.9207920792079208,-2.0568897837012354,-1.404485630777987,0.0013274293675555,0.0013503559137409,False,False,False,False,False,False,False,False,False,False,False,False,False,False,-0.019801980198019598,0.17821782178217827,2.2926546185400012e-05
23_80,typical,44,khz_comb,300.0,multi,0.0396039603960396,0.0495049504950495,0.198019801980198,0.2277227722772277,0.6308070541318442,0.7005836786788527,0.0340105362048735,0.0337744191808129,False,False,False,False,False,False,False,False,False,False,False,False,False,False,0.0297029702970297,0.009900990099009903,-0.0002361170240606017
23_80,typical,44,khz_comb,300.0,single,0.4059405940594059,0.6633663366336634,0.9405940594059404,0.9504950495049505,-1.6195720024198257,-1.3125952967571055,0.0142005668500793,0.0142863418882511,False,False,False,False,False,False,False,False,False,False,False,False,False,False,0.00990099009901002,0.2574257425742575,8.577503817180053e-05
23_80,typical,44,khz_comb,1000.0,multi,0.0099009900990099,0.0099009900990099,0.0792079207920792,0.2178217821782178,1.60997205480279,0.9070549575078348,0.1954572653109474,0.1830212798090494,False,False,True,True,False,False,True,True,False,False,False,True,False,False,0.1386138613861386,0.0,-0.012435985501898006
23_80,typical,44,khz_comb,1000.0,single,0.0594059405940594,0.2574257425742574,0.9306930693069309,0.9702970297029704,-2.223812485860548,-1.5871058323924767,0.0629714419502896,0.0608024995274068,False,False,False,False,False,False,False,False,False,False,False,False,False,False,0.03960396039603953,0.19801980198019797,-0.0021689424228827983
23_80,typical,44,lines,10.0,multi,0.0099009900990099,0.0792079207920792,0.4554455445544554,0.4059405940594059,0.1516314538082355,0.1313732760279791,0.0010206137567262,0.0010868558203539,False,False,True,False,False,False,True,False,False,False,False,False,True,False,-0.04950495049504949,0.0693069306930693,6.624206362769989e-05
23_80,typical,44,lines,10.0,single,0.6831683168316832,0.7623762376237624,0.9801980198019802,0.8514851485148515,-2.266342485491116,-1.699337347637287,0.000462402290405,0.0004991723017932,False,False,False,False,False,False,False,False,False,False,False,False,False,False,-0.12871287128712872,0.07920792079207917,3.6770011388199996e-05
23_80,typical,44,lines,30.0,multi,0.0495049504950495,0.1386138613861386,0.5445544554455446,0.5247524752475248,-0.1866806490156501,-0.0292545135267784,0.0030833012300559,0.0032798578749217,False,False,False,False,False,False,False,False,False,False,False,False,False,False,-0.01980198019801982,0.0891089108910891,0.00019655664486579972
23_80,typical,44,lines,30.0,single,0.6831683168316832,0.7920792079207921,0.99009900990099,0.8316831683168316,-2.274441669841071,-1.2976156513203878,0.001391914491792,0.0015021060685071,False,False,False,False,False,False,False,False,False,False,False,False,False,False,-0.15841584158415833,0.1089108910891089,0.00011019157671509987
23_80,typical,44,lines,300.0,multi,0.0099009900990099,0.0297029702970297,0.4158415841584158,0.4554455445544554,0.1500634295624379,0.1671487046179041,0.0359815837090557,0.0376129360416349,False,False,True,False,False,False,True,False,False,False,False,False,True,False,0.039603960396039584,0.019801980198019802,0.0016313523325792029
23_80,typical,44,lines,300.0,single,0.4653465346534653,0.7029702970297029,0.9603960396039604,0.9801980198019802,-1.8214190578558804,-1.250900819472408,0.0148917821935906,0.0159023369645198,False,False,False,False,False,False,False,False,False,False,False,False,False,False,0.01980198019801982,0.2376237623762376,0.001010554770929201
23_80,typical,44,lines,1000.0,multi,0.0099009900990099,0.0099009900990099,0.1782178217821782,0.3366336633663366,0.9370534492153954,0.5665186440587157,0.2063280511056938,0.2050610820417284,False,False,True,True,False,False,True,True,False,False,False,True,False,False,0.1584158415841584,0.0,-0.0012669690639653952
23_80,typical,44,lines,1000.0,single,0.0297029702970297,0.3861386138613861,0.9603960396039604,0.9108910891089108,-1.2647025445263371,-1.3003374633154274,0.0661696864305922,0.0677219933939582,False,False,False,False,False,False,False,False,False,False,False,False,False,False,-0.04950495049504955,0.3564356435643564,0.0015523069633659875
23_80,typical,44,smooth,10.0,multi,0.0693069306930693,0.0792079207920792,0.495049504950495,0.4356435643564356,0.0418061201404332,0.1983463603818888,0.0010201776465243,0.0010858422131158,False,False,False,False,False,False,False,False,False,False,False,False,False,False,-0.0594059405940594,0.009900990099009896,6.566456659150006e-05
23_80,typical,44,smooth,10.0,single,0.6831683168316832,0.8415841584158416,0.9702970297029704,0.8910891089108911,-2.004443270452766,-1.9800656324275687,0.0004622205416012,0.0004988015053079,False,False,False,False,False,False,False,False,False,False,False,False,False,False,-0.07920792079207928,0.15841584158415833,3.658096370670003e-05
23_80,typical,44,smooth,30.0,multi,0.0792079207920792,0.0693069306930693,0.5346534653465347,0.5346534653465347,-0.0635051815841801,-0.0273866138790577,0.0030821621846008,0.0032770764940919,False,False,False,False,False,False,False,False,False,False,False,False,False,False,0.0,-0.009900990099009896,0.00019491430949109987
23_80,typical,44,smooth,30.0,single,0.6039603960396039,0.801980198019802,0.9801980198019802,0.8910891089108911,-2.141008894376093,-1.581204804791251,0.0013913026299872,0.0015010469266136,False,False,False,False,False,False,False,False,False,False,False,False,False,False,-0.08910891089108908,0.19801980198019808,0.00010974429662640004
23_80,typical,44,smooth,300.0,multi,0.0297029702970297,0.0396039603960396,0.3564356435643564,0.4653465346534653,0.3647052549144592,0.2244679212872969,0.0359740740178769,0.0375985995085005,False,False,False,False,False,False,False,False,False,False,False,False,False,False,0.1089108910891089,0.009900990099009896,0.001624525490623599
23_80,typical,44,smooth,300.0,single,0.5841584158415841,0.6732673267326733,0.99009900990099,0.9405940594059404,-1.591492699313373,-1.5999135534832447,0.0148848720421387,0.0158916814576935,False,False,False,False,False,False,False,False,False,False,False,False,False,False,-0.04950495049504955,0.08910891089108919,0.0010068094155547998
23_80,typical,44,smooth,1000.0,multi,0.0099009900990099,0.0099009900990099,0.2772277227722772,0.2376237623762376,0.5264929981940389,0.9016105098493852,0.2062510478599296,0.2049748105817515,False,False,True,True,False,False,True,True,False,False,False,True,False,False,-0.039603960396039584,0.0,-0.001276237278178105
23_80,typical,44,smooth,1000.0,single,0.0396039603960396,0.4059405940594059,0.9504950495049505,0.9207920792079208,-1.3587741000966616,-1.0231416370075948,0.0661304891181975,0.0676905840380594,False,False,False,False,False,False,False,False,False,False,False,False,False,False,-0.02970297029702962,0.36633663366336633,0.0015600949198619068
4_196,quiet,48,khz_comb,10.0,multi,0.4158415841584158,0.1089108910891089,0.1683168316831683,0.4158415841584158,0.9245415883702992,0.1836920745481187,0.0001168586572263,0.0001540379020728,False,False,False,False,False,False,False,False,False,False,False,False,False,False,0.24752475247524752,-0.3069306930693069,3.7179244846499986e-05
4_196,quiet,48,khz_comb,10.0,single,0.8316831683168316,0.8613861386138614,0.8217821782178217,0.5445544554455446,-0.948325344761158,-0.1468092550701873,1.5958493878801027e-05,1.4779039051488136e-05,False,False,False,False,False,False,False,False,False,False,False,False,False,False,-0.27722772277227714,0.02970297029702973,-1.1794548273128906e-06
4_196,quiet,48,khz_comb,30.0,multi,0.3366336633663366,0.1089108910891089,0.1386138613861386,0.3366336633663366,1.2816307737031796,0.4193897146700259,0.0003507043825724,0.0004627450679874,False,False,False,False,False,False,False,False,False,False,False,False,False,False,0.198019801980198,-0.2277227722772277,0.00011204068541499998
4_196,quiet,48,khz_comb,30.0,single,0.8316831683168316,0.8910891089108911,0.7722772277227723,0.6336633663366337,-0.6295511045824491,-0.2493373507585081,4.7871410441100096e-05,4.433070939357832e-05,False,False,False,False,False,False,False,False,False,False,False,False,False,False,-0.13861386138613863,0.05940594059405946,-3.5407010475217748e-06
4_196,quiet,48,khz_comb,300.0,multi,0.3168316831683168,0.0693069306930693,0.198019801980198,0.4356435643564356,0.8080067205970218,0.2544674772238416,0.0035504057583786,0.0047216444017391,False,False,False,False,False,False,False,False,False,False,False,False,False,False,0.23762376237623759,-0.24752475247524747,0.0011712386433605
4_196,quiet,48,khz_comb,300.0,single,0.7920792079207921,0.9306930693069309,0.7623762376237624,0.6237623762376238,-0.665387457913073,-0.2855292849592856,0.0004781781710367,0.0004424495524794,False,False,False,False,False,False,False,False,False,False,False,False,False,False,-0.13861386138613863,0.13861386138613874,-3.5728618557300006e-05
4_196,quiet,48,khz_comb,1000.0,multi,0.1089108910891089,0.099009900990099,0.2277227722772277,0.5148514851485149,0.854561443139835,-0.0098523329554692,0.0128247348423253,0.0169006191899212,False,False,False,False,False,False,False,False,False,False,False,False,False,False,0.28712871287128716,-0.009900990099009896,0.004075884347595898
4_196,quiet,48,khz_comb,1000.0,single,0.7623762376237624,0.9603960396039604,0.7326732673267327,0.5841584158415841,-0.3177415859773057,-0.3723596163347548,0.0015897094418824,0.0014682392029179,False,False,False,False,False,False,False,False,False,False,False,False,False,False,-0.14851485148514854,0.19801980198019797,-0.00012147023896449992
4_196,quiet,48,lines,10.0,multi,0.2277227722772277,0.0594059405940594,0.2673267326732673,0.495049504950495,0.8311514073430727,0.022109829672836,0.0001254810077124,0.0001803009575167,False,False,False,False,False,False,False,False,False,False,False,False,False,False,0.2277227722772277,-0.1683168316831683,5.481994980430002e-05
4_196,quiet,48,lines,10.0,single,0.7722772277227723,0.8712871287128713,1.0,0.9702970297029704,-1.2921264108472437,-1.1061110138161214,1.7152546571963553e-05,1.5807573086552507e-05,False,False,False,False,False,False,False,False,False,False,False,False,False,False,-0.02970297029702962,0.09900990099009899,-1.3449734854110457e-06
4_196,quiet,48,lines,30.0,multi,0.2079207920792079,0.0891089108910891,0.2574257425742574,0.6336633663366337,0.6300664206575053,-0.297077698626109,0.0003765862274838,0.000541830292901,False,False,False,False,False,False,False,False,False,False,False,False,False,False,0.3762376237623763,-0.1188118811881188,0.00016524406541719997
4_196,quiet,48,lines,30.0,single,0.7821782178217822,0.8613861386138614,1.0,0.9603960396039604,-0.9951719468873288,-1.1015871145577405,5.145232868436908e-05,4.741448407079925e-05,False,False,False,False,False,False,False,False,False,False,False,False,False,False,-0.03960396039603964,0.07920792079207917,-4.0378446135698275e-06
4_196,quiet,48,lines,300.0,multi,0.1485148514851485,0.0297029702970297,0.3069306930693069,0.5841584158415841,0.6521317504513086,-0.2508431805351692,0.0038051554179764,0.0055560203344365,False,False,False,False,False,False,False,False,False,False,False,False,False,False,0.2772277227722772,-0.1188118811881188,0.0017508649164601
4_196,quiet,48,lines,300.0,single,0.693069306930693,0.8217821782178217,1.0,0.9306930693069309,-1.1311273206668226,-1.1394070596949155,0.0005138245657415,0.0004730585239858,False,False,False,False,False,False,False,False,False,False,False,False,False,False,-0.06930693069306915,0.12871287128712872,-4.076604175570005e-05
4_196,quiet,48,lines,1000.0,multi,0.0891089108910891,0.0198019801980198,0.4455445544554455,0.7524752475247525,0.0969406047190055,-0.805074699342023,0.0137039310218931,0.0201405862574199,False,False,False,False,False,False,False,False,False,False,False,False,False,False,0.306930693069307,-0.06930693069306931,0.006436655235526801
4_196,quiet,48,lines,1000.0,single,0.7128712871287128,0.9405940594059404,1.0,0.9801980198019802,-1.1795277118351644,-1.043539711070588,0.0017075721882243,0.0015685640596122,False,False,False,False,False,False,False,False,False,False,False,False,False,False,-0.01980198019801982,0.2277227722772276,-0.00013900812861209985
4_196,quiet,48,smooth,10.0,multi,0.3168316831683168,0.0396039603960396,0.297029702970297,0.4851485148514851,0.573137084660823,0.0651562345800201,0.0001254137536222,0.0001803059493199,False,False,False,False,False,False,False,False,False,False,False,False,False,False,0.18811881188118806,-0.2772277227722772,5.4892195697700004e-05
4_196,quiet,48,smooth,10.0,single,0.7920792079207921,0.801980198019802,0.9801980198019802,0.9603960396039604,-1.0353337654811805,-1.0549351782050655,1.7157065210633004e-05,1.5794384453612596e-05,False,False,False,False,False,False,False,False,False,False,False,False,False,False,-0.01980198019801982,0.00990099009900991,-1.3626807570204076e-06
4_196,quiet,48,smooth,30.0,multi,0.2376237623762376,0.0198019801980198,0.3168316831683168,0.6039603960396039,0.661356880206871,-0.1952892899497246,0.0003763756385644,0.0005418366948844,False,False,False,False,False,False,False,False,False,False,False,False,False,False,0.28712871287128716,-0.21782178217821782,0.00016546105631999998
4_196,quiet,48,smooth,30.0,single,0.8415841584158416,0.8712871287128713,0.99009900990099,0.9603960396039604,-1.0498795058260435,-1.014504771421172,5.14658191404256e-05,4.737486953306472e-05,False,False,False,False,False,False,False,False,False,False,False,False,False,False,-0.02970297029702962,0.02970297029702973,-4.090949607360874e-06
4_196,quiet,48,smooth,300.0,multi,0.1881188118811881,0.0594059405940594,0.3069306930693069,0.6039603960396039,0.4489447593960526,-0.2433642735550956,0.0038020837076621,0.0055573886396302,False,False,False,False,False,False,False,False,False,False,False,False,False,False,0.297029702970297,-0.1287128712871287,0.0017553049319681004
4_196,quiet,48,smooth,300.0,single,0.7920792079207921,0.8118811881188119,0.9801980198019802,0.9405940594059404,-1.0004652297560348,-1.028056823826104,0.0005139502881194,0.0004727009572201,False,False,False,False,False,False,False,False,False,False,False,False,False,False,-0.03960396039603975,0.01980198019801982,-4.124933089929997e-05
4_196,quiet,48,smooth,1000.0,multi,0.1188118811881188,0.0099009900990099,0.4257425742574257,0.693069306930693,0.0804454512019733,-0.42105492743911,0.013693833402714,0.0201533873575581,False,False,False,True,False,False,False,True,False,False,False,False,False,True,0.26732673267326734,-0.10891089108910891,0.0064595539548440994
4_196,quiet,48,smooth,1000.0,single,0.8118811881188119,0.9405940594059404,0.99009900990099,0.9702970297029704,-1.7487727569969398,-1.0122156540483305,0.0017078546652032,0.0015675696199472,False,False,False,False,False,False,False,False,False,False,False,False,False,False,-0.019801980198019598,0.1287128712871285,-0.0001402850452560001
4_196,stress,0,khz_comb,10.0,multi,0.0198019801980198,0.0198019801980198,0.3663366336633663,0.2376237623762376,0.4456050912520675,0.8042061908160494,0.0005760314292583,0.0006868710112232,False,False,False,False,False,False,False,False,False,False,False,False,False,False,-0.12871287128712866,0.0,0.00011083958196490004
4_196,stress,0,khz_comb,10.0,single,0.6336633663366337,0.6039603960396039,0.1089108910891089,0.1386138613861386,0.9180667993746386,0.8228971952023542,9.551615347959336e-05,0.000111184456639,False,False,False,False,False,False,False,False,False,False,False,False,False,False,0.0297029702970297,-0.02970297029702973,1.5668303159406636e-05
4_196,stress,0,khz_comb,30.0,multi,0.0099009900990099,0.0099009900990099,0.3069306930693069,0.2871287128712871,0.7103589886022599,0.7502727741353967,0.0017288472707451,0.0020613204265885,False,False,True,True,False,False,True,True,False,False,False,True,False,False,-0.01980198019801982,0.0,0.00033247315584339983
4_196,stress,0,khz_comb,30.0,single,0.5643564356435643,0.6237623762376238,0.0693069306930693,0.0891089108910891,0.9493194975390298,0.8027299071508758,0.0002865545931833,0.0003336029696064,False,False,False,False,False,False,False,False,False,False,False,False,False,False,0.019801980198019806,0.05940594059405946,4.7048376423099994e-05
4_196,stress,0,khz_comb,300.0,multi,0.0297029702970297,0.0198019801980198,0.3465346534653465,0.2574257425742574,0.4193236860608538,0.7964861778585058,0.0174374946112384,0.0208328934942525,False,False,False,False,False,False,False,False,False,False,False,False,False,False,-0.08910891089108913,-0.009900990099009903,0.0033953988830141
4_196,stress,0,khz_comb,300.0,single,0.5643564356435643,0.6336633663366337,0.0396039603960396,0.0693069306930693,1.023488909045124,0.8813410754295186,0.0028665320338362,0.0033428569321162,False,False,False,False,False,False,False,False,False,False,False,False,False,False,0.0297029702970297,0.06930693069306937,0.00047632489828000005
4_196,stress,0,khz_comb,1000.0,multi,0.0099009900990099,0.0198019801980198,0.3663366336633663,0.2574257425742574,0.2899648427216015,0.6894886212351773,0.0607432478378522,0.0743929154869547,False,False,True,False,False,False,True,False,False,False,False,False,True,False,-0.1089108910891089,0.0099009900990099,0.013649667649102505
4_196,stress,0,khz_comb,1000.0,single,0.5643564356435643,0.594059405940594,0.0198019801980198,0.0297029702970297,0.93961477929307,1.4641056252653353,0.0095661059892355,0.0112106825693993,False,False,False,False,False,False,False,False,False,False,False,False,False,False,0.009900990099009903,0.02970297029702973,0.0016445765801638007
4_196,stress,0,lines,10.0,multi,0.0099009900990099,0.0198019801980198,0.1881188118811881,0.1584158415841584,0.8202775749347255,1.0740294367115195,0.0006329250405883,0.0007910008191271,False,False,True,False,False,False,False,False,False,False,False,False,False,False,-0.0297029702970297,0.0099009900990099,0.00015807577853879998
4_196,stress,0,lines,10.0,single,0.5643564356435643,0.6039603960396039,0.4356435643564356,0.2673267326732673,0.0882615852893543,0.5514419084059174,0.0001064762649309,0.0001278220153241,False,False,False,False,False,False,False,False,False,False,False,False,False,False,-0.1683168316831683,0.03960396039603964,2.134575039319999e-05
4_196,stress,0,lines,30.0,multi,0.0099009900990099,0.0198019801980198,0.2475247524752475,0.0693069306930693,0.8876948112800298,1.122854352635325,0.0018995590794941,0.0023739161772471,False,False,True,False,False,False,True,False,False,False,False,False,True,False,-0.1782178217821782,0.0099009900990099,0.00047435709775300004
4_196,stress,0,lines,30.0,single,0.6435643564356436,0.6435643564356436,0.297029702970297,0.2673267326732673,0.4532037254290483,0.333847301073255,0.0003194422415397,0.0003835366364619,False,False,False,False,False,False,False,False,False,False,False,False,False,False,-0.02970297029702973,0.0,6.409439492220003e-05
4_196,stress,0,lines,300.0,multi,0.0099009900990099,0.0198019801980198,0.3267326732673267,0.2376237623762376,0.3562353122164714,0.9067722812996905,0.0191430973107793,0.0240457614407214,False,False,True,False,False,False,True,False,False,False,False,False,True,False,-0.08910891089108908,0.0099009900990099,0.0049026641299421
4_196,stress,0,lines,300.0,single,0.5742574257425742,0.7029702970297029,0.3762376237623762,0.1881188118811881,0.2460378327761071,0.5377283953096074,0.0031963164900916,0.003845276708777,False,False,False,False,False,False,False,False,False,False,False,False,False,False,-0.1881188118811881,0.12871287128712872,0.0006489602186854002
4_196,stress,0,lines,1000.0,multi,0.0099009900990099,0.0099009900990099,0.1881188118811881,0.2574257425742574,0.9501517853204025,0.6955258023745172,0.0669341285220238,0.0875957221477793,False,False,True,True,False,False,True,True,False,False,False,True,False,False,0.06930693069306929,0.0,0.02066159362575551
4_196,stress,0,lines,1000.0,single,0.594059405940594,0.5544554455445545,0.3168316831683168,0.1485148514851485,0.4128331078559066,0.9257855405882152,0.0106733169983467,0.0129126301599376,False,False,False,False,False,False,False,False,False,False,False,False,False,False,-0.16831683168316827,-0.03960396039603953,0.0022393131615908984
4_196,stress,0,smooth,10.0,multi,0.0198019801980198,0.0099009900990099,0.2574257425742574,0.2277227722772277,0.6743402321658069,0.657418801763142,0.0006330937301835,0.0007910615904234,False,False,False,True,False,False,False,False,False,False,False,False,False,False,-0.029702970297029674,-0.0099009900990099,0.0001579678602399
4_196,stress,0,smooth,10.0,single,0.5346534653465347,0.5247524752475248,0.3861386138613861,0.2574257425742574,0.1970062323772745,0.6505241058888265,0.0001063990822676,0.0001277372789651,False,False,False,False,False,False,False,False,False,False,False,False,False,False,-0.12871287128712872,-0.00990099009900991,2.1338196697499995e-05
4_196,stress,0,smooth,30.0,multi,0.0099009900990099,0.0297029702970297,0.2178217821782178,0.2475247524752475,0.7302923955530711,0.6405330091300847,0.001900091598735,0.0023741330947551,False,False,True,False,False,False,True,False,False,False,False,False,True,False,0.0297029702970297,0.019801980198019802,0.0004740414960201001
4_196,stress,0,smooth,30.0,single,0.594059405940594,0.6435643564356436,0.3366336633663366,0.1782178217821782,0.3062341957731056,0.4981460672623915,0.0003192094252839,0.0003832821798244,False,False,False,False,False,False,False,False,False,False,False,False,False,False,-0.1584158415841584,0.04950495049504955,6.407275454049999e-05
4_196,stress,0,smooth,300.0,multi,0.0099009900990099,0.0099009900990099,0.2673267326732673,0.2277227722772277,0.5578470548887324,0.727007499735385,0.0191497856155541,0.0240465090139401,False,False,True,True,False,False,True,True,False,False,False,True,False,False,-0.039603960396039584,0.0,0.004896723398386
4_196,stress,0,smooth,300.0,single,0.594059405940594,0.6039603960396039,0.3069306930693069,0.198019801980198,0.3509276308241192,0.6043200435601939,0.0031939683310652,0.0038426863328659,False,False,False,False,False,False,False,False,False,False,False,False,False,False,-0.10891089108910892,0.00990099009900991,0.0006487180018006997
4_196,stress,0,smooth,1000.0,multi,0.0198019801980198,0.0198019801980198,0.2178217821782178,0.3069306930693069,0.7521196791767785,0.5277959362630698,0.0669359766884876,0.0876073758946395,False,False,False,False,False,False,False,False,False,False,False,False,False,False,0.08910891089108913,0.0,0.020671399206151908
4_196,stress,0,smooth,1000.0,single,0.5544554455445545,0.5841584158415841,0.3762376237623762,0.1287128712871287,0.3346848991386577,0.7034365086555788,0.0106659205934635,0.012904225240787,False,False,False,False,False,False,False,False,False,False,False,False,False,False,-0.2475247524752475,0.02970297029702962,0.0022383046473235003
4_196,typical,53,khz_comb,10.0,multi,0.1089108910891089,0.099009900990099,0.0594059405940594,0.1881188118811881,1.1813554920629223,0.8299690582346763,0.0044950504973264,0.0044726403648205,False,False,False,False,False,False,False,False,False,False,False,False,False,False,0.1287128712871287,-0.009900990099009896,-2.2410132505899967e-05
4_196,typical,53,khz_comb,10.0,single,0.495049504950495,0.5148514851485149,0.2475247524752475,0.5841584158415841,0.618749408663242,-0.2001623496499312,0.0022414222656355,0.002255774890867,False,False,False,False,False,False,False,False,False,False,False,False,False,False,0.3366336633663366,0.019801980198019875,1.4352625231499848e-05
4_196,typical,53,khz_comb,30.0,multi,0.0891089108910891,0.1881188118811881,0.0396039603960396,0.297029702970297,1.235109296029877,0.5703841904736876,0.0135650454089216,0.0135098838621802,False,False,False,False,False,False,False,False,False,False,False,False,False,False,0.25742574257425743,0.09900990099009899,-5.5161546741398435e-05
4_196,typical,53,khz_comb,30.0,single,0.4554455445544554,0.4752475247524752,0.2376237623762376,0.5544554455445545,0.5687535086878233,-0.0430254688823569,0.0067220927472966,0.0067585857041465,False,False,False,False,False,False,False,False,False,False,False,False,False,False,0.3168316831683169,0.01980198019801982,3.649295684989961e-05
4_196,typical,53,khz_comb,300.0,multi,0.0297029702970297,0.0396039603960396,0.2277227722772277,0.3366336633663366,0.8078329823833891,0.5412224192577791,0.321626274390428,0.2989403844517592,False,False,False,False,False,False,False,False,False,False,False,False,False,False,0.1089108910891089,0.009900990099009896,-0.022685889938668824
4_196,typical,53,khz_comb,300.0,single,0.6138613861386139,0.6039603960396039,0.6435643564356436,0.7722772277227723,-0.5856763790263366,-0.8053303409723166,0.0921365180004215,0.0882621078722755,False,False,False,False,False,False,False,False,False,False,False,False,False,False,0.12871287128712872,-0.00990099009900991,-0.0038744101281460025
4_196,typical,53,khz_comb,1000.0,multi,0.0297029702970297,0.0198019801980198,0.3564356435643564,0.0297029702970297,0.4731740564923247,1.6920654630008634,3.4911002712287327,3.11935661084168,False,False,False,False,False,False,False,False,False,False,False,False,False,False,-0.3267326732673267,-0.009900990099009903,-0.37174366038705253
4_196,typical,53,khz_comb,1000.0,single,0.6237623762376238,0.6237623762376238,0.5544554455445545,0.6039603960396039,-0.2671864230135289,-0.3021091283462476,0.8419099635012619,0.7420306881721951,False,False,False,False,False,False,False,False,False,False,False,False,False,False,0.04950495049504944,0.0,-0.09987927532906682
4_196,typical,53,lines,10.0,multi,0.0792079207920792,0.1584158415841584,0.0594059405940594,0.2673267326732673,1.380775925219163,0.5056885389841798,0.0045702791380963,0.0047236591348727,False,False,False,False,False,False,False,False,False,False,False,False,False,False,0.20792079207920788,0.0792079207920792,0.00015337999677639963
4_196,typical,53,lines,10.0,single,0.4356435643564356,0.6732673267326733,0.2574257425742574,0.7425742574257426,0.6809883634328925,-0.7170520414420669,0.0022932370421888,0.002387592967316,False,False,False,False,False,False,False,False,False,False,False,False,False,False,0.4851485148514852,0.23762376237623772,9.435592512720007e-05
4_196,typical,53,lines,30.0,multi,0.1188118811881188,0.1881188118811881,0.0693069306930693,0.2871287128712871,1.3179773421488976,0.6744509444778449,0.0138288779282459,0.0143343653041421,False,False,False,False,False,False,False,False,False,False,False,False,False,False,0.2178217821782178,0.06930693069306929,0.0005054873758962002
4_196,typical,53,lines,30.0,single,0.5742574257425742,0.504950495049505,0.2574257425742574,0.5544554455445545,0.4807930663572595,-0.1418367274053645,0.0068850959402069,0.0071533403969592,False,False,False,False,False,False,False,False,False,False,False,False,False,False,0.2970297029702971,-0.06930693069306926,0.0002682444567523
4_196,typical,53,lines,300.0,multi,0.1188118811881188,0.0792079207920792,0.4059405940594059,0.3168316831683168,0.2578167006720813,0.4585783776270452,0.3373040156309344,0.3357122649650447,False,False,False,False,False,False,False,False,False,False,False,False,False,False,-0.08910891089108913,-0.03960396039603961,-0.0015917506658896796
4_196,typical,53,lines,300.0,single,0.5148514851485149,0.7029702970297029,0.7722772277227723,0.8910891089108911,-0.7342697226097987,-0.7340189971691661,0.0959625829289418,0.096483515753156,False,False,False,False,False,False,False,False,False,False,False,False,False,False,0.1188118811881188,0.18811881188118806,0.0005209328242141986
4_196,typical,53,lines,1000.0,multi,0.0495049504950495,0.0495049504950495,0.1287128712871287,0.099009900990099,1.2356542746874783,1.0354227786260493,3.6429008513319503,3.491241559561685,False,False,False,False,False,False,False,False,False,False,False,False,False,False,-0.029702970297029688,0.0,-0.15165929177026527
4_196,typical,53,lines,1000.0,single,0.4653465346534653,0.6039603960396039,0.5742574257425742,0.7029702970297029,-0.265432285475449,-0.4726659204720796,0.8809347747076993,0.8249703075072025,False,False,False,False,False,False,False,False,False,False,False,False,False,False,0.12871287128712872,0.13861386138613863,-0.05596446720049686
4_196,typical,53,smooth,10.0,multi,0.1287128712871287,0.1782178217821782,0.0396039603960396,0.3366336633663366,1.1015060529602054,0.3056138657942645,0.0045678869494699,0.004725178944078,False,False,False,False,False,False,False,False,False,False,False,False,False,False,0.297029702970297,0.04950495049504952,0.00015729199460810025
4_196,typical,53,smooth,10.0,single,0.4851485148514851,0.5742574257425742,0.3168316831683168,0.6633663366336634,0.2036304018115688,-0.409915524004293,0.0022930752490369,0.0023867225461896,False,False,False,False,False,False,False,False,False,False,False,False,False,False,0.3465346534653466,0.08910891089108913,9.36472971527001e-05
4_196,typical,53,smooth,30.0,multi,0.1386138613861386,0.1881188118811881,0.0891089108910891,0.3267326732673267,0.9421794967378776,0.4108518408135022,0.0138226317300116,0.014331644009032,False,False,False,False,False,False,False,False,False,False,False,False,False,False,0.23762376237623759,0.04950495049504949,0.0005090122790204002
4_196,typical,53,smooth,30.0,single,0.4356435643564356,0.5148514851485149,0.396039603960396,0.594059405940594,0.382186023152741,-0.1756239562696573,0.0068821887572305,0.0071517207261207,False,False,False,False,False,False,False,False,False,False,False,False,False,False,0.19801980198019803,0.07920792079207928,0.00026953196889020065
4_196,typical,53,smooth,300.0,multi,0.0594059405940594,0.0693069306930693,0.2772277227722772,0.4257425742574257,0.4172483398412234,0.199787896838064,0.337036452365723,0.3355449754995142,False,False,False,False,False,False,False,False,False,False,False,False,False,False,0.14851485148514848,0.009900990099009896,-0.0014914768662088185
4_196,typical,53,smooth,300.0,single,0.6633663366336634,0.6435643564356436,0.6831683168316832,0.9108910891089108,-0.5811343248228767,-0.7473629504494138,0.0959098485953422,0.0964124211805158,False,False,False,False,False,False,False,False,False,False,False,False,False,False,0.2277227722772276,-0.01980198019801982,0.0005025725851735968
4_196,typical,53,smooth,1000.0,multi,0.0198019801980198,0.0099009900990099,0.1287128712871287,0.1188118811881188,1.3035614768633743,1.2289672787982835,3.640502746433679,3.49017034457101,False,False,False,True,False,False,False,True,False,False,False,False,False,True,-0.009900990099009882,-0.0099009900990099,-0.15033240186266905
4_196,typical,53,smooth,1000.0,single,0.6039603960396039,0.5544554455445545,0.4653465346534653,0.8514851485148515,0.1279288734115871,-1.0884623159471003,0.8802408874598141,0.8242049180736595,False,False,False,False,False,False,False,False,False,False,False,False,False,False,0.38613861386138615,-0.04950495049504944,-0.05603596938615463
4_76,quiet,17,khz_comb,10.0,multi,0.8118811881188119,0.0297029702970297,0.4455445544554455,0.0594059405940594,0.3365300780277414,1.5656368340244642,9.898483517778269e-05,0.0001554513718065,False,False,False,False,False,False,False,False,False,False,False,False,False,False,-0.3861386138613861,-0.7821782178217822,5.646653662871732e-05
4_76,quiet,17,khz_comb,10.0,single,0.8415841584158416,0.8118811881188119,0.4851485148514851,0.0297029702970297,0.1464935046472415,1.362211956507117,9.26742996629e-05,0.0001036630299716,False,False,False,False,False,False,False,False,False,False,False,False,False,False,-0.4554455445544554,-0.02970297029702962,1.09887303087e-05
4_76,quiet,17,khz_comb,30.0,multi,0.693069306930693,0.0198019801980198,0.3564356435643564,0.0594059405940594,0.531317858690668,2.2570144649526367,0.0002970983469133,0.0004669387603177,False,False,False,False,False,False,False,False,False,False,False,False,False,False,-0.297029702970297,-0.6732673267326732,0.0001698404134044
4_76,quiet,17,khz_comb,30.0,single,0.8514851485148515,0.8118811881188119,0.4257425742574257,0.0495049504950495,0.2199605464935229,1.0839446025332633,0.0002779936455346,0.0003113645095013,False,False,False,False,False,False,False,False,False,False,False,False,False,False,-0.3762376237623762,-0.03960396039603953,3.337086396670001e-05
4_76,quiet,17,khz_comb,300.0,multi,0.7524752475247525,0.0198019801980198,0.4455445544554455,0.0693069306930693,0.1393649616394759,1.5291332957283583,0.0030310684128577,0.0048073847228839,False,False,False,False,False,False,False,False,False,False,False,False,False,False,-0.3762376237623762,-0.7326732673267327,0.0017763163100262
4_76,quiet,17,khz_comb,300.0,single,0.8217821782178217,0.4356435643564356,0.4158415841584158,0.1089108910891089,0.3168371535323009,1.0720763249454786,0.0028364209868999,0.0032693310900485,False,False,False,False,False,False,False,False,False,False,False,False,False,False,-0.3069306930693069,-0.38613861386138615,0.0004329101031485998
4_76,quiet,17,khz_comb,1000.0,multi,0.5841584158415841,0.1782178217821782,0.3861386138613861,0.1287128712871287,0.3247329926775412,1.2386784530336772,0.0118977985964426,0.0185534597288394,False,False,False,False,False,False,False,False,False,False,False,False,False,False,-0.25742574257425743,-0.4059405940594059,0.0066556611323968
4_76,quiet,17,khz_comb,1000.0,single,0.504950495049505,0.495049504950495,0.4257425742574257,0.2475247524752475,0.4767649783960653,0.7766872229849376,0.0114688563440448,0.0144522318520388,False,False,False,False,False,False,False,False,False,False,False,False,False,False,-0.17821782178217818,-0.009900990099009965,0.002983375507993999
4_76,quiet,17,lines,10.0,multi,0.6633663366336634,0.0099009900990099,0.4059405940594059,0.0495049504950495,0.417518466648526,1.383304450187948,0.0001050443613551,0.0001803000429089,False,False,False,True,False,False,False,False,False,False,False,False,False,False,-0.3564356435643564,-0.6534653465346535,7.525568155380001e-05
4_76,quiet,17,lines,10.0,single,0.9108910891089108,0.6732673267326733,0.6237623762376238,0.0891089108910891,-0.2550506992480116,1.3002049038327772,9.796156968125248e-05,0.0001159646014382,False,False,False,False,False,False,False,False,False,False,False,False,False,False,-0.5346534653465347,-0.2376237623762375,1.800303175694752e-05
4_76,quiet,17,lines,30.0,multi,0.7623762376237624,0.0297029702970297,0.3069306930693069,0.0792079207920792,0.5374983783865337,1.9117114342707768,0.0003153549230172,0.0005418396343778,False,False,False,False,False,False,False,False,False,False,False,False,False,False,-0.22772277227722773,-0.7326732673267327,0.00022648471136059998
4_76,quiet,17,lines,30.0,single,0.900990099009901,0.5841584158415841,0.7029702970297029,0.099009900990099,-0.3051387576618639,1.0467650228776089,0.0002939014329661,0.0003486027062419,False,False,False,False,False,False,False,False,False,False,False,False,False,False,-0.6039603960396039,-0.3168316831683169,5.470127327580004e-05
4_76,quiet,17,lines,300.0,multi,0.5445544554455446,0.0198019801980198,0.3762376237623762,0.0792079207920792,0.3636991401683283,1.5389673767776109,0.0032382976238363,0.0056405283450376,False,False,False,False,False,False,False,False,False,False,False,False,False,False,-0.29702970297029696,-0.5247524752475248,0.0024022307212012996
4_76,quiet,17,lines,300.0,single,0.8415841584158416,0.4158415841584158,0.6138613861386139,0.1287128712871287,-0.1951003890146798,1.045183299416782,0.0030094167287877,0.0037285010392707,False,False,False,False,False,False,False,False,False,False,False,False,False,False,-0.48514851485148514,-0.42574257425742573,0.000719084310483
4_76,quiet,17,lines,1000.0,multi,0.6237623762376238,0.1188118811881188,0.3861386138613861,0.0792079207920792,0.3036878596712939,1.8317696226583533,0.0127943294480615,0.0222654247563128,False,False,False,False,False,False,False,False,False,False,False,False,False,False,-0.30693069306930687,-0.504950495049505,0.0094710953082513
4_76,quiet,17,lines,1000.0,single,0.4752475247524752,0.4158415841584158,0.3564356435643564,0.2178217821782178,0.3305687719113317,0.8218358063686104,0.0123432674037459,0.0174990543567645,False,False,False,False,False,False,False,False,False,False,False,False,False,False,-0.13861386138613863,-0.0594059405940594,0.0051557869530186005
4_76,quiet,17,smooth,10.0,multi,0.8118811881188119,0.0198019801980198,0.3663366336633663,0.099009900990099,0.3157209789173502,1.3243492715619498,0.0001051109694484,0.000180293417106,False,False,False,False,False,False,False,False,False,False,False,False,False,False,-0.2673267326732673,-0.7920792079207921,7.518244765760001e-05
4_76,quiet,17,smooth,10.0,single,0.9207920792079208,0.6831683168316832,0.6633663366336634,0.1386138613861386,-0.341871935163537,1.0565557195736737,9.8006665847078e-05,0.0001159520964297,False,False,False,False,False,False,False,False,False,False,False,False,False,False,-0.5247524752475248,-0.2376237623762376,1.7945430582622e-05
4_76,quiet,17,smooth,30.0,multi,0.6831683168316832,0.0297029702970297,0.3762376237623762,0.0594059405940594,0.42015033383978,1.4694593945649277,0.000315554538688,0.0005417929694788,False,False,False,False,False,False,False,False,False,False,False,False,False,False,-0.3168316831683168,-0.6534653465346535,0.00022623843079080003
4_76,quiet,17,smooth,30.0,single,0.9405940594059404,0.6831683168316832,0.6336633663366337,0.0792079207920792,-0.3337383385892806,1.0740926299061713,0.000294054943187,0.0003485950968971,False,False,False,False,False,False,False,False,False,False,False,False,False,False,-0.5544554455445545,-0.2574257425742572,5.454015371009999e-05
4_76,quiet,17,smooth,300.0,multi,0.6732673267326733,0.0198019801980198,0.3762376237623762,0.1287128712871287,0.309073537679302,1.7131355816230196,0.0032410189416736,0.0056420701337355,False,False,False,False,False,False,False,False,False,False,False,False,False,False,-0.2475247524752475,-0.6534653465346535,0.0024010511920619
4_76,quiet,17,smooth,300.0,single,0.8118811881188119,0.4158415841584158,0.5742574257425742,0.198019801980198,-0.1537283416403031,0.9126981819309624,0.0030128282712118,0.0037305494135096,False,False,False,False,False,False,False,False,False,False,False,False,False,False,-0.37623762376237624,-0.3960396039603961,0.0007177211422978
4_76,quiet,17,smooth,1000.0,multi,0.495049504950495,0.198019801980198,0.3366336633663366,0.1485148514851485,0.3783650641496076,1.111963902667006,0.0128058604835056,0.0222735476397981,False,False,False,False,False,False,False,False,False,False,False,False,False,False,-0.1881188118811881,-0.29702970297029696,0.0094676871562925
4_76,quiet,17,smooth,1000.0,single,0.6534653465346535,0.3564356435643564,0.594059405940594,0.2277227722772277,-0.1016106517605405,1.0566796923306403,0.0123604322618539,0.0175107443240391,False,False,False,False,False,False,False,False,False,False,False,False,False,False,-0.36633663366336633,-0.29702970297029707,0.005150312062185199
4_76,stress,0,khz_comb,10.0,multi,0.0198019801980198,0.0396039603960396,0.1881188118811881,0.1287128712871287,1.1347611004672364,0.9793882372383972,0.0051682509843321,0.0056665772874632,False,False,False,False,False,False,False,False,False,False,False,False,False,False,-0.0594059405940594,0.0198019801980198,0.0004983263031310995
4_76,stress,0,khz_comb,10.0,single,0.7821782178217822,0.9108910891089108,0.9702970297029704,0.8118811881188119,-1.2311806474127935,-1.3188722858721342,0.0023433624695239,0.0025839690060966,False,False,False,False,False,False,False,False,False,False,False,False,False,False,-0.15841584158415845,0.1287128712871286,0.00024060653657269988
4_76,stress,0,khz_comb,30.0,multi,0.0099009900990099,0.1188118811881188,0.1485148514851485,0.2673267326732673,0.971413585830774,0.7116263660866533,0.0155242900157387,0.0169355710244362,False,False,True,False,False,False,True,False,False,False,False,False,True,False,0.11881188118811878,0.10891089108910891,0.0014112810086974997
4_76,stress,0,khz_comb,30.0,single,0.8811881188118812,0.900990099009901,0.9702970297029704,0.7920792079207921,-1.552043418870959,-0.6881805700682986,0.0070065268202496,0.0076820566866232,False,False,False,False,False,False,False,False,False,False,False,False,False,False,-0.17821782178217827,0.01980198019801982,0.0006755298663735998
4_76,stress,0,khz_comb,300.0,multi,0.1881188118811881,0.4554455445544554,0.4158415841584158,0.5544554455445545,0.2346840057083355,-0.114404137424373,0.1861016575194359,0.2045923723614018,False,False,False,False,False,False,False,False,False,False,False,False,False,False,0.13861386138613868,0.26732673267326734,0.018490714841965905
4_76,stress,0,khz_comb,300.0,single,0.8415841584158416,0.8514851485148515,0.801980198019802,0.8811881188118812,-1.0511788772428676,-1.3374794062230932,0.074343829276805,0.097372723911445,False,False,False,False,False,False,False,False,False,False,False,False,False,False,0.07920792079207917,0.00990099009900991,0.02302889463464
4_76,stress,0,khz_comb,1000.0,multi,0.3564356435643564,0.5742574257425742,0.4059405940594059,0.5643564356435643,0.1810451055094208,-0.1539533801899596,1.2454419135898451,1.5648509064197036,False,False,False,False,False,False,False,False,False,False,False,False,False,False,0.1584158415841584,0.2178217821782178,0.31940899282985846
4_76,stress,0,khz_comb,1000.0,single,0.801980198019802,0.7623762376237624,0.8712871287128713,0.99009900990099,-1.8050977030976445,-3.7143218511760505,0.4163562897319518,0.8425845426907044,False,False,False,False,False,False,False,False,False,False,False,False,False,False,0.1188118811881187,-0.03960396039603964,0.42622825295875255
4_76,stress,0,lines,10.0,multi,0.0099009900990099,0.0396039603960396,0.3168316831683168,0.396039603960396,0.4962364181983682,0.2589705409430067,0.0057028011841931,0.0064508455819639,False,False,True,False,False,False,True,False,False,False,False,False,True,False,0.07920792079207922,0.029702970297029698,0.0007480443977707996
4_76,stress,0,lines,10.0,single,0.8613861386138614,0.9405940594059404,0.8118811881188119,0.7821782178217822,-0.952616835181114,-0.9090000514928924,0.0026024640184702,0.0029492696672699,False,False,False,False,False,False,False,False,False,False,False,False,False,False,-0.02970297029702973,0.07920792079207906,0.0003468056487997001
4_76,stress,0,lines,30.0,multi,0.0099009900990099,0.1188118811881188,0.3663366336633663,0.4158415841584158,0.3310814162320891,0.2646395945564753,0.0171367663969066,0.0192752397080327,False,False,True,False,False,False,True,False,False,False,False,False,True,False,0.04950495049504955,0.10891089108910891,0.0021384733111261024
4_76,stress,0,lines,30.0,single,0.8514851485148515,0.9207920792079208,0.8415841584158416,0.7920792079207921,-0.921158457958032,-0.7280299248210317,0.0077728010767959,0.0087545254202522,False,False,False,False,False,False,False,False,False,False,False,False,False,False,-0.04950495049504944,0.06930693069306937,0.0009817243434563005
4_76,stress,0,lines,300.0,multi,0.2871287128712871,0.4752475247524752,0.4653465346534653,0.5643564356435643,0.1160448521510217,-0.1969381033197251,0.2066764491759802,0.2477421262572762,False,False,False,False,False,False,False,False,False,False,False,False,False,False,0.09900990099009899,0.18811881188118812,0.04106567708129602
4_76,stress,0,lines,300.0,single,0.9108910891089108,0.8118811881188119,0.8415841584158416,0.8316831683168316,-1.58770415991718,-0.718091619124209,0.0836248819713731,0.125048637455643,False,False,False,False,False,False,False,False,False,False,False,False,False,False,-0.00990099009900991,-0.09900990099009888,0.04142375548426991
4_76,stress,0,lines,1000.0,multi,0.4455445544554455,0.5346534653465347,0.5148514851485149,0.5445544554455446,-0.0309376337106707,-0.0701604269020132,1.4070623890101308,2.0609710146136164,False,False,False,False,False,False,False,False,False,False,False,False,False,False,0.02970297029702973,0.08910891089108919,0.6539086256034856
4_76,stress,0,lines,1000.0,single,0.801980198019802,0.7722772277227723,0.9207920792079208,0.99009900990099,-1.6978558757102895,-1.3983620104067065,0.5082914714495479,1.1807005987573518,False,False,False,False,False,False,False,False,False,False,False,False,False,False,0.06930693069306915,-0.02970297029702973,0.6724091273078039
4_76,stress,0,smooth,10.0,multi,0.0099009900990099,0.099009900990099,0.396039603960396,0.4059405940594059,0.2919809119954588,0.3386035660334013,0.0056959706060465,0.0064385653228566,False,False,True,False,False,False,True,False,False,False,False,False,True,False,0.00990099009900991,0.0891089108910891,0.0007425947168101001
4_76,stress,0,smooth,10.0,single,0.7920792079207921,0.9207920792079208,0.8316831683168316,0.7623762376237624,-0.7830106540422369,-0.8298005093197717,0.002598875801848,0.0029454158309545,False,False,False,False,False,False,False,False,False,False,False,False,False,False,-0.06930693069306926,0.12871287128712872,0.0003465400291065
4_76,stress,0,smooth,30.0,multi,0.0297029702970297,0.1485148514851485,0.3861386138613861,0.4158415841584158,0.3483784340260334,0.1939099299024042,0.0171157167373483,0.0192397666917098,False,False,False,False,False,False,False,False,False,False,False,False,False,False,0.02970297029702973,0.1188118811881188,0.002124049954361499
4_76,stress,0,smooth,30.0,single,0.8910891089108911,0.8514851485148515,0.8217821782178217,0.7227722772277227,-0.7768072695339869,-0.6577104310507176,0.007763188764743,0.0087448462182086,False,False,False,False,False,False,False,False,False,False,False,False,False,False,-0.09900990099009899,-0.03960396039603964,0.0009816574534655996
4_76,stress,0,smooth,300.0,multi,0.2772277227722772,0.5445544554455446,0.5643564356435643,0.6732673267326733,-0.174958606963134,-0.3098472898446721,0.2066014053778848,0.2477238502172545,False,False,False,False,False,False,False,False,False,False,False,False,False,False,0.10891089108910901,0.2673267326732674,0.04112244483936969
4_76,stress,0,smooth,300.0,single,0.8415841584158416,0.8217821782178217,0.801980198019802,0.8514851485148515,-0.9301877656418658,-1.200651239745954,0.0836047316990929,0.1251017068728663,False,False,False,False,False,False,False,False,False,False,False,False,False,False,0.04950495049504944,-0.01980198019801982,0.04149697517377339
4_76,stress,0,smooth,1000.0,multi,0.4257425742574257,0.5346534653465347,0.4851485148514851,0.5247524752475248,0.0186768608287234,-0.1080765514898886,1.4065210199499538,2.059697105067715,False,False,False,False,False,False,False,False,False,False,False,False,False,False,0.039603960396039695,0.10891089108910901,0.653176085117761
4_76,stress,0,smooth,1000.0,single,0.8217821782178217,0.7425742574257426,0.900990099009901,0.9702970297029704,-2.192595131352796,-1.5639339975159798,0.5087816882532703,1.1813248453865128,False,False,False,False,False,False,False,False,False,False,False,False,False,False,0.06930693069306937,-0.07920792079207917,0.6725431571332425
4_76,typical,33,khz_comb,10.0,multi,0.0396039603960396,0.1188118811881188,0.4455445544554455,0.2871287128712871,0.2309881750157729,0.7307957312135521,0.000287472547002,0.0003689994956462,False,False,False,False,False,False,False,False,False,False,False,False,False,False,-0.1584158415841584,0.07920792079207921,8.152694864419998e-05
4_76,typical,33,khz_comb,10.0,single,0.2475247524752475,0.0792079207920792,0.2871287128712871,0.3267326732673267,0.6076116042834594,0.5357273051813745,4.538945937721377e-05,5.106338823867613e-05,False,False,False,False,False,False,False,False,False,False,False,False,False,False,0.039603960396039584,-0.1683168316831683,5.67392886146236e-06
4_76,typical,33,khz_comb,30.0,multi,0.0594059405940594,0.0396039603960396,0.4158415841584158,0.2178217821782178,0.2583406727162412,0.9910051146998072,0.0008621288638677,0.0011062374490407,False,False,False,False,False,False,False,False,False,False,False,False,False,False,-0.19801980198019803,-0.019801980198019806,0.00024410858517299994
4_76,typical,33,khz_comb,30.0,single,0.2673267326732673,0.0594059405940594,0.396039603960396,0.3168316831683168,0.5399878354663182,0.3962583898349377,0.0001362883857137,0.0001532346719985,False,False,False,False,False,False,False,False,False,False,False,False,False,False,-0.07920792079207922,-0.20792079207920788,1.6946286284800008e-05
4_76,typical,33,khz_comb,300.0,multi,0.0198019801980198,0.0594059405940594,0.3069306930693069,0.1782178217821782,0.5317968781501131,1.1554876152412918,0.008644819865384,0.0111469018265877,False,False,False,False,False,False,False,False,False,False,False,False,False,False,-0.12871287128712872,0.039603960396039604,0.0025020819612036997
4_76,typical,33,khz_comb,300.0,single,0.1287128712871287,0.0099009900990099,0.4158415841584158,0.3564356435643564,0.3840586558701964,0.8257452865224822,0.001383793399889,0.0015480810843346,False,False,False,True,False,False,False,True,False,False,False,False,False,True,-0.0594059405940594,-0.11881188118811879,0.00016428768444559996
4_76,typical,33,khz_comb,1000.0,multi,0.0396039603960396,0.0792079207920792,0.2178217821782178,0.2079207920792079,1.1481692323232446,0.9547754277266596,0.0311401658365432,0.0434650853726256,False,False,False,False,False,False,False,False,False,False,False,False,False,False,-0.009900990099009882,0.0396039603960396,0.012324919536082397
4_76,typical,33,khz_comb,1000.0,single,0.099009900990099,0.1584158415841584,0.4059405940594059,0.3069306930693069,0.2589527376337716,1.7396756948958592,0.0049029106620268,0.0055347507224284,False,False,False,False,False,False,False,False,False,False,False,False,False,False,-0.09900990099009899,0.05940594059405939,0.0006318400604016002
4_76,typical,33,lines,10.0,multi,0.0792079207920792,0.0594059405940594,0.4455445544554455,0.396039603960396,0.190471890106386,0.3737111002882695,0.000300372367138,0.0004213616202272,False,False,False,False,False,False,False,False,False,False,False,False,False,False,-0.04950495049504949,-0.019801980198019792,0.00012098925308919999
4_76,typical,33,lines,10.0,single,0.2871287128712871,0.1287128712871287,0.3465346534653465,0.5346534653465347,0.3406181332493498,-0.0593645622078252,4.835790212333429e-05,5.5967812067082464e-05,False,False,False,False,False,False,False,False,False,False,False,False,False,False,0.18811881188118817,-0.15841584158415842,7.609909943748173e-06
4_76,typical,33,lines,30.0,multi,0.0198019801980198,0.0792079207920792,0.495049504950495,0.4851485148514851,0.063144086124432,0.0344577068385063,0.0009004869601539,0.0012630728351207,False,False,False,False,False,False,False,False,False,False,False,False,False,False,-0.00990099009900991,0.059405940594059396,0.0003625858749668001
4_76,typical,33,lines,30.0,single,0.3069306930693069,0.1584158415841584,0.3465346534653465,0.4455445544554455,0.5066087189095622,0.1392613314525781,0.0001452087172505,0.0001679169804857,False,False,False,False,False,False,False,False,False,False,False,False,False,False,0.09900990099009899,-0.14851485148514854,2.2708263235199995e-05
4_76,typical,33,lines,300.0,multi,0.0594059405940594,0.0693069306930693,0.4356435643564356,0.4752475247524752,0.1242804573584374,0.2283631896741103,0.0090701985799698,0.0128594497288094,False,False,False,False,False,False,False,False,False,False,False,False,False,False,0.03960396039603964,0.009900990099009896,0.003789251148839601
4_76,typical,33,lines,300.0,single,0.2475247524752475,0.1089108910891089,0.2673267326732673,0.297029702970297,0.4065389244580207,0.3831078925537369,0.0014753930650992,0.0016982242555641,False,False,False,False,False,False,False,False,False,False,False,False,False,False,0.02970297029702973,-0.1386138613861386,0.00022283119046489987
4_76,typical,33,lines,1000.0,multi,0.0594059405940594,0.0198019801980198,0.396039603960396,0.3366336633663366,0.4554675993599775,0.5219660369571972,0.0341401748780149,0.0541645890140861,False,False,False,False,False,False,False,False,False,False,False,False,False,False,-0.0594059405940594,-0.039603960396039604,0.0200244141360712
4_76,typical,33,lines,1000.0,single,0.0693069306930693,0.0792079207920792,0.3762376237623762,0.4455445544554455,0.6364789276346443,0.2012524106967128,0.0053119924786369,0.0062374751486849,False,False,False,False,False,False,False,False,False,False,False,False,False,False,0.06930693069306931,0.009900990099009896,0.0009254826700479998
4_76,typical,33,smooth,10.0,multi,0.0495049504950495,0.0693069306930693,0.6336633663366337,0.3564356435643564,-0.4040916441350854,0.3848552226875227,0.0003004571736398,0.000421707152762,False,False,False,False,False,False,False,False,False,False,False,False,False,False,-0.27722772277227725,0.0198019801980198,0.00012124997912220002
4_76,typical,33,smooth,10.0,single,0.3762376237623762,0.2178217821782178,0.4257425742574257,0.5346534653465347,0.3294941639937431,-0.0235339613004766,4.8367490512467015e-05,5.599542901019663e-05,False,False,False,False,False,False,False,False,False,False,False,False,False,False,0.10891089108910901,-0.1584158415841584,7.627938497729617e-06
4_76,typical,33,smooth,30.0,multi,0.0495049504950495,0.0792079207920792,0.4554455445544554,0.4257425742574257,0.1262571787884244,0.2192957701983975,0.0009007516007582,0.0012640594722789,False,False,False,False,False,False,False,False,False,False,False,False,False,False,-0.02970297029702973,0.029702970297029695,0.0003633078715206999
4_76,typical,33,smooth,30.0,single,0.1584158415841584,0.2178217821782178,0.4257425742574257,0.4455445544554455,0.0837661012777041,0.1141030630308593,0.0001452400950333,0.0001680016074546,False,False,False,False,False,False,False,False,False,False,False,False,False,False,0.01980198019801982,0.0594059405940594,2.2761512421299993e-05
4_76,typical,33,smooth,300.0,multi,0.0396039603960396,0.0495049504950495,0.4257425742574257,0.396039603960396,0.1391768873817283,0.3447583290677549,0.0090702642329345,0.0128655875503204,False,False,False,False,False,False,False,False,False,False,False,False,False,False,-0.029702970297029674,0.009900990099009903,0.0037953233173859003
4_76,typical,33,smooth,300.0,single,0.1782178217821782,0.0495049504950495,0.3168316831683168,0.297029702970297,0.4512239007905253,0.647151920297668,0.0014758052304448,0.001699160873008,False,False,False,False,False,False,False,False,False,False,False,False,False,False,-0.019801980198019764,-0.12871287128712872,0.00022335564256320008
4_76,typical,33,smooth,1000.0,multi,0.0594059405940594,0.0792079207920792,0.3069306930693069,0.3366336633663366,0.635944307054537,0.5445120354326788,0.0341479860257148,0.0542015579344526,False,False,False,False,False,False,False,False,False,False,False,False,False,False,0.029702970297029674,0.019801980198019792,0.020053571908737806
4_76,typical,33,smooth,1000.0,single,0.1485148514851485,0.099009900990099,0.396039603960396,0.4059405940594059,0.4167989243065424,0.2165956003892363,0.0053132268058164,0.0062382446204784,False,False,False,False,False,False,False,False,False,False,False,False,False,False,0.00990099009900991,-0.04950495049504951,0.0009250178146620004
82_0,quiet,17,khz_comb,10.0,multi,0.9702970297029704,0.3465346534653465,0.9801980198019802,1.0,-1.6502705993653854,-2.6208326799975508,3.482350845836659e-05,8.89318176843134e-05,False,False,False,False,False,False,False,False,False,False,False,False,False,False,0.01980198019801982,-0.6237623762376239,5.410830922594681e-05
82_0,quiet,17,khz_comb,10.0,single,0.3168316831683168,0.1386138613861386,0.6831683168316832,0.8712871287128713,-0.4663033306220606,-0.8385028527671382,1.7128764497692354e-05,1.7619890288919736e-05,False,False,False,False,False,False,False,False,False,False,False,False,False,False,0.18811881188118806,-0.17821782178217818,4.911257912273821e-07
82_0,quiet,17,khz_comb,30.0,multi,0.99009900990099,0.2475247524752475,0.99009900990099,1.0,-2.113133676903342,-2.8108212842061837,0.0001045030507186,0.0002668536314885,False,False,False,False,False,False,False,False,False,False,False,False,False,False,0.00990099009901002,-0.7425742574257425,0.00016235058076990002
82_0,quiet,17,khz_comb,30.0,single,0.3861386138613861,0.1782178217821782,0.6732673267326733,0.8613861386138614,-0.4904090266364818,-0.7744205311753005,5.1393977012252365e-05,5.285648707560889e-05,False,False,False,False,False,False,False,False,False,False,False,False,False,False,0.18811881188118806,-0.20792079207920788,1.4625100633565218e-06
82_0,quiet,17,khz_comb,300.0,multi,0.9702970297029704,0.2376237623762376,0.99009900990099,0.99009900990099,-1.6165317420099263,-2.3760857996443763,0.0010498822336802,0.0026766049408723,False,False,False,False,False,False,False,False,False,False,False,False,False,False,0.0,-0.7326732673267328,0.0016267227071921002
82_0,quiet,17,khz_comb,300.0,single,0.4257425742574257,0.1881188118811881,0.6633663366336634,0.8712871287128713,-0.4159485717920403,-1.0199439478068546,0.0005156273919544,0.0005284027208021,False,False,False,False,False,False,False,False,False,False,False,False,False,False,0.20792079207920788,-0.23762376237623759,1.2775328847699965e-05
82_0,quiet,17,khz_comb,1000.0,multi,0.9603960396039604,0.2871287128712871,0.99009900990099,1.0,-1.949485340461223,-2.273717200390402,0.0035543515269153,0.0089963914388325,False,False,False,False,False,False,False,False,False,False,False,False,False,False,0.00990099009901002,-0.6732673267326732,0.005442039911917199
82_0,quiet,17,khz_comb,1000.0,single,0.2871287128712871,0.2277227722772277,0.6138613861386139,0.8811881188118812,-0.3113726159795554,-0.9738027786405709,0.0017519877466083,0.0017685675504834,False,False,False,False,False,False,False,False,False,False,False,False,False,False,0.26732673267326734,-0.0594059405940594,1.6579803875100023e-05
82_0,quiet,17,lines,10.0,multi,0.99009900990099,0.2574257425742574,1.0,1.0,-1.972973088927911,-3.154074932944768,3.993275506409724e-05,0.0001073960207253,False,False,False,False,False,False,False,False,False,False,False,False,False,False,0.0,-0.7326732673267327,6.746326566120275e-05
82_0,quiet,17,lines,10.0,single,0.2772277227722772,0.198019801980198,0.6435643564356436,0.8514851485148515,-0.4786359190346999,-0.99502081525035,1.6919954126227938e-05,1.868622325096741e-05,False,False,False,False,False,False,False,False,False,False,False,False,False,False,0.20792079207920788,-0.0792079207920792,1.7662691247394714e-06
82_0,quiet,17,lines,30.0,multi,0.9504950495049505,0.2376237623762376,0.99009900990099,1.0,-2.203925355147608,-2.2786106845137386,0.0001198355210648,0.00032225022475,False,False,False,False,False,False,False,False,False,False,False,False,False,False,0.00990099009901002,-0.7128712871287128,0.00020241470368520003
82_0,quiet,17,lines,30.0,single,0.3663366336633663,0.2079207920792079,0.7029702970297029,0.8118811881188119,-0.507586589237146,-0.9005394431248053,5.076443775118214e-05,5.605347949478851e-05,False,False,False,False,False,False,False,False,False,False,False,False,False,False,0.10891089108910901,-0.15841584158415836,5.2890417436063706e-06
82_0,quiet,17,lines,300.0,multi,0.9603960396039604,0.2574257425742574,0.9801980198019802,1.0,-2.023230105817172,-2.995867150844973,0.0012036554156153,0.0032311293052345,False,False,False,False,False,False,False,False,False,False,False,False,False,False,0.01980198019801982,-0.7029702970297029,0.0020274738896192
82_0,quiet,17,lines,300.0,single,0.2772277227722772,0.2871287128712871,0.6831683168316832,0.801980198019802,-0.5072315107932712,-0.7439981889952415,0.0005091102448459,0.0005599848458482,False,False,False,False,False,False,False,False,False,False,False,False,False,False,0.1188118811881188,0.00990099009900991,5.0874601002300025e-05
82_0,quiet,17,lines,1000.0,multi,0.9702970297029704,0.2673267326732673,0.99009900990099,1.0,-2.1206637620359,-3.446395760752176,0.0040712103428503,0.0108623546772157,False,False,False,False,False,False,False,False,False,False,False,False,False,False,0.00990099009901002,-0.7029702970297032,0.0067911443343654
82_0,quiet,17,lines,1000.0,single,0.3168316831683168,0.2376237623762376,0.7623762376237624,0.7920792079207921,-0.595768434275842,-0.7937588443778686,0.0017291877186961,0.0018713380364398,False,False,False,False,False,False,False,False,False,False,False,False,False,False,0.02970297029702973,-0.07920792079207917,0.00014215031774370002
82_0,quiet,17,smooth,10.0,multi,0.9702970297029704,0.2574257425742574,0.9801980198019802,1.0,-1.794129851624241,-3.268498658591682,3.97870583017344e-05,0.0001074965420333,False,False,False,False,False,False,False,False,False,False,False,False,False,False,0.01980198019801982,-0.7128712871287131,6.77094837315656e-05
82_0,quiet,17,smooth,10.0,single,0.396039603960396,0.2277227722772277,0.7524752475247525,0.7623762376237624,-0.5431929408791043,-0.6153280417262723,1.6929295153870525e-05,1.8693142727703238e-05,False,False,False,False,False,False,False,False,False,False,False,False,False,False,0.00990099009900991,-0.1683168316831683,1.7638475738327126e-06
82_0,quiet,17,smooth,30.0,multi,0.9603960396039604,0.2871287128712871,0.99009900990099,1.0,-1.996901227467688,-2.331214924117656,0.000119399547627,0.0003225534241565,False,False,False,False,False,False,False,False,False,False,False,False,False,False,0.00990099009901002,-0.6732673267326732,0.00020315387652950002
82_0,quiet,17,smooth,30.0,single,0.3069306930693069,0.1485148514851485,0.8316831683168316,0.8415841584158416,-0.7077507387688864,-0.8245002500426877,5.079263007968212e-05,5.607311564500766e-05,False,False,False,False,False,False,False,False,False,False,False,False,False,False,0.00990099009900991,-0.15841584158415842,5.280485565325541e-06
82_0,quiet,17,smooth,300.0,multi,0.9504950495049505,0.2574257425742574,0.9603960396039604,1.0,-1.820088836893644,-2.5327329647589023,0.0011994112704395,0.0032344395558676,False,False,False,False,False,False,False,False,False,False,False,False,False,False,0.03960396039603964,-0.693069306930693,0.0020350282854281
82_0,quiet,17,smooth,300.0,single,0.3267326732673267,0.198019801980198,0.7425742574257426,0.7821782178217822,-0.6198905984362384,-0.7538429793940143,0.0005093783847034,0.0005601561306096,False,False,False,False,False,False,False,False,False,False,False,False,False,False,0.03960396039603964,-0.1287128712871287,5.0777745906199984e-05
82_0,quiet,17,smooth,1000.0,multi,0.9405940594059404,0.2277227722772277,0.9702970297029704,1.0,-2.2944260981019573,-3.0787269835419533,0.0040582327445068,0.0108753539129922,False,False,False,False,False,False,False,False,False,False,False,False,False,False,0.02970297029702962,-0.7128712871287127,0.0068171211684854
82_0,quiet,17,smooth,1000.0,single,0.3069306930693069,0.3069306930693069,0.7425742574257426,0.7722772277227723,-0.6379509209406325,-0.7912952184069356,0.0017300727392844,0.001871854987194,False,False,False,False,False,False,False,False,False,False,False,False,False,False,0.02970297029702973,0.0,0.00014178224790959999
82_0,stress,64,khz_comb,10.0,multi,0.1089108910891089,0.0495049504950495,0.3861386138613861,0.2673267326732673,0.34560374280974,0.9515496069969664,0.0005018616587388,0.0006672739022249,False,False,False,False,False,False,False,False,False,False,False,False,False,False,-0.1188118811881188,-0.059405940594059396,0.00016541224348609997
82_0,stress,64,khz_comb,10.0,single,0.0495049504950495,0.4356435643564356,0.0198019801980198,0.0792079207920792,5.200895132965017,1.913079147642052,4.4948048103300345e-06,4.005163879963292e-06,False,False,False,False,False,False,False,False,False,False,False,False,False,False,0.059405940594059396,0.3861386138613861,-4.896409303667428e-07
82_0,stress,64,khz_comb,30.0,multi,0.1881188118811881,0.0693069306930693,0.3465346534653465,0.2673267326732673,0.4285289781512257,0.9071335963271612,0.0015056903285401,0.0020017899284186,False,False,False,False,False,False,False,False,False,False,False,False,False,False,-0.07920792079207922,-0.11881188118811879,0.0004960995998785002
82_0,stress,64,khz_comb,30.0,single,0.0891089108910891,0.4059405940594059,0.0198019801980198,0.0594059405940594,3.0899398184173057,1.5190626556754816,1.3484492127843212e-05,1.2015525465265674e-05,False,False,False,False,False,False,False,False,False,False,False,False,False,False,0.039603960396039604,0.3168316831683168,-1.4689666625775378e-06
82_0,stress,64,khz_comb,300.0,multi,0.1188118811881188,0.0792079207920792,0.4257425742574257,0.3267326732673267,0.2639363014900843,0.5608584114541402,0.0150715706395226,0.0200147068823709,False,False,False,False,False,False,False,False,False,False,False,False,False,False,-0.09900990099009899,-0.03960396039603961,0.0049431362428482995
82_0,stress,64,khz_comb,300.0,single,0.0693069306930693,0.3168316831683168,0.0099009900990099,0.0396039603960396,3.751406834450145,1.596241024270902,0.000134855410358,0.0001201598210741,True,False,False,False,False,False,False,False,False,False,False,False,False,False,0.029702970297029698,0.24752475247524747,-1.4695589283899991e-05
82_0,stress,64,khz_comb,1000.0,multi,0.1287128712871287,0.0891089108910891,0.396039603960396,0.5544554455445545,0.2602016320220029,-0.1079142222535829,0.0503984018130769,0.0668226314537338,False,False,False,False,False,False,False,False,False,False,False,False,False,False,0.1584158415841585,-0.039603960396039584,0.016424229640656894
82_0,stress,64,khz_comb,1000.0,single,0.0792079207920792,0.4158415841584158,0.0198019801980198,0.0396039603960396,3.161346798386616,0.9198547100444832,0.0004496086808942,0.000400572278174,False,False,False,False,False,False,False,False,False,False,False,False,False,False,0.0198019801980198,0.3366336633663366,-4.903640272020004e-05
82_0,stress,64,lines,10.0,multi,0.1386138613861386,0.0693069306930693,0.3861386138613861,0.3564356435643564,0.4515219259922177,0.290657513711165,0.0005217985254969,0.0007669093853895,False,False,False,False,False,False,False,False,False,False,False,False,False,False,-0.029702970297029674,-0.0693069306930693,0.00024511085989260004
82_0,stress,64,lines,10.0,single,0.0594059405940594,0.3267326732673267,0.0099009900990099,0.0396039603960396,3.7010861494071703,2.247607285534292,4.745304662697599e-06,3.972104996191947e-06,True,False,False,False,False,False,False,False,False,False,False,False,False,False,0.029702970297029698,0.2673267326732673,-7.731996665056515e-07
82_0,stress,64,lines,30.0,multi,0.099009900990099,0.0891089108910891,0.3663366336633663,0.4059405940594059,0.4946828129981695,0.2535121896240846,0.0015654841948174,0.0023005937119437,False,False,False,False,False,False,False,False,False,False,False,False,False,False,0.03960396039603964,-0.009900990099009896,0.0007351095171262997
82_0,stress,64,lines,30.0,single,0.0792079207920792,0.3069306930693069,0.0198019801980198,0.0297029702970297,4.7283746043934505,1.3197833041889795,1.4236000750710062e-05,1.191634514615976e-05,False,False,False,False,False,False,False,False,False,False,False,False,False,False,0.009900990099009903,0.22772277227722773,-2.3196556045503024e-06
82_0,stress,64,lines,300.0,multi,0.1782178217821782,0.1386138613861386,0.5247524752475248,0.4158415841584158,-0.025679049815515,0.2974964431640552,0.0156670624391636,0.0229932569084134,False,False,False,False,False,False,False,False,False,False,False,False,False,False,-0.10891089108910895,-0.03960396039603961,0.0073261944692498
82_0,stress,64,lines,300.0,single,0.0396039603960396,0.2772277227722772,0.0099009900990099,0.0396039603960396,5.069115188494227,1.772628127994162,0.000142371808011,0.0001191675227327,True,False,False,False,False,False,False,False,False,False,False,False,False,False,0.029702970297029698,0.2376237623762376,-2.320428527830001e-05
82_0,stress,64,lines,1000.0,multi,0.1584158415841584,0.0891089108910891,0.4059405940594059,0.4653465346534653,0.3335689558450549,0.1113886442200312,0.0523530266780428,0.0767243777843069,False,False,False,False,False,False,False,False,False,False,False,False,False,False,0.0594059405940594,-0.06930693069306929,0.024371351106264094
82_0,stress,64,lines,1000.0,single,0.0396039603960396,0.3168316831683168,0.0099009900990099,0.0198019801980198,3.609384687483156,1.5365842683307491,0.0004746759426077,0.0003972602596007,True,False,False,False,False,False,False,False,False,False,False,False,False,False,0.0099009900990099,0.2772277227722772,-7.741568300699997e-05
82_0,stress,64,smooth,10.0,multi,0.2376237623762376,0.0693069306930693,0.4158415841584158,0.396039603960396,0.2661501854056387,0.4031396451680014,0.000522020858345,0.0007670916274183,False,False,False,False,False,False,False,False,False,False,False,False,False,False,-0.01980198019801982,-0.1683168316831683,0.00024507076907329995
82_0,stress,64,smooth,10.0,single,0.0495049504950495,0.2178217821782178,0.0099009900990099,0.0495049504950495,3.555587104568468,2.555226210925952,4.741493961581779e-06,3.971063446971597e-06,True,False,False,False,False,False,False,False,False,False,False,False,False,False,0.0396039603960396,0.1683168316831683,-7.70430514610182e-07
82_0,stress,64,smooth,30.0,multi,0.1287128712871287,0.0891089108910891,0.3663366336633663,0.396039603960396,0.6059321626916735,0.2673241479915988,0.0015661504134243,0.0023011342605661,False,False,False,False,False,False,False,False,False,False,False,False,False,False,0.02970297029702973,-0.039603960396039584,0.0007349838471418001
82_0,stress,64,smooth,30.0,single,0.0792079207920792,0.3465346534653465,0.0198019801980198,0.0396039603960396,2.736751667920742,1.644475323383255,1.4224569927633051e-05,1.1913220759708453e-05,False,False,False,False,False,False,False,False,False,False,False,False,False,False,0.0198019801980198,0.26732673267326734,-2.3113491679245987e-06
82_0,stress,64,smooth,300.0,multi,0.099009900990099,0.0495049504950495,0.3267326732673267,0.3168316831683168,0.4209283713871787,0.5147244288801637,0.0156734391131821,0.022999533625232,False,False,False,False,False,False,False,False,False,False,False,False,False,False,-0.00990099009900991,-0.0495049504950495,0.007326094512049901
82_0,stress,64,smooth,300.0,single,0.0495049504950495,0.3465346534653465,0.0198019801980198,0.0495049504950495,2.7025916771404943,1.4160018334309976,0.000142257585068,0.00011913631413,False,False,False,False,False,False,False,False,False,False,False,False,False,False,0.0297029702970297,0.297029702970297,-2.3121270938000006e-05
82_0,stress,64,smooth,1000.0,multi,0.1287128712871287,0.099009900990099,0.4257425742574257,0.6732673267326733,0.3363477567726909,-0.2782882615865837,0.0523771038243863,0.0767456724160756,False,False,False,False,False,False,False,False,False,False,False,False,False,False,0.24752475247524763,-0.029702970297029688,0.02436856859168931
82_0,stress,64,smooth,1000.0,single,0.0297029702970297,0.2772277227722772,0.0099009900990099,0.0396039603960396,3.5492635860608703,1.7142152393024122,0.0004742948931543,0.0003971565356575,True,False,False,False,False,False,False,False,False,False,False,False,False,False,0.029702970297029698,0.2475247524752475,-7.713835749680005e-05
82_0,typical,18,khz_comb,10.0,multi,0.0099009900990099,0.0792079207920792,0.0099009900990099,0.0198019801980198,3.4304527127385147,2.9411317923391023,0.0002680610404155,0.0002442621598195,True,False,True,False,False,False,False,False,False,False,False,False,False,False,0.0099009900990099,0.0693069306930693,-2.3798880595999987e-05
82_0,typical,18,khz_comb,10.0,single,0.3069306930693069,0.2574257425742574,0.297029702970297,0.2475247524752475,0.2617889732272365,0.7874059192493854,6.532006093831194e-05,6.783430509694142e-05,False,False,False,False,False,False,False,False,False,False,False,False,False,False,-0.04950495049504952,-0.04950495049504955,2.5142441586294817e-06
82_0,typical,18,khz_comb,30.0,multi,0.0099009900990099,0.1683168316831683,0.0099009900990099,0.0099009900990099,3.3567413036159723,2.408058343653724,0.0008041691820847,0.0007328235566187,True,True,True,False,False,False,False,False,False,False,False,False,False,False,0.0,0.1584158415841584,-7.134562546600007e-05
82_0,typical,18,khz_comb,30.0,single,0.2871287128712871,0.2178217821782178,0.3663366336633663,0.1881188118811881,0.1832953125490882,0.831282472969112,0.0001959596999156,0.0002034884993408,False,False,False,False,False,False,False,False,False,False,False,False,False,False,-0.17821782178217818,-0.06930693069306931,7.528799425200001e-06
82_0,typical,18,khz_comb,300.0,multi,0.0099009900990099,0.099009900990099,0.0198019801980198,0.0297029702970297,2.9424279446981787,2.5150153972460827,0.0080411857100966,0.0073378257206073,False,False,True,False,False,False,True,False,False,False,False,False,True,False,0.009900990099009903,0.0891089108910891,-0.000703359989489301
82_0,typical,18,khz_comb,300.0,single,0.3465346534653465,0.2673267326732673,0.2673267326732673,0.1782178217821782,0.3538033709603853,0.8596737168360354,0.0019595553183439,0.002033433913888,False,False,False,False,False,False,False,False,False,False,False,False,False,False,-0.08910891089108908,-0.07920792079207922,7.387859554410002e-05
82_0,typical,18,khz_comb,1000.0,multi,0.0099009900990099,0.1386138613861386,0.0396039603960396,0.0297029702970297,3.4902527711455886,2.509197052640739,0.0268187098964265,0.0246568015582462,False,False,True,False,False,False,True,False,False,False,False,False,True,False,-0.009900990099009896,0.1287128712871287,-0.0021619083381803003
82_0,typical,18,khz_comb,1000.0,single,0.2178217821782178,0.3168316831683168,0.2673267326732673,0.2376237623762376,0.2498301108829993,0.931397555103712,0.00653445602602,0.0067797124196552,False,False,False,False,False,False,False,False,False,False,False,False,False,False,-0.029702970297029674,0.09900990099009899,0.0002452563936352001
82_0,typical,18,lines,10.0,multi,0.0099009900990099,0.1881188118811881,0.0099009900990099,0.0792079207920792,2.6555465296350107,1.825851493460496,0.000263562873662,0.0002573912906801,True,False,True,False,False,False,False,False,False,False,False,False,False,False,0.0693069306930693,0.17821782178217818,-6.1715829819000245e-06
82_0,typical,18,lines,10.0,single,0.4356435643564356,0.3663366336633663,0.4059405940594059,0.2574257425742574,0.202197754796282,0.716790579096049,6.995872331797032e-05,7.436226572075417e-05,False,False,False,False,False,False,False,False,False,False,False,False,False,False,-0.14851485148514854,-0.06930693069306931,4.4035424027838525e-06
82_0,typical,18,lines,30.0,multi,0.0099009900990099,0.1089108910891089,0.0297029702970297,0.0594059405940594,2.939015230144322,1.830299160028021,0.0007906733480079,0.0007722682994317,False,False,True,False,False,False,False,False,False,False,False,False,False,False,0.0297029702970297,0.099009900990099,-1.8405048576200012e-05
82_0,typical,18,lines,30.0,single,0.3465346534653465,0.2772277227722772,0.4356435643564356,0.3069306930693069,0.1914063565805225,0.5931419336888911,0.0002098809210782,0.0002230838453568,False,False,False,False,False,False,False,False,False,False,False,False,False,False,-0.12871287128712866,-0.06930693069306931,1.32029242786e-05
82_0,typical,18,lines,300.0,multi,0.0099009900990099,0.2376237623762376,0.0198019801980198,0.0594059405940594,2.9085919618823333,1.5727005703634591,0.0079052815066662,0.0077477371281674,False,False,True,False,False,False,True,False,False,False,False,False,True,False,0.039603960396039604,0.2277227722772277,-0.0001575443784988008
82_0,typical,18,lines,300.0,single,0.3267326732673267,0.3465346534653465,0.3861386138613861,0.2772277227722772,0.1977169891878238,0.5806407255539437,0.00209953369102,0.0022313171469011,False,False,False,False,False,False,False,False,False,False,False,False,False,False,-0.1089108910891089,0.01980198019801982,0.0001317834558810997
82_0,typical,18,lines,1000.0,multi,0.0198019801980198,0.198019801980198,0.0297029702970297,0.0693069306930693,3.03750061120294,2.127097084901553,0.0263651338710324,0.0262007242003055,False,False,False,False,False,False,False,False,False,False,False,False,False,False,0.0396039603960396,0.1782178217821782,-0.00016440967072690188
82_0,typical,18,lines,1000.0,single,0.3168316831683168,0.396039603960396,0.4257425742574257,0.2673267326732673,0.2385934196638708,0.8239509975584066,0.0070072205748075,0.0074590497874789,False,False,False,False,False,False,False,False,False,False,False,False,False,False,-0.1584158415841584,0.07920792079207922,0.0004518292126714004
82_0,typical,18,smooth,10.0,multi,0.0099009900990099,0.198019801980198,0.0297029702970297,0.1089108910891089,2.2855485674420923,1.6425106355993273,0.0002633164090307,0.0002574697127669,False,False,True,False,False,False,False,False,False,False,False,False,False,False,0.0792079207920792,0.1881188118811881,-5.846696263799977e-06
82_0,typical,18,smooth,10.0,single,0.4158415841584158,0.396039603960396,0.4257425742574257,0.3267326732673267,0.314740562285406,0.6114233736607935,6.983031700028078e-05,7.420825771498143e-05,False,False,False,False,False,False,False,False,False,False,False,False,False,False,-0.09900990099009899,-0.01980198019801982,4.377940714700651e-06
82_0,typical,18,smooth,30.0,multi,0.0099009900990099,0.1287128712871287,0.0396039603960396,0.0792079207920792,2.808041976280598,2.8240507877723866,0.0007899374514172,0.000772521954101,False,False,True,False,False,False,False,False,False,False,False,False,False,False,0.0396039603960396,0.11881188118811879,-1.741549731619995e-05
82_0,typical,18,smooth,30.0,single,0.3069306930693069,0.3465346534653465,0.5742574257425742,0.3267326732673267,-0.0490413771658381,0.6017768318291542,0.0002094964980662,0.0002226241621849,False,False,False,False,False,False,False,False,False,False,False,False,False,False,-0.24752475247524752,0.039603960396039584,1.3127664118699987e-05
82_0,typical,18,smooth,300.0,multi,0.0099009900990099,0.2475247524752475,0.0297029702970297,0.0792079207920792,3.407243152420257,1.655313703404175,0.0078981372848251,0.0077496110610475,False,False,True,False,False,False,True,False,False,False,False,False,True,False,0.04950495049504949,0.23762376237623759,-0.00014852622377760014
82_0,typical,18,smooth,300.0,single,0.4752475247524752,0.3267326732673267,0.396039603960396,0.2673267326732673,0.3374797386638341,0.7402721342687555,0.0020957649338267,0.002227093766577,False,False,False,False,False,False,False,False,False,False,False,False,False,False,-0.12871287128712872,-0.14851485148514854,0.00013132883275030014
82_0,typical,18,smooth,1000.0,multi,0.0099009900990099,0.2079207920792079,0.0198019801980198,0.099009900990099,2.796645766033516,1.7130333266226685,0.0263375396327667,0.0261962047268316,False,False,True,False,False,False,True,False,False,False,False,False,True,False,0.0792079207920792,0.198019801980198,-0.00014133490593510115
82_0,typical,18,smooth,1000.0,single,0.4653465346534653,0.3267326732673267,0.396039603960396,0.2178217821782178,0.2504065589104861,0.7492539999756428,0.0069957925368124,0.0074466704609132,False,False,False,False,False,False,False,False,False,False,False,False,False,False,-0.1782178217821782,-0.13861386138613863,0.0004508779241007999
